Flight_ID,Airline,Source_City,Destination_City,Flight_Distance_km,Scheduled_Departure,Departure_Delay_Min,Arrival_Delay_Min,Ticket_Price,Flight_Status
500001,Air India,Hyderabad,Hyderabad,630,2023-06-01 00:00:00,109,60,11406,On Time
500002,IndiGo,Mumbai,Bengaluru,553,2023-06-01 01:00:00,-9,131,6475,Delayed
500003,Akasa Air,Bengaluru,Delhi,1900,2023-06-01 02:00:00,32,143,16218,On Time
500004,IndiGo,Hyderabad,Kolkata,1503,2023-06-01 03:00:00,0,21,9917,Cancelled
500005,IndiGo,Bengaluru,Hyderabad,755,2023-06-01 04:00:00,161,57,12041,On Time
500006,IndiGo,Mumbai,Chennai,1480,2023-06-01 05:00:00,37,95,17480,On Time
500007,SpiceJet,Bengaluru,Mumbai,2169,2023-06-01 06:00:00,57,49,6136,On Time
500008,Akasa Air,Mumbai,Kolkata,2343,2023-06-01 07:00:00,90,79,15916,On Time
500009,Vistara,Chennai,Kolkata,1189,2023-06-01 08:00:00,104,42,3301,On Time
500010,Air India,Bengaluru,Mumbai,1998,2023-06-01 09:00:00,109,127,16563,Delayed
500011,Vistara,Chennai,Chennai,1898,2023-06-01 10:00:00,108,109,17607,On Time
500012,IndiGo,Chennai,Bengaluru,2018,2023-06-01 11:00:00,44,192,9127,Delayed
500013,Akasa Air,Delhi,Delhi,2010,2023-06-01 12:00:00,34,163,11906,On Time
500014,Air India,Delhi,Delhi,1950,2023-06-01 13:00:00,55,77,6297,Delayed
500015,Vistara,Kolkata,Delhi,2486,2023-06-01 14:00:00,112,-2,6502,On Time
500016,IndiGo,Mumbai,Hyderabad,321,2023-06-01 15:00:00,104,74,9617,Delayed
500017,Akasa Air,Chennai,Hyderabad,1536,2023-06-01 16:00:00,69,81,6009,Delayed
500018,Akasa Air,Mumbai,Bengaluru,2057,2023-06-01 17:00:00,175,98,6569,On Time
500019,SpiceJet,Delhi,Delhi,990,2023-06-01 18:00:00,10,107,9933,On Time
500020,Akasa Air,Bengaluru,Bengaluru,1588,2023-06-01 19:00:00,-10,53,2926,Delayed
500021,Akasa Air,Bengaluru,Chennai,837,2023-06-01 20:00:00,175,76,9933,On Time
500022,IndiGo,Mumbai,Bengaluru,1473,2023-06-01 21:00:00,138,0,4104,Delayed
500023,Air India,Kolkata,Delhi,1781,2023-06-01 22:00:00,33,36,16406,On Time
500024,Vistara,Hyderabad,Hyderabad,466,2023-06-01 23:00:00,56,123,16775,Delayed
500025,Vistara,Kolkata,Kolkata,718,2023-06-02 00:00:00,94,157,17369,Delayed
500026,IndiGo,Hyderabad,Mumbai,387,2023-06-02 01:00:00,164,176,8676,On Time
500027,Akasa Air,Kolkata,Chennai,2279,2023-06-02 02:00:00,80,68,11466,On Time
500028,Vistara,Bengaluru,Delhi,1381,2023-06-02 03:00:00,165,57,5098,Delayed
500029,IndiGo,Mumbai,Kolkata,551,2023-06-02 04:00:00,146,146,2861,Cancelled
500030,IndiGo,Kolkata,Kolkata,742,2023-06-02 05:00:00,56,132,10186,On Time
500031,Vistara,Mumbai,Mumbai,1671,2023-06-02 06:00:00,145,-12,3397,Cancelled
500032,SpiceJet,Delhi,Mumbai,335,2023-06-02 07:00:00,95,119,3799,Cancelled
500033,IndiGo,Delhi,Delhi,1478,2023-06-02 08:00:00,46,134,10987,On Time
500034,IndiGo,Bengaluru,Delhi,474,2023-06-02 09:00:00,119,116,9164,On Time
500035,SpiceJet,Mumbai,Bengaluru,1703,2023-06-02 10:00:00,104,45,15306,Delayed
500036,Air India,Bengaluru,Chennai,1426,2023-06-02 11:00:00,164,102,5428,On Time
500037,Akasa Air,Delhi,Hyderabad,1506,2023-06-02 12:00:00,178,46,2703,On Time
500038,IndiGo,Kolkata,Delhi,1068,2023-06-02 13:00:00,163,75,5092,On Time
500039,Vistara,Kolkata,Chennai,2403,2023-06-02 14:00:00,16,22,13725,Delayed
500040,Akasa Air,Delhi,Hyderabad,745,2023-06-02 15:00:00,157,-14,12892,On Time
500041,Vistara,Bengaluru,Mumbai,1654,2023-06-02 16:00:00,123,137,12042,On Time
500042,Akasa Air,Delhi,Chennai,1441,2023-06-02 17:00:00,117,128,13886,Cancelled
500043,Air India,Mumbai,Kolkata,2070,2023-06-02 18:00:00,36,155,11761,On Time
500044,IndiGo,Kolkata,Bengaluru,2002,2023-06-02 19:00:00,134,43,3349,Delayed
500045,IndiGo,Bengaluru,Kolkata,2257,2023-06-02 20:00:00,23,30,14185,On Time
500046,SpiceJet,Hyderabad,Chennai,552,2023-06-02 21:00:00,33,59,15461,On Time
500047,Air India,Delhi,Chennai,1594,2023-06-02 22:00:00,-5,65,7770,Delayed
500048,SpiceJet,Delhi,Delhi,961,2023-06-02 23:00:00,88,95,14311,On Time
500049,Akasa Air,Bengaluru,Chennai,2065,2023-06-03 00:00:00,115,153,3446,Cancelled
500050,Akasa Air,Chennai,Hyderabad,720,2023-06-03 01:00:00,160,59,9839,On Time
500051,Akasa Air,Bengaluru,Delhi,362,2023-06-03 02:00:00,148,13,17429,Cancelled
500052,Air India,Chennai,Hyderabad,1407,2023-06-03 03:00:00,82,59,11303,Delayed
500053,IndiGo,Delhi,Delhi,1284,2023-06-03 04:00:00,170,169,2923,On Time
500054,Vistara,Chennai,Mumbai,1078,2023-06-03 05:00:00,3,86,16366,On Time
500055,Vistara,Chennai,Bengaluru,2092,2023-06-03 06:00:00,10,164,10114,Delayed
500056,Vistara,Hyderabad,Bengaluru,469,2023-06-03 07:00:00,70,188,10843,On Time
500057,IndiGo,Kolkata,Chennai,1633,2023-06-03 08:00:00,122,68,15690,Delayed
500058,IndiGo,Chennai,Bengaluru,1026,2023-06-03 09:00:00,134,41,4180,On Time
500059,Air India,Mumbai,Mumbai,1143,2023-06-03 10:00:00,21,19,17163,On Time
500060,Vistara,Kolkata,Delhi,2376,2023-06-03 11:00:00,96,15,17583,On Time
500061,Air India,Delhi,Hyderabad,2321,2023-06-03 12:00:00,172,97,6045,Delayed
500062,Air India,Kolkata,Hyderabad,1077,2023-06-03 13:00:00,16,171,7384,On Time
500063,IndiGo,Chennai,Chennai,346,2023-06-03 14:00:00,34,155,16578,On Time
500064,Vistara,Kolkata,Bengaluru,1796,2023-06-03 15:00:00,148,44,10148,On Time
500065,Vistara,Mumbai,Delhi,643,2023-06-03 16:00:00,112,74,15974,On Time
500066,IndiGo,Delhi,Mumbai,2033,2023-06-03 17:00:00,170,25,3626,Delayed
500067,Air India,Kolkata,Delhi,2042,2023-06-03 18:00:00,117,185,3675,On Time
500068,SpiceJet,Hyderabad,Chennai,2417,2023-06-03 19:00:00,22,196,5171,Delayed
500069,IndiGo,Mumbai,Chennai,2317,2023-06-03 20:00:00,18,114,3574,On Time
500070,Air India,Mumbai,Hyderabad,754,2023-06-03 21:00:00,177,166,9467,Cancelled
500071,Akasa Air,Kolkata,Hyderabad,2159,2023-06-03 22:00:00,102,185,12123,On Time
500072,SpiceJet,Hyderabad,Hyderabad,889,2023-06-03 23:00:00,116,137,15450,Delayed
500073,Vistara,Kolkata,Chennai,966,2023-06-04 00:00:00,92,169,17891,On Time
500074,IndiGo,Kolkata,Kolkata,587,2023-06-04 01:00:00,48,101,15407,On Time
500075,Akasa Air,Bengaluru,Delhi,1759,2023-06-04 02:00:00,67,146,6533,On Time
500076,Vistara,Kolkata,Delhi,2386,2023-06-04 03:00:00,50,45,14303,Delayed
500077,Vistara,Hyderabad,Kolkata,1776,2023-06-04 04:00:00,106,69,9665,On Time
500078,IndiGo,Hyderabad,Kolkata,1414,2023-06-04 05:00:00,77,155,4575,On Time
500079,Air India,Hyderabad,Chennai,1290,2023-06-04 06:00:00,148,185,17059,On Time
500080,SpiceJet,Bengaluru,Hyderabad,1034,2023-06-04 07:00:00,175,164,8985,On Time
500081,Air India,Hyderabad,Mumbai,780,2023-06-04 08:00:00,88,39,6287,Delayed
500082,IndiGo,Bengaluru,Kolkata,997,2023-06-04 09:00:00,2,18,4168,On Time
500083,SpiceJet,Delhi,Mumbai,1103,2023-06-04 10:00:00,145,105,10959,On Time
500084,Air India,Bengaluru,Mumbai,2232,2023-06-04 11:00:00,105,120,15657,On Time
500085,SpiceJet,Delhi,Mumbai,1028,2023-06-04 12:00:00,102,49,10080,Delayed
500086,Air India,Kolkata,Delhi,574,2023-06-04 13:00:00,-4,-11,7265,On Time
500087,SpiceJet,Hyderabad,Kolkata,544,2023-06-04 14:00:00,44,73,13837,Delayed
500088,Air India,Chennai,Bengaluru,1299,2023-06-04 15:00:00,79,40,17018,On Time
500089,IndiGo,Hyderabad,Delhi,1203,2023-06-04 16:00:00,32,107,2838,On Time
500090,Vistara,Delhi,Hyderabad,1246,2023-06-04 17:00:00,68,104,15880,On Time
500091,Vistara,Kolkata,Chennai,1736,2023-06-04 18:00:00,26,58,14443,On Time
500092,Air India,Hyderabad,Chennai,1561,2023-06-04 19:00:00,162,174,8060,Delayed
500093,Air India,Bengaluru,Delhi,1169,2023-06-04 20:00:00,87,6,17423,On Time
500094,SpiceJet,Kolkata,Hyderabad,367,2023-06-04 21:00:00,121,13,6725,Delayed
500095,Air India,Kolkata,Hyderabad,1713,2023-06-04 22:00:00,103,194,5661,On Time
500096,Air India,Bengaluru,Chennai,1635,2023-06-04 23:00:00,36,182,7222,Cancelled
500097,Air India,Hyderabad,Mumbai,541,2023-06-05 00:00:00,138,15,15633,Delayed
500098,Air India,Chennai,Bengaluru,1942,2023-06-05 01:00:00,-1,160,6501,On Time
500099,Air India,Kolkata,Bengaluru,396,2023-06-05 02:00:00,36,14,12909,On Time
500100,SpiceJet,Kolkata,Delhi,1168,2023-06-05 03:00:00,139,182,6344,On Time
500101,SpiceJet,Hyderabad,Bengaluru,2410,2023-06-05 04:00:00,11,15,14819,Delayed
500102,Akasa Air,Hyderabad,Kolkata,518,2023-06-05 05:00:00,137,35,3947,On Time
500103,Air India,Chennai,Hyderabad,2264,2023-06-05 06:00:00,86,86,4135,On Time
500104,Air India,Hyderabad,Hyderabad,1740,2023-06-05 07:00:00,83,183,15798,Delayed
500105,SpiceJet,Delhi,Mumbai,752,2023-06-05 08:00:00,97,53,3137,On Time
500106,Air India,Kolkata,Delhi,825,2023-06-05 09:00:00,125,65,8313,Delayed
500107,Akasa Air,Mumbai,Hyderabad,1214,2023-06-05 10:00:00,28,154,7536,On Time
500108,SpiceJet,Kolkata,Delhi,2067,2023-06-05 11:00:00,89,141,8649,On Time
500109,Akasa Air,Hyderabad,Kolkata,429,2023-06-05 12:00:00,89,120,6700,On Time
500110,IndiGo,Bengaluru,Chennai,720,2023-06-05 13:00:00,145,155,3037,Delayed
500111,Air India,Mumbai,Hyderabad,2354,2023-06-05 14:00:00,37,126,11240,On Time
500112,Air India,Hyderabad,Delhi,694,2023-06-05 15:00:00,155,61,5512,On Time
500113,Air India,Hyderabad,Hyderabad,1518,2023-06-05 16:00:00,135,123,13151,On Time
500114,Akasa Air,Kolkata,Chennai,1419,2023-06-05 17:00:00,120,139,8317,On Time
500115,IndiGo,Mumbai,Mumbai,2265,2023-06-05 18:00:00,141,123,12666,On Time
500116,SpiceJet,Hyderabad,Delhi,923,2023-06-05 19:00:00,56,9,4329,On Time
500117,Air India,Bengaluru,Mumbai,427,2023-06-05 20:00:00,90,28,2972,On Time
500118,IndiGo,Kolkata,Delhi,2186,2023-06-05 21:00:00,68,129,2621,On Time
500119,SpiceJet,Kolkata,Kolkata,1901,2023-06-05 22:00:00,62,95,8540,On Time
500120,Vistara,Bengaluru,Hyderabad,722,2023-06-05 23:00:00,54,12,8662,On Time
500121,Air India,Bengaluru,Delhi,657,2023-06-06 00:00:00,4,128,5972,On Time
500122,Akasa Air,Kolkata,Chennai,1570,2023-06-06 01:00:00,6,44,13413,Delayed
500123,Akasa Air,Kolkata,Delhi,1246,2023-06-06 02:00:00,168,138,12012,On Time
500124,IndiGo,Kolkata,Delhi,1142,2023-06-06 03:00:00,118,-2,10050,On Time
500125,Vistara,Delhi,Kolkata,1019,2023-06-06 04:00:00,173,149,9867,On Time
500126,Air India,Mumbai,Hyderabad,808,2023-06-06 05:00:00,125,18,3662,On Time
500127,IndiGo,Delhi,Chennai,776,2023-06-06 06:00:00,84,91,5735,On Time
500128,IndiGo,Delhi,Delhi,1667,2023-06-06 07:00:00,70,70,6500,On Time
500129,Air India,Delhi,Hyderabad,2184,2023-06-06 08:00:00,81,157,3435,On Time
500130,Air India,Mumbai,Bengaluru,2097,2023-06-06 09:00:00,79,194,4152,Delayed
500131,Akasa Air,Mumbai,Bengaluru,1253,2023-06-06 10:00:00,175,168,3128,On Time
500132,Vistara,Hyderabad,Chennai,2184,2023-06-06 11:00:00,-3,75,14168,Delayed
500133,IndiGo,Hyderabad,Bengaluru,1048,2023-06-06 12:00:00,156,32,3783,Delayed
500134,IndiGo,Chennai,Bengaluru,1573,2023-06-06 13:00:00,88,174,9447,Delayed
500135,SpiceJet,Hyderabad,Hyderabad,762,2023-06-06 14:00:00,172,28,10642,On Time
500136,IndiGo,Kolkata,Bengaluru,2145,2023-06-06 15:00:00,123,129,13566,On Time
500137,IndiGo,Chennai,Mumbai,1988,2023-06-06 16:00:00,89,183,8338,On Time
500138,SpiceJet,Mumbai,Delhi,1281,2023-06-06 17:00:00,133,166,16719,Delayed
500139,Akasa Air,Bengaluru,Delhi,982,2023-06-06 18:00:00,54,135,17814,Delayed
500140,Vistara,Delhi,Hyderabad,1825,2023-06-06 19:00:00,120,103,15126,Delayed
500141,SpiceJet,Mumbai,Kolkata,1367,2023-06-06 20:00:00,42,181,9285,Delayed
500142,Akasa Air,Bengaluru,Hyderabad,1286,2023-06-06 21:00:00,92,34,11076,On Time
500143,Akasa Air,Kolkata,Kolkata,2466,2023-06-06 22:00:00,97,93,15729,On Time
500144,SpiceJet,Kolkata,Kolkata,1214,2023-06-06 23:00:00,15,12,10734,Delayed
500145,Vistara,Bengaluru,Bengaluru,691,2023-06-07 00:00:00,68,76,3016,On Time
500146,Vistara,Delhi,Kolkata,415,2023-06-07 01:00:00,82,45,14748,On Time
500147,Vistara,Bengaluru,Kolkata,1088,2023-06-07 02:00:00,23,167,11757,On Time
500148,IndiGo,Hyderabad,Hyderabad,1068,2023-06-07 03:00:00,112,52,12005,On Time
500149,Air India,Delhi,Hyderabad,1406,2023-06-07 04:00:00,170,149,5996,On Time
500150,Vistara,Chennai,Bengaluru,1310,2023-06-07 05:00:00,101,114,3553,On Time
500151,Vistara,Delhi,Mumbai,2248,2023-06-07 06:00:00,56,21,12688,On Time
500152,SpiceJet,Delhi,Mumbai,807,2023-06-07 07:00:00,71,126,16472,On Time
500153,Vistara,Bengaluru,Hyderabad,366,2023-06-07 08:00:00,60,191,12228,On Time
500154,Akasa Air,Hyderabad,Hyderabad,2287,2023-06-07 09:00:00,101,9,6615,On Time
500155,Akasa Air,Bengaluru,Mumbai,1330,2023-06-07 10:00:00,171,79,3456,Delayed
500156,Air India,Kolkata,Chennai,2094,2023-06-07 11:00:00,156,76,9506,Delayed
500157,Vistara,Bengaluru,Kolkata,367,2023-06-07 12:00:00,116,187,8035,Delayed
500158,Vistara,Delhi,Delhi,1582,2023-06-07 13:00:00,149,74,10219,On Time
500159,Air India,Delhi,Bengaluru,1527,2023-06-07 14:00:00,22,76,5665,On Time
500160,Akasa Air,Kolkata,Bengaluru,1962,2023-06-07 15:00:00,13,170,12747,On Time
500161,SpiceJet,Mumbai,Chennai,1463,2023-06-07 16:00:00,22,163,6708,On Time
500162,SpiceJet,Mumbai,Hyderabad,2478,2023-06-07 17:00:00,96,181,13208,On Time
500163,SpiceJet,Mumbai,Hyderabad,654,2023-06-07 18:00:00,171,88,15629,On Time
500164,SpiceJet,Chennai,Bengaluru,1396,2023-06-07 19:00:00,124,86,9690,On Time
500165,Vistara,Chennai,Kolkata,2197,2023-06-07 20:00:00,171,171,10922,On Time
500166,SpiceJet,Kolkata,Hyderabad,1828,2023-06-07 21:00:00,169,142,14698,Delayed
500167,IndiGo,Delhi,Bengaluru,1335,2023-06-07 22:00:00,172,80,13179,On Time
500168,Vistara,Kolkata,Chennai,2423,2023-06-07 23:00:00,34,143,17113,Delayed
500169,Akasa Air,Mumbai,Hyderabad,718,2023-06-08 00:00:00,41,-1,8732,On Time
500170,SpiceJet,Delhi,Kolkata,2194,2023-06-08 01:00:00,15,-12,6594,On Time
500171,Air India,Chennai,Kolkata,2220,2023-06-08 02:00:00,34,15,3721,Delayed
500172,Vistara,Bengaluru,Hyderabad,785,2023-06-08 03:00:00,76,8,11113,On Time
500173,IndiGo,Chennai,Chennai,2029,2023-06-08 04:00:00,144,160,4556,On Time
500174,Vistara,Kolkata,Kolkata,351,2023-06-08 05:00:00,62,168,11175,On Time
500175,Vistara,Chennai,Hyderabad,1160,2023-06-08 06:00:00,93,83,8443,Delayed
500176,IndiGo,Delhi,Kolkata,2441,2023-06-08 07:00:00,99,153,9815,Delayed
500177,SpiceJet,Bengaluru,Kolkata,1485,2023-06-08 08:00:00,154,52,11517,Delayed
500178,SpiceJet,Mumbai,Kolkata,2191,2023-06-08 09:00:00,64,155,3800,On Time
500179,Akasa Air,Hyderabad,Mumbai,2451,2023-06-08 10:00:00,30,188,13593,On Time
500180,Air India,Delhi,Bengaluru,386,2023-06-08 11:00:00,40,196,15307,Delayed
500181,SpiceJet,Bengaluru,Bengaluru,1568,2023-06-08 12:00:00,170,196,9528,On Time
500182,Vistara,Mumbai,Chennai,551,2023-06-08 13:00:00,81,71,11321,On Time
500183,Vistara,Bengaluru,Mumbai,1067,2023-06-08 14:00:00,13,-12,15105,Delayed
500184,Vistara,Chennai,Kolkata,521,2023-06-08 15:00:00,169,124,9658,On Time
500185,IndiGo,Mumbai,Hyderabad,1821,2023-06-08 16:00:00,32,146,17439,Delayed
500186,SpiceJet,Bengaluru,Hyderabad,1172,2023-06-08 17:00:00,21,166,14126,On Time
500187,Air India,Kolkata,Mumbai,916,2023-06-08 18:00:00,58,117,7813,Delayed
500188,Air India,Hyderabad,Kolkata,963,2023-06-08 19:00:00,55,28,5070,On Time
500189,Vistara,Kolkata,Chennai,2105,2023-06-08 20:00:00,86,169,12564,Delayed
500190,Akasa Air,Kolkata,Bengaluru,918,2023-06-08 21:00:00,-1,89,17544,Delayed
500191,IndiGo,Mumbai,Bengaluru,546,2023-06-08 22:00:00,161,159,15307,Delayed
500192,Air India,Chennai,Kolkata,992,2023-06-08 23:00:00,147,128,9684,On Time
500193,Air India,Mumbai,Chennai,657,2023-06-09 00:00:00,166,44,17878,Delayed
500194,Vistara,Delhi,Chennai,968,2023-06-09 01:00:00,56,106,10517,On Time
500195,Air India,Bengaluru,Delhi,1135,2023-06-09 02:00:00,28,124,16384,On Time
500196,SpiceJet,Bengaluru,Kolkata,723,2023-06-09 03:00:00,153,135,16996,On Time
500197,SpiceJet,Delhi,Bengaluru,1721,2023-06-09 04:00:00,153,32,5575,On Time
500198,SpiceJet,Delhi,Delhi,578,2023-06-09 05:00:00,174,71,3091,On Time
500199,Akasa Air,Delhi,Chennai,1684,2023-06-09 06:00:00,141,181,16470,On Time
500200,SpiceJet,Mumbai,Chennai,1929,2023-06-09 07:00:00,8,-13,7274,Delayed
500201,Air India,Hyderabad,Bengaluru,1401,2023-06-09 08:00:00,179,179,14462,Delayed
500202,Air India,Hyderabad,Bengaluru,949,2023-06-09 09:00:00,114,114,2995,On Time
500203,IndiGo,Chennai,Delhi,2179,2023-06-09 10:00:00,70,171,14867,On Time
500204,Vistara,Mumbai,Mumbai,2482,2023-06-09 11:00:00,101,140,10887,On Time
500205,SpiceJet,Delhi,Kolkata,1814,2023-06-09 12:00:00,111,30,15198,Delayed
500206,SpiceJet,Mumbai,Chennai,1359,2023-06-09 13:00:00,30,70,14979,Delayed
500207,Air India,Chennai,Hyderabad,1883,2023-06-09 14:00:00,145,113,4302,On Time
500208,Air India,Chennai,Kolkata,830,2023-06-09 15:00:00,58,61,13510,On Time
500209,IndiGo,Bengaluru,Kolkata,1040,2023-06-09 16:00:00,171,143,4866,Delayed
500210,Vistara,Hyderabad,Mumbai,878,2023-06-09 17:00:00,57,69,7294,On Time
500211,Vistara,Bengaluru,Chennai,1349,2023-06-09 18:00:00,163,172,14082,On Time
500212,Air India,Kolkata,Delhi,2296,2023-06-09 19:00:00,95,130,16919,On Time
500213,IndiGo,Bengaluru,Bengaluru,2346,2023-06-09 20:00:00,155,73,4644,On Time
500214,SpiceJet,Mumbai,Hyderabad,993,2023-06-09 21:00:00,102,141,14667,On Time
500215,SpiceJet,Kolkata,Hyderabad,330,2023-06-09 22:00:00,70,101,7325,On Time
500216,IndiGo,Bengaluru,Mumbai,1024,2023-06-09 23:00:00,42,27,6518,On Time
500217,Air India,Chennai,Bengaluru,1924,2023-06-10 00:00:00,51,12,7592,On Time
500218,Vistara,Mumbai,Bengaluru,1264,2023-06-10 01:00:00,82,35,10454,On Time
500219,SpiceJet,Chennai,Mumbai,1735,2023-06-10 02:00:00,141,-11,15666,Delayed
500220,Air India,Mumbai,Hyderabad,527,2023-06-10 03:00:00,66,132,9084,On Time
500221,IndiGo,Bengaluru,Delhi,620,2023-06-10 04:00:00,56,114,11883,Delayed
500222,Vistara,Chennai,Delhi,1630,2023-06-10 05:00:00,29,-12,17996,Delayed
500223,Akasa Air,Chennai,Chennai,2135,2023-06-10 06:00:00,33,49,6363,Delayed
500224,Akasa Air,Hyderabad,Bengaluru,2219,2023-06-10 07:00:00,164,-2,9407,On Time
500225,SpiceJet,Delhi,Kolkata,2278,2023-06-10 08:00:00,79,164,10296,On Time
500226,Vistara,Mumbai,Mumbai,367,2023-06-10 09:00:00,141,51,4517,On Time
500227,IndiGo,Chennai,Chennai,2397,2023-06-10 10:00:00,-9,148,6448,Delayed
500228,IndiGo,Chennai,Delhi,329,2023-06-10 11:00:00,66,97,4765,On Time
500229,IndiGo,Kolkata,Mumbai,1145,2023-06-10 12:00:00,60,83,13365,Cancelled
500230,Air India,Bengaluru,Delhi,1477,2023-06-10 13:00:00,88,151,2764,On Time
500231,Akasa Air,Chennai,Mumbai,675,2023-06-10 14:00:00,103,125,10142,On Time
500232,Akasa Air,Hyderabad,Kolkata,1461,2023-06-10 15:00:00,72,91,17729,Delayed
500233,Akasa Air,Delhi,Chennai,2128,2023-06-10 16:00:00,94,-12,14918,On Time
500234,SpiceJet,Bengaluru,Hyderabad,1643,2023-06-10 17:00:00,115,11,11683,Delayed
500235,Air India,Delhi,Mumbai,358,2023-06-10 18:00:00,144,121,6055,Delayed
500236,Akasa Air,Kolkata,Chennai,1020,2023-06-10 19:00:00,77,69,11772,Delayed
500237,Air India,Mumbai,Bengaluru,2417,2023-06-10 20:00:00,73,6,6993,On Time
500238,Air India,Delhi,Chennai,1588,2023-06-10 21:00:00,40,191,9377,On Time
500239,Akasa Air,Bengaluru,Chennai,971,2023-06-10 22:00:00,160,28,11092,On Time
500240,Air India,Kolkata,Mumbai,1314,2023-06-10 23:00:00,68,31,13343,On Time
500241,Air India,Delhi,Chennai,2083,2023-06-11 00:00:00,163,-2,13273,On Time
500242,SpiceJet,Mumbai,Bengaluru,2061,2023-06-11 01:00:00,67,114,14378,On Time
500243,Air India,Delhi,Chennai,958,2023-06-11 02:00:00,126,151,3709,On Time
500244,Air India,Chennai,Kolkata,1478,2023-06-11 03:00:00,10,21,9880,On Time
500245,Akasa Air,Kolkata,Bengaluru,631,2023-06-11 04:00:00,179,21,12017,Delayed
500246,Akasa Air,Mumbai,Mumbai,1823,2023-06-11 05:00:00,87,112,12070,On Time
500247,Vistara,Mumbai,Delhi,2190,2023-06-11 06:00:00,34,45,9373,On Time
500248,Akasa Air,Mumbai,Kolkata,543,2023-06-11 07:00:00,133,47,16458,Delayed
500249,Air India,Delhi,Kolkata,2015,2023-06-11 08:00:00,160,60,13771,On Time
500250,Air India,Kolkata,Mumbai,2282,2023-06-11 09:00:00,170,41,11410,Delayed
500251,Vistara,Hyderabad,Mumbai,1809,2023-06-11 10:00:00,52,112,12443,Delayed
500252,Air India,Bengaluru,Delhi,1890,2023-06-11 11:00:00,84,129,6684,On Time
500253,Akasa Air,Bengaluru,Hyderabad,1725,2023-06-11 12:00:00,88,10,8038,On Time
500254,Vistara,Delhi,Hyderabad,1079,2023-06-11 13:00:00,25,149,4607,On Time
500255,Vistara,Kolkata,Delhi,2310,2023-06-11 14:00:00,131,0,9946,On Time
500256,SpiceJet,Kolkata,Mumbai,2031,2023-06-11 15:00:00,67,190,14235,On Time
500257,Akasa Air,Chennai,Mumbai,2180,2023-06-11 16:00:00,120,192,2533,Delayed
500258,IndiGo,Bengaluru,Hyderabad,760,2023-06-11 17:00:00,142,40,17124,Delayed
500259,Air India,Delhi,Kolkata,661,2023-06-11 18:00:00,74,188,4278,Delayed
500260,IndiGo,Delhi,Delhi,1718,2023-06-11 19:00:00,115,93,10737,On Time
500261,SpiceJet,Chennai,Hyderabad,575,2023-06-11 20:00:00,164,19,8945,On Time
500262,Air India,Chennai,Kolkata,1069,2023-06-11 21:00:00,43,23,13354,On Time
500263,Vistara,Delhi,Hyderabad,1922,2023-06-11 22:00:00,97,53,11211,On Time
500264,Akasa Air,Mumbai,Kolkata,1279,2023-06-11 23:00:00,6,177,12633,On Time
500265,SpiceJet,Mumbai,Delhi,2032,2023-06-12 00:00:00,71,28,16206,On Time
500266,SpiceJet,Delhi,Hyderabad,1956,2023-06-12 01:00:00,13,99,6909,On Time
500267,Vistara,Kolkata,Bengaluru,1426,2023-06-12 02:00:00,39,79,5060,Delayed
500268,SpiceJet,Kolkata,Kolkata,730,2023-06-12 03:00:00,20,153,12878,On Time
500269,SpiceJet,Bengaluru,Bengaluru,1306,2023-06-12 04:00:00,56,156,5145,Cancelled
500270,Akasa Air,Hyderabad,Chennai,1360,2023-06-12 05:00:00,133,2,4127,Delayed
500271,Vistara,Bengaluru,Mumbai,597,2023-06-12 06:00:00,163,76,4650,On Time
500272,IndiGo,Chennai,Delhi,2481,2023-06-12 07:00:00,49,167,16463,On Time
500273,IndiGo,Bengaluru,Kolkata,2279,2023-06-12 08:00:00,-2,60,16054,Delayed
500274,IndiGo,Chennai,Delhi,1539,2023-06-12 09:00:00,87,120,4360,On Time
500275,Vistara,Bengaluru,Hyderabad,1150,2023-06-12 10:00:00,161,72,16625,Cancelled
500276,IndiGo,Kolkata,Kolkata,2165,2023-06-12 11:00:00,5,187,12226,On Time
500277,Air India,Mumbai,Mumbai,1018,2023-06-12 12:00:00,174,192,13650,Delayed
500278,Air India,Mumbai,Chennai,2225,2023-06-12 13:00:00,8,1,17175,On Time
500279,IndiGo,Hyderabad,Kolkata,1528,2023-06-12 14:00:00,-8,11,3992,Delayed
500280,Air India,Hyderabad,Mumbai,1925,2023-06-12 15:00:00,118,148,9276,Delayed
500281,Vistara,Mumbai,Chennai,1168,2023-06-12 16:00:00,-9,160,10440,On Time
500282,Akasa Air,Kolkata,Hyderabad,824,2023-06-12 17:00:00,71,117,13224,Delayed
500283,Akasa Air,Bengaluru,Chennai,1573,2023-06-12 18:00:00,69,158,6584,On Time
500284,Vistara,Delhi,Delhi,553,2023-06-12 19:00:00,88,112,16663,On Time
500285,SpiceJet,Delhi,Chennai,1600,2023-06-12 20:00:00,47,117,5551,On Time
500286,Air India,Hyderabad,Bengaluru,2246,2023-06-12 21:00:00,1,-1,13295,Delayed
500287,Akasa Air,Mumbai,Chennai,1295,2023-06-12 22:00:00,40,167,13382,Delayed
500288,Vistara,Chennai,Hyderabad,1645,2023-06-12 23:00:00,149,128,6230,On Time
500289,Vistara,Chennai,Hyderabad,2393,2023-06-13 00:00:00,154,2,13578,On Time
500290,SpiceJet,Kolkata,Mumbai,504,2023-06-13 01:00:00,18,170,13771,On Time
500291,IndiGo,Mumbai,Hyderabad,955,2023-06-13 02:00:00,-10,16,14848,On Time
500292,Akasa Air,Delhi,Mumbai,1091,2023-06-13 03:00:00,54,108,8403,Cancelled
500293,Akasa Air,Bengaluru,Hyderabad,1663,2023-06-13 04:00:00,45,49,5121,On Time
500294,IndiGo,Hyderabad,Mumbai,1827,2023-06-13 05:00:00,61,48,7122,Delayed
500295,Air India,Hyderabad,Mumbai,1129,2023-06-13 06:00:00,158,119,13052,Delayed
500296,IndiGo,Delhi,Mumbai,1726,2023-06-13 07:00:00,142,82,14194,On Time
500297,Vistara,Delhi,Chennai,1096,2023-06-13 08:00:00,103,0,11995,Delayed
500298,Akasa Air,Bengaluru,Kolkata,626,2023-06-13 09:00:00,88,124,17159,On Time
500299,IndiGo,Mumbai,Chennai,1666,2023-06-13 10:00:00,15,73,8749,Delayed
500300,Vistara,Mumbai,Chennai,1492,2023-06-13 11:00:00,87,177,13658,On Time
500301,SpiceJet,Hyderabad,Kolkata,1255,2023-06-13 12:00:00,74,120,10152,On Time
500302,IndiGo,Mumbai,Hyderabad,1325,2023-06-13 13:00:00,172,158,10238,On Time
500303,SpiceJet,Mumbai,Kolkata,362,2023-06-13 14:00:00,16,17,13499,On Time
500304,Air India,Hyderabad,Hyderabad,1939,2023-06-13 15:00:00,105,142,14146,On Time
500305,Vistara,Delhi,Chennai,925,2023-06-13 16:00:00,80,110,9117,Delayed
500306,Air India,Hyderabad,Mumbai,1453,2023-06-13 17:00:00,89,88,14726,On Time
500307,Air India,Bengaluru,Delhi,1434,2023-06-13 18:00:00,77,-12,15035,On Time
500308,SpiceJet,Bengaluru,Delhi,2005,2023-06-13 19:00:00,96,-7,3342,On Time
500309,Akasa Air,Kolkata,Mumbai,1142,2023-06-13 20:00:00,47,81,5441,On Time
500310,Air India,Chennai,Chennai,446,2023-06-13 21:00:00,58,22,9540,On Time
500311,Akasa Air,Mumbai,Kolkata,1604,2023-06-13 22:00:00,24,165,14799,On Time
500312,Air India,Delhi,Mumbai,760,2023-06-13 23:00:00,65,29,5948,Delayed
500313,Vistara,Mumbai,Kolkata,348,2023-06-14 00:00:00,98,-15,9059,On Time
500314,IndiGo,Chennai,Delhi,1228,2023-06-14 01:00:00,116,69,16767,Delayed
500315,Vistara,Kolkata,Delhi,1305,2023-06-14 02:00:00,12,154,16383,Delayed
500316,Air India,Delhi,Chennai,2492,2023-06-14 03:00:00,12,114,9483,On Time
500317,IndiGo,Kolkata,Hyderabad,576,2023-06-14 04:00:00,17,74,3149,On Time
500318,Air India,Bengaluru,Delhi,2068,2023-06-14 05:00:00,172,54,4594,On Time
500319,Akasa Air,Kolkata,Kolkata,2329,2023-06-14 06:00:00,114,79,10943,On Time
500320,IndiGo,Delhi,Chennai,1320,2023-06-14 07:00:00,159,158,5175,Cancelled
500321,Akasa Air,Chennai,Bengaluru,1295,2023-06-14 08:00:00,130,38,15789,On Time
500322,Vistara,Kolkata,Delhi,1720,2023-06-14 09:00:00,63,15,15907,Delayed
500323,Akasa Air,Mumbai,Bengaluru,1139,2023-06-14 10:00:00,64,75,9355,Delayed
500324,Air India,Hyderabad,Bengaluru,2473,2023-06-14 11:00:00,56,7,9710,On Time
500325,Vistara,Bengaluru,Mumbai,2206,2023-06-14 12:00:00,86,166,4071,Delayed
500326,SpiceJet,Hyderabad,Bengaluru,1306,2023-06-14 13:00:00,102,99,10045,Cancelled
500327,IndiGo,Chennai,Delhi,485,2023-06-14 14:00:00,110,39,14320,On Time
500328,SpiceJet,Chennai,Chennai,2000,2023-06-14 15:00:00,77,164,16187,Delayed
500329,SpiceJet,Kolkata,Mumbai,2062,2023-06-14 16:00:00,45,-13,2695,Delayed
500330,SpiceJet,Kolkata,Delhi,1082,2023-06-14 17:00:00,139,91,17281,Delayed
500331,Air India,Chennai,Mumbai,2197,2023-06-14 18:00:00,57,114,6635,On Time
500332,Vistara,Mumbai,Chennai,1314,2023-06-14 19:00:00,8,181,17468,Delayed
500333,Vistara,Hyderabad,Hyderabad,2497,2023-06-14 20:00:00,23,14,8710,On Time
500334,Akasa Air,Kolkata,Kolkata,753,2023-06-14 21:00:00,1,115,8950,On Time
500335,IndiGo,Hyderabad,Kolkata,681,2023-06-14 22:00:00,80,111,7132,On Time
500336,Vistara,Bengaluru,Kolkata,619,2023-06-14 23:00:00,37,117,8189,Delayed
500337,Vistara,Delhi,Chennai,1772,2023-06-15 00:00:00,-10,115,11176,On Time
500338,IndiGo,Chennai,Kolkata,1794,2023-06-15 01:00:00,68,161,3423,Delayed
500339,SpiceJet,Kolkata,Mumbai,816,2023-06-15 02:00:00,46,94,8140,On Time
500340,IndiGo,Mumbai,Kolkata,503,2023-06-15 03:00:00,165,191,6755,On Time
500341,SpiceJet,Mumbai,Delhi,2337,2023-06-15 04:00:00,113,123,13303,On Time
500342,Vistara,Hyderabad,Hyderabad,1356,2023-06-15 05:00:00,93,58,5913,On Time
500343,Akasa Air,Chennai,Mumbai,460,2023-06-15 06:00:00,137,-9,6575,On Time
500344,Vistara,Hyderabad,Kolkata,473,2023-06-15 07:00:00,90,129,12696,On Time
500345,Vistara,Mumbai,Delhi,1087,2023-06-15 08:00:00,147,144,13656,Delayed
500346,Akasa Air,Delhi,Chennai,715,2023-06-15 09:00:00,133,128,13613,On Time
500347,IndiGo,Chennai,Mumbai,1139,2023-06-15 10:00:00,73,66,12768,On Time
500348,IndiGo,Kolkata,Mumbai,2235,2023-06-15 11:00:00,105,161,17224,On Time
500349,IndiGo,Kolkata,Bengaluru,2301,2023-06-15 12:00:00,21,62,10678,On Time
500350,Air India,Delhi,Kolkata,524,2023-06-15 13:00:00,17,144,12488,On Time
500351,Akasa Air,Delhi,Chennai,513,2023-06-15 14:00:00,131,94,6920,On Time
500352,Akasa Air,Chennai,Hyderabad,1390,2023-06-15 15:00:00,160,113,5261,Delayed
500353,Vistara,Kolkata,Chennai,1532,2023-06-15 16:00:00,-6,197,7944,Delayed
500354,Air India,Chennai,Hyderabad,1458,2023-06-15 17:00:00,-7,171,4210,On Time
500355,SpiceJet,Hyderabad,Hyderabad,795,2023-06-15 18:00:00,123,69,6574,On Time
500356,SpiceJet,Hyderabad,Hyderabad,1741,2023-06-15 19:00:00,171,83,16816,Delayed
500357,IndiGo,Chennai,Kolkata,619,2023-06-15 20:00:00,68,157,9866,On Time
500358,IndiGo,Mumbai,Delhi,2156,2023-06-15 21:00:00,94,72,16699,Cancelled
500359,IndiGo,Bengaluru,Chennai,2334,2023-06-15 22:00:00,160,73,12465,On Time
500360,Akasa Air,Bengaluru,Kolkata,655,2023-06-15 23:00:00,132,-4,15123,On Time
500361,SpiceJet,Mumbai,Kolkata,1985,2023-06-16 00:00:00,66,59,3681,On Time
500362,SpiceJet,Hyderabad,Kolkata,1526,2023-06-16 01:00:00,161,120,10348,On Time
500363,IndiGo,Chennai,Kolkata,1183,2023-06-16 02:00:00,45,100,4446,On Time
500364,Vistara,Hyderabad,Delhi,1234,2023-06-16 03:00:00,153,18,12250,Delayed
500365,Vistara,Chennai,Delhi,2201,2023-06-16 04:00:00,38,13,9982,On Time
500366,Air India,Delhi,Delhi,2358,2023-06-16 05:00:00,113,13,5185,On Time
500367,Akasa Air,Mumbai,Chennai,576,2023-06-16 06:00:00,146,197,10815,On Time
500368,Vistara,Kolkata,Mumbai,899,2023-06-16 07:00:00,78,140,11167,Delayed
500369,SpiceJet,Bengaluru,Chennai,583,2023-06-16 08:00:00,38,50,12543,On Time
500370,SpiceJet,Hyderabad,Kolkata,1864,2023-06-16 09:00:00,80,-15,9557,On Time
500371,Air India,Chennai,Hyderabad,2157,2023-06-16 10:00:00,162,69,7334,On Time
500372,Air India,Mumbai,Hyderabad,2137,2023-06-16 11:00:00,52,37,11828,Delayed
500373,Air India,Hyderabad,Chennai,1501,2023-06-16 12:00:00,155,195,17277,On Time
500374,Vistara,Hyderabad,Delhi,2347,2023-06-16 13:00:00,87,156,5192,On Time
500375,Air India,Kolkata,Delhi,1637,2023-06-16 14:00:00,56,116,17665,Delayed
500376,Vistara,Delhi,Mumbai,2384,2023-06-16 15:00:00,101,42,2721,On Time
500377,Akasa Air,Mumbai,Delhi,1153,2023-06-16 16:00:00,100,163,8721,On Time
500378,SpiceJet,Hyderabad,Bengaluru,994,2023-06-16 17:00:00,93,10,7118,Delayed
500379,IndiGo,Delhi,Mumbai,821,2023-06-16 18:00:00,137,140,12626,Cancelled
500380,SpiceJet,Mumbai,Chennai,803,2023-06-16 19:00:00,4,63,11895,On Time
500381,SpiceJet,Chennai,Bengaluru,2238,2023-06-16 20:00:00,158,124,12902,On Time
500382,IndiGo,Mumbai,Hyderabad,2033,2023-06-16 21:00:00,163,192,14430,Delayed
500383,IndiGo,Chennai,Bengaluru,1211,2023-06-16 22:00:00,155,-2,11106,On Time
500384,SpiceJet,Chennai,Kolkata,332,2023-06-16 23:00:00,15,197,11434,On Time
500385,IndiGo,Delhi,Hyderabad,2203,2023-06-17 00:00:00,131,196,2542,On Time
500386,Akasa Air,Mumbai,Bengaluru,346,2023-06-17 01:00:00,28,-5,14231,On Time
500387,Vistara,Kolkata,Kolkata,1902,2023-06-17 02:00:00,152,50,15595,On Time
500388,Vistara,Kolkata,Hyderabad,1391,2023-06-17 03:00:00,32,4,6756,Delayed
500389,Air India,Hyderabad,Bengaluru,2459,2023-06-17 04:00:00,167,-6,7835,On Time
500390,Air India,Kolkata,Kolkata,1321,2023-06-17 05:00:00,-5,31,3480,Delayed
500391,Akasa Air,Delhi,Hyderabad,855,2023-06-17 06:00:00,11,122,15742,Delayed
500392,Vistara,Hyderabad,Delhi,545,2023-06-17 07:00:00,175,44,4395,Delayed
500393,Vistara,Hyderabad,Mumbai,1125,2023-06-17 08:00:00,9,37,10564,On Time
500394,Akasa Air,Kolkata,Delhi,487,2023-06-17 09:00:00,40,42,5218,On Time
500395,Vistara,Bengaluru,Chennai,426,2023-06-17 10:00:00,119,137,6230,On Time
500396,Air India,Bengaluru,Chennai,1065,2023-06-17 11:00:00,164,189,14617,On Time
500397,Akasa Air,Delhi,Mumbai,550,2023-06-17 12:00:00,170,92,14672,On Time
500398,Air India,Bengaluru,Delhi,809,2023-06-17 13:00:00,118,2,11516,On Time
500399,SpiceJet,Bengaluru,Kolkata,2066,2023-06-17 14:00:00,24,36,13098,On Time
500400,IndiGo,Chennai,Kolkata,538,2023-06-17 15:00:00,41,38,14402,On Time
500401,IndiGo,Kolkata,Hyderabad,1123,2023-06-17 16:00:00,57,75,6146,On Time
500402,SpiceJet,Kolkata,Bengaluru,1590,2023-06-17 17:00:00,84,142,8728,On Time
500403,SpiceJet,Delhi,Chennai,539,2023-06-17 18:00:00,165,163,16082,On Time
500404,IndiGo,Mumbai,Hyderabad,1273,2023-06-17 19:00:00,114,143,16256,On Time
500405,Vistara,Delhi,Delhi,2346,2023-06-17 20:00:00,148,159,15018,Cancelled
500406,SpiceJet,Chennai,Hyderabad,1479,2023-06-17 21:00:00,101,29,15378,On Time
500407,Vistara,Hyderabad,Chennai,479,2023-06-17 22:00:00,-1,-6,17282,On Time
500408,Air India,Chennai,Delhi,1761,2023-06-17 23:00:00,161,116,7190,On Time
500409,IndiGo,Bengaluru,Hyderabad,1236,2023-06-18 00:00:00,-10,61,6541,Delayed
500410,IndiGo,Chennai,Hyderabad,390,2023-06-18 01:00:00,48,20,15928,On Time
500411,Vistara,Chennai,Chennai,811,2023-06-18 02:00:00,42,77,17165,On Time
500412,Air India,Kolkata,Bengaluru,958,2023-06-18 03:00:00,44,20,14543,On Time
500413,Air India,Kolkata,Mumbai,437,2023-06-18 04:00:00,170,160,17588,On Time
500414,Vistara,Delhi,Hyderabad,1781,2023-06-18 05:00:00,120,120,15454,Delayed
500415,Vistara,Chennai,Mumbai,1182,2023-06-18 06:00:00,113,112,5417,Delayed
500416,Akasa Air,Chennai,Mumbai,1339,2023-06-18 07:00:00,-3,117,16279,On Time
500417,IndiGo,Mumbai,Chennai,2391,2023-06-18 08:00:00,72,16,16691,On Time
500418,Akasa Air,Delhi,Delhi,572,2023-06-18 09:00:00,136,31,4588,On Time
500419,Air India,Bengaluru,Chennai,477,2023-06-18 10:00:00,27,144,10951,On Time
500420,Air India,Hyderabad,Kolkata,2066,2023-06-18 11:00:00,48,145,13787,Delayed
500421,Vistara,Mumbai,Hyderabad,2159,2023-06-18 12:00:00,159,196,12504,On Time
500422,Vistara,Chennai,Hyderabad,956,2023-06-18 13:00:00,158,44,5554,On Time
500423,Air India,Chennai,Kolkata,809,2023-06-18 14:00:00,12,190,8848,On Time
500424,SpiceJet,Kolkata,Bengaluru,359,2023-06-18 15:00:00,116,67,9507,Cancelled
500425,Air India,Kolkata,Hyderabad,1700,2023-06-18 16:00:00,8,110,11543,Delayed
500426,Akasa Air,Hyderabad,Bengaluru,1825,2023-06-18 17:00:00,38,-13,15421,On Time
500427,IndiGo,Chennai,Hyderabad,1702,2023-06-18 18:00:00,29,199,14485,Delayed
500428,Akasa Air,Delhi,Hyderabad,2101,2023-06-18 19:00:00,165,176,10125,On Time
500429,SpiceJet,Mumbai,Chennai,1013,2023-06-18 20:00:00,157,89,13978,On Time
500430,IndiGo,Hyderabad,Kolkata,2344,2023-06-18 21:00:00,9,-15,4083,On Time
500431,Akasa Air,Hyderabad,Mumbai,1167,2023-06-18 22:00:00,42,185,15702,On Time
500432,Air India,Mumbai,Bengaluru,2162,2023-06-18 23:00:00,50,60,13109,Delayed
500433,Akasa Air,Bengaluru,Mumbai,1466,2023-06-19 00:00:00,-2,160,17986,On Time
500434,Air India,Bengaluru,Delhi,2087,2023-06-19 01:00:00,68,-5,9684,Delayed
500435,Akasa Air,Kolkata,Kolkata,2413,2023-06-19 02:00:00,118,162,10525,On Time
500436,IndiGo,Chennai,Bengaluru,1559,2023-06-19 03:00:00,124,196,5548,On Time
500437,Akasa Air,Kolkata,Mumbai,1321,2023-06-19 04:00:00,27,156,12824,Delayed
500438,Air India,Hyderabad,Kolkata,1065,2023-06-19 05:00:00,169,80,10590,On Time
500439,Air India,Chennai,Kolkata,1722,2023-06-19 06:00:00,37,67,3844,On Time
500440,Air India,Mumbai,Delhi,1816,2023-06-19 07:00:00,62,160,4094,On Time
500441,Air India,Kolkata,Chennai,558,2023-06-19 08:00:00,143,50,6973,On Time
500442,Akasa Air,Kolkata,Chennai,1810,2023-06-19 09:00:00,151,47,14036,Delayed
500443,Air India,Chennai,Bengaluru,2257,2023-06-19 10:00:00,142,6,6486,Delayed
500444,Vistara,Bengaluru,Delhi,1444,2023-06-19 11:00:00,-7,152,13201,On Time
500445,IndiGo,Mumbai,Delhi,1388,2023-06-19 12:00:00,130,-1,8193,On Time
500446,Vistara,Hyderabad,Delhi,1299,2023-06-19 13:00:00,98,36,15642,Delayed
500447,SpiceJet,Delhi,Hyderabad,2216,2023-06-19 14:00:00,146,50,9094,On Time
500448,Vistara,Delhi,Chennai,1805,2023-06-19 15:00:00,-10,31,13865,On Time
500449,IndiGo,Bengaluru,Kolkata,1322,2023-06-19 16:00:00,97,76,12016,On Time
500450,SpiceJet,Mumbai,Bengaluru,1189,2023-06-19 17:00:00,2,190,5933,On Time
500451,SpiceJet,Kolkata,Mumbai,1880,2023-06-19 18:00:00,52,93,4068,Delayed
500452,Air India,Mumbai,Chennai,2358,2023-06-19 19:00:00,84,-14,8153,On Time
500453,SpiceJet,Mumbai,Mumbai,1724,2023-06-19 20:00:00,142,174,2627,On Time
500454,Akasa Air,Mumbai,Mumbai,510,2023-06-19 21:00:00,24,39,5212,On Time
500455,Air India,Mumbai,Delhi,1325,2023-06-19 22:00:00,7,30,16238,On Time
500456,IndiGo,Delhi,Hyderabad,828,2023-06-19 23:00:00,100,37,2517,On Time
500457,Akasa Air,Hyderabad,Hyderabad,616,2023-06-20 00:00:00,111,142,11265,Delayed
500458,Akasa Air,Delhi,Mumbai,1598,2023-06-20 01:00:00,64,154,6180,On Time
500459,SpiceJet,Bengaluru,Mumbai,982,2023-06-20 02:00:00,12,155,6579,Delayed
500460,Air India,Hyderabad,Bengaluru,1392,2023-06-20 03:00:00,31,53,9665,On Time
500461,Akasa Air,Hyderabad,Bengaluru,1128,2023-06-20 04:00:00,40,163,8621,On Time
500462,SpiceJet,Delhi,Kolkata,2102,2023-06-20 05:00:00,67,16,15764,On Time
500463,SpiceJet,Chennai,Mumbai,1223,2023-06-20 06:00:00,45,70,15299,On Time
500464,Akasa Air,Delhi,Hyderabad,830,2023-06-20 07:00:00,125,100,15556,On Time
500465,SpiceJet,Bengaluru,Bengaluru,2280,2023-06-20 08:00:00,57,194,16856,Cancelled
500466,SpiceJet,Mumbai,Hyderabad,1316,2023-06-20 09:00:00,176,123,3753,Delayed
500467,Akasa Air,Kolkata,Mumbai,1841,2023-06-20 10:00:00,170,68,11226,On Time
500468,Akasa Air,Mumbai,Delhi,723,2023-06-20 11:00:00,119,108,7427,Cancelled
500469,Vistara,Hyderabad,Kolkata,2030,2023-06-20 12:00:00,85,-5,17145,Delayed
500470,Akasa Air,Hyderabad,Bengaluru,2480,2023-06-20 13:00:00,139,154,2717,Delayed
500471,Air India,Bengaluru,Hyderabad,373,2023-06-20 14:00:00,157,138,10529,Delayed
500472,SpiceJet,Hyderabad,Kolkata,731,2023-06-20 15:00:00,51,76,7069,On Time
500473,Akasa Air,Mumbai,Delhi,1631,2023-06-20 16:00:00,5,190,3659,On Time
500474,SpiceJet,Kolkata,Bengaluru,1595,2023-06-20 17:00:00,38,136,7112,On Time
500475,Air India,Delhi,Mumbai,390,2023-06-20 18:00:00,175,64,10554,On Time
500476,IndiGo,Chennai,Kolkata,1396,2023-06-20 19:00:00,95,106,10076,Cancelled
500477,Air India,Bengaluru,Delhi,540,2023-06-20 20:00:00,25,-6,17878,On Time
500478,SpiceJet,Mumbai,Delhi,1180,2023-06-20 21:00:00,165,56,13925,Cancelled
500479,Vistara,Delhi,Hyderabad,2249,2023-06-20 22:00:00,97,171,4914,Delayed
500480,Air India,Delhi,Hyderabad,2397,2023-06-20 23:00:00,149,176,11392,On Time
500481,SpiceJet,Mumbai,Chennai,2043,2023-06-21 00:00:00,132,14,15553,Delayed
500482,Air India,Bengaluru,Kolkata,951,2023-06-21 01:00:00,72,183,4566,Delayed
500483,SpiceJet,Delhi,Bengaluru,2390,2023-06-21 02:00:00,75,191,6075,On Time
500484,Air India,Mumbai,Hyderabad,2146,2023-06-21 03:00:00,77,187,7845,Delayed
500485,Air India,Hyderabad,Bengaluru,765,2023-06-21 04:00:00,40,37,4534,On Time
500486,Akasa Air,Kolkata,Delhi,2190,2023-06-21 05:00:00,171,138,11077,Cancelled
500487,Air India,Hyderabad,Bengaluru,1084,2023-06-21 06:00:00,72,181,6931,Delayed
500488,Vistara,Bengaluru,Chennai,2339,2023-06-21 07:00:00,59,103,3011,On Time
500489,Vistara,Chennai,Chennai,1456,2023-06-21 08:00:00,67,22,4271,On Time
500490,SpiceJet,Chennai,Bengaluru,1449,2023-06-21 09:00:00,119,48,7204,Delayed
500491,Akasa Air,Delhi,Delhi,731,2023-06-21 10:00:00,67,71,12843,On Time
500492,SpiceJet,Chennai,Mumbai,626,2023-06-21 11:00:00,92,100,7096,Delayed
500493,Air India,Delhi,Chennai,1171,2023-06-21 12:00:00,174,128,3704,Delayed
500494,Air India,Mumbai,Mumbai,2338,2023-06-21 13:00:00,-4,42,5897,Delayed
500495,IndiGo,Hyderabad,Bengaluru,1306,2023-06-21 14:00:00,29,104,2943,On Time
500496,SpiceJet,Bengaluru,Kolkata,1475,2023-06-21 15:00:00,71,20,12115,On Time
500497,IndiGo,Hyderabad,Delhi,1994,2023-06-21 16:00:00,63,106,7332,On Time
500498,Vistara,Mumbai,Delhi,1475,2023-06-21 17:00:00,10,106,8505,On Time
500499,IndiGo,Delhi,Hyderabad,2215,2023-06-21 18:00:00,121,77,2705,On Time
500500,SpiceJet,Hyderabad,Kolkata,666,2023-06-21 19:00:00,3,183,9741,Cancelled
500501,Air India,Kolkata,Kolkata,2170,2023-06-21 20:00:00,20,104,5205,On Time
500502,Vistara,Delhi,Kolkata,703,2023-06-21 21:00:00,63,173,11973,On Time
500503,Air India,Delhi,Delhi,643,2023-06-21 22:00:00,20,52,8151,On Time
500504,SpiceJet,Chennai,Delhi,881,2023-06-21 23:00:00,102,55,15668,Delayed
500505,SpiceJet,Bengaluru,Delhi,2322,2023-06-22 00:00:00,151,104,7987,Delayed
500506,Air India,Mumbai,Bengaluru,2452,2023-06-22 01:00:00,75,105,5686,On Time
500507,Vistara,Delhi,Delhi,1928,2023-06-22 02:00:00,103,164,7197,On Time
500508,Vistara,Delhi,Kolkata,2085,2023-06-22 03:00:00,161,85,15524,Delayed
500509,Akasa Air,Delhi,Mumbai,612,2023-06-22 04:00:00,79,46,10656,On Time
500510,Vistara,Hyderabad,Delhi,1212,2023-06-22 05:00:00,162,132,4497,On Time
500511,IndiGo,Hyderabad,Hyderabad,1784,2023-06-22 06:00:00,149,5,16887,On Time
500512,SpiceJet,Kolkata,Chennai,1516,2023-06-22 07:00:00,125,119,13370,Delayed
500513,SpiceJet,Chennai,Mumbai,1566,2023-06-22 08:00:00,23,68,13807,Delayed
500514,Akasa Air,Delhi,Delhi,697,2023-06-22 09:00:00,59,155,13512,On Time
500515,Air India,Delhi,Bengaluru,1546,2023-06-22 10:00:00,86,3,3063,On Time
500516,IndiGo,Delhi,Delhi,865,2023-06-22 11:00:00,126,162,17355,On Time
500517,IndiGo,Chennai,Hyderabad,830,2023-06-22 12:00:00,126,2,10661,On Time
500518,Vistara,Bengaluru,Bengaluru,1274,2023-06-22 13:00:00,172,5,15121,Delayed
500519,IndiGo,Chennai,Delhi,381,2023-06-22 14:00:00,131,62,4729,On Time
500520,IndiGo,Mumbai,Hyderabad,1779,2023-06-22 15:00:00,96,106,9366,On Time
500521,Vistara,Chennai,Chennai,1334,2023-06-22 16:00:00,104,115,10721,On Time
500522,IndiGo,Hyderabad,Kolkata,1483,2023-06-22 17:00:00,135,39,16767,On Time
500523,Vistara,Chennai,Chennai,1313,2023-06-22 18:00:00,162,115,12866,Delayed
500524,IndiGo,Chennai,Chennai,1323,2023-06-22 19:00:00,35,179,16430,On Time
500525,Akasa Air,Mumbai,Bengaluru,2303,2023-06-22 20:00:00,167,130,10120,On Time
500526,SpiceJet,Chennai,Chennai,2405,2023-06-22 21:00:00,21,141,17583,On Time
500527,Akasa Air,Hyderabad,Mumbai,1969,2023-06-22 22:00:00,130,16,4119,Cancelled
500528,IndiGo,Delhi,Kolkata,1039,2023-06-22 23:00:00,119,188,4477,On Time
500529,SpiceJet,Bengaluru,Kolkata,463,2023-06-23 00:00:00,96,143,8712,On Time
500530,Akasa Air,Mumbai,Delhi,997,2023-06-23 01:00:00,151,164,6503,Delayed
500531,IndiGo,Delhi,Bengaluru,1029,2023-06-23 02:00:00,172,40,5689,Delayed
500532,Vistara,Delhi,Chennai,1371,2023-06-23 03:00:00,112,48,9754,Delayed
500533,Vistara,Chennai,Chennai,740,2023-06-23 04:00:00,84,102,4501,Delayed
500534,SpiceJet,Mumbai,Mumbai,1711,2023-06-23 05:00:00,142,36,10258,On Time
500535,SpiceJet,Mumbai,Delhi,2202,2023-06-23 06:00:00,37,112,6551,Delayed
500536,Vistara,Chennai,Delhi,894,2023-06-23 07:00:00,53,-13,17775,Delayed
500537,Vistara,Mumbai,Mumbai,1037,2023-06-23 08:00:00,141,21,14050,On Time
500538,Akasa Air,Delhi,Bengaluru,2192,2023-06-23 09:00:00,93,144,13161,On Time
500539,Akasa Air,Chennai,Delhi,740,2023-06-23 10:00:00,168,57,4826,On Time
500540,Akasa Air,Chennai,Hyderabad,474,2023-06-23 11:00:00,69,15,10204,On Time
500541,IndiGo,Mumbai,Kolkata,2261,2023-06-23 12:00:00,75,53,4491,Cancelled
500542,SpiceJet,Mumbai,Chennai,335,2023-06-23 13:00:00,15,93,15872,On Time
500543,IndiGo,Hyderabad,Chennai,753,2023-06-23 14:00:00,120,128,17452,On Time
500544,Air India,Bengaluru,Kolkata,865,2023-06-23 15:00:00,89,84,7751,On Time
500545,SpiceJet,Bengaluru,Hyderabad,1764,2023-06-23 16:00:00,31,112,10168,Delayed
500546,Akasa Air,Hyderabad,Mumbai,1810,2023-06-23 17:00:00,92,4,13581,Delayed
500547,IndiGo,Delhi,Bengaluru,2066,2023-06-23 18:00:00,161,151,3868,On Time
500548,Air India,Mumbai,Delhi,1568,2023-06-23 19:00:00,75,150,9473,Cancelled
500549,Vistara,Kolkata,Mumbai,414,2023-06-23 20:00:00,65,53,10688,On Time
500550,IndiGo,Hyderabad,Hyderabad,1207,2023-06-23 21:00:00,108,96,6770,On Time
500551,Air India,Hyderabad,Bengaluru,2386,2023-06-23 22:00:00,55,44,15855,Delayed
500552,Vistara,Bengaluru,Kolkata,1404,2023-06-23 23:00:00,112,87,17720,On Time
500553,Air India,Bengaluru,Chennai,1290,2023-06-24 00:00:00,2,54,15562,On Time
500554,SpiceJet,Kolkata,Chennai,833,2023-06-24 01:00:00,90,163,10874,On Time
500555,IndiGo,Chennai,Kolkata,496,2023-06-24 02:00:00,22,15,8260,Delayed
500556,SpiceJet,Hyderabad,Bengaluru,1074,2023-06-24 03:00:00,-6,26,3702,On Time
500557,IndiGo,Kolkata,Mumbai,1797,2023-06-24 04:00:00,6,117,17663,Delayed
500558,Vistara,Bengaluru,Bengaluru,839,2023-06-24 05:00:00,62,181,8494,On Time
500559,Akasa Air,Bengaluru,Delhi,1652,2023-06-24 06:00:00,138,4,2645,Delayed
500560,Akasa Air,Hyderabad,Kolkata,1393,2023-06-24 07:00:00,26,44,14712,Delayed
500561,IndiGo,Chennai,Chennai,1423,2023-06-24 08:00:00,70,149,8021,Delayed
500562,Air India,Chennai,Delhi,1557,2023-06-24 09:00:00,46,112,13925,Delayed
500563,IndiGo,Chennai,Chennai,2317,2023-06-24 10:00:00,32,176,15629,On Time
500564,Air India,Delhi,Hyderabad,2276,2023-06-24 11:00:00,71,107,12344,Delayed
500565,Akasa Air,Kolkata,Hyderabad,2163,2023-06-24 12:00:00,102,16,6354,Delayed
500566,SpiceJet,Delhi,Mumbai,2338,2023-06-24 13:00:00,112,185,5314,On Time
500567,Akasa Air,Mumbai,Delhi,646,2023-06-24 14:00:00,130,45,15804,Delayed
500568,Akasa Air,Delhi,Chennai,1716,2023-06-24 15:00:00,70,135,8976,On Time
500569,IndiGo,Chennai,Hyderabad,896,2023-06-24 16:00:00,78,173,12173,Delayed
500570,Vistara,Hyderabad,Kolkata,948,2023-06-24 17:00:00,162,183,17386,Delayed
500571,Akasa Air,Mumbai,Mumbai,2357,2023-06-24 18:00:00,135,129,7796,On Time
500572,SpiceJet,Hyderabad,Bengaluru,1355,2023-06-24 19:00:00,147,127,8447,Delayed
500573,IndiGo,Chennai,Mumbai,512,2023-06-24 20:00:00,30,118,9927,On Time
500574,Vistara,Kolkata,Kolkata,499,2023-06-24 21:00:00,72,25,8213,On Time
500575,Vistara,Kolkata,Chennai,318,2023-06-24 22:00:00,154,10,7856,On Time
500576,Vistara,Delhi,Delhi,636,2023-06-24 23:00:00,98,92,2722,Cancelled
500577,IndiGo,Mumbai,Chennai,2372,2023-06-25 00:00:00,104,6,11919,Delayed
500578,IndiGo,Bengaluru,Kolkata,2468,2023-06-25 01:00:00,133,49,4295,Cancelled
500579,SpiceJet,Hyderabad,Mumbai,1235,2023-06-25 02:00:00,26,69,11553,Delayed
500580,Air India,Hyderabad,Kolkata,2491,2023-06-25 03:00:00,56,32,13855,On Time
500581,Air India,Mumbai,Bengaluru,1654,2023-06-25 04:00:00,112,74,12079,On Time
500582,Air India,Mumbai,Chennai,1512,2023-06-25 05:00:00,53,127,15055,On Time
500583,SpiceJet,Delhi,Bengaluru,2371,2023-06-25 06:00:00,119,144,5249,On Time
500584,Air India,Delhi,Mumbai,545,2023-06-25 07:00:00,156,35,17724,On Time
500585,Akasa Air,Chennai,Chennai,1510,2023-06-25 08:00:00,152,177,7613,On Time
500586,Akasa Air,Hyderabad,Bengaluru,864,2023-06-25 09:00:00,103,87,12376,On Time
500587,IndiGo,Hyderabad,Mumbai,466,2023-06-25 10:00:00,156,111,13089,On Time
500588,Akasa Air,Hyderabad,Delhi,1038,2023-06-25 11:00:00,135,83,2990,On Time
500589,Air India,Hyderabad,Bengaluru,1159,2023-06-25 12:00:00,34,13,7375,On Time
500590,Air India,Mumbai,Chennai,2466,2023-06-25 13:00:00,108,98,10395,On Time
500591,Vistara,Kolkata,Hyderabad,348,2023-06-25 14:00:00,53,145,8563,On Time
500592,SpiceJet,Hyderabad,Chennai,587,2023-06-25 15:00:00,92,73,15902,On Time
500593,Vistara,Chennai,Chennai,1327,2023-06-25 16:00:00,17,31,10158,On Time
500594,Vistara,Hyderabad,Chennai,1723,2023-06-25 17:00:00,75,31,13284,On Time
500595,Akasa Air,Kolkata,Bengaluru,2141,2023-06-25 18:00:00,168,67,4122,On Time
500596,IndiGo,Bengaluru,Bengaluru,1613,2023-06-25 19:00:00,-3,147,12466,On Time
500597,Akasa Air,Chennai,Bengaluru,833,2023-06-25 20:00:00,94,198,7007,Delayed
500598,IndiGo,Mumbai,Hyderabad,2478,2023-06-25 21:00:00,16,4,7999,Delayed
500599,SpiceJet,Mumbai,Mumbai,2400,2023-06-25 22:00:00,55,78,3116,Delayed
500600,IndiGo,Delhi,Delhi,1108,2023-06-25 23:00:00,149,185,12845,On Time
500601,Akasa Air,Bengaluru,Chennai,554,2023-06-26 00:00:00,11,104,17157,Delayed
500602,SpiceJet,Bengaluru,Mumbai,1006,2023-06-26 01:00:00,111,80,4664,Delayed
500603,Akasa Air,Hyderabad,Mumbai,355,2023-06-26 02:00:00,69,25,4790,On Time
500604,Akasa Air,Mumbai,Kolkata,755,2023-06-26 03:00:00,98,83,13801,On Time
500605,Air India,Hyderabad,Delhi,847,2023-06-26 04:00:00,130,115,3093,On Time
500606,IndiGo,Kolkata,Mumbai,2311,2023-06-26 05:00:00,12,1,5309,On Time
500607,Akasa Air,Chennai,Delhi,2307,2023-06-26 06:00:00,164,104,10434,On Time
500608,SpiceJet,Bengaluru,Chennai,721,2023-06-26 07:00:00,26,-14,5495,On Time
500609,IndiGo,Mumbai,Hyderabad,1746,2023-06-26 08:00:00,123,147,8251,Delayed
500610,Vistara,Hyderabad,Bengaluru,2493,2023-06-26 09:00:00,164,168,13390,Delayed
500611,Vistara,Delhi,Bengaluru,1900,2023-06-26 10:00:00,171,184,11909,On Time
500612,IndiGo,Kolkata,Chennai,1357,2023-06-26 11:00:00,178,44,7180,On Time
500613,IndiGo,Bengaluru,Bengaluru,1284,2023-06-26 12:00:00,174,57,11896,Delayed
500614,IndiGo,Kolkata,Mumbai,1641,2023-06-26 13:00:00,87,112,8731,Cancelled
500615,Air India,Hyderabad,Chennai,2220,2023-06-26 14:00:00,89,34,4073,Delayed
500616,IndiGo,Mumbai,Hyderabad,2115,2023-06-26 15:00:00,90,58,17483,Delayed
500617,Akasa Air,Chennai,Hyderabad,996,2023-06-26 16:00:00,115,111,3246,Delayed
500618,IndiGo,Mumbai,Mumbai,2107,2023-06-26 17:00:00,88,17,14849,Delayed
500619,Akasa Air,Hyderabad,Hyderabad,2285,2023-06-26 18:00:00,108,194,11929,On Time
500620,Vistara,Mumbai,Delhi,340,2023-06-26 19:00:00,145,79,6329,On Time
500621,IndiGo,Mumbai,Delhi,480,2023-06-26 20:00:00,5,42,10703,Delayed
500622,Vistara,Mumbai,Delhi,2332,2023-06-26 21:00:00,169,192,12450,On Time
500623,IndiGo,Kolkata,Chennai,1456,2023-06-26 22:00:00,-9,101,4942,Delayed
500624,Akasa Air,Hyderabad,Bengaluru,679,2023-06-26 23:00:00,103,161,12469,Delayed
500625,Air India,Bengaluru,Hyderabad,2319,2023-06-27 00:00:00,67,25,9895,On Time
500626,Akasa Air,Bengaluru,Delhi,2105,2023-06-27 01:00:00,81,126,7846,On Time
500627,Vistara,Hyderabad,Delhi,491,2023-06-27 02:00:00,62,16,7201,Delayed
500628,Air India,Kolkata,Bengaluru,1062,2023-06-27 03:00:00,75,57,6893,On Time
500629,Air India,Chennai,Mumbai,1673,2023-06-27 04:00:00,120,197,12588,Delayed
500630,Air India,Delhi,Mumbai,2304,2023-06-27 05:00:00,145,69,16132,On Time
500631,Air India,Chennai,Chennai,1868,2023-06-27 06:00:00,-10,135,13712,On Time
500632,Air India,Kolkata,Delhi,1097,2023-06-27 07:00:00,67,122,17987,On Time
500633,SpiceJet,Delhi,Mumbai,2490,2023-06-27 08:00:00,172,145,10892,On Time
500634,Akasa Air,Kolkata,Bengaluru,1607,2023-06-27 09:00:00,33,171,3953,Delayed
500635,Vistara,Bengaluru,Hyderabad,1225,2023-06-27 10:00:00,121,171,12559,On Time
500636,Akasa Air,Bengaluru,Bengaluru,1392,2023-06-27 11:00:00,113,104,12457,On Time
500637,Vistara,Kolkata,Kolkata,1752,2023-06-27 12:00:00,97,32,6161,On Time
500638,Air India,Delhi,Hyderabad,2088,2023-06-27 13:00:00,120,24,3009,Delayed
500639,Akasa Air,Delhi,Bengaluru,2004,2023-06-27 14:00:00,44,-12,7004,On Time
500640,Akasa Air,Chennai,Hyderabad,1123,2023-06-27 15:00:00,3,0,10220,On Time
500641,SpiceJet,Delhi,Chennai,2107,2023-06-27 16:00:00,56,193,3020,On Time
500642,SpiceJet,Delhi,Hyderabad,1192,2023-06-27 17:00:00,108,187,16457,On Time
500643,Akasa Air,Bengaluru,Chennai,1635,2023-06-27 18:00:00,69,183,8018,Delayed
500644,Vistara,Mumbai,Kolkata,370,2023-06-27 19:00:00,5,193,6179,Delayed
500645,IndiGo,Hyderabad,Hyderabad,2256,2023-06-27 20:00:00,3,54,5606,Delayed
500646,SpiceJet,Delhi,Kolkata,390,2023-06-27 21:00:00,58,195,3440,On Time
500647,Air India,Bengaluru,Chennai,338,2023-06-27 22:00:00,43,143,7168,On Time
500648,Vistara,Kolkata,Chennai,2480,2023-06-27 23:00:00,165,20,2987,Delayed
500649,Akasa Air,Bengaluru,Hyderabad,407,2023-06-28 00:00:00,141,191,17314,On Time
500650,Akasa Air,Mumbai,Delhi,1293,2023-06-28 01:00:00,146,-3,5994,On Time
500651,Akasa Air,Mumbai,Mumbai,315,2023-06-28 02:00:00,77,17,4998,On Time
500652,Air India,Chennai,Bengaluru,1093,2023-06-28 03:00:00,60,173,12344,Delayed
500653,Air India,Mumbai,Chennai,2432,2023-06-28 04:00:00,160,187,7559,On Time
500654,Vistara,Kolkata,Delhi,757,2023-06-28 05:00:00,107,122,17640,On Time
500655,SpiceJet,Delhi,Kolkata,1061,2023-06-28 06:00:00,129,194,5033,On Time
500656,Vistara,Kolkata,Delhi,613,2023-06-28 07:00:00,22,21,6612,Delayed
500657,IndiGo,Mumbai,Bengaluru,1236,2023-06-28 08:00:00,36,10,14140,On Time
500658,Vistara,Mumbai,Chennai,1190,2023-06-28 09:00:00,146,63,13144,On Time
500659,SpiceJet,Delhi,Bengaluru,1240,2023-06-28 10:00:00,43,65,15314,On Time
500660,Air India,Chennai,Bengaluru,2213,2023-06-28 11:00:00,82,0,6532,On Time
500661,IndiGo,Hyderabad,Bengaluru,1102,2023-06-28 12:00:00,160,0,9396,On Time
500662,SpiceJet,Delhi,Delhi,571,2023-06-28 13:00:00,147,-10,7329,On Time
500663,SpiceJet,Bengaluru,Bengaluru,2230,2023-06-28 14:00:00,131,142,16697,On Time
500664,IndiGo,Hyderabad,Hyderabad,1565,2023-06-28 15:00:00,-4,119,15433,Cancelled
500665,Vistara,Kolkata,Hyderabad,315,2023-06-28 16:00:00,45,152,7708,On Time
500666,IndiGo,Mumbai,Kolkata,1251,2023-06-28 17:00:00,157,144,8114,On Time
500667,IndiGo,Delhi,Bengaluru,2093,2023-06-28 18:00:00,70,124,13072,On Time
500668,SpiceJet,Bengaluru,Mumbai,1350,2023-06-28 19:00:00,128,54,15474,On Time
500669,SpiceJet,Delhi,Hyderabad,1240,2023-06-28 20:00:00,175,6,10876,Cancelled
500670,Air India,Hyderabad,Delhi,2204,2023-06-28 21:00:00,-3,115,4282,On Time
500671,Vistara,Mumbai,Bengaluru,1924,2023-06-28 22:00:00,9,81,2608,Delayed
500672,SpiceJet,Mumbai,Bengaluru,2184,2023-06-28 23:00:00,1,88,13914,On Time
500673,Vistara,Kolkata,Delhi,1949,2023-06-29 00:00:00,179,97,8495,On Time
500674,Air India,Delhi,Mumbai,2363,2023-06-29 01:00:00,11,91,3209,On Time
500675,Akasa Air,Mumbai,Mumbai,1994,2023-06-29 02:00:00,83,67,14430,On Time
500676,SpiceJet,Delhi,Chennai,1125,2023-06-29 03:00:00,154,-1,16455,On Time
500677,SpiceJet,Hyderabad,Mumbai,1960,2023-06-29 04:00:00,147,46,7645,On Time
500678,SpiceJet,Delhi,Hyderabad,2128,2023-06-29 05:00:00,174,129,15751,On Time
500679,IndiGo,Bengaluru,Delhi,1638,2023-06-29 06:00:00,20,96,9140,On Time
500680,Air India,Bengaluru,Kolkata,1062,2023-06-29 07:00:00,52,199,17979,On Time
500681,SpiceJet,Chennai,Hyderabad,790,2023-06-29 08:00:00,44,119,13726,On Time
500682,SpiceJet,Kolkata,Delhi,728,2023-06-29 09:00:00,55,131,6195,On Time
500683,Air India,Kolkata,Delhi,1712,2023-06-29 10:00:00,96,125,16401,On Time
500684,Vistara,Bengaluru,Hyderabad,1199,2023-06-29 11:00:00,34,52,16107,On Time
500685,Air India,Kolkata,Chennai,2199,2023-06-29 12:00:00,6,185,5145,On Time
500686,Akasa Air,Kolkata,Hyderabad,1810,2023-06-29 13:00:00,-4,-2,15857,On Time
500687,Vistara,Delhi,Hyderabad,1146,2023-06-29 14:00:00,54,126,16643,On Time
500688,SpiceJet,Kolkata,Mumbai,330,2023-06-29 15:00:00,144,194,9749,On Time
500689,IndiGo,Chennai,Bengaluru,1397,2023-06-29 16:00:00,4,143,14710,On Time
500690,IndiGo,Bengaluru,Kolkata,674,2023-06-29 17:00:00,60,45,11525,On Time
500691,Akasa Air,Mumbai,Hyderabad,853,2023-06-29 18:00:00,117,151,13030,Cancelled
500692,Akasa Air,Kolkata,Mumbai,1902,2023-06-29 19:00:00,98,50,9238,On Time
500693,Air India,Bengaluru,Kolkata,414,2023-06-29 20:00:00,52,174,9073,Delayed
500694,Air India,Hyderabad,Bengaluru,1596,2023-06-29 21:00:00,169,56,2678,Delayed
500695,SpiceJet,Kolkata,Mumbai,1259,2023-06-29 22:00:00,72,105,17497,Delayed
500696,Vistara,Mumbai,Bengaluru,2168,2023-06-29 23:00:00,88,61,3969,On Time
500697,Akasa Air,Mumbai,Kolkata,2267,2023-06-30 00:00:00,109,25,8888,On Time
500698,SpiceJet,Kolkata,Mumbai,1026,2023-06-30 01:00:00,83,83,5777,Delayed
500699,Air India,Bengaluru,Hyderabad,844,2023-06-30 02:00:00,55,195,12861,Delayed
500700,IndiGo,Mumbai,Chennai,1013,2023-06-30 03:00:00,6,36,12227,On Time
500701,Akasa Air,Kolkata,Kolkata,1596,2023-06-30 04:00:00,167,186,17928,On Time
500702,Akasa Air,Delhi,Mumbai,1317,2023-06-30 05:00:00,73,-3,14870,Delayed
500703,Vistara,Hyderabad,Chennai,2385,2023-06-30 06:00:00,63,44,3663,On Time
500704,Akasa Air,Delhi,Chennai,1013,2023-06-30 07:00:00,24,128,13294,Delayed
500705,Akasa Air,Kolkata,Chennai,1802,2023-06-30 08:00:00,74,166,11866,On Time
500706,Vistara,Chennai,Mumbai,2100,2023-06-30 09:00:00,106,90,4165,Delayed
500707,SpiceJet,Bengaluru,Chennai,2427,2023-06-30 10:00:00,16,-15,14363,On Time
500708,IndiGo,Delhi,Chennai,1532,2023-06-30 11:00:00,89,54,17465,Delayed
500709,Akasa Air,Bengaluru,Kolkata,1800,2023-06-30 12:00:00,84,76,8096,On Time
500710,SpiceJet,Kolkata,Chennai,1845,2023-06-30 13:00:00,113,71,10584,On Time
500711,Air India,Hyderabad,Bengaluru,947,2023-06-30 14:00:00,62,59,6013,Delayed
500712,Akasa Air,Bengaluru,Bengaluru,1277,2023-06-30 15:00:00,82,5,9342,On Time
500713,Vistara,Hyderabad,Hyderabad,2272,2023-06-30 16:00:00,50,0,17709,On Time
500714,Air India,Hyderabad,Chennai,2485,2023-06-30 17:00:00,149,22,7573,On Time
500715,Air India,Bengaluru,Chennai,311,2023-06-30 18:00:00,72,97,6910,Delayed
500716,Akasa Air,Delhi,Bengaluru,1798,2023-06-30 19:00:00,9,121,7441,On Time
500717,Akasa Air,Delhi,Hyderabad,944,2023-06-30 20:00:00,-3,62,12257,Delayed
500718,SpiceJet,Delhi,Hyderabad,366,2023-06-30 21:00:00,145,40,14530,On Time
500719,IndiGo,Mumbai,Chennai,2329,2023-06-30 22:00:00,158,117,8621,On Time
500720,Air India,Bengaluru,Mumbai,1295,2023-06-30 23:00:00,135,9,16507,Delayed
500721,SpiceJet,Bengaluru,Delhi,1355,2023-07-01 00:00:00,26,168,14716,Delayed
500722,Vistara,Mumbai,Bengaluru,1536,2023-07-01 01:00:00,32,87,7744,On Time
500723,SpiceJet,Bengaluru,Hyderabad,475,2023-07-01 02:00:00,114,53,12184,On Time
500724,Akasa Air,Kolkata,Hyderabad,811,2023-07-01 03:00:00,56,155,17674,On Time
500725,IndiGo,Hyderabad,Kolkata,2268,2023-07-01 04:00:00,121,31,3584,On Time
500726,Akasa Air,Bengaluru,Chennai,2241,2023-07-01 05:00:00,4,151,3434,Delayed
500727,Akasa Air,Kolkata,Chennai,550,2023-07-01 06:00:00,164,121,5595,On Time
500728,Akasa Air,Hyderabad,Bengaluru,843,2023-07-01 07:00:00,14,73,2969,On Time
500729,SpiceJet,Delhi,Kolkata,853,2023-07-01 08:00:00,37,172,14849,On Time
500730,Air India,Bengaluru,Kolkata,1088,2023-07-01 09:00:00,-7,41,12082,Delayed
500731,Air India,Mumbai,Hyderabad,391,2023-07-01 10:00:00,10,34,6781,On Time
500732,SpiceJet,Hyderabad,Mumbai,391,2023-07-01 11:00:00,115,109,16598,Delayed
500733,IndiGo,Hyderabad,Mumbai,542,2023-07-01 12:00:00,151,165,9487,Cancelled
500734,IndiGo,Bengaluru,Mumbai,2052,2023-07-01 13:00:00,77,137,17631,Cancelled
500735,IndiGo,Bengaluru,Mumbai,1508,2023-07-01 14:00:00,78,177,3058,On Time
500736,Vistara,Mumbai,Mumbai,1256,2023-07-01 15:00:00,99,104,12534,Cancelled
500737,IndiGo,Bengaluru,Bengaluru,607,2023-07-01 16:00:00,60,155,10811,On Time
500738,Air India,Delhi,Bengaluru,2453,2023-07-01 17:00:00,86,11,6053,Delayed
500739,Vistara,Kolkata,Delhi,902,2023-07-01 18:00:00,163,105,16112,On Time
500740,Akasa Air,Kolkata,Hyderabad,342,2023-07-01 19:00:00,21,143,11961,Cancelled
500741,IndiGo,Mumbai,Hyderabad,2150,2023-07-01 20:00:00,106,-2,15333,On Time
500742,Air India,Chennai,Delhi,1739,2023-07-01 21:00:00,132,186,15052,Delayed
500743,SpiceJet,Chennai,Kolkata,2041,2023-07-01 22:00:00,58,189,8809,Delayed
500744,Air India,Mumbai,Kolkata,850,2023-07-01 23:00:00,76,175,10636,On Time
500745,SpiceJet,Hyderabad,Delhi,617,2023-07-02 00:00:00,107,82,9823,On Time
500746,Akasa Air,Mumbai,Bengaluru,1314,2023-07-02 01:00:00,-3,153,9233,Delayed
500747,IndiGo,Kolkata,Bengaluru,1625,2023-07-02 02:00:00,84,111,14554,On Time
500748,SpiceJet,Hyderabad,Bengaluru,822,2023-07-02 03:00:00,136,62,11463,On Time
500749,SpiceJet,Mumbai,Kolkata,1971,2023-07-02 04:00:00,116,-7,6671,On Time
500750,SpiceJet,Delhi,Delhi,430,2023-07-02 05:00:00,63,174,15520,Delayed
500751,SpiceJet,Bengaluru,Mumbai,1146,2023-07-02 06:00:00,158,-2,15907,On Time
500752,IndiGo,Delhi,Kolkata,1572,2023-07-02 07:00:00,65,64,15834,On Time
500753,SpiceJet,Mumbai,Hyderabad,1509,2023-07-02 08:00:00,36,90,14680,On Time
500754,Vistara,Mumbai,Hyderabad,1187,2023-07-02 09:00:00,157,194,9131,On Time
500755,Air India,Mumbai,Hyderabad,1051,2023-07-02 10:00:00,78,-8,6657,On Time
500756,Vistara,Bengaluru,Kolkata,413,2023-07-02 11:00:00,117,46,15513,On Time
500757,Air India,Hyderabad,Delhi,2041,2023-07-02 12:00:00,153,184,8004,Delayed
500758,Air India,Chennai,Kolkata,811,2023-07-02 13:00:00,177,87,7451,On Time
500759,Air India,Hyderabad,Chennai,1888,2023-07-02 14:00:00,168,2,13156,On Time
500760,Air India,Bengaluru,Kolkata,1446,2023-07-02 15:00:00,81,116,7912,On Time
500761,SpiceJet,Mumbai,Mumbai,2334,2023-07-02 16:00:00,169,194,4210,On Time
500762,Air India,Mumbai,Mumbai,827,2023-07-02 17:00:00,81,52,4425,On Time
500763,IndiGo,Mumbai,Delhi,2283,2023-07-02 18:00:00,173,13,3369,On Time
500764,Akasa Air,Mumbai,Chennai,2148,2023-07-02 19:00:00,152,-8,3422,Delayed
500765,Vistara,Kolkata,Mumbai,1893,2023-07-02 20:00:00,149,-1,9532,On Time
500766,SpiceJet,Kolkata,Delhi,820,2023-07-02 21:00:00,70,78,7255,On Time
500767,SpiceJet,Mumbai,Mumbai,1066,2023-07-02 22:00:00,-10,90,12458,On Time
500768,Akasa Air,Kolkata,Delhi,2053,2023-07-02 23:00:00,81,89,9078,On Time
500769,Akasa Air,Chennai,Chennai,1445,2023-07-03 00:00:00,120,62,6946,Delayed
500770,Vistara,Bengaluru,Chennai,1097,2023-07-03 01:00:00,142,69,15160,Delayed
500771,Vistara,Bengaluru,Hyderabad,1367,2023-07-03 02:00:00,19,185,14262,Delayed
500772,IndiGo,Bengaluru,Delhi,1374,2023-07-03 03:00:00,126,189,4287,On Time
500773,SpiceJet,Mumbai,Kolkata,1016,2023-07-03 04:00:00,127,41,9991,Delayed
500774,Air India,Kolkata,Delhi,665,2023-07-03 05:00:00,162,108,5120,On Time
500775,SpiceJet,Kolkata,Hyderabad,1739,2023-07-03 06:00:00,21,152,4625,On Time
500776,Akasa Air,Hyderabad,Mumbai,1563,2023-07-03 07:00:00,-6,14,15823,On Time
500777,IndiGo,Hyderabad,Delhi,488,2023-07-03 08:00:00,103,46,4429,Delayed
500778,Akasa Air,Mumbai,Hyderabad,1356,2023-07-03 09:00:00,128,10,10956,On Time
500779,Akasa Air,Chennai,Hyderabad,2246,2023-07-03 10:00:00,43,22,3540,On Time
500780,SpiceJet,Chennai,Mumbai,1951,2023-07-03 11:00:00,140,132,13679,Delayed
500781,Akasa Air,Hyderabad,Delhi,2391,2023-07-03 12:00:00,157,171,12728,On Time
500782,IndiGo,Delhi,Hyderabad,950,2023-07-03 13:00:00,120,113,16216,On Time
500783,IndiGo,Bengaluru,Kolkata,405,2023-07-03 14:00:00,115,155,4507,On Time
500784,Vistara,Hyderabad,Chennai,723,2023-07-03 15:00:00,52,185,10586,On Time
500785,Vistara,Hyderabad,Hyderabad,1010,2023-07-03 16:00:00,62,-14,5751,Delayed
500786,Akasa Air,Chennai,Kolkata,1903,2023-07-03 17:00:00,146,38,16233,On Time
500787,Air India,Kolkata,Kolkata,770,2023-07-03 18:00:00,148,44,13810,Delayed
500788,IndiGo,Delhi,Delhi,2280,2023-07-03 19:00:00,23,35,5233,On Time
500789,Akasa Air,Delhi,Mumbai,864,2023-07-03 20:00:00,19,-4,16461,Delayed
500790,Akasa Air,Hyderabad,Hyderabad,626,2023-07-03 21:00:00,12,45,11123,Delayed
500791,SpiceJet,Bengaluru,Kolkata,2063,2023-07-03 22:00:00,35,93,13236,Cancelled
500792,SpiceJet,Hyderabad,Kolkata,1859,2023-07-03 23:00:00,68,186,5313,On Time
500793,Air India,Chennai,Mumbai,1862,2023-07-04 00:00:00,172,5,5731,Delayed
500794,SpiceJet,Bengaluru,Chennai,1700,2023-07-04 01:00:00,177,186,12022,On Time
500795,IndiGo,Chennai,Hyderabad,2009,2023-07-04 02:00:00,15,96,9483,On Time
500796,Air India,Bengaluru,Kolkata,417,2023-07-04 03:00:00,15,196,7791,On Time
500797,IndiGo,Chennai,Chennai,2255,2023-07-04 04:00:00,113,99,14992,Delayed
500798,Vistara,Kolkata,Chennai,877,2023-07-04 05:00:00,122,44,3712,On Time
500799,Akasa Air,Bengaluru,Mumbai,1864,2023-07-04 06:00:00,116,49,8729,On Time
500800,IndiGo,Hyderabad,Hyderabad,2144,2023-07-04 07:00:00,30,72,13408,On Time
500801,IndiGo,Hyderabad,Hyderabad,1622,2023-07-04 08:00:00,129,150,5585,On Time
500802,IndiGo,Hyderabad,Chennai,1244,2023-07-04 09:00:00,143,142,7208,On Time
500803,Air India,Delhi,Delhi,1663,2023-07-04 10:00:00,130,78,14884,Delayed
500804,SpiceJet,Bengaluru,Chennai,1726,2023-07-04 11:00:00,4,184,13861,On Time
500805,SpiceJet,Hyderabad,Chennai,1945,2023-07-04 12:00:00,79,33,14524,On Time
500806,Vistara,Kolkata,Kolkata,1263,2023-07-04 13:00:00,129,21,5698,On Time
500807,Akasa Air,Hyderabad,Chennai,2382,2023-07-04 14:00:00,170,159,12295,Delayed
500808,IndiGo,Delhi,Kolkata,727,2023-07-04 15:00:00,54,40,16006,On Time
500809,Vistara,Delhi,Kolkata,1344,2023-07-04 16:00:00,169,191,12391,On Time
500810,SpiceJet,Chennai,Kolkata,1029,2023-07-04 17:00:00,146,47,11623,On Time
500811,Akasa Air,Delhi,Kolkata,782,2023-07-04 18:00:00,79,105,14288,On Time
500812,Akasa Air,Chennai,Delhi,1592,2023-07-04 19:00:00,85,136,17241,Delayed
500813,Akasa Air,Hyderabad,Kolkata,576,2023-07-04 20:00:00,49,199,12873,On Time
500814,SpiceJet,Bengaluru,Mumbai,963,2023-07-04 21:00:00,168,157,6055,Delayed
500815,SpiceJet,Delhi,Bengaluru,2307,2023-07-04 22:00:00,157,131,12117,On Time
500816,Air India,Bengaluru,Kolkata,1407,2023-07-04 23:00:00,136,152,14800,Delayed
500817,Akasa Air,Kolkata,Hyderabad,2112,2023-07-05 00:00:00,110,98,7208,Delayed
500818,IndiGo,Kolkata,Hyderabad,1816,2023-07-05 01:00:00,158,43,3946,On Time
500819,IndiGo,Kolkata,Hyderabad,382,2023-07-05 02:00:00,129,105,11644,On Time
500820,SpiceJet,Hyderabad,Mumbai,484,2023-07-05 03:00:00,175,-6,4562,Delayed
500821,Air India,Kolkata,Chennai,1207,2023-07-05 04:00:00,10,-14,8263,Delayed
500822,Air India,Hyderabad,Chennai,788,2023-07-05 05:00:00,65,175,13200,Cancelled
500823,IndiGo,Bengaluru,Kolkata,510,2023-07-05 06:00:00,44,5,3266,On Time
500824,Vistara,Delhi,Chennai,444,2023-07-05 07:00:00,4,79,3528,Delayed
500825,SpiceJet,Bengaluru,Chennai,2409,2023-07-05 08:00:00,26,195,11865,On Time
500826,Air India,Delhi,Bengaluru,352,2023-07-05 09:00:00,91,4,12383,Delayed
500827,Air India,Mumbai,Hyderabad,473,2023-07-05 10:00:00,5,176,17839,Delayed
500828,Vistara,Kolkata,Hyderabad,312,2023-07-05 11:00:00,23,171,17794,On Time
500829,IndiGo,Delhi,Mumbai,556,2023-07-05 12:00:00,35,77,10008,Delayed
500830,Vistara,Delhi,Bengaluru,1849,2023-07-05 13:00:00,11,132,7438,On Time
500831,SpiceJet,Mumbai,Chennai,939,2023-07-05 14:00:00,51,26,13317,On Time
500832,IndiGo,Bengaluru,Kolkata,482,2023-07-05 15:00:00,22,151,14417,On Time
500833,Vistara,Bengaluru,Chennai,1967,2023-07-05 16:00:00,13,90,4726,On Time
500834,Air India,Hyderabad,Hyderabad,2200,2023-07-05 17:00:00,80,134,16400,On Time
500835,Vistara,Chennai,Mumbai,2292,2023-07-05 18:00:00,88,27,11276,Delayed
500836,SpiceJet,Mumbai,Delhi,1033,2023-07-05 19:00:00,144,94,4886,On Time
500837,IndiGo,Chennai,Mumbai,1598,2023-07-05 20:00:00,89,-5,5549,Delayed
500838,Akasa Air,Hyderabad,Kolkata,449,2023-07-05 21:00:00,67,51,4376,On Time
500839,Air India,Chennai,Mumbai,2247,2023-07-05 22:00:00,19,177,2894,Delayed
500840,IndiGo,Delhi,Chennai,590,2023-07-05 23:00:00,-9,19,12056,Delayed
500841,IndiGo,Kolkata,Chennai,524,2023-07-06 00:00:00,153,189,3818,Delayed
500842,SpiceJet,Bengaluru,Chennai,321,2023-07-06 01:00:00,179,-13,6209,On Time
500843,SpiceJet,Mumbai,Delhi,1088,2023-07-06 02:00:00,138,102,8767,On Time
500844,Air India,Chennai,Kolkata,2250,2023-07-06 03:00:00,117,119,12106,On Time
500845,Vistara,Mumbai,Bengaluru,1363,2023-07-06 04:00:00,99,44,2998,Cancelled
500846,Vistara,Chennai,Kolkata,1023,2023-07-06 05:00:00,145,20,4221,On Time
500847,Air India,Chennai,Chennai,1823,2023-07-06 06:00:00,5,43,2995,On Time
500848,IndiGo,Chennai,Mumbai,1073,2023-07-06 07:00:00,151,69,5932,On Time
500849,Vistara,Delhi,Kolkata,733,2023-07-06 08:00:00,167,194,2780,On Time
500850,Air India,Kolkata,Mumbai,1085,2023-07-06 09:00:00,107,22,17903,Cancelled
500851,IndiGo,Hyderabad,Hyderabad,617,2023-07-06 10:00:00,126,150,6992,On Time
500852,IndiGo,Hyderabad,Bengaluru,544,2023-07-06 11:00:00,29,84,12456,Delayed
500853,Air India,Delhi,Delhi,478,2023-07-06 12:00:00,86,124,16362,On Time
500854,Akasa Air,Bengaluru,Bengaluru,2148,2023-07-06 13:00:00,153,16,4133,On Time
500855,Vistara,Chennai,Kolkata,1734,2023-07-06 14:00:00,143,4,7655,Delayed
500856,Vistara,Bengaluru,Kolkata,641,2023-07-06 15:00:00,65,59,11067,Delayed
500857,Vistara,Delhi,Bengaluru,593,2023-07-06 16:00:00,84,9,16965,Delayed
500858,Akasa Air,Kolkata,Kolkata,787,2023-07-06 17:00:00,25,12,6857,On Time
500859,Vistara,Kolkata,Bengaluru,329,2023-07-06 18:00:00,1,85,9812,Delayed
500860,Vistara,Bengaluru,Chennai,1132,2023-07-06 19:00:00,94,52,5649,Delayed
500861,IndiGo,Hyderabad,Chennai,690,2023-07-06 20:00:00,88,92,16952,On Time
500862,Air India,Chennai,Mumbai,473,2023-07-06 21:00:00,31,120,14286,On Time
500863,Vistara,Hyderabad,Bengaluru,500,2023-07-06 22:00:00,77,70,12386,Delayed
500864,Akasa Air,Chennai,Hyderabad,2179,2023-07-06 23:00:00,8,-3,11100,On Time
500865,SpiceJet,Bengaluru,Mumbai,342,2023-07-07 00:00:00,119,116,5840,Cancelled
500866,IndiGo,Mumbai,Chennai,2128,2023-07-07 01:00:00,177,23,15000,Cancelled
500867,Air India,Bengaluru,Bengaluru,1902,2023-07-07 02:00:00,35,-10,3990,Delayed
500868,IndiGo,Kolkata,Hyderabad,1678,2023-07-07 03:00:00,176,144,9242,On Time
500869,Air India,Chennai,Kolkata,888,2023-07-07 04:00:00,25,70,12565,On Time
500870,Akasa Air,Hyderabad,Hyderabad,1983,2023-07-07 05:00:00,21,63,5078,Cancelled
500871,Vistara,Mumbai,Mumbai,1411,2023-07-07 06:00:00,64,35,6521,On Time
500872,Vistara,Chennai,Kolkata,2293,2023-07-07 07:00:00,12,184,10483,On Time
500873,Vistara,Kolkata,Chennai,2403,2023-07-07 08:00:00,22,119,5084,Delayed
500874,Air India,Bengaluru,Hyderabad,1037,2023-07-07 09:00:00,86,9,14550,On Time
500875,Akasa Air,Hyderabad,Hyderabad,1576,2023-07-07 10:00:00,-7,171,5724,Delayed
500876,Vistara,Chennai,Chennai,443,2023-07-07 11:00:00,117,14,14800,Delayed
500877,Akasa Air,Hyderabad,Hyderabad,1129,2023-07-07 12:00:00,29,-14,6760,On Time
500878,Air India,Bengaluru,Mumbai,1833,2023-07-07 13:00:00,179,3,3296,Delayed
500879,SpiceJet,Bengaluru,Mumbai,1962,2023-07-07 14:00:00,176,71,6295,Delayed
500880,Akasa Air,Chennai,Chennai,429,2023-07-07 15:00:00,35,89,6329,Delayed
500881,Vistara,Delhi,Hyderabad,551,2023-07-07 16:00:00,75,-15,5991,On Time
500882,SpiceJet,Kolkata,Chennai,937,2023-07-07 17:00:00,138,170,10609,On Time
500883,Akasa Air,Kolkata,Kolkata,447,2023-07-07 18:00:00,12,173,8944,On Time
500884,Air India,Mumbai,Hyderabad,1557,2023-07-07 19:00:00,132,114,10316,On Time
500885,IndiGo,Hyderabad,Hyderabad,803,2023-07-07 20:00:00,26,12,12080,Delayed
500886,Vistara,Chennai,Bengaluru,2455,2023-07-07 21:00:00,145,35,9152,On Time
500887,Akasa Air,Mumbai,Kolkata,1102,2023-07-07 22:00:00,61,110,12870,On Time
500888,Vistara,Hyderabad,Bengaluru,2290,2023-07-07 23:00:00,166,84,13522,Delayed
500889,IndiGo,Delhi,Mumbai,1997,2023-07-08 00:00:00,142,48,11322,Delayed
500890,Akasa Air,Bengaluru,Chennai,772,2023-07-08 01:00:00,157,89,9503,On Time
500891,Vistara,Hyderabad,Delhi,1384,2023-07-08 02:00:00,168,-6,4094,On Time
500892,Vistara,Kolkata,Delhi,778,2023-07-08 03:00:00,131,130,16212,On Time
500893,Air India,Chennai,Hyderabad,1546,2023-07-08 04:00:00,82,79,4291,On Time
500894,Vistara,Delhi,Bengaluru,1490,2023-07-08 05:00:00,72,157,8833,On Time
500895,Air India,Delhi,Chennai,1999,2023-07-08 06:00:00,122,133,6348,Delayed
500896,Air India,Bengaluru,Hyderabad,1233,2023-07-08 07:00:00,92,123,14503,On Time
500897,Air India,Mumbai,Delhi,1510,2023-07-08 08:00:00,51,195,15786,Cancelled
500898,Air India,Kolkata,Delhi,1136,2023-07-08 09:00:00,91,86,13099,On Time
500899,SpiceJet,Hyderabad,Hyderabad,1964,2023-07-08 10:00:00,179,7,15659,On Time
500900,IndiGo,Bengaluru,Mumbai,1373,2023-07-08 11:00:00,102,42,3019,Cancelled
500901,SpiceJet,Delhi,Kolkata,2361,2023-07-08 12:00:00,170,126,4892,On Time
500902,Air India,Kolkata,Hyderabad,2315,2023-07-08 13:00:00,70,182,6526,On Time
500903,SpiceJet,Bengaluru,Kolkata,1449,2023-07-08 14:00:00,147,-12,9421,On Time
500904,IndiGo,Mumbai,Hyderabad,516,2023-07-08 15:00:00,144,34,2502,On Time
500905,Vistara,Hyderabad,Mumbai,1498,2023-07-08 16:00:00,179,-1,7485,On Time
500906,Akasa Air,Bengaluru,Kolkata,1635,2023-07-08 17:00:00,87,-2,15689,On Time
500907,Vistara,Chennai,Kolkata,1406,2023-07-08 18:00:00,73,105,17007,Delayed
500908,Vistara,Mumbai,Delhi,685,2023-07-08 19:00:00,134,169,4926,Delayed
500909,SpiceJet,Bengaluru,Bengaluru,1685,2023-07-08 20:00:00,46,101,17723,On Time
500910,IndiGo,Delhi,Delhi,658,2023-07-08 21:00:00,67,-1,4283,On Time
500911,IndiGo,Chennai,Kolkata,2125,2023-07-08 22:00:00,88,144,8386,Delayed
500912,Air India,Bengaluru,Kolkata,1597,2023-07-08 23:00:00,172,9,11194,On Time
500913,Air India,Mumbai,Bengaluru,1014,2023-07-09 00:00:00,34,117,8196,Delayed
500914,SpiceJet,Kolkata,Delhi,2244,2023-07-09 01:00:00,53,51,11122,On Time
500915,IndiGo,Kolkata,Delhi,2079,2023-07-09 02:00:00,33,13,13595,Delayed
500916,Vistara,Bengaluru,Chennai,1818,2023-07-09 03:00:00,78,140,5994,On Time
500917,Akasa Air,Bengaluru,Kolkata,1384,2023-07-09 04:00:00,40,33,13006,Delayed
500918,Vistara,Chennai,Bengaluru,577,2023-07-09 05:00:00,21,45,5144,On Time
500919,SpiceJet,Kolkata,Bengaluru,2351,2023-07-09 06:00:00,129,57,15726,On Time
500920,SpiceJet,Kolkata,Hyderabad,628,2023-07-09 07:00:00,76,82,11008,On Time
500921,SpiceJet,Mumbai,Delhi,744,2023-07-09 08:00:00,158,174,11554,On Time
500922,Akasa Air,Kolkata,Delhi,492,2023-07-09 09:00:00,161,87,15979,Delayed
500923,SpiceJet,Mumbai,Chennai,1816,2023-07-09 10:00:00,158,151,13888,Delayed
500924,SpiceJet,Delhi,Delhi,2334,2023-07-09 11:00:00,31,44,14402,Delayed
500925,Air India,Bengaluru,Bengaluru,2224,2023-07-09 12:00:00,113,28,4497,On Time
500926,Vistara,Delhi,Delhi,2349,2023-07-09 13:00:00,21,166,12080,On Time
500927,SpiceJet,Delhi,Delhi,1426,2023-07-09 14:00:00,22,2,11046,Delayed
500928,Akasa Air,Hyderabad,Bengaluru,1370,2023-07-09 15:00:00,101,154,7516,Delayed
500929,Air India,Hyderabad,Bengaluru,611,2023-07-09 16:00:00,54,129,4485,Delayed
500930,Air India,Kolkata,Hyderabad,1861,2023-07-09 17:00:00,104,183,15003,On Time
500931,IndiGo,Delhi,Bengaluru,964,2023-07-09 18:00:00,153,160,11963,Delayed
500932,Air India,Delhi,Bengaluru,1265,2023-07-09 19:00:00,160,157,9444,On Time
500933,Akasa Air,Delhi,Hyderabad,952,2023-07-09 20:00:00,70,40,11889,Delayed
500934,SpiceJet,Bengaluru,Kolkata,2350,2023-07-09 21:00:00,135,68,4177,On Time
500935,Air India,Delhi,Delhi,2082,2023-07-09 22:00:00,46,148,6897,On Time
500936,IndiGo,Kolkata,Chennai,2111,2023-07-09 23:00:00,168,-8,4114,Delayed
500937,Air India,Bengaluru,Chennai,936,2023-07-10 00:00:00,156,108,2602,Delayed
500938,Vistara,Chennai,Bengaluru,1213,2023-07-10 01:00:00,41,185,10053,On Time
500939,Air India,Delhi,Bengaluru,827,2023-07-10 02:00:00,93,37,4135,On Time
500940,IndiGo,Mumbai,Hyderabad,1404,2023-07-10 03:00:00,57,-13,5766,Delayed
500941,Air India,Bengaluru,Mumbai,1228,2023-07-10 04:00:00,49,64,3197,On Time
500942,Air India,Bengaluru,Hyderabad,2325,2023-07-10 05:00:00,19,161,4738,On Time
500943,SpiceJet,Delhi,Kolkata,846,2023-07-10 06:00:00,84,78,11002,On Time
500944,IndiGo,Delhi,Hyderabad,1497,2023-07-10 07:00:00,12,172,4530,On Time
500945,Akasa Air,Delhi,Kolkata,2156,2023-07-10 08:00:00,2,104,15042,On Time
500946,Akasa Air,Delhi,Bengaluru,1678,2023-07-10 09:00:00,92,108,9764,On Time
500947,Vistara,Bengaluru,Chennai,655,2023-07-10 10:00:00,-2,81,4605,Delayed
500948,Air India,Bengaluru,Mumbai,2210,2023-07-10 11:00:00,72,172,14911,Delayed
500949,Air India,Hyderabad,Delhi,962,2023-07-10 12:00:00,136,195,11279,On Time
500950,Air India,Delhi,Chennai,2467,2023-07-10 13:00:00,143,174,9911,Delayed
500951,Akasa Air,Bengaluru,Hyderabad,697,2023-07-10 14:00:00,8,120,6518,Delayed
500952,Akasa Air,Kolkata,Chennai,1409,2023-07-10 15:00:00,88,112,4101,Delayed
500953,IndiGo,Bengaluru,Chennai,583,2023-07-10 16:00:00,105,26,6325,On Time
500954,Air India,Mumbai,Chennai,1432,2023-07-10 17:00:00,160,41,13126,On Time
500955,IndiGo,Hyderabad,Bengaluru,1113,2023-07-10 18:00:00,94,176,11239,Delayed
500956,IndiGo,Mumbai,Hyderabad,1901,2023-07-10 19:00:00,47,115,5952,On Time
500957,SpiceJet,Chennai,Mumbai,304,2023-07-10 20:00:00,67,155,6211,On Time
500958,Akasa Air,Mumbai,Bengaluru,1481,2023-07-10 21:00:00,52,7,12560,On Time
500959,Vistara,Kolkata,Kolkata,1540,2023-07-10 22:00:00,94,76,13932,On Time
500960,Vistara,Chennai,Hyderabad,546,2023-07-10 23:00:00,43,54,10192,On Time
500961,Air India,Hyderabad,Bengaluru,1036,2023-07-11 00:00:00,161,18,15642,On Time
500962,Air India,Kolkata,Mumbai,2408,2023-07-11 01:00:00,-10,45,16079,On Time
500963,Vistara,Chennai,Hyderabad,2418,2023-07-11 02:00:00,152,144,16439,On Time
500964,Vistara,Bengaluru,Chennai,572,2023-07-11 03:00:00,72,79,6044,On Time
500965,Vistara,Mumbai,Delhi,1374,2023-07-11 04:00:00,132,18,13818,Cancelled
500966,Air India,Kolkata,Bengaluru,465,2023-07-11 05:00:00,142,38,15868,On Time
500967,Air India,Bengaluru,Kolkata,1180,2023-07-11 06:00:00,142,168,13015,Delayed
500968,Air India,Bengaluru,Bengaluru,1089,2023-07-11 07:00:00,-2,84,17975,Delayed
500969,Akasa Air,Hyderabad,Bengaluru,1166,2023-07-11 08:00:00,7,189,2946,Delayed
500970,SpiceJet,Mumbai,Hyderabad,1331,2023-07-11 09:00:00,103,193,13737,On Time
500971,SpiceJet,Chennai,Kolkata,824,2023-07-11 10:00:00,112,23,2533,On Time
500972,Akasa Air,Hyderabad,Kolkata,2002,2023-07-11 11:00:00,79,128,2694,On Time
500973,Akasa Air,Delhi,Hyderabad,389,2023-07-11 12:00:00,109,84,15584,On Time
500974,Akasa Air,Bengaluru,Delhi,1356,2023-07-11 13:00:00,22,46,3000,On Time
500975,Air India,Delhi,Chennai,408,2023-07-11 14:00:00,79,-3,12742,On Time
500976,Vistara,Chennai,Mumbai,2034,2023-07-11 15:00:00,153,68,8513,On Time
500977,Air India,Bengaluru,Mumbai,780,2023-07-11 16:00:00,134,78,7519,On Time
500978,Akasa Air,Kolkata,Delhi,2227,2023-07-11 17:00:00,77,147,13837,Delayed
500979,Vistara,Mumbai,Chennai,1511,2023-07-11 18:00:00,18,-12,6504,On Time
500980,SpiceJet,Mumbai,Kolkata,1318,2023-07-11 19:00:00,116,162,15556,On Time
500981,Vistara,Kolkata,Hyderabad,1531,2023-07-11 20:00:00,136,130,7314,On Time
500982,Air India,Hyderabad,Delhi,1611,2023-07-11 21:00:00,167,38,5175,On Time
500983,Air India,Kolkata,Hyderabad,477,2023-07-11 22:00:00,14,5,6243,On Time
500984,SpiceJet,Mumbai,Mumbai,2140,2023-07-11 23:00:00,125,148,4860,On Time
500985,Air India,Kolkata,Kolkata,981,2023-07-12 00:00:00,152,176,13472,Delayed
500986,SpiceJet,Bengaluru,Mumbai,2398,2023-07-12 01:00:00,178,3,13787,On Time
500987,Akasa Air,Bengaluru,Delhi,2112,2023-07-12 02:00:00,155,150,8824,Delayed
500988,SpiceJet,Hyderabad,Kolkata,2110,2023-07-12 03:00:00,151,159,4265,On Time
500989,SpiceJet,Bengaluru,Chennai,1436,2023-07-12 04:00:00,38,113,8026,Delayed
500990,Akasa Air,Chennai,Kolkata,328,2023-07-12 05:00:00,30,68,12379,On Time
500991,SpiceJet,Mumbai,Chennai,1269,2023-07-12 06:00:00,-1,128,9427,On Time
500992,Akasa Air,Mumbai,Delhi,2169,2023-07-12 07:00:00,147,162,4569,On Time
500993,Akasa Air,Hyderabad,Chennai,2091,2023-07-12 08:00:00,152,143,5880,On Time
500994,IndiGo,Hyderabad,Mumbai,2478,2023-07-12 09:00:00,158,55,3115,On Time
500995,Akasa Air,Chennai,Bengaluru,1664,2023-07-12 10:00:00,12,65,13114,On Time
500996,IndiGo,Bengaluru,Chennai,2070,2023-07-12 11:00:00,52,105,12680,On Time
500997,Air India,Hyderabad,Delhi,570,2023-07-12 12:00:00,58,154,8945,On Time
500998,SpiceJet,Kolkata,Hyderabad,670,2023-07-12 13:00:00,81,21,6452,On Time
500999,SpiceJet,Hyderabad,Hyderabad,2330,2023-07-12 14:00:00,2,10,5011,On Time
501000,Vistara,Hyderabad,Bengaluru,2226,2023-07-12 15:00:00,120,67,16894,Delayed
501001,Air India,Chennai,Bengaluru,1296,2023-07-12 16:00:00,53,195,4092,On Time
501002,Air India,Hyderabad,Mumbai,1502,2023-07-12 17:00:00,168,-12,11754,On Time
501003,Air India,Kolkata,Hyderabad,2473,2023-07-12 18:00:00,179,129,14605,On Time
501004,Air India,Bengaluru,Hyderabad,2459,2023-07-12 19:00:00,21,150,14525,On Time
501005,Air India,Chennai,Chennai,360,2023-07-12 20:00:00,74,195,14272,Delayed
501006,IndiGo,Hyderabad,Chennai,414,2023-07-12 21:00:00,101,73,7681,Delayed
501007,Air India,Kolkata,Hyderabad,1083,2023-07-12 22:00:00,64,141,5026,On Time
501008,Akasa Air,Delhi,Hyderabad,1229,2023-07-12 23:00:00,19,181,16872,On Time
501009,IndiGo,Chennai,Kolkata,508,2023-07-13 00:00:00,146,72,16485,Delayed
501010,SpiceJet,Kolkata,Kolkata,1759,2023-07-13 01:00:00,126,167,7971,On Time
501011,IndiGo,Hyderabad,Chennai,1869,2023-07-13 02:00:00,165,172,10308,Delayed
501012,Vistara,Kolkata,Delhi,1740,2023-07-13 03:00:00,64,56,15055,On Time
501013,SpiceJet,Hyderabad,Mumbai,2057,2023-07-13 04:00:00,175,-13,17918,On Time
501014,IndiGo,Mumbai,Bengaluru,1319,2023-07-13 05:00:00,109,35,3171,On Time
501015,IndiGo,Chennai,Mumbai,1205,2023-07-13 06:00:00,110,129,2664,Delayed
501016,Vistara,Chennai,Bengaluru,2126,2023-07-13 07:00:00,144,198,13091,Cancelled
501017,Vistara,Hyderabad,Chennai,923,2023-07-13 08:00:00,118,45,4280,On Time
501018,SpiceJet,Chennai,Chennai,2405,2023-07-13 09:00:00,147,15,14671,On Time
501019,Vistara,Hyderabad,Chennai,466,2023-07-13 10:00:00,49,136,3898,On Time
501020,IndiGo,Chennai,Delhi,1603,2023-07-13 11:00:00,120,82,17863,Delayed
501021,SpiceJet,Mumbai,Delhi,1516,2023-07-13 12:00:00,93,0,12224,Delayed
501022,Vistara,Chennai,Delhi,306,2023-07-13 13:00:00,-8,10,5988,On Time
501023,SpiceJet,Bengaluru,Bengaluru,1555,2023-07-13 14:00:00,54,11,3476,Delayed
501024,Vistara,Chennai,Bengaluru,2145,2023-07-13 15:00:00,148,144,10818,On Time
501025,SpiceJet,Mumbai,Chennai,1735,2023-07-13 16:00:00,55,178,13318,Delayed
501026,Vistara,Kolkata,Hyderabad,381,2023-07-13 17:00:00,18,190,12165,On Time
501027,Akasa Air,Kolkata,Delhi,1608,2023-07-13 18:00:00,110,130,10554,On Time
501028,Akasa Air,Bengaluru,Hyderabad,2318,2023-07-13 19:00:00,87,172,12831,On Time
501029,Vistara,Mumbai,Bengaluru,1420,2023-07-13 20:00:00,71,144,15068,On Time
501030,Akasa Air,Chennai,Mumbai,334,2023-07-13 21:00:00,168,13,15065,Delayed
501031,Vistara,Bengaluru,Hyderabad,2469,2023-07-13 22:00:00,161,60,14312,Cancelled
501032,Akasa Air,Mumbai,Delhi,2396,2023-07-13 23:00:00,161,151,13812,On Time
501033,Air India,Bengaluru,Mumbai,481,2023-07-14 00:00:00,66,199,17052,Delayed
501034,Air India,Kolkata,Hyderabad,2128,2023-07-14 01:00:00,-10,137,15294,On Time
501035,SpiceJet,Delhi,Bengaluru,814,2023-07-14 02:00:00,45,130,11311,Delayed
501036,SpiceJet,Mumbai,Delhi,1710,2023-07-14 03:00:00,-5,161,7359,On Time
501037,Air India,Kolkata,Hyderabad,778,2023-07-14 04:00:00,118,0,11807,On Time
501038,Akasa Air,Mumbai,Delhi,1433,2023-07-14 05:00:00,7,105,15458,On Time
501039,SpiceJet,Mumbai,Chennai,2478,2023-07-14 06:00:00,48,72,16632,On Time
501040,SpiceJet,Kolkata,Mumbai,1596,2023-07-14 07:00:00,52,8,15846,On Time
501041,Vistara,Delhi,Kolkata,1225,2023-07-14 08:00:00,77,-15,6498,On Time
501042,Vistara,Delhi,Delhi,1268,2023-07-14 09:00:00,6,21,11190,On Time
501043,Air India,Hyderabad,Chennai,515,2023-07-14 10:00:00,-7,123,8323,Delayed
501044,SpiceJet,Chennai,Chennai,541,2023-07-14 11:00:00,163,35,10030,On Time
501045,Air India,Kolkata,Bengaluru,1981,2023-07-14 12:00:00,11,190,2671,On Time
501046,Air India,Mumbai,Delhi,1630,2023-07-14 13:00:00,47,23,3209,On Time
501047,IndiGo,Chennai,Mumbai,983,2023-07-14 14:00:00,69,123,2738,On Time
501048,Vistara,Hyderabad,Bengaluru,1319,2023-07-14 15:00:00,114,106,7290,On Time
501049,IndiGo,Hyderabad,Hyderabad,2016,2023-07-14 16:00:00,105,113,13498,Delayed
501050,Vistara,Kolkata,Kolkata,1927,2023-07-14 17:00:00,88,127,2699,On Time
501051,Akasa Air,Hyderabad,Chennai,2035,2023-07-14 18:00:00,5,12,14030,On Time
501052,Vistara,Chennai,Bengaluru,1035,2023-07-14 19:00:00,22,124,9763,Delayed
501053,IndiGo,Mumbai,Hyderabad,600,2023-07-14 20:00:00,28,99,3719,On Time
501054,SpiceJet,Kolkata,Mumbai,1882,2023-07-14 21:00:00,109,-3,11556,On Time
501055,Akasa Air,Delhi,Bengaluru,2396,2023-07-14 22:00:00,56,16,14839,On Time
501056,IndiGo,Mumbai,Hyderabad,758,2023-07-14 23:00:00,178,113,15493,On Time
501057,Vistara,Kolkata,Hyderabad,1473,2023-07-15 00:00:00,1,120,8942,On Time
501058,Vistara,Bengaluru,Chennai,733,2023-07-15 01:00:00,84,169,10052,On Time
501059,IndiGo,Chennai,Bengaluru,1809,2023-07-15 02:00:00,21,104,7850,On Time
501060,Vistara,Kolkata,Hyderabad,2008,2023-07-15 03:00:00,64,140,11764,Delayed
501061,IndiGo,Delhi,Kolkata,781,2023-07-15 04:00:00,148,3,4749,Delayed
501062,IndiGo,Mumbai,Delhi,922,2023-07-15 05:00:00,59,109,7452,Delayed
501063,SpiceJet,Bengaluru,Hyderabad,923,2023-07-15 06:00:00,78,152,12353,Delayed
501064,Air India,Delhi,Kolkata,1328,2023-07-15 07:00:00,173,141,5163,Cancelled
501065,IndiGo,Hyderabad,Bengaluru,1223,2023-07-15 08:00:00,175,28,15998,Delayed
501066,Akasa Air,Mumbai,Mumbai,2301,2023-07-15 09:00:00,29,151,10938,On Time
501067,SpiceJet,Mumbai,Mumbai,1088,2023-07-15 10:00:00,110,95,11861,On Time
501068,Akasa Air,Kolkata,Chennai,717,2023-07-15 11:00:00,131,182,13014,On Time
501069,Akasa Air,Delhi,Hyderabad,1760,2023-07-15 12:00:00,28,150,4053,On Time
501070,Akasa Air,Chennai,Hyderabad,1980,2023-07-15 13:00:00,145,12,10812,On Time
501071,Vistara,Kolkata,Mumbai,2330,2023-07-15 14:00:00,62,154,11835,Delayed
501072,Akasa Air,Delhi,Bengaluru,1499,2023-07-15 15:00:00,125,58,13763,On Time
501073,IndiGo,Delhi,Chennai,1605,2023-07-15 16:00:00,148,-15,3696,On Time
501074,IndiGo,Mumbai,Delhi,486,2023-07-15 17:00:00,58,24,14608,On Time
501075,Air India,Delhi,Chennai,885,2023-07-15 18:00:00,41,145,13900,Delayed
501076,IndiGo,Kolkata,Hyderabad,1094,2023-07-15 19:00:00,8,54,15093,On Time
501077,Vistara,Hyderabad,Chennai,1573,2023-07-15 20:00:00,131,35,3866,Delayed
501078,Akasa Air,Kolkata,Bengaluru,1291,2023-07-15 21:00:00,2,113,7659,Delayed
501079,Vistara,Kolkata,Hyderabad,510,2023-07-15 22:00:00,76,16,4667,On Time
501080,Air India,Mumbai,Bengaluru,848,2023-07-15 23:00:00,62,43,10153,On Time
501081,Air India,Delhi,Chennai,1712,2023-07-16 00:00:00,68,43,10948,Delayed
501082,Air India,Delhi,Kolkata,1073,2023-07-16 01:00:00,161,31,5994,On Time
501083,Air India,Bengaluru,Delhi,1965,2023-07-16 02:00:00,40,75,17882,On Time
501084,SpiceJet,Bengaluru,Kolkata,688,2023-07-16 03:00:00,87,97,17484,Delayed
501085,IndiGo,Hyderabad,Hyderabad,361,2023-07-16 04:00:00,106,141,11912,On Time
501086,IndiGo,Mumbai,Hyderabad,1331,2023-07-16 05:00:00,98,16,14662,On Time
501087,IndiGo,Bengaluru,Delhi,1119,2023-07-16 06:00:00,80,58,9224,On Time
501088,Air India,Chennai,Bengaluru,805,2023-07-16 07:00:00,15,4,10337,Delayed
501089,Akasa Air,Bengaluru,Bengaluru,1338,2023-07-16 08:00:00,169,130,8350,On Time
501090,Air India,Hyderabad,Bengaluru,1241,2023-07-16 09:00:00,15,128,9920,On Time
501091,Vistara,Chennai,Bengaluru,1071,2023-07-16 10:00:00,175,104,9301,On Time
501092,Akasa Air,Mumbai,Chennai,2448,2023-07-16 11:00:00,71,-9,4703,On Time
501093,SpiceJet,Kolkata,Mumbai,1330,2023-07-16 12:00:00,27,24,14762,On Time
501094,SpiceJet,Kolkata,Kolkata,1880,2023-07-16 13:00:00,37,182,3430,Delayed
501095,Air India,Kolkata,Hyderabad,1157,2023-07-16 14:00:00,9,134,13276,Delayed
501096,Vistara,Kolkata,Hyderabad,2238,2023-07-16 15:00:00,138,103,14754,Delayed
501097,Vistara,Chennai,Delhi,1795,2023-07-16 16:00:00,29,128,16706,On Time
501098,Akasa Air,Hyderabad,Mumbai,1438,2023-07-16 17:00:00,54,34,17582,Delayed
501099,Air India,Kolkata,Bengaluru,2039,2023-07-16 18:00:00,42,136,8520,On Time
501100,SpiceJet,Chennai,Kolkata,1052,2023-07-16 19:00:00,39,27,11997,On Time
501101,Akasa Air,Delhi,Bengaluru,1100,2023-07-16 20:00:00,53,145,8323,Cancelled
501102,IndiGo,Kolkata,Mumbai,1230,2023-07-16 21:00:00,93,131,8234,On Time
501103,Air India,Hyderabad,Hyderabad,2186,2023-07-16 22:00:00,146,146,12063,Delayed
501104,Vistara,Kolkata,Kolkata,917,2023-07-16 23:00:00,132,127,17343,Delayed
501105,Vistara,Bengaluru,Hyderabad,1281,2023-07-17 00:00:00,37,2,13444,On Time
501106,Akasa Air,Kolkata,Hyderabad,2151,2023-07-17 01:00:00,52,87,14625,On Time
501107,IndiGo,Chennai,Bengaluru,2117,2023-07-17 02:00:00,59,5,17164,On Time
501108,Akasa Air,Mumbai,Mumbai,1126,2023-07-17 03:00:00,-7,97,4000,Cancelled
501109,IndiGo,Bengaluru,Bengaluru,2185,2023-07-17 04:00:00,179,30,12673,Delayed
501110,Akasa Air,Hyderabad,Delhi,2152,2023-07-17 05:00:00,23,20,5195,Cancelled
501111,SpiceJet,Mumbai,Kolkata,1538,2023-07-17 06:00:00,27,180,17312,Delayed
501112,Akasa Air,Bengaluru,Chennai,2336,2023-07-17 07:00:00,128,178,3857,On Time
501113,SpiceJet,Mumbai,Kolkata,640,2023-07-17 08:00:00,36,39,9684,Delayed
501114,IndiGo,Bengaluru,Kolkata,900,2023-07-17 09:00:00,103,132,7102,Cancelled
501115,IndiGo,Mumbai,Hyderabad,324,2023-07-17 10:00:00,95,72,3487,On Time
501116,SpiceJet,Mumbai,Bengaluru,1618,2023-07-17 11:00:00,68,22,8452,On Time
501117,Vistara,Bengaluru,Mumbai,405,2023-07-17 12:00:00,105,-13,10986,On Time
501118,Air India,Delhi,Bengaluru,2054,2023-07-17 13:00:00,141,179,12390,Delayed
501119,Akasa Air,Delhi,Bengaluru,1182,2023-07-17 14:00:00,40,15,16863,On Time
501120,SpiceJet,Hyderabad,Kolkata,1796,2023-07-17 15:00:00,113,184,17281,On Time
501121,Akasa Air,Kolkata,Kolkata,1807,2023-07-17 16:00:00,31,82,7864,On Time
501122,Air India,Bengaluru,Hyderabad,1634,2023-07-17 17:00:00,-4,188,4006,On Time
501123,Vistara,Kolkata,Kolkata,1442,2023-07-17 18:00:00,8,48,17343,Delayed
501124,IndiGo,Mumbai,Kolkata,2056,2023-07-17 19:00:00,130,102,9622,On Time
501125,Vistara,Kolkata,Bengaluru,351,2023-07-17 20:00:00,107,188,12517,On Time
501126,Air India,Hyderabad,Delhi,1103,2023-07-17 21:00:00,66,47,8917,On Time
501127,IndiGo,Kolkata,Mumbai,1790,2023-07-17 22:00:00,23,182,4911,On Time
501128,SpiceJet,Kolkata,Mumbai,679,2023-07-17 23:00:00,137,130,8571,Delayed
501129,Vistara,Kolkata,Hyderabad,566,2023-07-18 00:00:00,126,52,4176,Delayed
501130,Vistara,Delhi,Bengaluru,1527,2023-07-18 01:00:00,28,90,15579,Delayed
501131,Air India,Delhi,Kolkata,1785,2023-07-18 02:00:00,117,141,7905,On Time
501132,Akasa Air,Bengaluru,Kolkata,2373,2023-07-18 03:00:00,157,185,10056,On Time
501133,IndiGo,Chennai,Kolkata,540,2023-07-18 04:00:00,139,-4,11712,Delayed
501134,Akasa Air,Mumbai,Kolkata,1156,2023-07-18 05:00:00,148,166,14163,Delayed
501135,Air India,Kolkata,Bengaluru,1557,2023-07-18 06:00:00,97,-6,11805,Delayed
501136,Air India,Mumbai,Bengaluru,685,2023-07-18 07:00:00,49,185,3425,On Time
501137,Akasa Air,Kolkata,Bengaluru,2155,2023-07-18 08:00:00,122,167,6946,On Time
501138,SpiceJet,Bengaluru,Mumbai,2432,2023-07-18 09:00:00,24,188,8862,On Time
501139,Vistara,Mumbai,Bengaluru,2216,2023-07-18 10:00:00,37,77,2629,On Time
501140,SpiceJet,Kolkata,Kolkata,418,2023-07-18 11:00:00,61,140,14620,On Time
501141,IndiGo,Delhi,Mumbai,374,2023-07-18 12:00:00,128,31,4053,Delayed
501142,IndiGo,Hyderabad,Hyderabad,2173,2023-07-18 13:00:00,109,89,11479,Delayed
501143,Vistara,Chennai,Chennai,1594,2023-07-18 14:00:00,156,1,14827,Delayed
501144,SpiceJet,Mumbai,Delhi,1830,2023-07-18 15:00:00,7,125,7050,Delayed
501145,Vistara,Bengaluru,Mumbai,1309,2023-07-18 16:00:00,157,96,10405,Delayed
501146,IndiGo,Hyderabad,Mumbai,891,2023-07-18 17:00:00,129,42,9841,Delayed
501147,Air India,Mumbai,Mumbai,2064,2023-07-18 18:00:00,11,115,15545,On Time
501148,Vistara,Bengaluru,Mumbai,639,2023-07-18 19:00:00,-9,37,17696,Delayed
501149,Akasa Air,Delhi,Kolkata,338,2023-07-18 20:00:00,14,187,17570,On Time
501150,Akasa Air,Hyderabad,Hyderabad,1872,2023-07-18 21:00:00,172,8,4841,Delayed
501151,SpiceJet,Mumbai,Delhi,626,2023-07-18 22:00:00,26,128,14227,On Time
501152,Vistara,Chennai,Hyderabad,1037,2023-07-18 23:00:00,60,177,17851,On Time
501153,SpiceJet,Delhi,Delhi,705,2023-07-19 00:00:00,40,30,10792,Delayed
501154,Akasa Air,Hyderabad,Kolkata,1640,2023-07-19 01:00:00,47,162,13842,Delayed
501155,IndiGo,Mumbai,Bengaluru,920,2023-07-19 02:00:00,23,28,3248,On Time
501156,SpiceJet,Kolkata,Kolkata,1904,2023-07-19 03:00:00,161,172,11399,On Time
501157,Vistara,Delhi,Delhi,2154,2023-07-19 04:00:00,85,122,16355,On Time
501158,SpiceJet,Delhi,Chennai,1581,2023-07-19 05:00:00,141,124,3374,Cancelled
501159,SpiceJet,Delhi,Mumbai,871,2023-07-19 06:00:00,66,137,17994,On Time
501160,IndiGo,Hyderabad,Kolkata,2007,2023-07-19 07:00:00,177,170,16058,On Time
501161,SpiceJet,Mumbai,Hyderabad,2453,2023-07-19 08:00:00,115,-6,6080,Delayed
501162,Air India,Delhi,Chennai,1285,2023-07-19 09:00:00,19,84,13020,On Time
501163,SpiceJet,Hyderabad,Delhi,1761,2023-07-19 10:00:00,160,61,11529,On Time
501164,Vistara,Chennai,Hyderabad,691,2023-07-19 11:00:00,172,89,11894,Delayed
501165,Air India,Delhi,Bengaluru,1758,2023-07-19 12:00:00,12,41,14157,On Time
501166,Air India,Delhi,Chennai,1440,2023-07-19 13:00:00,144,61,13780,On Time
501167,Akasa Air,Mumbai,Mumbai,1653,2023-07-19 14:00:00,74,165,14159,On Time
501168,Vistara,Kolkata,Delhi,930,2023-07-19 15:00:00,135,34,14357,Cancelled
501169,IndiGo,Bengaluru,Mumbai,2487,2023-07-19 16:00:00,61,179,5393,On Time
501170,Akasa Air,Bengaluru,Delhi,2114,2023-07-19 17:00:00,53,140,7469,Delayed
501171,Akasa Air,Bengaluru,Mumbai,503,2023-07-19 18:00:00,54,109,17352,On Time
501172,Air India,Mumbai,Mumbai,2271,2023-07-19 19:00:00,71,199,2504,On Time
501173,SpiceJet,Kolkata,Kolkata,2071,2023-07-19 20:00:00,161,82,4060,On Time
501174,Vistara,Bengaluru,Mumbai,781,2023-07-19 21:00:00,158,65,15347,Delayed
501175,SpiceJet,Chennai,Mumbai,908,2023-07-19 22:00:00,36,104,4900,Delayed
501176,Air India,Bengaluru,Mumbai,481,2023-07-19 23:00:00,136,87,8730,On Time
501177,Akasa Air,Delhi,Kolkata,667,2023-07-20 00:00:00,21,51,12248,On Time
501178,Akasa Air,Kolkata,Mumbai,1126,2023-07-20 01:00:00,163,168,3906,On Time
501179,IndiGo,Hyderabad,Bengaluru,853,2023-07-20 02:00:00,159,65,8426,On Time
501180,SpiceJet,Kolkata,Mumbai,622,2023-07-20 03:00:00,-6,153,16254,On Time
501181,Air India,Mumbai,Mumbai,431,2023-07-20 04:00:00,22,-14,3272,On Time
501182,IndiGo,Kolkata,Hyderabad,1309,2023-07-20 05:00:00,50,41,4612,On Time
501183,Akasa Air,Hyderabad,Delhi,968,2023-07-20 06:00:00,26,75,17228,Delayed
501184,IndiGo,Hyderabad,Bengaluru,875,2023-07-20 07:00:00,36,62,3701,On Time
501185,SpiceJet,Chennai,Kolkata,1329,2023-07-20 08:00:00,62,125,7843,Delayed
501186,Akasa Air,Bengaluru,Delhi,1771,2023-07-20 09:00:00,79,33,16331,On Time
501187,Vistara,Chennai,Bengaluru,653,2023-07-20 10:00:00,174,163,14849,On Time
501188,SpiceJet,Bengaluru,Kolkata,1687,2023-07-20 11:00:00,-6,104,13781,Delayed
501189,Air India,Delhi,Chennai,1880,2023-07-20 12:00:00,139,141,5608,Delayed
501190,SpiceJet,Kolkata,Bengaluru,570,2023-07-20 13:00:00,173,167,7763,Delayed
501191,Vistara,Kolkata,Mumbai,2409,2023-07-20 14:00:00,124,10,6383,Delayed
501192,SpiceJet,Mumbai,Kolkata,1003,2023-07-20 15:00:00,164,91,10620,On Time
501193,Vistara,Kolkata,Bengaluru,1004,2023-07-20 16:00:00,142,131,7004,On Time
501194,Vistara,Chennai,Hyderabad,735,2023-07-20 17:00:00,168,-3,9102,On Time
501195,Akasa Air,Mumbai,Delhi,1625,2023-07-20 18:00:00,51,96,10904,On Time
501196,Vistara,Kolkata,Delhi,2257,2023-07-20 19:00:00,88,183,12519,On Time
501197,Vistara,Mumbai,Chennai,1394,2023-07-20 20:00:00,106,173,11492,Delayed
501198,Akasa Air,Chennai,Bengaluru,1735,2023-07-20 21:00:00,40,11,13219,On Time
501199,Vistara,Delhi,Kolkata,1452,2023-07-20 22:00:00,94,2,6051,Delayed
501200,IndiGo,Mumbai,Kolkata,1525,2023-07-20 23:00:00,95,104,9283,Delayed
501201,SpiceJet,Mumbai,Chennai,2452,2023-07-21 00:00:00,167,95,12591,On Time
501202,IndiGo,Kolkata,Chennai,575,2023-07-21 01:00:00,56,46,10932,Delayed
501203,Vistara,Bengaluru,Bengaluru,2014,2023-07-21 02:00:00,-7,-14,8589,On Time
501204,Air India,Delhi,Bengaluru,2399,2023-07-21 03:00:00,59,40,2970,On Time
501205,Vistara,Kolkata,Hyderabad,582,2023-07-21 04:00:00,46,134,12291,On Time
501206,SpiceJet,Mumbai,Chennai,1300,2023-07-21 05:00:00,117,98,3485,Delayed
501207,IndiGo,Mumbai,Kolkata,2176,2023-07-21 06:00:00,34,1,2868,On Time
501208,Air India,Kolkata,Hyderabad,2290,2023-07-21 07:00:00,37,140,8781,Delayed
501209,IndiGo,Chennai,Mumbai,2038,2023-07-21 08:00:00,89,169,15404,On Time
501210,Air India,Kolkata,Mumbai,1669,2023-07-21 09:00:00,138,105,7886,On Time
501211,IndiGo,Bengaluru,Hyderabad,630,2023-07-21 10:00:00,89,179,9704,On Time
501212,Akasa Air,Hyderabad,Chennai,1442,2023-07-21 11:00:00,157,-1,10482,On Time
501213,Vistara,Bengaluru,Bengaluru,1368,2023-07-21 12:00:00,165,19,14861,Delayed
501214,IndiGo,Kolkata,Chennai,613,2023-07-21 13:00:00,151,127,11842,Delayed
501215,Vistara,Chennai,Delhi,2097,2023-07-21 14:00:00,65,-5,8828,Delayed
501216,SpiceJet,Mumbai,Chennai,800,2023-07-21 15:00:00,56,5,13471,On Time
501217,IndiGo,Delhi,Chennai,1858,2023-07-21 16:00:00,11,133,8529,On Time
501218,IndiGo,Chennai,Mumbai,2249,2023-07-21 17:00:00,143,149,8900,On Time
501219,Air India,Bengaluru,Mumbai,769,2023-07-21 18:00:00,44,49,15042,Delayed
501220,Air India,Mumbai,Mumbai,2461,2023-07-21 19:00:00,3,78,5377,On Time
501221,SpiceJet,Delhi,Mumbai,1079,2023-07-21 20:00:00,133,140,11002,Delayed
501222,Vistara,Bengaluru,Bengaluru,1711,2023-07-21 21:00:00,51,37,10966,On Time
501223,Vistara,Kolkata,Chennai,854,2023-07-21 22:00:00,43,85,16353,Delayed
501224,SpiceJet,Bengaluru,Mumbai,1032,2023-07-21 23:00:00,174,97,13176,Delayed
501225,SpiceJet,Hyderabad,Chennai,2430,2023-07-22 00:00:00,17,72,3084,On Time
501226,Air India,Bengaluru,Delhi,743,2023-07-22 01:00:00,65,173,3962,Delayed
501227,Akasa Air,Chennai,Hyderabad,1308,2023-07-22 02:00:00,158,33,15922,Delayed
501228,SpiceJet,Kolkata,Chennai,357,2023-07-22 03:00:00,74,47,11083,Delayed
501229,SpiceJet,Mumbai,Hyderabad,2381,2023-07-22 04:00:00,4,97,8970,On Time
501230,Air India,Mumbai,Hyderabad,2407,2023-07-22 05:00:00,178,-12,17556,Delayed
501231,Air India,Chennai,Delhi,624,2023-07-22 06:00:00,32,101,12262,Delayed
501232,IndiGo,Bengaluru,Hyderabad,1899,2023-07-22 07:00:00,133,148,7968,On Time
501233,Air India,Mumbai,Delhi,632,2023-07-22 08:00:00,170,135,13479,Delayed
501234,Vistara,Delhi,Kolkata,377,2023-07-22 09:00:00,92,113,17844,On Time
501235,Vistara,Kolkata,Bengaluru,1262,2023-07-22 10:00:00,68,189,16124,Delayed
501236,Vistara,Bengaluru,Chennai,1460,2023-07-22 11:00:00,84,-8,10414,On Time
501237,Vistara,Chennai,Bengaluru,314,2023-07-22 12:00:00,75,118,5861,On Time
501238,Air India,Kolkata,Bengaluru,2404,2023-07-22 13:00:00,157,85,3764,Delayed
501239,SpiceJet,Chennai,Bengaluru,337,2023-07-22 14:00:00,86,64,10657,On Time
501240,Akasa Air,Bengaluru,Chennai,732,2023-07-22 15:00:00,114,15,13271,On Time
501241,Vistara,Bengaluru,Mumbai,442,2023-07-22 16:00:00,178,120,16705,Delayed
501242,IndiGo,Kolkata,Mumbai,2064,2023-07-22 17:00:00,98,-9,3763,Delayed
501243,Air India,Bengaluru,Delhi,1862,2023-07-22 18:00:00,15,31,4853,Delayed
501244,SpiceJet,Hyderabad,Delhi,1415,2023-07-22 19:00:00,77,143,13070,On Time
501245,IndiGo,Hyderabad,Chennai,2415,2023-07-22 20:00:00,144,184,14093,Cancelled
501246,IndiGo,Delhi,Bengaluru,1731,2023-07-22 21:00:00,58,175,12491,On Time
501247,IndiGo,Kolkata,Bengaluru,1220,2023-07-22 22:00:00,70,9,12676,On Time
501248,IndiGo,Delhi,Delhi,1919,2023-07-22 23:00:00,49,96,8388,Delayed
501249,IndiGo,Kolkata,Mumbai,1948,2023-07-23 00:00:00,97,131,3145,On Time
501250,SpiceJet,Mumbai,Bengaluru,1308,2023-07-23 01:00:00,134,182,5234,On Time
501251,Air India,Hyderabad,Delhi,1689,2023-07-23 02:00:00,21,117,7827,Delayed
501252,Air India,Kolkata,Chennai,1855,2023-07-23 03:00:00,92,89,4845,On Time
501253,IndiGo,Chennai,Delhi,1680,2023-07-23 04:00:00,82,8,9239,On Time
501254,Air India,Bengaluru,Bengaluru,2137,2023-07-23 05:00:00,137,96,14310,Delayed
501255,IndiGo,Chennai,Kolkata,1699,2023-07-23 06:00:00,110,173,8985,On Time
501256,Air India,Mumbai,Bengaluru,674,2023-07-23 07:00:00,9,12,10295,On Time
501257,Air India,Chennai,Kolkata,2259,2023-07-23 08:00:00,7,122,14523,Cancelled
501258,IndiGo,Bengaluru,Hyderabad,468,2023-07-23 09:00:00,61,10,15770,On Time
501259,IndiGo,Delhi,Chennai,2310,2023-07-23 10:00:00,154,68,8083,On Time
501260,SpiceJet,Chennai,Chennai,2203,2023-07-23 11:00:00,94,29,5018,Delayed
501261,IndiGo,Kolkata,Bengaluru,2148,2023-07-23 12:00:00,44,153,16141,On Time
501262,Akasa Air,Bengaluru,Hyderabad,2020,2023-07-23 13:00:00,98,133,7210,Delayed
501263,Air India,Hyderabad,Hyderabad,797,2023-07-23 14:00:00,11,90,8124,On Time
501264,Air India,Mumbai,Delhi,568,2023-07-23 15:00:00,81,10,17761,Delayed
501265,Vistara,Mumbai,Delhi,731,2023-07-23 16:00:00,99,1,11951,On Time
501266,Air India,Mumbai,Delhi,1393,2023-07-23 17:00:00,153,57,8231,On Time
501267,SpiceJet,Chennai,Chennai,2336,2023-07-23 18:00:00,167,50,11841,Delayed
501268,Akasa Air,Kolkata,Chennai,2434,2023-07-23 19:00:00,5,29,9944,On Time
501269,Akasa Air,Delhi,Hyderabad,595,2023-07-23 20:00:00,147,91,16378,On Time
501270,IndiGo,Mumbai,Bengaluru,1326,2023-07-23 21:00:00,104,53,12393,On Time
501271,IndiGo,Delhi,Hyderabad,1963,2023-07-23 22:00:00,81,123,4141,On Time
501272,Akasa Air,Hyderabad,Chennai,397,2023-07-23 23:00:00,22,3,6925,Delayed
501273,IndiGo,Chennai,Kolkata,1167,2023-07-24 00:00:00,-5,16,9182,On Time
501274,SpiceJet,Kolkata,Chennai,2325,2023-07-24 01:00:00,174,119,15018,On Time
501275,IndiGo,Hyderabad,Kolkata,1520,2023-07-24 02:00:00,1,48,9719,On Time
501276,IndiGo,Kolkata,Kolkata,363,2023-07-24 03:00:00,2,106,16978,Delayed
501277,Vistara,Delhi,Chennai,354,2023-07-24 04:00:00,54,25,3816,On Time
501278,IndiGo,Delhi,Hyderabad,984,2023-07-24 05:00:00,163,105,17373,On Time
501279,Vistara,Bengaluru,Delhi,1763,2023-07-24 06:00:00,0,193,15261,On Time
501280,SpiceJet,Hyderabad,Mumbai,1362,2023-07-24 07:00:00,108,89,12355,Delayed
501281,IndiGo,Delhi,Bengaluru,962,2023-07-24 08:00:00,98,184,10189,On Time
501282,IndiGo,Delhi,Chennai,1600,2023-07-24 09:00:00,108,99,13646,Delayed
501283,SpiceJet,Chennai,Hyderabad,1700,2023-07-24 10:00:00,112,29,15022,Cancelled
501284,SpiceJet,Bengaluru,Mumbai,1625,2023-07-24 11:00:00,120,161,13679,Delayed
501285,SpiceJet,Mumbai,Mumbai,1869,2023-07-24 12:00:00,119,85,3401,Delayed
501286,SpiceJet,Chennai,Bengaluru,1924,2023-07-24 13:00:00,31,156,5787,On Time
501287,IndiGo,Mumbai,Chennai,1092,2023-07-24 14:00:00,63,19,14230,On Time
501288,SpiceJet,Delhi,Bengaluru,1459,2023-07-24 15:00:00,45,-15,14582,On Time
501289,Akasa Air,Delhi,Mumbai,696,2023-07-24 16:00:00,23,129,4263,Delayed
501290,IndiGo,Kolkata,Hyderabad,1076,2023-07-24 17:00:00,-8,181,7288,Delayed
501291,SpiceJet,Bengaluru,Delhi,1018,2023-07-24 18:00:00,137,10,6430,On Time
501292,IndiGo,Delhi,Kolkata,572,2023-07-24 19:00:00,29,179,15355,On Time
501293,IndiGo,Delhi,Bengaluru,1217,2023-07-24 20:00:00,88,-7,16915,Delayed
501294,Akasa Air,Hyderabad,Bengaluru,1320,2023-07-24 21:00:00,140,92,6156,On Time
501295,Vistara,Mumbai,Mumbai,405,2023-07-24 22:00:00,159,93,17636,On Time
501296,SpiceJet,Hyderabad,Chennai,1598,2023-07-24 23:00:00,77,189,9606,On Time
501297,Vistara,Chennai,Hyderabad,2413,2023-07-25 00:00:00,60,115,6305,On Time
501298,Akasa Air,Kolkata,Bengaluru,2358,2023-07-25 01:00:00,162,47,4450,Delayed
501299,IndiGo,Delhi,Hyderabad,2013,2023-07-25 02:00:00,16,74,17604,On Time
501300,SpiceJet,Mumbai,Kolkata,1275,2023-07-25 03:00:00,107,13,8299,On Time
501301,Air India,Delhi,Hyderabad,1829,2023-07-25 04:00:00,69,134,9962,Delayed
501302,Vistara,Mumbai,Chennai,1693,2023-07-25 05:00:00,87,88,9569,On Time
501303,Vistara,Chennai,Kolkata,1553,2023-07-25 06:00:00,11,21,4225,On Time
501304,IndiGo,Kolkata,Delhi,1997,2023-07-25 07:00:00,-4,193,10931,Delayed
501305,IndiGo,Hyderabad,Bengaluru,581,2023-07-25 08:00:00,-5,134,5016,Delayed
501306,IndiGo,Chennai,Mumbai,2162,2023-07-25 09:00:00,71,183,10823,On Time
501307,Air India,Kolkata,Bengaluru,1303,2023-07-25 10:00:00,26,58,8048,On Time
501308,Akasa Air,Hyderabad,Chennai,1813,2023-07-25 11:00:00,29,77,17344,Delayed
501309,IndiGo,Bengaluru,Chennai,1903,2023-07-25 12:00:00,46,13,8608,On Time
501310,SpiceJet,Hyderabad,Kolkata,1351,2023-07-25 13:00:00,73,158,5090,Delayed
501311,Vistara,Hyderabad,Mumbai,628,2023-07-25 14:00:00,-2,154,8495,Cancelled
501312,Vistara,Kolkata,Hyderabad,1659,2023-07-25 15:00:00,18,92,13122,On Time
501313,SpiceJet,Chennai,Chennai,1525,2023-07-25 16:00:00,63,90,3190,On Time
501314,Akasa Air,Mumbai,Mumbai,706,2023-07-25 17:00:00,55,22,11239,Delayed
501315,Vistara,Hyderabad,Bengaluru,346,2023-07-25 18:00:00,81,139,14926,Delayed
501316,Air India,Kolkata,Bengaluru,2402,2023-07-25 19:00:00,110,142,5791,On Time
501317,Akasa Air,Chennai,Mumbai,1677,2023-07-25 20:00:00,81,34,16645,On Time
501318,Air India,Hyderabad,Delhi,2238,2023-07-25 21:00:00,17,105,7431,On Time
501319,IndiGo,Delhi,Kolkata,1774,2023-07-25 22:00:00,113,106,17816,On Time
501320,SpiceJet,Mumbai,Delhi,2317,2023-07-25 23:00:00,61,52,16891,On Time
501321,IndiGo,Kolkata,Mumbai,1212,2023-07-26 00:00:00,170,151,12443,On Time
501322,Air India,Chennai,Mumbai,1720,2023-07-26 01:00:00,73,76,13207,Delayed
501323,Akasa Air,Hyderabad,Kolkata,309,2023-07-26 02:00:00,-9,147,3306,On Time
501324,SpiceJet,Bengaluru,Hyderabad,895,2023-07-26 03:00:00,147,57,8325,Delayed
501325,IndiGo,Bengaluru,Kolkata,1183,2023-07-26 04:00:00,34,-8,3411,Delayed
501326,IndiGo,Kolkata,Delhi,496,2023-07-26 05:00:00,22,33,17540,On Time
501327,Vistara,Kolkata,Delhi,1341,2023-07-26 06:00:00,158,136,6354,Delayed
501328,Akasa Air,Chennai,Hyderabad,932,2023-07-26 07:00:00,-8,78,12010,Delayed
501329,Vistara,Delhi,Bengaluru,555,2023-07-26 08:00:00,133,168,6417,Cancelled
501330,Air India,Hyderabad,Kolkata,1227,2023-07-26 09:00:00,31,72,3967,On Time
501331,Akasa Air,Chennai,Delhi,2325,2023-07-26 10:00:00,106,85,5937,On Time
501332,Akasa Air,Chennai,Delhi,908,2023-07-26 11:00:00,105,163,6419,On Time
501333,Vistara,Hyderabad,Kolkata,1118,2023-07-26 12:00:00,34,138,6302,On Time
501334,SpiceJet,Chennai,Hyderabad,2386,2023-07-26 13:00:00,38,4,11081,On Time
501335,IndiGo,Mumbai,Bengaluru,2342,2023-07-26 14:00:00,49,126,6092,On Time
501336,SpiceJet,Mumbai,Delhi,1284,2023-07-26 15:00:00,126,141,3445,Delayed
501337,Akasa Air,Kolkata,Hyderabad,1908,2023-07-26 16:00:00,3,111,13244,On Time
501338,SpiceJet,Chennai,Delhi,1041,2023-07-26 17:00:00,37,179,14537,On Time
501339,Vistara,Chennai,Mumbai,1881,2023-07-26 18:00:00,139,27,7702,On Time
501340,SpiceJet,Kolkata,Mumbai,1152,2023-07-26 19:00:00,140,153,8948,On Time
501341,SpiceJet,Hyderabad,Chennai,1197,2023-07-26 20:00:00,173,121,4868,On Time
501342,IndiGo,Delhi,Chennai,1355,2023-07-26 21:00:00,104,90,17075,On Time
501343,Akasa Air,Delhi,Kolkata,2332,2023-07-26 22:00:00,10,57,16160,On Time
501344,Vistara,Bengaluru,Kolkata,2420,2023-07-26 23:00:00,167,68,10741,Delayed
501345,IndiGo,Hyderabad,Mumbai,696,2023-07-27 00:00:00,58,81,9940,Delayed
501346,SpiceJet,Chennai,Mumbai,1799,2023-07-27 01:00:00,93,155,2705,On Time
501347,IndiGo,Mumbai,Kolkata,2390,2023-07-27 02:00:00,112,21,13751,On Time
501348,Akasa Air,Kolkata,Hyderabad,653,2023-07-27 03:00:00,-10,120,9897,On Time
501349,Vistara,Mumbai,Bengaluru,2401,2023-07-27 04:00:00,84,22,14836,Delayed
501350,SpiceJet,Mumbai,Chennai,646,2023-07-27 05:00:00,121,117,13837,Cancelled
501351,Air India,Delhi,Mumbai,1462,2023-07-27 06:00:00,28,177,5359,Delayed
501352,IndiGo,Kolkata,Bengaluru,1259,2023-07-27 07:00:00,154,48,14081,On Time
501353,Air India,Kolkata,Bengaluru,1113,2023-07-27 08:00:00,74,192,8788,On Time
501354,Vistara,Mumbai,Mumbai,1649,2023-07-27 09:00:00,143,86,16633,On Time
501355,SpiceJet,Delhi,Bengaluru,812,2023-07-27 10:00:00,179,44,8325,On Time
501356,Vistara,Kolkata,Delhi,2011,2023-07-27 11:00:00,64,89,17783,On Time
501357,Vistara,Bengaluru,Bengaluru,2293,2023-07-27 12:00:00,119,58,13825,Delayed
501358,Vistara,Delhi,Chennai,1081,2023-07-27 13:00:00,97,137,7055,Delayed
501359,IndiGo,Bengaluru,Chennai,1086,2023-07-27 14:00:00,16,55,11545,On Time
501360,SpiceJet,Hyderabad,Chennai,319,2023-07-27 15:00:00,136,113,2739,On Time
501361,IndiGo,Kolkata,Kolkata,1090,2023-07-27 16:00:00,127,102,17670,On Time
501362,Air India,Mumbai,Mumbai,1274,2023-07-27 17:00:00,91,70,12140,On Time
501363,Akasa Air,Chennai,Mumbai,1020,2023-07-27 18:00:00,69,73,10738,On Time
501364,SpiceJet,Hyderabad,Delhi,1757,2023-07-27 19:00:00,50,68,5987,Cancelled
501365,Air India,Delhi,Hyderabad,462,2023-07-27 20:00:00,21,118,3985,On Time
501366,SpiceJet,Bengaluru,Kolkata,1889,2023-07-27 21:00:00,114,44,11564,On Time
501367,IndiGo,Chennai,Kolkata,2464,2023-07-27 22:00:00,41,52,12937,On Time
501368,IndiGo,Chennai,Chennai,1001,2023-07-27 23:00:00,9,148,7077,On Time
501369,Air India,Bengaluru,Kolkata,667,2023-07-28 00:00:00,-9,194,8917,On Time
501370,SpiceJet,Delhi,Delhi,2046,2023-07-28 01:00:00,100,-1,7959,On Time
501371,Air India,Mumbai,Hyderabad,1232,2023-07-28 02:00:00,158,172,10083,On Time
501372,Air India,Mumbai,Mumbai,1928,2023-07-28 03:00:00,7,38,17659,On Time
501373,SpiceJet,Delhi,Hyderabad,1585,2023-07-28 04:00:00,2,55,11490,On Time
501374,IndiGo,Hyderabad,Delhi,2218,2023-07-28 05:00:00,103,48,13446,On Time
501375,IndiGo,Chennai,Chennai,705,2023-07-28 06:00:00,82,140,14114,On Time
501376,SpiceJet,Kolkata,Delhi,1228,2023-07-28 07:00:00,176,143,8984,On Time
501377,Air India,Delhi,Mumbai,582,2023-07-28 08:00:00,77,181,12485,Cancelled
501378,SpiceJet,Chennai,Kolkata,1394,2023-07-28 09:00:00,52,158,8406,Delayed
501379,Vistara,Bengaluru,Chennai,578,2023-07-28 10:00:00,73,90,17162,On Time
501380,IndiGo,Chennai,Delhi,1533,2023-07-28 11:00:00,67,134,16109,Delayed
501381,IndiGo,Delhi,Hyderabad,1483,2023-07-28 12:00:00,39,99,9191,On Time
501382,Vistara,Mumbai,Hyderabad,589,2023-07-28 13:00:00,178,193,6616,On Time
501383,Vistara,Mumbai,Chennai,2024,2023-07-28 14:00:00,1,165,7408,Delayed
501384,Akasa Air,Hyderabad,Bengaluru,688,2023-07-28 15:00:00,104,-4,10246,Cancelled
501385,IndiGo,Mumbai,Bengaluru,1099,2023-07-28 16:00:00,-4,180,3580,On Time
501386,SpiceJet,Hyderabad,Bengaluru,811,2023-07-28 17:00:00,168,37,4663,On Time
501387,SpiceJet,Mumbai,Chennai,2412,2023-07-28 18:00:00,166,139,10227,Delayed
501388,Vistara,Kolkata,Chennai,2332,2023-07-28 19:00:00,151,185,13100,Delayed
501389,Akasa Air,Chennai,Bengaluru,2258,2023-07-28 20:00:00,76,26,6345,On Time
501390,IndiGo,Mumbai,Chennai,861,2023-07-28 21:00:00,-8,143,4794,On Time
501391,Air India,Hyderabad,Chennai,897,2023-07-28 22:00:00,40,32,7401,On Time
501392,SpiceJet,Hyderabad,Kolkata,1211,2023-07-28 23:00:00,132,101,13079,On Time
501393,IndiGo,Delhi,Hyderabad,355,2023-07-29 00:00:00,161,98,16111,On Time
501394,Vistara,Hyderabad,Kolkata,1475,2023-07-29 01:00:00,43,186,4851,On Time
501395,Vistara,Bengaluru,Mumbai,574,2023-07-29 02:00:00,79,19,15365,Delayed
501396,SpiceJet,Hyderabad,Bengaluru,417,2023-07-29 03:00:00,155,61,7388,On Time
501397,Akasa Air,Delhi,Hyderabad,2376,2023-07-29 04:00:00,161,172,10951,On Time
501398,SpiceJet,Mumbai,Delhi,1339,2023-07-29 05:00:00,168,40,8270,On Time
501399,IndiGo,Delhi,Chennai,1435,2023-07-29 06:00:00,179,34,10519,Delayed
501400,Air India,Hyderabad,Mumbai,2452,2023-07-29 07:00:00,45,15,7602,On Time
501401,Akasa Air,Bengaluru,Chennai,1904,2023-07-29 08:00:00,156,102,2757,On Time
501402,Air India,Kolkata,Chennai,514,2023-07-29 09:00:00,131,104,14710,On Time
501403,Air India,Bengaluru,Mumbai,1292,2023-07-29 10:00:00,53,1,4275,On Time
501404,Air India,Hyderabad,Kolkata,945,2023-07-29 11:00:00,66,55,2587,On Time
501405,SpiceJet,Hyderabad,Mumbai,2311,2023-07-29 12:00:00,175,73,9495,Delayed
501406,IndiGo,Delhi,Chennai,1918,2023-07-29 13:00:00,79,198,13622,Delayed
501407,Akasa Air,Hyderabad,Hyderabad,791,2023-07-29 14:00:00,132,78,12542,On Time
501408,SpiceJet,Bengaluru,Hyderabad,2459,2023-07-29 15:00:00,114,184,12892,On Time
501409,SpiceJet,Chennai,Delhi,1622,2023-07-29 16:00:00,144,158,10908,On Time
501410,IndiGo,Delhi,Mumbai,2306,2023-07-29 17:00:00,149,64,15509,On Time
501411,Akasa Air,Chennai,Hyderabad,1263,2023-07-29 18:00:00,174,-11,4480,Delayed
501412,Vistara,Kolkata,Kolkata,423,2023-07-29 19:00:00,164,26,3601,Delayed
501413,SpiceJet,Mumbai,Delhi,1403,2023-07-29 20:00:00,35,163,2951,On Time
501414,Akasa Air,Bengaluru,Mumbai,1450,2023-07-29 21:00:00,59,25,14117,On Time
501415,IndiGo,Mumbai,Delhi,1246,2023-07-29 22:00:00,-6,67,3023,On Time
501416,Vistara,Kolkata,Hyderabad,2187,2023-07-29 23:00:00,63,154,12983,On Time
501417,Air India,Hyderabad,Delhi,304,2023-07-30 00:00:00,143,41,12162,On Time
501418,Vistara,Kolkata,Delhi,1126,2023-07-30 01:00:00,70,122,12240,On Time
501419,Air India,Chennai,Mumbai,1711,2023-07-30 02:00:00,110,114,11880,On Time
501420,IndiGo,Kolkata,Bengaluru,749,2023-07-30 03:00:00,19,25,17773,On Time
501421,Akasa Air,Bengaluru,Bengaluru,2346,2023-07-30 04:00:00,157,90,9877,On Time
501422,Vistara,Kolkata,Hyderabad,2318,2023-07-30 05:00:00,59,162,17150,On Time
501423,Akasa Air,Hyderabad,Delhi,2209,2023-07-30 06:00:00,78,128,13429,On Time
501424,Akasa Air,Kolkata,Chennai,1729,2023-07-30 07:00:00,93,54,11646,On Time
501425,IndiGo,Kolkata,Kolkata,2223,2023-07-30 08:00:00,36,194,17561,On Time
501426,Vistara,Kolkata,Delhi,1480,2023-07-30 09:00:00,77,55,5286,On Time
501427,IndiGo,Hyderabad,Kolkata,683,2023-07-30 10:00:00,160,14,10762,On Time
501428,SpiceJet,Bengaluru,Delhi,1515,2023-07-30 11:00:00,152,111,17422,Delayed
501429,Vistara,Mumbai,Delhi,361,2023-07-30 12:00:00,114,126,14438,On Time
501430,Akasa Air,Kolkata,Mumbai,1357,2023-07-30 13:00:00,79,123,6259,Delayed
501431,SpiceJet,Chennai,Mumbai,2143,2023-07-30 14:00:00,79,-14,15704,Delayed
501432,Air India,Bengaluru,Mumbai,2459,2023-07-30 15:00:00,114,135,6882,On Time
501433,Air India,Kolkata,Chennai,1163,2023-07-30 16:00:00,156,178,6156,Delayed
501434,Air India,Delhi,Kolkata,1444,2023-07-30 17:00:00,13,5,16186,Delayed
501435,Air India,Bengaluru,Kolkata,1706,2023-07-30 18:00:00,69,68,3979,Cancelled
501436,Vistara,Chennai,Kolkata,947,2023-07-30 19:00:00,56,113,5222,On Time
501437,Air India,Bengaluru,Bengaluru,1705,2023-07-30 20:00:00,18,27,7547,On Time
501438,IndiGo,Mumbai,Hyderabad,597,2023-07-30 21:00:00,0,59,9587,Delayed
501439,Akasa Air,Mumbai,Bengaluru,1217,2023-07-30 22:00:00,98,116,3323,On Time
501440,Air India,Chennai,Chennai,357,2023-07-30 23:00:00,45,102,17838,On Time
501441,IndiGo,Kolkata,Hyderabad,2053,2023-07-31 00:00:00,94,85,13225,On Time
501442,Vistara,Delhi,Bengaluru,903,2023-07-31 01:00:00,142,152,5815,On Time
501443,IndiGo,Kolkata,Hyderabad,639,2023-07-31 02:00:00,68,28,10585,On Time
501444,Akasa Air,Kolkata,Hyderabad,510,2023-07-31 03:00:00,162,157,8989,Delayed
501445,SpiceJet,Delhi,Chennai,1056,2023-07-31 04:00:00,94,163,11245,Delayed
501446,Air India,Mumbai,Mumbai,1762,2023-07-31 05:00:00,172,112,15719,On Time
501447,IndiGo,Bengaluru,Kolkata,981,2023-07-31 06:00:00,153,124,8767,On Time
501448,Air India,Delhi,Delhi,364,2023-07-31 07:00:00,92,124,8948,On Time
501449,Akasa Air,Chennai,Hyderabad,2258,2023-07-31 08:00:00,179,15,15960,On Time
501450,SpiceJet,Mumbai,Mumbai,1363,2023-07-31 09:00:00,122,198,15520,On Time
501451,Air India,Mumbai,Delhi,2329,2023-07-31 10:00:00,161,129,13056,Cancelled
501452,SpiceJet,Hyderabad,Mumbai,1923,2023-07-31 11:00:00,96,131,3416,On Time
501453,Akasa Air,Hyderabad,Hyderabad,359,2023-07-31 12:00:00,63,48,13547,On Time
501454,SpiceJet,Chennai,Bengaluru,2144,2023-07-31 13:00:00,73,118,5273,On Time
501455,SpiceJet,Mumbai,Bengaluru,823,2023-07-31 14:00:00,9,99,14943,On Time
501456,Akasa Air,Bengaluru,Kolkata,1403,2023-07-31 15:00:00,42,-2,12854,Delayed
501457,SpiceJet,Bengaluru,Delhi,1614,2023-07-31 16:00:00,69,20,10574,On Time
501458,IndiGo,Kolkata,Chennai,1277,2023-07-31 17:00:00,1,20,12658,On Time
501459,IndiGo,Bengaluru,Bengaluru,2452,2023-07-31 18:00:00,18,33,5704,Cancelled
501460,SpiceJet,Mumbai,Bengaluru,1788,2023-07-31 19:00:00,146,187,5491,On Time
501461,Air India,Chennai,Mumbai,1212,2023-07-31 20:00:00,69,106,16971,Delayed
501462,Air India,Delhi,Hyderabad,2289,2023-07-31 21:00:00,101,20,6704,Delayed
501463,IndiGo,Delhi,Hyderabad,1246,2023-07-31 22:00:00,107,40,14353,Delayed
501464,Air India,Delhi,Hyderabad,1607,2023-07-31 23:00:00,15,161,17488,On Time
501465,Air India,Chennai,Chennai,1554,2023-08-01 00:00:00,72,104,13301,On Time
501466,Vistara,Hyderabad,Mumbai,1388,2023-08-01 01:00:00,163,86,12497,On Time
501467,Air India,Bengaluru,Bengaluru,1880,2023-08-01 02:00:00,77,92,16114,On Time
501468,SpiceJet,Chennai,Delhi,911,2023-08-01 03:00:00,130,172,7002,Delayed
501469,Air India,Kolkata,Chennai,2279,2023-08-01 04:00:00,47,168,17136,On Time
501470,SpiceJet,Kolkata,Bengaluru,2262,2023-08-01 05:00:00,173,115,11269,Delayed
501471,Vistara,Bengaluru,Bengaluru,2266,2023-08-01 06:00:00,91,113,2816,On Time
501472,IndiGo,Chennai,Kolkata,2207,2023-08-01 07:00:00,6,124,9598,On Time
501473,Vistara,Mumbai,Delhi,429,2023-08-01 08:00:00,45,150,14137,On Time
501474,IndiGo,Bengaluru,Bengaluru,1640,2023-08-01 09:00:00,100,168,13626,On Time
501475,Air India,Chennai,Delhi,1357,2023-08-01 10:00:00,3,43,3510,On Time
501476,Vistara,Kolkata,Chennai,2068,2023-08-01 11:00:00,31,103,12832,On Time
501477,Akasa Air,Mumbai,Delhi,1392,2023-08-01 12:00:00,125,91,11210,Delayed
501478,SpiceJet,Hyderabad,Delhi,565,2023-08-01 13:00:00,179,-7,13060,On Time
501479,Air India,Chennai,Kolkata,636,2023-08-01 14:00:00,165,-14,6524,Cancelled
501480,SpiceJet,Mumbai,Bengaluru,1344,2023-08-01 15:00:00,151,195,10494,Delayed
501481,Air India,Mumbai,Delhi,826,2023-08-01 16:00:00,-10,8,6140,On Time
501482,IndiGo,Delhi,Hyderabad,1320,2023-08-01 17:00:00,64,52,10063,On Time
501483,Vistara,Chennai,Chennai,1253,2023-08-01 18:00:00,127,18,4428,On Time
501484,IndiGo,Delhi,Chennai,1434,2023-08-01 19:00:00,7,155,4203,On Time
501485,Akasa Air,Chennai,Bengaluru,1002,2023-08-01 20:00:00,50,3,10270,On Time
501486,Air India,Chennai,Bengaluru,646,2023-08-01 21:00:00,161,105,6681,On Time
501487,Air India,Hyderabad,Kolkata,1428,2023-08-01 22:00:00,50,47,4533,On Time
501488,Air India,Mumbai,Delhi,1218,2023-08-01 23:00:00,104,83,5440,Delayed
501489,Akasa Air,Bengaluru,Delhi,312,2023-08-02 00:00:00,87,122,12755,Cancelled
501490,IndiGo,Bengaluru,Mumbai,1744,2023-08-02 01:00:00,125,52,15087,On Time
501491,Vistara,Kolkata,Hyderabad,361,2023-08-02 02:00:00,33,8,12809,On Time
501492,Vistara,Kolkata,Delhi,751,2023-08-02 03:00:00,48,80,11129,On Time
501493,IndiGo,Bengaluru,Delhi,2311,2023-08-02 04:00:00,43,47,9850,On Time
501494,SpiceJet,Chennai,Kolkata,1050,2023-08-02 05:00:00,89,174,8536,On Time
501495,IndiGo,Delhi,Chennai,1478,2023-08-02 06:00:00,163,84,9696,Cancelled
501496,IndiGo,Hyderabad,Hyderabad,2147,2023-08-02 07:00:00,30,148,4393,On Time
501497,Vistara,Hyderabad,Chennai,1919,2023-08-02 08:00:00,173,167,13246,On Time
501498,IndiGo,Kolkata,Bengaluru,1153,2023-08-02 09:00:00,103,176,13228,Delayed
501499,Vistara,Kolkata,Kolkata,1984,2023-08-02 10:00:00,20,164,8445,Delayed
501500,Vistara,Kolkata,Hyderabad,1819,2023-08-02 11:00:00,11,7,3899,On Time
501501,Air India,Bengaluru,Hyderabad,378,2023-08-02 12:00:00,-6,-3,17065,On Time
501502,Air India,Bengaluru,Kolkata,739,2023-08-02 13:00:00,1,178,16912,On Time
501503,Air India,Bengaluru,Kolkata,2349,2023-08-02 14:00:00,121,63,3800,On Time
501504,Air India,Chennai,Bengaluru,1727,2023-08-02 15:00:00,126,136,13444,Delayed
501505,Vistara,Chennai,Bengaluru,2489,2023-08-02 16:00:00,115,168,8997,On Time
501506,Air India,Delhi,Kolkata,835,2023-08-02 17:00:00,140,-8,9548,On Time
501507,Vistara,Chennai,Chennai,2269,2023-08-02 18:00:00,139,60,10375,On Time
501508,IndiGo,Kolkata,Chennai,2455,2023-08-02 19:00:00,88,78,13053,On Time
501509,SpiceJet,Bengaluru,Bengaluru,1026,2023-08-02 20:00:00,107,178,13991,Delayed
501510,Air India,Mumbai,Delhi,1661,2023-08-02 21:00:00,-4,-9,14072,Delayed
501511,Akasa Air,Mumbai,Mumbai,1683,2023-08-02 22:00:00,148,69,9972,Cancelled
501512,IndiGo,Chennai,Bengaluru,1973,2023-08-02 23:00:00,102,118,17923,On Time
501513,IndiGo,Kolkata,Bengaluru,1897,2023-08-03 00:00:00,84,194,17691,On Time
501514,Air India,Bengaluru,Delhi,1990,2023-08-03 01:00:00,66,193,11690,On Time
501515,Akasa Air,Kolkata,Kolkata,1512,2023-08-03 02:00:00,103,166,14373,On Time
501516,Akasa Air,Hyderabad,Bengaluru,1281,2023-08-03 03:00:00,4,58,13932,Delayed
501517,IndiGo,Mumbai,Chennai,2483,2023-08-03 04:00:00,95,166,12281,On Time
501518,Akasa Air,Delhi,Delhi,1711,2023-08-03 05:00:00,-5,127,10811,On Time
501519,SpiceJet,Chennai,Bengaluru,2412,2023-08-03 06:00:00,84,41,7899,Cancelled
501520,IndiGo,Hyderabad,Chennai,1258,2023-08-03 07:00:00,31,77,5856,Delayed
501521,Air India,Kolkata,Chennai,566,2023-08-03 08:00:00,13,31,5723,On Time
501522,Akasa Air,Hyderabad,Chennai,2040,2023-08-03 09:00:00,21,13,9470,On Time
501523,SpiceJet,Mumbai,Mumbai,459,2023-08-03 10:00:00,23,-7,15245,On Time
501524,IndiGo,Hyderabad,Mumbai,1585,2023-08-03 11:00:00,64,154,9971,On Time
501525,Vistara,Chennai,Delhi,340,2023-08-03 12:00:00,108,88,5640,Delayed
501526,Air India,Bengaluru,Kolkata,375,2023-08-03 13:00:00,174,74,12183,On Time
501527,Akasa Air,Mumbai,Delhi,1387,2023-08-03 14:00:00,45,8,9858,On Time
501528,Vistara,Chennai,Bengaluru,1853,2023-08-03 15:00:00,82,165,2840,On Time
501529,Akasa Air,Mumbai,Chennai,1458,2023-08-03 16:00:00,155,42,16203,Delayed
501530,Vistara,Delhi,Hyderabad,2296,2023-08-03 17:00:00,131,144,16690,On Time
501531,IndiGo,Chennai,Bengaluru,2079,2023-08-03 18:00:00,80,143,16104,On Time
501532,Vistara,Hyderabad,Chennai,730,2023-08-03 19:00:00,135,71,15568,On Time
501533,Air India,Bengaluru,Kolkata,602,2023-08-03 20:00:00,63,-14,10737,Cancelled
501534,Air India,Mumbai,Hyderabad,1528,2023-08-03 21:00:00,42,102,14080,On Time
501535,Air India,Mumbai,Delhi,548,2023-08-03 22:00:00,54,87,5200,On Time
501536,Vistara,Bengaluru,Delhi,836,2023-08-03 23:00:00,14,178,3853,On Time
501537,IndiGo,Mumbai,Hyderabad,695,2023-08-04 00:00:00,110,8,9345,Cancelled
501538,Air India,Delhi,Delhi,398,2023-08-04 01:00:00,64,-5,16997,On Time
501539,Akasa Air,Hyderabad,Bengaluru,2335,2023-08-04 02:00:00,142,137,2634,Cancelled
501540,IndiGo,Hyderabad,Bengaluru,428,2023-08-04 03:00:00,66,110,9722,On Time
501541,SpiceJet,Chennai,Mumbai,1997,2023-08-04 04:00:00,151,94,17815,On Time
501542,Air India,Bengaluru,Mumbai,458,2023-08-04 05:00:00,49,0,15378,On Time
501543,Vistara,Chennai,Bengaluru,1572,2023-08-04 06:00:00,67,187,4563,On Time
501544,SpiceJet,Hyderabad,Delhi,1813,2023-08-04 07:00:00,121,64,12934,Delayed
501545,IndiGo,Chennai,Delhi,1721,2023-08-04 08:00:00,51,88,3612,On Time
501546,IndiGo,Chennai,Bengaluru,801,2023-08-04 09:00:00,8,2,11930,On Time
501547,Air India,Bengaluru,Hyderabad,1825,2023-08-04 10:00:00,88,-1,15690,Delayed
501548,IndiGo,Chennai,Kolkata,1251,2023-08-04 11:00:00,87,149,2730,On Time
501549,Akasa Air,Delhi,Chennai,475,2023-08-04 12:00:00,31,78,14829,Delayed
501550,Akasa Air,Mumbai,Bengaluru,1212,2023-08-04 13:00:00,177,19,17308,Delayed
501551,Air India,Hyderabad,Hyderabad,864,2023-08-04 14:00:00,128,153,4067,On Time
501552,IndiGo,Hyderabad,Hyderabad,1031,2023-08-04 15:00:00,99,129,8465,Delayed
501553,Air India,Bengaluru,Delhi,933,2023-08-04 16:00:00,106,128,12473,Delayed
501554,Akasa Air,Bengaluru,Delhi,956,2023-08-04 17:00:00,70,140,8541,On Time
501555,IndiGo,Delhi,Mumbai,996,2023-08-04 18:00:00,35,-11,4910,On Time
501556,IndiGo,Delhi,Bengaluru,686,2023-08-04 19:00:00,45,49,3880,On Time
501557,Vistara,Hyderabad,Mumbai,2410,2023-08-04 20:00:00,172,119,9480,On Time
501558,SpiceJet,Chennai,Kolkata,1887,2023-08-04 21:00:00,134,6,11537,Cancelled
501559,Air India,Hyderabad,Chennai,1159,2023-08-04 22:00:00,33,181,13008,Delayed
501560,IndiGo,Bengaluru,Hyderabad,2366,2023-08-04 23:00:00,173,68,16997,On Time
501561,Air India,Bengaluru,Mumbai,2452,2023-08-05 00:00:00,21,157,5284,On Time
501562,Vistara,Chennai,Hyderabad,754,2023-08-05 01:00:00,96,147,5511,On Time
501563,Air India,Mumbai,Delhi,2319,2023-08-05 02:00:00,92,41,11209,On Time
501564,IndiGo,Hyderabad,Mumbai,634,2023-08-05 03:00:00,62,178,17658,On Time
501565,IndiGo,Chennai,Mumbai,1664,2023-08-05 04:00:00,9,57,3077,Cancelled
501566,Vistara,Bengaluru,Mumbai,2264,2023-08-05 05:00:00,102,50,6744,Delayed
501567,Vistara,Mumbai,Kolkata,1351,2023-08-05 06:00:00,162,142,6719,Delayed
501568,Akasa Air,Kolkata,Hyderabad,1972,2023-08-05 07:00:00,77,49,13092,On Time
501569,Air India,Chennai,Hyderabad,2292,2023-08-05 08:00:00,100,88,14605,Delayed
501570,Vistara,Hyderabad,Chennai,1239,2023-08-05 09:00:00,89,167,5334,On Time
501571,Vistara,Chennai,Delhi,2124,2023-08-05 10:00:00,66,87,6325,On Time
501572,Akasa Air,Delhi,Chennai,1469,2023-08-05 11:00:00,129,161,9522,Delayed
501573,Air India,Chennai,Delhi,805,2023-08-05 12:00:00,3,7,7440,On Time
501574,Air India,Hyderabad,Kolkata,652,2023-08-05 13:00:00,2,95,11689,On Time
501575,Akasa Air,Hyderabad,Chennai,469,2023-08-05 14:00:00,71,40,6403,On Time
501576,IndiGo,Chennai,Chennai,692,2023-08-05 15:00:00,68,-5,11366,Delayed
501577,IndiGo,Hyderabad,Delhi,1700,2023-08-05 16:00:00,44,13,8375,Delayed
501578,Akasa Air,Delhi,Chennai,366,2023-08-05 17:00:00,30,156,9904,Delayed
501579,SpiceJet,Mumbai,Kolkata,1549,2023-08-05 18:00:00,99,62,5382,On Time
501580,Vistara,Bengaluru,Kolkata,1276,2023-08-05 19:00:00,175,127,16530,On Time
501581,Vistara,Delhi,Kolkata,398,2023-08-05 20:00:00,66,103,6828,On Time
501582,Air India,Mumbai,Chennai,776,2023-08-05 21:00:00,31,111,13315,On Time
501583,Air India,Chennai,Hyderabad,326,2023-08-05 22:00:00,30,105,17559,Delayed
501584,Air India,Mumbai,Hyderabad,1272,2023-08-05 23:00:00,4,17,5517,On Time
501585,Akasa Air,Kolkata,Hyderabad,415,2023-08-06 00:00:00,179,24,17458,On Time
501586,SpiceJet,Mumbai,Delhi,2238,2023-08-06 01:00:00,109,173,11774,On Time
501587,IndiGo,Mumbai,Hyderabad,820,2023-08-06 02:00:00,121,8,11595,On Time
501588,Air India,Delhi,Kolkata,1708,2023-08-06 03:00:00,-8,-15,6982,Delayed
501589,Air India,Chennai,Mumbai,2260,2023-08-06 04:00:00,93,163,7672,On Time
501590,SpiceJet,Bengaluru,Hyderabad,522,2023-08-06 05:00:00,136,85,7732,On Time
501591,SpiceJet,Hyderabad,Delhi,959,2023-08-06 06:00:00,105,43,14327,On Time
501592,Akasa Air,Delhi,Chennai,1000,2023-08-06 07:00:00,17,74,10918,On Time
501593,Vistara,Kolkata,Delhi,2432,2023-08-06 08:00:00,151,20,9850,On Time
501594,SpiceJet,Kolkata,Delhi,1222,2023-08-06 09:00:00,97,53,8045,On Time
501595,IndiGo,Bengaluru,Hyderabad,2099,2023-08-06 10:00:00,-5,-5,16593,Delayed
501596,SpiceJet,Bengaluru,Mumbai,430,2023-08-06 11:00:00,96,176,3584,On Time
501597,IndiGo,Bengaluru,Bengaluru,1475,2023-08-06 12:00:00,125,10,5008,Delayed
501598,Air India,Kolkata,Mumbai,1183,2023-08-06 13:00:00,125,181,4255,On Time
501599,Akasa Air,Bengaluru,Mumbai,410,2023-08-06 14:00:00,154,3,14542,On Time
501600,Akasa Air,Mumbai,Delhi,1286,2023-08-06 15:00:00,167,183,5492,On Time
501601,SpiceJet,Mumbai,Hyderabad,632,2023-08-06 16:00:00,57,181,12205,On Time
501602,IndiGo,Mumbai,Delhi,449,2023-08-06 17:00:00,74,132,14835,On Time
501603,Air India,Delhi,Hyderabad,1289,2023-08-06 18:00:00,119,190,14102,Cancelled
501604,Vistara,Delhi,Hyderabad,342,2023-08-06 19:00:00,95,70,6609,Delayed
501605,IndiGo,Mumbai,Bengaluru,1376,2023-08-06 20:00:00,15,114,14431,On Time
501606,Vistara,Bengaluru,Chennai,1177,2023-08-06 21:00:00,127,50,9185,Delayed
501607,SpiceJet,Kolkata,Hyderabad,1828,2023-08-06 22:00:00,151,13,10800,On Time
501608,Akasa Air,Delhi,Mumbai,1133,2023-08-06 23:00:00,117,-6,6022,On Time
501609,Vistara,Bengaluru,Mumbai,1518,2023-08-07 00:00:00,101,100,14378,Delayed
501610,Vistara,Hyderabad,Mumbai,614,2023-08-07 01:00:00,153,79,5671,Delayed
501611,Akasa Air,Delhi,Mumbai,1180,2023-08-07 02:00:00,109,81,9843,Delayed
501612,Vistara,Bengaluru,Delhi,394,2023-08-07 03:00:00,141,135,16412,On Time
501613,IndiGo,Kolkata,Delhi,1240,2023-08-07 04:00:00,39,125,13551,On Time
501614,SpiceJet,Kolkata,Bengaluru,2316,2023-08-07 05:00:00,52,37,9140,Delayed
501615,Air India,Hyderabad,Chennai,757,2023-08-07 06:00:00,83,2,6234,Delayed
501616,Air India,Chennai,Bengaluru,1608,2023-08-07 07:00:00,77,47,16458,On Time
501617,SpiceJet,Kolkata,Mumbai,614,2023-08-07 08:00:00,25,38,5261,Delayed
501618,SpiceJet,Hyderabad,Bengaluru,1281,2023-08-07 09:00:00,68,116,16953,Delayed
501619,Akasa Air,Kolkata,Chennai,1678,2023-08-07 10:00:00,13,101,12773,On Time
501620,IndiGo,Hyderabad,Bengaluru,1390,2023-08-07 11:00:00,80,84,7083,Delayed
501621,Vistara,Mumbai,Kolkata,1133,2023-08-07 12:00:00,123,99,17393,On Time
501622,Vistara,Kolkata,Kolkata,799,2023-08-07 13:00:00,161,54,10504,On Time
501623,SpiceJet,Delhi,Chennai,813,2023-08-07 14:00:00,25,16,13222,On Time
501624,Vistara,Bengaluru,Kolkata,2390,2023-08-07 15:00:00,101,165,13878,On Time
501625,SpiceJet,Chennai,Bengaluru,1472,2023-08-07 16:00:00,18,97,7595,On Time
501626,SpiceJet,Kolkata,Chennai,441,2023-08-07 17:00:00,155,128,2702,On Time
501627,Akasa Air,Chennai,Kolkata,2470,2023-08-07 18:00:00,56,76,16795,On Time
501628,SpiceJet,Delhi,Delhi,1483,2023-08-07 19:00:00,92,189,4068,On Time
501629,SpiceJet,Chennai,Mumbai,501,2023-08-07 20:00:00,-9,142,6799,On Time
501630,Akasa Air,Chennai,Chennai,2054,2023-08-07 21:00:00,49,74,16324,On Time
501631,Akasa Air,Chennai,Kolkata,1771,2023-08-07 22:00:00,123,74,6773,On Time
501632,Vistara,Kolkata,Kolkata,681,2023-08-07 23:00:00,35,48,9662,Delayed
501633,Akasa Air,Hyderabad,Hyderabad,364,2023-08-08 00:00:00,162,138,6085,On Time
501634,Akasa Air,Chennai,Hyderabad,1716,2023-08-08 01:00:00,168,167,11056,On Time
501635,Vistara,Hyderabad,Mumbai,1893,2023-08-08 02:00:00,25,70,2984,Delayed
501636,Vistara,Kolkata,Chennai,1544,2023-08-08 03:00:00,140,54,9102,On Time
501637,IndiGo,Kolkata,Bengaluru,869,2023-08-08 04:00:00,83,181,8298,Delayed
501638,SpiceJet,Delhi,Delhi,1203,2023-08-08 05:00:00,138,106,4167,On Time
501639,Vistara,Hyderabad,Kolkata,1224,2023-08-08 06:00:00,-3,181,10162,On Time
501640,SpiceJet,Bengaluru,Hyderabad,564,2023-08-08 07:00:00,143,109,12011,On Time
501641,IndiGo,Bengaluru,Mumbai,2284,2023-08-08 08:00:00,177,51,2829,On Time
501642,IndiGo,Kolkata,Hyderabad,548,2023-08-08 09:00:00,106,41,4708,On Time
501643,Vistara,Mumbai,Hyderabad,2164,2023-08-08 10:00:00,138,43,14448,On Time
501644,Vistara,Kolkata,Kolkata,1331,2023-08-08 11:00:00,34,163,4954,On Time
501645,IndiGo,Mumbai,Hyderabad,2472,2023-08-08 12:00:00,102,148,15211,Delayed
501646,SpiceJet,Delhi,Kolkata,869,2023-08-08 13:00:00,133,109,9795,On Time
501647,Akasa Air,Bengaluru,Kolkata,1227,2023-08-08 14:00:00,41,15,17808,Delayed
501648,Vistara,Hyderabad,Delhi,1315,2023-08-08 15:00:00,83,198,6281,On Time
501649,SpiceJet,Hyderabad,Bengaluru,2350,2023-08-08 16:00:00,96,87,13561,Delayed
501650,Air India,Hyderabad,Chennai,937,2023-08-08 17:00:00,72,161,13551,On Time
501651,IndiGo,Kolkata,Bengaluru,2225,2023-08-08 18:00:00,115,194,16321,Delayed
501652,IndiGo,Kolkata,Bengaluru,904,2023-08-08 19:00:00,31,144,10662,On Time
501653,Vistara,Mumbai,Kolkata,1783,2023-08-08 20:00:00,41,4,15605,On Time
501654,Air India,Bengaluru,Mumbai,2244,2023-08-08 21:00:00,92,6,13522,Delayed
501655,Air India,Delhi,Hyderabad,1513,2023-08-08 22:00:00,25,-13,8477,Delayed
501656,Akasa Air,Hyderabad,Delhi,1306,2023-08-08 23:00:00,14,138,11169,On Time
501657,SpiceJet,Kolkata,Hyderabad,1087,2023-08-09 00:00:00,121,72,15247,On Time
501658,Akasa Air,Kolkata,Hyderabad,1508,2023-08-09 01:00:00,10,136,7078,On Time
501659,Akasa Air,Hyderabad,Bengaluru,2273,2023-08-09 02:00:00,64,174,4775,Delayed
501660,SpiceJet,Chennai,Delhi,1392,2023-08-09 03:00:00,115,199,9177,On Time
501661,Vistara,Delhi,Kolkata,1965,2023-08-09 04:00:00,7,76,16508,On Time
501662,Akasa Air,Hyderabad,Kolkata,2328,2023-08-09 05:00:00,60,6,15297,Delayed
501663,SpiceJet,Hyderabad,Chennai,1545,2023-08-09 06:00:00,173,165,6547,On Time
501664,IndiGo,Hyderabad,Mumbai,1631,2023-08-09 07:00:00,101,59,2711,Delayed
501665,IndiGo,Kolkata,Hyderabad,1244,2023-08-09 08:00:00,-4,136,13044,On Time
501666,SpiceJet,Mumbai,Hyderabad,1268,2023-08-09 09:00:00,152,31,3923,Delayed
501667,Air India,Mumbai,Chennai,594,2023-08-09 10:00:00,71,114,6253,On Time
501668,Akasa Air,Delhi,Mumbai,1393,2023-08-09 11:00:00,100,-9,3652,On Time
501669,Air India,Delhi,Mumbai,1354,2023-08-09 12:00:00,27,182,14674,On Time
501670,SpiceJet,Chennai,Bengaluru,529,2023-08-09 13:00:00,40,123,3979,Delayed
501671,IndiGo,Bengaluru,Kolkata,488,2023-08-09 14:00:00,56,161,11046,On Time
501672,IndiGo,Bengaluru,Bengaluru,569,2023-08-09 15:00:00,-3,66,16796,Delayed
501673,SpiceJet,Hyderabad,Chennai,827,2023-08-09 16:00:00,19,1,9153,Delayed
501674,Vistara,Kolkata,Delhi,1596,2023-08-09 17:00:00,111,185,4614,Delayed
501675,SpiceJet,Chennai,Bengaluru,525,2023-08-09 18:00:00,32,109,16522,On Time
501676,IndiGo,Kolkata,Hyderabad,583,2023-08-09 19:00:00,108,4,10254,Delayed
501677,SpiceJet,Hyderabad,Mumbai,1785,2023-08-09 20:00:00,7,5,4047,On Time
501678,SpiceJet,Bengaluru,Delhi,2367,2023-08-09 21:00:00,61,17,13088,On Time
501679,IndiGo,Kolkata,Bengaluru,1669,2023-08-09 22:00:00,176,80,8920,On Time
501680,SpiceJet,Bengaluru,Bengaluru,1574,2023-08-09 23:00:00,56,186,13971,Delayed
501681,Air India,Mumbai,Hyderabad,846,2023-08-10 00:00:00,99,113,14442,On Time
501682,Vistara,Kolkata,Mumbai,2032,2023-08-10 01:00:00,9,115,17709,On Time
501683,Air India,Mumbai,Bengaluru,1901,2023-08-10 02:00:00,45,121,8535,On Time
501684,Air India,Kolkata,Kolkata,2222,2023-08-10 03:00:00,112,118,10957,On Time
501685,Akasa Air,Delhi,Kolkata,2065,2023-08-10 04:00:00,159,124,14359,On Time
501686,SpiceJet,Delhi,Mumbai,1190,2023-08-10 05:00:00,75,78,8255,On Time
501687,Akasa Air,Delhi,Kolkata,956,2023-08-10 06:00:00,178,25,15484,On Time
501688,Vistara,Bengaluru,Mumbai,1275,2023-08-10 07:00:00,22,191,12664,Delayed
501689,Air India,Mumbai,Delhi,1905,2023-08-10 08:00:00,137,71,10494,Delayed
501690,Akasa Air,Kolkata,Hyderabad,1919,2023-08-10 09:00:00,46,148,3102,Delayed
501691,Akasa Air,Mumbai,Delhi,959,2023-08-10 10:00:00,96,1,15751,Delayed
501692,Air India,Kolkata,Delhi,815,2023-08-10 11:00:00,121,144,9247,Delayed
501693,Akasa Air,Mumbai,Chennai,2225,2023-08-10 12:00:00,76,124,4393,On Time
501694,IndiGo,Delhi,Chennai,811,2023-08-10 13:00:00,89,72,15351,On Time
501695,Vistara,Chennai,Kolkata,1247,2023-08-10 14:00:00,55,-1,12049,Delayed
501696,SpiceJet,Kolkata,Chennai,452,2023-08-10 15:00:00,74,125,6835,On Time
501697,IndiGo,Bengaluru,Chennai,306,2023-08-10 16:00:00,108,178,12258,On Time
501698,SpiceJet,Chennai,Delhi,1560,2023-08-10 17:00:00,132,117,9771,On Time
501699,Vistara,Hyderabad,Kolkata,1000,2023-08-10 18:00:00,26,145,17722,On Time
501700,SpiceJet,Chennai,Bengaluru,2433,2023-08-10 19:00:00,7,185,5921,On Time
501701,SpiceJet,Mumbai,Chennai,476,2023-08-10 20:00:00,48,41,3955,On Time
501702,Vistara,Kolkata,Bengaluru,1376,2023-08-10 21:00:00,131,72,7680,On Time
501703,Akasa Air,Chennai,Bengaluru,876,2023-08-10 22:00:00,15,-4,10418,On Time
501704,Akasa Air,Hyderabad,Delhi,1058,2023-08-10 23:00:00,94,43,5293,Delayed
501705,Air India,Bengaluru,Kolkata,683,2023-08-11 00:00:00,91,13,3830,On Time
501706,Vistara,Chennai,Kolkata,909,2023-08-11 01:00:00,43,187,13631,Delayed
501707,IndiGo,Bengaluru,Hyderabad,852,2023-08-11 02:00:00,-8,39,13323,On Time
501708,SpiceJet,Hyderabad,Kolkata,861,2023-08-11 03:00:00,136,31,9623,On Time
501709,Akasa Air,Hyderabad,Hyderabad,563,2023-08-11 04:00:00,33,111,7923,Delayed
501710,IndiGo,Bengaluru,Kolkata,475,2023-08-11 05:00:00,112,104,8578,Delayed
501711,Air India,Delhi,Mumbai,1336,2023-08-11 06:00:00,64,37,16929,On Time
501712,SpiceJet,Bengaluru,Bengaluru,1477,2023-08-11 07:00:00,135,196,8940,On Time
501713,IndiGo,Hyderabad,Hyderabad,707,2023-08-11 08:00:00,124,79,11432,Cancelled
501714,SpiceJet,Chennai,Bengaluru,2054,2023-08-11 09:00:00,172,156,16496,On Time
501715,SpiceJet,Kolkata,Hyderabad,1436,2023-08-11 10:00:00,117,119,13362,On Time
501716,Air India,Kolkata,Bengaluru,1732,2023-08-11 11:00:00,27,63,7316,On Time
501717,SpiceJet,Chennai,Bengaluru,411,2023-08-11 12:00:00,48,142,7654,Delayed
501718,IndiGo,Delhi,Hyderabad,562,2023-08-11 13:00:00,143,50,6725,On Time
501719,Vistara,Kolkata,Bengaluru,1378,2023-08-11 14:00:00,-8,111,15591,Delayed
501720,Vistara,Hyderabad,Delhi,2473,2023-08-11 15:00:00,61,10,2975,On Time
501721,Air India,Chennai,Kolkata,450,2023-08-11 16:00:00,35,121,13694,On Time
501722,SpiceJet,Bengaluru,Bengaluru,1610,2023-08-11 17:00:00,88,51,9426,On Time
501723,Akasa Air,Kolkata,Delhi,1230,2023-08-11 18:00:00,172,154,16216,On Time
501724,SpiceJet,Mumbai,Bengaluru,2436,2023-08-11 19:00:00,146,60,3985,On Time
501725,Air India,Delhi,Delhi,1674,2023-08-11 20:00:00,81,168,13585,On Time
501726,Akasa Air,Kolkata,Chennai,2277,2023-08-11 21:00:00,169,60,14729,Delayed
501727,Air India,Delhi,Kolkata,1932,2023-08-11 22:00:00,120,91,17099,On Time
501728,Air India,Delhi,Delhi,2282,2023-08-11 23:00:00,83,110,5274,On Time
501729,IndiGo,Mumbai,Kolkata,2282,2023-08-12 00:00:00,63,0,5893,On Time
501730,SpiceJet,Bengaluru,Kolkata,955,2023-08-12 01:00:00,133,46,9377,Delayed
501731,Akasa Air,Hyderabad,Chennai,2472,2023-08-12 02:00:00,78,126,14774,Delayed
501732,IndiGo,Kolkata,Hyderabad,707,2023-08-12 03:00:00,-1,92,11858,On Time
501733,Akasa Air,Hyderabad,Mumbai,574,2023-08-12 04:00:00,93,49,14487,On Time
501734,SpiceJet,Hyderabad,Delhi,793,2023-08-12 05:00:00,10,122,14081,On Time
501735,IndiGo,Mumbai,Hyderabad,435,2023-08-12 06:00:00,45,102,15938,Delayed
501736,Air India,Mumbai,Hyderabad,320,2023-08-12 07:00:00,124,94,7423,Delayed
501737,SpiceJet,Chennai,Mumbai,1861,2023-08-12 08:00:00,50,67,14614,On Time
501738,SpiceJet,Kolkata,Mumbai,1954,2023-08-12 09:00:00,75,69,6595,Cancelled
501739,Akasa Air,Bengaluru,Mumbai,1930,2023-08-12 10:00:00,116,81,8643,On Time
501740,Vistara,Chennai,Kolkata,1585,2023-08-12 11:00:00,144,165,12492,On Time
501741,Vistara,Chennai,Chennai,1160,2023-08-12 12:00:00,0,66,13821,On Time
501742,SpiceJet,Bengaluru,Delhi,565,2023-08-12 13:00:00,87,2,13591,Delayed
501743,IndiGo,Mumbai,Chennai,1140,2023-08-12 14:00:00,46,85,10221,On Time
501744,SpiceJet,Mumbai,Chennai,1124,2023-08-12 15:00:00,78,12,9789,Delayed
501745,SpiceJet,Chennai,Delhi,923,2023-08-12 16:00:00,151,28,16825,On Time
501746,Vistara,Mumbai,Chennai,1689,2023-08-12 17:00:00,27,66,6308,On Time
501747,Vistara,Mumbai,Bengaluru,1885,2023-08-12 18:00:00,36,146,17786,On Time
501748,IndiGo,Bengaluru,Kolkata,2230,2023-08-12 19:00:00,113,3,4619,Delayed
501749,IndiGo,Kolkata,Mumbai,344,2023-08-12 20:00:00,131,146,16721,Cancelled
501750,Vistara,Kolkata,Kolkata,1940,2023-08-12 21:00:00,69,93,8238,On Time
501751,Vistara,Kolkata,Mumbai,1803,2023-08-12 22:00:00,67,66,3279,On Time
501752,Vistara,Delhi,Delhi,1886,2023-08-12 23:00:00,69,13,11214,Delayed
501753,Vistara,Mumbai,Mumbai,1410,2023-08-13 00:00:00,12,139,3740,On Time
501754,Vistara,Chennai,Chennai,853,2023-08-13 01:00:00,149,176,14388,On Time
501755,Akasa Air,Bengaluru,Kolkata,2475,2023-08-13 02:00:00,120,-10,3069,On Time
501756,Akasa Air,Hyderabad,Bengaluru,1871,2023-08-13 03:00:00,131,186,11993,On Time
501757,SpiceJet,Hyderabad,Bengaluru,1499,2023-08-13 04:00:00,15,73,15310,On Time
501758,IndiGo,Kolkata,Hyderabad,940,2023-08-13 05:00:00,117,138,14326,On Time
501759,Air India,Bengaluru,Kolkata,2185,2023-08-13 06:00:00,107,63,2552,On Time
501760,Air India,Delhi,Mumbai,527,2023-08-13 07:00:00,128,153,15228,On Time
501761,Air India,Kolkata,Bengaluru,987,2023-08-13 08:00:00,125,41,16570,Cancelled
501762,Akasa Air,Delhi,Bengaluru,1466,2023-08-13 09:00:00,102,17,2682,Delayed
501763,SpiceJet,Delhi,Bengaluru,2337,2023-08-13 10:00:00,125,96,14763,On Time
501764,Akasa Air,Chennai,Bengaluru,1774,2023-08-13 11:00:00,105,129,6606,Delayed
501765,Vistara,Delhi,Bengaluru,1126,2023-08-13 12:00:00,25,21,8403,On Time
501766,Air India,Bengaluru,Kolkata,2422,2023-08-13 13:00:00,53,163,10231,Cancelled
501767,SpiceJet,Hyderabad,Bengaluru,332,2023-08-13 14:00:00,90,91,5348,On Time
501768,IndiGo,Mumbai,Kolkata,2253,2023-08-13 15:00:00,49,190,13280,On Time
501769,Vistara,Delhi,Delhi,997,2023-08-13 16:00:00,8,7,15190,On Time
501770,Vistara,Delhi,Kolkata,415,2023-08-13 17:00:00,138,59,11076,On Time
501771,IndiGo,Kolkata,Hyderabad,2301,2023-08-13 18:00:00,132,-14,16237,On Time
501772,IndiGo,Kolkata,Kolkata,2312,2023-08-13 19:00:00,43,53,15789,Delayed
501773,IndiGo,Delhi,Bengaluru,2204,2023-08-13 20:00:00,7,7,15590,On Time
501774,IndiGo,Kolkata,Hyderabad,1254,2023-08-13 21:00:00,64,103,12996,On Time
501775,IndiGo,Mumbai,Chennai,1784,2023-08-13 22:00:00,133,50,9357,On Time
501776,Air India,Kolkata,Delhi,2137,2023-08-13 23:00:00,119,161,12697,Delayed
501777,Vistara,Kolkata,Bengaluru,1312,2023-08-14 00:00:00,166,42,17832,On Time
501778,Akasa Air,Kolkata,Hyderabad,815,2023-08-14 01:00:00,65,102,6925,On Time
501779,SpiceJet,Bengaluru,Hyderabad,339,2023-08-14 02:00:00,124,33,13408,On Time
501780,IndiGo,Chennai,Bengaluru,1498,2023-08-14 03:00:00,13,97,7813,On Time
501781,Air India,Bengaluru,Mumbai,2253,2023-08-14 04:00:00,123,72,5586,On Time
501782,SpiceJet,Hyderabad,Chennai,928,2023-08-14 05:00:00,2,141,17150,On Time
501783,Air India,Delhi,Bengaluru,1616,2023-08-14 06:00:00,179,1,16769,Delayed
501784,SpiceJet,Delhi,Kolkata,774,2023-08-14 07:00:00,46,59,9223,Delayed
501785,Vistara,Chennai,Mumbai,642,2023-08-14 08:00:00,35,184,6802,Delayed
501786,Vistara,Kolkata,Mumbai,307,2023-08-14 09:00:00,162,-11,13254,On Time
501787,IndiGo,Kolkata,Kolkata,2297,2023-08-14 10:00:00,24,64,8268,On Time
501788,Akasa Air,Kolkata,Chennai,307,2023-08-14 11:00:00,159,142,16355,Delayed
501789,IndiGo,Kolkata,Chennai,1668,2023-08-14 12:00:00,59,19,9764,On Time
501790,Akasa Air,Chennai,Bengaluru,1098,2023-08-14 13:00:00,-5,128,8376,On Time
501791,Akasa Air,Chennai,Hyderabad,1915,2023-08-14 14:00:00,118,79,12793,On Time
501792,Air India,Delhi,Kolkata,585,2023-08-14 15:00:00,105,132,10402,Delayed
501793,Air India,Chennai,Kolkata,714,2023-08-14 16:00:00,141,151,5036,Delayed
501794,Air India,Hyderabad,Chennai,1780,2023-08-14 17:00:00,92,114,7361,On Time
501795,Vistara,Bengaluru,Mumbai,2356,2023-08-14 18:00:00,91,37,7418,On Time
501796,Air India,Kolkata,Bengaluru,2229,2023-08-14 19:00:00,126,157,14741,Cancelled
501797,Vistara,Kolkata,Kolkata,2380,2023-08-14 20:00:00,-3,142,7834,Delayed
501798,Akasa Air,Kolkata,Mumbai,774,2023-08-14 21:00:00,-9,105,7721,Delayed
501799,SpiceJet,Mumbai,Chennai,2377,2023-08-14 22:00:00,5,73,8012,On Time
501800,Vistara,Chennai,Bengaluru,2134,2023-08-14 23:00:00,78,18,8697,Cancelled
501801,Akasa Air,Hyderabad,Kolkata,1937,2023-08-15 00:00:00,120,79,7213,On Time
501802,Akasa Air,Chennai,Kolkata,1102,2023-08-15 01:00:00,19,49,17862,On Time
501803,Vistara,Mumbai,Mumbai,772,2023-08-15 02:00:00,-8,54,17146,On Time
501804,IndiGo,Delhi,Delhi,306,2023-08-15 03:00:00,113,7,5194,Delayed
501805,IndiGo,Bengaluru,Delhi,300,2023-08-15 04:00:00,163,54,16964,On Time
501806,SpiceJet,Mumbai,Delhi,1164,2023-08-15 05:00:00,27,7,8601,Delayed
501807,Vistara,Mumbai,Delhi,1323,2023-08-15 06:00:00,99,67,6028,Delayed
501808,IndiGo,Mumbai,Hyderabad,779,2023-08-15 07:00:00,85,75,10737,On Time
501809,IndiGo,Bengaluru,Mumbai,1455,2023-08-15 08:00:00,138,183,7244,Delayed
501810,Air India,Delhi,Hyderabad,2369,2023-08-15 09:00:00,26,12,5555,On Time
501811,SpiceJet,Chennai,Chennai,464,2023-08-15 10:00:00,164,44,16542,Cancelled
501812,Akasa Air,Mumbai,Delhi,927,2023-08-15 11:00:00,-7,-9,6095,On Time
501813,SpiceJet,Chennai,Delhi,711,2023-08-15 12:00:00,172,175,11308,Delayed
501814,SpiceJet,Mumbai,Bengaluru,683,2023-08-15 13:00:00,156,67,3108,On Time
501815,Air India,Hyderabad,Mumbai,2085,2023-08-15 14:00:00,46,132,3844,On Time
501816,Akasa Air,Mumbai,Bengaluru,2234,2023-08-15 15:00:00,4,154,13336,Delayed
501817,Vistara,Chennai,Hyderabad,2097,2023-08-15 16:00:00,131,63,15050,On Time
501818,Air India,Chennai,Kolkata,2424,2023-08-15 17:00:00,64,198,4536,On Time
501819,Akasa Air,Mumbai,Chennai,725,2023-08-15 18:00:00,70,196,9696,On Time
501820,SpiceJet,Mumbai,Hyderabad,2247,2023-08-15 19:00:00,146,95,15410,On Time
501821,Air India,Hyderabad,Chennai,596,2023-08-15 20:00:00,-9,80,9821,Delayed
501822,IndiGo,Kolkata,Kolkata,853,2023-08-15 21:00:00,23,-5,7818,On Time
501823,SpiceJet,Hyderabad,Delhi,1559,2023-08-15 22:00:00,138,176,13214,Cancelled
501824,Akasa Air,Bengaluru,Mumbai,1815,2023-08-15 23:00:00,48,185,10732,On Time
501825,IndiGo,Mumbai,Chennai,2068,2023-08-16 00:00:00,32,57,12601,Delayed
501826,IndiGo,Hyderabad,Kolkata,2208,2023-08-16 01:00:00,17,162,10267,Delayed
501827,Akasa Air,Chennai,Bengaluru,450,2023-08-16 02:00:00,7,2,12331,On Time
501828,Akasa Air,Hyderabad,Mumbai,2130,2023-08-16 03:00:00,161,123,16616,Cancelled
501829,Akasa Air,Mumbai,Chennai,1673,2023-08-16 04:00:00,82,102,7756,On Time
501830,Akasa Air,Chennai,Chennai,971,2023-08-16 05:00:00,4,96,12802,Delayed
501831,IndiGo,Hyderabad,Chennai,2286,2023-08-16 06:00:00,-8,34,2995,On Time
501832,IndiGo,Delhi,Delhi,2307,2023-08-16 07:00:00,32,62,11295,Delayed
501833,Air India,Mumbai,Chennai,1320,2023-08-16 08:00:00,4,149,12163,On Time
501834,SpiceJet,Hyderabad,Bengaluru,2157,2023-08-16 09:00:00,84,5,8360,Delayed
501835,Vistara,Mumbai,Delhi,1972,2023-08-16 10:00:00,99,152,4986,On Time
501836,IndiGo,Hyderabad,Chennai,1884,2023-08-16 11:00:00,-2,82,8700,On Time
501837,SpiceJet,Mumbai,Mumbai,1882,2023-08-16 12:00:00,26,-14,8909,On Time
501838,Akasa Air,Bengaluru,Kolkata,1592,2023-08-16 13:00:00,60,42,5047,On Time
501839,Vistara,Mumbai,Delhi,1213,2023-08-16 14:00:00,123,71,5159,On Time
501840,IndiGo,Hyderabad,Mumbai,804,2023-08-16 15:00:00,87,120,10896,On Time
501841,Air India,Hyderabad,Bengaluru,1676,2023-08-16 16:00:00,75,138,3402,On Time
501842,SpiceJet,Chennai,Bengaluru,2412,2023-08-16 17:00:00,134,25,10941,On Time
501843,Air India,Chennai,Hyderabad,2414,2023-08-16 18:00:00,65,14,6849,On Time
501844,IndiGo,Kolkata,Chennai,1361,2023-08-16 19:00:00,-10,158,11495,Delayed
501845,Vistara,Delhi,Kolkata,2080,2023-08-16 20:00:00,138,107,10643,On Time
501846,SpiceJet,Chennai,Chennai,1843,2023-08-16 21:00:00,5,32,15045,Delayed
501847,SpiceJet,Chennai,Mumbai,1063,2023-08-16 22:00:00,154,198,13663,On Time
501848,SpiceJet,Delhi,Delhi,2028,2023-08-16 23:00:00,126,102,17126,On Time
501849,Akasa Air,Bengaluru,Bengaluru,741,2023-08-17 00:00:00,66,2,4079,On Time
501850,Air India,Chennai,Mumbai,496,2023-08-17 01:00:00,71,182,15813,On Time
501851,SpiceJet,Bengaluru,Delhi,581,2023-08-17 02:00:00,52,83,15693,Cancelled
501852,SpiceJet,Mumbai,Bengaluru,2172,2023-08-17 03:00:00,50,184,12319,On Time
501853,Akasa Air,Chennai,Bengaluru,1374,2023-08-17 04:00:00,106,55,9028,On Time
501854,Air India,Delhi,Kolkata,2121,2023-08-17 05:00:00,40,63,9252,Delayed
501855,Air India,Chennai,Delhi,1109,2023-08-17 06:00:00,63,23,9408,Delayed
501856,Vistara,Bengaluru,Chennai,1081,2023-08-17 07:00:00,117,63,17729,Delayed
501857,SpiceJet,Mumbai,Hyderabad,437,2023-08-17 08:00:00,93,-8,15392,Delayed
501858,Air India,Kolkata,Delhi,1104,2023-08-17 09:00:00,21,16,11505,On Time
501859,SpiceJet,Mumbai,Hyderabad,2034,2023-08-17 10:00:00,77,141,13648,Delayed
501860,Air India,Chennai,Kolkata,2452,2023-08-17 11:00:00,144,48,8624,On Time
501861,Akasa Air,Delhi,Bengaluru,2133,2023-08-17 12:00:00,-6,123,12304,On Time
501862,Akasa Air,Bengaluru,Chennai,1276,2023-08-17 13:00:00,62,10,13911,On Time
501863,IndiGo,Hyderabad,Hyderabad,1551,2023-08-17 14:00:00,24,104,17106,On Time
501864,Vistara,Bengaluru,Mumbai,966,2023-08-17 15:00:00,150,155,12637,On Time
501865,Air India,Mumbai,Chennai,2111,2023-08-17 16:00:00,87,23,14424,Delayed
501866,IndiGo,Bengaluru,Chennai,2213,2023-08-17 17:00:00,124,3,15416,On Time
501867,Vistara,Delhi,Mumbai,1001,2023-08-17 18:00:00,16,195,2841,On Time
501868,IndiGo,Kolkata,Chennai,2270,2023-08-17 19:00:00,36,152,9115,Delayed
501869,Air India,Chennai,Bengaluru,1703,2023-08-17 20:00:00,1,34,16189,Delayed
501870,Vistara,Bengaluru,Kolkata,772,2023-08-17 21:00:00,159,30,15232,On Time
501871,Akasa Air,Bengaluru,Mumbai,604,2023-08-17 22:00:00,71,9,6664,On Time
501872,Air India,Bengaluru,Chennai,2250,2023-08-17 23:00:00,60,47,4170,Delayed
501873,Air India,Hyderabad,Mumbai,437,2023-08-18 00:00:00,131,-12,15929,Cancelled
501874,Vistara,Chennai,Chennai,2283,2023-08-18 01:00:00,124,-9,13925,On Time
501875,Akasa Air,Mumbai,Chennai,1640,2023-08-18 02:00:00,145,43,6366,On Time
501876,IndiGo,Chennai,Chennai,2464,2023-08-18 03:00:00,61,107,6065,On Time
501877,Air India,Hyderabad,Mumbai,1247,2023-08-18 04:00:00,110,127,8073,Delayed
501878,IndiGo,Bengaluru,Kolkata,655,2023-08-18 05:00:00,98,30,16902,Delayed
501879,Vistara,Chennai,Delhi,1950,2023-08-18 06:00:00,32,82,12277,On Time
501880,Air India,Hyderabad,Mumbai,1354,2023-08-18 07:00:00,7,169,15952,On Time
501881,Air India,Mumbai,Chennai,1570,2023-08-18 08:00:00,134,131,3687,On Time
501882,Air India,Bengaluru,Chennai,1337,2023-08-18 09:00:00,99,58,5697,Delayed
501883,SpiceJet,Bengaluru,Bengaluru,882,2023-08-18 10:00:00,-9,167,10241,On Time
501884,IndiGo,Bengaluru,Bengaluru,449,2023-08-18 11:00:00,37,195,14378,Delayed
501885,Vistara,Kolkata,Mumbai,832,2023-08-18 12:00:00,40,125,15188,On Time
501886,Vistara,Mumbai,Chennai,1070,2023-08-18 13:00:00,129,91,16758,On Time
501887,SpiceJet,Delhi,Bengaluru,1922,2023-08-18 14:00:00,167,125,16856,On Time
501888,Akasa Air,Delhi,Bengaluru,329,2023-08-18 15:00:00,12,163,8969,On Time
501889,IndiGo,Bengaluru,Hyderabad,1791,2023-08-18 16:00:00,121,177,3191,Cancelled
501890,Akasa Air,Hyderabad,Delhi,2405,2023-08-18 17:00:00,154,29,17354,On Time
501891,Akasa Air,Mumbai,Hyderabad,517,2023-08-18 18:00:00,82,36,2961,On Time
501892,SpiceJet,Hyderabad,Chennai,2300,2023-08-18 19:00:00,178,106,7940,Cancelled
501893,Akasa Air,Mumbai,Kolkata,367,2023-08-18 20:00:00,26,199,11766,On Time
501894,SpiceJet,Mumbai,Mumbai,2276,2023-08-18 21:00:00,36,177,10745,Delayed
501895,Vistara,Bengaluru,Hyderabad,847,2023-08-18 22:00:00,138,139,7861,On Time
501896,IndiGo,Mumbai,Delhi,1979,2023-08-18 23:00:00,47,152,15762,Delayed
501897,Akasa Air,Mumbai,Hyderabad,1124,2023-08-19 00:00:00,139,101,15554,On Time
501898,Vistara,Bengaluru,Mumbai,357,2023-08-19 01:00:00,74,83,15685,Delayed
501899,SpiceJet,Chennai,Hyderabad,1557,2023-08-19 02:00:00,16,66,15831,On Time
501900,IndiGo,Delhi,Delhi,2111,2023-08-19 03:00:00,39,103,15554,Delayed
501901,Akasa Air,Kolkata,Kolkata,444,2023-08-19 04:00:00,34,141,8438,On Time
501902,IndiGo,Hyderabad,Delhi,1192,2023-08-19 05:00:00,40,153,12071,Cancelled
501903,SpiceJet,Mumbai,Bengaluru,1098,2023-08-19 06:00:00,102,46,16272,On Time
501904,Air India,Chennai,Hyderabad,1622,2023-08-19 07:00:00,41,168,17634,Cancelled
501905,Vistara,Bengaluru,Delhi,1726,2023-08-19 08:00:00,109,61,2811,On Time
501906,Air India,Hyderabad,Delhi,1044,2023-08-19 09:00:00,162,80,17720,On Time
501907,SpiceJet,Kolkata,Mumbai,1077,2023-08-19 10:00:00,89,149,15992,On Time
501908,Vistara,Hyderabad,Bengaluru,364,2023-08-19 11:00:00,27,195,9398,On Time
501909,Vistara,Mumbai,Hyderabad,2096,2023-08-19 12:00:00,91,31,17361,On Time
501910,Vistara,Hyderabad,Kolkata,1347,2023-08-19 13:00:00,90,173,7244,On Time
501911,Vistara,Mumbai,Delhi,535,2023-08-19 14:00:00,95,135,5801,On Time
501912,Vistara,Chennai,Delhi,2420,2023-08-19 15:00:00,0,41,14679,Delayed
501913,IndiGo,Hyderabad,Bengaluru,614,2023-08-19 16:00:00,142,186,9196,Delayed
501914,IndiGo,Delhi,Bengaluru,1831,2023-08-19 17:00:00,88,16,12646,On Time
501915,Akasa Air,Delhi,Hyderabad,341,2023-08-19 18:00:00,139,26,13727,On Time
501916,Akasa Air,Mumbai,Chennai,2208,2023-08-19 19:00:00,142,40,4053,On Time
501917,Vistara,Chennai,Chennai,2143,2023-08-19 20:00:00,146,4,7508,On Time
501918,Akasa Air,Delhi,Chennai,1002,2023-08-19 21:00:00,20,53,3364,On Time
501919,IndiGo,Bengaluru,Mumbai,727,2023-08-19 22:00:00,27,-3,9618,On Time
501920,IndiGo,Chennai,Mumbai,2435,2023-08-19 23:00:00,156,169,2817,On Time
501921,SpiceJet,Kolkata,Chennai,1824,2023-08-20 00:00:00,64,12,9595,On Time
501922,Vistara,Chennai,Hyderabad,664,2023-08-20 01:00:00,47,157,16848,On Time
501923,Vistara,Hyderabad,Bengaluru,1325,2023-08-20 02:00:00,63,116,11805,On Time
501924,Air India,Delhi,Mumbai,2347,2023-08-20 03:00:00,30,-4,13345,Cancelled
501925,SpiceJet,Kolkata,Bengaluru,1021,2023-08-20 04:00:00,99,48,5533,On Time
501926,IndiGo,Mumbai,Chennai,646,2023-08-20 05:00:00,154,83,13255,On Time
501927,SpiceJet,Delhi,Mumbai,1293,2023-08-20 06:00:00,152,197,4343,On Time
501928,SpiceJet,Bengaluru,Chennai,2048,2023-08-20 07:00:00,157,38,4960,On Time
501929,SpiceJet,Mumbai,Hyderabad,384,2023-08-20 08:00:00,31,93,14320,On Time
501930,Vistara,Hyderabad,Chennai,439,2023-08-20 09:00:00,30,36,17392,On Time
501931,Vistara,Delhi,Bengaluru,1892,2023-08-20 10:00:00,114,14,16655,Delayed
501932,SpiceJet,Mumbai,Kolkata,424,2023-08-20 11:00:00,14,110,17153,On Time
501933,Akasa Air,Bengaluru,Bengaluru,1373,2023-08-20 12:00:00,67,98,7355,On Time
501934,Air India,Bengaluru,Kolkata,1242,2023-08-20 13:00:00,-1,18,16057,Cancelled
501935,Akasa Air,Hyderabad,Chennai,578,2023-08-20 14:00:00,163,150,12462,On Time
501936,Vistara,Kolkata,Hyderabad,1927,2023-08-20 15:00:00,94,7,6035,On Time
501937,SpiceJet,Hyderabad,Chennai,1171,2023-08-20 16:00:00,84,141,13832,On Time
501938,Vistara,Mumbai,Chennai,2449,2023-08-20 17:00:00,168,48,9913,On Time
501939,Akasa Air,Bengaluru,Kolkata,1708,2023-08-20 18:00:00,40,170,13310,On Time
501940,SpiceJet,Kolkata,Chennai,1471,2023-08-20 19:00:00,16,55,9442,On Time
501941,SpiceJet,Mumbai,Hyderabad,1573,2023-08-20 20:00:00,43,100,13444,On Time
501942,Vistara,Delhi,Hyderabad,1878,2023-08-20 21:00:00,78,42,2921,On Time
501943,Air India,Chennai,Delhi,2382,2023-08-20 22:00:00,28,77,7298,Delayed
501944,Air India,Delhi,Mumbai,2483,2023-08-20 23:00:00,52,39,6098,On Time
501945,IndiGo,Delhi,Chennai,644,2023-08-21 00:00:00,-6,16,5387,Cancelled
501946,SpiceJet,Delhi,Kolkata,879,2023-08-21 01:00:00,-3,57,3224,On Time
501947,Vistara,Delhi,Kolkata,1703,2023-08-21 02:00:00,135,102,14505,On Time
501948,SpiceJet,Delhi,Mumbai,687,2023-08-21 03:00:00,11,35,17947,On Time
501949,SpiceJet,Hyderabad,Bengaluru,1836,2023-08-21 04:00:00,158,130,12369,On Time
501950,Vistara,Delhi,Chennai,2479,2023-08-21 05:00:00,103,16,15870,On Time
501951,SpiceJet,Chennai,Hyderabad,424,2023-08-21 06:00:00,107,-7,17402,Delayed
501952,Air India,Hyderabad,Mumbai,1960,2023-08-21 07:00:00,145,109,5198,Delayed
501953,Vistara,Bengaluru,Mumbai,2124,2023-08-21 08:00:00,34,24,17311,On Time
501954,SpiceJet,Kolkata,Chennai,1172,2023-08-21 09:00:00,168,26,9794,On Time
501955,SpiceJet,Bengaluru,Delhi,1288,2023-08-21 10:00:00,35,34,8463,On Time
501956,IndiGo,Mumbai,Kolkata,1648,2023-08-21 11:00:00,79,151,4649,On Time
501957,Vistara,Kolkata,Bengaluru,468,2023-08-21 12:00:00,137,89,10409,On Time
501958,Vistara,Delhi,Bengaluru,1695,2023-08-21 13:00:00,51,12,12300,Delayed
501959,SpiceJet,Bengaluru,Delhi,1408,2023-08-21 14:00:00,7,108,9756,On Time
501960,Air India,Bengaluru,Delhi,824,2023-08-21 15:00:00,143,71,16463,Cancelled
501961,SpiceJet,Kolkata,Mumbai,445,2023-08-21 16:00:00,178,125,3949,On Time
501962,SpiceJet,Kolkata,Hyderabad,2166,2023-08-21 17:00:00,154,-10,14161,Delayed
501963,SpiceJet,Mumbai,Kolkata,936,2023-08-21 18:00:00,-10,99,13939,On Time
501964,IndiGo,Chennai,Kolkata,1690,2023-08-21 19:00:00,98,163,16401,Delayed
501965,IndiGo,Hyderabad,Bengaluru,1758,2023-08-21 20:00:00,137,182,10386,On Time
501966,Akasa Air,Hyderabad,Delhi,1835,2023-08-21 21:00:00,98,51,10663,On Time
501967,SpiceJet,Chennai,Kolkata,2481,2023-08-21 22:00:00,71,147,4200,On Time
501968,Vistara,Delhi,Kolkata,455,2023-08-21 23:00:00,65,23,13550,On Time
501969,Air India,Kolkata,Chennai,794,2023-08-22 00:00:00,133,113,13997,On Time
501970,Vistara,Kolkata,Mumbai,1751,2023-08-22 01:00:00,160,39,6936,On Time
501971,Akasa Air,Bengaluru,Kolkata,1198,2023-08-22 02:00:00,62,64,8992,Delayed
501972,Air India,Hyderabad,Delhi,2437,2023-08-22 03:00:00,60,109,11424,On Time
501973,Akasa Air,Hyderabad,Mumbai,2280,2023-08-22 04:00:00,24,57,4105,Delayed
501974,Air India,Hyderabad,Delhi,804,2023-08-22 05:00:00,58,186,10649,On Time
501975,Air India,Kolkata,Bengaluru,1980,2023-08-22 06:00:00,92,79,5116,On Time
501976,IndiGo,Kolkata,Mumbai,865,2023-08-22 07:00:00,30,163,9266,Cancelled
501977,SpiceJet,Bengaluru,Chennai,1663,2023-08-22 08:00:00,151,12,7026,On Time
501978,IndiGo,Hyderabad,Mumbai,1434,2023-08-22 09:00:00,85,124,5815,Delayed
501979,SpiceJet,Kolkata,Kolkata,1037,2023-08-22 10:00:00,97,162,13030,Delayed
501980,Vistara,Mumbai,Hyderabad,355,2023-08-22 11:00:00,4,-14,4334,Delayed
501981,Vistara,Mumbai,Delhi,1788,2023-08-22 12:00:00,128,63,12404,Delayed
501982,SpiceJet,Delhi,Bengaluru,595,2023-08-22 13:00:00,109,160,5689,Delayed
501983,Akasa Air,Delhi,Hyderabad,1908,2023-08-22 14:00:00,7,68,5499,On Time
501984,SpiceJet,Bengaluru,Kolkata,702,2023-08-22 15:00:00,71,131,9255,On Time
501985,Vistara,Delhi,Kolkata,1006,2023-08-22 16:00:00,135,40,17096,On Time
501986,SpiceJet,Chennai,Chennai,2085,2023-08-22 17:00:00,153,153,2546,Delayed
501987,IndiGo,Mumbai,Bengaluru,1267,2023-08-22 18:00:00,3,37,14469,Delayed
501988,SpiceJet,Bengaluru,Bengaluru,953,2023-08-22 19:00:00,94,16,15636,On Time
501989,Akasa Air,Bengaluru,Kolkata,1411,2023-08-22 20:00:00,18,78,15639,On Time
501990,Akasa Air,Delhi,Kolkata,1101,2023-08-22 21:00:00,72,160,15323,On Time
501991,Vistara,Hyderabad,Kolkata,1390,2023-08-22 22:00:00,5,171,14943,Delayed
501992,Air India,Chennai,Mumbai,1001,2023-08-22 23:00:00,22,18,11782,On Time
501993,Akasa Air,Kolkata,Delhi,1665,2023-08-23 00:00:00,6,191,3720,On Time
501994,Air India,Chennai,Mumbai,307,2023-08-23 01:00:00,73,74,7764,Cancelled
501995,SpiceJet,Bengaluru,Mumbai,1459,2023-08-23 02:00:00,78,24,13839,Cancelled
501996,Vistara,Mumbai,Kolkata,1745,2023-08-23 03:00:00,-2,133,4338,Delayed
501997,SpiceJet,Kolkata,Bengaluru,1459,2023-08-23 04:00:00,159,124,3287,On Time
501998,Vistara,Kolkata,Kolkata,419,2023-08-23 05:00:00,12,-11,3442,On Time
501999,IndiGo,Chennai,Delhi,856,2023-08-23 06:00:00,142,62,12992,On Time
502000,SpiceJet,Mumbai,Kolkata,1448,2023-08-23 07:00:00,39,145,11745,On Time
502001,Akasa Air,Bengaluru,Mumbai,2285,2023-08-23 08:00:00,18,47,11696,Delayed
502002,Vistara,Bengaluru,Chennai,425,2023-08-23 09:00:00,71,119,14082,Delayed
502003,Air India,Mumbai,Chennai,1589,2023-08-23 10:00:00,41,46,9886,Delayed
502004,Vistara,Mumbai,Delhi,940,2023-08-23 11:00:00,36,87,5145,On Time
502005,IndiGo,Hyderabad,Delhi,1301,2023-08-23 12:00:00,102,-11,7532,On Time
502006,SpiceJet,Kolkata,Kolkata,1966,2023-08-23 13:00:00,85,0,6543,On Time
502007,IndiGo,Delhi,Chennai,1831,2023-08-23 14:00:00,103,134,16086,On Time
502008,Air India,Delhi,Delhi,1844,2023-08-23 15:00:00,138,25,12654,On Time
502009,Akasa Air,Kolkata,Hyderabad,651,2023-08-23 16:00:00,80,42,7048,On Time
502010,Vistara,Hyderabad,Mumbai,2090,2023-08-23 17:00:00,60,26,6459,Delayed
502011,Akasa Air,Hyderabad,Kolkata,425,2023-08-23 18:00:00,147,65,12824,Delayed
502012,Akasa Air,Chennai,Kolkata,567,2023-08-23 19:00:00,20,22,12762,On Time
502013,SpiceJet,Chennai,Chennai,2065,2023-08-23 20:00:00,159,116,3405,Delayed
502014,Vistara,Hyderabad,Mumbai,896,2023-08-23 21:00:00,63,109,17237,On Time
502015,Vistara,Mumbai,Chennai,1044,2023-08-23 22:00:00,101,187,4247,On Time
502016,Air India,Delhi,Kolkata,777,2023-08-23 23:00:00,127,129,14883,Delayed
502017,IndiGo,Bengaluru,Mumbai,2462,2023-08-24 00:00:00,-9,45,16173,On Time
502018,Vistara,Delhi,Delhi,1615,2023-08-24 01:00:00,148,27,9046,On Time
502019,Vistara,Delhi,Kolkata,1538,2023-08-24 02:00:00,130,169,8070,Delayed
502020,Vistara,Mumbai,Hyderabad,2247,2023-08-24 03:00:00,109,15,7190,Delayed
502021,IndiGo,Hyderabad,Hyderabad,1130,2023-08-24 04:00:00,45,176,10085,On Time
502022,IndiGo,Kolkata,Kolkata,2089,2023-08-24 05:00:00,10,163,16253,On Time
502023,Air India,Mumbai,Hyderabad,1823,2023-08-24 06:00:00,19,20,6434,On Time
502024,Air India,Hyderabad,Delhi,1594,2023-08-24 07:00:00,101,188,6251,On Time
502025,SpiceJet,Delhi,Chennai,1369,2023-08-24 08:00:00,-6,120,15697,On Time
502026,Akasa Air,Kolkata,Delhi,1822,2023-08-24 09:00:00,85,76,3388,On Time
502027,Air India,Mumbai,Bengaluru,704,2023-08-24 10:00:00,-8,7,10586,On Time
502028,Vistara,Bengaluru,Chennai,1987,2023-08-24 11:00:00,171,29,12959,On Time
502029,SpiceJet,Delhi,Chennai,866,2023-08-24 12:00:00,50,56,12351,Delayed
502030,Air India,Mumbai,Hyderabad,1295,2023-08-24 13:00:00,53,129,7861,On Time
502031,Akasa Air,Delhi,Hyderabad,1593,2023-08-24 14:00:00,45,159,15097,On Time
502032,Akasa Air,Bengaluru,Delhi,2295,2023-08-24 15:00:00,59,186,7277,On Time
502033,SpiceJet,Bengaluru,Mumbai,1635,2023-08-24 16:00:00,60,142,12049,On Time
502034,SpiceJet,Delhi,Kolkata,1365,2023-08-24 17:00:00,57,105,3645,Delayed
502035,Akasa Air,Hyderabad,Delhi,2373,2023-08-24 18:00:00,46,152,17120,Delayed
502036,Vistara,Mumbai,Chennai,2001,2023-08-24 19:00:00,51,143,3171,Delayed
502037,SpiceJet,Mumbai,Chennai,2358,2023-08-24 20:00:00,8,190,7752,Delayed
502038,Air India,Mumbai,Bengaluru,2478,2023-08-24 21:00:00,-5,197,16878,Delayed
502039,SpiceJet,Hyderabad,Chennai,1386,2023-08-24 22:00:00,27,81,16915,On Time
502040,SpiceJet,Mumbai,Mumbai,890,2023-08-24 23:00:00,161,-14,17882,Delayed
502041,Vistara,Chennai,Chennai,1337,2023-08-25 00:00:00,145,169,14754,Delayed
502042,Akasa Air,Chennai,Kolkata,1009,2023-08-25 01:00:00,123,-15,11068,On Time
502043,IndiGo,Delhi,Chennai,976,2023-08-25 02:00:00,60,49,17887,On Time
502044,Akasa Air,Kolkata,Delhi,1289,2023-08-25 03:00:00,-7,45,9622,On Time
502045,IndiGo,Chennai,Chennai,1198,2023-08-25 04:00:00,36,149,10238,On Time
502046,SpiceJet,Chennai,Mumbai,1857,2023-08-25 05:00:00,162,131,6419,On Time
502047,Akasa Air,Kolkata,Mumbai,914,2023-08-25 06:00:00,81,-6,2822,Delayed
502048,Akasa Air,Hyderabad,Mumbai,1519,2023-08-25 07:00:00,57,20,7517,On Time
502049,IndiGo,Kolkata,Hyderabad,691,2023-08-25 08:00:00,124,-13,12240,On Time
502050,Air India,Chennai,Bengaluru,2034,2023-08-25 09:00:00,59,34,6444,Delayed
502051,Vistara,Chennai,Kolkata,2176,2023-08-25 10:00:00,14,38,8553,On Time
502052,Vistara,Mumbai,Bengaluru,934,2023-08-25 11:00:00,8,92,10001,On Time
502053,Vistara,Chennai,Chennai,963,2023-08-25 12:00:00,0,5,13593,Delayed
502054,Air India,Bengaluru,Hyderabad,1338,2023-08-25 13:00:00,-5,-8,14306,Cancelled
502055,Akasa Air,Bengaluru,Delhi,2408,2023-08-25 14:00:00,42,-15,6528,Delayed
502056,IndiGo,Delhi,Hyderabad,1814,2023-08-25 15:00:00,131,103,8970,On Time
502057,Vistara,Chennai,Bengaluru,1141,2023-08-25 16:00:00,96,151,13058,Delayed
502058,IndiGo,Delhi,Mumbai,958,2023-08-25 17:00:00,100,168,14890,Delayed
502059,SpiceJet,Delhi,Bengaluru,2384,2023-08-25 18:00:00,-7,76,17875,Delayed
502060,Vistara,Mumbai,Mumbai,1501,2023-08-25 19:00:00,-1,59,4681,Delayed
502061,IndiGo,Chennai,Bengaluru,2260,2023-08-25 20:00:00,159,151,9777,On Time
502062,Air India,Hyderabad,Bengaluru,2089,2023-08-25 21:00:00,6,190,5846,On Time
502063,Akasa Air,Bengaluru,Delhi,1651,2023-08-25 22:00:00,39,103,4309,On Time
502064,SpiceJet,Delhi,Mumbai,1878,2023-08-25 23:00:00,39,124,16876,On Time
502065,IndiGo,Mumbai,Hyderabad,1176,2023-08-26 00:00:00,74,114,7710,On Time
502066,IndiGo,Delhi,Delhi,408,2023-08-26 01:00:00,57,8,13201,On Time
502067,Akasa Air,Chennai,Bengaluru,964,2023-08-26 02:00:00,129,26,10077,On Time
502068,SpiceJet,Bengaluru,Hyderabad,1484,2023-08-26 03:00:00,61,98,11966,On Time
502069,Vistara,Delhi,Delhi,1229,2023-08-26 04:00:00,91,123,13402,On Time
502070,Akasa Air,Chennai,Kolkata,1017,2023-08-26 05:00:00,128,77,9151,Delayed
502071,Akasa Air,Hyderabad,Kolkata,2214,2023-08-26 06:00:00,179,185,5442,Cancelled
502072,Air India,Bengaluru,Hyderabad,677,2023-08-26 07:00:00,146,86,17533,Delayed
502073,Vistara,Hyderabad,Chennai,2176,2023-08-26 08:00:00,37,54,3692,On Time
502074,SpiceJet,Delhi,Mumbai,537,2023-08-26 09:00:00,18,41,2620,On Time
502075,Akasa Air,Hyderabad,Delhi,454,2023-08-26 10:00:00,47,90,5294,On Time
502076,IndiGo,Kolkata,Chennai,1485,2023-08-26 11:00:00,114,72,7149,On Time
502077,Vistara,Bengaluru,Delhi,847,2023-08-26 12:00:00,43,93,14760,On Time
502078,SpiceJet,Hyderabad,Chennai,1696,2023-08-26 13:00:00,2,163,14269,On Time
502079,Vistara,Chennai,Hyderabad,1148,2023-08-26 14:00:00,151,133,12747,Delayed
502080,Vistara,Kolkata,Chennai,978,2023-08-26 15:00:00,126,189,14061,Delayed
502081,SpiceJet,Hyderabad,Kolkata,798,2023-08-26 16:00:00,80,26,15870,Delayed
502082,IndiGo,Delhi,Hyderabad,934,2023-08-26 17:00:00,108,62,10058,On Time
502083,Akasa Air,Mumbai,Delhi,990,2023-08-26 18:00:00,149,121,4002,On Time
502084,Akasa Air,Mumbai,Hyderabad,2357,2023-08-26 19:00:00,13,130,14401,Delayed
502085,SpiceJet,Delhi,Bengaluru,1355,2023-08-26 20:00:00,65,136,15273,On Time
502086,SpiceJet,Chennai,Bengaluru,1526,2023-08-26 21:00:00,19,196,13920,On Time
502087,Vistara,Hyderabad,Bengaluru,1481,2023-08-26 22:00:00,52,43,10710,On Time
502088,Air India,Mumbai,Mumbai,796,2023-08-26 23:00:00,71,11,16783,On Time
502089,Air India,Delhi,Kolkata,322,2023-08-27 00:00:00,159,174,7877,Delayed
502090,Air India,Delhi,Delhi,833,2023-08-27 01:00:00,1,95,6445,On Time
502091,Air India,Chennai,Mumbai,1659,2023-08-27 02:00:00,101,-1,6475,On Time
502092,Air India,Hyderabad,Hyderabad,733,2023-08-27 03:00:00,128,181,14179,On Time
502093,SpiceJet,Chennai,Chennai,1001,2023-08-27 04:00:00,109,111,11945,On Time
502094,Akasa Air,Bengaluru,Kolkata,1708,2023-08-27 05:00:00,173,187,4001,Delayed
502095,IndiGo,Mumbai,Hyderabad,1430,2023-08-27 06:00:00,29,74,15734,On Time
502096,Air India,Mumbai,Kolkata,1402,2023-08-27 07:00:00,128,132,16249,On Time
502097,Air India,Bengaluru,Mumbai,819,2023-08-27 08:00:00,9,46,15417,On Time
502098,SpiceJet,Hyderabad,Chennai,1598,2023-08-27 09:00:00,21,195,8932,On Time
502099,Vistara,Hyderabad,Bengaluru,2321,2023-08-27 10:00:00,59,57,5449,Delayed
502100,Air India,Delhi,Mumbai,730,2023-08-27 11:00:00,75,165,17165,Delayed
502101,IndiGo,Hyderabad,Bengaluru,1742,2023-08-27 12:00:00,141,164,7844,On Time
502102,IndiGo,Kolkata,Kolkata,1674,2023-08-27 13:00:00,73,158,6181,On Time
502103,Akasa Air,Bengaluru,Delhi,1344,2023-08-27 14:00:00,-3,51,7089,Cancelled
502104,Air India,Hyderabad,Hyderabad,1861,2023-08-27 15:00:00,112,-8,6269,On Time
502105,Akasa Air,Kolkata,Bengaluru,1369,2023-08-27 16:00:00,168,15,10538,Delayed
502106,Akasa Air,Delhi,Mumbai,1670,2023-08-27 17:00:00,113,56,3777,Delayed
502107,Air India,Mumbai,Mumbai,763,2023-08-27 18:00:00,79,71,9986,On Time
502108,Akasa Air,Delhi,Bengaluru,377,2023-08-27 19:00:00,34,-2,8000,On Time
502109,Air India,Chennai,Delhi,408,2023-08-27 20:00:00,101,60,13390,On Time
502110,Akasa Air,Kolkata,Bengaluru,1732,2023-08-27 21:00:00,119,25,11606,On Time
502111,Air India,Hyderabad,Delhi,1956,2023-08-27 22:00:00,6,141,9229,On Time
502112,Vistara,Delhi,Mumbai,1188,2023-08-27 23:00:00,73,-12,17272,Delayed
502113,Vistara,Delhi,Chennai,530,2023-08-28 00:00:00,128,82,14526,Delayed
502114,Akasa Air,Hyderabad,Chennai,1691,2023-08-28 01:00:00,48,-3,14597,Delayed
502115,Akasa Air,Bengaluru,Kolkata,841,2023-08-28 02:00:00,7,158,7916,On Time
502116,SpiceJet,Kolkata,Chennai,1260,2023-08-28 03:00:00,18,153,3116,Delayed
502117,IndiGo,Delhi,Bengaluru,1921,2023-08-28 04:00:00,136,107,3644,On Time
502118,Air India,Bengaluru,Mumbai,2377,2023-08-28 05:00:00,98,68,5989,On Time
502119,SpiceJet,Bengaluru,Mumbai,2030,2023-08-28 06:00:00,117,2,16904,On Time
502120,Air India,Mumbai,Hyderabad,597,2023-08-28 07:00:00,85,151,15316,On Time
502121,Vistara,Delhi,Kolkata,879,2023-08-28 08:00:00,171,192,10826,On Time
502122,IndiGo,Bengaluru,Chennai,1812,2023-08-28 09:00:00,22,-4,3637,Delayed
502123,Air India,Hyderabad,Hyderabad,1582,2023-08-28 10:00:00,172,76,14358,Delayed
502124,Akasa Air,Mumbai,Hyderabad,708,2023-08-28 11:00:00,117,-1,3630,Delayed
502125,Vistara,Kolkata,Mumbai,1589,2023-08-28 12:00:00,114,134,7712,On Time
502126,Akasa Air,Chennai,Delhi,1992,2023-08-28 13:00:00,152,17,8326,Delayed
502127,Air India,Chennai,Chennai,1238,2023-08-28 14:00:00,81,-11,17203,On Time
502128,Air India,Bengaluru,Delhi,2343,2023-08-28 15:00:00,105,191,12540,On Time
502129,Vistara,Mumbai,Kolkata,2473,2023-08-28 16:00:00,13,116,5314,On Time
502130,IndiGo,Kolkata,Mumbai,1951,2023-08-28 17:00:00,23,133,17401,On Time
502131,Akasa Air,Kolkata,Chennai,1517,2023-08-28 18:00:00,153,73,16219,Delayed
502132,Akasa Air,Bengaluru,Hyderabad,443,2023-08-28 19:00:00,61,90,10152,On Time
502133,IndiGo,Kolkata,Chennai,348,2023-08-28 20:00:00,89,136,2515,On Time
502134,SpiceJet,Hyderabad,Bengaluru,942,2023-08-28 21:00:00,80,76,17472,Delayed
502135,Air India,Kolkata,Delhi,1060,2023-08-28 22:00:00,72,134,12250,On Time
502136,Air India,Mumbai,Bengaluru,340,2023-08-28 23:00:00,100,148,6579,On Time
502137,Akasa Air,Hyderabad,Chennai,1866,2023-08-29 00:00:00,91,128,12914,On Time
502138,Akasa Air,Delhi,Bengaluru,1059,2023-08-29 01:00:00,79,109,8813,Delayed
502139,Vistara,Delhi,Chennai,1301,2023-08-29 02:00:00,97,-8,5322,Cancelled
502140,IndiGo,Delhi,Mumbai,1581,2023-08-29 03:00:00,163,161,15701,On Time
502141,Akasa Air,Mumbai,Delhi,1663,2023-08-29 04:00:00,58,73,3373,On Time
502142,Vistara,Mumbai,Delhi,1135,2023-08-29 05:00:00,171,-5,4579,Delayed
502143,Akasa Air,Kolkata,Delhi,1467,2023-08-29 06:00:00,102,69,7530,On Time
502144,Vistara,Mumbai,Mumbai,850,2023-08-29 07:00:00,19,83,6091,On Time
502145,Akasa Air,Kolkata,Bengaluru,1156,2023-08-29 08:00:00,61,124,12866,Delayed
502146,Akasa Air,Hyderabad,Chennai,1426,2023-08-29 09:00:00,86,102,3934,On Time
502147,Air India,Mumbai,Chennai,1765,2023-08-29 10:00:00,92,140,3809,On Time
502148,Vistara,Chennai,Mumbai,480,2023-08-29 11:00:00,136,106,4610,Cancelled
502149,Akasa Air,Chennai,Chennai,848,2023-08-29 12:00:00,39,46,14698,Delayed
502150,SpiceJet,Bengaluru,Chennai,1587,2023-08-29 13:00:00,52,95,6749,On Time
502151,SpiceJet,Hyderabad,Kolkata,2184,2023-08-29 14:00:00,12,74,12041,On Time
502152,Akasa Air,Bengaluru,Kolkata,2183,2023-08-29 15:00:00,127,118,15745,Delayed
502153,Akasa Air,Kolkata,Hyderabad,2242,2023-08-29 16:00:00,159,31,17005,On Time
502154,Air India,Bengaluru,Mumbai,877,2023-08-29 17:00:00,64,27,11076,On Time
502155,IndiGo,Chennai,Mumbai,1194,2023-08-29 18:00:00,97,160,6358,On Time
502156,Air India,Delhi,Delhi,2251,2023-08-29 19:00:00,74,78,9369,On Time
502157,Air India,Delhi,Hyderabad,1048,2023-08-29 20:00:00,175,-15,11862,On Time
502158,SpiceJet,Kolkata,Mumbai,2289,2023-08-29 21:00:00,26,56,11445,On Time
502159,SpiceJet,Delhi,Mumbai,333,2023-08-29 22:00:00,83,140,12368,Delayed
502160,SpiceJet,Chennai,Mumbai,427,2023-08-29 23:00:00,134,158,6779,On Time
502161,IndiGo,Bengaluru,Mumbai,2417,2023-08-30 00:00:00,45,35,7841,On Time
502162,Air India,Mumbai,Bengaluru,868,2023-08-30 01:00:00,56,174,2858,On Time
502163,SpiceJet,Chennai,Chennai,353,2023-08-30 02:00:00,81,197,4726,On Time
502164,SpiceJet,Bengaluru,Bengaluru,1483,2023-08-30 03:00:00,0,69,8597,Delayed
502165,IndiGo,Kolkata,Mumbai,1011,2023-08-30 04:00:00,14,141,14714,On Time
502166,IndiGo,Delhi,Kolkata,739,2023-08-30 05:00:00,20,43,12156,On Time
502167,SpiceJet,Bengaluru,Chennai,946,2023-08-30 06:00:00,62,100,10149,On Time
502168,Akasa Air,Kolkata,Mumbai,2401,2023-08-30 07:00:00,29,62,12419,On Time
502169,Akasa Air,Bengaluru,Hyderabad,1185,2023-08-30 08:00:00,-5,49,13377,On Time
502170,Akasa Air,Hyderabad,Kolkata,1988,2023-08-30 09:00:00,49,140,7610,Delayed
502171,Vistara,Bengaluru,Delhi,716,2023-08-30 10:00:00,8,68,10727,On Time
502172,Akasa Air,Delhi,Mumbai,1791,2023-08-30 11:00:00,76,29,11645,On Time
502173,Akasa Air,Kolkata,Chennai,2305,2023-08-30 12:00:00,117,1,17823,On Time
502174,SpiceJet,Hyderabad,Mumbai,1596,2023-08-30 13:00:00,35,63,7839,On Time
502175,SpiceJet,Hyderabad,Hyderabad,1402,2023-08-30 14:00:00,149,46,3435,On Time
502176,Air India,Hyderabad,Bengaluru,1459,2023-08-30 15:00:00,84,138,4810,On Time
502177,Air India,Hyderabad,Delhi,570,2023-08-30 16:00:00,8,98,16787,Delayed
502178,Air India,Mumbai,Mumbai,881,2023-08-30 17:00:00,115,72,11444,On Time
502179,Akasa Air,Mumbai,Hyderabad,880,2023-08-30 18:00:00,65,16,14707,Delayed
502180,SpiceJet,Bengaluru,Mumbai,1434,2023-08-30 19:00:00,23,10,5416,Delayed
502181,IndiGo,Hyderabad,Chennai,1730,2023-08-30 20:00:00,20,178,9092,On Time
502182,SpiceJet,Kolkata,Hyderabad,1319,2023-08-30 21:00:00,87,184,13441,On Time
502183,Air India,Mumbai,Kolkata,2212,2023-08-30 22:00:00,54,111,11464,On Time
502184,IndiGo,Hyderabad,Hyderabad,2154,2023-08-30 23:00:00,105,57,16351,On Time
502185,Vistara,Mumbai,Delhi,777,2023-08-31 00:00:00,34,-15,7624,Delayed
502186,SpiceJet,Delhi,Kolkata,1878,2023-08-31 01:00:00,96,109,14049,On Time
502187,Akasa Air,Bengaluru,Mumbai,1283,2023-08-31 02:00:00,88,189,17505,On Time
502188,SpiceJet,Mumbai,Mumbai,997,2023-08-31 03:00:00,57,127,17568,On Time
502189,SpiceJet,Bengaluru,Mumbai,393,2023-08-31 04:00:00,-1,62,8323,On Time
502190,Akasa Air,Chennai,Kolkata,1896,2023-08-31 05:00:00,-1,3,8660,Delayed
502191,Akasa Air,Bengaluru,Hyderabad,1833,2023-08-31 06:00:00,118,134,15786,On Time
502192,SpiceJet,Mumbai,Hyderabad,2458,2023-08-31 07:00:00,124,135,3133,On Time
502193,IndiGo,Kolkata,Chennai,909,2023-08-31 08:00:00,33,35,6677,On Time
502194,Akasa Air,Chennai,Kolkata,1171,2023-08-31 09:00:00,46,84,3361,Delayed
502195,SpiceJet,Kolkata,Bengaluru,2260,2023-08-31 10:00:00,174,71,10531,On Time
502196,Vistara,Delhi,Delhi,1734,2023-08-31 11:00:00,142,188,3092,Cancelled
502197,IndiGo,Chennai,Mumbai,1649,2023-08-31 12:00:00,40,50,7388,On Time
502198,Vistara,Hyderabad,Mumbai,2004,2023-08-31 13:00:00,164,26,13371,On Time
502199,Air India,Bengaluru,Bengaluru,2232,2023-08-31 14:00:00,107,153,15419,Delayed
502200,Vistara,Chennai,Delhi,1665,2023-08-31 15:00:00,131,76,17609,On Time
502201,SpiceJet,Chennai,Mumbai,1904,2023-08-31 16:00:00,99,120,7713,On Time
502202,SpiceJet,Delhi,Delhi,1379,2023-08-31 17:00:00,128,19,7998,On Time
502203,IndiGo,Delhi,Bengaluru,1868,2023-08-31 18:00:00,87,-6,12957,Delayed
502204,IndiGo,Chennai,Mumbai,1604,2023-08-31 19:00:00,111,119,7057,On Time
502205,IndiGo,Mumbai,Mumbai,460,2023-08-31 20:00:00,18,54,12955,Delayed
502206,SpiceJet,Delhi,Delhi,707,2023-08-31 21:00:00,172,149,8412,On Time
502207,IndiGo,Chennai,Hyderabad,974,2023-08-31 22:00:00,16,62,9447,On Time
502208,Vistara,Kolkata,Delhi,2359,2023-08-31 23:00:00,137,165,16531,On Time
502209,Vistara,Kolkata,Chennai,1240,2023-09-01 00:00:00,71,41,6394,On Time
502210,SpiceJet,Mumbai,Bengaluru,1623,2023-09-01 01:00:00,66,90,6190,Delayed
502211,Vistara,Mumbai,Delhi,2233,2023-09-01 02:00:00,2,141,9983,On Time
502212,Akasa Air,Hyderabad,Chennai,2206,2023-09-01 03:00:00,144,194,16476,Delayed
502213,Air India,Bengaluru,Bengaluru,1378,2023-09-01 04:00:00,149,40,7531,On Time
502214,Akasa Air,Hyderabad,Hyderabad,744,2023-09-01 05:00:00,126,53,9545,On Time
502215,SpiceJet,Hyderabad,Mumbai,1928,2023-09-01 06:00:00,112,38,13953,On Time
502216,Air India,Chennai,Kolkata,367,2023-09-01 07:00:00,149,96,6030,On Time
502217,IndiGo,Hyderabad,Mumbai,1282,2023-09-01 08:00:00,30,113,4822,On Time
502218,IndiGo,Chennai,Mumbai,2145,2023-09-01 09:00:00,77,-10,7556,On Time
502219,Air India,Chennai,Hyderabad,1198,2023-09-01 10:00:00,64,46,4812,On Time
502220,Akasa Air,Delhi,Chennai,2271,2023-09-01 11:00:00,24,146,7925,On Time
502221,SpiceJet,Kolkata,Bengaluru,1417,2023-09-01 12:00:00,179,33,16820,Delayed
502222,SpiceJet,Bengaluru,Kolkata,1259,2023-09-01 13:00:00,-8,32,2957,On Time
502223,Akasa Air,Bengaluru,Mumbai,1414,2023-09-01 14:00:00,54,5,13697,Delayed
502224,SpiceJet,Chennai,Hyderabad,1830,2023-09-01 15:00:00,153,129,17795,On Time
502225,Air India,Kolkata,Hyderabad,1191,2023-09-01 16:00:00,143,17,14979,On Time
502226,IndiGo,Delhi,Mumbai,1703,2023-09-01 17:00:00,33,14,4133,Delayed
502227,Air India,Bengaluru,Chennai,1336,2023-09-01 18:00:00,12,75,14455,On Time
502228,Air India,Kolkata,Hyderabad,2006,2023-09-01 19:00:00,39,-5,11538,On Time
502229,Vistara,Kolkata,Hyderabad,1892,2023-09-01 20:00:00,125,169,8376,On Time
502230,Akasa Air,Delhi,Chennai,2050,2023-09-01 21:00:00,123,129,7707,Delayed
502231,IndiGo,Kolkata,Bengaluru,1743,2023-09-01 22:00:00,-3,1,9097,On Time
502232,SpiceJet,Mumbai,Delhi,300,2023-09-01 23:00:00,133,58,8560,On Time
502233,Vistara,Delhi,Chennai,1175,2023-09-02 00:00:00,0,80,14004,Delayed
502234,SpiceJet,Kolkata,Hyderabad,822,2023-09-02 01:00:00,3,62,9093,On Time
502235,Akasa Air,Hyderabad,Delhi,741,2023-09-02 02:00:00,80,150,6183,On Time
502236,Vistara,Chennai,Mumbai,408,2023-09-02 03:00:00,128,82,13172,Delayed
502237,Air India,Bengaluru,Chennai,2229,2023-09-02 04:00:00,50,155,9511,Delayed
502238,SpiceJet,Hyderabad,Bengaluru,2371,2023-09-02 05:00:00,-3,147,17692,On Time
502239,Vistara,Delhi,Bengaluru,2345,2023-09-02 06:00:00,111,58,4982,Delayed
502240,IndiGo,Chennai,Bengaluru,1233,2023-09-02 07:00:00,29,68,16271,Cancelled
502241,Air India,Bengaluru,Delhi,2358,2023-09-02 08:00:00,175,158,4983,On Time
502242,Akasa Air,Hyderabad,Chennai,783,2023-09-02 09:00:00,127,142,9044,On Time
502243,IndiGo,Mumbai,Mumbai,776,2023-09-02 10:00:00,0,71,11784,On Time
502244,IndiGo,Hyderabad,Bengaluru,1281,2023-09-02 11:00:00,61,9,5878,On Time
502245,Air India,Chennai,Delhi,1721,2023-09-02 12:00:00,106,180,15176,On Time
502246,Vistara,Bengaluru,Chennai,2114,2023-09-02 13:00:00,63,135,7646,On Time
502247,Akasa Air,Bengaluru,Hyderabad,860,2023-09-02 14:00:00,20,142,10080,On Time
502248,Vistara,Chennai,Hyderabad,376,2023-09-02 15:00:00,16,134,12471,Delayed
502249,Vistara,Mumbai,Chennai,2153,2023-09-02 16:00:00,132,115,4318,On Time
502250,Air India,Mumbai,Chennai,561,2023-09-02 17:00:00,147,108,4459,Delayed
502251,SpiceJet,Bengaluru,Bengaluru,700,2023-09-02 18:00:00,68,34,11689,On Time
502252,SpiceJet,Hyderabad,Chennai,2094,2023-09-02 19:00:00,52,59,6448,Delayed
502253,Akasa Air,Mumbai,Hyderabad,1188,2023-09-02 20:00:00,179,140,11859,On Time
502254,SpiceJet,Delhi,Kolkata,2379,2023-09-02 21:00:00,161,50,12545,On Time
502255,Air India,Mumbai,Kolkata,504,2023-09-02 22:00:00,95,40,14633,Delayed
502256,Air India,Delhi,Delhi,2101,2023-09-02 23:00:00,37,75,15254,On Time
502257,Vistara,Bengaluru,Delhi,2089,2023-09-03 00:00:00,88,143,6746,On Time
502258,Akasa Air,Delhi,Bengaluru,1499,2023-09-03 01:00:00,127,123,6726,On Time
502259,SpiceJet,Kolkata,Hyderabad,1789,2023-09-03 02:00:00,53,44,16025,On Time
502260,Vistara,Hyderabad,Bengaluru,1720,2023-09-03 03:00:00,75,-13,17753,On Time
502261,Vistara,Bengaluru,Hyderabad,366,2023-09-03 04:00:00,57,155,12383,On Time
502262,SpiceJet,Kolkata,Bengaluru,903,2023-09-03 05:00:00,5,129,8072,On Time
502263,Air India,Chennai,Kolkata,753,2023-09-03 06:00:00,147,41,17653,On Time
502264,Air India,Mumbai,Kolkata,1697,2023-09-03 07:00:00,149,61,12534,Delayed
502265,Air India,Bengaluru,Hyderabad,2331,2023-09-03 08:00:00,49,91,17283,On Time
502266,Air India,Kolkata,Bengaluru,1995,2023-09-03 09:00:00,38,23,3729,On Time
502267,Air India,Mumbai,Hyderabad,426,2023-09-03 10:00:00,159,183,6786,Delayed
502268,IndiGo,Chennai,Hyderabad,1665,2023-09-03 11:00:00,12,142,3810,On Time
502269,Vistara,Chennai,Delhi,511,2023-09-03 12:00:00,8,141,14200,Cancelled
502270,Akasa Air,Kolkata,Delhi,1072,2023-09-03 13:00:00,112,-11,5256,On Time
502271,Vistara,Chennai,Chennai,1716,2023-09-03 14:00:00,34,130,9645,Delayed
502272,Vistara,Delhi,Chennai,1507,2023-09-03 15:00:00,48,193,15685,On Time
502273,Vistara,Kolkata,Delhi,700,2023-09-03 16:00:00,-7,-1,17266,On Time
502274,Vistara,Delhi,Chennai,448,2023-09-03 17:00:00,84,101,4389,On Time
502275,Air India,Bengaluru,Mumbai,555,2023-09-03 18:00:00,159,30,6574,On Time
502276,IndiGo,Chennai,Delhi,1154,2023-09-03 19:00:00,40,150,8321,On Time
502277,Akasa Air,Kolkata,Kolkata,1149,2023-09-03 20:00:00,59,110,3688,On Time
502278,IndiGo,Mumbai,Chennai,384,2023-09-03 21:00:00,92,50,11622,On Time
502279,Vistara,Kolkata,Kolkata,1063,2023-09-03 22:00:00,104,130,5348,Delayed
502280,Akasa Air,Chennai,Bengaluru,1271,2023-09-03 23:00:00,98,31,16988,On Time
502281,Akasa Air,Hyderabad,Bengaluru,758,2023-09-04 00:00:00,42,80,3939,On Time
502282,SpiceJet,Mumbai,Delhi,2119,2023-09-04 01:00:00,27,19,10237,On Time
502283,SpiceJet,Chennai,Chennai,1729,2023-09-04 02:00:00,107,31,16381,On Time
502284,SpiceJet,Delhi,Kolkata,1304,2023-09-04 03:00:00,5,35,8235,On Time
502285,Akasa Air,Mumbai,Hyderabad,1427,2023-09-04 04:00:00,3,191,3534,Delayed
502286,IndiGo,Hyderabad,Kolkata,1354,2023-09-04 05:00:00,114,-3,3528,On Time
502287,Akasa Air,Kolkata,Kolkata,1261,2023-09-04 06:00:00,150,182,12894,Delayed
502288,Air India,Kolkata,Chennai,1737,2023-09-04 07:00:00,42,19,8377,On Time
502289,IndiGo,Mumbai,Chennai,1413,2023-09-04 08:00:00,140,123,8207,Delayed
502290,Akasa Air,Bengaluru,Kolkata,1947,2023-09-04 09:00:00,51,138,4681,On Time
502291,Air India,Delhi,Mumbai,815,2023-09-04 10:00:00,123,172,12654,On Time
502292,SpiceJet,Mumbai,Bengaluru,311,2023-09-04 11:00:00,170,91,15457,On Time
502293,Vistara,Bengaluru,Hyderabad,738,2023-09-04 12:00:00,124,132,6926,Delayed
502294,Vistara,Hyderabad,Chennai,964,2023-09-04 13:00:00,161,75,12631,On Time
502295,IndiGo,Hyderabad,Hyderabad,776,2023-09-04 14:00:00,125,56,17199,Delayed
502296,Vistara,Mumbai,Bengaluru,2295,2023-09-04 15:00:00,145,-15,7109,Cancelled
502297,SpiceJet,Bengaluru,Delhi,1161,2023-09-04 16:00:00,120,47,9856,On Time
502298,Akasa Air,Chennai,Kolkata,881,2023-09-04 17:00:00,79,66,10511,On Time
502299,SpiceJet,Kolkata,Bengaluru,342,2023-09-04 18:00:00,115,-10,11059,Cancelled
502300,IndiGo,Chennai,Kolkata,2306,2023-09-04 19:00:00,31,148,8886,Cancelled
502301,Akasa Air,Kolkata,Delhi,1790,2023-09-04 20:00:00,105,119,7165,On Time
502302,IndiGo,Kolkata,Hyderabad,2283,2023-09-04 21:00:00,121,165,8828,On Time
502303,Akasa Air,Kolkata,Hyderabad,433,2023-09-04 22:00:00,125,183,17401,On Time
502304,IndiGo,Mumbai,Bengaluru,1243,2023-09-04 23:00:00,165,134,8507,On Time
502305,Air India,Hyderabad,Mumbai,2190,2023-09-05 00:00:00,23,68,7230,On Time
502306,SpiceJet,Kolkata,Hyderabad,2094,2023-09-05 01:00:00,128,179,16926,Delayed
502307,Akasa Air,Mumbai,Bengaluru,2470,2023-09-05 02:00:00,27,121,4497,Delayed
502308,Air India,Bengaluru,Hyderabad,1332,2023-09-05 03:00:00,44,164,8028,On Time
502309,Vistara,Kolkata,Mumbai,2334,2023-09-05 04:00:00,141,165,17270,On Time
502310,Akasa Air,Hyderabad,Delhi,2071,2023-09-05 05:00:00,65,195,4579,Delayed
502311,Akasa Air,Hyderabad,Mumbai,2457,2023-09-05 06:00:00,43,130,3981,Delayed
502312,Vistara,Hyderabad,Chennai,1344,2023-09-05 07:00:00,102,56,14445,On Time
502313,SpiceJet,Kolkata,Hyderabad,2163,2023-09-05 08:00:00,123,72,17374,On Time
502314,IndiGo,Delhi,Kolkata,1153,2023-09-05 09:00:00,21,39,11609,On Time
502315,SpiceJet,Chennai,Delhi,2260,2023-09-05 10:00:00,96,75,10543,On Time
502316,Air India,Bengaluru,Bengaluru,1783,2023-09-05 11:00:00,64,26,4694,Delayed
502317,Akasa Air,Hyderabad,Bengaluru,2145,2023-09-05 12:00:00,42,60,11544,On Time
502318,Vistara,Kolkata,Delhi,787,2023-09-05 13:00:00,84,-13,15877,On Time
502319,Vistara,Mumbai,Hyderabad,634,2023-09-05 14:00:00,165,177,5251,On Time
502320,IndiGo,Bengaluru,Bengaluru,2206,2023-09-05 15:00:00,34,174,15576,Delayed
502321,Akasa Air,Kolkata,Mumbai,936,2023-09-05 16:00:00,113,115,5072,On Time
502322,Vistara,Hyderabad,Kolkata,2147,2023-09-05 17:00:00,54,105,5083,On Time
502323,Akasa Air,Hyderabad,Hyderabad,1180,2023-09-05 18:00:00,-8,150,6525,Delayed
502324,Akasa Air,Delhi,Mumbai,1936,2023-09-05 19:00:00,169,121,10164,Delayed
502325,IndiGo,Chennai,Kolkata,2453,2023-09-05 20:00:00,80,65,13605,On Time
502326,Air India,Bengaluru,Kolkata,1141,2023-09-05 21:00:00,48,-5,13291,Delayed
502327,IndiGo,Delhi,Kolkata,799,2023-09-05 22:00:00,79,193,16633,On Time
502328,SpiceJet,Hyderabad,Mumbai,788,2023-09-05 23:00:00,-4,162,6893,On Time
502329,Air India,Mumbai,Mumbai,2387,2023-09-06 00:00:00,89,125,8784,On Time
502330,Vistara,Mumbai,Delhi,1103,2023-09-06 01:00:00,53,195,9156,Delayed
502331,Air India,Bengaluru,Bengaluru,685,2023-09-06 02:00:00,20,87,3164,Delayed
502332,IndiGo,Delhi,Chennai,2205,2023-09-06 03:00:00,145,179,4832,On Time
502333,Air India,Mumbai,Delhi,2158,2023-09-06 04:00:00,41,153,8280,Delayed
502334,Air India,Chennai,Mumbai,1021,2023-09-06 05:00:00,146,136,4528,Cancelled
502335,Vistara,Chennai,Delhi,1758,2023-09-06 06:00:00,155,154,2657,On Time
502336,Akasa Air,Mumbai,Delhi,1095,2023-09-06 07:00:00,171,98,16612,On Time
502337,Air India,Chennai,Mumbai,2415,2023-09-06 08:00:00,70,14,5791,On Time
502338,Air India,Kolkata,Chennai,1353,2023-09-06 09:00:00,106,148,16211,On Time
502339,Vistara,Mumbai,Kolkata,1253,2023-09-06 10:00:00,112,198,11121,On Time
502340,Akasa Air,Mumbai,Kolkata,1880,2023-09-06 11:00:00,173,98,12843,On Time
502341,Vistara,Chennai,Delhi,944,2023-09-06 12:00:00,155,-5,17542,On Time
502342,Akasa Air,Hyderabad,Chennai,544,2023-09-06 13:00:00,15,12,11174,On Time
502343,Vistara,Bengaluru,Bengaluru,1182,2023-09-06 14:00:00,137,159,6212,Delayed
502344,Vistara,Mumbai,Kolkata,835,2023-09-06 15:00:00,155,162,9210,On Time
502345,Akasa Air,Hyderabad,Bengaluru,897,2023-09-06 16:00:00,98,36,15274,On Time
502346,Air India,Kolkata,Hyderabad,2204,2023-09-06 17:00:00,22,189,15562,Delayed
502347,Akasa Air,Bengaluru,Kolkata,1197,2023-09-06 18:00:00,177,154,5006,On Time
502348,SpiceJet,Bengaluru,Mumbai,1740,2023-09-06 19:00:00,68,120,8290,Cancelled
502349,SpiceJet,Bengaluru,Chennai,1025,2023-09-06 20:00:00,2,8,12311,On Time
502350,SpiceJet,Chennai,Chennai,2327,2023-09-06 21:00:00,117,88,9733,Cancelled
502351,Akasa Air,Hyderabad,Delhi,1669,2023-09-06 22:00:00,154,164,6735,Delayed
502352,SpiceJet,Kolkata,Hyderabad,1550,2023-09-06 23:00:00,65,71,6777,On Time
502353,Air India,Kolkata,Bengaluru,1925,2023-09-07 00:00:00,69,129,6945,On Time
502354,Akasa Air,Bengaluru,Hyderabad,863,2023-09-07 01:00:00,-6,148,2530,Delayed
502355,Vistara,Kolkata,Bengaluru,1348,2023-09-07 02:00:00,56,-2,12294,On Time
502356,IndiGo,Mumbai,Mumbai,317,2023-09-07 03:00:00,119,165,3180,On Time
502357,Vistara,Mumbai,Bengaluru,901,2023-09-07 04:00:00,166,62,10746,On Time
502358,Vistara,Kolkata,Chennai,1765,2023-09-07 05:00:00,107,168,9043,On Time
502359,SpiceJet,Bengaluru,Hyderabad,2073,2023-09-07 06:00:00,77,97,16838,On Time
502360,Air India,Chennai,Kolkata,556,2023-09-07 07:00:00,146,37,15663,On Time
502361,Vistara,Mumbai,Kolkata,2198,2023-09-07 08:00:00,77,116,4772,Cancelled
502362,Vistara,Hyderabad,Hyderabad,1576,2023-09-07 09:00:00,121,82,7006,On Time
502363,Akasa Air,Bengaluru,Delhi,1579,2023-09-07 10:00:00,158,81,5638,On Time
502364,SpiceJet,Chennai,Hyderabad,1931,2023-09-07 11:00:00,130,-4,17138,On Time
502365,Vistara,Mumbai,Kolkata,761,2023-09-07 12:00:00,71,82,9079,On Time
502366,SpiceJet,Delhi,Chennai,2477,2023-09-07 13:00:00,107,172,5427,Delayed
502367,Vistara,Hyderabad,Delhi,1560,2023-09-07 14:00:00,-7,170,8878,On Time
502368,Air India,Bengaluru,Chennai,958,2023-09-07 15:00:00,175,7,8607,On Time
502369,IndiGo,Delhi,Bengaluru,2052,2023-09-07 16:00:00,79,191,13814,On Time
502370,Air India,Chennai,Kolkata,691,2023-09-07 17:00:00,22,22,13477,On Time
502371,SpiceJet,Mumbai,Delhi,2161,2023-09-07 18:00:00,102,79,2930,On Time
502372,IndiGo,Kolkata,Mumbai,1785,2023-09-07 19:00:00,-10,156,7211,On Time
502373,Vistara,Mumbai,Hyderabad,322,2023-09-07 20:00:00,75,-7,9196,On Time
502374,Vistara,Hyderabad,Kolkata,952,2023-09-07 21:00:00,175,154,10143,Delayed
502375,Air India,Hyderabad,Delhi,1620,2023-09-07 22:00:00,71,64,11996,On Time
502376,Vistara,Hyderabad,Hyderabad,1232,2023-09-07 23:00:00,-7,79,17234,On Time
502377,Air India,Chennai,Chennai,2248,2023-09-08 00:00:00,126,195,16535,Delayed
502378,Air India,Mumbai,Delhi,600,2023-09-08 01:00:00,75,77,4264,Delayed
502379,Air India,Mumbai,Hyderabad,1795,2023-09-08 02:00:00,97,-10,8353,Delayed
502380,IndiGo,Chennai,Chennai,1896,2023-09-08 03:00:00,36,166,12370,Delayed
502381,SpiceJet,Mumbai,Delhi,547,2023-09-08 04:00:00,6,34,9724,On Time
502382,Akasa Air,Hyderabad,Mumbai,2083,2023-09-08 05:00:00,112,163,10610,Delayed
502383,Akasa Air,Chennai,Chennai,308,2023-09-08 06:00:00,109,4,14857,Cancelled
502384,SpiceJet,Kolkata,Delhi,2441,2023-09-08 07:00:00,124,12,8918,Delayed
502385,Akasa Air,Delhi,Mumbai,1782,2023-09-08 08:00:00,47,122,15463,On Time
502386,IndiGo,Kolkata,Delhi,1160,2023-09-08 09:00:00,78,140,10989,Delayed
502387,Air India,Chennai,Hyderabad,1574,2023-09-08 10:00:00,28,184,4858,On Time
502388,SpiceJet,Mumbai,Mumbai,1643,2023-09-08 11:00:00,14,131,6761,On Time
502389,Akasa Air,Kolkata,Chennai,2103,2023-09-08 12:00:00,53,162,8912,On Time
502390,Akasa Air,Mumbai,Kolkata,2279,2023-09-08 13:00:00,66,181,16671,Delayed
502391,Vistara,Kolkata,Kolkata,2297,2023-09-08 14:00:00,16,-10,8543,Delayed
502392,Air India,Kolkata,Bengaluru,1144,2023-09-08 15:00:00,102,8,5598,On Time
502393,Vistara,Mumbai,Bengaluru,2313,2023-09-08 16:00:00,81,84,14661,Delayed
502394,Air India,Hyderabad,Mumbai,558,2023-09-08 17:00:00,59,34,10371,On Time
502395,Akasa Air,Bengaluru,Bengaluru,1076,2023-09-08 18:00:00,172,-7,12739,On Time
502396,Air India,Kolkata,Delhi,1703,2023-09-08 19:00:00,165,166,15976,On Time
502397,Vistara,Chennai,Chennai,1132,2023-09-08 20:00:00,125,141,5865,On Time
502398,Vistara,Mumbai,Chennai,720,2023-09-08 21:00:00,116,46,14656,On Time
502399,SpiceJet,Delhi,Kolkata,2471,2023-09-08 22:00:00,165,182,11600,Delayed
502400,Vistara,Delhi,Delhi,1457,2023-09-08 23:00:00,178,196,16915,Delayed
502401,Air India,Chennai,Hyderabad,2173,2023-09-09 00:00:00,25,64,14959,On Time
502402,IndiGo,Delhi,Hyderabad,1850,2023-09-09 01:00:00,60,75,13615,On Time
502403,SpiceJet,Kolkata,Delhi,2460,2023-09-09 02:00:00,86,164,9883,On Time
502404,IndiGo,Mumbai,Delhi,2447,2023-09-09 03:00:00,-2,45,13709,On Time
502405,SpiceJet,Mumbai,Hyderabad,462,2023-09-09 04:00:00,68,167,14897,On Time
502406,Vistara,Mumbai,Mumbai,892,2023-09-09 05:00:00,178,164,17244,Delayed
502407,Akasa Air,Hyderabad,Hyderabad,1009,2023-09-09 06:00:00,113,176,4974,On Time
502408,Akasa Air,Hyderabad,Kolkata,1819,2023-09-09 07:00:00,9,183,10016,On Time
502409,Akasa Air,Bengaluru,Kolkata,844,2023-09-09 08:00:00,152,196,16349,On Time
502410,Vistara,Chennai,Hyderabad,1061,2023-09-09 09:00:00,70,172,6654,Delayed
502411,Vistara,Chennai,Chennai,1646,2023-09-09 10:00:00,168,154,15674,On Time
502412,Vistara,Delhi,Mumbai,1415,2023-09-09 11:00:00,107,104,10142,On Time
502413,Air India,Hyderabad,Delhi,590,2023-09-09 12:00:00,59,63,17912,On Time
502414,Air India,Delhi,Chennai,605,2023-09-09 13:00:00,11,95,16091,On Time
502415,Akasa Air,Bengaluru,Kolkata,1175,2023-09-09 14:00:00,125,152,16421,On Time
502416,IndiGo,Hyderabad,Chennai,763,2023-09-09 15:00:00,65,24,11541,On Time
502417,SpiceJet,Mumbai,Chennai,1303,2023-09-09 16:00:00,11,11,16399,On Time
502418,Vistara,Delhi,Bengaluru,1028,2023-09-09 17:00:00,89,97,16545,On Time
502419,Air India,Bengaluru,Mumbai,1063,2023-09-09 18:00:00,34,22,10168,On Time
502420,IndiGo,Kolkata,Kolkata,968,2023-09-09 19:00:00,126,43,17986,Cancelled
502421,Vistara,Hyderabad,Chennai,1666,2023-09-09 20:00:00,84,109,2616,On Time
502422,Akasa Air,Mumbai,Hyderabad,2223,2023-09-09 21:00:00,64,43,14928,On Time
502423,Akasa Air,Bengaluru,Chennai,536,2023-09-09 22:00:00,117,19,11849,Delayed
502424,Air India,Bengaluru,Bengaluru,1361,2023-09-09 23:00:00,22,63,15151,On Time
502425,Vistara,Bengaluru,Chennai,1480,2023-09-10 00:00:00,110,-12,8416,On Time
502426,IndiGo,Mumbai,Hyderabad,1071,2023-09-10 01:00:00,134,161,4841,On Time
502427,Akasa Air,Delhi,Hyderabad,1164,2023-09-10 02:00:00,167,48,6684,On Time
502428,Air India,Kolkata,Delhi,1519,2023-09-10 03:00:00,-8,77,8351,On Time
502429,IndiGo,Chennai,Kolkata,2477,2023-09-10 04:00:00,59,145,3681,On Time
502430,Air India,Chennai,Mumbai,1075,2023-09-10 05:00:00,118,148,6530,On Time
502431,IndiGo,Bengaluru,Delhi,712,2023-09-10 06:00:00,165,123,5681,Delayed
502432,IndiGo,Chennai,Chennai,2411,2023-09-10 07:00:00,9,103,8975,On Time
502433,IndiGo,Hyderabad,Hyderabad,1579,2023-09-10 08:00:00,29,87,5457,Cancelled
502434,Air India,Kolkata,Chennai,1607,2023-09-10 09:00:00,63,82,14532,Cancelled
502435,SpiceJet,Delhi,Delhi,1680,2023-09-10 10:00:00,94,109,11088,On Time
502436,IndiGo,Chennai,Mumbai,1758,2023-09-10 11:00:00,41,89,16471,Delayed
502437,SpiceJet,Bengaluru,Mumbai,2389,2023-09-10 12:00:00,9,171,6045,On Time
502438,Akasa Air,Kolkata,Mumbai,1950,2023-09-10 13:00:00,29,22,15595,On Time
502439,Akasa Air,Kolkata,Kolkata,1214,2023-09-10 14:00:00,10,13,3204,On Time
502440,SpiceJet,Kolkata,Delhi,949,2023-09-10 15:00:00,43,35,15875,On Time
502441,Vistara,Bengaluru,Chennai,2066,2023-09-10 16:00:00,73,164,4060,On Time
502442,Air India,Chennai,Kolkata,684,2023-09-10 17:00:00,66,61,15869,On Time
502443,Akasa Air,Mumbai,Kolkata,2292,2023-09-10 18:00:00,5,13,8336,On Time
502444,Air India,Chennai,Delhi,891,2023-09-10 19:00:00,9,95,6461,On Time
502445,IndiGo,Bengaluru,Kolkata,898,2023-09-10 20:00:00,22,65,12859,On Time
502446,Akasa Air,Kolkata,Kolkata,468,2023-09-10 21:00:00,135,58,14353,Delayed
502447,Vistara,Kolkata,Bengaluru,2297,2023-09-10 22:00:00,99,167,15662,On Time
502448,SpiceJet,Kolkata,Chennai,2328,2023-09-10 23:00:00,163,188,16061,On Time
502449,SpiceJet,Mumbai,Kolkata,1268,2023-09-11 00:00:00,140,40,7654,On Time
502450,Air India,Kolkata,Chennai,1761,2023-09-11 01:00:00,91,59,14614,Delayed
502451,Air India,Chennai,Mumbai,1219,2023-09-11 02:00:00,141,155,5421,On Time
502452,SpiceJet,Mumbai,Mumbai,2489,2023-09-11 03:00:00,13,154,10381,Delayed
502453,Air India,Hyderabad,Delhi,2048,2023-09-11 04:00:00,85,-1,15764,On Time
502454,SpiceJet,Bengaluru,Kolkata,634,2023-09-11 05:00:00,175,145,15807,On Time
502455,Air India,Mumbai,Mumbai,443,2023-09-11 06:00:00,15,71,8698,Delayed
502456,Air India,Delhi,Kolkata,323,2023-09-11 07:00:00,159,128,15391,Delayed
502457,Air India,Chennai,Mumbai,792,2023-09-11 08:00:00,7,95,9534,On Time
502458,Air India,Mumbai,Bengaluru,2004,2023-09-11 09:00:00,95,92,4910,Delayed
502459,IndiGo,Delhi,Mumbai,1051,2023-09-11 10:00:00,111,-6,13358,Delayed
502460,SpiceJet,Kolkata,Delhi,376,2023-09-11 11:00:00,165,35,15192,On Time
502461,Air India,Mumbai,Hyderabad,2191,2023-09-11 12:00:00,6,97,17571,On Time
502462,SpiceJet,Delhi,Bengaluru,820,2023-09-11 13:00:00,179,38,10120,Delayed
502463,SpiceJet,Kolkata,Chennai,1769,2023-09-11 14:00:00,108,109,10197,On Time
502464,Akasa Air,Bengaluru,Kolkata,1737,2023-09-11 15:00:00,136,186,3617,On Time
502465,Akasa Air,Mumbai,Bengaluru,2116,2023-09-11 16:00:00,59,110,16188,On Time
502466,SpiceJet,Delhi,Hyderabad,561,2023-09-11 17:00:00,170,67,15983,On Time
502467,SpiceJet,Hyderabad,Kolkata,2204,2023-09-11 18:00:00,137,140,15521,On Time
502468,Akasa Air,Delhi,Delhi,1407,2023-09-11 19:00:00,129,92,3718,Cancelled
502469,IndiGo,Hyderabad,Kolkata,2171,2023-09-11 20:00:00,149,-10,8485,On Time
502470,Vistara,Chennai,Delhi,737,2023-09-11 21:00:00,169,104,4471,On Time
502471,SpiceJet,Hyderabad,Bengaluru,349,2023-09-11 22:00:00,91,110,13228,On Time
502472,Vistara,Kolkata,Hyderabad,828,2023-09-11 23:00:00,80,123,10114,Cancelled
502473,Vistara,Kolkata,Delhi,2413,2023-09-12 00:00:00,78,55,15421,On Time
502474,Akasa Air,Hyderabad,Delhi,652,2023-09-12 01:00:00,165,24,14190,On Time
502475,Air India,Chennai,Kolkata,373,2023-09-12 02:00:00,-5,34,17493,Delayed
502476,SpiceJet,Delhi,Hyderabad,1819,2023-09-12 03:00:00,-8,65,14073,On Time
502477,Akasa Air,Kolkata,Bengaluru,1900,2023-09-12 04:00:00,2,194,7455,On Time
502478,IndiGo,Delhi,Kolkata,1478,2023-09-12 05:00:00,164,163,4914,On Time
502479,Akasa Air,Bengaluru,Bengaluru,2094,2023-09-12 06:00:00,57,198,4704,Delayed
502480,Air India,Bengaluru,Kolkata,384,2023-09-12 07:00:00,84,119,13470,Delayed
502481,Air India,Chennai,Hyderabad,555,2023-09-12 08:00:00,90,40,13916,Delayed
502482,Vistara,Chennai,Hyderabad,687,2023-09-12 09:00:00,52,158,8319,On Time
502483,Akasa Air,Hyderabad,Mumbai,318,2023-09-12 10:00:00,26,18,7846,On Time
502484,Akasa Air,Delhi,Chennai,2457,2023-09-12 11:00:00,113,197,15535,Delayed
502485,Akasa Air,Kolkata,Delhi,2284,2023-09-12 12:00:00,152,4,17225,On Time
502486,Vistara,Kolkata,Chennai,1281,2023-09-12 13:00:00,57,34,10036,Delayed
502487,SpiceJet,Hyderabad,Hyderabad,2340,2023-09-12 14:00:00,24,175,17438,On Time
502488,SpiceJet,Chennai,Hyderabad,2405,2023-09-12 15:00:00,99,72,15187,On Time
502489,Vistara,Mumbai,Delhi,1462,2023-09-12 16:00:00,124,93,14062,On Time
502490,Akasa Air,Kolkata,Delhi,2294,2023-09-12 17:00:00,159,187,17061,On Time
502491,IndiGo,Delhi,Chennai,786,2023-09-12 18:00:00,51,74,8995,On Time
502492,Vistara,Bengaluru,Delhi,2212,2023-09-12 19:00:00,129,32,16107,On Time
502493,Air India,Chennai,Delhi,1664,2023-09-12 20:00:00,132,58,5021,On Time
502494,Vistara,Chennai,Mumbai,1713,2023-09-12 21:00:00,68,54,8235,On Time
502495,SpiceJet,Hyderabad,Bengaluru,1057,2023-09-12 22:00:00,114,98,4429,Delayed
502496,IndiGo,Chennai,Chennai,2496,2023-09-12 23:00:00,36,136,16591,On Time
502497,Vistara,Kolkata,Chennai,2162,2023-09-13 00:00:00,35,48,15847,Delayed
502498,SpiceJet,Mumbai,Delhi,768,2023-09-13 01:00:00,35,72,8979,On Time
502499,Akasa Air,Bengaluru,Mumbai,2366,2023-09-13 02:00:00,57,179,9034,Delayed
502500,IndiGo,Hyderabad,Delhi,351,2023-09-13 03:00:00,138,28,10168,On Time
502501,SpiceJet,Kolkata,Mumbai,869,2023-09-13 04:00:00,149,124,17023,On Time
502502,Vistara,Hyderabad,Mumbai,1568,2023-09-13 05:00:00,51,165,9354,Cancelled
502503,Akasa Air,Mumbai,Bengaluru,1485,2023-09-13 06:00:00,102,10,11563,On Time
502504,Vistara,Kolkata,Kolkata,1160,2023-09-13 07:00:00,64,51,10622,Delayed
502505,Air India,Kolkata,Delhi,1329,2023-09-13 08:00:00,142,123,13716,On Time
502506,Air India,Kolkata,Mumbai,2375,2023-09-13 09:00:00,96,15,6793,On Time
502507,Air India,Hyderabad,Mumbai,2195,2023-09-13 10:00:00,15,31,4859,Delayed
502508,Vistara,Mumbai,Bengaluru,2120,2023-09-13 11:00:00,174,149,3443,Delayed
502509,SpiceJet,Kolkata,Bengaluru,1993,2023-09-13 12:00:00,-3,62,16220,On Time
502510,Air India,Delhi,Kolkata,2371,2023-09-13 13:00:00,30,34,4918,On Time
502511,Akasa Air,Mumbai,Hyderabad,1423,2023-09-13 14:00:00,26,155,14937,On Time
502512,SpiceJet,Hyderabad,Kolkata,624,2023-09-13 15:00:00,65,134,16950,On Time
502513,Vistara,Delhi,Bengaluru,667,2023-09-13 16:00:00,42,108,5088,Delayed
502514,IndiGo,Bengaluru,Kolkata,1863,2023-09-13 17:00:00,164,140,3024,On Time
502515,Akasa Air,Mumbai,Delhi,2465,2023-09-13 18:00:00,155,65,3291,On Time
502516,SpiceJet,Mumbai,Kolkata,1497,2023-09-13 19:00:00,-3,61,4318,On Time
502517,IndiGo,Mumbai,Mumbai,1595,2023-09-13 20:00:00,0,185,11805,On Time
502518,IndiGo,Kolkata,Hyderabad,1396,2023-09-13 21:00:00,47,194,10856,On Time
502519,Akasa Air,Hyderabad,Hyderabad,713,2023-09-13 22:00:00,122,106,7831,On Time
502520,Vistara,Bengaluru,Mumbai,1787,2023-09-13 23:00:00,48,76,6735,On Time
502521,IndiGo,Delhi,Kolkata,1461,2023-09-14 00:00:00,73,127,12878,On Time
502522,Akasa Air,Bengaluru,Kolkata,1194,2023-09-14 01:00:00,71,22,14729,On Time
502523,Air India,Delhi,Hyderabad,2430,2023-09-14 02:00:00,62,50,14664,On Time
502524,Air India,Chennai,Chennai,1005,2023-09-14 03:00:00,76,153,9563,On Time
502525,Air India,Mumbai,Mumbai,409,2023-09-14 04:00:00,74,32,9509,On Time
502526,SpiceJet,Hyderabad,Delhi,1690,2023-09-14 05:00:00,82,161,4765,Delayed
502527,SpiceJet,Mumbai,Mumbai,616,2023-09-14 06:00:00,30,152,9582,On Time
502528,SpiceJet,Mumbai,Mumbai,1763,2023-09-14 07:00:00,36,-5,17347,On Time
502529,Vistara,Chennai,Hyderabad,583,2023-09-14 08:00:00,106,48,16878,On Time
502530,SpiceJet,Hyderabad,Delhi,714,2023-09-14 09:00:00,81,97,16180,On Time
502531,Air India,Chennai,Chennai,2179,2023-09-14 10:00:00,102,96,11575,On Time
502532,IndiGo,Delhi,Delhi,1100,2023-09-14 11:00:00,58,142,2906,Delayed
502533,IndiGo,Bengaluru,Kolkata,820,2023-09-14 12:00:00,-10,-6,6734,On Time
502534,Air India,Mumbai,Bengaluru,1288,2023-09-14 13:00:00,172,124,5727,On Time
502535,Akasa Air,Delhi,Mumbai,990,2023-09-14 14:00:00,57,149,16412,On Time
502536,SpiceJet,Hyderabad,Delhi,2185,2023-09-14 15:00:00,28,48,6690,On Time
502537,Akasa Air,Delhi,Mumbai,869,2023-09-14 16:00:00,68,38,3642,On Time
502538,Akasa Air,Chennai,Chennai,498,2023-09-14 17:00:00,17,192,3763,On Time
502539,IndiGo,Delhi,Kolkata,2471,2023-09-14 18:00:00,8,101,4214,On Time
502540,Akasa Air,Bengaluru,Hyderabad,2107,2023-09-14 19:00:00,50,80,3244,On Time
502541,Air India,Mumbai,Kolkata,1044,2023-09-14 20:00:00,70,186,14999,Delayed
502542,Akasa Air,Delhi,Hyderabad,2487,2023-09-14 21:00:00,74,32,8355,On Time
502543,Akasa Air,Kolkata,Hyderabad,1289,2023-09-14 22:00:00,149,134,10048,On Time
502544,Vistara,Hyderabad,Chennai,2046,2023-09-14 23:00:00,113,120,13431,On Time
502545,IndiGo,Delhi,Hyderabad,2036,2023-09-15 00:00:00,92,198,5126,On Time
502546,Air India,Delhi,Chennai,729,2023-09-15 01:00:00,72,63,3385,Delayed
502547,Vistara,Delhi,Mumbai,2179,2023-09-15 02:00:00,87,130,13314,On Time
502548,SpiceJet,Hyderabad,Chennai,427,2023-09-15 03:00:00,178,142,15074,Delayed
502549,Akasa Air,Kolkata,Chennai,766,2023-09-15 04:00:00,143,173,6032,On Time
502550,Vistara,Chennai,Hyderabad,374,2023-09-15 05:00:00,178,103,4647,On Time
502551,IndiGo,Chennai,Hyderabad,2326,2023-09-15 06:00:00,81,22,4549,Cancelled
502552,Vistara,Bengaluru,Bengaluru,1464,2023-09-15 07:00:00,137,168,8603,On Time
502553,Akasa Air,Delhi,Mumbai,1236,2023-09-15 08:00:00,-8,149,14269,On Time
502554,Air India,Mumbai,Delhi,2252,2023-09-15 09:00:00,172,183,4635,On Time
502555,SpiceJet,Bengaluru,Hyderabad,462,2023-09-15 10:00:00,78,67,6599,Delayed
502556,Akasa Air,Chennai,Bengaluru,1409,2023-09-15 11:00:00,103,23,16606,Cancelled
502557,SpiceJet,Hyderabad,Kolkata,1238,2023-09-15 12:00:00,147,88,3923,Delayed
502558,IndiGo,Chennai,Chennai,752,2023-09-15 13:00:00,14,50,13471,On Time
502559,Air India,Mumbai,Bengaluru,1682,2023-09-15 14:00:00,72,76,3394,On Time
502560,IndiGo,Delhi,Hyderabad,1844,2023-09-15 15:00:00,167,127,5341,Delayed
502561,SpiceJet,Mumbai,Chennai,1025,2023-09-15 16:00:00,94,78,3656,On Time
502562,IndiGo,Delhi,Mumbai,1774,2023-09-15 17:00:00,132,28,4429,On Time
502563,IndiGo,Kolkata,Kolkata,1649,2023-09-15 18:00:00,117,159,7826,Delayed
502564,Vistara,Mumbai,Kolkata,410,2023-09-15 19:00:00,37,28,13999,Delayed
502565,Akasa Air,Bengaluru,Kolkata,820,2023-09-15 20:00:00,159,145,13126,Delayed
502566,IndiGo,Chennai,Delhi,1095,2023-09-15 21:00:00,3,149,3691,Delayed
502567,SpiceJet,Bengaluru,Kolkata,952,2023-09-15 22:00:00,68,17,8430,On Time
502568,Vistara,Chennai,Mumbai,1823,2023-09-15 23:00:00,79,91,17369,Delayed
502569,Vistara,Bengaluru,Mumbai,849,2023-09-16 00:00:00,174,133,16255,On Time
502570,Vistara,Chennai,Chennai,1044,2023-09-16 01:00:00,160,156,17568,Delayed
502571,Akasa Air,Mumbai,Chennai,324,2023-09-16 02:00:00,91,65,15374,On Time
502572,IndiGo,Kolkata,Bengaluru,2018,2023-09-16 03:00:00,12,102,14259,On Time
502573,Akasa Air,Chennai,Hyderabad,2429,2023-09-16 04:00:00,170,93,14916,On Time
502574,Akasa Air,Mumbai,Bengaluru,1887,2023-09-16 05:00:00,155,133,16935,On Time
502575,Akasa Air,Kolkata,Kolkata,2342,2023-09-16 06:00:00,40,3,14180,On Time
502576,Vistara,Chennai,Delhi,2153,2023-09-16 07:00:00,148,141,3210,Delayed
502577,Vistara,Mumbai,Mumbai,2332,2023-09-16 08:00:00,46,153,7127,Cancelled
502578,Vistara,Bengaluru,Delhi,637,2023-09-16 09:00:00,74,165,2730,On Time
502579,SpiceJet,Delhi,Hyderabad,1059,2023-09-16 10:00:00,77,78,12146,On Time
502580,Akasa Air,Bengaluru,Mumbai,2422,2023-09-16 11:00:00,70,149,8738,On Time
502581,Akasa Air,Delhi,Chennai,1817,2023-09-16 12:00:00,99,177,13841,On Time
502582,Air India,Kolkata,Mumbai,434,2023-09-16 13:00:00,67,8,13484,Delayed
502583,Air India,Hyderabad,Chennai,1352,2023-09-16 14:00:00,144,10,16740,On Time
502584,IndiGo,Hyderabad,Delhi,768,2023-09-16 15:00:00,95,141,10003,On Time
502585,Air India,Bengaluru,Kolkata,1474,2023-09-16 16:00:00,143,147,11741,On Time
502586,Vistara,Bengaluru,Bengaluru,522,2023-09-16 17:00:00,73,36,11358,On Time
502587,Air India,Chennai,Delhi,346,2023-09-16 18:00:00,72,120,13564,Delayed
502588,SpiceJet,Mumbai,Bengaluru,888,2023-09-16 19:00:00,-9,169,6083,Delayed
502589,Akasa Air,Mumbai,Bengaluru,2107,2023-09-16 20:00:00,173,72,15431,Delayed
502590,IndiGo,Delhi,Delhi,462,2023-09-16 21:00:00,24,129,6748,On Time
502591,Vistara,Mumbai,Delhi,743,2023-09-16 22:00:00,177,137,14491,On Time
502592,IndiGo,Bengaluru,Kolkata,1755,2023-09-16 23:00:00,18,51,10434,On Time
502593,Air India,Mumbai,Bengaluru,459,2023-09-17 00:00:00,173,186,13627,On Time
502594,IndiGo,Kolkata,Bengaluru,1029,2023-09-17 01:00:00,123,59,16131,On Time
502595,Vistara,Kolkata,Mumbai,1042,2023-09-17 02:00:00,177,120,11184,On Time
502596,SpiceJet,Delhi,Hyderabad,2338,2023-09-17 03:00:00,164,9,13731,On Time
502597,Akasa Air,Delhi,Hyderabad,423,2023-09-17 04:00:00,129,37,15117,On Time
502598,Air India,Hyderabad,Hyderabad,341,2023-09-17 05:00:00,-4,21,11009,Delayed
502599,IndiGo,Chennai,Mumbai,740,2023-09-17 06:00:00,54,126,14327,On Time
502600,Vistara,Kolkata,Delhi,1818,2023-09-17 07:00:00,149,188,17896,On Time
502601,Air India,Kolkata,Delhi,2274,2023-09-17 08:00:00,17,160,13854,On Time
502602,Vistara,Chennai,Delhi,1091,2023-09-17 09:00:00,52,-15,6133,On Time
502603,Air India,Kolkata,Hyderabad,427,2023-09-17 10:00:00,133,188,17221,On Time
502604,SpiceJet,Mumbai,Delhi,1822,2023-09-17 11:00:00,76,23,15145,Delayed
502605,Akasa Air,Mumbai,Mumbai,804,2023-09-17 12:00:00,41,196,13606,On Time
502606,SpiceJet,Hyderabad,Bengaluru,754,2023-09-17 13:00:00,22,91,12150,Delayed
502607,Vistara,Kolkata,Delhi,1161,2023-09-17 14:00:00,61,7,7900,Delayed
502608,SpiceJet,Bengaluru,Hyderabad,352,2023-09-17 15:00:00,30,123,5113,Delayed
502609,Air India,Mumbai,Delhi,758,2023-09-17 16:00:00,115,132,3647,On Time
502610,Akasa Air,Delhi,Kolkata,399,2023-09-17 17:00:00,67,198,2909,On Time
502611,Vistara,Hyderabad,Chennai,1879,2023-09-17 18:00:00,26,95,9967,On Time
502612,Vistara,Chennai,Mumbai,2024,2023-09-17 19:00:00,79,-15,16881,On Time
502613,SpiceJet,Mumbai,Bengaluru,2251,2023-09-17 20:00:00,107,180,12305,On Time
502614,IndiGo,Bengaluru,Chennai,413,2023-09-17 21:00:00,33,98,5425,Delayed
502615,Akasa Air,Kolkata,Bengaluru,2041,2023-09-17 22:00:00,9,13,14617,On Time
502616,SpiceJet,Delhi,Kolkata,2448,2023-09-17 23:00:00,26,108,8108,Cancelled
502617,Air India,Bengaluru,Chennai,893,2023-09-18 00:00:00,84,68,8351,Delayed
502618,Vistara,Hyderabad,Chennai,2357,2023-09-18 01:00:00,39,115,7312,Delayed
502619,SpiceJet,Delhi,Delhi,750,2023-09-18 02:00:00,-6,19,6337,On Time
502620,Air India,Delhi,Mumbai,2060,2023-09-18 03:00:00,41,36,16204,On Time
502621,SpiceJet,Delhi,Mumbai,977,2023-09-18 04:00:00,22,12,10779,On Time
502622,Akasa Air,Mumbai,Bengaluru,2058,2023-09-18 05:00:00,91,89,13318,On Time
502623,IndiGo,Chennai,Delhi,1705,2023-09-18 06:00:00,91,113,11088,Delayed
502624,SpiceJet,Bengaluru,Kolkata,2449,2023-09-18 07:00:00,49,57,14804,Delayed
502625,Vistara,Mumbai,Mumbai,803,2023-09-18 08:00:00,49,14,3970,On Time
502626,SpiceJet,Delhi,Delhi,1227,2023-09-18 09:00:00,54,24,6732,Delayed
502627,Air India,Hyderabad,Mumbai,796,2023-09-18 10:00:00,173,155,6380,Delayed
502628,IndiGo,Mumbai,Delhi,1746,2023-09-18 11:00:00,155,142,16126,Delayed
502629,SpiceJet,Chennai,Delhi,1476,2023-09-18 12:00:00,42,57,5770,On Time
502630,Akasa Air,Chennai,Delhi,2075,2023-09-18 13:00:00,4,16,6805,On Time
502631,Vistara,Delhi,Chennai,1431,2023-09-18 14:00:00,75,136,5873,Cancelled
502632,SpiceJet,Kolkata,Bengaluru,2004,2023-09-18 15:00:00,143,168,9383,On Time
502633,SpiceJet,Bengaluru,Chennai,864,2023-09-18 16:00:00,41,11,6551,On Time
502634,Vistara,Hyderabad,Chennai,659,2023-09-18 17:00:00,126,18,14176,Delayed
502635,Akasa Air,Kolkata,Bengaluru,1441,2023-09-18 18:00:00,40,13,17897,On Time
502636,IndiGo,Hyderabad,Mumbai,1122,2023-09-18 19:00:00,177,-6,15647,Delayed
502637,SpiceJet,Hyderabad,Delhi,1599,2023-09-18 20:00:00,65,138,5303,On Time
502638,Akasa Air,Mumbai,Delhi,1342,2023-09-18 21:00:00,81,180,2906,Delayed
502639,IndiGo,Mumbai,Bengaluru,1818,2023-09-18 22:00:00,143,34,4190,On Time
502640,Vistara,Hyderabad,Kolkata,432,2023-09-18 23:00:00,7,112,6783,On Time
502641,SpiceJet,Delhi,Mumbai,2194,2023-09-19 00:00:00,92,27,3706,Delayed
502642,Air India,Mumbai,Kolkata,2343,2023-09-19 01:00:00,108,26,8604,Cancelled
502643,Akasa Air,Kolkata,Bengaluru,1975,2023-09-19 02:00:00,167,187,9150,On Time
502644,Akasa Air,Bengaluru,Chennai,1158,2023-09-19 03:00:00,51,135,5107,On Time
502645,IndiGo,Kolkata,Hyderabad,2227,2023-09-19 04:00:00,29,134,14212,On Time
502646,Vistara,Mumbai,Hyderabad,2042,2023-09-19 05:00:00,40,186,16053,On Time
502647,SpiceJet,Hyderabad,Bengaluru,795,2023-09-19 06:00:00,137,19,16665,On Time
502648,IndiGo,Kolkata,Mumbai,680,2023-09-19 07:00:00,117,-6,15461,Delayed
502649,Akasa Air,Mumbai,Chennai,811,2023-09-19 08:00:00,29,84,14695,On Time
502650,Vistara,Bengaluru,Kolkata,1561,2023-09-19 09:00:00,40,165,8691,On Time
502651,Air India,Mumbai,Kolkata,1751,2023-09-19 10:00:00,41,47,17397,Delayed
502652,SpiceJet,Kolkata,Mumbai,1231,2023-09-19 11:00:00,92,181,9640,On Time
502653,SpiceJet,Mumbai,Hyderabad,1809,2023-09-19 12:00:00,102,126,5301,On Time
502654,SpiceJet,Bengaluru,Bengaluru,2134,2023-09-19 13:00:00,-4,98,7899,On Time
502655,Vistara,Delhi,Kolkata,2036,2023-09-19 14:00:00,76,64,3121,On Time
502656,IndiGo,Hyderabad,Delhi,1479,2023-09-19 15:00:00,70,2,12904,Delayed
502657,SpiceJet,Bengaluru,Bengaluru,1057,2023-09-19 16:00:00,6,186,10586,On Time
502658,IndiGo,Chennai,Kolkata,930,2023-09-19 17:00:00,64,132,16114,On Time
502659,Vistara,Delhi,Chennai,982,2023-09-19 18:00:00,15,199,4708,Delayed
502660,SpiceJet,Delhi,Delhi,1183,2023-09-19 19:00:00,147,100,8517,Delayed
502661,Akasa Air,Kolkata,Hyderabad,1109,2023-09-19 20:00:00,20,56,16295,On Time
502662,IndiGo,Chennai,Hyderabad,482,2023-09-19 21:00:00,148,124,7388,On Time
502663,Akasa Air,Delhi,Mumbai,1327,2023-09-19 22:00:00,18,150,8643,Delayed
502664,Air India,Kolkata,Chennai,1979,2023-09-19 23:00:00,53,81,17246,On Time
502665,IndiGo,Chennai,Chennai,1400,2023-09-20 00:00:00,102,195,15109,On Time
502666,SpiceJet,Mumbai,Chennai,1470,2023-09-20 01:00:00,101,190,9770,On Time
502667,IndiGo,Kolkata,Mumbai,837,2023-09-20 02:00:00,23,145,16644,On Time
502668,SpiceJet,Hyderabad,Bengaluru,1736,2023-09-20 03:00:00,20,160,13250,On Time
502669,IndiGo,Kolkata,Chennai,1441,2023-09-20 04:00:00,174,-12,12835,On Time
502670,IndiGo,Delhi,Chennai,689,2023-09-20 05:00:00,138,164,10740,Delayed
502671,Akasa Air,Hyderabad,Mumbai,2250,2023-09-20 06:00:00,126,-10,13249,On Time
502672,Air India,Bengaluru,Bengaluru,766,2023-09-20 07:00:00,102,-5,7561,On Time
502673,IndiGo,Chennai,Delhi,812,2023-09-20 08:00:00,59,113,8257,On Time
502674,SpiceJet,Hyderabad,Mumbai,543,2023-09-20 09:00:00,145,41,9019,On Time
502675,Air India,Delhi,Hyderabad,1644,2023-09-20 10:00:00,68,99,3720,Delayed
502676,Akasa Air,Bengaluru,Kolkata,2110,2023-09-20 11:00:00,43,7,4840,Cancelled
502677,Vistara,Hyderabad,Bengaluru,377,2023-09-20 12:00:00,19,55,12360,On Time
502678,Air India,Kolkata,Chennai,1157,2023-09-20 13:00:00,78,139,3012,On Time
502679,Akasa Air,Hyderabad,Delhi,1115,2023-09-20 14:00:00,8,46,3389,Delayed
502680,Air India,Chennai,Kolkata,1610,2023-09-20 15:00:00,18,25,17855,On Time
502681,SpiceJet,Delhi,Hyderabad,1509,2023-09-20 16:00:00,158,66,13565,Delayed
502682,SpiceJet,Hyderabad,Mumbai,1960,2023-09-20 17:00:00,137,104,5621,On Time
502683,IndiGo,Kolkata,Hyderabad,2458,2023-09-20 18:00:00,-3,17,14501,On Time
502684,Vistara,Bengaluru,Kolkata,535,2023-09-20 19:00:00,173,175,8480,Delayed
502685,IndiGo,Hyderabad,Bengaluru,2204,2023-09-20 20:00:00,152,132,11718,On Time
502686,SpiceJet,Mumbai,Hyderabad,1102,2023-09-20 21:00:00,8,159,17626,Delayed
502687,IndiGo,Kolkata,Hyderabad,2311,2023-09-20 22:00:00,5,-8,13213,On Time
502688,Air India,Bengaluru,Chennai,844,2023-09-20 23:00:00,70,-1,2983,Delayed
502689,Air India,Delhi,Kolkata,538,2023-09-21 00:00:00,19,15,9610,On Time
502690,Akasa Air,Delhi,Bengaluru,478,2023-09-21 01:00:00,44,83,12062,On Time
502691,Akasa Air,Kolkata,Kolkata,1414,2023-09-21 02:00:00,40,49,3334,On Time
502692,IndiGo,Mumbai,Hyderabad,1158,2023-09-21 03:00:00,40,185,16780,Cancelled
502693,Air India,Hyderabad,Bengaluru,2346,2023-09-21 04:00:00,137,-6,7887,On Time
502694,IndiGo,Kolkata,Delhi,1816,2023-09-21 05:00:00,43,166,16345,On Time
502695,SpiceJet,Mumbai,Kolkata,1676,2023-09-21 06:00:00,19,122,11999,On Time
502696,Akasa Air,Hyderabad,Hyderabad,573,2023-09-21 07:00:00,57,51,5197,On Time
502697,Akasa Air,Chennai,Hyderabad,1661,2023-09-21 08:00:00,55,34,12773,On Time
502698,Vistara,Hyderabad,Kolkata,1756,2023-09-21 09:00:00,61,12,5841,On Time
502699,Vistara,Bengaluru,Chennai,2459,2023-09-21 10:00:00,48,20,2654,On Time
502700,Akasa Air,Mumbai,Bengaluru,1245,2023-09-21 11:00:00,-9,8,14257,Delayed
502701,Air India,Hyderabad,Bengaluru,1254,2023-09-21 12:00:00,16,181,10061,On Time
502702,Akasa Air,Kolkata,Mumbai,1560,2023-09-21 13:00:00,159,163,12310,Cancelled
502703,Air India,Kolkata,Mumbai,1682,2023-09-21 14:00:00,54,94,16752,On Time
502704,Akasa Air,Bengaluru,Mumbai,1196,2023-09-21 15:00:00,70,-10,8277,On Time
502705,Vistara,Kolkata,Chennai,1370,2023-09-21 16:00:00,158,72,3307,Delayed
502706,IndiGo,Mumbai,Delhi,1448,2023-09-21 17:00:00,32,23,17624,On Time
502707,SpiceJet,Mumbai,Mumbai,1262,2023-09-21 18:00:00,144,145,16360,Delayed
502708,Akasa Air,Hyderabad,Bengaluru,1178,2023-09-21 19:00:00,78,56,9765,On Time
502709,IndiGo,Chennai,Hyderabad,1058,2023-09-21 20:00:00,44,90,7868,On Time
502710,IndiGo,Kolkata,Kolkata,545,2023-09-21 21:00:00,124,138,7639,Cancelled
502711,Air India,Chennai,Chennai,1782,2023-09-21 22:00:00,18,33,5611,Delayed
502712,Akasa Air,Kolkata,Kolkata,1284,2023-09-21 23:00:00,100,68,2993,On Time
502713,SpiceJet,Kolkata,Delhi,1796,2023-09-22 00:00:00,147,84,10562,On Time
502714,SpiceJet,Delhi,Bengaluru,478,2023-09-22 01:00:00,91,124,17257,Cancelled
502715,SpiceJet,Chennai,Mumbai,1168,2023-09-22 02:00:00,100,13,14389,On Time
502716,SpiceJet,Chennai,Kolkata,2218,2023-09-22 03:00:00,103,108,3607,On Time
502717,SpiceJet,Mumbai,Hyderabad,711,2023-09-22 04:00:00,71,67,14779,Delayed
502718,Akasa Air,Mumbai,Hyderabad,1344,2023-09-22 05:00:00,165,-10,9844,Delayed
502719,Vistara,Mumbai,Hyderabad,1062,2023-09-22 06:00:00,40,122,15069,On Time
502720,IndiGo,Hyderabad,Bengaluru,1462,2023-09-22 07:00:00,-6,63,14702,On Time
502721,IndiGo,Bengaluru,Chennai,2313,2023-09-22 08:00:00,155,127,4368,Cancelled
502722,SpiceJet,Bengaluru,Mumbai,2135,2023-09-22 09:00:00,17,148,14534,On Time
502723,Vistara,Kolkata,Kolkata,1334,2023-09-22 10:00:00,135,-1,4053,On Time
502724,Akasa Air,Chennai,Hyderabad,510,2023-09-22 11:00:00,46,122,3917,Delayed
502725,Vistara,Chennai,Bengaluru,1899,2023-09-22 12:00:00,89,197,10774,On Time
502726,Vistara,Delhi,Hyderabad,1738,2023-09-22 13:00:00,-2,191,16805,Delayed
502727,Akasa Air,Kolkata,Kolkata,1183,2023-09-22 14:00:00,-6,28,11995,On Time
502728,Akasa Air,Bengaluru,Chennai,1084,2023-09-22 15:00:00,7,37,4040,On Time
502729,Akasa Air,Bengaluru,Bengaluru,662,2023-09-22 16:00:00,-2,150,8652,On Time
502730,Akasa Air,Bengaluru,Mumbai,2476,2023-09-22 17:00:00,44,93,3064,Delayed
502731,IndiGo,Bengaluru,Chennai,2189,2023-09-22 18:00:00,10,68,17856,On Time
502732,Akasa Air,Hyderabad,Hyderabad,1573,2023-09-22 19:00:00,49,133,6539,On Time
502733,Vistara,Hyderabad,Kolkata,386,2023-09-22 20:00:00,81,120,15028,Delayed
502734,Akasa Air,Delhi,Kolkata,1513,2023-09-22 21:00:00,166,167,16815,On Time
502735,IndiGo,Delhi,Mumbai,2331,2023-09-22 22:00:00,175,31,8729,On Time
502736,IndiGo,Mumbai,Mumbai,1889,2023-09-22 23:00:00,121,127,17150,On Time
502737,Akasa Air,Delhi,Bengaluru,2181,2023-09-23 00:00:00,57,100,3691,On Time
502738,SpiceJet,Chennai,Mumbai,521,2023-09-23 01:00:00,58,186,14124,On Time
502739,IndiGo,Hyderabad,Kolkata,313,2023-09-23 02:00:00,179,15,8025,On Time
502740,Vistara,Kolkata,Chennai,1318,2023-09-23 03:00:00,119,29,9094,Delayed
502741,Akasa Air,Chennai,Chennai,964,2023-09-23 04:00:00,81,169,5617,On Time
502742,SpiceJet,Mumbai,Hyderabad,799,2023-09-23 05:00:00,137,95,14174,On Time
502743,Vistara,Mumbai,Mumbai,448,2023-09-23 06:00:00,146,129,8852,On Time
502744,Vistara,Hyderabad,Hyderabad,2348,2023-09-23 07:00:00,149,1,5671,On Time
502745,Vistara,Bengaluru,Delhi,303,2023-09-23 08:00:00,93,111,15026,On Time
502746,Vistara,Chennai,Mumbai,1906,2023-09-23 09:00:00,158,10,12998,On Time
502747,Akasa Air,Chennai,Bengaluru,1968,2023-09-23 10:00:00,89,194,11937,On Time
502748,SpiceJet,Bengaluru,Hyderabad,2480,2023-09-23 11:00:00,108,138,11699,Cancelled
502749,Air India,Hyderabad,Chennai,1627,2023-09-23 12:00:00,129,164,9928,On Time
502750,SpiceJet,Hyderabad,Hyderabad,686,2023-09-23 13:00:00,90,173,11964,Delayed
502751,IndiGo,Delhi,Delhi,780,2023-09-23 14:00:00,72,-10,4081,On Time
502752,IndiGo,Mumbai,Chennai,1596,2023-09-23 15:00:00,54,42,4072,Delayed
502753,Akasa Air,Kolkata,Mumbai,1101,2023-09-23 16:00:00,116,191,16088,Delayed
502754,Vistara,Hyderabad,Chennai,2299,2023-09-23 17:00:00,12,110,15091,Cancelled
502755,SpiceJet,Chennai,Delhi,902,2023-09-23 18:00:00,140,119,12219,On Time
502756,Air India,Mumbai,Bengaluru,1599,2023-09-23 19:00:00,170,151,3599,On Time
502757,Akasa Air,Mumbai,Hyderabad,1691,2023-09-23 20:00:00,106,122,12321,On Time
502758,IndiGo,Bengaluru,Kolkata,1484,2023-09-23 21:00:00,119,93,7152,Delayed
502759,Vistara,Bengaluru,Delhi,740,2023-09-23 22:00:00,7,103,13101,Delayed
502760,SpiceJet,Bengaluru,Hyderabad,521,2023-09-23 23:00:00,132,158,9483,Delayed
502761,Akasa Air,Hyderabad,Mumbai,2244,2023-09-24 00:00:00,33,137,7827,Delayed
502762,SpiceJet,Bengaluru,Chennai,1308,2023-09-24 01:00:00,35,73,9709,Cancelled
502763,Air India,Kolkata,Chennai,2074,2023-09-24 02:00:00,116,107,15027,On Time
502764,IndiGo,Kolkata,Bengaluru,319,2023-09-24 03:00:00,165,127,11914,Delayed
502765,Air India,Delhi,Kolkata,2413,2023-09-24 04:00:00,126,-2,10190,On Time
502766,Air India,Kolkata,Kolkata,939,2023-09-24 05:00:00,66,198,9314,On Time
502767,Akasa Air,Bengaluru,Mumbai,1650,2023-09-24 06:00:00,93,135,10376,On Time
502768,Air India,Chennai,Hyderabad,479,2023-09-24 07:00:00,92,130,4251,On Time
502769,Air India,Delhi,Chennai,2202,2023-09-24 08:00:00,132,198,8631,On Time
502770,SpiceJet,Bengaluru,Chennai,1324,2023-09-24 09:00:00,84,65,16538,Delayed
502771,SpiceJet,Bengaluru,Kolkata,2111,2023-09-24 10:00:00,114,19,6545,On Time
502772,IndiGo,Mumbai,Delhi,1800,2023-09-24 11:00:00,125,86,10378,Cancelled
502773,SpiceJet,Mumbai,Chennai,1182,2023-09-24 12:00:00,52,120,3571,On Time
502774,IndiGo,Delhi,Mumbai,1035,2023-09-24 13:00:00,147,109,14943,On Time
502775,Vistara,Chennai,Mumbai,1425,2023-09-24 14:00:00,72,100,12702,Delayed
502776,Air India,Bengaluru,Chennai,1293,2023-09-24 15:00:00,145,-15,2571,Cancelled
502777,Vistara,Kolkata,Hyderabad,1208,2023-09-24 16:00:00,122,97,11912,On Time
502778,SpiceJet,Hyderabad,Delhi,1386,2023-09-24 17:00:00,116,13,14963,On Time
502779,Akasa Air,Kolkata,Chennai,2037,2023-09-24 18:00:00,90,2,16013,On Time
502780,Air India,Bengaluru,Mumbai,1951,2023-09-24 19:00:00,5,187,3276,On Time
502781,Air India,Mumbai,Mumbai,2069,2023-09-24 20:00:00,38,198,3270,On Time
502782,SpiceJet,Hyderabad,Bengaluru,2115,2023-09-24 21:00:00,74,86,8805,On Time
502783,SpiceJet,Bengaluru,Mumbai,2021,2023-09-24 22:00:00,-6,165,3095,Delayed
502784,IndiGo,Bengaluru,Hyderabad,1993,2023-09-24 23:00:00,26,169,3393,On Time
502785,Vistara,Kolkata,Delhi,2277,2023-09-25 00:00:00,167,81,10062,On Time
502786,SpiceJet,Hyderabad,Hyderabad,676,2023-09-25 01:00:00,153,58,5350,On Time
502787,Air India,Chennai,Bengaluru,1516,2023-09-25 02:00:00,139,129,17510,Delayed
502788,IndiGo,Delhi,Kolkata,797,2023-09-25 03:00:00,61,196,12432,Delayed
502789,IndiGo,Chennai,Chennai,617,2023-09-25 04:00:00,172,156,9144,On Time
502790,Akasa Air,Hyderabad,Hyderabad,1331,2023-09-25 05:00:00,78,132,5564,On Time
502791,Vistara,Kolkata,Hyderabad,2285,2023-09-25 06:00:00,47,112,15879,Delayed
502792,Air India,Mumbai,Kolkata,1918,2023-09-25 07:00:00,-3,36,10521,On Time
502793,Vistara,Bengaluru,Bengaluru,2197,2023-09-25 08:00:00,156,90,6688,On Time
502794,Air India,Hyderabad,Bengaluru,1176,2023-09-25 09:00:00,45,-4,17296,On Time
502795,Air India,Chennai,Chennai,1225,2023-09-25 10:00:00,114,127,2973,Delayed
502796,SpiceJet,Delhi,Delhi,1800,2023-09-25 11:00:00,85,47,17280,Delayed
502797,Akasa Air,Chennai,Mumbai,574,2023-09-25 12:00:00,58,30,8355,On Time
502798,SpiceJet,Mumbai,Delhi,305,2023-09-25 13:00:00,33,194,10777,Delayed
502799,SpiceJet,Hyderabad,Bengaluru,2350,2023-09-25 14:00:00,11,177,5011,Delayed
502800,SpiceJet,Hyderabad,Kolkata,1383,2023-09-25 15:00:00,30,6,7425,On Time
502801,SpiceJet,Kolkata,Chennai,2178,2023-09-25 16:00:00,61,69,4936,Delayed
502802,Akasa Air,Bengaluru,Chennai,2044,2023-09-25 17:00:00,84,61,12857,On Time
502803,SpiceJet,Delhi,Delhi,738,2023-09-25 18:00:00,71,169,15709,On Time
502804,IndiGo,Hyderabad,Delhi,1153,2023-09-25 19:00:00,102,132,2588,On Time
502805,Akasa Air,Hyderabad,Delhi,316,2023-09-25 20:00:00,166,167,10634,Delayed
502806,SpiceJet,Hyderabad,Kolkata,373,2023-09-25 21:00:00,63,187,5219,On Time
502807,Air India,Mumbai,Delhi,1731,2023-09-25 22:00:00,107,167,14271,On Time
502808,IndiGo,Delhi,Delhi,927,2023-09-25 23:00:00,85,195,15081,On Time
502809,Akasa Air,Bengaluru,Kolkata,1261,2023-09-26 00:00:00,119,195,13408,Delayed
502810,Vistara,Delhi,Mumbai,472,2023-09-26 01:00:00,103,105,14665,On Time
502811,Akasa Air,Hyderabad,Mumbai,1604,2023-09-26 02:00:00,7,141,2833,Delayed
502812,IndiGo,Delhi,Chennai,937,2023-09-26 03:00:00,123,65,15163,On Time
502813,IndiGo,Kolkata,Bengaluru,1634,2023-09-26 04:00:00,175,35,7826,On Time
502814,Vistara,Chennai,Kolkata,2342,2023-09-26 05:00:00,72,165,14825,On Time
502815,Air India,Hyderabad,Hyderabad,454,2023-09-26 06:00:00,118,112,17303,On Time
502816,Air India,Kolkata,Hyderabad,2053,2023-09-26 07:00:00,14,191,3480,On Time
502817,IndiGo,Bengaluru,Delhi,1309,2023-09-26 08:00:00,110,129,8397,Delayed
502818,Air India,Delhi,Mumbai,1827,2023-09-26 09:00:00,101,181,9940,On Time
502819,Air India,Chennai,Chennai,2299,2023-09-26 10:00:00,16,176,3189,Delayed
502820,Akasa Air,Chennai,Chennai,1033,2023-09-26 11:00:00,56,64,4318,On Time
502821,IndiGo,Hyderabad,Delhi,2334,2023-09-26 12:00:00,144,69,11710,On Time
502822,Akasa Air,Delhi,Delhi,1369,2023-09-26 13:00:00,104,139,17846,On Time
502823,IndiGo,Chennai,Chennai,501,2023-09-26 14:00:00,170,172,9692,On Time
502824,Air India,Bengaluru,Kolkata,1187,2023-09-26 15:00:00,4,169,9066,On Time
502825,SpiceJet,Bengaluru,Chennai,417,2023-09-26 16:00:00,76,66,5015,On Time
502826,Air India,Kolkata,Hyderabad,627,2023-09-26 17:00:00,20,79,2676,On Time
502827,SpiceJet,Mumbai,Hyderabad,350,2023-09-26 18:00:00,103,35,17643,On Time
502828,SpiceJet,Delhi,Hyderabad,1201,2023-09-26 19:00:00,-2,41,7302,On Time
502829,IndiGo,Bengaluru,Kolkata,343,2023-09-26 20:00:00,161,123,11025,On Time
502830,IndiGo,Mumbai,Mumbai,342,2023-09-26 21:00:00,133,130,13343,Delayed
502831,Air India,Kolkata,Delhi,1068,2023-09-26 22:00:00,78,121,6009,Delayed
502832,Akasa Air,Mumbai,Delhi,513,2023-09-26 23:00:00,112,99,14578,On Time
502833,IndiGo,Delhi,Kolkata,1573,2023-09-27 00:00:00,119,112,15664,On Time
502834,Akasa Air,Chennai,Kolkata,530,2023-09-27 01:00:00,85,189,14184,Delayed
502835,SpiceJet,Kolkata,Hyderabad,2145,2023-09-27 02:00:00,95,-7,10431,On Time
502836,Akasa Air,Mumbai,Kolkata,891,2023-09-27 03:00:00,154,9,5019,On Time
502837,Vistara,Delhi,Chennai,417,2023-09-27 04:00:00,22,51,9357,Delayed
502838,SpiceJet,Chennai,Bengaluru,1201,2023-09-27 05:00:00,107,162,13315,Delayed
502839,Akasa Air,Mumbai,Mumbai,2130,2023-09-27 06:00:00,20,28,4576,Delayed
502840,SpiceJet,Delhi,Kolkata,1270,2023-09-27 07:00:00,132,194,7446,Cancelled
502841,Air India,Kolkata,Hyderabad,1272,2023-09-27 08:00:00,43,77,14699,Delayed
502842,Air India,Chennai,Delhi,1764,2023-09-27 09:00:00,66,163,4310,On Time
502843,IndiGo,Chennai,Mumbai,1620,2023-09-27 10:00:00,52,52,11070,On Time
502844,Air India,Hyderabad,Bengaluru,484,2023-09-27 11:00:00,95,155,7931,On Time
502845,Akasa Air,Delhi,Hyderabad,743,2023-09-27 12:00:00,83,196,6225,On Time
502846,Akasa Air,Mumbai,Mumbai,980,2023-09-27 13:00:00,-4,30,5340,On Time
502847,SpiceJet,Mumbai,Kolkata,1787,2023-09-27 14:00:00,178,31,7112,Delayed
502848,Akasa Air,Hyderabad,Bengaluru,1991,2023-09-27 15:00:00,110,68,4273,On Time
502849,Air India,Kolkata,Delhi,850,2023-09-27 16:00:00,110,127,16422,Delayed
502850,Akasa Air,Bengaluru,Chennai,631,2023-09-27 17:00:00,65,7,3025,On Time
502851,IndiGo,Hyderabad,Kolkata,876,2023-09-27 18:00:00,132,103,11886,Delayed
502852,SpiceJet,Kolkata,Mumbai,1907,2023-09-27 19:00:00,90,91,11787,Delayed
502853,SpiceJet,Bengaluru,Mumbai,1067,2023-09-27 20:00:00,59,12,8965,Delayed
502854,IndiGo,Bengaluru,Chennai,468,2023-09-27 21:00:00,143,8,15834,On Time
502855,Vistara,Chennai,Chennai,1471,2023-09-27 22:00:00,68,45,14512,On Time
502856,Akasa Air,Hyderabad,Kolkata,2114,2023-09-27 23:00:00,42,20,3323,On Time
502857,IndiGo,Mumbai,Chennai,2192,2023-09-28 00:00:00,159,59,3257,On Time
502858,SpiceJet,Chennai,Chennai,550,2023-09-28 01:00:00,68,96,13309,On Time
502859,IndiGo,Hyderabad,Mumbai,1990,2023-09-28 02:00:00,147,82,10562,On Time
502860,IndiGo,Kolkata,Delhi,1079,2023-09-28 03:00:00,32,82,14784,On Time
502861,Air India,Hyderabad,Kolkata,811,2023-09-28 04:00:00,159,22,10683,On Time
502862,SpiceJet,Kolkata,Chennai,364,2023-09-28 05:00:00,1,93,13460,Delayed
502863,IndiGo,Chennai,Chennai,464,2023-09-28 06:00:00,116,113,7926,On Time
502864,Akasa Air,Chennai,Chennai,2105,2023-09-28 07:00:00,168,168,7476,On Time
502865,Air India,Mumbai,Kolkata,2468,2023-09-28 08:00:00,2,116,4048,On Time
502866,IndiGo,Bengaluru,Hyderabad,1371,2023-09-28 09:00:00,95,30,14748,On Time
502867,SpiceJet,Mumbai,Bengaluru,443,2023-09-28 10:00:00,-8,148,10931,On Time
502868,Vistara,Hyderabad,Delhi,2305,2023-09-28 11:00:00,37,123,6086,Delayed
502869,Vistara,Mumbai,Hyderabad,1176,2023-09-28 12:00:00,153,20,15976,On Time
502870,Akasa Air,Hyderabad,Bengaluru,1189,2023-09-28 13:00:00,19,3,11093,On Time
502871,Air India,Bengaluru,Mumbai,1950,2023-09-28 14:00:00,173,89,13658,Delayed
502872,SpiceJet,Bengaluru,Mumbai,2421,2023-09-28 15:00:00,39,-3,7684,Delayed
502873,IndiGo,Kolkata,Kolkata,1722,2023-09-28 16:00:00,171,93,15610,On Time
502874,IndiGo,Mumbai,Mumbai,778,2023-09-28 17:00:00,100,89,12857,Delayed
502875,Air India,Mumbai,Bengaluru,1663,2023-09-28 18:00:00,148,137,16557,On Time
502876,Akasa Air,Delhi,Delhi,1744,2023-09-28 19:00:00,146,39,12325,Delayed
502877,IndiGo,Chennai,Hyderabad,2349,2023-09-28 20:00:00,147,41,14344,Delayed
502878,Air India,Kolkata,Kolkata,1408,2023-09-28 21:00:00,-5,164,3138,Delayed
502879,Vistara,Bengaluru,Chennai,1458,2023-09-28 22:00:00,29,199,6894,On Time
502880,Vistara,Hyderabad,Chennai,1162,2023-09-28 23:00:00,11,18,8524,Cancelled
502881,IndiGo,Mumbai,Hyderabad,449,2023-09-29 00:00:00,178,92,14306,On Time
502882,Akasa Air,Chennai,Kolkata,2122,2023-09-29 01:00:00,-8,192,14297,On Time
502883,Akasa Air,Kolkata,Kolkata,436,2023-09-29 02:00:00,174,45,14466,On Time
502884,Vistara,Delhi,Delhi,1352,2023-09-29 03:00:00,75,91,5226,On Time
502885,Air India,Bengaluru,Hyderabad,2136,2023-09-29 04:00:00,114,-3,4693,On Time
502886,Air India,Kolkata,Kolkata,1007,2023-09-29 05:00:00,79,122,12214,Delayed
502887,IndiGo,Delhi,Hyderabad,2323,2023-09-29 06:00:00,108,179,10810,Delayed
502888,Air India,Hyderabad,Kolkata,1842,2023-09-29 07:00:00,80,74,17261,On Time
502889,Air India,Hyderabad,Hyderabad,1733,2023-09-29 08:00:00,47,165,15875,On Time
502890,IndiGo,Delhi,Bengaluru,2385,2023-09-29 09:00:00,25,126,8883,On Time
502891,Air India,Delhi,Bengaluru,1488,2023-09-29 10:00:00,4,40,3792,On Time
502892,IndiGo,Mumbai,Kolkata,2266,2023-09-29 11:00:00,36,159,4288,On Time
502893,Air India,Mumbai,Chennai,371,2023-09-29 12:00:00,42,160,3964,On Time
502894,Vistara,Hyderabad,Kolkata,1790,2023-09-29 13:00:00,143,178,6274,On Time
502895,Vistara,Bengaluru,Delhi,1739,2023-09-29 14:00:00,127,18,9733,On Time
502896,Vistara,Bengaluru,Kolkata,1404,2023-09-29 15:00:00,63,116,3406,On Time
502897,Akasa Air,Mumbai,Kolkata,643,2023-09-29 16:00:00,137,141,4989,On Time
502898,SpiceJet,Delhi,Chennai,1477,2023-09-29 17:00:00,16,-15,6875,Delayed
502899,Akasa Air,Hyderabad,Chennai,1511,2023-09-29 18:00:00,98,198,16098,Delayed
502900,Akasa Air,Hyderabad,Mumbai,780,2023-09-29 19:00:00,130,73,5143,Delayed
502901,IndiGo,Kolkata,Mumbai,2122,2023-09-29 20:00:00,102,33,3076,On Time
502902,Air India,Chennai,Bengaluru,2004,2023-09-29 21:00:00,165,32,12815,On Time
502903,SpiceJet,Mumbai,Hyderabad,908,2023-09-29 22:00:00,61,89,15394,Delayed
502904,Akasa Air,Kolkata,Mumbai,990,2023-09-29 23:00:00,9,-5,10749,On Time
502905,Air India,Kolkata,Mumbai,1029,2023-09-30 00:00:00,49,103,17704,On Time
502906,Vistara,Bengaluru,Bengaluru,1888,2023-09-30 01:00:00,81,173,6079,On Time
502907,SpiceJet,Delhi,Bengaluru,2391,2023-09-30 02:00:00,0,104,8868,Delayed
502908,Vistara,Hyderabad,Mumbai,2062,2023-09-30 03:00:00,148,172,9409,On Time
502909,IndiGo,Mumbai,Hyderabad,1753,2023-09-30 04:00:00,31,99,15691,On Time
502910,Akasa Air,Mumbai,Delhi,943,2023-09-30 05:00:00,155,196,8375,On Time
502911,Air India,Kolkata,Delhi,1360,2023-09-30 06:00:00,139,183,3568,Delayed
502912,Air India,Kolkata,Hyderabad,2396,2023-09-30 07:00:00,139,29,4244,On Time
502913,Vistara,Chennai,Bengaluru,1456,2023-09-30 08:00:00,107,50,2568,Delayed
502914,Vistara,Chennai,Hyderabad,748,2023-09-30 09:00:00,109,101,2910,Delayed
502915,SpiceJet,Chennai,Chennai,1552,2023-09-30 10:00:00,5,154,7182,On Time
502916,Vistara,Chennai,Mumbai,764,2023-09-30 11:00:00,15,29,11577,On Time
502917,Vistara,Mumbai,Mumbai,956,2023-09-30 12:00:00,122,121,15630,On Time
502918,Air India,Bengaluru,Delhi,1766,2023-09-30 13:00:00,7,192,10071,Delayed
502919,IndiGo,Kolkata,Delhi,996,2023-09-30 14:00:00,164,101,2551,On Time
502920,IndiGo,Hyderabad,Delhi,501,2023-09-30 15:00:00,98,34,17010,Delayed
502921,Vistara,Mumbai,Mumbai,2327,2023-09-30 16:00:00,147,-14,4170,On Time
502922,IndiGo,Delhi,Mumbai,1051,2023-09-30 17:00:00,32,65,9409,On Time
502923,Vistara,Hyderabad,Chennai,945,2023-09-30 18:00:00,163,156,10828,Delayed
502924,Air India,Chennai,Delhi,2493,2023-09-30 19:00:00,28,4,14382,On Time
502925,Air India,Kolkata,Bengaluru,2307,2023-09-30 20:00:00,27,150,13717,On Time
502926,Vistara,Bengaluru,Hyderabad,1621,2023-09-30 21:00:00,170,156,16002,On Time
502927,Akasa Air,Delhi,Delhi,751,2023-09-30 22:00:00,43,54,4132,On Time
502928,Air India,Mumbai,Hyderabad,1385,2023-09-30 23:00:00,1,122,4269,Delayed
502929,IndiGo,Hyderabad,Bengaluru,1997,2023-10-01 00:00:00,1,187,16877,On Time
502930,IndiGo,Hyderabad,Bengaluru,1311,2023-10-01 01:00:00,42,149,11722,On Time
502931,Vistara,Bengaluru,Kolkata,1934,2023-10-01 02:00:00,-7,106,17795,On Time
502932,IndiGo,Bengaluru,Chennai,2469,2023-10-01 03:00:00,169,23,13217,Delayed
502933,SpiceJet,Hyderabad,Bengaluru,573,2023-10-01 04:00:00,61,182,12107,On Time
502934,IndiGo,Chennai,Bengaluru,601,2023-10-01 05:00:00,156,156,4059,On Time
502935,Air India,Mumbai,Mumbai,1091,2023-10-01 06:00:00,167,29,5747,On Time
502936,Akasa Air,Mumbai,Delhi,2449,2023-10-01 07:00:00,166,187,17958,Delayed
502937,Air India,Delhi,Kolkata,2439,2023-10-01 08:00:00,-2,50,10740,Delayed
502938,SpiceJet,Delhi,Bengaluru,846,2023-10-01 09:00:00,161,6,15160,On Time
502939,IndiGo,Hyderabad,Mumbai,1784,2023-10-01 10:00:00,63,7,17970,Delayed
502940,Akasa Air,Kolkata,Bengaluru,2365,2023-10-01 11:00:00,15,131,10052,On Time
502941,Akasa Air,Bengaluru,Bengaluru,1203,2023-10-01 12:00:00,171,19,6043,On Time
502942,Vistara,Chennai,Delhi,1134,2023-10-01 13:00:00,102,182,15775,On Time
502943,SpiceJet,Chennai,Kolkata,2298,2023-10-01 14:00:00,39,152,7212,On Time
502944,Vistara,Kolkata,Delhi,748,2023-10-01 15:00:00,74,191,15814,On Time
502945,Air India,Bengaluru,Bengaluru,1416,2023-10-01 16:00:00,145,77,2648,Delayed
502946,Vistara,Bengaluru,Bengaluru,1419,2023-10-01 17:00:00,86,69,10608,On Time
502947,IndiGo,Hyderabad,Delhi,529,2023-10-01 18:00:00,128,89,10247,On Time
502948,IndiGo,Delhi,Hyderabad,1520,2023-10-01 19:00:00,24,59,7927,On Time
502949,IndiGo,Delhi,Bengaluru,574,2023-10-01 20:00:00,77,145,14327,Delayed
502950,Akasa Air,Chennai,Hyderabad,2346,2023-10-01 21:00:00,63,24,16524,On Time
502951,Air India,Hyderabad,Bengaluru,468,2023-10-01 22:00:00,56,78,5720,On Time
502952,Air India,Chennai,Bengaluru,2252,2023-10-01 23:00:00,7,177,5584,Delayed
502953,Akasa Air,Chennai,Delhi,1768,2023-10-02 00:00:00,148,74,13397,On Time
502954,SpiceJet,Kolkata,Kolkata,1806,2023-10-02 01:00:00,59,46,15994,Delayed
502955,Air India,Hyderabad,Kolkata,1259,2023-10-02 02:00:00,21,134,7101,Delayed
502956,Vistara,Bengaluru,Kolkata,2341,2023-10-02 03:00:00,77,158,8702,Delayed
502957,Vistara,Hyderabad,Kolkata,2175,2023-10-02 04:00:00,174,-8,8868,On Time
502958,Vistara,Delhi,Chennai,1083,2023-10-02 05:00:00,-4,104,17102,Delayed
502959,Air India,Mumbai,Mumbai,412,2023-10-02 06:00:00,24,193,3699,Cancelled
502960,SpiceJet,Hyderabad,Kolkata,658,2023-10-02 07:00:00,1,182,17524,Delayed
502961,SpiceJet,Hyderabad,Bengaluru,1627,2023-10-02 08:00:00,124,-1,3490,On Time
502962,SpiceJet,Bengaluru,Chennai,358,2023-10-02 09:00:00,-6,142,8853,Delayed
502963,Air India,Hyderabad,Bengaluru,1231,2023-10-02 10:00:00,-9,114,8622,On Time
502964,Akasa Air,Hyderabad,Delhi,1178,2023-10-02 11:00:00,89,-12,17083,On Time
502965,Vistara,Chennai,Delhi,1306,2023-10-02 12:00:00,98,89,4451,On Time
502966,Vistara,Kolkata,Hyderabad,2132,2023-10-02 13:00:00,9,163,3504,On Time
502967,Akasa Air,Hyderabad,Hyderabad,1550,2023-10-02 14:00:00,13,86,13209,Delayed
502968,Vistara,Kolkata,Bengaluru,1715,2023-10-02 15:00:00,82,65,4864,Delayed
502969,SpiceJet,Kolkata,Mumbai,419,2023-10-02 16:00:00,64,10,5713,Delayed
502970,Air India,Kolkata,Chennai,326,2023-10-02 17:00:00,87,187,6505,On Time
502971,Vistara,Mumbai,Chennai,1746,2023-10-02 18:00:00,83,183,9106,On Time
502972,Akasa Air,Chennai,Delhi,1019,2023-10-02 19:00:00,46,95,9737,On Time
502973,IndiGo,Mumbai,Kolkata,1322,2023-10-02 20:00:00,47,2,2516,On Time
502974,Air India,Delhi,Bengaluru,515,2023-10-02 21:00:00,59,194,4565,On Time
502975,Vistara,Delhi,Chennai,2249,2023-10-02 22:00:00,28,70,6604,On Time
502976,SpiceJet,Bengaluru,Kolkata,937,2023-10-02 23:00:00,139,23,13783,On Time
502977,Akasa Air,Delhi,Hyderabad,380,2023-10-03 00:00:00,138,102,13120,Delayed
502978,Vistara,Delhi,Kolkata,327,2023-10-03 01:00:00,71,29,13085,On Time
502979,Vistara,Kolkata,Delhi,700,2023-10-03 02:00:00,2,149,9050,On Time
502980,Air India,Hyderabad,Bengaluru,502,2023-10-03 03:00:00,120,64,8139,On Time
502981,IndiGo,Kolkata,Bengaluru,1774,2023-10-03 04:00:00,155,53,13613,On Time
502982,SpiceJet,Kolkata,Chennai,1984,2023-10-03 05:00:00,59,190,3799,On Time
502983,Akasa Air,Delhi,Kolkata,1926,2023-10-03 06:00:00,47,148,9408,On Time
502984,Akasa Air,Kolkata,Hyderabad,2072,2023-10-03 07:00:00,88,110,6967,Cancelled
502985,Vistara,Hyderabad,Chennai,1854,2023-10-03 08:00:00,178,27,15396,Delayed
502986,Air India,Kolkata,Hyderabad,1181,2023-10-03 09:00:00,50,50,10921,On Time
502987,Akasa Air,Delhi,Kolkata,1335,2023-10-03 10:00:00,67,5,14671,On Time
502988,IndiGo,Kolkata,Mumbai,793,2023-10-03 11:00:00,176,134,5230,Delayed
502989,SpiceJet,Mumbai,Delhi,2469,2023-10-03 12:00:00,52,58,2576,Delayed
502990,Akasa Air,Mumbai,Chennai,1826,2023-10-03 13:00:00,126,171,9008,On Time
502991,SpiceJet,Chennai,Bengaluru,1786,2023-10-03 14:00:00,-4,172,3325,Delayed
502992,Air India,Hyderabad,Bengaluru,2434,2023-10-03 15:00:00,128,126,14307,On Time
502993,IndiGo,Mumbai,Bengaluru,1944,2023-10-03 16:00:00,20,117,11638,On Time
502994,Akasa Air,Kolkata,Mumbai,2230,2023-10-03 17:00:00,43,114,12803,Cancelled
502995,Air India,Mumbai,Chennai,419,2023-10-03 18:00:00,66,156,7553,On Time
502996,IndiGo,Delhi,Chennai,2233,2023-10-03 19:00:00,161,142,3516,On Time
502997,Vistara,Kolkata,Kolkata,1675,2023-10-03 20:00:00,3,195,4048,Delayed
502998,IndiGo,Kolkata,Bengaluru,609,2023-10-03 21:00:00,55,192,3728,On Time
502999,Akasa Air,Bengaluru,Chennai,1652,2023-10-03 22:00:00,112,56,17875,On Time
503000,Vistara,Mumbai,Chennai,2058,2023-10-03 23:00:00,85,127,2683,Delayed
503001,Akasa Air,Kolkata,Chennai,318,2023-10-04 00:00:00,19,94,4666,Delayed
503002,SpiceJet,Kolkata,Hyderabad,1932,2023-10-04 01:00:00,28,-12,17122,On Time
503003,Air India,Mumbai,Chennai,1885,2023-10-04 02:00:00,141,62,17121,On Time
503004,Akasa Air,Mumbai,Bengaluru,2137,2023-10-04 03:00:00,171,156,16999,On Time
503005,Vistara,Hyderabad,Delhi,2106,2023-10-04 04:00:00,167,58,12741,On Time
503006,SpiceJet,Bengaluru,Mumbai,1232,2023-10-04 05:00:00,83,20,16459,On Time
503007,Akasa Air,Mumbai,Kolkata,2399,2023-10-04 06:00:00,161,94,9018,Cancelled
503008,Vistara,Delhi,Hyderabad,748,2023-10-04 07:00:00,83,85,11996,Delayed
503009,SpiceJet,Hyderabad,Chennai,355,2023-10-04 08:00:00,150,37,17538,On Time
503010,Air India,Mumbai,Kolkata,1093,2023-10-04 09:00:00,123,195,17507,On Time
503011,Vistara,Bengaluru,Chennai,620,2023-10-04 10:00:00,154,13,8594,On Time
503012,SpiceJet,Kolkata,Hyderabad,474,2023-10-04 11:00:00,19,120,6973,Cancelled
503013,IndiGo,Chennai,Hyderabad,2385,2023-10-04 12:00:00,112,196,7607,On Time
503014,Akasa Air,Mumbai,Delhi,919,2023-10-04 13:00:00,129,46,8442,On Time
503015,SpiceJet,Mumbai,Chennai,1247,2023-10-04 14:00:00,19,30,7173,Delayed
503016,Air India,Kolkata,Mumbai,2437,2023-10-04 15:00:00,87,84,10293,On Time
503017,Akasa Air,Mumbai,Kolkata,1272,2023-10-04 16:00:00,122,52,9341,Cancelled
503018,Vistara,Kolkata,Bengaluru,647,2023-10-04 17:00:00,72,128,6782,Delayed
503019,SpiceJet,Chennai,Hyderabad,1351,2023-10-04 18:00:00,114,104,12627,On Time
503020,Akasa Air,Hyderabad,Kolkata,2428,2023-10-04 19:00:00,79,-5,3546,On Time
503021,Air India,Kolkata,Kolkata,908,2023-10-04 20:00:00,151,135,13914,Delayed
503022,Air India,Delhi,Kolkata,731,2023-10-04 21:00:00,-7,16,10408,On Time
503023,Air India,Kolkata,Mumbai,2347,2023-10-04 22:00:00,15,172,6467,On Time
503024,Vistara,Kolkata,Delhi,1207,2023-10-04 23:00:00,148,148,6501,Delayed
503025,Akasa Air,Bengaluru,Bengaluru,1223,2023-10-05 00:00:00,72,66,12694,Delayed
503026,Air India,Mumbai,Hyderabad,1274,2023-10-05 01:00:00,6,50,17823,On Time
503027,Akasa Air,Bengaluru,Chennai,893,2023-10-05 02:00:00,39,70,4469,Delayed
503028,Air India,Delhi,Hyderabad,935,2023-10-05 03:00:00,40,40,16944,Delayed
503029,Akasa Air,Bengaluru,Mumbai,449,2023-10-05 04:00:00,124,50,9352,On Time
503030,Akasa Air,Hyderabad,Chennai,1372,2023-10-05 05:00:00,111,116,9543,On Time
503031,Air India,Delhi,Chennai,642,2023-10-05 06:00:00,113,128,13240,On Time
503032,IndiGo,Bengaluru,Kolkata,1485,2023-10-05 07:00:00,10,110,17390,On Time
503033,IndiGo,Mumbai,Kolkata,2179,2023-10-05 08:00:00,26,177,8134,On Time
503034,Vistara,Bengaluru,Bengaluru,2176,2023-10-05 09:00:00,0,118,15846,On Time
503035,SpiceJet,Bengaluru,Mumbai,1219,2023-10-05 10:00:00,21,6,17562,On Time
503036,Vistara,Mumbai,Bengaluru,1753,2023-10-05 11:00:00,166,132,10563,On Time
503037,Akasa Air,Delhi,Delhi,783,2023-10-05 12:00:00,36,110,10766,On Time
503038,IndiGo,Chennai,Mumbai,1787,2023-10-05 13:00:00,69,59,12302,Cancelled
503039,Akasa Air,Mumbai,Kolkata,2193,2023-10-05 14:00:00,177,194,5208,Delayed
503040,Air India,Hyderabad,Hyderabad,1471,2023-10-05 15:00:00,50,120,11402,On Time
503041,Akasa Air,Bengaluru,Chennai,1565,2023-10-05 16:00:00,97,4,16484,On Time
503042,IndiGo,Chennai,Hyderabad,692,2023-10-05 17:00:00,170,115,6886,Delayed
503043,IndiGo,Kolkata,Delhi,377,2023-10-05 18:00:00,163,44,17104,Delayed
503044,Air India,Chennai,Delhi,329,2023-10-05 19:00:00,131,62,13767,On Time
503045,IndiGo,Bengaluru,Mumbai,1900,2023-10-05 20:00:00,97,76,6323,Delayed
503046,IndiGo,Chennai,Hyderabad,2479,2023-10-05 21:00:00,178,40,9942,On Time
503047,Akasa Air,Chennai,Bengaluru,1350,2023-10-05 22:00:00,70,124,10051,On Time
503048,Air India,Bengaluru,Kolkata,463,2023-10-05 23:00:00,162,47,16175,Delayed
503049,Vistara,Delhi,Hyderabad,431,2023-10-06 00:00:00,-6,113,8630,On Time
503050,Air India,Delhi,Chennai,1981,2023-10-06 01:00:00,126,170,12522,On Time
503051,Vistara,Delhi,Kolkata,399,2023-10-06 02:00:00,139,72,16628,On Time
503052,SpiceJet,Hyderabad,Mumbai,1213,2023-10-06 03:00:00,31,94,10301,Cancelled
503053,SpiceJet,Mumbai,Kolkata,808,2023-10-06 04:00:00,38,165,12702,On Time
503054,Air India,Mumbai,Mumbai,2351,2023-10-06 05:00:00,124,131,12818,On Time
503055,Vistara,Mumbai,Bengaluru,580,2023-10-06 06:00:00,177,29,8494,Delayed
503056,Vistara,Bengaluru,Kolkata,429,2023-10-06 07:00:00,51,102,2943,On Time
503057,Akasa Air,Delhi,Hyderabad,444,2023-10-06 08:00:00,61,166,12155,Delayed
503058,Akasa Air,Hyderabad,Chennai,1469,2023-10-06 09:00:00,137,198,17321,On Time
503059,Air India,Hyderabad,Delhi,1621,2023-10-06 10:00:00,5,199,14417,On Time
503060,Vistara,Hyderabad,Kolkata,612,2023-10-06 11:00:00,101,21,7175,On Time
503061,Air India,Mumbai,Mumbai,2093,2023-10-06 12:00:00,66,76,11403,On Time
503062,Akasa Air,Mumbai,Mumbai,453,2023-10-06 13:00:00,144,54,14406,Delayed
503063,Air India,Mumbai,Hyderabad,815,2023-10-06 14:00:00,43,96,11025,On Time
503064,Akasa Air,Chennai,Hyderabad,1256,2023-10-06 15:00:00,161,192,5242,Delayed
503065,Air India,Kolkata,Delhi,2485,2023-10-06 16:00:00,149,47,12131,On Time
503066,SpiceJet,Mumbai,Mumbai,453,2023-10-06 17:00:00,57,53,7738,On Time
503067,SpiceJet,Kolkata,Delhi,2243,2023-10-06 18:00:00,22,-9,12471,On Time
503068,SpiceJet,Kolkata,Bengaluru,854,2023-10-06 19:00:00,84,160,8149,On Time
503069,Vistara,Bengaluru,Bengaluru,2187,2023-10-06 20:00:00,30,109,13176,On Time
503070,IndiGo,Mumbai,Chennai,2280,2023-10-06 21:00:00,78,131,8301,On Time
503071,IndiGo,Delhi,Delhi,1743,2023-10-06 22:00:00,179,179,12139,On Time
503072,Air India,Mumbai,Hyderabad,551,2023-10-06 23:00:00,135,77,12947,On Time
503073,SpiceJet,Hyderabad,Mumbai,1829,2023-10-07 00:00:00,87,30,12046,On Time
503074,SpiceJet,Delhi,Chennai,484,2023-10-07 01:00:00,64,38,6456,Delayed
503075,Akasa Air,Bengaluru,Mumbai,846,2023-10-07 02:00:00,155,132,3833,On Time
503076,SpiceJet,Mumbai,Kolkata,841,2023-10-07 03:00:00,134,182,7300,Delayed
503077,Air India,Kolkata,Delhi,1811,2023-10-07 04:00:00,32,3,15338,Delayed
503078,Vistara,Bengaluru,Delhi,1680,2023-10-07 05:00:00,27,159,5938,On Time
503079,Akasa Air,Mumbai,Hyderabad,1053,2023-10-07 06:00:00,82,31,14673,On Time
503080,Vistara,Hyderabad,Hyderabad,2069,2023-10-07 07:00:00,161,56,7707,On Time
503081,IndiGo,Bengaluru,Hyderabad,1135,2023-10-07 08:00:00,5,157,16269,Delayed
503082,Akasa Air,Kolkata,Kolkata,821,2023-10-07 09:00:00,41,188,3676,On Time
503083,Air India,Kolkata,Delhi,2457,2023-10-07 10:00:00,38,62,7732,On Time
503084,Vistara,Delhi,Chennai,1644,2023-10-07 11:00:00,64,25,7664,Delayed
503085,IndiGo,Hyderabad,Chennai,775,2023-10-07 12:00:00,117,37,11164,Delayed
503086,Air India,Chennai,Delhi,943,2023-10-07 13:00:00,33,59,5477,Delayed
503087,Vistara,Mumbai,Delhi,2187,2023-10-07 14:00:00,60,132,15482,Cancelled
503088,Air India,Delhi,Mumbai,1051,2023-10-07 15:00:00,18,76,16245,Delayed
503089,Akasa Air,Delhi,Hyderabad,2317,2023-10-07 16:00:00,143,77,2700,Cancelled
503090,IndiGo,Chennai,Bengaluru,782,2023-10-07 17:00:00,124,121,11345,On Time
503091,SpiceJet,Delhi,Bengaluru,2051,2023-10-07 18:00:00,10,120,12854,Delayed
503092,Air India,Hyderabad,Hyderabad,464,2023-10-07 19:00:00,56,186,15627,On Time
503093,IndiGo,Delhi,Kolkata,1161,2023-10-07 20:00:00,7,186,4553,On Time
503094,Akasa Air,Chennai,Delhi,322,2023-10-07 21:00:00,146,165,8133,Delayed
503095,Vistara,Hyderabad,Kolkata,317,2023-10-07 22:00:00,75,199,7903,Cancelled
503096,IndiGo,Mumbai,Bengaluru,1836,2023-10-07 23:00:00,74,60,6210,On Time
503097,IndiGo,Mumbai,Bengaluru,500,2023-10-08 00:00:00,66,167,14755,On Time
503098,Air India,Kolkata,Bengaluru,1382,2023-10-08 01:00:00,161,164,4446,Delayed
503099,Akasa Air,Chennai,Kolkata,1366,2023-10-08 02:00:00,62,185,9747,On Time
503100,SpiceJet,Kolkata,Hyderabad,603,2023-10-08 03:00:00,27,113,12748,Delayed
503101,Akasa Air,Bengaluru,Kolkata,1202,2023-10-08 04:00:00,146,5,9959,Delayed
503102,Air India,Delhi,Kolkata,692,2023-10-08 05:00:00,107,179,15443,On Time
503103,Vistara,Chennai,Bengaluru,2470,2023-10-08 06:00:00,98,198,11021,Delayed
503104,Akasa Air,Delhi,Delhi,1273,2023-10-08 07:00:00,87,103,17365,On Time
503105,SpiceJet,Kolkata,Kolkata,2305,2023-10-08 08:00:00,170,35,7329,Delayed
503106,Air India,Hyderabad,Chennai,669,2023-10-08 09:00:00,134,35,12719,On Time
503107,SpiceJet,Kolkata,Mumbai,1519,2023-10-08 10:00:00,40,39,4820,On Time
503108,Vistara,Bengaluru,Hyderabad,1300,2023-10-08 11:00:00,67,6,16286,On Time
503109,SpiceJet,Mumbai,Chennai,1765,2023-10-08 12:00:00,171,110,17990,On Time
503110,SpiceJet,Hyderabad,Hyderabad,377,2023-10-08 13:00:00,2,85,6952,On Time
503111,Air India,Kolkata,Hyderabad,304,2023-10-08 14:00:00,110,36,17148,On Time
503112,Vistara,Bengaluru,Bengaluru,2213,2023-10-08 15:00:00,11,8,6731,On Time
503113,Akasa Air,Chennai,Hyderabad,2190,2023-10-08 16:00:00,105,137,10242,On Time
503114,Air India,Mumbai,Kolkata,1091,2023-10-08 17:00:00,13,155,6578,Delayed
503115,Akasa Air,Mumbai,Chennai,330,2023-10-08 18:00:00,178,-2,10347,On Time
503116,SpiceJet,Bengaluru,Hyderabad,1630,2023-10-08 19:00:00,113,147,9737,On Time
503117,IndiGo,Hyderabad,Bengaluru,1775,2023-10-08 20:00:00,65,-3,10692,Delayed
503118,IndiGo,Mumbai,Kolkata,2028,2023-10-08 21:00:00,135,51,17256,On Time
503119,SpiceJet,Kolkata,Chennai,1183,2023-10-08 22:00:00,104,53,7547,Cancelled
503120,IndiGo,Hyderabad,Mumbai,2181,2023-10-08 23:00:00,97,136,10555,On Time
503121,IndiGo,Bengaluru,Chennai,2428,2023-10-09 00:00:00,160,-1,6487,Delayed
503122,Akasa Air,Chennai,Hyderabad,1657,2023-10-09 01:00:00,82,-10,10158,Cancelled
503123,SpiceJet,Mumbai,Mumbai,2143,2023-10-09 02:00:00,158,158,3803,On Time
503124,SpiceJet,Mumbai,Chennai,577,2023-10-09 03:00:00,106,121,4109,On Time
503125,Air India,Mumbai,Delhi,2002,2023-10-09 04:00:00,80,26,7646,On Time
503126,IndiGo,Bengaluru,Delhi,842,2023-10-09 05:00:00,-10,160,3013,On Time
503127,Akasa Air,Hyderabad,Mumbai,2359,2023-10-09 06:00:00,86,190,17403,On Time
503128,IndiGo,Hyderabad,Kolkata,621,2023-10-09 07:00:00,40,18,3207,On Time
503129,Vistara,Bengaluru,Delhi,1751,2023-10-09 08:00:00,165,144,5383,Cancelled
503130,Air India,Mumbai,Hyderabad,1955,2023-10-09 09:00:00,133,-10,17923,On Time
503131,Air India,Chennai,Hyderabad,1046,2023-10-09 10:00:00,37,123,13526,On Time
503132,Air India,Bengaluru,Mumbai,1390,2023-10-09 11:00:00,24,106,14228,On Time
503133,IndiGo,Hyderabad,Mumbai,1734,2023-10-09 12:00:00,41,62,14840,On Time
503134,Akasa Air,Chennai,Bengaluru,1296,2023-10-09 13:00:00,121,33,17107,Delayed
503135,Akasa Air,Hyderabad,Chennai,1459,2023-10-09 14:00:00,7,124,3009,On Time
503136,Akasa Air,Kolkata,Bengaluru,2453,2023-10-09 15:00:00,84,120,5584,On Time
503137,Akasa Air,Mumbai,Mumbai,1339,2023-10-09 16:00:00,121,197,14376,On Time
503138,Akasa Air,Hyderabad,Hyderabad,1209,2023-10-09 17:00:00,33,92,6439,On Time
503139,IndiGo,Kolkata,Mumbai,1921,2023-10-09 18:00:00,170,120,3439,Delayed
503140,SpiceJet,Kolkata,Kolkata,1298,2023-10-09 19:00:00,15,58,12097,On Time
503141,Air India,Delhi,Mumbai,302,2023-10-09 20:00:00,156,-14,10088,Delayed
503142,Akasa Air,Kolkata,Kolkata,2018,2023-10-09 21:00:00,94,119,13448,Delayed
503143,Akasa Air,Bengaluru,Chennai,1223,2023-10-09 22:00:00,15,92,16613,Delayed
503144,IndiGo,Kolkata,Chennai,1719,2023-10-09 23:00:00,29,72,5040,Delayed
503145,Vistara,Delhi,Delhi,872,2023-10-10 00:00:00,175,116,8529,Delayed
503146,Air India,Hyderabad,Mumbai,1160,2023-10-10 01:00:00,83,69,3572,On Time
503147,Akasa Air,Bengaluru,Delhi,582,2023-10-10 02:00:00,-3,122,6317,On Time
503148,SpiceJet,Bengaluru,Mumbai,731,2023-10-10 03:00:00,82,99,10791,On Time
503149,SpiceJet,Delhi,Hyderabad,2183,2023-10-10 04:00:00,81,74,3346,On Time
503150,Air India,Bengaluru,Bengaluru,1907,2023-10-10 05:00:00,101,102,15879,On Time
503151,Air India,Kolkata,Kolkata,396,2023-10-10 06:00:00,153,98,4519,On Time
503152,Akasa Air,Kolkata,Kolkata,613,2023-10-10 07:00:00,104,120,15918,On Time
503153,SpiceJet,Kolkata,Hyderabad,1640,2023-10-10 08:00:00,134,-2,13287,On Time
503154,IndiGo,Chennai,Bengaluru,2433,2023-10-10 09:00:00,127,92,9099,On Time
503155,IndiGo,Chennai,Hyderabad,954,2023-10-10 10:00:00,91,173,14880,On Time
503156,Air India,Bengaluru,Chennai,2495,2023-10-10 11:00:00,149,78,4805,Delayed
503157,IndiGo,Mumbai,Delhi,2494,2023-10-10 12:00:00,105,-9,7076,On Time
503158,Vistara,Chennai,Delhi,2054,2023-10-10 13:00:00,62,8,3271,On Time
503159,Air India,Hyderabad,Mumbai,1583,2023-10-10 14:00:00,73,120,3686,Delayed
503160,IndiGo,Mumbai,Mumbai,1560,2023-10-10 15:00:00,106,118,3258,On Time
503161,Akasa Air,Kolkata,Mumbai,1979,2023-10-10 16:00:00,168,63,15645,Delayed
503162,Akasa Air,Hyderabad,Hyderabad,1027,2023-10-10 17:00:00,134,86,12408,Delayed
503163,Akasa Air,Bengaluru,Bengaluru,1920,2023-10-10 18:00:00,151,47,8202,On Time
503164,Akasa Air,Kolkata,Hyderabad,1149,2023-10-10 19:00:00,135,192,9823,Delayed
503165,Akasa Air,Mumbai,Hyderabad,1736,2023-10-10 20:00:00,-8,65,5209,On Time
503166,IndiGo,Bengaluru,Chennai,2165,2023-10-10 21:00:00,66,130,8153,On Time
503167,Vistara,Hyderabad,Hyderabad,1860,2023-10-10 22:00:00,5,-2,16996,On Time
503168,Vistara,Bengaluru,Mumbai,1140,2023-10-10 23:00:00,30,88,15595,On Time
503169,IndiGo,Delhi,Mumbai,1692,2023-10-11 00:00:00,98,149,7342,Delayed
503170,Vistara,Bengaluru,Mumbai,1041,2023-10-11 01:00:00,9,43,11157,Delayed
503171,Air India,Hyderabad,Kolkata,1151,2023-10-11 02:00:00,63,154,5189,On Time
503172,Akasa Air,Bengaluru,Delhi,1122,2023-10-11 03:00:00,107,155,17460,Delayed
503173,Akasa Air,Bengaluru,Kolkata,1575,2023-10-11 04:00:00,107,27,5481,On Time
503174,IndiGo,Delhi,Bengaluru,1550,2023-10-11 05:00:00,11,89,2811,On Time
503175,IndiGo,Chennai,Mumbai,2469,2023-10-11 06:00:00,163,166,4492,Delayed
503176,Vistara,Chennai,Hyderabad,1450,2023-10-11 07:00:00,80,85,16999,On Time
503177,IndiGo,Delhi,Hyderabad,1972,2023-10-11 08:00:00,114,153,11356,On Time
503178,Vistara,Bengaluru,Kolkata,1291,2023-10-11 09:00:00,-9,158,2552,On Time
503179,SpiceJet,Kolkata,Kolkata,1724,2023-10-11 10:00:00,16,128,16271,On Time
503180,Vistara,Delhi,Chennai,549,2023-10-11 11:00:00,27,181,15603,Cancelled
503181,Vistara,Chennai,Chennai,938,2023-10-11 12:00:00,61,46,10602,Delayed
503182,IndiGo,Delhi,Mumbai,437,2023-10-11 13:00:00,143,22,13909,On Time
503183,Air India,Bengaluru,Delhi,2295,2023-10-11 14:00:00,24,129,17843,On Time
503184,IndiGo,Bengaluru,Hyderabad,667,2023-10-11 15:00:00,132,23,6272,On Time
503185,Air India,Kolkata,Delhi,1805,2023-10-11 16:00:00,71,45,11681,On Time
503186,IndiGo,Kolkata,Delhi,1953,2023-10-11 17:00:00,49,0,11277,Cancelled
503187,Vistara,Hyderabad,Hyderabad,2390,2023-10-11 18:00:00,176,116,5861,On Time
503188,IndiGo,Hyderabad,Bengaluru,1076,2023-10-11 19:00:00,68,173,13236,On Time
503189,Vistara,Kolkata,Kolkata,381,2023-10-11 20:00:00,173,24,7182,On Time
503190,IndiGo,Delhi,Delhi,503,2023-10-11 21:00:00,55,109,17144,On Time
503191,Akasa Air,Hyderabad,Chennai,1689,2023-10-11 22:00:00,36,37,6870,Delayed
503192,IndiGo,Delhi,Chennai,1207,2023-10-11 23:00:00,151,-6,8570,Delayed
503193,Air India,Kolkata,Delhi,1687,2023-10-12 00:00:00,56,130,12172,Delayed
503194,Vistara,Mumbai,Delhi,628,2023-10-12 01:00:00,135,73,11262,On Time
503195,IndiGo,Kolkata,Kolkata,1761,2023-10-12 02:00:00,35,119,6556,Delayed
503196,IndiGo,Hyderabad,Bengaluru,2147,2023-10-12 03:00:00,72,80,17827,On Time
503197,IndiGo,Mumbai,Hyderabad,485,2023-10-12 04:00:00,115,36,4711,On Time
503198,Vistara,Hyderabad,Chennai,824,2023-10-12 05:00:00,143,-10,17016,On Time
503199,Vistara,Delhi,Kolkata,419,2023-10-12 06:00:00,106,-8,14370,Delayed
503200,SpiceJet,Hyderabad,Chennai,2068,2023-10-12 07:00:00,18,146,11324,On Time
503201,Akasa Air,Bengaluru,Chennai,1650,2023-10-12 08:00:00,123,95,14635,On Time
503202,SpiceJet,Hyderabad,Delhi,1807,2023-10-12 09:00:00,138,180,6066,On Time
503203,IndiGo,Mumbai,Bengaluru,1207,2023-10-12 10:00:00,1,173,6245,Cancelled
503204,Vistara,Kolkata,Delhi,1104,2023-10-12 11:00:00,-1,65,17115,Delayed
503205,SpiceJet,Kolkata,Delhi,1154,2023-10-12 12:00:00,45,172,15376,Cancelled
503206,Vistara,Delhi,Chennai,620,2023-10-12 13:00:00,-9,145,11287,Delayed
503207,Vistara,Mumbai,Delhi,2268,2023-10-12 14:00:00,23,70,17649,Delayed
503208,Air India,Delhi,Chennai,621,2023-10-12 15:00:00,177,151,9914,On Time
503209,SpiceJet,Delhi,Hyderabad,1377,2023-10-12 16:00:00,176,97,13644,Delayed
503210,Akasa Air,Hyderabad,Chennai,1171,2023-10-12 17:00:00,71,170,9309,On Time
503211,SpiceJet,Chennai,Hyderabad,2447,2023-10-12 18:00:00,67,37,15252,On Time
503212,Akasa Air,Mumbai,Mumbai,1663,2023-10-12 19:00:00,108,145,12155,Delayed
503213,Vistara,Delhi,Kolkata,1691,2023-10-12 20:00:00,115,110,10389,On Time
503214,Vistara,Bengaluru,Hyderabad,2021,2023-10-12 21:00:00,120,38,12478,Delayed
503215,IndiGo,Bengaluru,Chennai,1616,2023-10-12 22:00:00,115,199,11606,Delayed
503216,Akasa Air,Hyderabad,Bengaluru,1916,2023-10-12 23:00:00,96,139,7654,On Time
503217,Akasa Air,Delhi,Chennai,889,2023-10-13 00:00:00,135,164,15516,On Time
503218,IndiGo,Bengaluru,Mumbai,1798,2023-10-13 01:00:00,119,111,8436,On Time
503219,IndiGo,Kolkata,Hyderabad,647,2023-10-13 02:00:00,47,0,12228,On Time
503220,SpiceJet,Bengaluru,Mumbai,518,2023-10-13 03:00:00,154,138,9616,On Time
503221,Akasa Air,Mumbai,Chennai,1187,2023-10-13 04:00:00,118,29,15251,On Time
503222,Vistara,Bengaluru,Bengaluru,2164,2023-10-13 05:00:00,153,49,2596,Delayed
503223,SpiceJet,Delhi,Bengaluru,456,2023-10-13 06:00:00,44,91,3065,On Time
503224,Air India,Hyderabad,Mumbai,411,2023-10-13 07:00:00,165,-15,17418,On Time
503225,Vistara,Delhi,Hyderabad,1654,2023-10-13 08:00:00,162,61,10618,Delayed
503226,Air India,Mumbai,Chennai,1265,2023-10-13 09:00:00,78,39,8856,On Time
503227,SpiceJet,Hyderabad,Hyderabad,2078,2023-10-13 10:00:00,142,198,7194,On Time
503228,Akasa Air,Bengaluru,Kolkata,2247,2023-10-13 11:00:00,169,57,4065,Delayed
503229,Air India,Bengaluru,Hyderabad,1511,2023-10-13 12:00:00,86,101,12067,Cancelled
503230,SpiceJet,Chennai,Hyderabad,1580,2023-10-13 13:00:00,-6,54,11379,On Time
503231,SpiceJet,Chennai,Chennai,412,2023-10-13 14:00:00,177,191,4808,On Time
503232,Air India,Kolkata,Bengaluru,2383,2023-10-13 15:00:00,67,4,4999,On Time
503233,Vistara,Bengaluru,Bengaluru,1160,2023-10-13 16:00:00,55,7,5376,Delayed
503234,Akasa Air,Chennai,Mumbai,1510,2023-10-13 17:00:00,-2,123,4294,On Time
503235,SpiceJet,Chennai,Hyderabad,1924,2023-10-13 18:00:00,171,155,3212,On Time
503236,IndiGo,Mumbai,Hyderabad,1425,2023-10-13 19:00:00,67,36,13149,Delayed
503237,IndiGo,Kolkata,Mumbai,984,2023-10-13 20:00:00,10,37,8339,Delayed
503238,Akasa Air,Hyderabad,Kolkata,2490,2023-10-13 21:00:00,119,58,15636,On Time
503239,SpiceJet,Mumbai,Delhi,963,2023-10-13 22:00:00,110,154,17982,On Time
503240,IndiGo,Mumbai,Bengaluru,2085,2023-10-13 23:00:00,171,118,15669,Delayed
503241,Air India,Chennai,Bengaluru,1393,2023-10-14 00:00:00,53,143,17989,On Time
503242,SpiceJet,Chennai,Delhi,2310,2023-10-14 01:00:00,-3,-8,5140,On Time
503243,SpiceJet,Delhi,Bengaluru,1822,2023-10-14 02:00:00,52,91,11218,On Time
503244,Vistara,Mumbai,Chennai,2489,2023-10-14 03:00:00,19,188,3385,On Time
503245,SpiceJet,Hyderabad,Mumbai,885,2023-10-14 04:00:00,92,9,13261,Cancelled
503246,Vistara,Kolkata,Mumbai,743,2023-10-14 05:00:00,170,35,5925,Delayed
503247,IndiGo,Bengaluru,Kolkata,2136,2023-10-14 06:00:00,131,108,11392,On Time
503248,IndiGo,Chennai,Mumbai,2350,2023-10-14 07:00:00,146,187,7054,Delayed
503249,IndiGo,Bengaluru,Hyderabad,636,2023-10-14 08:00:00,122,77,15501,On Time
503250,IndiGo,Bengaluru,Mumbai,1217,2023-10-14 09:00:00,113,173,4895,On Time
503251,Air India,Bengaluru,Bengaluru,1144,2023-10-14 10:00:00,3,100,6196,On Time
503252,IndiGo,Kolkata,Hyderabad,1210,2023-10-14 11:00:00,100,78,10058,On Time
503253,Vistara,Kolkata,Bengaluru,494,2023-10-14 12:00:00,27,100,6245,On Time
503254,Vistara,Kolkata,Delhi,2050,2023-10-14 13:00:00,134,73,7796,On Time
503255,Air India,Hyderabad,Mumbai,423,2023-10-14 14:00:00,74,-8,3532,On Time
503256,Air India,Chennai,Chennai,2126,2023-10-14 15:00:00,128,144,2958,On Time
503257,Air India,Mumbai,Chennai,467,2023-10-14 16:00:00,44,13,11343,Delayed
503258,Vistara,Mumbai,Chennai,2205,2023-10-14 17:00:00,64,164,5405,On Time
503259,Akasa Air,Hyderabad,Mumbai,2428,2023-10-14 18:00:00,105,62,3301,On Time
503260,Air India,Bengaluru,Delhi,2156,2023-10-14 19:00:00,-5,3,6085,On Time
503261,Akasa Air,Kolkata,Hyderabad,2163,2023-10-14 20:00:00,50,-6,14051,On Time
503262,Vistara,Chennai,Bengaluru,1408,2023-10-14 21:00:00,136,104,8299,On Time
503263,Air India,Kolkata,Kolkata,834,2023-10-14 22:00:00,176,65,11836,On Time
503264,Akasa Air,Chennai,Chennai,976,2023-10-14 23:00:00,56,28,13375,On Time
503265,Akasa Air,Kolkata,Mumbai,2213,2023-10-15 00:00:00,21,38,6151,Delayed
503266,Vistara,Delhi,Bengaluru,820,2023-10-15 01:00:00,12,16,7218,On Time
503267,SpiceJet,Hyderabad,Delhi,2176,2023-10-15 02:00:00,3,111,10488,On Time
503268,IndiGo,Bengaluru,Delhi,2251,2023-10-15 03:00:00,50,5,16065,On Time
503269,IndiGo,Hyderabad,Hyderabad,2328,2023-10-15 04:00:00,11,128,5793,On Time
503270,Vistara,Chennai,Hyderabad,846,2023-10-15 05:00:00,81,110,16364,On Time
503271,SpiceJet,Hyderabad,Mumbai,448,2023-10-15 06:00:00,80,114,4301,Delayed
503272,Akasa Air,Hyderabad,Mumbai,375,2023-10-15 07:00:00,37,82,17550,Delayed
503273,Akasa Air,Delhi,Kolkata,1329,2023-10-15 08:00:00,99,146,10914,On Time
503274,Vistara,Delhi,Bengaluru,2009,2023-10-15 09:00:00,31,88,7048,Delayed
503275,IndiGo,Kolkata,Kolkata,1130,2023-10-15 10:00:00,35,46,10328,On Time
503276,Akasa Air,Kolkata,Chennai,2408,2023-10-15 11:00:00,41,139,17205,On Time
503277,Vistara,Delhi,Mumbai,1966,2023-10-15 12:00:00,61,130,3179,Cancelled
503278,Akasa Air,Delhi,Chennai,1269,2023-10-15 13:00:00,101,61,12457,On Time
503279,Air India,Chennai,Hyderabad,963,2023-10-15 14:00:00,70,7,14648,On Time
503280,Vistara,Kolkata,Delhi,1475,2023-10-15 15:00:00,157,110,11527,On Time
503281,Vistara,Chennai,Kolkata,1067,2023-10-15 16:00:00,-1,17,8905,On Time
503282,SpiceJet,Delhi,Hyderabad,1201,2023-10-15 17:00:00,81,189,15364,On Time
503283,Air India,Kolkata,Bengaluru,1329,2023-10-15 18:00:00,133,152,4636,Delayed
503284,Air India,Delhi,Mumbai,1849,2023-10-15 19:00:00,127,190,7443,Delayed
503285,Air India,Bengaluru,Bengaluru,1945,2023-10-15 20:00:00,97,1,13360,On Time
503286,Akasa Air,Mumbai,Delhi,595,2023-10-15 21:00:00,100,75,3009,Cancelled
503287,Air India,Delhi,Kolkata,312,2023-10-15 22:00:00,152,94,15521,On Time
503288,Air India,Mumbai,Chennai,1536,2023-10-15 23:00:00,-2,3,11906,On Time
503289,IndiGo,Hyderabad,Chennai,574,2023-10-16 00:00:00,-6,123,8829,On Time
503290,SpiceJet,Chennai,Delhi,2382,2023-10-16 01:00:00,152,170,8635,On Time
503291,Akasa Air,Chennai,Chennai,1234,2023-10-16 02:00:00,36,132,9649,On Time
503292,IndiGo,Hyderabad,Chennai,1123,2023-10-16 03:00:00,62,48,9716,Delayed
503293,Air India,Chennai,Hyderabad,1671,2023-10-16 04:00:00,130,155,16854,Delayed
503294,IndiGo,Bengaluru,Bengaluru,1946,2023-10-16 05:00:00,157,126,17438,On Time
503295,Akasa Air,Chennai,Mumbai,968,2023-10-16 06:00:00,61,133,6599,On Time
503296,Akasa Air,Chennai,Chennai,1385,2023-10-16 07:00:00,153,133,10451,On Time
503297,Akasa Air,Mumbai,Kolkata,1869,2023-10-16 08:00:00,47,198,12244,Delayed
503298,Akasa Air,Delhi,Hyderabad,2329,2023-10-16 09:00:00,145,134,17407,On Time
503299,IndiGo,Chennai,Delhi,1965,2023-10-16 10:00:00,86,92,5162,On Time
503300,IndiGo,Mumbai,Mumbai,2183,2023-10-16 11:00:00,-10,53,7170,On Time
503301,Akasa Air,Hyderabad,Bengaluru,1552,2023-10-16 12:00:00,161,179,14663,On Time
503302,SpiceJet,Bengaluru,Bengaluru,1328,2023-10-16 13:00:00,59,135,7414,Cancelled
503303,IndiGo,Bengaluru,Chennai,1292,2023-10-16 14:00:00,127,146,6806,On Time
503304,Vistara,Kolkata,Delhi,2234,2023-10-16 15:00:00,98,125,17559,On Time
503305,Vistara,Hyderabad,Kolkata,2276,2023-10-16 16:00:00,52,163,6431,Cancelled
503306,SpiceJet,Hyderabad,Bengaluru,1566,2023-10-16 17:00:00,19,-3,2665,Delayed
503307,SpiceJet,Chennai,Bengaluru,1694,2023-10-16 18:00:00,148,179,7417,On Time
503308,Vistara,Bengaluru,Chennai,585,2023-10-16 19:00:00,142,54,15903,On Time
503309,SpiceJet,Delhi,Mumbai,726,2023-10-16 20:00:00,40,26,5769,On Time
503310,Air India,Kolkata,Chennai,417,2023-10-16 21:00:00,16,132,14839,On Time
503311,SpiceJet,Kolkata,Bengaluru,1279,2023-10-16 22:00:00,127,7,9866,Delayed
503312,IndiGo,Kolkata,Delhi,1094,2023-10-16 23:00:00,13,104,14222,Delayed
503313,IndiGo,Chennai,Hyderabad,1050,2023-10-17 00:00:00,53,90,5609,Delayed
503314,Akasa Air,Kolkata,Kolkata,1627,2023-10-17 01:00:00,104,141,15358,On Time
503315,Air India,Hyderabad,Mumbai,1012,2023-10-17 02:00:00,0,185,12836,On Time
503316,Air India,Mumbai,Chennai,1059,2023-10-17 03:00:00,18,-13,10885,On Time
503317,Air India,Hyderabad,Bengaluru,1102,2023-10-17 04:00:00,-7,27,6191,Delayed
503318,Air India,Kolkata,Bengaluru,1299,2023-10-17 05:00:00,27,189,7353,Delayed
503319,Air India,Kolkata,Hyderabad,1400,2023-10-17 06:00:00,50,144,17796,Delayed
503320,Air India,Mumbai,Delhi,911,2023-10-17 07:00:00,156,196,5033,On Time
503321,Vistara,Hyderabad,Mumbai,1137,2023-10-17 08:00:00,115,48,8474,On Time
503322,SpiceJet,Mumbai,Mumbai,574,2023-10-17 09:00:00,47,112,13939,Delayed
503323,Akasa Air,Chennai,Chennai,668,2023-10-17 10:00:00,68,12,10640,Delayed
503324,SpiceJet,Kolkata,Bengaluru,2403,2023-10-17 11:00:00,90,6,9078,Cancelled
503325,Akasa Air,Delhi,Bengaluru,909,2023-10-17 12:00:00,175,37,4202,On Time
503326,Air India,Bengaluru,Chennai,1873,2023-10-17 13:00:00,107,35,17936,On Time
503327,Vistara,Kolkata,Delhi,2280,2023-10-17 14:00:00,19,166,14200,On Time
503328,Akasa Air,Mumbai,Kolkata,1661,2023-10-17 15:00:00,69,47,3907,On Time
503329,IndiGo,Hyderabad,Kolkata,1410,2023-10-17 16:00:00,129,77,16069,On Time
503330,IndiGo,Delhi,Bengaluru,2185,2023-10-17 17:00:00,47,194,15890,Delayed
503331,IndiGo,Chennai,Bengaluru,1795,2023-10-17 18:00:00,25,150,9382,On Time
503332,Akasa Air,Mumbai,Delhi,1933,2023-10-17 19:00:00,71,187,6044,On Time
503333,Air India,Bengaluru,Mumbai,2100,2023-10-17 20:00:00,93,95,5733,On Time
503334,Air India,Bengaluru,Hyderabad,1873,2023-10-17 21:00:00,110,155,8235,On Time
503335,Air India,Bengaluru,Chennai,1360,2023-10-17 22:00:00,19,105,13774,Cancelled
503336,SpiceJet,Mumbai,Hyderabad,470,2023-10-17 23:00:00,47,29,17967,On Time
503337,Air India,Hyderabad,Delhi,1619,2023-10-18 00:00:00,134,114,4485,On Time
503338,Air India,Bengaluru,Hyderabad,1108,2023-10-18 01:00:00,77,167,4973,On Time
503339,SpiceJet,Chennai,Chennai,1858,2023-10-18 02:00:00,112,106,12629,On Time
503340,Air India,Hyderabad,Chennai,2373,2023-10-18 03:00:00,132,112,3557,On Time
503341,Air India,Hyderabad,Delhi,919,2023-10-18 04:00:00,94,49,16141,On Time
503342,Akasa Air,Bengaluru,Bengaluru,1174,2023-10-18 05:00:00,86,170,17476,Delayed
503343,Akasa Air,Bengaluru,Chennai,2009,2023-10-18 06:00:00,69,12,6152,Delayed
503344,Air India,Hyderabad,Hyderabad,1700,2023-10-18 07:00:00,134,100,7820,Delayed
503345,Akasa Air,Delhi,Hyderabad,1797,2023-10-18 08:00:00,56,45,7240,On Time
503346,Akasa Air,Bengaluru,Hyderabad,2442,2023-10-18 09:00:00,128,-10,4069,On Time
503347,IndiGo,Kolkata,Chennai,1211,2023-10-18 10:00:00,80,-6,7948,Delayed
503348,Vistara,Kolkata,Delhi,1273,2023-10-18 11:00:00,29,5,17784,On Time
503349,SpiceJet,Hyderabad,Bengaluru,334,2023-10-18 12:00:00,68,80,15722,On Time
503350,SpiceJet,Mumbai,Mumbai,612,2023-10-18 13:00:00,38,199,3869,On Time
503351,IndiGo,Hyderabad,Chennai,1472,2023-10-18 14:00:00,117,96,5339,Delayed
503352,Air India,Hyderabad,Hyderabad,1459,2023-10-18 15:00:00,127,115,12972,Delayed
503353,Air India,Delhi,Mumbai,2110,2023-10-18 16:00:00,7,63,14351,On Time
503354,Air India,Chennai,Delhi,2145,2023-10-18 17:00:00,50,143,12665,On Time
503355,IndiGo,Mumbai,Chennai,2179,2023-10-18 18:00:00,52,82,16411,On Time
503356,Air India,Kolkata,Hyderabad,2208,2023-10-18 19:00:00,50,-1,10482,On Time
503357,IndiGo,Mumbai,Chennai,813,2023-10-18 20:00:00,119,100,6193,Cancelled
503358,IndiGo,Hyderabad,Chennai,1618,2023-10-18 21:00:00,94,180,7361,On Time
503359,Akasa Air,Mumbai,Bengaluru,1316,2023-10-18 22:00:00,30,172,6696,On Time
503360,Akasa Air,Bengaluru,Delhi,2149,2023-10-18 23:00:00,-8,41,4105,On Time
503361,SpiceJet,Kolkata,Bengaluru,2122,2023-10-19 00:00:00,97,122,6753,Delayed
503362,Air India,Hyderabad,Mumbai,952,2023-10-19 01:00:00,159,141,12455,Delayed
503363,IndiGo,Chennai,Kolkata,1578,2023-10-19 02:00:00,53,125,10087,On Time
503364,IndiGo,Bengaluru,Chennai,2383,2023-10-19 03:00:00,27,40,14667,On Time
503365,SpiceJet,Bengaluru,Hyderabad,583,2023-10-19 04:00:00,107,161,17817,On Time
503366,SpiceJet,Kolkata,Hyderabad,1081,2023-10-19 05:00:00,4,12,6219,On Time
503367,SpiceJet,Kolkata,Mumbai,1201,2023-10-19 06:00:00,-4,1,8289,On Time
503368,SpiceJet,Hyderabad,Chennai,1496,2023-10-19 07:00:00,54,92,17818,Delayed
503369,Air India,Delhi,Kolkata,2498,2023-10-19 08:00:00,143,18,7206,On Time
503370,Vistara,Delhi,Kolkata,1271,2023-10-19 09:00:00,166,106,8688,On Time
503371,Vistara,Mumbai,Hyderabad,2101,2023-10-19 10:00:00,127,184,9380,Delayed
503372,SpiceJet,Chennai,Hyderabad,1797,2023-10-19 11:00:00,14,26,15645,On Time
503373,SpiceJet,Delhi,Kolkata,2353,2023-10-19 12:00:00,58,4,14248,Delayed
503374,IndiGo,Mumbai,Hyderabad,445,2023-10-19 13:00:00,40,138,16181,On Time
503375,Vistara,Hyderabad,Hyderabad,2317,2023-10-19 14:00:00,165,131,8573,On Time
503376,Akasa Air,Delhi,Delhi,1681,2023-10-19 15:00:00,88,180,12340,On Time
503377,IndiGo,Hyderabad,Bengaluru,745,2023-10-19 16:00:00,83,128,6825,Delayed
503378,Vistara,Hyderabad,Chennai,2249,2023-10-19 17:00:00,94,166,9108,On Time
503379,IndiGo,Bengaluru,Kolkata,1764,2023-10-19 18:00:00,171,13,17125,On Time
503380,Vistara,Bengaluru,Chennai,975,2023-10-19 19:00:00,174,153,7307,On Time
503381,IndiGo,Kolkata,Delhi,2027,2023-10-19 20:00:00,9,180,16531,On Time
503382,SpiceJet,Delhi,Delhi,1696,2023-10-19 21:00:00,75,56,8017,On Time
503383,Air India,Bengaluru,Bengaluru,1129,2023-10-19 22:00:00,1,31,2768,On Time
503384,SpiceJet,Delhi,Delhi,2434,2023-10-19 23:00:00,107,80,4204,Delayed
503385,Air India,Kolkata,Delhi,1368,2023-10-20 00:00:00,74,-6,5988,On Time
503386,IndiGo,Chennai,Kolkata,416,2023-10-20 01:00:00,176,159,8733,Cancelled
503387,Vistara,Chennai,Hyderabad,1352,2023-10-20 02:00:00,121,57,5242,On Time
503388,Akasa Air,Chennai,Delhi,1049,2023-10-20 03:00:00,85,74,5652,On Time
503389,Akasa Air,Hyderabad,Mumbai,612,2023-10-20 04:00:00,61,173,15634,On Time
503390,Air India,Chennai,Hyderabad,969,2023-10-20 05:00:00,114,44,8624,On Time
503391,SpiceJet,Kolkata,Bengaluru,2329,2023-10-20 06:00:00,125,45,14155,Delayed
503392,Akasa Air,Hyderabad,Hyderabad,1305,2023-10-20 07:00:00,94,89,5601,Delayed
503393,Air India,Mumbai,Delhi,1187,2023-10-20 08:00:00,82,57,10552,On Time
503394,Akasa Air,Delhi,Hyderabad,1996,2023-10-20 09:00:00,179,37,7655,On Time
503395,IndiGo,Chennai,Kolkata,1705,2023-10-20 10:00:00,177,154,11440,On Time
503396,Vistara,Delhi,Chennai,1325,2023-10-20 11:00:00,163,113,6961,On Time
503397,Akasa Air,Bengaluru,Bengaluru,804,2023-10-20 12:00:00,7,189,5883,On Time
503398,Air India,Mumbai,Mumbai,367,2023-10-20 13:00:00,104,31,4376,Delayed
503399,IndiGo,Chennai,Chennai,549,2023-10-20 14:00:00,165,160,11425,On Time
503400,SpiceJet,Hyderabad,Hyderabad,614,2023-10-20 15:00:00,60,61,9506,On Time
503401,IndiGo,Kolkata,Mumbai,1664,2023-10-20 16:00:00,113,82,6026,Cancelled
503402,IndiGo,Mumbai,Mumbai,1922,2023-10-20 17:00:00,53,16,6669,Cancelled
503403,SpiceJet,Mumbai,Bengaluru,2225,2023-10-20 18:00:00,145,103,12669,Delayed
503404,Akasa Air,Hyderabad,Chennai,1736,2023-10-20 19:00:00,134,65,10923,On Time
503405,Akasa Air,Mumbai,Bengaluru,686,2023-10-20 20:00:00,113,75,14184,On Time
503406,SpiceJet,Bengaluru,Mumbai,1351,2023-10-20 21:00:00,77,58,16242,Delayed
503407,Akasa Air,Mumbai,Mumbai,876,2023-10-20 22:00:00,141,72,7255,On Time
503408,Vistara,Hyderabad,Delhi,841,2023-10-20 23:00:00,122,133,16236,Delayed
503409,Akasa Air,Hyderabad,Bengaluru,2088,2023-10-21 00:00:00,18,35,14678,Delayed
503410,IndiGo,Kolkata,Hyderabad,1603,2023-10-21 01:00:00,108,-12,13128,On Time
503411,Akasa Air,Bengaluru,Kolkata,1862,2023-10-21 02:00:00,166,184,9857,On Time
503412,IndiGo,Bengaluru,Mumbai,1037,2023-10-21 03:00:00,152,20,9106,Cancelled
503413,Air India,Mumbai,Chennai,1029,2023-10-21 04:00:00,31,45,17142,On Time
503414,SpiceJet,Chennai,Hyderabad,2418,2023-10-21 05:00:00,29,41,5230,On Time
503415,Air India,Kolkata,Hyderabad,2349,2023-10-21 06:00:00,167,67,15506,On Time
503416,IndiGo,Bengaluru,Bengaluru,2475,2023-10-21 07:00:00,70,153,9790,On Time
503417,Air India,Mumbai,Kolkata,2378,2023-10-21 08:00:00,171,22,12564,On Time
503418,SpiceJet,Bengaluru,Bengaluru,1127,2023-10-21 09:00:00,140,107,15746,On Time
503419,SpiceJet,Chennai,Bengaluru,1444,2023-10-21 10:00:00,88,11,13397,Cancelled
503420,Vistara,Delhi,Hyderabad,2238,2023-10-21 11:00:00,165,160,3726,On Time
503421,SpiceJet,Hyderabad,Kolkata,1883,2023-10-21 12:00:00,56,117,6960,On Time
503422,Vistara,Delhi,Mumbai,1799,2023-10-21 13:00:00,40,1,8797,On Time
503423,Vistara,Bengaluru,Chennai,1654,2023-10-21 14:00:00,175,30,12733,Cancelled
503424,SpiceJet,Delhi,Mumbai,1833,2023-10-21 15:00:00,94,49,13944,On Time
503425,SpiceJet,Hyderabad,Chennai,306,2023-10-21 16:00:00,18,145,15466,Cancelled
503426,IndiGo,Delhi,Bengaluru,815,2023-10-21 17:00:00,174,158,11944,Delayed
503427,SpiceJet,Bengaluru,Chennai,2351,2023-10-21 18:00:00,100,2,9373,Delayed
503428,Akasa Air,Chennai,Kolkata,1725,2023-10-21 19:00:00,60,172,12091,Delayed
503429,Akasa Air,Kolkata,Hyderabad,1190,2023-10-21 20:00:00,134,165,5829,Delayed
503430,Vistara,Chennai,Chennai,783,2023-10-21 21:00:00,128,148,5132,Delayed
503431,Air India,Kolkata,Hyderabad,2149,2023-10-21 22:00:00,140,142,5542,On Time
503432,Air India,Delhi,Kolkata,876,2023-10-21 23:00:00,105,94,15337,Delayed
503433,Air India,Hyderabad,Chennai,463,2023-10-22 00:00:00,62,172,13644,Delayed
503434,SpiceJet,Bengaluru,Bengaluru,1682,2023-10-22 01:00:00,171,24,14615,On Time
503435,Vistara,Chennai,Bengaluru,608,2023-10-22 02:00:00,77,82,9059,On Time
503436,Akasa Air,Delhi,Chennai,2380,2023-10-22 03:00:00,173,161,10191,On Time
503437,Vistara,Kolkata,Delhi,1285,2023-10-22 04:00:00,87,178,4917,On Time
503438,Vistara,Delhi,Bengaluru,2364,2023-10-22 05:00:00,76,-2,5475,Delayed
503439,Akasa Air,Hyderabad,Chennai,2340,2023-10-22 06:00:00,55,96,2866,Cancelled
503440,Akasa Air,Mumbai,Mumbai,864,2023-10-22 07:00:00,13,-6,7698,On Time
503441,IndiGo,Bengaluru,Delhi,2208,2023-10-22 08:00:00,122,47,14325,Delayed
503442,SpiceJet,Kolkata,Chennai,1719,2023-10-22 09:00:00,22,163,4460,On Time
503443,IndiGo,Chennai,Delhi,1784,2023-10-22 10:00:00,139,129,7283,On Time
503444,Vistara,Hyderabad,Mumbai,629,2023-10-22 11:00:00,87,-9,6047,Cancelled
503445,IndiGo,Delhi,Delhi,2439,2023-10-22 12:00:00,171,181,9054,Delayed
503446,Air India,Bengaluru,Hyderabad,1226,2023-10-22 13:00:00,139,93,16735,On Time
503447,Vistara,Mumbai,Mumbai,1870,2023-10-22 14:00:00,141,10,3636,On Time
503448,SpiceJet,Delhi,Chennai,1708,2023-10-22 15:00:00,92,199,11049,Delayed
503449,SpiceJet,Hyderabad,Delhi,1717,2023-10-22 16:00:00,4,31,7278,On Time
503450,IndiGo,Mumbai,Kolkata,2338,2023-10-22 17:00:00,15,160,7084,Delayed
503451,Vistara,Hyderabad,Bengaluru,409,2023-10-22 18:00:00,85,-6,3550,Delayed
503452,Akasa Air,Mumbai,Hyderabad,1010,2023-10-22 19:00:00,121,129,12728,On Time
503453,Vistara,Mumbai,Chennai,2414,2023-10-22 20:00:00,162,1,3294,On Time
503454,Vistara,Mumbai,Hyderabad,853,2023-10-22 21:00:00,89,12,5897,Delayed
503455,SpiceJet,Kolkata,Chennai,887,2023-10-22 22:00:00,22,17,12461,Delayed
503456,Air India,Chennai,Mumbai,2354,2023-10-22 23:00:00,23,193,12272,On Time
503457,SpiceJet,Mumbai,Hyderabad,1212,2023-10-23 00:00:00,104,180,17756,On Time
503458,SpiceJet,Delhi,Mumbai,1997,2023-10-23 01:00:00,-5,45,15673,Cancelled
503459,Akasa Air,Delhi,Chennai,1553,2023-10-23 02:00:00,84,67,16764,On Time
503460,SpiceJet,Mumbai,Hyderabad,574,2023-10-23 03:00:00,49,170,11595,On Time
503461,Vistara,Delhi,Delhi,2131,2023-10-23 04:00:00,38,135,15984,On Time
503462,IndiGo,Chennai,Mumbai,854,2023-10-23 05:00:00,40,11,15161,On Time
503463,Vistara,Mumbai,Bengaluru,730,2023-10-23 06:00:00,-8,71,8756,Delayed
503464,IndiGo,Kolkata,Hyderabad,1729,2023-10-23 07:00:00,94,15,16612,Delayed
503465,IndiGo,Mumbai,Hyderabad,1664,2023-10-23 08:00:00,34,102,6734,Delayed
503466,SpiceJet,Hyderabad,Mumbai,1618,2023-10-23 09:00:00,137,25,4407,On Time
503467,Vistara,Chennai,Chennai,1715,2023-10-23 10:00:00,3,161,17622,Delayed
503468,SpiceJet,Hyderabad,Bengaluru,669,2023-10-23 11:00:00,122,38,4000,Cancelled
503469,Akasa Air,Chennai,Delhi,948,2023-10-23 12:00:00,123,74,2735,On Time
503470,SpiceJet,Mumbai,Mumbai,1522,2023-10-23 13:00:00,174,193,9678,Delayed
503471,SpiceJet,Hyderabad,Kolkata,1903,2023-10-23 14:00:00,72,121,5936,On Time
503472,Vistara,Mumbai,Mumbai,863,2023-10-23 15:00:00,74,125,6859,Delayed
503473,Vistara,Hyderabad,Mumbai,2132,2023-10-23 16:00:00,98,88,14879,Delayed
503474,SpiceJet,Chennai,Hyderabad,974,2023-10-23 17:00:00,104,172,6325,On Time
503475,Vistara,Chennai,Delhi,2257,2023-10-23 18:00:00,8,179,9041,On Time
503476,IndiGo,Delhi,Kolkata,1027,2023-10-23 19:00:00,36,176,16462,On Time
503477,IndiGo,Hyderabad,Hyderabad,1512,2023-10-23 20:00:00,171,134,5828,Delayed
503478,Vistara,Chennai,Bengaluru,2445,2023-10-23 21:00:00,78,71,8831,Cancelled
503479,SpiceJet,Kolkata,Kolkata,1884,2023-10-23 22:00:00,77,127,16275,On Time
503480,Air India,Delhi,Chennai,1193,2023-10-23 23:00:00,-6,33,3058,On Time
503481,SpiceJet,Mumbai,Delhi,2067,2023-10-24 00:00:00,129,173,3473,On Time
503482,Vistara,Kolkata,Delhi,2001,2023-10-24 01:00:00,119,31,9334,Delayed
503483,Air India,Hyderabad,Chennai,1464,2023-10-24 02:00:00,64,55,14752,On Time
503484,SpiceJet,Bengaluru,Mumbai,2492,2023-10-24 03:00:00,157,186,15520,On Time
503485,SpiceJet,Bengaluru,Delhi,1571,2023-10-24 04:00:00,60,58,15643,On Time
503486,Vistara,Kolkata,Kolkata,2210,2023-10-24 05:00:00,34,12,6493,Delayed
503487,IndiGo,Chennai,Mumbai,1973,2023-10-24 06:00:00,171,71,12961,On Time
503488,IndiGo,Bengaluru,Bengaluru,2238,2023-10-24 07:00:00,4,190,3195,Cancelled
503489,Vistara,Delhi,Hyderabad,839,2023-10-24 08:00:00,141,-13,14937,On Time
503490,Akasa Air,Chennai,Bengaluru,905,2023-10-24 09:00:00,43,198,17960,On Time
503491,SpiceJet,Bengaluru,Chennai,1989,2023-10-24 10:00:00,159,171,6728,Delayed
503492,Vistara,Bengaluru,Chennai,592,2023-10-24 11:00:00,44,28,7578,Delayed
503493,SpiceJet,Kolkata,Hyderabad,2235,2023-10-24 12:00:00,47,128,11175,On Time
503494,Vistara,Delhi,Kolkata,1614,2023-10-24 13:00:00,65,16,9143,Delayed
503495,IndiGo,Kolkata,Delhi,1922,2023-10-24 14:00:00,27,0,12589,On Time
503496,IndiGo,Mumbai,Chennai,2417,2023-10-24 15:00:00,15,-14,3064,Delayed
503497,IndiGo,Hyderabad,Mumbai,2078,2023-10-24 16:00:00,11,14,12794,On Time
503498,Vistara,Bengaluru,Kolkata,1761,2023-10-24 17:00:00,78,110,16839,Cancelled
503499,Vistara,Delhi,Mumbai,644,2023-10-24 18:00:00,175,153,13239,Delayed
503500,Vistara,Bengaluru,Bengaluru,1142,2023-10-24 19:00:00,97,46,11505,On Time
503501,SpiceJet,Delhi,Kolkata,1945,2023-10-24 20:00:00,66,167,13265,On Time
503502,IndiGo,Chennai,Chennai,1050,2023-10-24 21:00:00,49,56,9053,On Time
503503,Air India,Kolkata,Hyderabad,1988,2023-10-24 22:00:00,179,25,2848,Delayed
503504,SpiceJet,Mumbai,Kolkata,685,2023-10-24 23:00:00,174,51,12313,On Time
503505,IndiGo,Bengaluru,Hyderabad,1709,2023-10-25 00:00:00,135,57,8583,Delayed
503506,Akasa Air,Mumbai,Bengaluru,1480,2023-10-25 01:00:00,-5,174,17618,Delayed
503507,IndiGo,Hyderabad,Hyderabad,1891,2023-10-25 02:00:00,-2,23,11598,On Time
503508,Akasa Air,Chennai,Delhi,530,2023-10-25 03:00:00,-5,2,9164,Delayed
503509,Akasa Air,Bengaluru,Mumbai,1559,2023-10-25 04:00:00,27,59,11526,Cancelled
503510,Akasa Air,Delhi,Mumbai,1464,2023-10-25 05:00:00,-8,67,10148,On Time
503511,Vistara,Delhi,Bengaluru,1806,2023-10-25 06:00:00,50,180,16134,On Time
503512,IndiGo,Mumbai,Delhi,335,2023-10-25 07:00:00,57,119,11062,Delayed
503513,IndiGo,Chennai,Bengaluru,1112,2023-10-25 08:00:00,-3,134,13055,On Time
503514,SpiceJet,Chennai,Hyderabad,565,2023-10-25 09:00:00,41,67,15638,On Time
503515,Vistara,Kolkata,Bengaluru,516,2023-10-25 10:00:00,101,133,12501,On Time
503516,IndiGo,Kolkata,Chennai,2332,2023-10-25 11:00:00,72,173,5680,On Time
503517,IndiGo,Mumbai,Bengaluru,1826,2023-10-25 12:00:00,89,-8,10828,Delayed
503518,Air India,Hyderabad,Kolkata,1675,2023-10-25 13:00:00,36,97,5375,On Time
503519,Vistara,Chennai,Delhi,1796,2023-10-25 14:00:00,41,112,17620,Delayed
503520,IndiGo,Kolkata,Mumbai,1421,2023-10-25 15:00:00,100,149,13231,Delayed
503521,SpiceJet,Hyderabad,Delhi,1799,2023-10-25 16:00:00,-7,10,12922,Delayed
503522,SpiceJet,Mumbai,Hyderabad,1861,2023-10-25 17:00:00,119,10,3848,On Time
503523,Air India,Delhi,Kolkata,1187,2023-10-25 18:00:00,112,35,16140,On Time
503524,IndiGo,Hyderabad,Chennai,827,2023-10-25 19:00:00,168,119,7653,Delayed
503525,IndiGo,Hyderabad,Mumbai,1269,2023-10-25 20:00:00,179,30,6274,On Time
503526,Vistara,Hyderabad,Chennai,1783,2023-10-25 21:00:00,179,187,12288,On Time
503527,Akasa Air,Chennai,Chennai,2208,2023-10-25 22:00:00,161,79,2962,On Time
503528,Akasa Air,Kolkata,Hyderabad,2403,2023-10-25 23:00:00,98,175,17856,Delayed
503529,Air India,Mumbai,Hyderabad,1200,2023-10-26 00:00:00,131,133,3665,On Time
503530,Vistara,Chennai,Bengaluru,813,2023-10-26 01:00:00,90,136,6363,Delayed
503531,Vistara,Bengaluru,Bengaluru,1934,2023-10-26 02:00:00,137,188,10501,On Time
503532,IndiGo,Chennai,Mumbai,913,2023-10-26 03:00:00,32,16,8179,On Time
503533,IndiGo,Mumbai,Chennai,1773,2023-10-26 04:00:00,108,149,3153,On Time
503534,SpiceJet,Delhi,Mumbai,811,2023-10-26 05:00:00,20,192,15365,Delayed
503535,IndiGo,Hyderabad,Bengaluru,655,2023-10-26 06:00:00,15,38,12827,Delayed
503536,SpiceJet,Kolkata,Bengaluru,2018,2023-10-26 07:00:00,65,-12,15451,On Time
503537,SpiceJet,Hyderabad,Kolkata,1530,2023-10-26 08:00:00,42,-12,8384,Cancelled
503538,IndiGo,Hyderabad,Bengaluru,876,2023-10-26 09:00:00,8,42,5195,On Time
503539,IndiGo,Hyderabad,Bengaluru,800,2023-10-26 10:00:00,150,162,14425,On Time
503540,IndiGo,Mumbai,Mumbai,742,2023-10-26 11:00:00,71,185,17679,On Time
503541,Akasa Air,Mumbai,Kolkata,1535,2023-10-26 12:00:00,153,88,6021,Delayed
503542,Air India,Chennai,Mumbai,2126,2023-10-26 13:00:00,178,42,8686,Delayed
503543,Vistara,Chennai,Chennai,741,2023-10-26 14:00:00,17,2,13981,On Time
503544,IndiGo,Bengaluru,Bengaluru,368,2023-10-26 15:00:00,54,88,14023,On Time
503545,Akasa Air,Delhi,Hyderabad,1832,2023-10-26 16:00:00,59,51,16089,Delayed
503546,IndiGo,Hyderabad,Hyderabad,510,2023-10-26 17:00:00,68,77,6270,On Time
503547,Vistara,Kolkata,Delhi,1863,2023-10-26 18:00:00,115,-2,7668,Delayed
503548,SpiceJet,Kolkata,Delhi,2133,2023-10-26 19:00:00,61,79,17088,On Time
503549,Akasa Air,Mumbai,Hyderabad,793,2023-10-26 20:00:00,1,153,11781,On Time
503550,Air India,Kolkata,Bengaluru,2075,2023-10-26 21:00:00,21,150,6288,On Time
503551,SpiceJet,Delhi,Mumbai,1935,2023-10-26 22:00:00,137,131,3134,On Time
503552,Akasa Air,Mumbai,Delhi,989,2023-10-26 23:00:00,-7,75,14973,On Time
503553,Akasa Air,Mumbai,Mumbai,1385,2023-10-27 00:00:00,6,39,3511,Delayed
503554,IndiGo,Delhi,Hyderabad,309,2023-10-27 01:00:00,101,180,9571,On Time
503555,Air India,Mumbai,Bengaluru,1981,2023-10-27 02:00:00,130,85,8719,On Time
503556,IndiGo,Chennai,Mumbai,1538,2023-10-27 03:00:00,96,130,5178,Delayed
503557,Vistara,Chennai,Delhi,1071,2023-10-27 04:00:00,106,83,12038,On Time
503558,SpiceJet,Kolkata,Mumbai,2496,2023-10-27 05:00:00,129,107,16657,On Time
503559,IndiGo,Chennai,Kolkata,1161,2023-10-27 06:00:00,131,49,9351,Delayed
503560,Vistara,Kolkata,Hyderabad,1926,2023-10-27 07:00:00,61,151,14303,Delayed
503561,Vistara,Mumbai,Kolkata,1950,2023-10-27 08:00:00,18,107,14719,On Time
503562,Akasa Air,Bengaluru,Delhi,1283,2023-10-27 09:00:00,121,66,16096,On Time
503563,IndiGo,Bengaluru,Delhi,686,2023-10-27 10:00:00,123,56,12500,Cancelled
503564,IndiGo,Bengaluru,Delhi,2349,2023-10-27 11:00:00,134,125,8362,Delayed
503565,Air India,Kolkata,Bengaluru,443,2023-10-27 12:00:00,80,100,3222,On Time
503566,IndiGo,Hyderabad,Mumbai,1897,2023-10-27 13:00:00,48,161,2716,On Time
503567,Air India,Chennai,Bengaluru,1017,2023-10-27 14:00:00,92,9,10453,On Time
503568,SpiceJet,Delhi,Chennai,1940,2023-10-27 15:00:00,79,63,10062,Cancelled
503569,Vistara,Kolkata,Delhi,1699,2023-10-27 16:00:00,38,119,6930,On Time
503570,Air India,Bengaluru,Bengaluru,1880,2023-10-27 17:00:00,85,124,16024,Delayed
503571,Vistara,Mumbai,Delhi,913,2023-10-27 18:00:00,130,35,10281,On Time
503572,Vistara,Delhi,Delhi,1595,2023-10-27 19:00:00,124,140,10086,On Time
503573,IndiGo,Kolkata,Chennai,1046,2023-10-27 20:00:00,118,167,17639,On Time
503574,Air India,Delhi,Kolkata,957,2023-10-27 21:00:00,168,111,14197,On Time
503575,SpiceJet,Delhi,Bengaluru,1054,2023-10-27 22:00:00,116,36,9719,On Time
503576,IndiGo,Delhi,Kolkata,815,2023-10-27 23:00:00,74,195,3496,Delayed
503577,Air India,Delhi,Chennai,2379,2023-10-28 00:00:00,20,-3,7492,Delayed
503578,Vistara,Delhi,Chennai,798,2023-10-28 01:00:00,67,188,9263,Delayed
503579,SpiceJet,Chennai,Bengaluru,1730,2023-10-28 02:00:00,-3,172,3448,On Time
503580,Air India,Delhi,Hyderabad,482,2023-10-28 03:00:00,63,163,11416,Delayed
503581,Air India,Delhi,Hyderabad,1220,2023-10-28 04:00:00,92,54,3726,On Time
503582,Akasa Air,Bengaluru,Chennai,749,2023-10-28 05:00:00,70,66,11825,On Time
503583,SpiceJet,Bengaluru,Chennai,1587,2023-10-28 06:00:00,-5,157,3880,On Time
503584,IndiGo,Chennai,Kolkata,2180,2023-10-28 07:00:00,13,176,9494,Delayed
503585,SpiceJet,Bengaluru,Bengaluru,1680,2023-10-28 08:00:00,168,97,6221,On Time
503586,SpiceJet,Delhi,Bengaluru,2242,2023-10-28 09:00:00,77,173,6002,On Time
503587,Vistara,Hyderabad,Bengaluru,2119,2023-10-28 10:00:00,177,36,9291,On Time
503588,IndiGo,Hyderabad,Kolkata,2187,2023-10-28 11:00:00,45,149,5007,On Time
503589,IndiGo,Mumbai,Hyderabad,1121,2023-10-28 12:00:00,60,79,15341,Delayed
503590,IndiGo,Chennai,Delhi,2183,2023-10-28 13:00:00,94,126,11180,On Time
503591,Akasa Air,Delhi,Hyderabad,1476,2023-10-28 14:00:00,165,18,10079,Delayed
503592,SpiceJet,Bengaluru,Chennai,816,2023-10-28 15:00:00,64,22,15467,Delayed
503593,IndiGo,Delhi,Mumbai,1566,2023-10-28 16:00:00,27,183,17423,Delayed
503594,Vistara,Bengaluru,Bengaluru,2410,2023-10-28 17:00:00,31,110,15919,On Time
503595,Akasa Air,Mumbai,Bengaluru,896,2023-10-28 18:00:00,23,123,10137,On Time
503596,IndiGo,Delhi,Bengaluru,303,2023-10-28 19:00:00,104,112,14779,Cancelled
503597,IndiGo,Delhi,Hyderabad,1645,2023-10-28 20:00:00,79,93,7953,On Time
503598,IndiGo,Kolkata,Chennai,1510,2023-10-28 21:00:00,179,140,11178,Delayed
503599,IndiGo,Kolkata,Bengaluru,571,2023-10-28 22:00:00,105,182,9007,On Time
503600,Akasa Air,Mumbai,Bengaluru,361,2023-10-28 23:00:00,90,69,13417,Cancelled
503601,Vistara,Hyderabad,Bengaluru,586,2023-10-29 00:00:00,40,32,5038,Cancelled
503602,Akasa Air,Chennai,Bengaluru,815,2023-10-29 01:00:00,143,20,9083,Delayed
503603,Air India,Hyderabad,Hyderabad,1031,2023-10-29 02:00:00,92,95,15813,On Time
503604,IndiGo,Delhi,Delhi,417,2023-10-29 03:00:00,59,196,16471,On Time
503605,Vistara,Bengaluru,Delhi,2252,2023-10-29 04:00:00,59,78,13127,Delayed
503606,SpiceJet,Delhi,Hyderabad,1367,2023-10-29 05:00:00,123,168,8889,Delayed
503607,Air India,Kolkata,Delhi,876,2023-10-29 06:00:00,95,136,15290,Cancelled
503608,SpiceJet,Bengaluru,Kolkata,1522,2023-10-29 07:00:00,47,-12,14720,On Time
503609,Vistara,Kolkata,Delhi,898,2023-10-29 08:00:00,83,164,4346,On Time
503610,IndiGo,Hyderabad,Bengaluru,491,2023-10-29 09:00:00,135,160,5398,Delayed
503611,IndiGo,Delhi,Chennai,2404,2023-10-29 10:00:00,158,82,12932,Delayed
503612,Vistara,Kolkata,Delhi,506,2023-10-29 11:00:00,140,62,8109,On Time
503613,Vistara,Kolkata,Bengaluru,1641,2023-10-29 12:00:00,116,79,17024,On Time
503614,Vistara,Kolkata,Chennai,1882,2023-10-29 13:00:00,34,108,14645,Delayed
503615,Air India,Kolkata,Kolkata,2053,2023-10-29 14:00:00,23,-14,17685,On Time
503616,IndiGo,Mumbai,Mumbai,1003,2023-10-29 15:00:00,162,27,13316,On Time
503617,Akasa Air,Delhi,Delhi,1519,2023-10-29 16:00:00,1,193,12756,On Time
503618,IndiGo,Hyderabad,Bengaluru,2242,2023-10-29 17:00:00,47,35,9171,Cancelled
503619,IndiGo,Mumbai,Bengaluru,1047,2023-10-29 18:00:00,14,70,16752,Delayed
503620,Air India,Mumbai,Chennai,500,2023-10-29 19:00:00,48,198,11273,Delayed
503621,SpiceJet,Mumbai,Delhi,1630,2023-10-29 20:00:00,10,179,17203,Delayed
503622,SpiceJet,Bengaluru,Hyderabad,1936,2023-10-29 21:00:00,-9,6,16237,On Time
503623,SpiceJet,Chennai,Kolkata,1228,2023-10-29 22:00:00,172,102,10084,Delayed
503624,Air India,Chennai,Chennai,2091,2023-10-29 23:00:00,74,154,4272,Delayed
503625,Akasa Air,Hyderabad,Delhi,1988,2023-10-30 00:00:00,42,45,2689,Delayed
503626,Air India,Delhi,Kolkata,1210,2023-10-30 01:00:00,49,193,14668,On Time
503627,Akasa Air,Kolkata,Hyderabad,789,2023-10-30 02:00:00,68,70,5923,On Time
503628,Air India,Chennai,Delhi,1343,2023-10-30 03:00:00,21,-9,11078,On Time
503629,SpiceJet,Delhi,Hyderabad,759,2023-10-30 04:00:00,132,166,17063,On Time
503630,IndiGo,Hyderabad,Kolkata,1708,2023-10-30 05:00:00,136,59,13493,On Time
503631,IndiGo,Bengaluru,Mumbai,755,2023-10-30 06:00:00,4,72,16549,Delayed
503632,SpiceJet,Chennai,Mumbai,451,2023-10-30 07:00:00,11,96,17228,On Time
503633,SpiceJet,Chennai,Chennai,2475,2023-10-30 08:00:00,168,72,12911,On Time
503634,Vistara,Chennai,Bengaluru,432,2023-10-30 09:00:00,3,187,8857,On Time
503635,IndiGo,Delhi,Bengaluru,442,2023-10-30 10:00:00,37,9,9062,On Time
503636,Akasa Air,Bengaluru,Hyderabad,1485,2023-10-30 11:00:00,134,70,2853,On Time
503637,IndiGo,Kolkata,Mumbai,1003,2023-10-30 12:00:00,165,122,11499,On Time
503638,IndiGo,Kolkata,Mumbai,2436,2023-10-30 13:00:00,120,144,10481,On Time
503639,Akasa Air,Hyderabad,Kolkata,560,2023-10-30 14:00:00,146,15,4996,On Time
503640,SpiceJet,Chennai,Delhi,385,2023-10-30 15:00:00,128,134,8464,Delayed
503641,IndiGo,Kolkata,Kolkata,389,2023-10-30 16:00:00,65,68,3401,Delayed
503642,Akasa Air,Delhi,Hyderabad,782,2023-10-30 17:00:00,53,12,2710,On Time
503643,SpiceJet,Hyderabad,Hyderabad,2436,2023-10-30 18:00:00,159,143,15481,Delayed
503644,Vistara,Delhi,Delhi,379,2023-10-30 19:00:00,81,76,2989,Delayed
503645,SpiceJet,Hyderabad,Hyderabad,1418,2023-10-30 20:00:00,-3,149,13054,On Time
503646,Akasa Air,Bengaluru,Hyderabad,322,2023-10-30 21:00:00,146,80,16016,Delayed
503647,Air India,Chennai,Delhi,1429,2023-10-30 22:00:00,112,173,6230,On Time
503648,Air India,Chennai,Bengaluru,423,2023-10-30 23:00:00,157,139,4294,Delayed
503649,Vistara,Kolkata,Bengaluru,2286,2023-10-31 00:00:00,32,124,7094,On Time
503650,Air India,Kolkata,Delhi,1609,2023-10-31 01:00:00,134,115,6468,Delayed
503651,Air India,Bengaluru,Bengaluru,2227,2023-10-31 02:00:00,19,137,14564,Delayed
503652,IndiGo,Delhi,Mumbai,1035,2023-10-31 03:00:00,4,80,12674,On Time
503653,IndiGo,Hyderabad,Chennai,692,2023-10-31 04:00:00,49,42,9755,Delayed
503654,SpiceJet,Mumbai,Chennai,788,2023-10-31 05:00:00,59,132,10591,On Time
503655,SpiceJet,Chennai,Hyderabad,345,2023-10-31 06:00:00,148,198,3520,On Time
503656,Akasa Air,Delhi,Delhi,2155,2023-10-31 07:00:00,164,123,11132,On Time
503657,SpiceJet,Kolkata,Mumbai,1557,2023-10-31 08:00:00,118,161,17226,On Time
503658,IndiGo,Mumbai,Delhi,2019,2023-10-31 09:00:00,51,143,3821,On Time
503659,IndiGo,Bengaluru,Mumbai,2295,2023-10-31 10:00:00,66,23,2968,On Time
503660,Vistara,Chennai,Hyderabad,746,2023-10-31 11:00:00,143,165,15267,Delayed
503661,IndiGo,Bengaluru,Hyderabad,2092,2023-10-31 12:00:00,135,13,5127,On Time
503662,SpiceJet,Delhi,Chennai,2113,2023-10-31 13:00:00,114,86,8731,On Time
503663,Air India,Delhi,Bengaluru,2142,2023-10-31 14:00:00,93,-1,13114,On Time
503664,Akasa Air,Chennai,Kolkata,1541,2023-10-31 15:00:00,85,21,14021,On Time
503665,Vistara,Delhi,Hyderabad,642,2023-10-31 16:00:00,147,96,5112,Delayed
503666,IndiGo,Chennai,Kolkata,844,2023-10-31 17:00:00,86,17,3658,On Time
503667,Akasa Air,Hyderabad,Bengaluru,2284,2023-10-31 18:00:00,91,67,3610,On Time
503668,Vistara,Chennai,Hyderabad,490,2023-10-31 19:00:00,136,-15,11687,Delayed
503669,Vistara,Bengaluru,Kolkata,1579,2023-10-31 20:00:00,104,43,12200,On Time
503670,Air India,Delhi,Delhi,660,2023-10-31 21:00:00,120,164,11313,On Time
503671,Vistara,Hyderabad,Chennai,1606,2023-10-31 22:00:00,137,114,5637,On Time
503672,Air India,Mumbai,Mumbai,949,2023-10-31 23:00:00,156,183,8347,Delayed
503673,Akasa Air,Hyderabad,Delhi,574,2023-11-01 00:00:00,122,4,13357,On Time
503674,IndiGo,Chennai,Kolkata,613,2023-11-01 01:00:00,46,80,12886,On Time
503675,Vistara,Delhi,Delhi,765,2023-11-01 02:00:00,161,76,3303,On Time
503676,IndiGo,Hyderabad,Bengaluru,388,2023-11-01 03:00:00,74,15,13313,On Time
503677,SpiceJet,Kolkata,Hyderabad,1024,2023-11-01 04:00:00,-5,186,13392,On Time
503678,SpiceJet,Mumbai,Delhi,1528,2023-11-01 05:00:00,40,116,11108,On Time
503679,IndiGo,Bengaluru,Delhi,1881,2023-11-01 06:00:00,105,119,13111,Delayed
503680,SpiceJet,Bengaluru,Mumbai,2386,2023-11-01 07:00:00,-5,96,9357,Cancelled
503681,Akasa Air,Hyderabad,Hyderabad,1827,2023-11-01 08:00:00,29,159,6970,Delayed
503682,IndiGo,Chennai,Bengaluru,2019,2023-11-01 09:00:00,112,106,6315,On Time
503683,Vistara,Chennai,Mumbai,757,2023-11-01 10:00:00,55,139,15320,On Time
503684,SpiceJet,Delhi,Bengaluru,1072,2023-11-01 11:00:00,135,88,7105,On Time
503685,Vistara,Kolkata,Mumbai,906,2023-11-01 12:00:00,97,78,7020,Delayed
503686,Akasa Air,Delhi,Kolkata,655,2023-11-01 13:00:00,12,93,7997,Delayed
503687,Air India,Kolkata,Bengaluru,2148,2023-11-01 14:00:00,-6,8,13250,On Time
503688,IndiGo,Bengaluru,Delhi,1018,2023-11-01 15:00:00,36,21,7960,On Time
503689,SpiceJet,Delhi,Mumbai,2036,2023-11-01 16:00:00,73,184,12980,On Time
503690,IndiGo,Mumbai,Hyderabad,517,2023-11-01 17:00:00,128,189,15304,On Time
503691,IndiGo,Bengaluru,Delhi,1392,2023-11-01 18:00:00,111,118,16555,On Time
503692,Air India,Kolkata,Bengaluru,2171,2023-11-01 19:00:00,69,191,15586,Delayed
503693,SpiceJet,Delhi,Hyderabad,1283,2023-11-01 20:00:00,23,115,16783,On Time
503694,SpiceJet,Mumbai,Kolkata,1886,2023-11-01 21:00:00,40,16,10755,Delayed
503695,IndiGo,Delhi,Hyderabad,1424,2023-11-01 22:00:00,130,187,6399,On Time
503696,IndiGo,Mumbai,Delhi,1816,2023-11-01 23:00:00,125,111,17186,On Time
503697,Air India,Mumbai,Kolkata,445,2023-11-02 00:00:00,41,55,9363,Delayed
503698,Air India,Bengaluru,Bengaluru,902,2023-11-02 01:00:00,174,73,4304,Delayed
503699,Akasa Air,Bengaluru,Delhi,351,2023-11-02 02:00:00,166,39,5855,On Time
503700,SpiceJet,Kolkata,Hyderabad,815,2023-11-02 03:00:00,23,27,9936,Delayed
503701,SpiceJet,Kolkata,Bengaluru,1539,2023-11-02 04:00:00,138,139,9422,Delayed
503702,IndiGo,Chennai,Delhi,1127,2023-11-02 05:00:00,19,86,8543,On Time
503703,IndiGo,Delhi,Bengaluru,1360,2023-11-02 06:00:00,169,104,5542,Delayed
503704,Akasa Air,Mumbai,Delhi,2417,2023-11-02 07:00:00,24,178,17882,On Time
503705,Air India,Delhi,Kolkata,867,2023-11-02 08:00:00,27,59,12695,On Time
503706,IndiGo,Hyderabad,Hyderabad,2168,2023-11-02 09:00:00,92,19,13116,On Time
503707,Akasa Air,Mumbai,Chennai,2309,2023-11-02 10:00:00,51,197,16747,Delayed
503708,Akasa Air,Delhi,Mumbai,886,2023-11-02 11:00:00,67,170,14168,On Time
503709,IndiGo,Bengaluru,Chennai,648,2023-11-02 12:00:00,152,134,6395,Delayed
503710,SpiceJet,Mumbai,Hyderabad,1960,2023-11-02 13:00:00,11,163,6806,On Time
503711,Air India,Bengaluru,Delhi,1973,2023-11-02 14:00:00,10,3,13887,On Time
503712,SpiceJet,Kolkata,Chennai,2000,2023-11-02 15:00:00,137,63,16290,On Time
503713,IndiGo,Chennai,Mumbai,1637,2023-11-02 16:00:00,131,169,11981,On Time
503714,Akasa Air,Bengaluru,Hyderabad,1804,2023-11-02 17:00:00,63,137,4128,On Time
503715,Vistara,Bengaluru,Hyderabad,2468,2023-11-02 18:00:00,42,83,11815,On Time
503716,IndiGo,Delhi,Bengaluru,2304,2023-11-02 19:00:00,-7,196,13641,On Time
503717,SpiceJet,Hyderabad,Delhi,1059,2023-11-02 20:00:00,11,81,5352,On Time
503718,Vistara,Hyderabad,Chennai,2455,2023-11-02 21:00:00,115,88,8739,Delayed
503719,Akasa Air,Mumbai,Hyderabad,1532,2023-11-02 22:00:00,124,195,3028,On Time
503720,IndiGo,Bengaluru,Mumbai,1690,2023-11-02 23:00:00,30,43,4500,On Time
503721,Air India,Chennai,Hyderabad,782,2023-11-03 00:00:00,91,-15,10836,On Time
503722,Akasa Air,Kolkata,Delhi,1065,2023-11-03 01:00:00,50,79,7231,On Time
503723,IndiGo,Hyderabad,Kolkata,1757,2023-11-03 02:00:00,65,44,9189,On Time
503724,Akasa Air,Delhi,Chennai,1770,2023-11-03 03:00:00,151,110,14745,On Time
503725,IndiGo,Bengaluru,Bengaluru,1976,2023-11-03 04:00:00,177,133,7902,On Time
503726,Akasa Air,Kolkata,Mumbai,1502,2023-11-03 05:00:00,12,87,5718,On Time
503727,Air India,Kolkata,Bengaluru,811,2023-11-03 06:00:00,151,137,12018,On Time
503728,IndiGo,Delhi,Mumbai,1640,2023-11-03 07:00:00,28,184,7246,On Time
503729,SpiceJet,Delhi,Kolkata,1655,2023-11-03 08:00:00,96,106,12926,On Time
503730,Air India,Kolkata,Chennai,1130,2023-11-03 09:00:00,27,90,5886,Delayed
503731,Air India,Bengaluru,Hyderabad,2383,2023-11-03 10:00:00,63,112,11585,On Time
503732,Akasa Air,Hyderabad,Delhi,977,2023-11-03 11:00:00,79,-2,17394,On Time
503733,Air India,Mumbai,Delhi,1130,2023-11-03 12:00:00,75,23,16632,On Time
503734,IndiGo,Mumbai,Delhi,726,2023-11-03 13:00:00,-4,21,7191,On Time
503735,Vistara,Delhi,Bengaluru,1877,2023-11-03 14:00:00,134,35,12452,On Time
503736,Vistara,Delhi,Bengaluru,1954,2023-11-03 15:00:00,96,51,7366,On Time
503737,Akasa Air,Mumbai,Chennai,908,2023-11-03 16:00:00,4,-6,12629,On Time
503738,Akasa Air,Bengaluru,Kolkata,1207,2023-11-03 17:00:00,170,44,5646,On Time
503739,Air India,Kolkata,Mumbai,2481,2023-11-03 18:00:00,125,92,9197,Delayed
503740,IndiGo,Mumbai,Bengaluru,817,2023-11-03 19:00:00,115,2,4985,Delayed
503741,Akasa Air,Bengaluru,Bengaluru,521,2023-11-03 20:00:00,56,66,7810,On Time
503742,Akasa Air,Chennai,Kolkata,1456,2023-11-03 21:00:00,143,67,15458,Delayed
503743,Akasa Air,Chennai,Delhi,724,2023-11-03 22:00:00,135,127,14727,On Time
503744,Akasa Air,Delhi,Chennai,2174,2023-11-03 23:00:00,8,29,14221,On Time
503745,Akasa Air,Chennai,Hyderabad,1102,2023-11-04 00:00:00,106,30,7671,On Time
503746,Air India,Kolkata,Kolkata,2412,2023-11-04 01:00:00,115,43,3059,On Time
503747,SpiceJet,Chennai,Kolkata,2251,2023-11-04 02:00:00,-8,60,12273,Delayed
503748,Air India,Hyderabad,Delhi,1897,2023-11-04 03:00:00,73,192,11396,On Time
503749,Akasa Air,Bengaluru,Mumbai,2165,2023-11-04 04:00:00,53,100,8683,On Time
503750,Akasa Air,Hyderabad,Kolkata,1032,2023-11-04 05:00:00,65,133,4762,Delayed
503751,SpiceJet,Hyderabad,Hyderabad,826,2023-11-04 06:00:00,88,83,15415,On Time
503752,Vistara,Hyderabad,Delhi,1961,2023-11-04 07:00:00,31,108,15190,On Time
503753,Air India,Chennai,Mumbai,901,2023-11-04 08:00:00,93,109,6697,On Time
503754,Air India,Bengaluru,Delhi,1398,2023-11-04 09:00:00,177,199,7130,Cancelled
503755,IndiGo,Chennai,Kolkata,2450,2023-11-04 10:00:00,9,-3,5197,On Time
503756,Akasa Air,Bengaluru,Hyderabad,1342,2023-11-04 11:00:00,31,11,9098,Delayed
503757,Vistara,Kolkata,Delhi,1021,2023-11-04 12:00:00,56,161,6410,Delayed
503758,Air India,Bengaluru,Delhi,1889,2023-11-04 13:00:00,137,119,16083,On Time
503759,Akasa Air,Hyderabad,Mumbai,1425,2023-11-04 14:00:00,106,110,4796,Delayed
503760,Air India,Kolkata,Chennai,1329,2023-11-04 15:00:00,11,126,6159,On Time
503761,Akasa Air,Kolkata,Hyderabad,2361,2023-11-04 16:00:00,127,176,12955,On Time
503762,Akasa Air,Delhi,Chennai,1165,2023-11-04 17:00:00,177,187,10886,On Time
503763,SpiceJet,Mumbai,Mumbai,1268,2023-11-04 18:00:00,126,25,7431,On Time
503764,SpiceJet,Hyderabad,Hyderabad,1087,2023-11-04 19:00:00,170,117,6273,On Time
503765,Akasa Air,Mumbai,Delhi,1183,2023-11-04 20:00:00,173,89,17338,On Time
503766,IndiGo,Hyderabad,Hyderabad,2235,2023-11-04 21:00:00,138,-10,15391,Delayed
503767,Air India,Chennai,Bengaluru,2033,2023-11-04 22:00:00,8,28,5384,On Time
503768,Vistara,Bengaluru,Chennai,1349,2023-11-04 23:00:00,22,24,12742,Delayed
503769,Air India,Chennai,Hyderabad,1480,2023-11-05 00:00:00,55,100,4360,On Time
503770,Akasa Air,Chennai,Delhi,755,2023-11-05 01:00:00,135,-15,13289,Delayed
503771,Akasa Air,Chennai,Kolkata,2222,2023-11-05 02:00:00,75,144,9406,On Time
503772,Vistara,Bengaluru,Chennai,1888,2023-11-05 03:00:00,156,109,13883,On Time
503773,Akasa Air,Chennai,Bengaluru,1210,2023-11-05 04:00:00,101,145,2578,Delayed
503774,Akasa Air,Chennai,Kolkata,1738,2023-11-05 05:00:00,-9,128,17622,Delayed
503775,SpiceJet,Kolkata,Chennai,334,2023-11-05 06:00:00,101,159,3488,On Time
503776,IndiGo,Hyderabad,Bengaluru,1091,2023-11-05 07:00:00,42,94,14364,On Time
503777,Vistara,Bengaluru,Delhi,960,2023-11-05 08:00:00,87,85,7874,On Time
503778,SpiceJet,Delhi,Hyderabad,616,2023-11-05 09:00:00,142,197,15529,On Time
503779,Akasa Air,Mumbai,Bengaluru,952,2023-11-05 10:00:00,-1,148,11691,On Time
503780,SpiceJet,Bengaluru,Mumbai,1625,2023-11-05 11:00:00,71,104,7254,On Time
503781,Akasa Air,Kolkata,Mumbai,2052,2023-11-05 12:00:00,100,115,4620,On Time
503782,IndiGo,Delhi,Hyderabad,841,2023-11-05 13:00:00,139,104,2867,On Time
503783,SpiceJet,Kolkata,Kolkata,1215,2023-11-05 14:00:00,88,116,15017,Delayed
503784,Air India,Hyderabad,Kolkata,1013,2023-11-05 15:00:00,136,141,7089,Delayed
503785,SpiceJet,Mumbai,Kolkata,1541,2023-11-05 16:00:00,124,146,14061,On Time
503786,IndiGo,Chennai,Bengaluru,1465,2023-11-05 17:00:00,103,126,5689,On Time
503787,Akasa Air,Delhi,Kolkata,742,2023-11-05 18:00:00,11,101,12383,On Time
503788,Akasa Air,Mumbai,Bengaluru,2072,2023-11-05 19:00:00,58,-6,11063,On Time
503789,IndiGo,Chennai,Delhi,1898,2023-11-05 20:00:00,39,112,6312,Delayed
503790,IndiGo,Chennai,Kolkata,1332,2023-11-05 21:00:00,11,97,5478,On Time
503791,Air India,Kolkata,Kolkata,2236,2023-11-05 22:00:00,57,47,17207,On Time
503792,Air India,Hyderabad,Delhi,853,2023-11-05 23:00:00,111,191,6135,Delayed
503793,SpiceJet,Delhi,Delhi,1515,2023-11-06 00:00:00,53,63,4405,Delayed
503794,IndiGo,Hyderabad,Chennai,651,2023-11-06 01:00:00,74,156,4758,Delayed
503795,IndiGo,Bengaluru,Mumbai,822,2023-11-06 02:00:00,-7,179,4111,On Time
503796,Akasa Air,Kolkata,Chennai,1002,2023-11-06 03:00:00,20,25,2531,Cancelled
503797,Akasa Air,Hyderabad,Mumbai,2095,2023-11-06 04:00:00,111,-6,7310,On Time
503798,Vistara,Kolkata,Mumbai,1897,2023-11-06 05:00:00,-10,194,16718,Delayed
503799,Vistara,Bengaluru,Bengaluru,1875,2023-11-06 06:00:00,66,-13,11523,Delayed
503800,Akasa Air,Delhi,Kolkata,413,2023-11-06 07:00:00,25,41,7841,On Time
503801,IndiGo,Bengaluru,Hyderabad,1077,2023-11-06 08:00:00,80,71,4160,Delayed
503802,Vistara,Delhi,Delhi,1682,2023-11-06 09:00:00,68,154,16935,On Time
503803,Air India,Delhi,Mumbai,1495,2023-11-06 10:00:00,40,42,8134,Delayed
503804,Air India,Bengaluru,Chennai,2204,2023-11-06 11:00:00,174,176,8558,On Time
503805,SpiceJet,Hyderabad,Kolkata,1857,2023-11-06 12:00:00,33,124,16316,On Time
503806,IndiGo,Delhi,Mumbai,2087,2023-11-06 13:00:00,24,193,2668,On Time
503807,SpiceJet,Chennai,Hyderabad,1825,2023-11-06 14:00:00,97,134,5643,On Time
503808,Vistara,Bengaluru,Bengaluru,2344,2023-11-06 15:00:00,157,-12,4497,Cancelled
503809,Akasa Air,Hyderabad,Bengaluru,2416,2023-11-06 16:00:00,27,7,3596,On Time
503810,SpiceJet,Hyderabad,Hyderabad,1172,2023-11-06 17:00:00,117,50,9678,On Time
503811,Akasa Air,Chennai,Chennai,881,2023-11-06 18:00:00,91,44,2529,Delayed
503812,Vistara,Hyderabad,Bengaluru,1029,2023-11-06 19:00:00,-10,122,16636,Delayed
503813,Vistara,Bengaluru,Mumbai,1205,2023-11-06 20:00:00,41,158,16920,Cancelled
503814,Air India,Mumbai,Hyderabad,1373,2023-11-06 21:00:00,1,65,9413,Delayed
503815,Air India,Kolkata,Mumbai,628,2023-11-06 22:00:00,99,112,15613,Delayed
503816,Vistara,Mumbai,Hyderabad,924,2023-11-06 23:00:00,55,168,11970,Delayed
503817,Vistara,Delhi,Delhi,1308,2023-11-07 00:00:00,170,136,11899,Delayed
503818,Akasa Air,Chennai,Chennai,1464,2023-11-07 01:00:00,176,54,11013,Delayed
503819,Air India,Chennai,Hyderabad,2131,2023-11-07 02:00:00,6,178,6498,On Time
503820,Vistara,Delhi,Delhi,1323,2023-11-07 03:00:00,169,132,17324,On Time
503821,Vistara,Hyderabad,Bengaluru,661,2023-11-07 04:00:00,114,32,14179,On Time
503822,Vistara,Mumbai,Chennai,2312,2023-11-07 05:00:00,158,26,4205,On Time
503823,IndiGo,Delhi,Bengaluru,1811,2023-11-07 06:00:00,122,7,14002,On Time
503824,SpiceJet,Kolkata,Kolkata,392,2023-11-07 07:00:00,38,161,8855,On Time
503825,IndiGo,Kolkata,Delhi,1714,2023-11-07 08:00:00,122,87,16614,Delayed
503826,Akasa Air,Chennai,Bengaluru,536,2023-11-07 09:00:00,101,27,4373,On Time
503827,Vistara,Mumbai,Bengaluru,941,2023-11-07 10:00:00,29,-7,11251,Delayed
503828,Air India,Bengaluru,Delhi,1990,2023-11-07 11:00:00,123,156,15787,Delayed
503829,Air India,Delhi,Mumbai,2335,2023-11-07 12:00:00,28,27,11027,On Time
503830,Akasa Air,Bengaluru,Mumbai,1156,2023-11-07 13:00:00,73,191,13382,Cancelled
503831,Vistara,Kolkata,Chennai,1262,2023-11-07 14:00:00,55,194,2788,On Time
503832,IndiGo,Mumbai,Kolkata,727,2023-11-07 15:00:00,86,119,6112,Delayed
503833,SpiceJet,Bengaluru,Delhi,1753,2023-11-07 16:00:00,158,150,14903,Delayed
503834,Vistara,Chennai,Kolkata,1658,2023-11-07 17:00:00,145,170,9398,Cancelled
503835,Vistara,Delhi,Mumbai,652,2023-11-07 18:00:00,13,141,11649,On Time
503836,IndiGo,Bengaluru,Mumbai,1296,2023-11-07 19:00:00,22,103,17798,On Time
503837,Air India,Kolkata,Kolkata,1707,2023-11-07 20:00:00,176,142,7534,On Time
503838,SpiceJet,Delhi,Kolkata,2482,2023-11-07 21:00:00,179,185,4677,On Time
503839,SpiceJet,Hyderabad,Chennai,1252,2023-11-07 22:00:00,160,67,14995,Delayed
503840,Air India,Bengaluru,Delhi,2310,2023-11-07 23:00:00,12,56,11183,On Time
503841,IndiGo,Bengaluru,Bengaluru,1524,2023-11-08 00:00:00,154,180,4622,Delayed
503842,SpiceJet,Delhi,Mumbai,973,2023-11-08 01:00:00,137,17,12027,Cancelled
503843,SpiceJet,Kolkata,Kolkata,1604,2023-11-08 02:00:00,99,173,15157,Delayed
503844,Akasa Air,Mumbai,Bengaluru,2144,2023-11-08 03:00:00,20,149,9254,Delayed
503845,Vistara,Hyderabad,Kolkata,2221,2023-11-08 04:00:00,36,9,2826,On Time
503846,IndiGo,Delhi,Delhi,640,2023-11-08 05:00:00,95,44,6863,On Time
503847,IndiGo,Delhi,Mumbai,2194,2023-11-08 06:00:00,25,46,8706,Delayed
503848,Air India,Hyderabad,Mumbai,1018,2023-11-08 07:00:00,57,195,8263,On Time
503849,SpiceJet,Chennai,Bengaluru,2096,2023-11-08 08:00:00,73,50,2630,On Time
503850,Air India,Kolkata,Delhi,1680,2023-11-08 09:00:00,14,56,8720,On Time
503851,Vistara,Hyderabad,Chennai,1157,2023-11-08 10:00:00,178,111,15931,On Time
503852,Vistara,Delhi,Mumbai,2436,2023-11-08 11:00:00,131,25,5658,On Time
503853,Akasa Air,Kolkata,Mumbai,2256,2023-11-08 12:00:00,98,61,8502,On Time
503854,Air India,Hyderabad,Kolkata,2085,2023-11-08 13:00:00,135,21,8716,Delayed
503855,Vistara,Kolkata,Bengaluru,1440,2023-11-08 14:00:00,97,63,6192,On Time
503856,Akasa Air,Chennai,Chennai,1856,2023-11-08 15:00:00,67,82,16061,On Time
503857,Vistara,Hyderabad,Bengaluru,1428,2023-11-08 16:00:00,91,10,11090,On Time
503858,IndiGo,Kolkata,Kolkata,812,2023-11-08 17:00:00,158,194,11077,On Time
503859,IndiGo,Hyderabad,Hyderabad,1658,2023-11-08 18:00:00,54,1,9641,On Time
503860,Akasa Air,Kolkata,Bengaluru,1307,2023-11-08 19:00:00,170,71,11339,On Time
503861,Air India,Kolkata,Kolkata,1186,2023-11-08 20:00:00,38,121,7158,On Time
503862,IndiGo,Mumbai,Hyderabad,2181,2023-11-08 21:00:00,50,107,7100,Delayed
503863,Air India,Hyderabad,Mumbai,2309,2023-11-08 22:00:00,161,173,6433,On Time
503864,Akasa Air,Chennai,Kolkata,984,2023-11-08 23:00:00,69,12,14632,Delayed
503865,SpiceJet,Mumbai,Chennai,2133,2023-11-09 00:00:00,149,179,7012,On Time
503866,IndiGo,Kolkata,Bengaluru,1883,2023-11-09 01:00:00,54,140,12005,On Time
503867,Akasa Air,Delhi,Hyderabad,1470,2023-11-09 02:00:00,116,178,14579,Delayed
503868,SpiceJet,Hyderabad,Mumbai,330,2023-11-09 03:00:00,98,92,2560,On Time
503869,Air India,Delhi,Delhi,783,2023-11-09 04:00:00,167,33,12797,On Time
503870,IndiGo,Kolkata,Bengaluru,614,2023-11-09 05:00:00,37,124,4641,Delayed
503871,Akasa Air,Chennai,Mumbai,2206,2023-11-09 06:00:00,51,-12,3997,On Time
503872,IndiGo,Chennai,Chennai,1765,2023-11-09 07:00:00,126,124,10358,On Time
503873,Air India,Hyderabad,Hyderabad,2397,2023-11-09 08:00:00,136,38,16240,Delayed
503874,SpiceJet,Mumbai,Delhi,526,2023-11-09 09:00:00,53,73,5806,Delayed
503875,Vistara,Delhi,Hyderabad,2181,2023-11-09 10:00:00,72,19,4071,On Time
503876,Air India,Delhi,Mumbai,2410,2023-11-09 11:00:00,123,47,17914,Delayed
503877,Vistara,Hyderabad,Chennai,1804,2023-11-09 12:00:00,156,135,10370,Delayed
503878,Vistara,Delhi,Delhi,1628,2023-11-09 13:00:00,50,73,16462,On Time
503879,Vistara,Bengaluru,Bengaluru,309,2023-11-09 14:00:00,-5,78,13494,Cancelled
503880,Air India,Kolkata,Kolkata,2389,2023-11-09 15:00:00,-5,105,11076,Delayed
503881,SpiceJet,Mumbai,Mumbai,1559,2023-11-09 16:00:00,107,165,11822,On Time
503882,Air India,Bengaluru,Bengaluru,2178,2023-11-09 17:00:00,178,82,6437,On Time
503883,Vistara,Hyderabad,Mumbai,626,2023-11-09 18:00:00,170,175,5498,On Time
503884,Akasa Air,Bengaluru,Mumbai,894,2023-11-09 19:00:00,-3,16,14612,On Time
503885,Air India,Mumbai,Delhi,387,2023-11-09 20:00:00,108,110,8780,Delayed
503886,SpiceJet,Kolkata,Kolkata,362,2023-11-09 21:00:00,52,186,17070,On Time
503887,IndiGo,Chennai,Hyderabad,787,2023-11-09 22:00:00,128,164,15794,On Time
503888,Air India,Kolkata,Chennai,1707,2023-11-09 23:00:00,62,6,5790,On Time
503889,Akasa Air,Chennai,Kolkata,1032,2023-11-10 00:00:00,44,162,3689,Delayed
503890,Akasa Air,Bengaluru,Chennai,1850,2023-11-10 01:00:00,80,168,6855,On Time
503891,SpiceJet,Mumbai,Mumbai,1820,2023-11-10 02:00:00,70,127,8795,On Time
503892,IndiGo,Hyderabad,Mumbai,2270,2023-11-10 03:00:00,155,45,14412,On Time
503893,Air India,Bengaluru,Hyderabad,304,2023-11-10 04:00:00,41,18,5619,On Time
503894,SpiceJet,Kolkata,Delhi,471,2023-11-10 05:00:00,57,56,6663,On Time
503895,Akasa Air,Mumbai,Chennai,1675,2023-11-10 06:00:00,114,170,7860,On Time
503896,Akasa Air,Hyderabad,Chennai,1948,2023-11-10 07:00:00,160,170,8297,On Time
503897,Vistara,Delhi,Delhi,435,2023-11-10 08:00:00,139,136,10846,On Time
503898,Akasa Air,Delhi,Mumbai,2027,2023-11-10 09:00:00,126,127,5821,Delayed
503899,Air India,Kolkata,Bengaluru,551,2023-11-10 10:00:00,106,100,6143,Delayed
503900,IndiGo,Hyderabad,Mumbai,2273,2023-11-10 11:00:00,-1,100,15357,Delayed
503901,IndiGo,Chennai,Hyderabad,951,2023-11-10 12:00:00,97,0,11038,Delayed
503902,Akasa Air,Delhi,Kolkata,776,2023-11-10 13:00:00,172,58,11781,On Time
503903,Akasa Air,Mumbai,Hyderabad,1077,2023-11-10 14:00:00,132,21,14935,On Time
503904,IndiGo,Chennai,Chennai,1730,2023-11-10 15:00:00,7,17,4181,On Time
503905,IndiGo,Bengaluru,Hyderabad,1722,2023-11-10 16:00:00,55,10,8690,On Time
503906,Vistara,Chennai,Chennai,1084,2023-11-10 17:00:00,-10,69,16815,On Time
503907,Akasa Air,Chennai,Hyderabad,396,2023-11-10 18:00:00,120,81,12958,On Time
503908,IndiGo,Chennai,Delhi,2426,2023-11-10 19:00:00,132,40,13696,On Time
503909,Vistara,Kolkata,Delhi,703,2023-11-10 20:00:00,136,-15,16167,Cancelled
503910,Air India,Chennai,Kolkata,2199,2023-11-10 21:00:00,2,185,3845,Delayed
503911,Vistara,Chennai,Hyderabad,1068,2023-11-10 22:00:00,29,189,8017,On Time
503912,Vistara,Kolkata,Chennai,661,2023-11-10 23:00:00,74,33,11558,On Time
503913,Air India,Hyderabad,Chennai,1545,2023-11-11 00:00:00,34,101,12148,On Time
503914,Akasa Air,Chennai,Hyderabad,1565,2023-11-11 01:00:00,27,12,6172,On Time
503915,IndiGo,Kolkata,Mumbai,338,2023-11-11 02:00:00,175,-14,17465,On Time
503916,Air India,Delhi,Chennai,1584,2023-11-11 03:00:00,84,5,6660,On Time
503917,Akasa Air,Delhi,Bengaluru,1252,2023-11-11 04:00:00,68,108,8509,Delayed
503918,Akasa Air,Bengaluru,Hyderabad,1963,2023-11-11 05:00:00,149,186,5384,Delayed
503919,SpiceJet,Hyderabad,Hyderabad,681,2023-11-11 06:00:00,78,177,3029,Delayed
503920,SpiceJet,Mumbai,Hyderabad,981,2023-11-11 07:00:00,60,199,11924,On Time
503921,Air India,Chennai,Bengaluru,490,2023-11-11 08:00:00,146,22,13185,On Time
503922,Air India,Bengaluru,Mumbai,1339,2023-11-11 09:00:00,143,73,16594,On Time
503923,Akasa Air,Chennai,Mumbai,2094,2023-11-11 10:00:00,28,-12,16915,On Time
503924,Akasa Air,Mumbai,Delhi,762,2023-11-11 11:00:00,134,39,13012,Delayed
503925,Vistara,Delhi,Delhi,979,2023-11-11 12:00:00,38,102,10308,On Time
503926,Vistara,Mumbai,Kolkata,1201,2023-11-11 13:00:00,92,155,11804,On Time
503927,SpiceJet,Chennai,Mumbai,782,2023-11-11 14:00:00,157,107,7390,On Time
503928,SpiceJet,Kolkata,Chennai,2281,2023-11-11 15:00:00,22,177,12680,Delayed
503929,IndiGo,Hyderabad,Kolkata,1694,2023-11-11 16:00:00,77,191,6384,Delayed
503930,Vistara,Delhi,Mumbai,1660,2023-11-11 17:00:00,49,6,13440,On Time
503931,IndiGo,Chennai,Delhi,1728,2023-11-11 18:00:00,177,-15,6488,On Time
503932,Air India,Delhi,Kolkata,1573,2023-11-11 19:00:00,159,150,16905,On Time
503933,Akasa Air,Mumbai,Bengaluru,973,2023-11-11 20:00:00,143,47,7972,On Time
503934,Akasa Air,Kolkata,Kolkata,1064,2023-11-11 21:00:00,18,46,11872,On Time
503935,Akasa Air,Chennai,Hyderabad,2484,2023-11-11 22:00:00,175,108,11519,Delayed
503936,Air India,Bengaluru,Mumbai,2129,2023-11-11 23:00:00,71,32,13549,Delayed
503937,Air India,Delhi,Delhi,1951,2023-11-12 00:00:00,21,96,5789,On Time
503938,Vistara,Delhi,Delhi,470,2023-11-12 01:00:00,6,96,13275,On Time
503939,Akasa Air,Delhi,Hyderabad,542,2023-11-12 02:00:00,40,135,6868,On Time
503940,Vistara,Delhi,Delhi,1567,2023-11-12 03:00:00,102,15,16906,On Time
503941,Vistara,Delhi,Delhi,2359,2023-11-12 04:00:00,79,90,11983,On Time
503942,Air India,Mumbai,Delhi,2170,2023-11-12 05:00:00,152,34,17897,On Time
503943,SpiceJet,Chennai,Mumbai,1169,2023-11-12 06:00:00,172,60,3480,On Time
503944,Air India,Chennai,Hyderabad,1838,2023-11-12 07:00:00,22,96,10919,On Time
503945,Akasa Air,Hyderabad,Kolkata,2066,2023-11-12 08:00:00,86,196,4682,On Time
503946,SpiceJet,Delhi,Delhi,1698,2023-11-12 09:00:00,34,102,5539,Delayed
503947,Akasa Air,Chennai,Delhi,917,2023-11-12 10:00:00,167,90,14075,On Time
503948,SpiceJet,Chennai,Bengaluru,984,2023-11-12 11:00:00,90,103,6598,Delayed
503949,Vistara,Hyderabad,Delhi,1724,2023-11-12 12:00:00,34,44,8524,On Time
503950,Akasa Air,Chennai,Mumbai,933,2023-11-12 13:00:00,3,190,5129,On Time
503951,Vistara,Delhi,Mumbai,812,2023-11-12 14:00:00,55,96,14158,Cancelled
503952,SpiceJet,Mumbai,Chennai,1971,2023-11-12 15:00:00,103,156,10120,On Time
503953,Akasa Air,Mumbai,Bengaluru,903,2023-11-12 16:00:00,82,166,9858,On Time
503954,Akasa Air,Hyderabad,Hyderabad,539,2023-11-12 17:00:00,172,-10,15596,Delayed
503955,Vistara,Mumbai,Chennai,791,2023-11-12 18:00:00,-3,37,17940,Delayed
503956,Vistara,Kolkata,Delhi,1230,2023-11-12 19:00:00,32,55,5962,Delayed
503957,Air India,Mumbai,Hyderabad,2028,2023-11-12 20:00:00,60,102,13213,On Time
503958,Air India,Bengaluru,Hyderabad,347,2023-11-12 21:00:00,27,58,13198,On Time
503959,IndiGo,Kolkata,Delhi,2024,2023-11-12 22:00:00,134,98,11055,On Time
503960,SpiceJet,Mumbai,Delhi,2249,2023-11-12 23:00:00,90,170,10099,On Time
503961,Akasa Air,Kolkata,Delhi,1239,2023-11-13 00:00:00,35,17,6947,Delayed
503962,Vistara,Bengaluru,Hyderabad,2223,2023-11-13 01:00:00,73,-3,8135,Delayed
503963,Akasa Air,Chennai,Hyderabad,2061,2023-11-13 02:00:00,96,2,11142,On Time
503964,Akasa Air,Kolkata,Chennai,2394,2023-11-13 03:00:00,165,171,9926,On Time
503965,Air India,Hyderabad,Kolkata,2082,2023-11-13 04:00:00,100,169,6880,On Time
503966,Akasa Air,Chennai,Chennai,1253,2023-11-13 05:00:00,11,27,5895,On Time
503967,Air India,Bengaluru,Chennai,2184,2023-11-13 06:00:00,128,71,14557,Delayed
503968,SpiceJet,Hyderabad,Bengaluru,1404,2023-11-13 07:00:00,171,99,10029,On Time
503969,Akasa Air,Hyderabad,Mumbai,561,2023-11-13 08:00:00,179,115,5287,On Time
503970,Akasa Air,Mumbai,Kolkata,1547,2023-11-13 09:00:00,47,44,15475,On Time
503971,Air India,Bengaluru,Bengaluru,2380,2023-11-13 10:00:00,22,0,9481,Cancelled
503972,SpiceJet,Bengaluru,Chennai,954,2023-11-13 11:00:00,37,-9,4288,On Time
503973,Air India,Delhi,Bengaluru,604,2023-11-13 12:00:00,1,145,13723,On Time
503974,SpiceJet,Kolkata,Kolkata,707,2023-11-13 13:00:00,22,90,9984,Delayed
503975,Vistara,Mumbai,Chennai,2262,2023-11-13 14:00:00,167,114,8118,On Time
503976,SpiceJet,Delhi,Mumbai,1715,2023-11-13 15:00:00,91,117,9466,On Time
503977,IndiGo,Mumbai,Hyderabad,1584,2023-11-13 16:00:00,88,171,12912,On Time
503978,SpiceJet,Bengaluru,Kolkata,2311,2023-11-13 17:00:00,121,151,4053,On Time
503979,Akasa Air,Mumbai,Kolkata,317,2023-11-13 18:00:00,127,108,7154,On Time
503980,IndiGo,Hyderabad,Bengaluru,1426,2023-11-13 19:00:00,-5,1,8519,Delayed
503981,SpiceJet,Chennai,Hyderabad,576,2023-11-13 20:00:00,159,161,14477,Delayed
503982,IndiGo,Hyderabad,Bengaluru,2044,2023-11-13 21:00:00,71,50,8472,On Time
503983,Air India,Delhi,Bengaluru,1027,2023-11-13 22:00:00,108,-5,15350,On Time
503984,Vistara,Bengaluru,Mumbai,460,2023-11-13 23:00:00,17,147,11698,On Time
503985,Vistara,Kolkata,Delhi,2450,2023-11-14 00:00:00,33,128,10235,On Time
503986,IndiGo,Bengaluru,Bengaluru,1212,2023-11-14 01:00:00,132,115,14442,Cancelled
503987,Vistara,Delhi,Bengaluru,1456,2023-11-14 02:00:00,52,95,7274,On Time
503988,Air India,Bengaluru,Mumbai,785,2023-11-14 03:00:00,53,89,9044,Delayed
503989,Vistara,Bengaluru,Delhi,820,2023-11-14 04:00:00,70,188,13281,Delayed
503990,Akasa Air,Delhi,Kolkata,2154,2023-11-14 05:00:00,46,188,17725,Delayed
503991,IndiGo,Chennai,Delhi,1968,2023-11-14 06:00:00,66,32,9840,On Time
503992,Vistara,Hyderabad,Bengaluru,2284,2023-11-14 07:00:00,121,82,14047,On Time
503993,Vistara,Bengaluru,Hyderabad,2078,2023-11-14 08:00:00,32,8,5792,Cancelled
503994,IndiGo,Mumbai,Mumbai,766,2023-11-14 09:00:00,25,71,12622,Delayed
503995,IndiGo,Hyderabad,Hyderabad,1294,2023-11-14 10:00:00,95,-11,3548,On Time
503996,Vistara,Bengaluru,Hyderabad,405,2023-11-14 11:00:00,72,141,16727,On Time
503997,Air India,Mumbai,Chennai,413,2023-11-14 12:00:00,30,189,15177,On Time
503998,Vistara,Kolkata,Mumbai,2168,2023-11-14 13:00:00,144,45,12625,On Time
503999,SpiceJet,Mumbai,Mumbai,2225,2023-11-14 14:00:00,178,20,15571,On Time
504000,Air India,Hyderabad,Hyderabad,1799,2023-11-14 15:00:00,44,93,5533,Delayed
504001,Akasa Air,Bengaluru,Chennai,1863,2023-11-14 16:00:00,93,9,10925,On Time
504002,IndiGo,Hyderabad,Hyderabad,836,2023-11-14 17:00:00,97,92,7968,On Time
504003,IndiGo,Chennai,Mumbai,368,2023-11-14 18:00:00,17,147,16822,Delayed
504004,Akasa Air,Delhi,Mumbai,1325,2023-11-14 19:00:00,50,191,15389,On Time
504005,Air India,Bengaluru,Kolkata,1425,2023-11-14 20:00:00,97,-7,5132,On Time
504006,Akasa Air,Kolkata,Hyderabad,435,2023-11-14 21:00:00,44,-8,4664,On Time
504007,IndiGo,Mumbai,Hyderabad,1753,2023-11-14 22:00:00,146,35,17332,On Time
504008,Air India,Mumbai,Bengaluru,567,2023-11-14 23:00:00,11,162,5915,On Time
504009,Akasa Air,Hyderabad,Mumbai,900,2023-11-15 00:00:00,43,95,10936,On Time
504010,Air India,Hyderabad,Mumbai,933,2023-11-15 01:00:00,160,152,12154,Delayed
504011,IndiGo,Delhi,Mumbai,374,2023-11-15 02:00:00,133,173,11196,On Time
504012,Air India,Kolkata,Kolkata,346,2023-11-15 03:00:00,161,187,13050,Delayed
504013,Akasa Air,Kolkata,Delhi,885,2023-11-15 04:00:00,40,97,7817,On Time
504014,IndiGo,Bengaluru,Mumbai,1718,2023-11-15 05:00:00,104,136,4253,Cancelled
504015,SpiceJet,Mumbai,Delhi,518,2023-11-15 06:00:00,7,71,9825,Delayed
504016,Air India,Kolkata,Bengaluru,1691,2023-11-15 07:00:00,89,130,8251,Delayed
504017,Vistara,Kolkata,Mumbai,2005,2023-11-15 08:00:00,13,112,17359,Cancelled
504018,Akasa Air,Delhi,Hyderabad,1492,2023-11-15 09:00:00,177,20,11298,Delayed
504019,Akasa Air,Mumbai,Chennai,2103,2023-11-15 10:00:00,134,153,17155,On Time
504020,SpiceJet,Delhi,Chennai,706,2023-11-15 11:00:00,-8,-1,13055,On Time
504021,IndiGo,Chennai,Mumbai,2070,2023-11-15 12:00:00,58,184,13543,On Time
504022,SpiceJet,Chennai,Hyderabad,1779,2023-11-15 13:00:00,65,179,6204,Delayed
504023,IndiGo,Bengaluru,Delhi,518,2023-11-15 14:00:00,139,70,6266,Delayed
504024,IndiGo,Delhi,Bengaluru,517,2023-11-15 15:00:00,120,153,3203,Delayed
504025,Air India,Kolkata,Kolkata,1589,2023-11-15 16:00:00,154,52,4820,Delayed
504026,IndiGo,Chennai,Delhi,2214,2023-11-15 17:00:00,98,187,13823,On Time
504027,SpiceJet,Kolkata,Hyderabad,1206,2023-11-15 18:00:00,154,99,16262,On Time
504028,SpiceJet,Chennai,Chennai,502,2023-11-15 19:00:00,128,44,15473,Cancelled
504029,IndiGo,Hyderabad,Kolkata,1578,2023-11-15 20:00:00,9,50,7683,On Time
504030,Air India,Hyderabad,Mumbai,2056,2023-11-15 21:00:00,136,80,15634,On Time
504031,IndiGo,Bengaluru,Mumbai,947,2023-11-15 22:00:00,92,184,9856,On Time
504032,Vistara,Bengaluru,Bengaluru,1228,2023-11-15 23:00:00,112,158,9423,Delayed
504033,IndiGo,Kolkata,Chennai,1436,2023-11-16 00:00:00,25,165,11457,On Time
504034,Vistara,Delhi,Hyderabad,1711,2023-11-16 01:00:00,129,56,6688,On Time
504035,SpiceJet,Chennai,Mumbai,2467,2023-11-16 02:00:00,101,0,16526,On Time
504036,IndiGo,Bengaluru,Chennai,1555,2023-11-16 03:00:00,150,48,6684,On Time
504037,Air India,Delhi,Kolkata,716,2023-11-16 04:00:00,57,135,16727,On Time
504038,Air India,Chennai,Hyderabad,2256,2023-11-16 05:00:00,88,26,14472,Delayed
504039,Vistara,Mumbai,Mumbai,882,2023-11-16 06:00:00,161,-11,17707,On Time
504040,Vistara,Bengaluru,Bengaluru,2272,2023-11-16 07:00:00,79,77,6692,Cancelled
504041,IndiGo,Delhi,Kolkata,1034,2023-11-16 08:00:00,161,130,9721,Delayed
504042,Akasa Air,Chennai,Mumbai,1944,2023-11-16 09:00:00,137,-10,3605,Delayed
504043,Akasa Air,Hyderabad,Delhi,393,2023-11-16 10:00:00,68,89,6996,Delayed
504044,IndiGo,Mumbai,Kolkata,2337,2023-11-16 11:00:00,54,43,13331,On Time
504045,IndiGo,Bengaluru,Hyderabad,348,2023-11-16 12:00:00,-7,62,5773,On Time
504046,Air India,Hyderabad,Mumbai,731,2023-11-16 13:00:00,135,79,13619,Delayed
504047,SpiceJet,Bengaluru,Delhi,750,2023-11-16 14:00:00,109,69,10147,On Time
504048,Akasa Air,Chennai,Hyderabad,1400,2023-11-16 15:00:00,157,115,6014,Cancelled
504049,Air India,Kolkata,Delhi,1790,2023-11-16 16:00:00,-10,111,15107,Delayed
504050,Vistara,Chennai,Chennai,1948,2023-11-16 17:00:00,84,-3,5670,On Time
504051,SpiceJet,Delhi,Chennai,1762,2023-11-16 18:00:00,104,181,3309,On Time
504052,IndiGo,Hyderabad,Chennai,2255,2023-11-16 19:00:00,95,117,7423,On Time
504053,Akasa Air,Hyderabad,Delhi,2027,2023-11-16 20:00:00,63,3,6048,On Time
504054,Akasa Air,Mumbai,Delhi,2369,2023-11-16 21:00:00,63,107,15260,On Time
504055,Air India,Kolkata,Delhi,1085,2023-11-16 22:00:00,142,185,8529,On Time
504056,Air India,Delhi,Kolkata,1720,2023-11-16 23:00:00,100,113,7182,Delayed
504057,Akasa Air,Bengaluru,Bengaluru,2334,2023-11-17 00:00:00,-6,45,11758,Delayed
504058,SpiceJet,Kolkata,Kolkata,1189,2023-11-17 01:00:00,108,100,8362,On Time
504059,Vistara,Delhi,Kolkata,1487,2023-11-17 02:00:00,34,-4,5052,Delayed
504060,Vistara,Delhi,Mumbai,2191,2023-11-17 03:00:00,141,63,7650,On Time
504061,Akasa Air,Delhi,Delhi,1263,2023-11-17 04:00:00,25,-9,6366,Delayed
504062,Air India,Hyderabad,Hyderabad,1643,2023-11-17 05:00:00,88,58,16083,On Time
504063,Akasa Air,Kolkata,Delhi,862,2023-11-17 06:00:00,50,158,11301,On Time
504064,Akasa Air,Delhi,Hyderabad,560,2023-11-17 07:00:00,75,9,17270,Cancelled
504065,Akasa Air,Kolkata,Chennai,1843,2023-11-17 08:00:00,33,134,5350,On Time
504066,Air India,Kolkata,Hyderabad,2485,2023-11-17 09:00:00,128,166,3241,On Time
504067,Air India,Chennai,Delhi,840,2023-11-17 10:00:00,87,105,14540,On Time
504068,Vistara,Delhi,Bengaluru,948,2023-11-17 11:00:00,115,36,13892,On Time
504069,Akasa Air,Hyderabad,Mumbai,1793,2023-11-17 12:00:00,141,46,15019,On Time
504070,SpiceJet,Hyderabad,Delhi,2109,2023-11-17 13:00:00,-5,129,9068,Delayed
504071,IndiGo,Mumbai,Mumbai,525,2023-11-17 14:00:00,174,164,2989,On Time
504072,IndiGo,Hyderabad,Chennai,1355,2023-11-17 15:00:00,4,183,9974,On Time
504073,Vistara,Chennai,Delhi,1540,2023-11-17 16:00:00,177,199,10166,On Time
504074,Akasa Air,Kolkata,Chennai,766,2023-11-17 17:00:00,46,-12,8201,On Time
504075,SpiceJet,Delhi,Kolkata,1662,2023-11-17 18:00:00,3,21,10297,On Time
504076,IndiGo,Chennai,Delhi,1741,2023-11-17 19:00:00,37,130,6912,On Time
504077,Air India,Bengaluru,Bengaluru,2038,2023-11-17 20:00:00,59,190,8447,On Time
504078,IndiGo,Chennai,Bengaluru,2431,2023-11-17 21:00:00,26,7,3317,On Time
504079,Vistara,Bengaluru,Chennai,1502,2023-11-17 22:00:00,81,35,8285,Delayed
504080,Akasa Air,Mumbai,Mumbai,962,2023-11-17 23:00:00,145,198,12904,On Time
504081,Air India,Chennai,Mumbai,732,2023-11-18 00:00:00,176,66,16971,On Time
504082,Vistara,Kolkata,Hyderabad,988,2023-11-18 01:00:00,66,189,17956,Delayed
504083,Vistara,Chennai,Chennai,1809,2023-11-18 02:00:00,77,-4,3462,On Time
504084,SpiceJet,Chennai,Kolkata,953,2023-11-18 03:00:00,175,119,17316,On Time
504085,Vistara,Delhi,Chennai,2451,2023-11-18 04:00:00,84,68,6859,On Time
504086,Vistara,Bengaluru,Delhi,444,2023-11-18 05:00:00,171,49,17721,On Time
504087,IndiGo,Bengaluru,Hyderabad,1350,2023-11-18 06:00:00,175,157,8168,On Time
504088,Vistara,Delhi,Delhi,2339,2023-11-18 07:00:00,-4,71,7335,On Time
504089,SpiceJet,Chennai,Bengaluru,540,2023-11-18 08:00:00,20,8,13319,Delayed
504090,Akasa Air,Delhi,Bengaluru,1522,2023-11-18 09:00:00,4,168,9969,On Time
504091,IndiGo,Kolkata,Hyderabad,1917,2023-11-18 10:00:00,41,107,10751,On Time
504092,Akasa Air,Chennai,Bengaluru,914,2023-11-18 11:00:00,20,164,15595,On Time
504093,Air India,Bengaluru,Delhi,1787,2023-11-18 12:00:00,89,146,12800,On Time
504094,IndiGo,Hyderabad,Mumbai,2136,2023-11-18 13:00:00,76,135,15475,Delayed
504095,Air India,Bengaluru,Hyderabad,623,2023-11-18 14:00:00,58,183,3812,Cancelled
504096,Akasa Air,Delhi,Mumbai,1148,2023-11-18 15:00:00,2,13,5358,On Time
504097,Akasa Air,Mumbai,Mumbai,2391,2023-11-18 16:00:00,24,66,2845,On Time
504098,SpiceJet,Chennai,Hyderabad,2136,2023-11-18 17:00:00,159,113,17102,Delayed
504099,IndiGo,Chennai,Kolkata,1424,2023-11-18 18:00:00,-4,189,4355,Delayed
504100,Vistara,Bengaluru,Delhi,1878,2023-11-18 19:00:00,4,56,15763,On Time
504101,Air India,Hyderabad,Delhi,1939,2023-11-18 20:00:00,147,36,6627,On Time
504102,Akasa Air,Mumbai,Hyderabad,320,2023-11-18 21:00:00,171,83,4982,On Time
504103,Air India,Mumbai,Bengaluru,1030,2023-11-18 22:00:00,164,74,12293,On Time
504104,SpiceJet,Bengaluru,Kolkata,372,2023-11-18 23:00:00,65,57,10884,On Time
504105,Akasa Air,Bengaluru,Mumbai,1129,2023-11-19 00:00:00,51,8,13048,Delayed
504106,SpiceJet,Chennai,Mumbai,1459,2023-11-19 01:00:00,3,47,4404,Delayed
504107,Air India,Kolkata,Kolkata,768,2023-11-19 02:00:00,82,55,6448,On Time
504108,SpiceJet,Kolkata,Hyderabad,1428,2023-11-19 03:00:00,47,-14,8463,On Time
504109,Air India,Mumbai,Delhi,590,2023-11-19 04:00:00,26,4,8324,Delayed
504110,SpiceJet,Bengaluru,Mumbai,741,2023-11-19 05:00:00,146,108,17692,On Time
504111,Akasa Air,Delhi,Mumbai,1765,2023-11-19 06:00:00,94,31,8628,On Time
504112,Vistara,Kolkata,Chennai,623,2023-11-19 07:00:00,108,25,6662,Delayed
504113,Akasa Air,Chennai,Bengaluru,544,2023-11-19 08:00:00,148,65,13709,On Time
504114,IndiGo,Mumbai,Kolkata,458,2023-11-19 09:00:00,39,138,11450,Delayed
504115,Vistara,Mumbai,Delhi,1671,2023-11-19 10:00:00,98,143,13314,On Time
504116,Air India,Chennai,Kolkata,1787,2023-11-19 11:00:00,15,172,14211,On Time
504117,SpiceJet,Kolkata,Bengaluru,373,2023-11-19 12:00:00,7,147,6772,Delayed
504118,Air India,Mumbai,Delhi,2132,2023-11-19 13:00:00,24,18,11312,On Time
504119,IndiGo,Delhi,Chennai,2364,2023-11-19 14:00:00,136,198,4241,Delayed
504120,SpiceJet,Delhi,Delhi,1869,2023-11-19 15:00:00,76,120,2609,On Time
504121,Vistara,Delhi,Kolkata,1287,2023-11-19 16:00:00,128,92,7876,On Time
504122,SpiceJet,Kolkata,Hyderabad,2492,2023-11-19 17:00:00,90,73,5425,On Time
504123,IndiGo,Mumbai,Mumbai,1151,2023-11-19 18:00:00,117,70,4044,Delayed
504124,IndiGo,Kolkata,Delhi,1396,2023-11-19 19:00:00,141,186,5562,On Time
504125,IndiGo,Delhi,Mumbai,740,2023-11-19 20:00:00,101,87,4637,On Time
504126,Air India,Mumbai,Mumbai,1078,2023-11-19 21:00:00,47,175,6575,On Time
504127,Akasa Air,Bengaluru,Kolkata,1243,2023-11-19 22:00:00,134,104,3699,Delayed
504128,Vistara,Bengaluru,Bengaluru,2087,2023-11-19 23:00:00,128,162,10007,On Time
504129,Akasa Air,Kolkata,Hyderabad,1250,2023-11-20 00:00:00,94,177,8679,On Time
504130,Akasa Air,Delhi,Delhi,395,2023-11-20 01:00:00,113,193,7187,Delayed
504131,Akasa Air,Hyderabad,Bengaluru,947,2023-11-20 02:00:00,102,146,14067,Delayed
504132,Vistara,Chennai,Chennai,2294,2023-11-20 03:00:00,114,34,9191,Delayed
504133,Vistara,Mumbai,Kolkata,608,2023-11-20 04:00:00,126,116,16362,On Time
504134,Air India,Mumbai,Mumbai,1496,2023-11-20 05:00:00,169,187,3930,Cancelled
504135,Air India,Bengaluru,Mumbai,583,2023-11-20 06:00:00,169,63,5826,On Time
504136,Vistara,Delhi,Mumbai,897,2023-11-20 07:00:00,-4,120,7175,On Time
504137,Vistara,Mumbai,Bengaluru,2168,2023-11-20 08:00:00,95,55,6773,On Time
504138,Akasa Air,Chennai,Bengaluru,2102,2023-11-20 09:00:00,90,196,10711,On Time
504139,IndiGo,Chennai,Hyderabad,2441,2023-11-20 10:00:00,104,18,13024,On Time
504140,Akasa Air,Kolkata,Chennai,2351,2023-11-20 11:00:00,123,197,16539,Delayed
504141,Air India,Kolkata,Chennai,1176,2023-11-20 12:00:00,163,24,9876,Cancelled
504142,IndiGo,Chennai,Delhi,1500,2023-11-20 13:00:00,106,42,16900,Delayed
504143,Akasa Air,Hyderabad,Kolkata,1221,2023-11-20 14:00:00,93,179,7215,Delayed
504144,Vistara,Delhi,Mumbai,322,2023-11-20 15:00:00,126,182,6396,Delayed
504145,Air India,Chennai,Chennai,2308,2023-11-20 16:00:00,98,26,6802,On Time
504146,Akasa Air,Bengaluru,Hyderabad,1060,2023-11-20 17:00:00,47,90,2574,On Time
504147,IndiGo,Chennai,Hyderabad,2408,2023-11-20 18:00:00,50,89,11451,On Time
504148,SpiceJet,Hyderabad,Bengaluru,768,2023-11-20 19:00:00,128,143,13745,On Time
504149,SpiceJet,Hyderabad,Hyderabad,960,2023-11-20 20:00:00,140,66,5217,Delayed
504150,Air India,Hyderabad,Delhi,485,2023-11-20 21:00:00,78,74,3120,On Time
504151,IndiGo,Kolkata,Hyderabad,1008,2023-11-20 22:00:00,157,163,12868,On Time
504152,Vistara,Delhi,Hyderabad,2167,2023-11-20 23:00:00,51,110,15221,On Time
504153,Akasa Air,Chennai,Bengaluru,327,2023-11-21 00:00:00,32,176,5810,On Time
504154,IndiGo,Delhi,Mumbai,882,2023-11-21 01:00:00,129,103,17819,On Time
504155,Air India,Delhi,Chennai,1586,2023-11-21 02:00:00,111,67,14868,On Time
504156,Vistara,Mumbai,Chennai,1383,2023-11-21 03:00:00,161,98,8162,Delayed
504157,SpiceJet,Hyderabad,Kolkata,590,2023-11-21 04:00:00,26,76,7479,Delayed
504158,Vistara,Kolkata,Mumbai,2441,2023-11-21 05:00:00,50,21,14061,Delayed
504159,Vistara,Bengaluru,Bengaluru,687,2023-11-21 06:00:00,158,72,14963,On Time
504160,IndiGo,Mumbai,Delhi,2214,2023-11-21 07:00:00,93,178,7290,Delayed
504161,IndiGo,Mumbai,Hyderabad,2242,2023-11-21 08:00:00,83,64,13365,On Time
504162,SpiceJet,Chennai,Chennai,563,2023-11-21 09:00:00,9,59,14761,On Time
504163,Akasa Air,Bengaluru,Hyderabad,821,2023-11-21 10:00:00,-6,194,13440,On Time
504164,Vistara,Hyderabad,Kolkata,2325,2023-11-21 11:00:00,143,129,16610,Delayed
504165,SpiceJet,Chennai,Kolkata,1427,2023-11-21 12:00:00,41,90,17512,On Time
504166,IndiGo,Mumbai,Hyderabad,2313,2023-11-21 13:00:00,43,102,8454,Delayed
504167,Akasa Air,Mumbai,Mumbai,2071,2023-11-21 14:00:00,15,163,4749,Delayed
504168,Vistara,Delhi,Kolkata,1676,2023-11-21 15:00:00,92,176,16245,On Time
504169,Akasa Air,Kolkata,Hyderabad,734,2023-11-21 16:00:00,163,49,3223,Delayed
504170,Air India,Hyderabad,Bengaluru,405,2023-11-21 17:00:00,147,6,8743,On Time
504171,Air India,Delhi,Mumbai,1428,2023-11-21 18:00:00,105,140,10116,Cancelled
504172,Vistara,Kolkata,Chennai,2160,2023-11-21 19:00:00,141,186,5067,On Time
504173,Air India,Mumbai,Kolkata,1918,2023-11-21 20:00:00,104,42,11487,On Time
504174,IndiGo,Bengaluru,Delhi,2207,2023-11-21 21:00:00,166,147,16733,On Time
504175,SpiceJet,Kolkata,Bengaluru,510,2023-11-21 22:00:00,108,170,7599,On Time
504176,Vistara,Hyderabad,Chennai,539,2023-11-21 23:00:00,-7,45,14778,On Time
504177,IndiGo,Bengaluru,Hyderabad,1401,2023-11-22 00:00:00,76,17,6153,Delayed
504178,IndiGo,Hyderabad,Bengaluru,1797,2023-11-22 01:00:00,25,36,12660,On Time
504179,Air India,Mumbai,Hyderabad,940,2023-11-22 02:00:00,147,49,17206,On Time
504180,Air India,Bengaluru,Kolkata,2283,2023-11-22 03:00:00,28,7,13075,On Time
504181,Air India,Hyderabad,Hyderabad,1516,2023-11-22 04:00:00,65,74,7986,On Time
504182,SpiceJet,Hyderabad,Mumbai,1338,2023-11-22 05:00:00,161,55,6480,On Time
504183,Vistara,Kolkata,Mumbai,2496,2023-11-22 06:00:00,130,169,4136,On Time
504184,Vistara,Chennai,Bengaluru,1367,2023-11-22 07:00:00,40,3,12273,On Time
504185,SpiceJet,Mumbai,Kolkata,2103,2023-11-22 08:00:00,118,129,8866,On Time
504186,Air India,Bengaluru,Mumbai,805,2023-11-22 09:00:00,147,83,17037,On Time
504187,IndiGo,Mumbai,Kolkata,1487,2023-11-22 10:00:00,156,188,15912,On Time
504188,Akasa Air,Delhi,Kolkata,1871,2023-11-22 11:00:00,141,63,8703,On Time
504189,SpiceJet,Hyderabad,Chennai,1530,2023-11-22 12:00:00,170,181,6262,On Time
504190,Air India,Kolkata,Chennai,520,2023-11-22 13:00:00,11,153,3520,On Time
504191,SpiceJet,Bengaluru,Hyderabad,2066,2023-11-22 14:00:00,109,80,9082,On Time
504192,Air India,Bengaluru,Mumbai,2115,2023-11-22 15:00:00,51,43,7425,Delayed
504193,SpiceJet,Kolkata,Kolkata,1105,2023-11-22 16:00:00,172,199,15678,Delayed
504194,SpiceJet,Bengaluru,Kolkata,2254,2023-11-22 17:00:00,72,-2,6997,Delayed
504195,Air India,Hyderabad,Mumbai,1070,2023-11-22 18:00:00,124,177,17894,On Time
504196,Vistara,Chennai,Chennai,842,2023-11-22 19:00:00,152,61,8585,Delayed
504197,Vistara,Delhi,Chennai,1483,2023-11-22 20:00:00,102,27,17754,Delayed
504198,Akasa Air,Bengaluru,Hyderabad,1209,2023-11-22 21:00:00,164,168,5054,Delayed
504199,Vistara,Kolkata,Chennai,1686,2023-11-22 22:00:00,47,133,2621,On Time
504200,SpiceJet,Chennai,Hyderabad,643,2023-11-22 23:00:00,169,113,6561,On Time
504201,IndiGo,Hyderabad,Hyderabad,1368,2023-11-23 00:00:00,17,52,10015,Delayed
504202,Vistara,Kolkata,Kolkata,370,2023-11-23 01:00:00,167,19,6147,On Time
504203,IndiGo,Bengaluru,Mumbai,897,2023-11-23 02:00:00,128,29,14631,On Time
504204,Akasa Air,Bengaluru,Mumbai,507,2023-11-23 03:00:00,91,13,7325,On Time
504205,Vistara,Hyderabad,Delhi,1244,2023-11-23 04:00:00,73,83,12293,On Time
504206,IndiGo,Hyderabad,Delhi,2476,2023-11-23 05:00:00,19,195,9687,On Time
504207,SpiceJet,Bengaluru,Kolkata,1375,2023-11-23 06:00:00,78,169,9175,On Time
504208,Akasa Air,Mumbai,Chennai,1739,2023-11-23 07:00:00,72,86,3852,Cancelled
504209,Vistara,Chennai,Delhi,1111,2023-11-23 08:00:00,138,82,17321,Delayed
504210,IndiGo,Delhi,Chennai,2235,2023-11-23 09:00:00,103,87,7261,On Time
504211,Vistara,Bengaluru,Kolkata,1057,2023-11-23 10:00:00,87,-7,5042,On Time
504212,Vistara,Chennai,Mumbai,569,2023-11-23 11:00:00,38,25,7005,On Time
504213,IndiGo,Chennai,Hyderabad,2430,2023-11-23 12:00:00,156,2,3077,On Time
504214,Air India,Kolkata,Kolkata,713,2023-11-23 13:00:00,38,196,8137,Delayed
504215,Akasa Air,Hyderabad,Chennai,1658,2023-11-23 14:00:00,-3,142,6308,On Time
504216,Air India,Hyderabad,Kolkata,2333,2023-11-23 15:00:00,106,44,11185,Delayed
504217,SpiceJet,Hyderabad,Bengaluru,427,2023-11-23 16:00:00,28,98,5573,Delayed
504218,Vistara,Hyderabad,Delhi,2273,2023-11-23 17:00:00,36,99,7613,Delayed
504219,Vistara,Hyderabad,Mumbai,2362,2023-11-23 18:00:00,170,50,6766,On Time
504220,Air India,Hyderabad,Mumbai,2001,2023-11-23 19:00:00,78,133,8236,Delayed
504221,IndiGo,Delhi,Bengaluru,386,2023-11-23 20:00:00,153,73,7298,On Time
504222,Akasa Air,Mumbai,Delhi,2217,2023-11-23 21:00:00,50,15,14641,Delayed
504223,SpiceJet,Chennai,Hyderabad,1752,2023-11-23 22:00:00,120,97,15603,On Time
504224,SpiceJet,Bengaluru,Chennai,2466,2023-11-23 23:00:00,63,-13,6100,On Time
504225,SpiceJet,Bengaluru,Chennai,2334,2023-11-24 00:00:00,129,-4,17446,Delayed
504226,Akasa Air,Hyderabad,Kolkata,1137,2023-11-24 01:00:00,95,-4,5804,Delayed
504227,SpiceJet,Chennai,Hyderabad,873,2023-11-24 02:00:00,122,146,13171,Delayed
504228,Air India,Delhi,Mumbai,1497,2023-11-24 03:00:00,53,191,13740,Delayed
504229,Air India,Kolkata,Hyderabad,620,2023-11-24 04:00:00,11,143,10490,On Time
504230,Akasa Air,Bengaluru,Delhi,2367,2023-11-24 05:00:00,49,136,10450,On Time
504231,SpiceJet,Kolkata,Mumbai,583,2023-11-24 06:00:00,-3,21,14622,On Time
504232,Air India,Chennai,Bengaluru,769,2023-11-24 07:00:00,171,75,5668,Delayed
504233,Vistara,Delhi,Hyderabad,1887,2023-11-24 08:00:00,165,73,14577,On Time
504234,Vistara,Mumbai,Mumbai,2346,2023-11-24 09:00:00,2,94,15408,On Time
504235,IndiGo,Bengaluru,Chennai,1975,2023-11-24 10:00:00,26,110,6970,On Time
504236,Akasa Air,Mumbai,Chennai,1337,2023-11-24 11:00:00,82,196,17982,Delayed
504237,Akasa Air,Hyderabad,Delhi,1579,2023-11-24 12:00:00,6,53,3337,On Time
504238,SpiceJet,Delhi,Kolkata,1436,2023-11-24 13:00:00,101,151,13164,On Time
504239,Akasa Air,Hyderabad,Bengaluru,1603,2023-11-24 14:00:00,136,66,13226,Delayed
504240,Air India,Bengaluru,Hyderabad,1167,2023-11-24 15:00:00,50,171,7243,On Time
504241,Air India,Mumbai,Bengaluru,1160,2023-11-24 16:00:00,108,8,11163,On Time
504242,Air India,Delhi,Mumbai,1404,2023-11-24 17:00:00,35,84,12735,On Time
504243,IndiGo,Delhi,Delhi,2166,2023-11-24 18:00:00,131,10,9864,Delayed
504244,Air India,Mumbai,Chennai,1859,2023-11-24 19:00:00,161,80,16289,On Time
504245,Vistara,Bengaluru,Bengaluru,689,2023-11-24 20:00:00,44,95,17879,Delayed
504246,IndiGo,Kolkata,Kolkata,1229,2023-11-24 21:00:00,157,73,6577,On Time
504247,Vistara,Kolkata,Mumbai,309,2023-11-24 22:00:00,159,125,14093,On Time
504248,IndiGo,Mumbai,Mumbai,1679,2023-11-24 23:00:00,49,129,8776,On Time
504249,IndiGo,Bengaluru,Bengaluru,795,2023-11-25 00:00:00,32,184,3181,Delayed
504250,Vistara,Hyderabad,Delhi,1753,2023-11-25 01:00:00,134,148,9642,Delayed
504251,SpiceJet,Mumbai,Kolkata,2323,2023-11-25 02:00:00,-7,-13,12358,Delayed
504252,Air India,Delhi,Kolkata,1422,2023-11-25 03:00:00,123,132,8370,On Time
504253,Air India,Chennai,Kolkata,1509,2023-11-25 04:00:00,5,160,15606,Delayed
504254,Vistara,Kolkata,Delhi,830,2023-11-25 05:00:00,12,-12,7666,On Time
504255,Vistara,Kolkata,Delhi,965,2023-11-25 06:00:00,112,99,12829,On Time
504256,IndiGo,Chennai,Delhi,1319,2023-11-25 07:00:00,168,139,13519,On Time
504257,Air India,Mumbai,Bengaluru,867,2023-11-25 08:00:00,114,189,2657,On Time
504258,SpiceJet,Hyderabad,Mumbai,1513,2023-11-25 09:00:00,121,96,9592,Delayed
504259,SpiceJet,Mumbai,Mumbai,2211,2023-11-25 10:00:00,68,44,6764,On Time
504260,SpiceJet,Kolkata,Delhi,1072,2023-11-25 11:00:00,1,33,6693,On Time
504261,SpiceJet,Hyderabad,Kolkata,2288,2023-11-25 12:00:00,145,88,7719,On Time
504262,Akasa Air,Mumbai,Chennai,2185,2023-11-25 13:00:00,98,54,2807,On Time
504263,Air India,Bengaluru,Bengaluru,1829,2023-11-25 14:00:00,163,29,13161,Delayed
504264,Vistara,Kolkata,Mumbai,1925,2023-11-25 15:00:00,15,92,2650,On Time
504265,IndiGo,Kolkata,Chennai,1657,2023-11-25 16:00:00,170,153,5169,On Time
504266,SpiceJet,Delhi,Delhi,361,2023-11-25 17:00:00,119,145,3894,On Time
504267,SpiceJet,Hyderabad,Bengaluru,652,2023-11-25 18:00:00,127,89,2620,On Time
504268,Akasa Air,Delhi,Mumbai,1780,2023-11-25 19:00:00,33,111,5048,On Time
504269,Air India,Hyderabad,Kolkata,2409,2023-11-25 20:00:00,45,121,9400,On Time
504270,SpiceJet,Bengaluru,Bengaluru,752,2023-11-25 21:00:00,16,188,11007,On Time
504271,SpiceJet,Mumbai,Mumbai,342,2023-11-25 22:00:00,98,49,9412,Delayed
504272,IndiGo,Hyderabad,Chennai,575,2023-11-25 23:00:00,167,49,14271,On Time
504273,IndiGo,Kolkata,Chennai,1097,2023-11-26 00:00:00,87,138,9481,Delayed
504274,Vistara,Delhi,Mumbai,1335,2023-11-26 01:00:00,100,169,14000,On Time
504275,IndiGo,Bengaluru,Delhi,2188,2023-11-26 02:00:00,143,86,7862,On Time
504276,IndiGo,Bengaluru,Delhi,996,2023-11-26 03:00:00,149,26,15125,On Time
504277,Akasa Air,Delhi,Chennai,1790,2023-11-26 04:00:00,8,5,15975,On Time
504278,Vistara,Mumbai,Bengaluru,597,2023-11-26 05:00:00,85,163,5596,Delayed
504279,Air India,Mumbai,Bengaluru,2001,2023-11-26 06:00:00,67,53,9541,On Time
504280,Akasa Air,Kolkata,Kolkata,555,2023-11-26 07:00:00,141,103,13594,Delayed
504281,Vistara,Hyderabad,Kolkata,1594,2023-11-26 08:00:00,-3,14,2712,Delayed
504282,Akasa Air,Kolkata,Chennai,633,2023-11-26 09:00:00,166,100,5949,On Time
504283,Vistara,Delhi,Hyderabad,1955,2023-11-26 10:00:00,67,145,16885,On Time
504284,IndiGo,Chennai,Hyderabad,2213,2023-11-26 11:00:00,124,17,12928,On Time
504285,Akasa Air,Delhi,Delhi,1215,2023-11-26 12:00:00,127,144,9070,On Time
504286,Vistara,Kolkata,Mumbai,1953,2023-11-26 13:00:00,55,98,17747,Delayed
504287,Vistara,Hyderabad,Mumbai,1800,2023-11-26 14:00:00,22,-12,10526,On Time
504288,Air India,Mumbai,Kolkata,2052,2023-11-26 15:00:00,64,-9,7098,On Time
504289,Vistara,Delhi,Chennai,471,2023-11-26 16:00:00,38,154,14162,Cancelled
504290,IndiGo,Hyderabad,Bengaluru,1931,2023-11-26 17:00:00,161,198,7976,On Time
504291,Vistara,Chennai,Mumbai,912,2023-11-26 18:00:00,162,175,7987,On Time
504292,IndiGo,Delhi,Mumbai,933,2023-11-26 19:00:00,96,34,5617,On Time
504293,Air India,Hyderabad,Mumbai,2098,2023-11-26 20:00:00,114,70,17717,Cancelled
504294,IndiGo,Bengaluru,Delhi,2007,2023-11-26 21:00:00,137,61,11050,On Time
504295,SpiceJet,Chennai,Chennai,1006,2023-11-26 22:00:00,65,104,4609,Delayed
504296,IndiGo,Chennai,Chennai,1197,2023-11-26 23:00:00,167,146,4386,On Time
504297,IndiGo,Kolkata,Bengaluru,737,2023-11-27 00:00:00,161,36,14210,On Time
504298,SpiceJet,Bengaluru,Mumbai,1720,2023-11-27 01:00:00,14,-6,16268,On Time
504299,Vistara,Bengaluru,Hyderabad,959,2023-11-27 02:00:00,52,110,12993,Delayed
504300,Akasa Air,Hyderabad,Hyderabad,605,2023-11-27 03:00:00,149,38,16898,On Time
504301,Vistara,Chennai,Mumbai,527,2023-11-27 04:00:00,170,194,12096,On Time
504302,Air India,Hyderabad,Bengaluru,2092,2023-11-27 05:00:00,34,125,9806,On Time
504303,IndiGo,Kolkata,Mumbai,1235,2023-11-27 06:00:00,64,186,10849,On Time
504304,Air India,Bengaluru,Mumbai,441,2023-11-27 07:00:00,135,1,13328,On Time
504305,IndiGo,Hyderabad,Hyderabad,2222,2023-11-27 08:00:00,59,139,6152,Delayed
504306,SpiceJet,Hyderabad,Chennai,607,2023-11-27 09:00:00,143,17,4234,On Time
504307,IndiGo,Delhi,Bengaluru,1269,2023-11-27 10:00:00,90,80,10152,Delayed
504308,Akasa Air,Delhi,Bengaluru,596,2023-11-27 11:00:00,115,198,11644,Delayed
504309,Air India,Bengaluru,Bengaluru,710,2023-11-27 12:00:00,122,42,9212,On Time
504310,Vistara,Kolkata,Hyderabad,2119,2023-11-27 13:00:00,110,180,13786,On Time
504311,Air India,Bengaluru,Mumbai,613,2023-11-27 14:00:00,56,35,11838,On Time
504312,IndiGo,Bengaluru,Chennai,2115,2023-11-27 15:00:00,1,44,3652,On Time
504313,Akasa Air,Mumbai,Delhi,416,2023-11-27 16:00:00,160,47,15048,On Time
504314,SpiceJet,Bengaluru,Bengaluru,482,2023-11-27 17:00:00,103,21,17366,Cancelled
504315,SpiceJet,Kolkata,Mumbai,2405,2023-11-27 18:00:00,65,3,2736,On Time
504316,IndiGo,Delhi,Delhi,1982,2023-11-27 19:00:00,172,185,17736,On Time
504317,Air India,Bengaluru,Chennai,2491,2023-11-27 20:00:00,77,69,14278,On Time
504318,Air India,Bengaluru,Delhi,1814,2023-11-27 21:00:00,124,12,6350,On Time
504319,IndiGo,Bengaluru,Chennai,1866,2023-11-27 22:00:00,46,9,4385,Cancelled
504320,Air India,Hyderabad,Bengaluru,2138,2023-11-27 23:00:00,100,191,7306,Delayed
504321,Vistara,Chennai,Mumbai,1806,2023-11-28 00:00:00,106,23,13677,On Time
504322,IndiGo,Bengaluru,Delhi,414,2023-11-28 01:00:00,44,33,5921,On Time
504323,IndiGo,Chennai,Bengaluru,1004,2023-11-28 02:00:00,70,72,11732,On Time
504324,Air India,Mumbai,Hyderabad,1564,2023-11-28 03:00:00,104,-10,12660,On Time
504325,Akasa Air,Bengaluru,Hyderabad,424,2023-11-28 04:00:00,77,43,11666,On Time
504326,Air India,Chennai,Delhi,2266,2023-11-28 05:00:00,68,27,14822,On Time
504327,SpiceJet,Hyderabad,Bengaluru,2246,2023-11-28 06:00:00,102,160,3009,On Time
504328,Vistara,Bengaluru,Kolkata,2170,2023-11-28 07:00:00,60,37,8200,On Time
504329,SpiceJet,Kolkata,Chennai,893,2023-11-28 08:00:00,174,80,11058,Delayed
504330,Akasa Air,Hyderabad,Delhi,1818,2023-11-28 09:00:00,104,153,10072,On Time
504331,Air India,Chennai,Bengaluru,2340,2023-11-28 10:00:00,32,10,15935,On Time
504332,Vistara,Chennai,Kolkata,2250,2023-11-28 11:00:00,54,119,2593,On Time
504333,Air India,Hyderabad,Kolkata,720,2023-11-28 12:00:00,21,169,13694,On Time
504334,SpiceJet,Bengaluru,Hyderabad,2139,2023-11-28 13:00:00,151,117,9876,Cancelled
504335,SpiceJet,Chennai,Chennai,1703,2023-11-28 14:00:00,178,33,14969,Delayed
504336,Vistara,Kolkata,Hyderabad,785,2023-11-28 15:00:00,140,154,16838,On Time
504337,Air India,Mumbai,Chennai,1112,2023-11-28 16:00:00,144,32,6077,On Time
504338,Air India,Mumbai,Kolkata,1693,2023-11-28 17:00:00,163,150,5885,On Time
504339,Vistara,Chennai,Kolkata,518,2023-11-28 18:00:00,83,74,4242,Delayed
504340,IndiGo,Chennai,Chennai,691,2023-11-28 19:00:00,0,101,14836,On Time
504341,SpiceJet,Bengaluru,Bengaluru,779,2023-11-28 20:00:00,136,36,10695,Delayed
504342,IndiGo,Kolkata,Bengaluru,1895,2023-11-28 21:00:00,139,49,15100,On Time
504343,SpiceJet,Kolkata,Delhi,2080,2023-11-28 22:00:00,129,97,4432,On Time
504344,Akasa Air,Mumbai,Delhi,1133,2023-11-28 23:00:00,91,50,6441,On Time
504345,SpiceJet,Mumbai,Hyderabad,2347,2023-11-29 00:00:00,64,108,4361,Delayed
504346,Vistara,Mumbai,Kolkata,2337,2023-11-29 01:00:00,160,20,6287,On Time
504347,Akasa Air,Mumbai,Mumbai,2197,2023-11-29 02:00:00,63,158,15428,Cancelled
504348,Vistara,Kolkata,Kolkata,2276,2023-11-29 03:00:00,-2,148,5403,On Time
504349,Air India,Chennai,Chennai,1716,2023-11-29 04:00:00,161,33,12430,On Time
504350,Air India,Delhi,Kolkata,2253,2023-11-29 05:00:00,6,19,7549,On Time
504351,Akasa Air,Delhi,Hyderabad,2175,2023-11-29 06:00:00,97,191,16228,On Time
504352,SpiceJet,Kolkata,Kolkata,1835,2023-11-29 07:00:00,161,165,16536,Delayed
504353,SpiceJet,Hyderabad,Hyderabad,1098,2023-11-29 08:00:00,66,160,14392,On Time
504354,Akasa Air,Kolkata,Bengaluru,1849,2023-11-29 09:00:00,14,-15,16774,Delayed
504355,Air India,Mumbai,Delhi,2480,2023-11-29 10:00:00,14,79,12790,On Time
504356,Akasa Air,Kolkata,Mumbai,2188,2023-11-29 11:00:00,85,46,4156,On Time
504357,Vistara,Delhi,Mumbai,554,2023-11-29 12:00:00,97,157,9064,Delayed
504358,IndiGo,Delhi,Bengaluru,1178,2023-11-29 13:00:00,83,-11,10739,On Time
504359,IndiGo,Bengaluru,Bengaluru,1653,2023-11-29 14:00:00,176,155,7126,On Time
504360,Vistara,Bengaluru,Bengaluru,2246,2023-11-29 15:00:00,71,-2,9255,On Time
504361,SpiceJet,Hyderabad,Kolkata,957,2023-11-29 16:00:00,127,181,7371,On Time
504362,Air India,Chennai,Delhi,2350,2023-11-29 17:00:00,105,99,4120,On Time
504363,SpiceJet,Mumbai,Mumbai,2013,2023-11-29 18:00:00,49,78,13666,On Time
504364,IndiGo,Delhi,Bengaluru,2189,2023-11-29 19:00:00,103,119,13358,On Time
504365,Vistara,Delhi,Mumbai,918,2023-11-29 20:00:00,14,94,14647,On Time
504366,Akasa Air,Bengaluru,Chennai,1954,2023-11-29 21:00:00,133,103,7209,On Time
504367,SpiceJet,Hyderabad,Kolkata,1233,2023-11-29 22:00:00,10,84,14821,On Time
504368,Akasa Air,Hyderabad,Delhi,869,2023-11-29 23:00:00,42,96,11263,Cancelled
504369,Air India,Hyderabad,Bengaluru,1493,2023-11-30 00:00:00,111,7,8507,Cancelled
504370,SpiceJet,Bengaluru,Bengaluru,2145,2023-11-30 01:00:00,86,-12,6991,On Time
504371,Vistara,Kolkata,Bengaluru,379,2023-11-30 02:00:00,135,82,11527,On Time
504372,IndiGo,Hyderabad,Delhi,843,2023-11-30 03:00:00,108,155,15130,On Time
504373,IndiGo,Delhi,Mumbai,1946,2023-11-30 04:00:00,179,24,15457,Delayed
504374,Vistara,Hyderabad,Mumbai,2077,2023-11-30 05:00:00,149,140,17701,Delayed
504375,IndiGo,Bengaluru,Hyderabad,2001,2023-11-30 06:00:00,136,63,17589,On Time
504376,IndiGo,Hyderabad,Mumbai,1185,2023-11-30 07:00:00,3,175,7776,On Time
504377,Air India,Chennai,Mumbai,813,2023-11-30 08:00:00,38,64,12531,On Time
504378,Akasa Air,Hyderabad,Bengaluru,2216,2023-11-30 09:00:00,175,114,7268,Delayed
504379,Akasa Air,Kolkata,Bengaluru,988,2023-11-30 10:00:00,4,173,17511,On Time
504380,Air India,Bengaluru,Chennai,1532,2023-11-30 11:00:00,42,149,4614,On Time
504381,SpiceJet,Chennai,Mumbai,992,2023-11-30 12:00:00,69,124,16864,On Time
504382,Vistara,Bengaluru,Hyderabad,1005,2023-11-30 13:00:00,63,13,13249,On Time
504383,Akasa Air,Bengaluru,Chennai,398,2023-11-30 14:00:00,120,-8,2817,Cancelled
504384,Vistara,Mumbai,Bengaluru,2230,2023-11-30 15:00:00,17,31,5395,On Time
504385,Vistara,Delhi,Kolkata,2225,2023-11-30 16:00:00,33,47,8970,Delayed
504386,Air India,Mumbai,Delhi,2399,2023-11-30 17:00:00,42,154,6273,Delayed
504387,Air India,Mumbai,Mumbai,832,2023-11-30 18:00:00,19,142,8168,On Time
504388,SpiceJet,Mumbai,Bengaluru,1845,2023-11-30 19:00:00,53,84,5773,Delayed
504389,Akasa Air,Kolkata,Chennai,1721,2023-11-30 20:00:00,2,125,2844,On Time
504390,IndiGo,Mumbai,Bengaluru,1772,2023-11-30 21:00:00,87,129,11753,Cancelled
504391,Vistara,Mumbai,Bengaluru,1693,2023-11-30 22:00:00,156,109,4802,On Time
504392,Air India,Delhi,Kolkata,1832,2023-11-30 23:00:00,65,45,10990,Delayed
504393,Akasa Air,Chennai,Mumbai,2172,2023-12-01 00:00:00,42,172,16393,On Time
504394,Air India,Hyderabad,Mumbai,1194,2023-12-01 01:00:00,60,57,7715,On Time
504395,Air India,Delhi,Kolkata,410,2023-12-01 02:00:00,66,70,10989,On Time
504396,Air India,Chennai,Kolkata,1271,2023-12-01 03:00:00,29,158,10788,On Time
504397,IndiGo,Kolkata,Hyderabad,1802,2023-12-01 04:00:00,8,186,13528,On Time
504398,IndiGo,Delhi,Delhi,674,2023-12-01 05:00:00,20,146,17349,On Time
504399,Vistara,Delhi,Chennai,2036,2023-12-01 06:00:00,123,159,17654,Delayed
504400,Vistara,Mumbai,Kolkata,1024,2023-12-01 07:00:00,20,94,12972,Cancelled
504401,Air India,Chennai,Chennai,1181,2023-12-01 08:00:00,112,-9,13295,On Time
504402,SpiceJet,Bengaluru,Bengaluru,1956,2023-12-01 09:00:00,14,193,13262,Delayed
504403,Vistara,Delhi,Bengaluru,1178,2023-12-01 10:00:00,43,11,7299,On Time
504404,Vistara,Delhi,Bengaluru,1972,2023-12-01 11:00:00,148,60,10083,Delayed
504405,Akasa Air,Kolkata,Kolkata,1958,2023-12-01 12:00:00,29,125,3996,On Time
504406,Vistara,Chennai,Mumbai,2019,2023-12-01 13:00:00,168,137,10104,On Time
504407,Air India,Kolkata,Delhi,1097,2023-12-01 14:00:00,101,14,10167,On Time
504408,Air India,Kolkata,Chennai,1834,2023-12-01 15:00:00,92,9,3542,On Time
504409,Akasa Air,Delhi,Bengaluru,2437,2023-12-01 16:00:00,9,22,17411,On Time
504410,Air India,Kolkata,Bengaluru,658,2023-12-01 17:00:00,72,185,5092,On Time
504411,SpiceJet,Hyderabad,Bengaluru,2309,2023-12-01 18:00:00,61,114,12908,On Time
504412,SpiceJet,Mumbai,Kolkata,1281,2023-12-01 19:00:00,-5,82,4083,On Time
504413,Akasa Air,Mumbai,Bengaluru,714,2023-12-01 20:00:00,173,108,11754,On Time
504414,IndiGo,Kolkata,Bengaluru,390,2023-12-01 21:00:00,130,179,9596,On Time
504415,SpiceJet,Chennai,Hyderabad,1203,2023-12-01 22:00:00,161,72,2675,Delayed
504416,SpiceJet,Kolkata,Delhi,1281,2023-12-01 23:00:00,76,16,3297,On Time
504417,Akasa Air,Mumbai,Mumbai,1727,2023-12-02 00:00:00,122,32,3584,Cancelled
504418,Air India,Chennai,Mumbai,1866,2023-12-02 01:00:00,-9,181,5387,On Time
504419,SpiceJet,Kolkata,Delhi,1482,2023-12-02 02:00:00,129,9,13935,On Time
504420,IndiGo,Kolkata,Chennai,2381,2023-12-02 03:00:00,88,55,5200,On Time
504421,Air India,Delhi,Hyderabad,977,2023-12-02 04:00:00,146,90,14434,Delayed
504422,IndiGo,Chennai,Delhi,2252,2023-12-02 05:00:00,43,19,7861,On Time
504423,Vistara,Kolkata,Chennai,1084,2023-12-02 06:00:00,142,118,6316,On Time
504424,Air India,Delhi,Delhi,1190,2023-12-02 07:00:00,80,1,14437,On Time
504425,Vistara,Hyderabad,Delhi,1031,2023-12-02 08:00:00,150,79,16277,On Time
504426,Vistara,Bengaluru,Mumbai,572,2023-12-02 09:00:00,100,34,5150,On Time
504427,Air India,Kolkata,Bengaluru,1606,2023-12-02 10:00:00,138,133,12633,On Time
504428,IndiGo,Mumbai,Bengaluru,1613,2023-12-02 11:00:00,115,80,14531,On Time
504429,Air India,Bengaluru,Bengaluru,2338,2023-12-02 12:00:00,91,122,4041,Delayed
504430,SpiceJet,Delhi,Hyderabad,1835,2023-12-02 13:00:00,177,12,17482,On Time
504431,IndiGo,Kolkata,Kolkata,1735,2023-12-02 14:00:00,115,47,17872,On Time
504432,Air India,Chennai,Mumbai,2230,2023-12-02 15:00:00,124,121,17538,Delayed
504433,Air India,Bengaluru,Hyderabad,839,2023-12-02 16:00:00,128,119,7823,On Time
504434,Vistara,Delhi,Bengaluru,373,2023-12-02 17:00:00,26,181,10231,On Time
504435,Air India,Mumbai,Delhi,639,2023-12-02 18:00:00,158,6,14459,Delayed
504436,Vistara,Mumbai,Mumbai,566,2023-12-02 19:00:00,140,108,6233,Delayed
504437,IndiGo,Chennai,Mumbai,653,2023-12-02 20:00:00,174,89,5900,Delayed
504438,Vistara,Hyderabad,Delhi,1111,2023-12-02 21:00:00,135,90,3094,Cancelled
504439,Air India,Delhi,Hyderabad,1792,2023-12-02 22:00:00,68,51,3230,Delayed
504440,SpiceJet,Bengaluru,Kolkata,1283,2023-12-02 23:00:00,149,43,4258,Delayed
504441,Vistara,Chennai,Chennai,1451,2023-12-03 00:00:00,109,151,14410,On Time
504442,Akasa Air,Mumbai,Bengaluru,1521,2023-12-03 01:00:00,-7,165,11517,On Time
504443,Akasa Air,Kolkata,Bengaluru,2368,2023-12-03 02:00:00,89,155,16589,On Time
504444,SpiceJet,Hyderabad,Bengaluru,2179,2023-12-03 03:00:00,143,157,17183,On Time
504445,IndiGo,Chennai,Bengaluru,2275,2023-12-03 04:00:00,33,33,5474,On Time
504446,Air India,Kolkata,Mumbai,733,2023-12-03 05:00:00,46,103,17320,On Time
504447,SpiceJet,Chennai,Chennai,431,2023-12-03 06:00:00,-7,8,9005,On Time
504448,Air India,Mumbai,Hyderabad,2430,2023-12-03 07:00:00,90,197,15690,On Time
504449,IndiGo,Kolkata,Mumbai,487,2023-12-03 08:00:00,120,149,13910,On Time
504450,Air India,Kolkata,Chennai,1105,2023-12-03 09:00:00,119,33,14898,On Time
504451,IndiGo,Mumbai,Hyderabad,401,2023-12-03 10:00:00,76,191,8776,Delayed
504452,Akasa Air,Delhi,Bengaluru,823,2023-12-03 11:00:00,109,190,11395,Delayed
504453,SpiceJet,Bengaluru,Chennai,2182,2023-12-03 12:00:00,113,110,5965,On Time
504454,Air India,Delhi,Bengaluru,740,2023-12-03 13:00:00,24,31,6903,Delayed
504455,IndiGo,Kolkata,Bengaluru,2159,2023-12-03 14:00:00,5,114,15260,On Time
504456,Air India,Kolkata,Hyderabad,1471,2023-12-03 15:00:00,29,147,15791,On Time
504457,IndiGo,Hyderabad,Bengaluru,2202,2023-12-03 16:00:00,125,137,3607,On Time
504458,SpiceJet,Mumbai,Delhi,782,2023-12-03 17:00:00,77,73,11952,Delayed
504459,IndiGo,Delhi,Delhi,1002,2023-12-03 18:00:00,1,33,2573,On Time
504460,SpiceJet,Chennai,Delhi,2371,2023-12-03 19:00:00,177,53,12196,On Time
504461,Air India,Delhi,Mumbai,1113,2023-12-03 20:00:00,54,101,10900,On Time
504462,Air India,Chennai,Chennai,2093,2023-12-03 21:00:00,53,46,10504,On Time
504463,Air India,Delhi,Hyderabad,2261,2023-12-03 22:00:00,42,40,8262,On Time
504464,IndiGo,Bengaluru,Hyderabad,524,2023-12-03 23:00:00,146,113,12530,Delayed
504465,SpiceJet,Kolkata,Bengaluru,469,2023-12-04 00:00:00,148,40,13446,On Time
504466,Air India,Mumbai,Mumbai,1710,2023-12-04 01:00:00,-2,82,14845,Delayed
504467,Akasa Air,Chennai,Bengaluru,1848,2023-12-04 02:00:00,115,159,15694,On Time
504468,Akasa Air,Chennai,Delhi,1313,2023-12-04 03:00:00,58,154,9049,On Time
504469,Vistara,Bengaluru,Delhi,2381,2023-12-04 04:00:00,96,94,3998,Cancelled
504470,SpiceJet,Mumbai,Kolkata,2409,2023-12-04 05:00:00,68,156,15003,On Time
504471,Vistara,Delhi,Bengaluru,2349,2023-12-04 06:00:00,32,116,8738,On Time
504472,Air India,Hyderabad,Delhi,2349,2023-12-04 07:00:00,161,100,17824,Delayed
504473,Vistara,Hyderabad,Chennai,633,2023-12-04 08:00:00,135,166,12245,Delayed
504474,Air India,Mumbai,Chennai,2237,2023-12-04 09:00:00,88,31,6230,Delayed
504475,Akasa Air,Delhi,Delhi,2378,2023-12-04 10:00:00,141,5,8542,On Time
504476,Vistara,Chennai,Chennai,1598,2023-12-04 11:00:00,33,-8,11944,On Time
504477,IndiGo,Mumbai,Hyderabad,2168,2023-12-04 12:00:00,14,78,13733,Delayed
504478,IndiGo,Delhi,Hyderabad,755,2023-12-04 13:00:00,169,157,15523,Delayed
504479,Vistara,Chennai,Delhi,2301,2023-12-04 14:00:00,42,165,2883,On Time
504480,SpiceJet,Kolkata,Delhi,2305,2023-12-04 15:00:00,111,98,5085,On Time
504481,Air India,Delhi,Chennai,1751,2023-12-04 16:00:00,96,141,10274,Delayed
504482,Air India,Hyderabad,Delhi,404,2023-12-04 17:00:00,165,48,8728,Delayed
504483,Vistara,Kolkata,Kolkata,879,2023-12-04 18:00:00,62,32,15772,Delayed
504484,IndiGo,Mumbai,Delhi,2372,2023-12-04 19:00:00,83,144,2928,On Time
504485,Vistara,Chennai,Chennai,1667,2023-12-04 20:00:00,90,11,6680,Delayed
504486,Air India,Delhi,Bengaluru,1120,2023-12-04 21:00:00,127,104,10888,On Time
504487,Air India,Delhi,Delhi,1989,2023-12-04 22:00:00,83,123,11654,On Time
504488,SpiceJet,Hyderabad,Hyderabad,965,2023-12-04 23:00:00,92,36,6729,On Time
504489,Akasa Air,Chennai,Kolkata,911,2023-12-05 00:00:00,98,55,12175,Delayed
504490,IndiGo,Mumbai,Delhi,1382,2023-12-05 01:00:00,43,69,16631,On Time
504491,IndiGo,Hyderabad,Mumbai,1487,2023-12-05 02:00:00,119,128,10866,On Time
504492,IndiGo,Kolkata,Mumbai,1410,2023-12-05 03:00:00,109,22,13599,Delayed
504493,Akasa Air,Hyderabad,Bengaluru,2342,2023-12-05 04:00:00,20,27,17986,On Time
504494,Air India,Delhi,Bengaluru,1266,2023-12-05 05:00:00,119,138,9813,On Time
504495,IndiGo,Mumbai,Delhi,594,2023-12-05 06:00:00,119,5,17906,Delayed
504496,Air India,Hyderabad,Kolkata,1013,2023-12-05 07:00:00,40,82,8797,On Time
504497,Air India,Hyderabad,Chennai,2201,2023-12-05 08:00:00,110,197,15600,Delayed
504498,Air India,Kolkata,Kolkata,525,2023-12-05 09:00:00,25,154,8768,On Time
504499,SpiceJet,Chennai,Delhi,850,2023-12-05 10:00:00,40,166,15728,On Time
504500,Akasa Air,Mumbai,Delhi,2077,2023-12-05 11:00:00,22,28,12776,Delayed
504501,Akasa Air,Chennai,Hyderabad,557,2023-12-05 12:00:00,45,129,2877,Cancelled
504502,Akasa Air,Delhi,Hyderabad,472,2023-12-05 13:00:00,48,38,3854,On Time
504503,SpiceJet,Kolkata,Mumbai,655,2023-12-05 14:00:00,178,152,8624,On Time
504504,Vistara,Mumbai,Delhi,1616,2023-12-05 15:00:00,81,120,16748,On Time
504505,Vistara,Bengaluru,Mumbai,2212,2023-12-05 16:00:00,-10,62,7228,Delayed
504506,Vistara,Kolkata,Chennai,715,2023-12-05 17:00:00,135,98,10135,On Time
504507,SpiceJet,Kolkata,Delhi,701,2023-12-05 18:00:00,134,9,16773,On Time
504508,SpiceJet,Chennai,Bengaluru,1177,2023-12-05 19:00:00,175,3,2787,On Time
504509,Vistara,Mumbai,Mumbai,916,2023-12-05 20:00:00,119,124,17683,On Time
504510,IndiGo,Bengaluru,Chennai,1535,2023-12-05 21:00:00,113,-3,5889,On Time
504511,IndiGo,Mumbai,Kolkata,1935,2023-12-05 22:00:00,82,193,4784,On Time
504512,IndiGo,Mumbai,Chennai,2414,2023-12-05 23:00:00,156,38,5700,On Time
504513,Akasa Air,Bengaluru,Mumbai,712,2023-12-06 00:00:00,82,182,9264,On Time
504514,Akasa Air,Kolkata,Bengaluru,429,2023-12-06 01:00:00,2,93,6831,On Time
504515,Air India,Hyderabad,Bengaluru,2200,2023-12-06 02:00:00,22,95,5955,Delayed
504516,SpiceJet,Chennai,Kolkata,800,2023-12-06 03:00:00,3,-8,14399,On Time
504517,Vistara,Kolkata,Chennai,1023,2023-12-06 04:00:00,1,105,9483,On Time
504518,Air India,Delhi,Mumbai,651,2023-12-06 05:00:00,19,183,9140,On Time
504519,Akasa Air,Kolkata,Bengaluru,816,2023-12-06 06:00:00,118,129,10948,On Time
504520,Vistara,Bengaluru,Bengaluru,1872,2023-12-06 07:00:00,54,128,2526,On Time
504521,Vistara,Hyderabad,Bengaluru,481,2023-12-06 08:00:00,89,28,3841,Delayed
504522,Air India,Chennai,Mumbai,564,2023-12-06 09:00:00,27,36,9933,On Time
504523,Vistara,Delhi,Bengaluru,1118,2023-12-06 10:00:00,114,150,12996,On Time
504524,IndiGo,Hyderabad,Kolkata,408,2023-12-06 11:00:00,13,175,16693,Delayed
504525,IndiGo,Hyderabad,Delhi,951,2023-12-06 12:00:00,48,88,5580,Delayed
504526,SpiceJet,Delhi,Hyderabad,1644,2023-12-06 13:00:00,123,-13,3644,On Time
504527,Vistara,Bengaluru,Kolkata,2095,2023-12-06 14:00:00,146,107,14359,Delayed
504528,Vistara,Hyderabad,Bengaluru,1816,2023-12-06 15:00:00,169,41,12357,Delayed
504529,Akasa Air,Chennai,Kolkata,1771,2023-12-06 16:00:00,143,148,16934,On Time
504530,Vistara,Mumbai,Mumbai,1842,2023-12-06 17:00:00,112,57,14889,On Time
504531,SpiceJet,Hyderabad,Chennai,660,2023-12-06 18:00:00,1,161,8639,Delayed
504532,SpiceJet,Hyderabad,Hyderabad,2266,2023-12-06 19:00:00,157,75,7607,Delayed
504533,Air India,Kolkata,Kolkata,1774,2023-12-06 20:00:00,147,77,9042,Delayed
504534,Akasa Air,Delhi,Hyderabad,1335,2023-12-06 21:00:00,81,27,8886,On Time
504535,Akasa Air,Bengaluru,Hyderabad,593,2023-12-06 22:00:00,177,131,10526,On Time
504536,Vistara,Hyderabad,Chennai,638,2023-12-06 23:00:00,49,54,14259,On Time
504537,Akasa Air,Bengaluru,Bengaluru,2363,2023-12-07 00:00:00,72,166,17438,Delayed
504538,Vistara,Delhi,Chennai,855,2023-12-07 01:00:00,47,124,15404,On Time
504539,Air India,Delhi,Hyderabad,1779,2023-12-07 02:00:00,97,150,17076,On Time
504540,Vistara,Mumbai,Delhi,1274,2023-12-07 03:00:00,81,168,7292,Delayed
504541,SpiceJet,Hyderabad,Hyderabad,1608,2023-12-07 04:00:00,3,123,10429,Delayed
504542,Vistara,Bengaluru,Bengaluru,806,2023-12-07 05:00:00,-7,59,10568,Delayed
504543,Air India,Kolkata,Hyderabad,1062,2023-12-07 06:00:00,173,12,7708,On Time
504544,IndiGo,Delhi,Kolkata,2400,2023-12-07 07:00:00,21,126,15681,On Time
504545,SpiceJet,Mumbai,Chennai,897,2023-12-07 08:00:00,72,101,2952,On Time
504546,IndiGo,Bengaluru,Chennai,2492,2023-12-07 09:00:00,129,131,10209,On Time
504547,Vistara,Kolkata,Hyderabad,1448,2023-12-07 10:00:00,66,-2,7670,On Time
504548,Vistara,Mumbai,Chennai,2360,2023-12-07 11:00:00,34,1,12681,On Time
504549,SpiceJet,Bengaluru,Mumbai,1666,2023-12-07 12:00:00,79,101,15343,Delayed
504550,Air India,Kolkata,Bengaluru,1209,2023-12-07 13:00:00,123,-7,15752,Cancelled
504551,Air India,Bengaluru,Mumbai,911,2023-12-07 14:00:00,87,143,6227,Delayed
504552,SpiceJet,Bengaluru,Bengaluru,554,2023-12-07 15:00:00,66,76,10384,On Time
504553,Vistara,Kolkata,Kolkata,2298,2023-12-07 16:00:00,147,-11,7123,On Time
504554,Vistara,Delhi,Mumbai,1050,2023-12-07 17:00:00,14,155,3366,On Time
504555,IndiGo,Delhi,Delhi,2364,2023-12-07 18:00:00,134,114,9706,On Time
504556,Vistara,Kolkata,Bengaluru,549,2023-12-07 19:00:00,172,142,9728,Delayed
504557,IndiGo,Mumbai,Bengaluru,2328,2023-12-07 20:00:00,-9,84,2985,Delayed
504558,Akasa Air,Kolkata,Kolkata,2153,2023-12-07 21:00:00,117,51,8948,Delayed
504559,Akasa Air,Chennai,Hyderabad,977,2023-12-07 22:00:00,14,56,14753,On Time
504560,Akasa Air,Kolkata,Mumbai,1947,2023-12-07 23:00:00,113,61,6343,On Time
504561,IndiGo,Kolkata,Delhi,1925,2023-12-08 00:00:00,52,145,7557,Delayed
504562,Vistara,Bengaluru,Mumbai,1379,2023-12-08 01:00:00,169,56,2978,On Time
504563,Akasa Air,Delhi,Bengaluru,1386,2023-12-08 02:00:00,160,175,2882,On Time
504564,Air India,Hyderabad,Bengaluru,1383,2023-12-08 03:00:00,20,54,4245,On Time
504565,IndiGo,Hyderabad,Bengaluru,779,2023-12-08 04:00:00,54,2,15730,Cancelled
504566,IndiGo,Chennai,Chennai,580,2023-12-08 05:00:00,53,46,7026,On Time
504567,Akasa Air,Delhi,Bengaluru,1045,2023-12-08 06:00:00,-7,93,12143,Delayed
504568,Akasa Air,Bengaluru,Hyderabad,442,2023-12-08 07:00:00,31,175,7235,On Time
504569,Air India,Mumbai,Mumbai,933,2023-12-08 08:00:00,74,96,11972,On Time
504570,SpiceJet,Delhi,Mumbai,2329,2023-12-08 09:00:00,166,171,4916,Delayed
504571,Akasa Air,Mumbai,Mumbai,2481,2023-12-08 10:00:00,25,15,10598,On Time
504572,Vistara,Mumbai,Delhi,1979,2023-12-08 11:00:00,129,64,17902,On Time
504573,Vistara,Bengaluru,Delhi,1163,2023-12-08 12:00:00,11,177,12131,Delayed
504574,IndiGo,Mumbai,Kolkata,2003,2023-12-08 13:00:00,88,163,17122,Delayed
504575,SpiceJet,Hyderabad,Chennai,2107,2023-12-08 14:00:00,7,89,7091,On Time
504576,Akasa Air,Delhi,Mumbai,496,2023-12-08 15:00:00,54,10,9150,Delayed
504577,Air India,Bengaluru,Mumbai,337,2023-12-08 16:00:00,142,77,14177,On Time
504578,IndiGo,Mumbai,Kolkata,1434,2023-12-08 17:00:00,130,185,3159,On Time
504579,Air India,Bengaluru,Hyderabad,2199,2023-12-08 18:00:00,93,51,14066,On Time
504580,Vistara,Bengaluru,Kolkata,674,2023-12-08 19:00:00,61,115,6199,Delayed
504581,Vistara,Mumbai,Hyderabad,1661,2023-12-08 20:00:00,101,191,14502,On Time
504582,Akasa Air,Hyderabad,Bengaluru,955,2023-12-08 21:00:00,8,83,14051,On Time
504583,IndiGo,Kolkata,Chennai,1639,2023-12-08 22:00:00,2,42,9282,On Time
504584,Vistara,Bengaluru,Delhi,1532,2023-12-08 23:00:00,44,159,17997,Delayed
504585,IndiGo,Mumbai,Kolkata,584,2023-12-09 00:00:00,96,178,9677,Delayed
504586,Akasa Air,Chennai,Chennai,2189,2023-12-09 01:00:00,96,36,10181,On Time
504587,Akasa Air,Bengaluru,Hyderabad,1398,2023-12-09 02:00:00,91,134,13938,Delayed
504588,SpiceJet,Kolkata,Mumbai,1591,2023-12-09 03:00:00,25,151,11240,On Time
504589,Akasa Air,Hyderabad,Kolkata,2321,2023-12-09 04:00:00,64,131,2516,Delayed
504590,SpiceJet,Bengaluru,Hyderabad,1062,2023-12-09 05:00:00,-2,100,12692,Cancelled
504591,Air India,Delhi,Chennai,2306,2023-12-09 06:00:00,154,161,8876,On Time
504592,Akasa Air,Chennai,Kolkata,2126,2023-12-09 07:00:00,179,11,5856,On Time
504593,IndiGo,Chennai,Kolkata,2135,2023-12-09 08:00:00,119,80,10774,Delayed
504594,Vistara,Delhi,Chennai,2463,2023-12-09 09:00:00,158,7,5562,On Time
504595,Air India,Delhi,Mumbai,1666,2023-12-09 10:00:00,151,69,17146,On Time
504596,Vistara,Chennai,Delhi,1232,2023-12-09 11:00:00,63,15,9753,On Time
504597,SpiceJet,Mumbai,Kolkata,502,2023-12-09 12:00:00,16,84,2976,Delayed
504598,SpiceJet,Mumbai,Delhi,623,2023-12-09 13:00:00,138,180,8051,Delayed
504599,Akasa Air,Kolkata,Mumbai,1682,2023-12-09 14:00:00,140,14,12588,On Time
504600,Akasa Air,Bengaluru,Kolkata,927,2023-12-09 15:00:00,146,180,13100,Cancelled
504601,IndiGo,Delhi,Chennai,2128,2023-12-09 16:00:00,126,-13,10970,Delayed
504602,Vistara,Mumbai,Kolkata,2402,2023-12-09 17:00:00,138,54,14658,On Time
504603,Vistara,Mumbai,Mumbai,2033,2023-12-09 18:00:00,63,-14,17726,Delayed
504604,Vistara,Bengaluru,Kolkata,1525,2023-12-09 19:00:00,159,169,11559,On Time
504605,Vistara,Delhi,Kolkata,1378,2023-12-09 20:00:00,176,-14,11397,On Time
504606,Akasa Air,Bengaluru,Delhi,484,2023-12-09 21:00:00,164,81,13697,On Time
504607,Akasa Air,Chennai,Bengaluru,2131,2023-12-09 22:00:00,60,-10,9402,Delayed
504608,Vistara,Chennai,Bengaluru,2021,2023-12-09 23:00:00,13,139,11471,Delayed
504609,SpiceJet,Hyderabad,Chennai,1445,2023-12-10 00:00:00,135,37,11556,On Time
504610,Air India,Hyderabad,Bengaluru,1368,2023-12-10 01:00:00,150,167,5537,Delayed
504611,SpiceJet,Mumbai,Chennai,1162,2023-12-10 02:00:00,145,93,13045,Delayed
504612,Air India,Kolkata,Mumbai,795,2023-12-10 03:00:00,150,147,7804,On Time
504613,Vistara,Delhi,Mumbai,2245,2023-12-10 04:00:00,25,153,4264,On Time
504614,Air India,Delhi,Hyderabad,1441,2023-12-10 05:00:00,89,139,15637,Delayed
504615,Air India,Mumbai,Bengaluru,669,2023-12-10 06:00:00,98,80,7610,On Time
504616,Akasa Air,Hyderabad,Mumbai,666,2023-12-10 07:00:00,4,141,16492,Delayed
504617,Akasa Air,Bengaluru,Hyderabad,1166,2023-12-10 08:00:00,48,-15,5710,On Time
504618,Vistara,Delhi,Delhi,756,2023-12-10 09:00:00,86,33,6335,On Time
504619,Vistara,Bengaluru,Delhi,1596,2023-12-10 10:00:00,97,74,13067,On Time
504620,Air India,Hyderabad,Delhi,1823,2023-12-10 11:00:00,-3,12,8354,Delayed
504621,Air India,Bengaluru,Bengaluru,2150,2023-12-10 12:00:00,38,48,7987,Delayed
504622,IndiGo,Chennai,Hyderabad,1947,2023-12-10 13:00:00,49,32,13082,On Time
504623,Air India,Hyderabad,Bengaluru,1059,2023-12-10 14:00:00,115,186,4548,On Time
504624,Vistara,Chennai,Bengaluru,314,2023-12-10 15:00:00,22,83,7480,On Time
504625,IndiGo,Delhi,Hyderabad,1565,2023-12-10 16:00:00,69,31,16815,On Time
504626,Air India,Kolkata,Hyderabad,598,2023-12-10 17:00:00,35,77,17448,On Time
504627,Vistara,Bengaluru,Mumbai,1004,2023-12-10 18:00:00,98,177,8827,On Time
504628,SpiceJet,Mumbai,Bengaluru,1627,2023-12-10 19:00:00,6,114,13275,On Time
504629,IndiGo,Bengaluru,Bengaluru,2229,2023-12-10 20:00:00,39,136,7763,On Time
504630,Akasa Air,Chennai,Delhi,1088,2023-12-10 21:00:00,165,121,12411,On Time
504631,Akasa Air,Chennai,Kolkata,708,2023-12-10 22:00:00,106,124,11411,On Time
504632,IndiGo,Hyderabad,Kolkata,1713,2023-12-10 23:00:00,6,-5,8041,Delayed
504633,SpiceJet,Delhi,Kolkata,1536,2023-12-11 00:00:00,62,59,11426,On Time
504634,IndiGo,Delhi,Mumbai,2349,2023-12-11 01:00:00,25,26,3925,Delayed
504635,IndiGo,Chennai,Mumbai,300,2023-12-11 02:00:00,74,44,14195,Delayed
504636,SpiceJet,Mumbai,Delhi,331,2023-12-11 03:00:00,150,-14,10593,Delayed
504637,SpiceJet,Bengaluru,Kolkata,1705,2023-12-11 04:00:00,114,108,4123,On Time
504638,IndiGo,Chennai,Bengaluru,655,2023-12-11 05:00:00,49,5,5925,On Time
504639,SpiceJet,Chennai,Bengaluru,584,2023-12-11 06:00:00,17,73,11303,On Time
504640,Akasa Air,Kolkata,Hyderabad,1134,2023-12-11 07:00:00,89,90,5685,On Time
504641,Vistara,Chennai,Bengaluru,1463,2023-12-11 08:00:00,-9,136,2799,Delayed
504642,SpiceJet,Bengaluru,Bengaluru,772,2023-12-11 09:00:00,91,23,3388,Delayed
504643,IndiGo,Hyderabad,Delhi,949,2023-12-11 10:00:00,177,2,11603,On Time
504644,Vistara,Bengaluru,Kolkata,627,2023-12-11 11:00:00,72,189,16770,On Time
504645,SpiceJet,Delhi,Chennai,2309,2023-12-11 12:00:00,148,124,16759,Cancelled
504646,SpiceJet,Mumbai,Delhi,1511,2023-12-11 13:00:00,176,-4,15421,Delayed
504647,IndiGo,Mumbai,Chennai,1869,2023-12-11 14:00:00,38,149,10105,On Time
504648,SpiceJet,Kolkata,Kolkata,362,2023-12-11 15:00:00,151,133,10141,On Time
504649,Vistara,Mumbai,Delhi,461,2023-12-11 16:00:00,141,100,16140,On Time
504650,IndiGo,Kolkata,Delhi,1930,2023-12-11 17:00:00,11,114,14985,Delayed
504651,Vistara,Mumbai,Kolkata,1694,2023-12-11 18:00:00,51,-5,9823,On Time
504652,Air India,Hyderabad,Hyderabad,1958,2023-12-11 19:00:00,60,169,14621,Cancelled
504653,Akasa Air,Bengaluru,Chennai,2217,2023-12-11 20:00:00,76,190,5380,On Time
504654,IndiGo,Kolkata,Mumbai,1518,2023-12-11 21:00:00,1,177,4456,On Time
504655,Akasa Air,Chennai,Delhi,527,2023-12-11 22:00:00,163,134,17771,Cancelled
504656,Air India,Mumbai,Kolkata,2051,2023-12-11 23:00:00,53,19,4886,Cancelled
504657,Vistara,Hyderabad,Kolkata,1947,2023-12-12 00:00:00,44,138,8783,Delayed
504658,Air India,Mumbai,Hyderabad,936,2023-12-12 01:00:00,58,165,4241,On Time
504659,Air India,Hyderabad,Hyderabad,678,2023-12-12 02:00:00,-10,27,4749,Delayed
504660,Air India,Chennai,Bengaluru,2371,2023-12-12 03:00:00,156,174,13614,On Time
504661,Akasa Air,Bengaluru,Kolkata,1891,2023-12-12 04:00:00,146,61,17540,Cancelled
504662,Air India,Kolkata,Bengaluru,1407,2023-12-12 05:00:00,93,141,5923,On Time
504663,IndiGo,Hyderabad,Kolkata,388,2023-12-12 06:00:00,64,174,15866,Delayed
504664,Akasa Air,Chennai,Chennai,1667,2023-12-12 07:00:00,31,113,6436,On Time
504665,Vistara,Kolkata,Kolkata,1206,2023-12-12 08:00:00,-5,14,13147,Delayed
504666,Akasa Air,Kolkata,Kolkata,1743,2023-12-12 09:00:00,19,180,3275,On Time
504667,IndiGo,Delhi,Delhi,1664,2023-12-12 10:00:00,115,-7,3626,Delayed
504668,Akasa Air,Chennai,Mumbai,2239,2023-12-12 11:00:00,162,120,6086,Delayed
504669,Air India,Delhi,Kolkata,1149,2023-12-12 12:00:00,8,37,6033,Delayed
504670,Akasa Air,Chennai,Hyderabad,1723,2023-12-12 13:00:00,179,164,12259,Delayed
504671,SpiceJet,Hyderabad,Chennai,1254,2023-12-12 14:00:00,55,165,4430,On Time
504672,Vistara,Chennai,Kolkata,1988,2023-12-12 15:00:00,123,19,13555,Delayed
504673,Vistara,Kolkata,Mumbai,638,2023-12-12 16:00:00,4,125,13362,On Time
504674,Vistara,Mumbai,Hyderabad,594,2023-12-12 17:00:00,154,-11,13652,Delayed
504675,Air India,Bengaluru,Hyderabad,1669,2023-12-12 18:00:00,84,185,3707,On Time
504676,IndiGo,Delhi,Mumbai,1146,2023-12-12 19:00:00,110,106,12888,Delayed
504677,Vistara,Hyderabad,Kolkata,1623,2023-12-12 20:00:00,174,36,4700,Delayed
504678,Akasa Air,Delhi,Mumbai,2231,2023-12-12 21:00:00,16,14,9052,On Time
504679,Air India,Chennai,Kolkata,1094,2023-12-12 22:00:00,117,181,8771,On Time
504680,IndiGo,Delhi,Hyderabad,1509,2023-12-12 23:00:00,30,186,15927,On Time
504681,Vistara,Chennai,Kolkata,713,2023-12-13 00:00:00,8,108,15235,On Time
504682,Akasa Air,Kolkata,Hyderabad,1092,2023-12-13 01:00:00,153,37,3844,On Time
504683,IndiGo,Chennai,Delhi,2455,2023-12-13 02:00:00,178,79,17026,On Time
504684,IndiGo,Hyderabad,Kolkata,2236,2023-12-13 03:00:00,137,117,15292,On Time
504685,Akasa Air,Bengaluru,Chennai,1810,2023-12-13 04:00:00,64,155,7420,Delayed
504686,Akasa Air,Bengaluru,Kolkata,2010,2023-12-13 05:00:00,155,-3,3866,On Time
504687,SpiceJet,Kolkata,Bengaluru,561,2023-12-13 06:00:00,24,156,17242,On Time
504688,Akasa Air,Bengaluru,Hyderabad,1143,2023-12-13 07:00:00,145,135,10630,On Time
504689,SpiceJet,Chennai,Delhi,873,2023-12-13 08:00:00,95,72,3191,On Time
504690,Akasa Air,Kolkata,Chennai,2124,2023-12-13 09:00:00,57,153,13035,On Time
504691,Vistara,Chennai,Kolkata,739,2023-12-13 10:00:00,178,121,11364,On Time
504692,Vistara,Hyderabad,Delhi,419,2023-12-13 11:00:00,84,12,14944,Cancelled
504693,Air India,Hyderabad,Chennai,1322,2023-12-13 12:00:00,172,-5,5034,On Time
504694,SpiceJet,Kolkata,Kolkata,2053,2023-12-13 13:00:00,7,140,3248,Delayed
504695,IndiGo,Bengaluru,Delhi,780,2023-12-13 14:00:00,48,108,3427,On Time
504696,Vistara,Mumbai,Kolkata,2076,2023-12-13 15:00:00,51,3,14557,On Time
504697,Akasa Air,Mumbai,Kolkata,441,2023-12-13 16:00:00,70,107,16205,On Time
504698,Vistara,Kolkata,Bengaluru,1020,2023-12-13 17:00:00,87,45,9943,On Time
504699,Vistara,Delhi,Bengaluru,2085,2023-12-13 18:00:00,19,58,5685,On Time
504700,IndiGo,Hyderabad,Bengaluru,525,2023-12-13 19:00:00,0,72,17865,Delayed
504701,Air India,Kolkata,Mumbai,1447,2023-12-13 20:00:00,175,168,17560,Delayed
504702,Akasa Air,Mumbai,Chennai,1605,2023-12-13 21:00:00,136,182,6016,On Time
504703,IndiGo,Hyderabad,Mumbai,1241,2023-12-13 22:00:00,104,155,16339,On Time
504704,IndiGo,Bengaluru,Delhi,2402,2023-12-13 23:00:00,74,7,11652,Delayed
504705,Vistara,Kolkata,Delhi,2445,2023-12-14 00:00:00,80,130,17603,On Time
504706,Vistara,Hyderabad,Mumbai,814,2023-12-14 01:00:00,-3,178,17492,Delayed
504707,Vistara,Kolkata,Hyderabad,1187,2023-12-14 02:00:00,15,74,4860,On Time
504708,IndiGo,Hyderabad,Bengaluru,516,2023-12-14 03:00:00,128,4,11482,On Time
504709,Vistara,Kolkata,Kolkata,332,2023-12-14 04:00:00,108,39,14170,On Time
504710,Air India,Chennai,Mumbai,1997,2023-12-14 05:00:00,171,145,6914,On Time
504711,SpiceJet,Hyderabad,Chennai,1280,2023-12-14 06:00:00,67,119,5061,On Time
504712,Vistara,Chennai,Chennai,1566,2023-12-14 07:00:00,90,75,4724,Delayed
504713,Air India,Bengaluru,Mumbai,1360,2023-12-14 08:00:00,13,100,7079,Delayed
504714,Vistara,Mumbai,Bengaluru,437,2023-12-14 09:00:00,47,35,14618,Cancelled
504715,Air India,Delhi,Chennai,324,2023-12-14 10:00:00,35,78,12002,On Time
504716,IndiGo,Delhi,Kolkata,1114,2023-12-14 11:00:00,45,9,16177,On Time
504717,Akasa Air,Chennai,Delhi,421,2023-12-14 12:00:00,135,199,6845,On Time
504718,Vistara,Hyderabad,Chennai,413,2023-12-14 13:00:00,12,168,13992,Delayed
504719,Vistara,Hyderabad,Hyderabad,1677,2023-12-14 14:00:00,53,137,10302,Cancelled
504720,IndiGo,Delhi,Mumbai,800,2023-12-14 15:00:00,34,29,8617,Delayed
504721,IndiGo,Mumbai,Chennai,2048,2023-12-14 16:00:00,30,0,17066,On Time
504722,Akasa Air,Delhi,Chennai,1017,2023-12-14 17:00:00,22,98,14508,On Time
504723,Akasa Air,Delhi,Bengaluru,1194,2023-12-14 18:00:00,171,87,4544,On Time
504724,Akasa Air,Hyderabad,Delhi,1436,2023-12-14 19:00:00,153,65,9128,Delayed
504725,Akasa Air,Delhi,Delhi,1894,2023-12-14 20:00:00,26,50,3521,Delayed
504726,Air India,Chennai,Hyderabad,1859,2023-12-14 21:00:00,122,102,3270,Delayed
504727,Air India,Hyderabad,Chennai,494,2023-12-14 22:00:00,44,7,4576,On Time
504728,SpiceJet,Kolkata,Hyderabad,2331,2023-12-14 23:00:00,128,147,16366,On Time
504729,IndiGo,Hyderabad,Kolkata,2402,2023-12-15 00:00:00,31,43,13817,On Time
504730,SpiceJet,Bengaluru,Delhi,924,2023-12-15 01:00:00,101,17,6017,Cancelled
504731,IndiGo,Hyderabad,Delhi,522,2023-12-15 02:00:00,-3,-2,10999,On Time
504732,SpiceJet,Kolkata,Delhi,1747,2023-12-15 03:00:00,25,-10,8516,Delayed
504733,Air India,Mumbai,Chennai,394,2023-12-15 04:00:00,135,110,6045,Cancelled
504734,IndiGo,Bengaluru,Bengaluru,882,2023-12-15 05:00:00,130,129,16769,Delayed
504735,Vistara,Mumbai,Bengaluru,1633,2023-12-15 06:00:00,41,154,15139,Cancelled
504736,Vistara,Hyderabad,Mumbai,442,2023-12-15 07:00:00,6,126,15964,On Time
504737,IndiGo,Kolkata,Kolkata,2338,2023-12-15 08:00:00,12,63,8617,Delayed
504738,SpiceJet,Delhi,Hyderabad,596,2023-12-15 09:00:00,92,141,3816,On Time
504739,Vistara,Hyderabad,Delhi,1859,2023-12-15 10:00:00,11,87,15025,Delayed
504740,SpiceJet,Kolkata,Chennai,2179,2023-12-15 11:00:00,147,73,9107,On Time
504741,IndiGo,Kolkata,Delhi,719,2023-12-15 12:00:00,146,198,9877,On Time
504742,Air India,Chennai,Chennai,499,2023-12-15 13:00:00,3,6,5878,On Time
504743,IndiGo,Delhi,Delhi,380,2023-12-15 14:00:00,138,92,17580,Delayed
504744,Akasa Air,Chennai,Chennai,330,2023-12-15 15:00:00,99,30,16782,On Time
504745,Air India,Hyderabad,Hyderabad,1162,2023-12-15 16:00:00,114,-6,5954,Delayed
504746,IndiGo,Hyderabad,Mumbai,1927,2023-12-15 17:00:00,87,180,15109,On Time
504747,IndiGo,Bengaluru,Chennai,1359,2023-12-15 18:00:00,100,191,5164,On Time
504748,Air India,Bengaluru,Chennai,576,2023-12-15 19:00:00,105,194,12158,Delayed
504749,Vistara,Delhi,Mumbai,2420,2023-12-15 20:00:00,89,116,5198,Delayed
504750,Akasa Air,Chennai,Kolkata,710,2023-12-15 21:00:00,75,-7,4735,On Time
504751,SpiceJet,Mumbai,Chennai,2300,2023-12-15 22:00:00,5,29,13306,Delayed
504752,Air India,Kolkata,Bengaluru,1495,2023-12-15 23:00:00,51,39,10529,On Time
504753,Vistara,Delhi,Mumbai,325,2023-12-16 00:00:00,73,177,8777,On Time
504754,Akasa Air,Chennai,Bengaluru,1177,2023-12-16 01:00:00,169,57,12580,On Time
504755,Akasa Air,Kolkata,Chennai,2158,2023-12-16 02:00:00,32,82,14716,On Time
504756,Vistara,Kolkata,Hyderabad,753,2023-12-16 03:00:00,75,186,13751,On Time
504757,Air India,Delhi,Kolkata,2376,2023-12-16 04:00:00,98,68,16737,Cancelled
504758,Akasa Air,Bengaluru,Delhi,870,2023-12-16 05:00:00,126,145,17274,On Time
504759,Air India,Chennai,Kolkata,937,2023-12-16 06:00:00,113,161,16929,On Time
504760,IndiGo,Hyderabad,Delhi,2464,2023-12-16 07:00:00,87,161,16167,On Time
504761,Akasa Air,Mumbai,Mumbai,2421,2023-12-16 08:00:00,43,164,5167,On Time
504762,Air India,Delhi,Chennai,2185,2023-12-16 09:00:00,32,92,8987,Delayed
504763,SpiceJet,Delhi,Chennai,2150,2023-12-16 10:00:00,72,144,12375,Delayed
504764,Akasa Air,Mumbai,Mumbai,941,2023-12-16 11:00:00,-3,19,3868,On Time
504765,Akasa Air,Mumbai,Delhi,817,2023-12-16 12:00:00,84,192,6770,On Time
504766,IndiGo,Hyderabad,Delhi,369,2023-12-16 13:00:00,151,32,5700,On Time
504767,Air India,Kolkata,Mumbai,762,2023-12-16 14:00:00,129,70,6317,On Time
504768,IndiGo,Mumbai,Chennai,1093,2023-12-16 15:00:00,157,160,12772,Cancelled
504769,Air India,Delhi,Chennai,2440,2023-12-16 16:00:00,34,9,6622,On Time
504770,Akasa Air,Kolkata,Hyderabad,970,2023-12-16 17:00:00,62,139,6112,Cancelled
504771,Air India,Delhi,Delhi,705,2023-12-16 18:00:00,44,168,9521,On Time
504772,IndiGo,Mumbai,Chennai,2285,2023-12-16 19:00:00,12,172,12403,On Time
504773,Vistara,Chennai,Mumbai,2384,2023-12-16 20:00:00,140,173,3964,On Time
504774,IndiGo,Bengaluru,Chennai,1316,2023-12-16 21:00:00,68,166,16437,Delayed
504775,IndiGo,Hyderabad,Mumbai,2010,2023-12-16 22:00:00,118,74,13192,Cancelled
504776,Air India,Mumbai,Mumbai,774,2023-12-16 23:00:00,11,45,3400,Cancelled
504777,Akasa Air,Hyderabad,Hyderabad,753,2023-12-17 00:00:00,114,32,4833,On Time
504778,SpiceJet,Mumbai,Chennai,1725,2023-12-17 01:00:00,81,104,7188,Delayed
504779,SpiceJet,Hyderabad,Bengaluru,962,2023-12-17 02:00:00,107,112,9236,On Time
504780,Akasa Air,Chennai,Mumbai,2126,2023-12-17 03:00:00,127,159,17912,On Time
504781,SpiceJet,Chennai,Mumbai,1432,2023-12-17 04:00:00,48,20,17323,Delayed
504782,Vistara,Delhi,Bengaluru,1322,2023-12-17 05:00:00,129,88,3991,On Time
504783,SpiceJet,Kolkata,Delhi,939,2023-12-17 06:00:00,116,188,15652,Delayed
504784,Akasa Air,Hyderabad,Hyderabad,2188,2023-12-17 07:00:00,78,21,14140,On Time
504785,IndiGo,Hyderabad,Mumbai,377,2023-12-17 08:00:00,-8,167,13513,Delayed
504786,Air India,Chennai,Delhi,754,2023-12-17 09:00:00,72,68,12125,On Time
504787,IndiGo,Mumbai,Delhi,1204,2023-12-17 10:00:00,123,51,3950,On Time
504788,Vistara,Kolkata,Bengaluru,2375,2023-12-17 11:00:00,19,91,9575,On Time
504789,IndiGo,Chennai,Bengaluru,2318,2023-12-17 12:00:00,140,-9,9047,On Time
504790,Akasa Air,Kolkata,Hyderabad,959,2023-12-17 13:00:00,146,-15,12435,On Time
504791,Vistara,Kolkata,Bengaluru,645,2023-12-17 14:00:00,179,172,15636,On Time
504792,Vistara,Hyderabad,Mumbai,1693,2023-12-17 15:00:00,28,89,6438,On Time
504793,Vistara,Bengaluru,Chennai,402,2023-12-17 16:00:00,22,6,13257,Delayed
504794,SpiceJet,Delhi,Hyderabad,2033,2023-12-17 17:00:00,83,129,5621,Delayed
504795,Akasa Air,Hyderabad,Kolkata,1077,2023-12-17 18:00:00,17,128,9735,Delayed
504796,IndiGo,Chennai,Kolkata,999,2023-12-17 19:00:00,75,1,2628,Delayed
504797,IndiGo,Bengaluru,Bengaluru,1912,2023-12-17 20:00:00,143,142,15295,Delayed
504798,Vistara,Kolkata,Kolkata,871,2023-12-17 21:00:00,128,56,4492,On Time
504799,Vistara,Kolkata,Hyderabad,1716,2023-12-17 22:00:00,78,189,2953,On Time
504800,Air India,Kolkata,Mumbai,2415,2023-12-17 23:00:00,174,87,10980,Cancelled
504801,Akasa Air,Hyderabad,Chennai,2483,2023-12-18 00:00:00,113,187,3261,On Time
504802,Vistara,Delhi,Mumbai,1936,2023-12-18 01:00:00,-8,162,16318,Delayed
504803,Akasa Air,Delhi,Mumbai,1536,2023-12-18 02:00:00,89,-2,2795,On Time
504804,SpiceJet,Delhi,Mumbai,1637,2023-12-18 03:00:00,17,14,6532,On Time
504805,Air India,Kolkata,Delhi,458,2023-12-18 04:00:00,140,168,5028,On Time
504806,Akasa Air,Mumbai,Chennai,929,2023-12-18 05:00:00,92,131,11937,On Time
504807,SpiceJet,Delhi,Bengaluru,968,2023-12-18 06:00:00,27,39,11773,On Time
504808,Air India,Kolkata,Hyderabad,1791,2023-12-18 07:00:00,107,97,6307,On Time
504809,SpiceJet,Delhi,Kolkata,664,2023-12-18 08:00:00,83,0,14164,Delayed
504810,SpiceJet,Delhi,Mumbai,464,2023-12-18 09:00:00,79,67,16965,On Time
504811,IndiGo,Mumbai,Chennai,878,2023-12-18 10:00:00,108,151,8799,Delayed
504812,SpiceJet,Chennai,Chennai,474,2023-12-18 11:00:00,128,171,11299,On Time
504813,Akasa Air,Bengaluru,Mumbai,2027,2023-12-18 12:00:00,77,132,11750,On Time
504814,Akasa Air,Hyderabad,Mumbai,601,2023-12-18 13:00:00,108,153,14038,On Time
504815,Air India,Kolkata,Delhi,2344,2023-12-18 14:00:00,153,70,17721,On Time
504816,Vistara,Bengaluru,Kolkata,2238,2023-12-18 15:00:00,129,181,3803,On Time
504817,Air India,Chennai,Delhi,1256,2023-12-18 16:00:00,79,90,14974,On Time
504818,Vistara,Mumbai,Kolkata,2293,2023-12-18 17:00:00,145,115,6476,On Time
504819,SpiceJet,Bengaluru,Bengaluru,1601,2023-12-18 18:00:00,77,5,11263,On Time
504820,SpiceJet,Bengaluru,Chennai,459,2023-12-18 19:00:00,100,3,13468,On Time
504821,IndiGo,Kolkata,Delhi,1994,2023-12-18 20:00:00,33,56,17335,On Time
504822,Vistara,Kolkata,Mumbai,758,2023-12-18 21:00:00,14,101,3298,On Time
504823,Air India,Delhi,Kolkata,318,2023-12-18 22:00:00,-1,130,14466,On Time
504824,Air India,Mumbai,Chennai,1845,2023-12-18 23:00:00,51,76,16634,On Time
504825,Akasa Air,Hyderabad,Chennai,311,2023-12-19 00:00:00,139,56,15705,On Time
504826,Vistara,Hyderabad,Hyderabad,2280,2023-12-19 01:00:00,112,194,15965,On Time
504827,IndiGo,Delhi,Delhi,1647,2023-12-19 02:00:00,7,38,16628,On Time
504828,Air India,Chennai,Hyderabad,427,2023-12-19 03:00:00,-6,173,11497,On Time
504829,Akasa Air,Hyderabad,Kolkata,690,2023-12-19 04:00:00,22,16,16416,Delayed
504830,Vistara,Mumbai,Delhi,1764,2023-12-19 05:00:00,159,151,17070,On Time
504831,Vistara,Kolkata,Delhi,965,2023-12-19 06:00:00,20,109,13531,Delayed
504832,Vistara,Delhi,Chennai,1015,2023-12-19 07:00:00,74,94,9222,On Time
504833,Akasa Air,Mumbai,Kolkata,460,2023-12-19 08:00:00,150,130,14887,On Time
504834,Vistara,Chennai,Chennai,1070,2023-12-19 09:00:00,28,54,8539,Delayed
504835,Vistara,Hyderabad,Chennai,1938,2023-12-19 10:00:00,144,3,16706,On Time
504836,Air India,Delhi,Kolkata,541,2023-12-19 11:00:00,106,84,11836,On Time
504837,IndiGo,Delhi,Hyderabad,2069,2023-12-19 12:00:00,89,-5,4137,Delayed
504838,Vistara,Delhi,Mumbai,2184,2023-12-19 13:00:00,80,80,11113,On Time
504839,Akasa Air,Chennai,Mumbai,700,2023-12-19 14:00:00,173,-3,2655,Delayed
504840,SpiceJet,Chennai,Delhi,1825,2023-12-19 15:00:00,91,133,14202,Delayed
504841,Akasa Air,Bengaluru,Bengaluru,1830,2023-12-19 16:00:00,42,164,13875,On Time
504842,IndiGo,Mumbai,Delhi,2400,2023-12-19 17:00:00,125,22,8755,On Time
504843,Vistara,Delhi,Chennai,2185,2023-12-19 18:00:00,62,-11,3774,Delayed
504844,SpiceJet,Mumbai,Chennai,2396,2023-12-19 19:00:00,64,181,17899,On Time
504845,SpiceJet,Delhi,Mumbai,558,2023-12-19 20:00:00,142,-13,8187,Delayed
504846,Akasa Air,Hyderabad,Hyderabad,1173,2023-12-19 21:00:00,46,133,17506,On Time
504847,Akasa Air,Hyderabad,Mumbai,486,2023-12-19 22:00:00,51,99,14318,On Time
504848,Air India,Chennai,Chennai,844,2023-12-19 23:00:00,83,80,7101,Delayed
504849,SpiceJet,Mumbai,Chennai,1502,2023-12-20 00:00:00,171,149,13805,On Time
504850,SpiceJet,Kolkata,Mumbai,1019,2023-12-20 01:00:00,12,118,9389,Delayed
504851,IndiGo,Chennai,Hyderabad,1958,2023-12-20 02:00:00,-8,41,15583,On Time
504852,IndiGo,Mumbai,Delhi,1668,2023-12-20 03:00:00,63,168,5190,On Time
504853,SpiceJet,Delhi,Hyderabad,1872,2023-12-20 04:00:00,26,88,3610,On Time
504854,Akasa Air,Delhi,Bengaluru,1222,2023-12-20 05:00:00,122,150,7892,On Time
504855,SpiceJet,Chennai,Hyderabad,697,2023-12-20 06:00:00,172,193,4409,On Time
504856,SpiceJet,Bengaluru,Bengaluru,1534,2023-12-20 07:00:00,77,77,11230,On Time
504857,SpiceJet,Delhi,Bengaluru,856,2023-12-20 08:00:00,-5,53,13535,On Time
504858,Akasa Air,Bengaluru,Hyderabad,1478,2023-12-20 09:00:00,73,176,13617,On Time
504859,SpiceJet,Mumbai,Delhi,762,2023-12-20 10:00:00,77,21,10633,Delayed
504860,SpiceJet,Bengaluru,Kolkata,657,2023-12-20 11:00:00,3,93,6104,On Time
504861,Akasa Air,Kolkata,Delhi,1062,2023-12-20 12:00:00,100,120,10805,On Time
504862,Vistara,Bengaluru,Kolkata,720,2023-12-20 13:00:00,45,127,7216,Delayed
504863,Vistara,Bengaluru,Kolkata,668,2023-12-20 14:00:00,142,131,4182,On Time
504864,SpiceJet,Bengaluru,Mumbai,992,2023-12-20 15:00:00,157,-6,3368,On Time
504865,IndiGo,Bengaluru,Kolkata,2146,2023-12-20 16:00:00,151,87,4985,On Time
504866,SpiceJet,Delhi,Hyderabad,2478,2023-12-20 17:00:00,71,92,8850,On Time
504867,Vistara,Bengaluru,Kolkata,357,2023-12-20 18:00:00,144,167,9873,On Time
504868,IndiGo,Mumbai,Mumbai,2390,2023-12-20 19:00:00,58,136,4398,Cancelled
504869,Vistara,Kolkata,Hyderabad,2230,2023-12-20 20:00:00,133,24,9051,On Time
504870,SpiceJet,Kolkata,Bengaluru,1991,2023-12-20 21:00:00,169,150,12635,On Time
504871,IndiGo,Chennai,Kolkata,1048,2023-12-20 22:00:00,149,43,9408,On Time
504872,SpiceJet,Kolkata,Mumbai,1618,2023-12-20 23:00:00,90,132,13281,On Time
504873,SpiceJet,Hyderabad,Mumbai,1244,2023-12-21 00:00:00,101,191,8177,On Time
504874,Vistara,Chennai,Kolkata,317,2023-12-21 01:00:00,70,126,15422,On Time
504875,Akasa Air,Chennai,Kolkata,1310,2023-12-21 02:00:00,48,70,3300,On Time
504876,Akasa Air,Chennai,Mumbai,994,2023-12-21 03:00:00,63,46,17626,On Time
504877,Air India,Mumbai,Mumbai,453,2023-12-21 04:00:00,15,11,13684,On Time
504878,Air India,Mumbai,Hyderabad,830,2023-12-21 05:00:00,25,80,11702,On Time
504879,Vistara,Chennai,Bengaluru,349,2023-12-21 06:00:00,133,128,7358,Cancelled
504880,Akasa Air,Hyderabad,Kolkata,1489,2023-12-21 07:00:00,169,77,16890,On Time
504881,SpiceJet,Bengaluru,Kolkata,961,2023-12-21 08:00:00,139,108,16951,On Time
504882,Air India,Chennai,Chennai,2451,2023-12-21 09:00:00,141,153,6071,On Time
504883,Akasa Air,Bengaluru,Kolkata,703,2023-12-21 10:00:00,27,67,15258,On Time
504884,Air India,Bengaluru,Kolkata,602,2023-12-21 11:00:00,88,119,8983,Delayed
504885,SpiceJet,Delhi,Kolkata,1643,2023-12-21 12:00:00,28,57,14658,On Time
504886,Akasa Air,Delhi,Chennai,2368,2023-12-21 13:00:00,114,94,13214,Delayed
504887,Akasa Air,Chennai,Mumbai,1015,2023-12-21 14:00:00,69,67,10720,On Time
504888,IndiGo,Kolkata,Bengaluru,1284,2023-12-21 15:00:00,156,163,17411,On Time
504889,SpiceJet,Mumbai,Mumbai,731,2023-12-21 16:00:00,115,100,10477,On Time
504890,SpiceJet,Delhi,Chennai,1729,2023-12-21 17:00:00,112,41,16921,Delayed
504891,Vistara,Delhi,Kolkata,2329,2023-12-21 18:00:00,10,125,4311,On Time
504892,SpiceJet,Chennai,Hyderabad,1747,2023-12-21 19:00:00,-4,181,12115,On Time
504893,Air India,Mumbai,Kolkata,936,2023-12-21 20:00:00,84,34,12009,On Time
504894,Air India,Mumbai,Kolkata,2002,2023-12-21 21:00:00,24,78,5244,Delayed
504895,Air India,Kolkata,Bengaluru,1793,2023-12-21 22:00:00,58,16,17417,Delayed
504896,SpiceJet,Hyderabad,Kolkata,1614,2023-12-21 23:00:00,90,29,12184,Delayed
504897,SpiceJet,Delhi,Hyderabad,604,2023-12-22 00:00:00,131,174,8111,Delayed
504898,Air India,Hyderabad,Mumbai,876,2023-12-22 01:00:00,20,20,7556,On Time
504899,SpiceJet,Mumbai,Delhi,565,2023-12-22 02:00:00,37,82,9213,On Time
504900,Akasa Air,Chennai,Mumbai,862,2023-12-22 03:00:00,125,56,10052,On Time
504901,Akasa Air,Bengaluru,Hyderabad,1724,2023-12-22 04:00:00,142,123,10540,On Time
504902,Akasa Air,Hyderabad,Kolkata,2053,2023-12-22 05:00:00,179,-9,6672,On Time
504903,SpiceJet,Delhi,Bengaluru,1529,2023-12-22 06:00:00,134,198,12939,On Time
504904,Akasa Air,Hyderabad,Mumbai,1498,2023-12-22 07:00:00,138,10,9743,On Time
504905,SpiceJet,Chennai,Mumbai,2459,2023-12-22 08:00:00,170,31,6022,On Time
504906,SpiceJet,Chennai,Bengaluru,942,2023-12-22 09:00:00,48,183,15360,On Time
504907,Akasa Air,Delhi,Chennai,1082,2023-12-22 10:00:00,119,102,16677,On Time
504908,Air India,Hyderabad,Bengaluru,1242,2023-12-22 11:00:00,179,86,3906,Delayed
504909,Akasa Air,Chennai,Delhi,1693,2023-12-22 12:00:00,14,112,12436,Delayed
504910,IndiGo,Bengaluru,Hyderabad,643,2023-12-22 13:00:00,-10,159,7409,Delayed
504911,SpiceJet,Mumbai,Mumbai,332,2023-12-22 14:00:00,165,105,9198,Delayed
504912,Air India,Mumbai,Mumbai,1315,2023-12-22 15:00:00,178,126,6938,Delayed
504913,Akasa Air,Delhi,Kolkata,662,2023-12-22 16:00:00,4,51,11129,Delayed
504914,IndiGo,Chennai,Mumbai,947,2023-12-22 17:00:00,14,158,7599,Delayed
504915,SpiceJet,Hyderabad,Mumbai,1719,2023-12-22 18:00:00,5,132,9316,Delayed
504916,Vistara,Mumbai,Mumbai,1387,2023-12-22 19:00:00,104,154,13505,On Time
504917,Vistara,Hyderabad,Delhi,2025,2023-12-22 20:00:00,22,52,17851,On Time
504918,Akasa Air,Bengaluru,Kolkata,867,2023-12-22 21:00:00,19,172,9525,On Time
504919,Akasa Air,Chennai,Delhi,1222,2023-12-22 22:00:00,69,82,17588,Delayed
504920,SpiceJet,Bengaluru,Bengaluru,1750,2023-12-22 23:00:00,61,39,11701,Delayed
504921,Akasa Air,Hyderabad,Hyderabad,2321,2023-12-23 00:00:00,175,101,12859,Delayed
504922,Vistara,Kolkata,Bengaluru,450,2023-12-23 01:00:00,122,51,3065,On Time
504923,Vistara,Mumbai,Delhi,2041,2023-12-23 02:00:00,154,102,4031,On Time
504924,IndiGo,Mumbai,Kolkata,2245,2023-12-23 03:00:00,91,110,5209,On Time
504925,Vistara,Bengaluru,Chennai,557,2023-12-23 04:00:00,61,73,4924,On Time
504926,IndiGo,Mumbai,Chennai,1680,2023-12-23 05:00:00,3,-10,15953,On Time
504927,Air India,Kolkata,Chennai,1989,2023-12-23 06:00:00,163,106,2549,On Time
504928,Akasa Air,Mumbai,Mumbai,318,2023-12-23 07:00:00,123,151,6377,On Time
504929,Akasa Air,Mumbai,Delhi,2054,2023-12-23 08:00:00,107,49,11214,On Time
504930,Air India,Mumbai,Mumbai,818,2023-12-23 09:00:00,128,116,14536,Cancelled
504931,SpiceJet,Kolkata,Kolkata,2303,2023-12-23 10:00:00,168,191,8256,On Time
504932,IndiGo,Chennai,Kolkata,1884,2023-12-23 11:00:00,12,100,2505,On Time
504933,Akasa Air,Bengaluru,Chennai,1005,2023-12-23 12:00:00,106,114,10446,On Time
504934,Air India,Bengaluru,Kolkata,2131,2023-12-23 13:00:00,86,183,3182,On Time
504935,Air India,Delhi,Bengaluru,1735,2023-12-23 14:00:00,152,122,10228,Delayed
504936,SpiceJet,Mumbai,Delhi,2015,2023-12-23 15:00:00,147,78,3383,On Time
504937,Vistara,Bengaluru,Delhi,667,2023-12-23 16:00:00,102,135,3834,On Time
504938,Air India,Mumbai,Delhi,341,2023-12-23 17:00:00,160,73,10249,On Time
504939,Akasa Air,Delhi,Kolkata,497,2023-12-23 18:00:00,41,63,16389,On Time
504940,Vistara,Bengaluru,Hyderabad,1593,2023-12-23 19:00:00,137,35,10764,On Time
504941,Akasa Air,Mumbai,Kolkata,1932,2023-12-23 20:00:00,129,119,6730,On Time
504942,Air India,Kolkata,Mumbai,1018,2023-12-23 21:00:00,176,33,4337,On Time
504943,Air India,Hyderabad,Hyderabad,1981,2023-12-23 22:00:00,113,101,7348,Delayed
504944,SpiceJet,Hyderabad,Hyderabad,2242,2023-12-23 23:00:00,9,188,6222,Delayed
504945,Akasa Air,Chennai,Delhi,1070,2023-12-24 00:00:00,151,57,15096,On Time
504946,IndiGo,Bengaluru,Chennai,1017,2023-12-24 01:00:00,10,46,15653,On Time
504947,SpiceJet,Bengaluru,Bengaluru,364,2023-12-24 02:00:00,117,143,4405,On Time
504948,SpiceJet,Delhi,Kolkata,2468,2023-12-24 03:00:00,41,46,13575,On Time
504949,Air India,Delhi,Hyderabad,2078,2023-12-24 04:00:00,104,169,7955,On Time
504950,Air India,Delhi,Hyderabad,1508,2023-12-24 05:00:00,74,-15,12461,On Time
504951,Vistara,Hyderabad,Hyderabad,2479,2023-12-24 06:00:00,93,171,10337,Delayed
504952,SpiceJet,Kolkata,Mumbai,2271,2023-12-24 07:00:00,2,-14,4261,On Time
504953,SpiceJet,Hyderabad,Chennai,1175,2023-12-24 08:00:00,99,127,2688,On Time
504954,Air India,Chennai,Mumbai,731,2023-12-24 09:00:00,4,181,16290,On Time
504955,Vistara,Kolkata,Bengaluru,1910,2023-12-24 10:00:00,48,60,5343,Delayed
504956,Akasa Air,Hyderabad,Mumbai,1332,2023-12-24 11:00:00,77,18,8285,On Time
504957,Air India,Chennai,Delhi,730,2023-12-24 12:00:00,174,195,15641,On Time
504958,Air India,Hyderabad,Chennai,1813,2023-12-24 13:00:00,47,55,6370,Delayed
504959,Air India,Bengaluru,Hyderabad,2469,2023-12-24 14:00:00,124,145,5827,On Time
504960,IndiGo,Kolkata,Kolkata,1473,2023-12-24 15:00:00,165,184,17541,On Time
504961,IndiGo,Hyderabad,Delhi,439,2023-12-24 16:00:00,176,83,3080,On Time
504962,Akasa Air,Bengaluru,Chennai,1661,2023-12-24 17:00:00,58,17,14607,On Time
504963,Vistara,Chennai,Bengaluru,1822,2023-12-24 18:00:00,159,133,8332,On Time
504964,Air India,Delhi,Delhi,1638,2023-12-24 19:00:00,161,176,2710,On Time
504965,Akasa Air,Kolkata,Hyderabad,918,2023-12-24 20:00:00,85,77,10319,On Time
504966,Air India,Kolkata,Mumbai,1491,2023-12-24 21:00:00,161,179,15788,On Time
504967,Vistara,Kolkata,Delhi,1234,2023-12-24 22:00:00,115,51,14239,Delayed
504968,Akasa Air,Delhi,Chennai,1054,2023-12-24 23:00:00,152,22,6997,On Time
504969,IndiGo,Hyderabad,Mumbai,1200,2023-12-25 00:00:00,46,95,8102,On Time
504970,Vistara,Kolkata,Kolkata,2344,2023-12-25 01:00:00,36,14,8913,On Time
504971,IndiGo,Kolkata,Bengaluru,544,2023-12-25 02:00:00,104,36,5954,On Time
504972,SpiceJet,Bengaluru,Chennai,1650,2023-12-25 03:00:00,119,50,5378,On Time
504973,Vistara,Bengaluru,Chennai,1892,2023-12-25 04:00:00,23,26,15409,Delayed
504974,IndiGo,Kolkata,Mumbai,2208,2023-12-25 05:00:00,23,74,5010,On Time
504975,Air India,Delhi,Kolkata,1511,2023-12-25 06:00:00,165,58,17879,Delayed
504976,Air India,Hyderabad,Mumbai,749,2023-12-25 07:00:00,19,151,7978,Delayed
504977,Akasa Air,Mumbai,Bengaluru,923,2023-12-25 08:00:00,73,-9,17588,Cancelled
504978,Akasa Air,Delhi,Kolkata,1231,2023-12-25 09:00:00,21,42,7497,On Time
504979,Vistara,Kolkata,Hyderabad,1195,2023-12-25 10:00:00,99,-13,4621,Delayed
504980,Air India,Mumbai,Mumbai,1326,2023-12-25 11:00:00,57,128,12453,On Time
504981,SpiceJet,Mumbai,Mumbai,1852,2023-12-25 12:00:00,130,165,5002,On Time
504982,Air India,Delhi,Delhi,1618,2023-12-25 13:00:00,51,23,12108,On Time
504983,Akasa Air,Kolkata,Kolkata,2142,2023-12-25 14:00:00,86,-12,15212,On Time
504984,SpiceJet,Delhi,Delhi,722,2023-12-25 15:00:00,57,15,14300,On Time
504985,SpiceJet,Chennai,Mumbai,2052,2023-12-25 16:00:00,143,5,17819,On Time
504986,Air India,Kolkata,Bengaluru,1665,2023-12-25 17:00:00,47,33,6526,On Time
504987,Vistara,Bengaluru,Bengaluru,2369,2023-12-25 18:00:00,1,138,4016,On Time
504988,IndiGo,Bengaluru,Mumbai,405,2023-12-25 19:00:00,48,85,16025,On Time
504989,Vistara,Mumbai,Mumbai,1298,2023-12-25 20:00:00,24,161,9545,On Time
504990,Air India,Kolkata,Delhi,1904,2023-12-25 21:00:00,160,4,3596,On Time
504991,Air India,Delhi,Delhi,1173,2023-12-25 22:00:00,64,21,9687,On Time
504992,SpiceJet,Bengaluru,Bengaluru,1575,2023-12-25 23:00:00,143,172,16672,Delayed
504993,Vistara,Hyderabad,Chennai,2102,2023-12-26 00:00:00,47,39,6024,On Time
504994,Akasa Air,Hyderabad,Delhi,1247,2023-12-26 01:00:00,104,157,16898,Delayed
504995,IndiGo,Mumbai,Hyderabad,841,2023-12-26 02:00:00,153,-15,5893,Delayed
504996,IndiGo,Mumbai,Hyderabad,1818,2023-12-26 03:00:00,130,127,17332,On Time
504997,SpiceJet,Kolkata,Delhi,1656,2023-12-26 04:00:00,85,35,4104,On Time
504998,SpiceJet,Mumbai,Chennai,918,2023-12-26 05:00:00,11,12,4546,On Time
504999,IndiGo,Hyderabad,Bengaluru,1546,2023-12-26 06:00:00,169,108,16416,On Time
505000,Akasa Air,Kolkata,Delhi,842,2023-12-26 07:00:00,151,100,6974,Delayed
505001,IndiGo,Chennai,Delhi,1558,2023-12-26 08:00:00,157,-8,6592,On Time
505002,Air India,Bengaluru,Mumbai,982,2023-12-26 09:00:00,164,138,3954,On Time
505003,IndiGo,Mumbai,Kolkata,1944,2023-12-26 10:00:00,168,127,2596,On Time
505004,SpiceJet,Mumbai,Delhi,1394,2023-12-26 11:00:00,155,131,9508,Delayed
505005,SpiceJet,Hyderabad,Bengaluru,2223,2023-12-26 12:00:00,52,32,3036,On Time
505006,Air India,Delhi,Mumbai,601,2023-12-26 13:00:00,74,17,4331,Delayed
505007,Air India,Mumbai,Chennai,559,2023-12-26 14:00:00,131,102,7586,On Time
505008,Vistara,Delhi,Bengaluru,503,2023-12-26 15:00:00,118,29,13079,Cancelled
505009,Vistara,Chennai,Kolkata,1112,2023-12-26 16:00:00,-7,70,3469,On Time
505010,Vistara,Delhi,Hyderabad,657,2023-12-26 17:00:00,7,55,3398,On Time
505011,SpiceJet,Mumbai,Kolkata,1191,2023-12-26 18:00:00,11,28,6372,On Time
505012,SpiceJet,Kolkata,Delhi,393,2023-12-26 19:00:00,78,-2,6516,Delayed
505013,Air India,Hyderabad,Kolkata,2086,2023-12-26 20:00:00,50,128,4791,On Time
505014,Air India,Mumbai,Mumbai,1213,2023-12-26 21:00:00,-6,17,5625,Delayed
505015,Vistara,Mumbai,Mumbai,663,2023-12-26 22:00:00,54,10,16017,On Time
505016,IndiGo,Hyderabad,Hyderabad,695,2023-12-26 23:00:00,25,86,10021,On Time
505017,SpiceJet,Delhi,Chennai,1503,2023-12-27 00:00:00,3,154,15758,Cancelled
505018,Vistara,Bengaluru,Hyderabad,2082,2023-12-27 01:00:00,2,98,7705,Delayed
505019,Akasa Air,Hyderabad,Bengaluru,2473,2023-12-27 02:00:00,106,39,9767,On Time
505020,IndiGo,Bengaluru,Mumbai,2376,2023-12-27 03:00:00,29,147,5068,Delayed
505021,SpiceJet,Delhi,Hyderabad,1128,2023-12-27 04:00:00,23,195,11644,On Time
505022,Akasa Air,Hyderabad,Hyderabad,2085,2023-12-27 05:00:00,19,155,10442,On Time
505023,IndiGo,Chennai,Hyderabad,2436,2023-12-27 06:00:00,75,177,14670,On Time
505024,IndiGo,Bengaluru,Hyderabad,984,2023-12-27 07:00:00,54,109,4608,On Time
505025,Akasa Air,Mumbai,Chennai,1103,2023-12-27 08:00:00,63,118,7998,On Time
505026,Vistara,Chennai,Kolkata,2023,2023-12-27 09:00:00,77,191,7754,Delayed
505027,Air India,Mumbai,Bengaluru,1996,2023-12-27 10:00:00,177,163,9791,Delayed
505028,Vistara,Bengaluru,Bengaluru,2011,2023-12-27 11:00:00,27,41,5651,On Time
505029,SpiceJet,Delhi,Hyderabad,1047,2023-12-27 12:00:00,28,61,7171,On Time
505030,SpiceJet,Bengaluru,Bengaluru,617,2023-12-27 13:00:00,125,101,15505,On Time
505031,IndiGo,Chennai,Kolkata,673,2023-12-27 14:00:00,135,94,17624,Delayed
505032,IndiGo,Hyderabad,Kolkata,2438,2023-12-27 15:00:00,-9,107,6979,Delayed
505033,Akasa Air,Mumbai,Kolkata,1894,2023-12-27 16:00:00,88,187,13382,Cancelled
505034,Akasa Air,Kolkata,Delhi,1634,2023-12-27 17:00:00,164,41,14525,On Time
505035,SpiceJet,Hyderabad,Bengaluru,1051,2023-12-27 18:00:00,129,89,6447,Delayed
505036,Vistara,Bengaluru,Kolkata,1589,2023-12-27 19:00:00,20,170,17764,Cancelled
505037,Air India,Bengaluru,Hyderabad,1430,2023-12-27 20:00:00,145,190,4436,On Time
505038,SpiceJet,Chennai,Delhi,2388,2023-12-27 21:00:00,145,-10,15053,Cancelled
505039,Akasa Air,Kolkata,Bengaluru,551,2023-12-27 22:00:00,40,179,7440,Delayed
505040,Akasa Air,Kolkata,Bengaluru,2403,2023-12-27 23:00:00,114,99,16677,On Time
505041,Vistara,Delhi,Bengaluru,795,2023-12-28 00:00:00,125,170,15612,On Time
505042,Vistara,Bengaluru,Chennai,2010,2023-12-28 01:00:00,112,11,10044,On Time
505043,Vistara,Delhi,Chennai,694,2023-12-28 02:00:00,13,194,14772,Delayed
505044,Vistara,Chennai,Bengaluru,1683,2023-12-28 03:00:00,-1,62,6023,On Time
505045,Air India,Bengaluru,Hyderabad,795,2023-12-28 04:00:00,138,71,16972,On Time
505046,SpiceJet,Hyderabad,Mumbai,1426,2023-12-28 05:00:00,18,5,10982,On Time
505047,SpiceJet,Kolkata,Bengaluru,1258,2023-12-28 06:00:00,-8,183,17640,Delayed
505048,Air India,Kolkata,Delhi,1747,2023-12-28 07:00:00,75,24,11628,On Time
505049,Vistara,Kolkata,Hyderabad,1065,2023-12-28 08:00:00,62,21,4081,Delayed
505050,SpiceJet,Kolkata,Kolkata,1783,2023-12-28 09:00:00,49,186,10896,Delayed
505051,Akasa Air,Chennai,Chennai,770,2023-12-28 10:00:00,128,55,8987,On Time
505052,Air India,Bengaluru,Chennai,622,2023-12-28 11:00:00,176,10,7425,On Time
505053,Akasa Air,Delhi,Chennai,881,2023-12-28 12:00:00,75,194,8451,On Time
505054,Vistara,Kolkata,Kolkata,2351,2023-12-28 13:00:00,169,141,13927,Delayed
505055,Vistara,Hyderabad,Delhi,1818,2023-12-28 14:00:00,147,67,2940,On Time
505056,IndiGo,Chennai,Hyderabad,1861,2023-12-28 15:00:00,139,116,8410,Delayed
505057,Vistara,Mumbai,Kolkata,913,2023-12-28 16:00:00,109,60,9350,On Time
505058,SpiceJet,Delhi,Bengaluru,2233,2023-12-28 17:00:00,20,76,12486,On Time
505059,Vistara,Kolkata,Kolkata,342,2023-12-28 18:00:00,125,69,14399,On Time
505060,Akasa Air,Hyderabad,Bengaluru,1306,2023-12-28 19:00:00,24,15,13147,On Time
505061,SpiceJet,Kolkata,Kolkata,354,2023-12-28 20:00:00,164,156,9327,On Time
505062,Air India,Kolkata,Delhi,770,2023-12-28 21:00:00,60,54,12399,On Time
505063,Air India,Bengaluru,Chennai,374,2023-12-28 22:00:00,172,188,12431,On Time
505064,Vistara,Bengaluru,Bengaluru,1824,2023-12-28 23:00:00,8,115,10287,Cancelled
505065,Vistara,Mumbai,Bengaluru,2275,2023-12-29 00:00:00,83,73,14532,On Time
505066,IndiGo,Kolkata,Delhi,1173,2023-12-29 01:00:00,82,120,10387,Cancelled
505067,Akasa Air,Kolkata,Hyderabad,921,2023-12-29 02:00:00,123,17,17300,On Time
505068,IndiGo,Bengaluru,Delhi,924,2023-12-29 03:00:00,110,63,6343,Delayed
505069,SpiceJet,Kolkata,Hyderabad,2376,2023-12-29 04:00:00,111,66,15187,On Time
505070,Air India,Bengaluru,Mumbai,1818,2023-12-29 05:00:00,101,9,8594,Delayed
505071,Vistara,Bengaluru,Bengaluru,708,2023-12-29 06:00:00,106,172,8842,On Time
505072,IndiGo,Delhi,Mumbai,2174,2023-12-29 07:00:00,1,183,6998,On Time
505073,Akasa Air,Delhi,Mumbai,689,2023-12-29 08:00:00,140,-7,3589,Cancelled
505074,Air India,Kolkata,Mumbai,2164,2023-12-29 09:00:00,-4,89,17938,On Time
505075,Akasa Air,Delhi,Chennai,1321,2023-12-29 10:00:00,21,176,2980,On Time
505076,Air India,Chennai,Delhi,613,2023-12-29 11:00:00,14,191,12360,On Time
505077,SpiceJet,Chennai,Bengaluru,2236,2023-12-29 12:00:00,58,69,3638,Delayed
505078,IndiGo,Hyderabad,Delhi,2009,2023-12-29 13:00:00,160,58,2535,On Time
505079,IndiGo,Bengaluru,Delhi,1397,2023-12-29 14:00:00,78,69,8312,On Time
505080,IndiGo,Mumbai,Mumbai,1010,2023-12-29 15:00:00,120,22,13571,On Time
505081,SpiceJet,Bengaluru,Mumbai,1097,2023-12-29 16:00:00,91,136,10449,On Time
505082,IndiGo,Hyderabad,Chennai,1430,2023-12-29 17:00:00,154,85,4203,Cancelled
505083,IndiGo,Chennai,Bengaluru,497,2023-12-29 18:00:00,10,9,2653,On Time
505084,Air India,Kolkata,Delhi,786,2023-12-29 19:00:00,77,115,11229,On Time
505085,Akasa Air,Delhi,Kolkata,697,2023-12-29 20:00:00,36,178,7257,Delayed
505086,Air India,Hyderabad,Hyderabad,1179,2023-12-29 21:00:00,73,110,9006,Delayed
505087,Akasa Air,Hyderabad,Kolkata,366,2023-12-29 22:00:00,160,93,9170,On Time
505088,Air India,Mumbai,Kolkata,1035,2023-12-29 23:00:00,163,176,3300,Delayed
505089,Air India,Delhi,Chennai,1093,2023-12-30 00:00:00,142,82,10210,On Time
505090,IndiGo,Delhi,Chennai,2251,2023-12-30 01:00:00,-7,11,8498,Delayed
505091,Akasa Air,Mumbai,Chennai,361,2023-12-30 02:00:00,79,103,13291,On Time
505092,SpiceJet,Kolkata,Mumbai,1964,2023-12-30 03:00:00,6,175,15800,Cancelled
505093,Air India,Chennai,Kolkata,1481,2023-12-30 04:00:00,41,26,9663,Delayed
505094,Vistara,Bengaluru,Bengaluru,1745,2023-12-30 05:00:00,108,197,3830,On Time
505095,Vistara,Chennai,Mumbai,2150,2023-12-30 06:00:00,21,150,3336,On Time
505096,Air India,Chennai,Hyderabad,1663,2023-12-30 07:00:00,124,5,10969,On Time
505097,SpiceJet,Chennai,Bengaluru,1899,2023-12-30 08:00:00,146,-15,10588,On Time
505098,SpiceJet,Kolkata,Bengaluru,605,2023-12-30 09:00:00,145,69,16160,On Time
505099,Air India,Chennai,Chennai,843,2023-12-30 10:00:00,87,52,6736,On Time
505100,Akasa Air,Kolkata,Mumbai,693,2023-12-30 11:00:00,24,162,13522,On Time
505101,SpiceJet,Kolkata,Kolkata,1102,2023-12-30 12:00:00,37,106,8514,Cancelled
505102,Air India,Hyderabad,Kolkata,891,2023-12-30 13:00:00,40,184,8709,On Time
505103,Vistara,Bengaluru,Delhi,1432,2023-12-30 14:00:00,70,60,12608,On Time
505104,SpiceJet,Chennai,Delhi,865,2023-12-30 15:00:00,64,90,16610,On Time
505105,Akasa Air,Chennai,Chennai,1467,2023-12-30 16:00:00,9,95,16443,On Time
505106,SpiceJet,Bengaluru,Bengaluru,1621,2023-12-30 17:00:00,91,147,6210,On Time
505107,Air India,Hyderabad,Kolkata,2420,2023-12-30 18:00:00,161,93,9467,On Time
505108,Akasa Air,Hyderabad,Kolkata,456,2023-12-30 19:00:00,103,152,4263,Cancelled
505109,Vistara,Kolkata,Chennai,711,2023-12-30 20:00:00,91,59,16504,On Time
505110,IndiGo,Kolkata,Delhi,1165,2023-12-30 21:00:00,140,105,11720,On Time
505111,SpiceJet,Hyderabad,Delhi,1756,2023-12-30 22:00:00,66,-10,8792,On Time
505112,Air India,Delhi,Chennai,2046,2023-12-30 23:00:00,78,124,6857,Delayed
505113,IndiGo,Hyderabad,Kolkata,1967,2023-12-31 00:00:00,153,50,5807,Delayed
505114,Vistara,Chennai,Bengaluru,544,2023-12-31 01:00:00,101,84,7992,On Time
505115,Vistara,Bengaluru,Bengaluru,2249,2023-12-31 02:00:00,-7,60,3683,On Time
505116,SpiceJet,Bengaluru,Kolkata,1678,2023-12-31 03:00:00,46,36,10934,Delayed
505117,Akasa Air,Hyderabad,Kolkata,998,2023-12-31 04:00:00,49,77,13201,Delayed
505118,Air India,Mumbai,Mumbai,2236,2023-12-31 05:00:00,112,73,6259,On Time
505119,Vistara,Kolkata,Chennai,613,2023-12-31 06:00:00,15,0,3133,On Time
505120,SpiceJet,Delhi,Chennai,503,2023-12-31 07:00:00,77,5,5350,Cancelled
505121,IndiGo,Delhi,Delhi,1268,2023-12-31 08:00:00,112,165,17773,Delayed
505122,Akasa Air,Hyderabad,Kolkata,2429,2023-12-31 09:00:00,14,191,5153,On Time
505123,IndiGo,Hyderabad,Delhi,977,2023-12-31 10:00:00,115,28,14828,On Time
505124,SpiceJet,Delhi,Mumbai,730,2023-12-31 11:00:00,-6,168,7289,On Time
505125,IndiGo,Hyderabad,Kolkata,1574,2023-12-31 12:00:00,72,3,13947,Delayed
505126,IndiGo,Hyderabad,Kolkata,1638,2023-12-31 13:00:00,91,160,5112,Delayed
505127,Akasa Air,Chennai,Hyderabad,816,2023-12-31 14:00:00,45,-14,6301,On Time
505128,IndiGo,Hyderabad,Delhi,1191,2023-12-31 15:00:00,29,43,9139,Delayed
505129,SpiceJet,Kolkata,Bengaluru,1049,2023-12-31 16:00:00,97,2,13231,On Time
505130,Vistara,Delhi,Bengaluru,1577,2023-12-31 17:00:00,44,4,8397,Delayed
505131,IndiGo,Chennai,Bengaluru,2165,2023-12-31 18:00:00,20,2,11944,On Time
505132,IndiGo,Delhi,Delhi,807,2023-12-31 19:00:00,87,29,11424,On Time
505133,Vistara,Delhi,Bengaluru,1594,2023-12-31 20:00:00,-10,50,4619,On Time
505134,IndiGo,Kolkata,Mumbai,1943,2023-12-31 21:00:00,8,148,13062,Delayed
505135,IndiGo,Kolkata,Chennai,1717,2023-12-31 22:00:00,112,136,14475,On Time
505136,Air India,Delhi,Delhi,1826,2023-12-31 23:00:00,62,160,11343,On Time
505137,Akasa Air,Hyderabad,Chennai,2404,2024-01-01 00:00:00,140,134,14988,Delayed
505138,Air India,Bengaluru,Hyderabad,1901,2024-01-01 01:00:00,166,190,17129,On Time
505139,Vistara,Chennai,Chennai,1247,2024-01-01 02:00:00,29,195,5070,On Time
505140,Akasa Air,Delhi,Kolkata,318,2024-01-01 03:00:00,90,129,4987,On Time
505141,Air India,Chennai,Kolkata,2312,2024-01-01 04:00:00,116,143,10523,Cancelled
505142,Vistara,Chennai,Kolkata,834,2024-01-01 05:00:00,104,53,15619,Delayed
505143,Vistara,Hyderabad,Mumbai,433,2024-01-01 06:00:00,-9,42,7146,On Time
505144,IndiGo,Kolkata,Chennai,1032,2024-01-01 07:00:00,159,181,14506,On Time
505145,SpiceJet,Hyderabad,Chennai,1694,2024-01-01 08:00:00,12,8,14396,On Time
505146,SpiceJet,Delhi,Chennai,545,2024-01-01 09:00:00,-9,133,14327,On Time
505147,IndiGo,Kolkata,Bengaluru,2384,2024-01-01 10:00:00,101,133,13633,On Time
505148,Vistara,Mumbai,Delhi,686,2024-01-01 11:00:00,85,35,16637,On Time
505149,Akasa Air,Kolkata,Kolkata,2184,2024-01-01 12:00:00,179,197,15294,On Time
505150,Air India,Bengaluru,Kolkata,2159,2024-01-01 13:00:00,114,108,16908,Cancelled
505151,Akasa Air,Hyderabad,Mumbai,1708,2024-01-01 14:00:00,109,-11,14846,On Time
505152,Akasa Air,Hyderabad,Bengaluru,527,2024-01-01 15:00:00,73,97,16777,On Time
505153,Air India,Bengaluru,Mumbai,2278,2024-01-01 16:00:00,79,40,11131,On Time
505154,IndiGo,Bengaluru,Chennai,868,2024-01-01 17:00:00,91,157,16967,On Time
505155,Akasa Air,Mumbai,Bengaluru,2326,2024-01-01 18:00:00,141,0,7362,Delayed
505156,Vistara,Bengaluru,Bengaluru,809,2024-01-01 19:00:00,122,156,7671,Delayed
505157,IndiGo,Mumbai,Delhi,1854,2024-01-01 20:00:00,-7,183,16835,On Time
505158,Vistara,Mumbai,Bengaluru,1579,2024-01-01 21:00:00,46,19,13071,On Time
505159,Vistara,Hyderabad,Kolkata,1370,2024-01-01 22:00:00,111,184,6187,Delayed
505160,SpiceJet,Delhi,Bengaluru,2236,2024-01-01 23:00:00,158,116,5014,On Time
505161,SpiceJet,Hyderabad,Bengaluru,1675,2024-01-02 00:00:00,93,163,14403,On Time
505162,SpiceJet,Bengaluru,Kolkata,791,2024-01-02 01:00:00,154,97,4533,On Time
505163,Akasa Air,Kolkata,Mumbai,1627,2024-01-02 02:00:00,145,0,16586,Delayed
505164,Vistara,Delhi,Bengaluru,1828,2024-01-02 03:00:00,90,144,6569,On Time
505165,Akasa Air,Mumbai,Mumbai,1047,2024-01-02 04:00:00,149,63,5966,Cancelled
505166,IndiGo,Kolkata,Delhi,1758,2024-01-02 05:00:00,155,-12,4874,On Time
505167,Vistara,Kolkata,Bengaluru,593,2024-01-02 06:00:00,105,153,3887,On Time
505168,IndiGo,Delhi,Mumbai,527,2024-01-02 07:00:00,91,163,4526,On Time
505169,Akasa Air,Chennai,Kolkata,1461,2024-01-02 08:00:00,110,93,8436,On Time
505170,SpiceJet,Chennai,Bengaluru,825,2024-01-02 09:00:00,48,108,9347,Delayed
505171,SpiceJet,Bengaluru,Chennai,1623,2024-01-02 10:00:00,31,-11,7925,On Time
505172,IndiGo,Bengaluru,Chennai,2312,2024-01-02 11:00:00,-6,58,10950,Delayed
505173,IndiGo,Mumbai,Mumbai,952,2024-01-02 12:00:00,147,97,5322,Delayed
505174,IndiGo,Bengaluru,Hyderabad,1858,2024-01-02 13:00:00,66,34,11103,On Time
505175,SpiceJet,Hyderabad,Delhi,2165,2024-01-02 14:00:00,169,157,8289,On Time
505176,Akasa Air,Chennai,Mumbai,500,2024-01-02 15:00:00,115,189,12309,On Time
505177,Vistara,Delhi,Bengaluru,1218,2024-01-02 16:00:00,151,98,6644,On Time
505178,Vistara,Chennai,Kolkata,1105,2024-01-02 17:00:00,6,190,3184,Delayed
505179,Akasa Air,Mumbai,Chennai,951,2024-01-02 18:00:00,37,128,17451,On Time
505180,IndiGo,Chennai,Delhi,2440,2024-01-02 19:00:00,48,57,3284,On Time
505181,IndiGo,Bengaluru,Delhi,1933,2024-01-02 20:00:00,44,24,6676,On Time
505182,SpiceJet,Bengaluru,Delhi,1242,2024-01-02 21:00:00,106,193,17659,On Time
505183,Air India,Mumbai,Hyderabad,1634,2024-01-02 22:00:00,22,178,9959,Cancelled
505184,Air India,Bengaluru,Mumbai,966,2024-01-02 23:00:00,96,36,13814,On Time
505185,IndiGo,Bengaluru,Bengaluru,1610,2024-01-03 00:00:00,93,10,13656,On Time
505186,Air India,Chennai,Kolkata,573,2024-01-03 01:00:00,138,32,7702,On Time
505187,Air India,Mumbai,Hyderabad,1731,2024-01-03 02:00:00,81,61,11906,On Time
505188,IndiGo,Bengaluru,Hyderabad,2239,2024-01-03 03:00:00,150,186,16090,On Time
505189,Air India,Mumbai,Hyderabad,2102,2024-01-03 04:00:00,126,-1,12475,Cancelled
505190,Akasa Air,Bengaluru,Chennai,1825,2024-01-03 05:00:00,135,188,15767,Cancelled
505191,Akasa Air,Hyderabad,Kolkata,1279,2024-01-03 06:00:00,145,162,11353,Delayed
505192,SpiceJet,Delhi,Mumbai,1551,2024-01-03 07:00:00,52,-4,17272,Delayed
505193,SpiceJet,Chennai,Mumbai,1535,2024-01-03 08:00:00,110,35,14557,On Time
505194,IndiGo,Delhi,Chennai,1153,2024-01-03 09:00:00,174,162,12176,On Time
505195,Air India,Bengaluru,Hyderabad,1338,2024-01-03 10:00:00,159,196,11743,Delayed
505196,Air India,Bengaluru,Kolkata,1887,2024-01-03 11:00:00,142,95,5194,Cancelled
505197,Vistara,Chennai,Delhi,959,2024-01-03 12:00:00,14,123,12561,On Time
505198,SpiceJet,Delhi,Mumbai,421,2024-01-03 13:00:00,53,136,15653,Delayed
505199,Vistara,Bengaluru,Chennai,2251,2024-01-03 14:00:00,49,93,10027,Delayed
505200,SpiceJet,Delhi,Mumbai,1088,2024-01-03 15:00:00,84,198,12844,On Time
505201,Vistara,Mumbai,Mumbai,721,2024-01-03 16:00:00,171,197,6977,On Time
505202,Akasa Air,Delhi,Delhi,2165,2024-01-03 17:00:00,71,70,6151,On Time
505203,Air India,Kolkata,Delhi,1340,2024-01-03 18:00:00,99,170,7144,On Time
505204,Air India,Mumbai,Hyderabad,2108,2024-01-03 19:00:00,22,177,13601,Delayed
505205,Akasa Air,Bengaluru,Mumbai,1233,2024-01-03 20:00:00,7,8,4721,Delayed
505206,Vistara,Chennai,Bengaluru,1396,2024-01-03 21:00:00,80,117,11764,Delayed
505207,Air India,Bengaluru,Hyderabad,2355,2024-01-03 22:00:00,144,117,6913,On Time
505208,Air India,Mumbai,Mumbai,2158,2024-01-03 23:00:00,166,170,8207,On Time
505209,Vistara,Kolkata,Hyderabad,499,2024-01-04 00:00:00,160,-13,15666,On Time
505210,Air India,Chennai,Kolkata,443,2024-01-04 01:00:00,122,53,4156,On Time
505211,Vistara,Bengaluru,Mumbai,1744,2024-01-04 02:00:00,165,100,8365,On Time
505212,SpiceJet,Chennai,Delhi,1589,2024-01-04 03:00:00,82,198,15640,Delayed
505213,IndiGo,Hyderabad,Kolkata,1452,2024-01-04 04:00:00,33,48,16616,On Time
505214,Air India,Hyderabad,Bengaluru,2465,2024-01-04 05:00:00,160,35,16501,Delayed
505215,SpiceJet,Hyderabad,Mumbai,659,2024-01-04 06:00:00,3,19,15809,On Time
505216,Akasa Air,Kolkata,Mumbai,860,2024-01-04 07:00:00,98,124,15942,Delayed
505217,SpiceJet,Chennai,Hyderabad,1960,2024-01-04 08:00:00,144,35,3957,On Time
505218,Akasa Air,Bengaluru,Mumbai,1942,2024-01-04 09:00:00,125,56,4969,On Time
505219,SpiceJet,Mumbai,Kolkata,1912,2024-01-04 10:00:00,139,11,7419,On Time
505220,SpiceJet,Delhi,Mumbai,1368,2024-01-04 11:00:00,103,124,15738,Cancelled
505221,Vistara,Kolkata,Hyderabad,1278,2024-01-04 12:00:00,66,-13,8478,Delayed
505222,Air India,Delhi,Bengaluru,2074,2024-01-04 13:00:00,49,6,2554,On Time
505223,Air India,Bengaluru,Chennai,2290,2024-01-04 14:00:00,34,92,4360,On Time
505224,Vistara,Bengaluru,Hyderabad,994,2024-01-04 15:00:00,59,162,14702,Delayed
505225,SpiceJet,Hyderabad,Delhi,2362,2024-01-04 16:00:00,168,59,4936,Delayed
505226,Air India,Hyderabad,Delhi,1668,2024-01-04 17:00:00,58,49,6574,Delayed
505227,SpiceJet,Bengaluru,Hyderabad,1167,2024-01-04 18:00:00,161,107,14609,On Time
505228,Air India,Hyderabad,Chennai,1836,2024-01-04 19:00:00,-4,-15,10262,Delayed
505229,Air India,Bengaluru,Mumbai,2434,2024-01-04 20:00:00,164,128,13768,Cancelled
505230,SpiceJet,Bengaluru,Hyderabad,2166,2024-01-04 21:00:00,129,109,12970,On Time
505231,Akasa Air,Chennai,Bengaluru,1177,2024-01-04 22:00:00,3,61,14778,Cancelled
505232,Air India,Bengaluru,Delhi,2484,2024-01-04 23:00:00,57,0,14868,Cancelled
505233,SpiceJet,Bengaluru,Kolkata,424,2024-01-05 00:00:00,158,142,3380,Delayed
505234,Vistara,Delhi,Kolkata,877,2024-01-05 01:00:00,-6,51,5280,On Time
505235,IndiGo,Hyderabad,Kolkata,914,2024-01-05 02:00:00,105,111,15393,On Time
505236,Air India,Chennai,Hyderabad,895,2024-01-05 03:00:00,-3,161,14326,Delayed
505237,Air India,Mumbai,Chennai,1827,2024-01-05 04:00:00,72,-13,17930,On Time
505238,SpiceJet,Bengaluru,Bengaluru,1996,2024-01-05 05:00:00,165,152,3376,On Time
505239,SpiceJet,Chennai,Chennai,1474,2024-01-05 06:00:00,46,-6,17849,Delayed
505240,IndiGo,Kolkata,Hyderabad,707,2024-01-05 07:00:00,129,151,12860,On Time
505241,Air India,Mumbai,Kolkata,2026,2024-01-05 08:00:00,120,108,5023,On Time
505242,SpiceJet,Kolkata,Chennai,1481,2024-01-05 09:00:00,4,8,7602,Cancelled
505243,Air India,Kolkata,Mumbai,761,2024-01-05 10:00:00,112,159,2511,On Time
505244,Air India,Mumbai,Chennai,2132,2024-01-05 11:00:00,114,83,15311,On Time
505245,IndiGo,Mumbai,Chennai,431,2024-01-05 12:00:00,175,179,7895,Delayed
505246,IndiGo,Hyderabad,Hyderabad,328,2024-01-05 13:00:00,74,79,3338,On Time
505247,Vistara,Chennai,Hyderabad,1777,2024-01-05 14:00:00,168,174,6686,On Time
505248,Vistara,Delhi,Kolkata,921,2024-01-05 15:00:00,57,72,9927,On Time
505249,Air India,Hyderabad,Chennai,1567,2024-01-05 16:00:00,124,79,3580,Delayed
505250,Akasa Air,Chennai,Mumbai,1431,2024-01-05 17:00:00,154,175,3240,On Time
505251,IndiGo,Bengaluru,Delhi,1109,2024-01-05 18:00:00,-8,-15,14386,On Time
505252,SpiceJet,Delhi,Mumbai,1007,2024-01-05 19:00:00,161,127,14740,On Time
505253,Vistara,Kolkata,Chennai,831,2024-01-05 20:00:00,113,46,8698,Delayed
505254,Vistara,Mumbai,Hyderabad,401,2024-01-05 21:00:00,13,139,4052,On Time
505255,Vistara,Chennai,Chennai,2351,2024-01-05 22:00:00,157,194,5705,On Time
505256,Akasa Air,Mumbai,Bengaluru,1272,2024-01-05 23:00:00,135,8,9517,On Time
505257,Akasa Air,Hyderabad,Bengaluru,1017,2024-01-06 00:00:00,115,71,4652,On Time
505258,Vistara,Hyderabad,Bengaluru,785,2024-01-06 01:00:00,42,134,11591,Delayed
505259,Vistara,Mumbai,Delhi,1735,2024-01-06 02:00:00,177,197,16808,On Time
505260,Air India,Bengaluru,Delhi,2414,2024-01-06 03:00:00,16,70,13562,Delayed
505261,IndiGo,Chennai,Hyderabad,561,2024-01-06 04:00:00,87,193,4049,On Time
505262,Akasa Air,Chennai,Bengaluru,2391,2024-01-06 05:00:00,87,170,11367,Delayed
505263,Air India,Hyderabad,Delhi,735,2024-01-06 06:00:00,145,111,7851,On Time
505264,IndiGo,Hyderabad,Chennai,539,2024-01-06 07:00:00,150,159,9323,On Time
505265,Akasa Air,Chennai,Bengaluru,567,2024-01-06 08:00:00,158,86,9490,On Time
505266,SpiceJet,Kolkata,Delhi,1097,2024-01-06 09:00:00,155,186,11538,On Time
505267,SpiceJet,Bengaluru,Delhi,962,2024-01-06 10:00:00,168,38,7304,On Time
505268,Akasa Air,Chennai,Delhi,626,2024-01-06 11:00:00,24,16,11704,Delayed
505269,Air India,Mumbai,Delhi,1158,2024-01-06 12:00:00,59,76,10432,On Time
505270,Vistara,Bengaluru,Chennai,1032,2024-01-06 13:00:00,0,195,14751,On Time
505271,IndiGo,Delhi,Bengaluru,2140,2024-01-06 14:00:00,124,159,11804,On Time
505272,SpiceJet,Delhi,Delhi,1062,2024-01-06 15:00:00,122,111,9646,On Time
505273,Vistara,Kolkata,Kolkata,2010,2024-01-06 16:00:00,152,74,6179,Delayed
505274,SpiceJet,Kolkata,Mumbai,2278,2024-01-06 17:00:00,116,140,5503,Delayed
505275,SpiceJet,Chennai,Hyderabad,2334,2024-01-06 18:00:00,11,65,16883,Delayed
505276,IndiGo,Bengaluru,Delhi,1159,2024-01-06 19:00:00,178,-10,2939,On Time
505277,Vistara,Chennai,Hyderabad,1936,2024-01-06 20:00:00,81,64,5224,On Time
505278,SpiceJet,Chennai,Hyderabad,1448,2024-01-06 21:00:00,138,123,4627,Delayed
505279,Akasa Air,Kolkata,Kolkata,1374,2024-01-06 22:00:00,135,107,7257,Delayed
505280,Akasa Air,Bengaluru,Kolkata,1937,2024-01-06 23:00:00,63,199,7451,Delayed
505281,SpiceJet,Delhi,Kolkata,2431,2024-01-07 00:00:00,105,81,15467,Delayed
505282,SpiceJet,Delhi,Bengaluru,511,2024-01-07 01:00:00,42,181,13774,On Time
505283,Vistara,Chennai,Kolkata,664,2024-01-07 02:00:00,164,22,15036,On Time
505284,Akasa Air,Mumbai,Hyderabad,1863,2024-01-07 03:00:00,104,186,5140,Delayed
505285,Air India,Delhi,Hyderabad,1244,2024-01-07 04:00:00,73,161,10754,On Time
505286,Vistara,Hyderabad,Chennai,1179,2024-01-07 05:00:00,-10,60,5973,On Time
505287,Akasa Air,Kolkata,Mumbai,542,2024-01-07 06:00:00,138,133,14522,On Time
505288,Vistara,Chennai,Delhi,1545,2024-01-07 07:00:00,94,145,17864,On Time
505289,Vistara,Delhi,Mumbai,619,2024-01-07 08:00:00,95,192,3809,On Time
505290,Air India,Chennai,Delhi,1720,2024-01-07 09:00:00,7,24,7982,Delayed
505291,Akasa Air,Hyderabad,Delhi,1609,2024-01-07 10:00:00,150,96,9366,On Time
505292,Air India,Hyderabad,Delhi,1306,2024-01-07 11:00:00,73,164,2506,On Time
505293,Vistara,Bengaluru,Delhi,989,2024-01-07 12:00:00,112,15,4074,Delayed
505294,IndiGo,Chennai,Kolkata,1667,2024-01-07 13:00:00,49,173,15800,Delayed
505295,SpiceJet,Chennai,Hyderabad,563,2024-01-07 14:00:00,99,160,2856,Delayed
505296,Akasa Air,Bengaluru,Chennai,1394,2024-01-07 15:00:00,14,100,16669,On Time
505297,SpiceJet,Hyderabad,Kolkata,1876,2024-01-07 16:00:00,59,111,15254,On Time
505298,IndiGo,Delhi,Bengaluru,858,2024-01-07 17:00:00,121,12,8779,Delayed
505299,Air India,Delhi,Bengaluru,1850,2024-01-07 18:00:00,91,135,4684,On Time
505300,IndiGo,Delhi,Kolkata,1519,2024-01-07 19:00:00,63,182,6276,Delayed
505301,IndiGo,Chennai,Chennai,1771,2024-01-07 20:00:00,164,186,11555,On Time
505302,Vistara,Delhi,Chennai,1370,2024-01-07 21:00:00,152,13,12837,On Time
505303,IndiGo,Mumbai,Hyderabad,1753,2024-01-07 22:00:00,105,39,11308,On Time
505304,Akasa Air,Delhi,Mumbai,329,2024-01-07 23:00:00,93,158,13472,Cancelled
505305,SpiceJet,Kolkata,Bengaluru,2051,2024-01-08 00:00:00,152,146,12869,On Time
505306,Vistara,Kolkata,Bengaluru,1972,2024-01-08 01:00:00,128,194,16346,On Time
505307,Vistara,Kolkata,Delhi,1596,2024-01-08 02:00:00,160,97,14149,On Time
505308,IndiGo,Kolkata,Mumbai,1018,2024-01-08 03:00:00,39,192,3922,Delayed
505309,Air India,Mumbai,Chennai,1518,2024-01-08 04:00:00,35,178,17976,On Time
505310,Air India,Kolkata,Mumbai,830,2024-01-08 05:00:00,168,30,9072,On Time
505311,Vistara,Delhi,Chennai,1543,2024-01-08 06:00:00,51,173,9511,On Time
505312,SpiceJet,Chennai,Bengaluru,725,2024-01-08 07:00:00,84,159,13906,Delayed
505313,Air India,Chennai,Delhi,992,2024-01-08 08:00:00,37,127,15707,Delayed
505314,SpiceJet,Chennai,Hyderabad,1580,2024-01-08 09:00:00,176,14,5727,On Time
505315,SpiceJet,Chennai,Hyderabad,665,2024-01-08 10:00:00,171,66,11181,On Time
505316,IndiGo,Kolkata,Bengaluru,1879,2024-01-08 11:00:00,152,-8,4300,On Time
505317,Akasa Air,Chennai,Delhi,1369,2024-01-08 12:00:00,137,122,15982,On Time
505318,Vistara,Hyderabad,Chennai,2184,2024-01-08 13:00:00,88,97,13524,Delayed
505319,Vistara,Chennai,Delhi,1932,2024-01-08 14:00:00,97,180,4409,On Time
505320,Vistara,Chennai,Hyderabad,2378,2024-01-08 15:00:00,99,-4,3169,Delayed
505321,Akasa Air,Kolkata,Chennai,1337,2024-01-08 16:00:00,42,97,7490,On Time
505322,IndiGo,Hyderabad,Hyderabad,1553,2024-01-08 17:00:00,57,197,4120,Delayed
505323,Akasa Air,Kolkata,Bengaluru,1640,2024-01-08 18:00:00,158,134,6627,On Time
505324,Vistara,Hyderabad,Delhi,600,2024-01-08 19:00:00,95,177,6072,Delayed
505325,Air India,Kolkata,Chennai,1892,2024-01-08 20:00:00,31,6,10023,On Time
505326,Akasa Air,Hyderabad,Bengaluru,981,2024-01-08 21:00:00,74,107,2607,On Time
505327,Air India,Bengaluru,Kolkata,1489,2024-01-08 22:00:00,28,17,10923,On Time
505328,Air India,Kolkata,Mumbai,2157,2024-01-08 23:00:00,45,0,9031,On Time
505329,IndiGo,Mumbai,Chennai,2136,2024-01-09 00:00:00,17,167,10267,On Time
505330,Vistara,Mumbai,Chennai,871,2024-01-09 01:00:00,179,47,6622,On Time
505331,Air India,Hyderabad,Hyderabad,1524,2024-01-09 02:00:00,-9,129,10657,On Time
505332,Air India,Kolkata,Kolkata,1073,2024-01-09 03:00:00,74,120,12186,On Time
505333,Air India,Kolkata,Delhi,1791,2024-01-09 04:00:00,82,184,11510,On Time
505334,Akasa Air,Mumbai,Bengaluru,2063,2024-01-09 05:00:00,40,98,5184,Delayed
505335,IndiGo,Mumbai,Kolkata,2296,2024-01-09 06:00:00,99,35,5841,On Time
505336,IndiGo,Delhi,Delhi,787,2024-01-09 07:00:00,85,-11,3629,On Time
505337,Air India,Hyderabad,Hyderabad,667,2024-01-09 08:00:00,44,197,9949,Delayed
505338,Akasa Air,Hyderabad,Kolkata,1776,2024-01-09 09:00:00,36,169,3433,On Time
505339,Akasa Air,Bengaluru,Bengaluru,2001,2024-01-09 10:00:00,115,116,10733,On Time
505340,Air India,Hyderabad,Mumbai,399,2024-01-09 11:00:00,21,-13,15737,On Time
505341,SpiceJet,Hyderabad,Delhi,659,2024-01-09 12:00:00,117,68,15140,Delayed
505342,Air India,Mumbai,Bengaluru,623,2024-01-09 13:00:00,117,68,16359,On Time
505343,SpiceJet,Bengaluru,Chennai,1391,2024-01-09 14:00:00,139,33,6316,On Time
505344,Vistara,Delhi,Kolkata,2331,2024-01-09 15:00:00,66,193,16993,Delayed
505345,Air India,Chennai,Chennai,1969,2024-01-09 16:00:00,94,108,13635,On Time
505346,Vistara,Hyderabad,Chennai,1742,2024-01-09 17:00:00,119,172,9291,Delayed
505347,SpiceJet,Chennai,Mumbai,2184,2024-01-09 18:00:00,90,89,3150,On Time
505348,IndiGo,Bengaluru,Bengaluru,1724,2024-01-09 19:00:00,89,190,11042,On Time
505349,Air India,Chennai,Mumbai,1860,2024-01-09 20:00:00,55,-5,16039,On Time
505350,Akasa Air,Delhi,Mumbai,1219,2024-01-09 21:00:00,144,89,12974,On Time
505351,Air India,Mumbai,Chennai,1176,2024-01-09 22:00:00,99,13,11624,On Time
505352,IndiGo,Delhi,Hyderabad,973,2024-01-09 23:00:00,76,108,6769,On Time
505353,IndiGo,Bengaluru,Chennai,674,2024-01-10 00:00:00,89,59,9538,On Time
505354,Air India,Mumbai,Hyderabad,1956,2024-01-10 01:00:00,-2,99,9846,On Time
505355,IndiGo,Chennai,Delhi,1608,2024-01-10 02:00:00,121,77,12389,Delayed
505356,Akasa Air,Bengaluru,Bengaluru,1465,2024-01-10 03:00:00,165,198,13918,On Time
505357,Air India,Delhi,Delhi,569,2024-01-10 04:00:00,176,81,14257,Delayed
505358,SpiceJet,Kolkata,Delhi,947,2024-01-10 05:00:00,126,85,7259,Delayed
505359,SpiceJet,Kolkata,Kolkata,1924,2024-01-10 06:00:00,97,-11,11514,On Time
505360,IndiGo,Chennai,Bengaluru,1007,2024-01-10 07:00:00,127,57,10596,On Time
505361,Air India,Mumbai,Hyderabad,2473,2024-01-10 08:00:00,178,57,4893,On Time
505362,SpiceJet,Hyderabad,Hyderabad,1134,2024-01-10 09:00:00,156,156,9018,On Time
505363,Akasa Air,Hyderabad,Kolkata,1717,2024-01-10 10:00:00,106,121,3494,On Time
505364,IndiGo,Bengaluru,Mumbai,2055,2024-01-10 11:00:00,162,44,13595,Delayed
505365,IndiGo,Bengaluru,Hyderabad,2306,2024-01-10 12:00:00,40,138,11374,On Time
505366,SpiceJet,Bengaluru,Delhi,701,2024-01-10 13:00:00,6,147,6752,On Time
505367,SpiceJet,Chennai,Delhi,782,2024-01-10 14:00:00,42,77,6634,On Time
505368,IndiGo,Bengaluru,Delhi,478,2024-01-10 15:00:00,140,138,13479,On Time
505369,Vistara,Hyderabad,Kolkata,402,2024-01-10 16:00:00,19,130,2790,Delayed
505370,SpiceJet,Delhi,Chennai,1649,2024-01-10 17:00:00,41,121,5089,On Time
505371,Vistara,Chennai,Hyderabad,2091,2024-01-10 18:00:00,135,149,13075,On Time
505372,IndiGo,Hyderabad,Delhi,1812,2024-01-10 19:00:00,164,154,11065,On Time
505373,SpiceJet,Hyderabad,Kolkata,1405,2024-01-10 20:00:00,142,114,17683,On Time
505374,Vistara,Hyderabad,Chennai,2454,2024-01-10 21:00:00,174,53,11902,Delayed
505375,Vistara,Kolkata,Delhi,450,2024-01-10 22:00:00,-3,199,8710,Delayed
505376,Air India,Bengaluru,Hyderabad,991,2024-01-10 23:00:00,29,32,7401,Delayed
505377,IndiGo,Hyderabad,Delhi,1098,2024-01-11 00:00:00,12,181,17310,On Time
505378,Akasa Air,Delhi,Bengaluru,661,2024-01-11 01:00:00,27,45,8663,On Time
505379,Air India,Chennai,Hyderabad,496,2024-01-11 02:00:00,15,108,8422,On Time
505380,Akasa Air,Delhi,Kolkata,2167,2024-01-11 03:00:00,115,52,3589,Delayed
505381,Akasa Air,Bengaluru,Kolkata,451,2024-01-11 04:00:00,148,79,8860,On Time
505382,SpiceJet,Mumbai,Mumbai,1876,2024-01-11 05:00:00,118,103,7915,On Time
505383,Akasa Air,Kolkata,Kolkata,2467,2024-01-11 06:00:00,147,25,2932,On Time
505384,SpiceJet,Kolkata,Mumbai,1051,2024-01-11 07:00:00,174,42,2909,Delayed
505385,Akasa Air,Bengaluru,Chennai,2040,2024-01-11 08:00:00,50,14,3531,On Time
505386,Air India,Mumbai,Chennai,598,2024-01-11 09:00:00,75,-1,17328,On Time
505387,IndiGo,Bengaluru,Bengaluru,999,2024-01-11 10:00:00,63,52,7638,Delayed
505388,Akasa Air,Delhi,Delhi,688,2024-01-11 11:00:00,138,9,16494,On Time
505389,IndiGo,Chennai,Kolkata,1149,2024-01-11 12:00:00,75,43,3847,Delayed
505390,Akasa Air,Kolkata,Hyderabad,1151,2024-01-11 13:00:00,91,65,14122,On Time
505391,SpiceJet,Bengaluru,Delhi,1349,2024-01-11 14:00:00,151,29,14491,On Time
505392,IndiGo,Delhi,Hyderabad,653,2024-01-11 15:00:00,25,144,9473,Delayed
505393,IndiGo,Chennai,Bengaluru,701,2024-01-11 16:00:00,152,146,7340,On Time
505394,IndiGo,Chennai,Chennai,1163,2024-01-11 17:00:00,114,46,7175,Delayed
505395,IndiGo,Kolkata,Hyderabad,2364,2024-01-11 18:00:00,-3,24,15663,Delayed
505396,Akasa Air,Mumbai,Hyderabad,1916,2024-01-11 19:00:00,7,74,8874,On Time
505397,SpiceJet,Chennai,Chennai,1953,2024-01-11 20:00:00,131,134,7695,Cancelled
505398,SpiceJet,Delhi,Delhi,2412,2024-01-11 21:00:00,118,165,7664,On Time
505399,IndiGo,Mumbai,Mumbai,934,2024-01-11 22:00:00,112,42,3488,On Time
505400,Air India,Hyderabad,Kolkata,1269,2024-01-11 23:00:00,111,103,17132,On Time
505401,Akasa Air,Chennai,Delhi,2474,2024-01-12 00:00:00,30,71,16812,On Time
505402,Vistara,Chennai,Delhi,2137,2024-01-12 01:00:00,7,22,16985,On Time
505403,Vistara,Mumbai,Hyderabad,2370,2024-01-12 02:00:00,-10,3,8837,On Time
505404,SpiceJet,Kolkata,Chennai,2389,2024-01-12 03:00:00,110,128,8694,Delayed
505405,SpiceJet,Bengaluru,Hyderabad,2221,2024-01-12 04:00:00,104,154,16806,On Time
505406,Air India,Bengaluru,Hyderabad,2288,2024-01-12 05:00:00,41,164,14966,On Time
505407,Akasa Air,Bengaluru,Hyderabad,402,2024-01-12 06:00:00,175,159,4395,On Time
505408,SpiceJet,Delhi,Bengaluru,1748,2024-01-12 07:00:00,114,41,3626,Delayed
505409,Akasa Air,Chennai,Kolkata,730,2024-01-12 08:00:00,133,145,14953,Cancelled
505410,Akasa Air,Mumbai,Hyderabad,796,2024-01-12 09:00:00,142,151,15593,On Time
505411,SpiceJet,Delhi,Hyderabad,1745,2024-01-12 10:00:00,32,157,10181,Delayed
505412,Vistara,Chennai,Delhi,2130,2024-01-12 11:00:00,38,100,7961,On Time
505413,IndiGo,Hyderabad,Delhi,1885,2024-01-12 12:00:00,12,121,13286,On Time
505414,SpiceJet,Hyderabad,Bengaluru,1432,2024-01-12 13:00:00,53,4,12488,On Time
505415,Air India,Kolkata,Hyderabad,1069,2024-01-12 14:00:00,139,103,12368,On Time
505416,Air India,Kolkata,Hyderabad,1299,2024-01-12 15:00:00,112,128,2959,Delayed
505417,IndiGo,Mumbai,Mumbai,1850,2024-01-12 16:00:00,104,76,4907,On Time
505418,Vistara,Delhi,Hyderabad,2023,2024-01-12 17:00:00,57,191,16848,On Time
505419,Vistara,Bengaluru,Mumbai,686,2024-01-12 18:00:00,163,173,16557,On Time
505420,IndiGo,Hyderabad,Delhi,1958,2024-01-12 19:00:00,151,56,4265,Delayed
505421,IndiGo,Delhi,Bengaluru,1213,2024-01-12 20:00:00,109,117,5569,On Time
505422,Air India,Chennai,Mumbai,1220,2024-01-12 21:00:00,52,134,6797,On Time
505423,IndiGo,Kolkata,Hyderabad,824,2024-01-12 22:00:00,65,94,14029,Delayed
505424,IndiGo,Delhi,Kolkata,1701,2024-01-12 23:00:00,131,-1,3107,On Time
505425,SpiceJet,Bengaluru,Hyderabad,681,2024-01-13 00:00:00,88,73,3799,On Time
505426,SpiceJet,Hyderabad,Hyderabad,503,2024-01-13 01:00:00,91,147,3841,On Time
505427,Air India,Kolkata,Mumbai,514,2024-01-13 02:00:00,44,65,2805,Delayed
505428,Air India,Bengaluru,Bengaluru,309,2024-01-13 03:00:00,72,50,4107,On Time
505429,SpiceJet,Kolkata,Kolkata,1767,2024-01-13 04:00:00,159,162,13948,On Time
505430,IndiGo,Bengaluru,Bengaluru,1139,2024-01-13 05:00:00,68,74,4023,On Time
505431,Vistara,Chennai,Kolkata,2325,2024-01-13 06:00:00,21,4,4353,On Time
505432,IndiGo,Mumbai,Chennai,1469,2024-01-13 07:00:00,57,192,13379,On Time
505433,Akasa Air,Delhi,Hyderabad,306,2024-01-13 08:00:00,124,11,10396,On Time
505434,SpiceJet,Kolkata,Delhi,1108,2024-01-13 09:00:00,126,163,3910,On Time
505435,Vistara,Chennai,Delhi,2131,2024-01-13 10:00:00,127,121,16588,Delayed
505436,Air India,Delhi,Kolkata,512,2024-01-13 11:00:00,162,30,9673,Cancelled
505437,IndiGo,Delhi,Chennai,1523,2024-01-13 12:00:00,78,89,7980,On Time
505438,Vistara,Hyderabad,Delhi,638,2024-01-13 13:00:00,104,182,2883,Cancelled
505439,Akasa Air,Mumbai,Delhi,540,2024-01-13 14:00:00,153,169,16549,Delayed
505440,Vistara,Mumbai,Kolkata,2040,2024-01-13 15:00:00,82,152,15021,Delayed
505441,IndiGo,Mumbai,Hyderabad,1034,2024-01-13 16:00:00,54,171,9101,Delayed
505442,Vistara,Chennai,Delhi,1424,2024-01-13 17:00:00,133,22,12964,Delayed
505443,SpiceJet,Chennai,Chennai,2401,2024-01-13 18:00:00,125,17,8815,Delayed
505444,Vistara,Kolkata,Kolkata,697,2024-01-13 19:00:00,58,142,7330,Delayed
505445,Akasa Air,Kolkata,Chennai,1273,2024-01-13 20:00:00,86,47,13389,Delayed
505446,Vistara,Delhi,Chennai,485,2024-01-13 21:00:00,116,95,13385,Cancelled
505447,Air India,Chennai,Hyderabad,1475,2024-01-13 22:00:00,20,164,12602,Delayed
505448,SpiceJet,Chennai,Mumbai,2118,2024-01-13 23:00:00,94,115,12215,On Time
505449,Vistara,Chennai,Kolkata,1944,2024-01-14 00:00:00,163,40,7609,Delayed
505450,Akasa Air,Kolkata,Chennai,2466,2024-01-14 01:00:00,162,-3,13011,On Time
505451,IndiGo,Hyderabad,Delhi,1347,2024-01-14 02:00:00,67,191,5561,Delayed
505452,IndiGo,Chennai,Mumbai,459,2024-01-14 03:00:00,32,145,16225,On Time
505453,Air India,Hyderabad,Hyderabad,1710,2024-01-14 04:00:00,104,17,17439,On Time
505454,Vistara,Kolkata,Delhi,698,2024-01-14 05:00:00,95,52,7108,Delayed
505455,IndiGo,Kolkata,Bengaluru,1863,2024-01-14 06:00:00,93,160,3343,Delayed
505456,SpiceJet,Delhi,Chennai,786,2024-01-14 07:00:00,-10,160,13531,Delayed
505457,IndiGo,Delhi,Chennai,1776,2024-01-14 08:00:00,39,184,3741,Delayed
505458,Akasa Air,Hyderabad,Bengaluru,302,2024-01-14 09:00:00,106,10,10437,On Time
505459,SpiceJet,Bengaluru,Delhi,1651,2024-01-14 10:00:00,12,115,3972,On Time
505460,Air India,Delhi,Bengaluru,2195,2024-01-14 11:00:00,0,45,3984,On Time
505461,Vistara,Bengaluru,Hyderabad,308,2024-01-14 12:00:00,27,0,11095,On Time
505462,Air India,Mumbai,Delhi,1553,2024-01-14 13:00:00,135,140,7272,On Time
505463,SpiceJet,Delhi,Hyderabad,2349,2024-01-14 14:00:00,-7,130,15810,Delayed
505464,IndiGo,Hyderabad,Chennai,486,2024-01-14 15:00:00,74,111,13502,On Time
505465,IndiGo,Delhi,Chennai,2288,2024-01-14 16:00:00,82,18,10739,On Time
505466,SpiceJet,Chennai,Mumbai,610,2024-01-14 17:00:00,148,26,15383,On Time
505467,Air India,Bengaluru,Hyderabad,1434,2024-01-14 18:00:00,20,87,5900,Delayed
505468,Air India,Chennai,Hyderabad,1254,2024-01-14 19:00:00,120,-2,16627,On Time
505469,SpiceJet,Mumbai,Bengaluru,1410,2024-01-14 20:00:00,90,23,5484,On Time
505470,Air India,Kolkata,Hyderabad,738,2024-01-14 21:00:00,146,113,11476,Delayed
505471,Vistara,Hyderabad,Delhi,453,2024-01-14 22:00:00,127,11,17191,On Time
505472,Akasa Air,Kolkata,Mumbai,949,2024-01-14 23:00:00,77,52,15067,On Time
505473,Vistara,Hyderabad,Hyderabad,1985,2024-01-15 00:00:00,105,178,3487,Delayed
505474,IndiGo,Kolkata,Chennai,601,2024-01-15 01:00:00,42,151,3009,On Time
505475,Vistara,Bengaluru,Kolkata,2112,2024-01-15 02:00:00,89,109,5122,On Time
505476,Vistara,Hyderabad,Bengaluru,1598,2024-01-15 03:00:00,176,75,2592,On Time
505477,SpiceJet,Hyderabad,Bengaluru,379,2024-01-15 04:00:00,47,85,8981,On Time
505478,SpiceJet,Mumbai,Mumbai,1953,2024-01-15 05:00:00,73,28,15582,Cancelled
505479,IndiGo,Hyderabad,Kolkata,2270,2024-01-15 06:00:00,20,189,15024,On Time
505480,Air India,Hyderabad,Kolkata,1541,2024-01-15 07:00:00,90,122,7675,On Time
505481,Vistara,Kolkata,Hyderabad,1948,2024-01-15 08:00:00,39,84,9505,On Time
505482,IndiGo,Mumbai,Bengaluru,604,2024-01-15 09:00:00,157,103,14804,Cancelled
505483,Air India,Mumbai,Delhi,621,2024-01-15 10:00:00,155,193,7901,Delayed
505484,Vistara,Delhi,Delhi,1959,2024-01-15 11:00:00,100,25,13551,On Time
505485,Vistara,Kolkata,Chennai,432,2024-01-15 12:00:00,159,90,11951,On Time
505486,Vistara,Mumbai,Mumbai,1358,2024-01-15 13:00:00,92,28,6611,Delayed
505487,IndiGo,Chennai,Kolkata,2215,2024-01-15 14:00:00,121,183,3175,On Time
505488,SpiceJet,Hyderabad,Hyderabad,799,2024-01-15 15:00:00,94,52,12417,On Time
505489,Air India,Bengaluru,Mumbai,2097,2024-01-15 16:00:00,56,7,15881,On Time
505490,SpiceJet,Delhi,Mumbai,580,2024-01-15 17:00:00,122,59,9552,Delayed
505491,Air India,Kolkata,Hyderabad,928,2024-01-15 18:00:00,144,24,6339,On Time
505492,Akasa Air,Kolkata,Delhi,2257,2024-01-15 19:00:00,103,121,5158,Delayed
505493,Vistara,Kolkata,Chennai,952,2024-01-15 20:00:00,81,153,14022,On Time
505494,Air India,Mumbai,Mumbai,470,2024-01-15 21:00:00,83,7,14722,On Time
505495,IndiGo,Delhi,Mumbai,2128,2024-01-15 22:00:00,131,185,11500,Delayed
505496,Air India,Mumbai,Mumbai,1513,2024-01-15 23:00:00,178,190,3565,On Time
505497,Vistara,Kolkata,Kolkata,395,2024-01-16 00:00:00,170,5,12318,Delayed
505498,SpiceJet,Bengaluru,Mumbai,1601,2024-01-16 01:00:00,136,-8,6456,Delayed
505499,IndiGo,Bengaluru,Hyderabad,380,2024-01-16 02:00:00,160,18,6553,On Time
505500,Vistara,Mumbai,Delhi,871,2024-01-16 03:00:00,34,162,15107,On Time
505501,Air India,Chennai,Delhi,1934,2024-01-16 04:00:00,16,123,4357,On Time
505502,Akasa Air,Delhi,Delhi,1149,2024-01-16 05:00:00,148,72,3425,Delayed
505503,Vistara,Kolkata,Mumbai,670,2024-01-16 06:00:00,175,154,16838,Delayed
505504,Air India,Hyderabad,Delhi,2418,2024-01-16 07:00:00,72,182,10467,On Time
505505,Akasa Air,Delhi,Chennai,504,2024-01-16 08:00:00,7,37,14937,On Time
505506,IndiGo,Mumbai,Hyderabad,2011,2024-01-16 09:00:00,141,166,11025,On Time
505507,Vistara,Mumbai,Hyderabad,2496,2024-01-16 10:00:00,172,-15,13759,Delayed
505508,Akasa Air,Chennai,Bengaluru,1998,2024-01-16 11:00:00,150,125,5267,Delayed
505509,Vistara,Chennai,Bengaluru,1263,2024-01-16 12:00:00,-2,64,11882,On Time
505510,Air India,Chennai,Hyderabad,1073,2024-01-16 13:00:00,107,1,16799,Delayed
505511,SpiceJet,Kolkata,Mumbai,406,2024-01-16 14:00:00,32,59,6501,On Time
505512,Air India,Hyderabad,Chennai,2164,2024-01-16 15:00:00,149,128,12566,Delayed
505513,SpiceJet,Mumbai,Delhi,826,2024-01-16 16:00:00,167,65,7373,On Time
505514,Vistara,Delhi,Hyderabad,2192,2024-01-16 17:00:00,115,59,12975,Delayed
505515,Akasa Air,Bengaluru,Kolkata,1424,2024-01-16 18:00:00,62,27,16974,On Time
505516,Akasa Air,Bengaluru,Hyderabad,575,2024-01-16 19:00:00,154,147,7389,On Time
505517,Vistara,Mumbai,Kolkata,1454,2024-01-16 20:00:00,-9,140,16380,On Time
505518,SpiceJet,Hyderabad,Mumbai,308,2024-01-16 21:00:00,8,30,17333,On Time
505519,IndiGo,Hyderabad,Bengaluru,716,2024-01-16 22:00:00,6,58,14768,On Time
505520,SpiceJet,Mumbai,Kolkata,910,2024-01-16 23:00:00,31,143,11427,On Time
505521,Akasa Air,Bengaluru,Mumbai,2226,2024-01-17 00:00:00,79,164,6138,On Time
505522,Vistara,Bengaluru,Hyderabad,2094,2024-01-17 01:00:00,27,99,4821,Delayed
505523,Vistara,Delhi,Chennai,1299,2024-01-17 02:00:00,174,-11,6787,On Time
505524,Vistara,Chennai,Delhi,2327,2024-01-17 03:00:00,2,5,8817,On Time
505525,Vistara,Hyderabad,Mumbai,1562,2024-01-17 04:00:00,12,-7,17394,On Time
505526,Vistara,Bengaluru,Kolkata,749,2024-01-17 05:00:00,11,52,6703,Cancelled
505527,SpiceJet,Bengaluru,Hyderabad,328,2024-01-17 06:00:00,163,13,5431,On Time
505528,Vistara,Hyderabad,Mumbai,1644,2024-01-17 07:00:00,168,146,17385,On Time
505529,Akasa Air,Kolkata,Mumbai,1978,2024-01-17 08:00:00,-9,153,11250,Delayed
505530,Air India,Chennai,Delhi,1541,2024-01-17 09:00:00,138,30,13178,On Time
505531,Vistara,Bengaluru,Mumbai,865,2024-01-17 10:00:00,175,106,8114,Delayed
505532,Air India,Kolkata,Hyderabad,326,2024-01-17 11:00:00,159,35,6136,Delayed
505533,SpiceJet,Kolkata,Delhi,1857,2024-01-17 12:00:00,27,110,11525,On Time
505534,IndiGo,Mumbai,Mumbai,1950,2024-01-17 13:00:00,14,180,13768,On Time
505535,IndiGo,Bengaluru,Kolkata,1058,2024-01-17 14:00:00,22,195,2824,On Time
505536,Air India,Delhi,Delhi,901,2024-01-17 15:00:00,21,163,9687,On Time
505537,Air India,Hyderabad,Mumbai,625,2024-01-17 16:00:00,117,198,13181,Delayed
505538,Air India,Bengaluru,Bengaluru,334,2024-01-17 17:00:00,79,38,16003,On Time
505539,SpiceJet,Delhi,Hyderabad,1549,2024-01-17 18:00:00,56,121,14136,Delayed
505540,SpiceJet,Chennai,Hyderabad,1715,2024-01-17 19:00:00,77,182,9597,On Time
505541,SpiceJet,Chennai,Kolkata,1729,2024-01-17 20:00:00,26,152,3019,On Time
505542,Akasa Air,Bengaluru,Kolkata,1585,2024-01-17 21:00:00,-4,-9,2936,Delayed
505543,Air India,Delhi,Chennai,2237,2024-01-17 22:00:00,-5,115,14813,On Time
505544,Akasa Air,Hyderabad,Kolkata,1010,2024-01-17 23:00:00,106,137,15563,On Time
505545,SpiceJet,Mumbai,Mumbai,599,2024-01-18 00:00:00,45,140,14104,Delayed
505546,Air India,Hyderabad,Mumbai,1361,2024-01-18 01:00:00,119,129,15047,On Time
505547,Air India,Kolkata,Kolkata,1049,2024-01-18 02:00:00,127,40,9564,On Time
505548,Vistara,Delhi,Chennai,1249,2024-01-18 03:00:00,109,94,14465,On Time
505549,Akasa Air,Hyderabad,Delhi,1067,2024-01-18 04:00:00,58,61,5400,On Time
505550,Vistara,Kolkata,Mumbai,2326,2024-01-18 05:00:00,141,151,15608,On Time
505551,IndiGo,Hyderabad,Delhi,1902,2024-01-18 06:00:00,-6,172,11853,Cancelled
505552,Akasa Air,Kolkata,Chennai,2070,2024-01-18 07:00:00,52,38,6716,Delayed
505553,SpiceJet,Delhi,Hyderabad,1783,2024-01-18 08:00:00,-3,-14,4947,Delayed
505554,Air India,Mumbai,Delhi,1030,2024-01-18 09:00:00,127,-11,13154,Delayed
505555,IndiGo,Hyderabad,Chennai,1880,2024-01-18 10:00:00,39,23,10230,Delayed
505556,SpiceJet,Bengaluru,Chennai,1800,2024-01-18 11:00:00,102,157,12818,On Time
505557,Vistara,Delhi,Delhi,691,2024-01-18 12:00:00,55,34,7887,Delayed
505558,Akasa Air,Bengaluru,Chennai,1006,2024-01-18 13:00:00,43,123,3181,On Time
505559,Vistara,Chennai,Chennai,1889,2024-01-18 14:00:00,112,67,15971,On Time
505560,Vistara,Bengaluru,Chennai,1723,2024-01-18 15:00:00,20,198,16061,Delayed
505561,Akasa Air,Chennai,Chennai,707,2024-01-18 16:00:00,28,153,15179,On Time
505562,Vistara,Bengaluru,Kolkata,2129,2024-01-18 17:00:00,91,105,3112,Delayed
505563,SpiceJet,Chennai,Mumbai,1185,2024-01-18 18:00:00,84,6,6980,Delayed
505564,Akasa Air,Mumbai,Delhi,1341,2024-01-18 19:00:00,90,188,13146,On Time
505565,Vistara,Hyderabad,Hyderabad,1340,2024-01-18 20:00:00,48,-5,6059,Delayed
505566,IndiGo,Hyderabad,Bengaluru,2304,2024-01-18 21:00:00,116,67,7780,On Time
505567,Akasa Air,Bengaluru,Chennai,960,2024-01-18 22:00:00,102,126,16425,Delayed
505568,SpiceJet,Hyderabad,Bengaluru,2317,2024-01-18 23:00:00,122,35,2658,Delayed
505569,Air India,Chennai,Chennai,1064,2024-01-19 00:00:00,101,184,6144,Delayed
505570,SpiceJet,Hyderabad,Chennai,2034,2024-01-19 01:00:00,138,76,6959,On Time
505571,Vistara,Chennai,Kolkata,1980,2024-01-19 02:00:00,58,45,15339,On Time
505572,SpiceJet,Mumbai,Mumbai,976,2024-01-19 03:00:00,140,165,12717,On Time
505573,IndiGo,Bengaluru,Mumbai,1307,2024-01-19 04:00:00,106,79,6088,Delayed
505574,SpiceJet,Chennai,Delhi,2388,2024-01-19 05:00:00,-8,23,4129,On Time
505575,Akasa Air,Delhi,Mumbai,403,2024-01-19 06:00:00,179,133,8995,Delayed
505576,SpiceJet,Kolkata,Hyderabad,913,2024-01-19 07:00:00,4,186,17533,On Time
505577,Vistara,Hyderabad,Mumbai,1496,2024-01-19 08:00:00,140,166,16687,On Time
505578,SpiceJet,Mumbai,Chennai,2497,2024-01-19 09:00:00,91,24,13715,On Time
505579,Akasa Air,Chennai,Mumbai,2300,2024-01-19 10:00:00,111,188,9156,On Time
505580,Vistara,Bengaluru,Kolkata,992,2024-01-19 11:00:00,22,6,16016,On Time
505581,Akasa Air,Delhi,Hyderabad,881,2024-01-19 12:00:00,10,108,17994,On Time
505582,IndiGo,Chennai,Delhi,1988,2024-01-19 13:00:00,31,155,9276,On Time
505583,Air India,Delhi,Chennai,1022,2024-01-19 14:00:00,176,47,11743,Delayed
505584,Akasa Air,Hyderabad,Bengaluru,1217,2024-01-19 15:00:00,139,9,16956,On Time
505585,Akasa Air,Bengaluru,Delhi,2237,2024-01-19 16:00:00,144,6,9568,On Time
505586,Air India,Kolkata,Mumbai,914,2024-01-19 17:00:00,34,180,3124,On Time
505587,SpiceJet,Mumbai,Chennai,604,2024-01-19 18:00:00,170,38,17186,On Time
505588,Air India,Delhi,Hyderabad,710,2024-01-19 19:00:00,76,75,7848,On Time
505589,Akasa Air,Bengaluru,Bengaluru,1588,2024-01-19 20:00:00,111,76,15986,On Time
505590,IndiGo,Mumbai,Mumbai,1344,2024-01-19 21:00:00,6,31,12882,Delayed
505591,Vistara,Delhi,Kolkata,926,2024-01-19 22:00:00,40,98,16328,On Time
505592,Air India,Mumbai,Mumbai,643,2024-01-19 23:00:00,141,13,9003,On Time
505593,Air India,Kolkata,Bengaluru,576,2024-01-20 00:00:00,62,143,4618,On Time
505594,SpiceJet,Hyderabad,Mumbai,1024,2024-01-20 01:00:00,116,108,8575,On Time
505595,Vistara,Kolkata,Chennai,2234,2024-01-20 02:00:00,78,111,7793,Delayed
505596,Vistara,Mumbai,Hyderabad,1815,2024-01-20 03:00:00,111,177,5708,Delayed
505597,Vistara,Hyderabad,Hyderabad,2018,2024-01-20 04:00:00,39,109,16424,Delayed
505598,SpiceJet,Mumbai,Bengaluru,790,2024-01-20 05:00:00,175,164,4665,On Time
505599,SpiceJet,Hyderabad,Kolkata,1899,2024-01-20 06:00:00,66,21,5089,On Time
505600,SpiceJet,Kolkata,Bengaluru,1003,2024-01-20 07:00:00,172,51,8549,Cancelled
505601,Vistara,Chennai,Mumbai,1625,2024-01-20 08:00:00,24,138,13055,Delayed
505602,IndiGo,Chennai,Kolkata,907,2024-01-20 09:00:00,7,197,3214,On Time
505603,IndiGo,Delhi,Chennai,2125,2024-01-20 10:00:00,179,126,5988,Delayed
505604,Air India,Bengaluru,Mumbai,1283,2024-01-20 11:00:00,37,5,17674,Delayed
505605,Vistara,Hyderabad,Delhi,1001,2024-01-20 12:00:00,18,30,11379,Delayed
505606,Air India,Hyderabad,Kolkata,1394,2024-01-20 13:00:00,81,132,6295,Delayed
505607,Akasa Air,Mumbai,Delhi,1711,2024-01-20 14:00:00,155,83,7191,On Time
505608,Vistara,Bengaluru,Chennai,591,2024-01-20 15:00:00,170,78,15564,Delayed
505609,Air India,Kolkata,Delhi,1048,2024-01-20 16:00:00,75,134,10220,Delayed
505610,IndiGo,Kolkata,Hyderabad,2423,2024-01-20 17:00:00,36,114,3302,On Time
505611,Akasa Air,Kolkata,Mumbai,1783,2024-01-20 18:00:00,159,160,3327,On Time
505612,IndiGo,Kolkata,Bengaluru,1640,2024-01-20 19:00:00,52,198,11305,Delayed
505613,Vistara,Kolkata,Chennai,1326,2024-01-20 20:00:00,92,99,15971,On Time
505614,SpiceJet,Kolkata,Kolkata,2105,2024-01-20 21:00:00,66,108,5886,On Time
505615,Air India,Chennai,Mumbai,893,2024-01-20 22:00:00,114,64,7840,On Time
505616,IndiGo,Delhi,Bengaluru,1565,2024-01-20 23:00:00,67,14,5879,Delayed
505617,SpiceJet,Bengaluru,Chennai,2050,2024-01-21 00:00:00,128,122,17686,On Time
505618,Akasa Air,Kolkata,Delhi,2413,2024-01-21 01:00:00,16,68,16562,Delayed
505619,SpiceJet,Mumbai,Mumbai,1408,2024-01-21 02:00:00,105,161,6408,On Time
505620,Akasa Air,Delhi,Mumbai,1421,2024-01-21 03:00:00,15,6,5589,On Time
505621,Vistara,Chennai,Mumbai,2004,2024-01-21 04:00:00,174,109,7539,On Time
505622,IndiGo,Chennai,Bengaluru,1406,2024-01-21 05:00:00,126,63,16148,Delayed
505623,Air India,Bengaluru,Bengaluru,1122,2024-01-21 06:00:00,115,6,11826,On Time
505624,SpiceJet,Hyderabad,Mumbai,1479,2024-01-21 07:00:00,85,-6,15111,On Time
505625,SpiceJet,Chennai,Chennai,543,2024-01-21 08:00:00,51,78,9386,Delayed
505626,Air India,Chennai,Hyderabad,2308,2024-01-21 09:00:00,1,58,6156,Delayed
505627,IndiGo,Chennai,Kolkata,848,2024-01-21 10:00:00,172,40,12529,Delayed
505628,Akasa Air,Hyderabad,Hyderabad,1593,2024-01-21 11:00:00,144,149,9431,Delayed
505629,SpiceJet,Delhi,Hyderabad,989,2024-01-21 12:00:00,62,147,13662,On Time
505630,Vistara,Chennai,Chennai,1059,2024-01-21 13:00:00,126,23,16412,On Time
505631,Akasa Air,Mumbai,Delhi,1407,2024-01-21 14:00:00,2,45,2627,On Time
505632,Air India,Chennai,Bengaluru,2099,2024-01-21 15:00:00,146,119,11700,On Time
505633,Air India,Delhi,Kolkata,804,2024-01-21 16:00:00,61,142,10329,Delayed
505634,Vistara,Kolkata,Bengaluru,2388,2024-01-21 17:00:00,99,130,16708,On Time
505635,IndiGo,Hyderabad,Chennai,1177,2024-01-21 18:00:00,44,129,10002,On Time
505636,Air India,Delhi,Chennai,1972,2024-01-21 19:00:00,137,51,3032,On Time
505637,SpiceJet,Kolkata,Bengaluru,1410,2024-01-21 20:00:00,163,153,9171,On Time
505638,IndiGo,Bengaluru,Kolkata,2038,2024-01-21 21:00:00,140,189,4050,On Time
505639,Akasa Air,Mumbai,Delhi,972,2024-01-21 22:00:00,53,-12,15660,On Time
505640,Vistara,Kolkata,Hyderabad,1062,2024-01-21 23:00:00,160,-2,4293,Delayed
505641,SpiceJet,Delhi,Chennai,435,2024-01-22 00:00:00,83,63,12474,Delayed
505642,Vistara,Mumbai,Bengaluru,1246,2024-01-22 01:00:00,-6,186,8739,On Time
505643,IndiGo,Chennai,Hyderabad,581,2024-01-22 02:00:00,161,185,13608,On Time
505644,Air India,Bengaluru,Delhi,450,2024-01-22 03:00:00,144,67,9966,On Time
505645,SpiceJet,Kolkata,Delhi,422,2024-01-22 04:00:00,105,50,14578,On Time
505646,IndiGo,Hyderabad,Chennai,1691,2024-01-22 05:00:00,91,25,7960,On Time
505647,SpiceJet,Mumbai,Mumbai,334,2024-01-22 06:00:00,179,85,9125,Cancelled
505648,Air India,Chennai,Bengaluru,1798,2024-01-22 07:00:00,75,178,14625,On Time
505649,IndiGo,Chennai,Bengaluru,2298,2024-01-22 08:00:00,83,158,3370,On Time
505650,Air India,Hyderabad,Bengaluru,1338,2024-01-22 09:00:00,-5,84,11245,On Time
505651,Akasa Air,Mumbai,Kolkata,2235,2024-01-22 10:00:00,101,75,4263,Delayed
505652,Akasa Air,Kolkata,Mumbai,2029,2024-01-22 11:00:00,142,1,8722,On Time
505653,SpiceJet,Chennai,Chennai,2079,2024-01-22 12:00:00,98,154,2994,On Time
505654,Vistara,Delhi,Delhi,555,2024-01-22 13:00:00,27,62,11958,On Time
505655,Akasa Air,Delhi,Kolkata,607,2024-01-22 14:00:00,136,174,7473,On Time
505656,Air India,Delhi,Chennai,1847,2024-01-22 15:00:00,43,-4,9430,Cancelled
505657,IndiGo,Mumbai,Hyderabad,865,2024-01-22 16:00:00,95,100,5376,On Time
505658,SpiceJet,Hyderabad,Kolkata,1493,2024-01-22 17:00:00,4,-1,12408,On Time
505659,Vistara,Kolkata,Bengaluru,773,2024-01-22 18:00:00,63,18,10635,On Time
505660,Vistara,Chennai,Mumbai,555,2024-01-22 19:00:00,14,185,16187,On Time
505661,SpiceJet,Chennai,Bengaluru,1149,2024-01-22 20:00:00,68,132,6492,On Time
505662,IndiGo,Kolkata,Bengaluru,2149,2024-01-22 21:00:00,31,-13,14118,Delayed
505663,Air India,Mumbai,Kolkata,2441,2024-01-22 22:00:00,151,78,12832,Delayed
505664,Vistara,Bengaluru,Hyderabad,1793,2024-01-22 23:00:00,10,29,6339,Delayed
505665,Akasa Air,Hyderabad,Delhi,2416,2024-01-23 00:00:00,6,149,5367,Delayed
505666,SpiceJet,Chennai,Mumbai,1869,2024-01-23 01:00:00,72,71,8611,Delayed
505667,Vistara,Chennai,Hyderabad,623,2024-01-23 02:00:00,173,5,12622,Delayed
505668,SpiceJet,Delhi,Mumbai,1065,2024-01-23 03:00:00,128,156,13574,On Time
505669,Akasa Air,Hyderabad,Kolkata,2451,2024-01-23 04:00:00,64,5,2642,On Time
505670,IndiGo,Kolkata,Delhi,352,2024-01-23 05:00:00,70,174,14966,On Time
505671,Vistara,Delhi,Kolkata,1740,2024-01-23 06:00:00,95,90,2708,On Time
505672,Air India,Kolkata,Delhi,2324,2024-01-23 07:00:00,65,28,5028,On Time
505673,Air India,Bengaluru,Bengaluru,2475,2024-01-23 08:00:00,158,84,3722,On Time
505674,Air India,Kolkata,Bengaluru,457,2024-01-23 09:00:00,48,28,15975,On Time
505675,Vistara,Kolkata,Chennai,327,2024-01-23 10:00:00,119,185,13238,Delayed
505676,Air India,Hyderabad,Mumbai,1446,2024-01-23 11:00:00,82,195,6062,Delayed
505677,Vistara,Mumbai,Mumbai,2463,2024-01-23 12:00:00,79,16,17046,On Time
505678,SpiceJet,Kolkata,Delhi,510,2024-01-23 13:00:00,144,132,3052,On Time
505679,Vistara,Mumbai,Kolkata,1865,2024-01-23 14:00:00,153,65,15636,On Time
505680,SpiceJet,Bengaluru,Kolkata,2137,2024-01-23 15:00:00,-9,144,4166,On Time
505681,IndiGo,Bengaluru,Delhi,2144,2024-01-23 16:00:00,65,80,4426,Delayed
505682,Air India,Bengaluru,Mumbai,1363,2024-01-23 17:00:00,9,21,9669,On Time
505683,Vistara,Mumbai,Chennai,1627,2024-01-23 18:00:00,55,155,16679,On Time
505684,Vistara,Mumbai,Bengaluru,2068,2024-01-23 19:00:00,6,126,8750,On Time
505685,IndiGo,Kolkata,Bengaluru,1528,2024-01-23 20:00:00,122,116,17351,On Time
505686,Vistara,Kolkata,Mumbai,1215,2024-01-23 21:00:00,129,23,8406,On Time
505687,IndiGo,Hyderabad,Delhi,1535,2024-01-23 22:00:00,-2,178,5790,On Time
505688,SpiceJet,Delhi,Kolkata,896,2024-01-23 23:00:00,94,196,6481,On Time
505689,IndiGo,Chennai,Hyderabad,2426,2024-01-24 00:00:00,154,-6,3820,Delayed
505690,IndiGo,Hyderabad,Chennai,1207,2024-01-24 01:00:00,16,35,17071,On Time
505691,Air India,Chennai,Hyderabad,1528,2024-01-24 02:00:00,130,146,7845,On Time
505692,Vistara,Kolkata,Delhi,2471,2024-01-24 03:00:00,127,12,9286,Delayed
505693,SpiceJet,Hyderabad,Bengaluru,1399,2024-01-24 04:00:00,52,183,10226,On Time
505694,SpiceJet,Mumbai,Kolkata,515,2024-01-24 05:00:00,22,174,4087,On Time
505695,IndiGo,Hyderabad,Bengaluru,1645,2024-01-24 06:00:00,-3,157,11566,On Time
505696,Air India,Mumbai,Mumbai,360,2024-01-24 07:00:00,157,141,7149,Cancelled
505697,Vistara,Mumbai,Hyderabad,1803,2024-01-24 08:00:00,43,-5,14278,On Time
505698,IndiGo,Delhi,Delhi,2178,2024-01-24 09:00:00,16,95,3787,On Time
505699,Akasa Air,Bengaluru,Chennai,333,2024-01-24 10:00:00,82,16,9843,On Time
505700,IndiGo,Delhi,Bengaluru,1604,2024-01-24 11:00:00,38,28,13027,On Time
505701,Akasa Air,Chennai,Kolkata,781,2024-01-24 12:00:00,170,178,4775,Delayed
505702,SpiceJet,Hyderabad,Chennai,2057,2024-01-24 13:00:00,83,119,14371,On Time
505703,Vistara,Hyderabad,Hyderabad,1330,2024-01-24 14:00:00,56,172,2608,Delayed
505704,Akasa Air,Mumbai,Hyderabad,1980,2024-01-24 15:00:00,20,132,14916,Delayed
505705,Air India,Kolkata,Bengaluru,341,2024-01-24 16:00:00,57,16,11668,Delayed
505706,Vistara,Mumbai,Mumbai,1793,2024-01-24 17:00:00,102,7,14880,On Time
505707,Air India,Bengaluru,Hyderabad,2300,2024-01-24 18:00:00,22,154,8854,Delayed
505708,Vistara,Delhi,Kolkata,1571,2024-01-24 19:00:00,18,177,12722,Delayed
505709,Akasa Air,Chennai,Kolkata,727,2024-01-24 20:00:00,48,5,3231,On Time
505710,Akasa Air,Chennai,Chennai,630,2024-01-24 21:00:00,89,163,15199,On Time
505711,SpiceJet,Delhi,Bengaluru,1871,2024-01-24 22:00:00,156,143,10152,On Time
505712,IndiGo,Hyderabad,Kolkata,1401,2024-01-24 23:00:00,74,33,9148,On Time
505713,Akasa Air,Mumbai,Hyderabad,1459,2024-01-25 00:00:00,172,84,8106,Cancelled
505714,Akasa Air,Hyderabad,Hyderabad,1506,2024-01-25 01:00:00,68,75,15163,Delayed
505715,Vistara,Kolkata,Bengaluru,1168,2024-01-25 02:00:00,124,99,7925,Delayed
505716,Air India,Kolkata,Chennai,957,2024-01-25 03:00:00,166,17,4401,On Time
505717,Vistara,Hyderabad,Chennai,2140,2024-01-25 04:00:00,39,51,6531,Delayed
505718,Akasa Air,Kolkata,Mumbai,471,2024-01-25 05:00:00,174,188,7260,Delayed
505719,SpiceJet,Hyderabad,Kolkata,2404,2024-01-25 06:00:00,96,48,11243,On Time
505720,Air India,Delhi,Hyderabad,1535,2024-01-25 07:00:00,48,173,13411,On Time
505721,IndiGo,Kolkata,Mumbai,1638,2024-01-25 08:00:00,126,186,11769,On Time
505722,Air India,Kolkata,Chennai,921,2024-01-25 09:00:00,42,140,8686,Delayed
505723,Vistara,Delhi,Hyderabad,1411,2024-01-25 10:00:00,122,159,17189,Delayed
505724,Vistara,Bengaluru,Kolkata,494,2024-01-25 11:00:00,-9,36,16526,Delayed
505725,Akasa Air,Bengaluru,Delhi,515,2024-01-25 12:00:00,133,149,7976,Delayed
505726,SpiceJet,Kolkata,Chennai,1282,2024-01-25 13:00:00,47,165,4583,Delayed
505727,IndiGo,Kolkata,Delhi,1502,2024-01-25 14:00:00,131,60,12933,On Time
505728,Air India,Kolkata,Mumbai,323,2024-01-25 15:00:00,153,98,10676,On Time
505729,Air India,Hyderabad,Bengaluru,514,2024-01-25 16:00:00,59,118,14607,On Time
505730,SpiceJet,Bengaluru,Bengaluru,2467,2024-01-25 17:00:00,83,192,12989,On Time
505731,SpiceJet,Hyderabad,Mumbai,1356,2024-01-25 18:00:00,159,101,6104,On Time
505732,Akasa Air,Chennai,Delhi,520,2024-01-25 19:00:00,121,181,16478,Delayed
505733,Vistara,Bengaluru,Chennai,2017,2024-01-25 20:00:00,25,-2,15884,On Time
505734,Air India,Hyderabad,Bengaluru,595,2024-01-25 21:00:00,110,4,5016,On Time
505735,SpiceJet,Delhi,Delhi,369,2024-01-25 22:00:00,131,160,13619,On Time
505736,IndiGo,Kolkata,Bengaluru,1329,2024-01-25 23:00:00,116,136,9448,On Time
505737,IndiGo,Bengaluru,Chennai,1888,2024-01-26 00:00:00,178,133,6972,Delayed
505738,IndiGo,Kolkata,Delhi,1473,2024-01-26 01:00:00,130,193,12559,Delayed
505739,Air India,Hyderabad,Mumbai,368,2024-01-26 02:00:00,28,159,12091,Delayed
505740,Air India,Kolkata,Chennai,931,2024-01-26 03:00:00,39,70,12408,On Time
505741,Air India,Chennai,Kolkata,2375,2024-01-26 04:00:00,122,3,8783,On Time
505742,IndiGo,Kolkata,Delhi,879,2024-01-26 05:00:00,145,-13,12932,On Time
505743,Air India,Chennai,Hyderabad,1248,2024-01-26 06:00:00,126,107,6134,On Time
505744,Akasa Air,Chennai,Delhi,1986,2024-01-26 07:00:00,70,49,13422,On Time
505745,Vistara,Delhi,Delhi,696,2024-01-26 08:00:00,133,8,6941,Delayed
505746,Air India,Kolkata,Kolkata,1312,2024-01-26 09:00:00,26,194,7029,On Time
505747,IndiGo,Bengaluru,Chennai,1733,2024-01-26 10:00:00,133,192,13423,Cancelled
505748,Vistara,Delhi,Bengaluru,1933,2024-01-26 11:00:00,87,72,5169,On Time
505749,Vistara,Bengaluru,Mumbai,2480,2024-01-26 12:00:00,17,182,9007,On Time
505750,Vistara,Kolkata,Bengaluru,1947,2024-01-26 13:00:00,120,83,6644,On Time
505751,Vistara,Mumbai,Bengaluru,381,2024-01-26 14:00:00,158,190,4590,On Time
505752,Akasa Air,Hyderabad,Kolkata,728,2024-01-26 15:00:00,67,166,16654,On Time
505753,IndiGo,Mumbai,Chennai,733,2024-01-26 16:00:00,109,135,4453,On Time
505754,Vistara,Mumbai,Mumbai,2256,2024-01-26 17:00:00,84,23,17277,On Time
505755,SpiceJet,Kolkata,Hyderabad,423,2024-01-26 18:00:00,64,20,2731,On Time
505756,SpiceJet,Delhi,Mumbai,771,2024-01-26 19:00:00,-10,1,6529,On Time
505757,Akasa Air,Mumbai,Delhi,382,2024-01-26 20:00:00,103,132,13080,Delayed
505758,Air India,Chennai,Mumbai,1169,2024-01-26 21:00:00,75,160,11593,Delayed
505759,Vistara,Bengaluru,Kolkata,1338,2024-01-26 22:00:00,14,171,17224,On Time
505760,Akasa Air,Kolkata,Bengaluru,1506,2024-01-26 23:00:00,115,130,12547,Delayed
505761,Akasa Air,Kolkata,Kolkata,1845,2024-01-27 00:00:00,-9,179,10804,On Time
505762,IndiGo,Mumbai,Bengaluru,1798,2024-01-27 01:00:00,158,168,16435,On Time
505763,Air India,Chennai,Chennai,592,2024-01-27 02:00:00,28,135,7623,On Time
505764,Air India,Chennai,Delhi,2471,2024-01-27 03:00:00,114,144,7020,Delayed
505765,SpiceJet,Kolkata,Delhi,2379,2024-01-27 04:00:00,80,22,13809,Delayed
505766,SpiceJet,Chennai,Bengaluru,336,2024-01-27 05:00:00,171,1,3501,Delayed
505767,Akasa Air,Kolkata,Mumbai,1480,2024-01-27 06:00:00,138,190,4143,On Time
505768,SpiceJet,Delhi,Chennai,553,2024-01-27 07:00:00,98,31,7784,On Time
505769,Akasa Air,Delhi,Mumbai,784,2024-01-27 08:00:00,32,178,4784,Delayed
505770,SpiceJet,Kolkata,Hyderabad,964,2024-01-27 09:00:00,-4,83,6518,On Time
505771,Air India,Mumbai,Bengaluru,1995,2024-01-27 10:00:00,66,154,13781,On Time
505772,Air India,Hyderabad,Hyderabad,713,2024-01-27 11:00:00,81,19,17632,Delayed
505773,SpiceJet,Bengaluru,Delhi,1580,2024-01-27 12:00:00,82,28,17964,Cancelled
505774,Akasa Air,Mumbai,Mumbai,1413,2024-01-27 13:00:00,74,22,9296,On Time
505775,Vistara,Delhi,Delhi,1398,2024-01-27 14:00:00,19,61,11149,On Time
505776,Akasa Air,Chennai,Delhi,470,2024-01-27 15:00:00,4,41,15831,On Time
505777,IndiGo,Chennai,Bengaluru,2441,2024-01-27 16:00:00,74,163,2733,On Time
505778,IndiGo,Bengaluru,Mumbai,2268,2024-01-27 17:00:00,57,155,15473,Delayed
505779,Vistara,Bengaluru,Hyderabad,2421,2024-01-27 18:00:00,14,41,4405,Delayed
505780,Vistara,Chennai,Hyderabad,2345,2024-01-27 19:00:00,165,154,16756,On Time
505781,Akasa Air,Hyderabad,Chennai,599,2024-01-27 20:00:00,83,40,15109,On Time
505782,SpiceJet,Chennai,Chennai,976,2024-01-27 21:00:00,44,57,4050,On Time
505783,SpiceJet,Bengaluru,Hyderabad,559,2024-01-27 22:00:00,40,109,6256,Cancelled
505784,Akasa Air,Mumbai,Chennai,1034,2024-01-27 23:00:00,87,159,17060,On Time
505785,IndiGo,Hyderabad,Delhi,374,2024-01-28 00:00:00,121,160,11071,On Time
505786,Akasa Air,Bengaluru,Mumbai,895,2024-01-28 01:00:00,38,13,17068,On Time
505787,Vistara,Chennai,Mumbai,1930,2024-01-28 02:00:00,60,152,4985,Delayed
505788,SpiceJet,Mumbai,Mumbai,1117,2024-01-28 03:00:00,35,61,6862,Delayed
505789,Air India,Hyderabad,Hyderabad,818,2024-01-28 04:00:00,148,140,8622,On Time
505790,Akasa Air,Hyderabad,Delhi,2319,2024-01-28 05:00:00,125,77,10302,On Time
505791,Vistara,Mumbai,Bengaluru,1269,2024-01-28 06:00:00,35,168,17626,On Time
505792,Air India,Hyderabad,Kolkata,1997,2024-01-28 07:00:00,71,16,7332,On Time
505793,SpiceJet,Mumbai,Chennai,1264,2024-01-28 08:00:00,164,43,15207,Delayed
505794,SpiceJet,Delhi,Chennai,1093,2024-01-28 09:00:00,-2,-3,11274,On Time
505795,SpiceJet,Delhi,Delhi,877,2024-01-28 10:00:00,67,174,17934,On Time
505796,IndiGo,Bengaluru,Bengaluru,719,2024-01-28 11:00:00,153,79,13098,On Time
505797,Air India,Delhi,Kolkata,789,2024-01-28 12:00:00,173,174,12881,On Time
505798,Air India,Bengaluru,Mumbai,887,2024-01-28 13:00:00,59,60,12448,Delayed
505799,IndiGo,Mumbai,Hyderabad,1006,2024-01-28 14:00:00,174,146,10340,Delayed
505800,SpiceJet,Bengaluru,Bengaluru,2023,2024-01-28 15:00:00,42,26,12631,On Time
505801,Air India,Kolkata,Mumbai,1512,2024-01-28 16:00:00,61,-11,17043,Delayed
505802,Vistara,Chennai,Mumbai,2018,2024-01-28 17:00:00,-10,112,6324,Delayed
505803,Vistara,Hyderabad,Kolkata,978,2024-01-28 18:00:00,162,-10,11795,On Time
505804,SpiceJet,Chennai,Mumbai,857,2024-01-28 19:00:00,126,27,4633,On Time
505805,Air India,Mumbai,Bengaluru,2356,2024-01-28 20:00:00,122,104,6333,On Time
505806,Air India,Chennai,Chennai,1644,2024-01-28 21:00:00,95,33,13954,On Time
505807,SpiceJet,Delhi,Kolkata,731,2024-01-28 22:00:00,56,31,16967,On Time
505808,Air India,Bengaluru,Bengaluru,2153,2024-01-28 23:00:00,93,189,8963,Delayed
505809,IndiGo,Chennai,Mumbai,670,2024-01-29 00:00:00,120,117,3727,Delayed
505810,Akasa Air,Hyderabad,Delhi,1140,2024-01-29 01:00:00,114,97,17787,Delayed
505811,Vistara,Chennai,Mumbai,1564,2024-01-29 02:00:00,108,100,8949,On Time
505812,Akasa Air,Chennai,Bengaluru,775,2024-01-29 03:00:00,101,72,14688,On Time
505813,Vistara,Kolkata,Mumbai,1707,2024-01-29 04:00:00,146,167,3207,On Time
505814,Akasa Air,Bengaluru,Chennai,1888,2024-01-29 05:00:00,86,103,6656,On Time
505815,Vistara,Kolkata,Kolkata,1850,2024-01-29 06:00:00,32,64,11260,Delayed
505816,Air India,Mumbai,Hyderabad,1940,2024-01-29 07:00:00,132,82,14396,On Time
505817,Akasa Air,Delhi,Mumbai,1119,2024-01-29 08:00:00,143,132,12553,On Time
505818,SpiceJet,Delhi,Mumbai,1138,2024-01-29 09:00:00,69,28,2731,Delayed
505819,SpiceJet,Kolkata,Hyderabad,1699,2024-01-29 10:00:00,0,193,17448,Delayed
505820,Air India,Delhi,Chennai,1125,2024-01-29 11:00:00,129,57,8302,On Time
505821,Air India,Kolkata,Hyderabad,1881,2024-01-29 12:00:00,162,165,5665,On Time
505822,Akasa Air,Mumbai,Kolkata,2029,2024-01-29 13:00:00,64,100,3180,On Time
505823,Akasa Air,Hyderabad,Bengaluru,915,2024-01-29 14:00:00,129,31,10368,On Time
505824,SpiceJet,Delhi,Bengaluru,1881,2024-01-29 15:00:00,49,184,10688,On Time
505825,Akasa Air,Mumbai,Bengaluru,1520,2024-01-29 16:00:00,101,-14,6390,On Time
505826,IndiGo,Hyderabad,Mumbai,1195,2024-01-29 17:00:00,19,7,15408,Cancelled
505827,Akasa Air,Delhi,Chennai,1345,2024-01-29 18:00:00,16,60,15600,Delayed
505828,IndiGo,Hyderabad,Chennai,338,2024-01-29 19:00:00,1,134,9609,On Time
505829,Akasa Air,Hyderabad,Kolkata,2145,2024-01-29 20:00:00,65,58,8637,On Time
505830,Akasa Air,Bengaluru,Hyderabad,1732,2024-01-29 21:00:00,62,156,8022,On Time
505831,Air India,Mumbai,Delhi,1026,2024-01-29 22:00:00,148,55,13632,On Time
505832,Akasa Air,Bengaluru,Delhi,786,2024-01-29 23:00:00,61,110,7859,On Time
505833,IndiGo,Delhi,Bengaluru,1787,2024-01-30 00:00:00,76,168,6238,On Time
505834,SpiceJet,Bengaluru,Bengaluru,593,2024-01-30 01:00:00,120,74,17390,On Time
505835,Akasa Air,Chennai,Mumbai,565,2024-01-30 02:00:00,103,109,15324,Delayed
505836,Akasa Air,Chennai,Hyderabad,1392,2024-01-30 03:00:00,138,13,15718,On Time
505837,Vistara,Mumbai,Hyderabad,1976,2024-01-30 04:00:00,138,52,15569,On Time
505838,Air India,Mumbai,Delhi,1124,2024-01-30 05:00:00,-9,38,13904,On Time
505839,SpiceJet,Chennai,Mumbai,2379,2024-01-30 06:00:00,34,26,13507,On Time
505840,Air India,Chennai,Delhi,316,2024-01-30 07:00:00,164,182,15860,Cancelled
505841,SpiceJet,Bengaluru,Kolkata,1133,2024-01-30 08:00:00,72,53,2737,On Time
505842,Akasa Air,Hyderabad,Chennai,1385,2024-01-30 09:00:00,48,85,4167,Delayed
505843,SpiceJet,Hyderabad,Mumbai,1965,2024-01-30 10:00:00,70,183,8047,On Time
505844,IndiGo,Mumbai,Mumbai,914,2024-01-30 11:00:00,72,169,14704,Cancelled
505845,Vistara,Bengaluru,Bengaluru,1600,2024-01-30 12:00:00,88,127,17002,On Time
505846,SpiceJet,Chennai,Chennai,646,2024-01-30 13:00:00,54,49,12376,On Time
505847,Air India,Delhi,Hyderabad,2059,2024-01-30 14:00:00,134,198,5664,On Time
505848,Vistara,Hyderabad,Bengaluru,1496,2024-01-30 15:00:00,115,33,3235,Delayed
505849,SpiceJet,Hyderabad,Bengaluru,339,2024-01-30 16:00:00,158,73,7861,Delayed
505850,Vistara,Delhi,Hyderabad,1013,2024-01-30 17:00:00,19,1,9240,On Time
505851,Vistara,Delhi,Chennai,2412,2024-01-30 18:00:00,144,197,11578,Delayed
505852,Air India,Hyderabad,Hyderabad,518,2024-01-30 19:00:00,126,71,11071,Delayed
505853,Vistara,Hyderabad,Bengaluru,1706,2024-01-30 20:00:00,38,166,15790,On Time
505854,Akasa Air,Bengaluru,Bengaluru,2149,2024-01-30 21:00:00,51,179,9464,Delayed
505855,Akasa Air,Hyderabad,Kolkata,1426,2024-01-30 22:00:00,86,141,4750,On Time
505856,Vistara,Kolkata,Mumbai,2032,2024-01-30 23:00:00,8,3,2536,On Time
505857,SpiceJet,Mumbai,Chennai,2270,2024-01-31 00:00:00,72,-14,2984,On Time
505858,IndiGo,Delhi,Hyderabad,733,2024-01-31 01:00:00,-8,154,5180,On Time
505859,Air India,Delhi,Mumbai,1732,2024-01-31 02:00:00,138,181,3921,On Time
505860,Air India,Hyderabad,Chennai,1973,2024-01-31 03:00:00,54,57,17112,On Time
505861,Vistara,Delhi,Bengaluru,1707,2024-01-31 04:00:00,155,173,3543,On Time
505862,SpiceJet,Chennai,Kolkata,1821,2024-01-31 05:00:00,118,50,6018,On Time
505863,Vistara,Hyderabad,Mumbai,2336,2024-01-31 06:00:00,149,77,13820,On Time
505864,IndiGo,Mumbai,Kolkata,916,2024-01-31 07:00:00,91,99,10325,Delayed
505865,Akasa Air,Mumbai,Mumbai,2389,2024-01-31 08:00:00,47,36,14245,On Time
505866,SpiceJet,Mumbai,Hyderabad,1687,2024-01-31 09:00:00,54,31,4751,Delayed
505867,Vistara,Delhi,Bengaluru,1864,2024-01-31 10:00:00,80,78,4266,On Time
505868,IndiGo,Bengaluru,Delhi,894,2024-01-31 11:00:00,168,114,3473,On Time
505869,Vistara,Hyderabad,Hyderabad,1387,2024-01-31 12:00:00,-8,18,14723,On Time
505870,Akasa Air,Hyderabad,Delhi,585,2024-01-31 13:00:00,144,24,11337,On Time
505871,Akasa Air,Delhi,Chennai,2232,2024-01-31 14:00:00,25,86,8947,Delayed
505872,Air India,Mumbai,Bengaluru,2353,2024-01-31 15:00:00,34,19,17187,On Time
505873,IndiGo,Bengaluru,Chennai,567,2024-01-31 16:00:00,124,102,5657,Delayed
505874,Air India,Mumbai,Mumbai,1254,2024-01-31 17:00:00,144,137,13711,Delayed
505875,Air India,Delhi,Chennai,468,2024-01-31 18:00:00,121,43,7363,On Time
505876,Air India,Bengaluru,Chennai,1309,2024-01-31 19:00:00,39,123,4529,On Time
505877,IndiGo,Delhi,Bengaluru,929,2024-01-31 20:00:00,106,108,7566,On Time
505878,Akasa Air,Kolkata,Chennai,671,2024-01-31 21:00:00,164,34,15469,Cancelled
505879,Air India,Kolkata,Delhi,949,2024-01-31 22:00:00,133,-11,12782,On Time
505880,IndiGo,Kolkata,Kolkata,1167,2024-01-31 23:00:00,140,124,16028,On Time
505881,IndiGo,Chennai,Kolkata,665,2024-02-01 00:00:00,172,191,6714,On Time
505882,Akasa Air,Mumbai,Hyderabad,1935,2024-02-01 01:00:00,42,4,12070,On Time
505883,SpiceJet,Delhi,Hyderabad,516,2024-02-01 02:00:00,51,188,2679,On Time
505884,Vistara,Mumbai,Mumbai,2019,2024-02-01 03:00:00,65,57,8113,Delayed
505885,IndiGo,Chennai,Kolkata,582,2024-02-01 04:00:00,126,158,6429,Delayed
505886,Akasa Air,Bengaluru,Bengaluru,787,2024-02-01 05:00:00,79,86,2523,On Time
505887,IndiGo,Bengaluru,Kolkata,646,2024-02-01 06:00:00,157,61,16798,On Time
505888,Vistara,Bengaluru,Kolkata,1496,2024-02-01 07:00:00,51,195,9305,On Time
505889,SpiceJet,Bengaluru,Kolkata,413,2024-02-01 08:00:00,88,132,10824,On Time
505890,IndiGo,Bengaluru,Hyderabad,1169,2024-02-01 09:00:00,115,175,7142,On Time
505891,Vistara,Hyderabad,Bengaluru,724,2024-02-01 10:00:00,103,49,12531,On Time
505892,Akasa Air,Kolkata,Chennai,426,2024-02-01 11:00:00,169,125,5731,On Time
505893,IndiGo,Kolkata,Chennai,840,2024-02-01 12:00:00,106,10,15353,Delayed
505894,IndiGo,Mumbai,Hyderabad,2355,2024-02-01 13:00:00,166,110,7224,Delayed
505895,Air India,Chennai,Delhi,1706,2024-02-01 14:00:00,108,155,7098,On Time
505896,Vistara,Hyderabad,Hyderabad,1877,2024-02-01 15:00:00,160,20,9362,On Time
505897,SpiceJet,Delhi,Kolkata,710,2024-02-01 16:00:00,112,47,4976,On Time
505898,Vistara,Hyderabad,Delhi,2441,2024-02-01 17:00:00,18,118,14884,On Time
505899,Air India,Chennai,Delhi,2052,2024-02-01 18:00:00,132,-4,2665,On Time
505900,Vistara,Chennai,Delhi,393,2024-02-01 19:00:00,123,121,11269,Cancelled
505901,Vistara,Chennai,Delhi,1911,2024-02-01 20:00:00,8,43,10430,On Time
505902,SpiceJet,Kolkata,Delhi,2147,2024-02-01 21:00:00,47,85,9621,On Time
505903,Akasa Air,Kolkata,Kolkata,2132,2024-02-01 22:00:00,68,72,5899,On Time
505904,IndiGo,Delhi,Hyderabad,1834,2024-02-01 23:00:00,97,-12,5090,Delayed
505905,SpiceJet,Hyderabad,Bengaluru,389,2024-02-02 00:00:00,135,143,5217,On Time
505906,Air India,Hyderabad,Bengaluru,1902,2024-02-02 01:00:00,21,144,9975,Delayed
505907,IndiGo,Mumbai,Chennai,1943,2024-02-02 02:00:00,120,46,10831,On Time
505908,Vistara,Bengaluru,Mumbai,2456,2024-02-02 03:00:00,102,12,5910,On Time
505909,Akasa Air,Kolkata,Delhi,1202,2024-02-02 04:00:00,20,42,17924,On Time
505910,SpiceJet,Chennai,Delhi,1994,2024-02-02 05:00:00,85,-3,6574,On Time
505911,Air India,Bengaluru,Bengaluru,1471,2024-02-02 06:00:00,19,37,13715,On Time
505912,Akasa Air,Mumbai,Hyderabad,757,2024-02-02 07:00:00,-7,47,9106,Delayed
505913,Air India,Chennai,Kolkata,2395,2024-02-02 08:00:00,9,174,3453,On Time
505914,Air India,Bengaluru,Delhi,1654,2024-02-02 09:00:00,30,57,5406,On Time
505915,IndiGo,Chennai,Bengaluru,809,2024-02-02 10:00:00,3,158,17763,Delayed
505916,Akasa Air,Bengaluru,Kolkata,1929,2024-02-02 11:00:00,5,63,6952,On Time
505917,SpiceJet,Chennai,Mumbai,329,2024-02-02 12:00:00,165,122,13866,On Time
505918,Akasa Air,Bengaluru,Chennai,2316,2024-02-02 13:00:00,25,73,11886,Delayed
505919,IndiGo,Chennai,Hyderabad,1633,2024-02-02 14:00:00,142,13,12709,On Time
505920,SpiceJet,Kolkata,Kolkata,1770,2024-02-02 15:00:00,77,159,7182,Delayed
505921,Air India,Bengaluru,Delhi,1231,2024-02-02 16:00:00,40,142,15230,Delayed
505922,Vistara,Bengaluru,Chennai,1643,2024-02-02 17:00:00,89,100,8919,On Time
505923,IndiGo,Bengaluru,Hyderabad,2381,2024-02-02 18:00:00,-6,51,14695,On Time
505924,Akasa Air,Kolkata,Hyderabad,1423,2024-02-02 19:00:00,89,92,4886,On Time
505925,Akasa Air,Bengaluru,Chennai,1260,2024-02-02 20:00:00,101,-13,16152,On Time
505926,SpiceJet,Hyderabad,Bengaluru,1007,2024-02-02 21:00:00,3,139,14824,On Time
505927,Vistara,Hyderabad,Hyderabad,456,2024-02-02 22:00:00,178,46,13873,Delayed
505928,IndiGo,Hyderabad,Kolkata,1023,2024-02-02 23:00:00,-5,38,17063,On Time
505929,SpiceJet,Chennai,Chennai,1548,2024-02-03 00:00:00,24,90,8844,Delayed
505930,IndiGo,Hyderabad,Chennai,550,2024-02-03 01:00:00,176,76,11014,On Time
505931,IndiGo,Chennai,Chennai,2271,2024-02-03 02:00:00,135,192,7191,On Time
505932,Akasa Air,Bengaluru,Hyderabad,1170,2024-02-03 03:00:00,58,-6,8063,On Time
505933,Vistara,Delhi,Hyderabad,571,2024-02-03 04:00:00,45,160,10932,Delayed
505934,IndiGo,Delhi,Delhi,901,2024-02-03 05:00:00,176,26,13566,Cancelled
505935,Vistara,Kolkata,Mumbai,1380,2024-02-03 06:00:00,94,111,4417,Delayed
505936,SpiceJet,Delhi,Delhi,1151,2024-02-03 07:00:00,132,1,8525,On Time
505937,Vistara,Bengaluru,Kolkata,1816,2024-02-03 08:00:00,110,111,2964,Delayed
505938,SpiceJet,Delhi,Hyderabad,456,2024-02-03 09:00:00,8,52,5569,On Time
505939,Air India,Hyderabad,Kolkata,304,2024-02-03 10:00:00,86,131,12251,On Time
505940,Vistara,Delhi,Chennai,2458,2024-02-03 11:00:00,98,154,17822,On Time
505941,Vistara,Chennai,Delhi,1319,2024-02-03 12:00:00,159,52,7170,On Time
505942,Vistara,Bengaluru,Chennai,1971,2024-02-03 13:00:00,171,161,2504,Delayed
505943,Air India,Bengaluru,Chennai,1963,2024-02-03 14:00:00,155,111,13762,On Time
505944,SpiceJet,Mumbai,Mumbai,2435,2024-02-03 15:00:00,63,116,10733,On Time
505945,SpiceJet,Delhi,Chennai,1635,2024-02-03 16:00:00,32,178,8085,On Time
505946,Air India,Kolkata,Kolkata,2085,2024-02-03 17:00:00,125,4,5255,On Time
505947,IndiGo,Delhi,Chennai,1198,2024-02-03 18:00:00,141,62,12741,On Time
505948,Akasa Air,Kolkata,Hyderabad,1706,2024-02-03 19:00:00,73,17,9868,On Time
505949,SpiceJet,Chennai,Hyderabad,1000,2024-02-03 20:00:00,132,97,9587,Delayed
505950,Vistara,Delhi,Kolkata,1210,2024-02-03 21:00:00,109,40,17688,Delayed
505951,Akasa Air,Kolkata,Kolkata,405,2024-02-03 22:00:00,30,137,3288,On Time
505952,Akasa Air,Kolkata,Kolkata,563,2024-02-03 23:00:00,36,16,17507,On Time
505953,SpiceJet,Chennai,Hyderabad,428,2024-02-04 00:00:00,9,135,7730,On Time
505954,IndiGo,Chennai,Bengaluru,889,2024-02-04 01:00:00,163,153,4854,Delayed
505955,SpiceJet,Mumbai,Kolkata,438,2024-02-04 02:00:00,22,132,13747,On Time
505956,IndiGo,Delhi,Chennai,1532,2024-02-04 03:00:00,140,117,6936,On Time
505957,IndiGo,Hyderabad,Kolkata,1953,2024-02-04 04:00:00,86,42,13893,On Time
505958,Vistara,Kolkata,Delhi,2318,2024-02-04 05:00:00,2,172,10503,On Time
505959,IndiGo,Kolkata,Chennai,1427,2024-02-04 06:00:00,138,4,2897,On Time
505960,Air India,Bengaluru,Chennai,2319,2024-02-04 07:00:00,45,25,14726,On Time
505961,SpiceJet,Mumbai,Delhi,1198,2024-02-04 08:00:00,176,100,4872,On Time
505962,SpiceJet,Chennai,Hyderabad,661,2024-02-04 09:00:00,26,122,16410,Delayed
505963,Vistara,Delhi,Kolkata,1988,2024-02-04 10:00:00,72,89,12788,On Time
505964,Akasa Air,Mumbai,Mumbai,1943,2024-02-04 11:00:00,100,193,3950,On Time
505965,IndiGo,Mumbai,Hyderabad,484,2024-02-04 12:00:00,52,-14,2529,Delayed
505966,Akasa Air,Mumbai,Kolkata,1470,2024-02-04 13:00:00,168,84,8077,On Time
505967,IndiGo,Delhi,Bengaluru,2433,2024-02-04 14:00:00,25,73,11657,Delayed
505968,Vistara,Delhi,Delhi,940,2024-02-04 15:00:00,163,58,14532,Cancelled
505969,Vistara,Hyderabad,Kolkata,849,2024-02-04 16:00:00,4,110,13658,On Time
505970,Akasa Air,Kolkata,Delhi,2006,2024-02-04 17:00:00,170,51,5354,On Time
505971,Air India,Mumbai,Hyderabad,2402,2024-02-04 18:00:00,16,91,15527,On Time
505972,SpiceJet,Chennai,Kolkata,2383,2024-02-04 19:00:00,167,70,6998,On Time
505973,Air India,Delhi,Kolkata,1612,2024-02-04 20:00:00,22,125,10295,Delayed
505974,SpiceJet,Kolkata,Kolkata,1503,2024-02-04 21:00:00,15,60,7664,On Time
505975,IndiGo,Chennai,Bengaluru,1569,2024-02-04 22:00:00,-6,125,4237,Delayed
505976,Akasa Air,Bengaluru,Mumbai,2376,2024-02-04 23:00:00,168,61,3905,Delayed
505977,Vistara,Bengaluru,Kolkata,1836,2024-02-05 00:00:00,79,76,4804,On Time
505978,Air India,Mumbai,Bengaluru,2228,2024-02-05 01:00:00,51,140,16468,On Time
505979,Air India,Chennai,Bengaluru,371,2024-02-05 02:00:00,-1,146,4150,Delayed
505980,Akasa Air,Kolkata,Kolkata,1351,2024-02-05 03:00:00,33,127,2553,On Time
505981,Vistara,Kolkata,Chennai,630,2024-02-05 04:00:00,130,176,13000,On Time
505982,IndiGo,Delhi,Hyderabad,375,2024-02-05 05:00:00,175,-10,7247,On Time
505983,IndiGo,Mumbai,Bengaluru,443,2024-02-05 06:00:00,138,120,9834,On Time
505984,Air India,Hyderabad,Delhi,1249,2024-02-05 07:00:00,147,67,2778,On Time
505985,Akasa Air,Kolkata,Mumbai,1064,2024-02-05 08:00:00,20,4,15153,On Time
505986,Vistara,Delhi,Bengaluru,627,2024-02-05 09:00:00,32,144,13683,On Time
505987,Vistara,Hyderabad,Mumbai,1161,2024-02-05 10:00:00,-6,106,15040,On Time
505988,Vistara,Delhi,Bengaluru,2108,2024-02-05 11:00:00,-8,28,15522,On Time
505989,IndiGo,Chennai,Mumbai,2122,2024-02-05 12:00:00,168,88,12108,On Time
505990,IndiGo,Kolkata,Chennai,1200,2024-02-05 13:00:00,28,55,4778,Delayed
505991,Akasa Air,Kolkata,Chennai,572,2024-02-05 14:00:00,38,90,15694,Delayed
505992,Vistara,Kolkata,Bengaluru,824,2024-02-05 15:00:00,147,193,15850,On Time
505993,IndiGo,Delhi,Hyderabad,1315,2024-02-05 16:00:00,8,-3,17708,On Time
505994,IndiGo,Chennai,Hyderabad,2067,2024-02-05 17:00:00,176,121,5559,On Time
505995,IndiGo,Delhi,Chennai,895,2024-02-05 18:00:00,26,138,11642,On Time
505996,IndiGo,Delhi,Hyderabad,376,2024-02-05 19:00:00,78,165,5658,On Time
505997,IndiGo,Bengaluru,Mumbai,309,2024-02-05 20:00:00,42,164,16909,On Time
505998,SpiceJet,Hyderabad,Delhi,2118,2024-02-05 21:00:00,108,104,2512,On Time
505999,Vistara,Chennai,Chennai,2476,2024-02-05 22:00:00,109,150,10320,On Time
506000,Vistara,Mumbai,Hyderabad,1901,2024-02-05 23:00:00,17,175,13340,On Time
506001,SpiceJet,Kolkata,Chennai,526,2024-02-06 00:00:00,41,170,10882,Delayed
506002,Vistara,Hyderabad,Kolkata,1413,2024-02-06 01:00:00,156,-1,13423,On Time
506003,Air India,Chennai,Mumbai,1392,2024-02-06 02:00:00,-6,104,13054,On Time
506004,Air India,Chennai,Hyderabad,2485,2024-02-06 03:00:00,110,34,17000,On Time
506005,Akasa Air,Delhi,Chennai,2000,2024-02-06 04:00:00,3,78,15437,On Time
506006,SpiceJet,Delhi,Mumbai,1675,2024-02-06 05:00:00,67,169,14731,On Time
506007,Air India,Hyderabad,Mumbai,2430,2024-02-06 06:00:00,134,48,6953,Delayed
506008,IndiGo,Kolkata,Mumbai,1686,2024-02-06 07:00:00,87,57,11606,On Time
506009,SpiceJet,Chennai,Bengaluru,1054,2024-02-06 08:00:00,133,120,10713,Delayed
506010,Akasa Air,Chennai,Mumbai,942,2024-02-06 09:00:00,12,101,9033,Delayed
506011,IndiGo,Mumbai,Chennai,1062,2024-02-06 10:00:00,151,17,8282,On Time
506012,Vistara,Bengaluru,Bengaluru,769,2024-02-06 11:00:00,158,126,16235,On Time
506013,IndiGo,Delhi,Hyderabad,1503,2024-02-06 12:00:00,165,42,5148,Delayed
506014,Akasa Air,Mumbai,Bengaluru,740,2024-02-06 13:00:00,37,195,13076,On Time
506015,Akasa Air,Mumbai,Bengaluru,1231,2024-02-06 14:00:00,95,83,6060,On Time
506016,SpiceJet,Mumbai,Delhi,327,2024-02-06 15:00:00,130,126,6730,Delayed
506017,Air India,Mumbai,Chennai,1532,2024-02-06 16:00:00,-6,60,17615,On Time
506018,IndiGo,Mumbai,Kolkata,2366,2024-02-06 17:00:00,55,30,17232,Cancelled
506019,Vistara,Kolkata,Hyderabad,757,2024-02-06 18:00:00,160,47,5640,Delayed
506020,Akasa Air,Mumbai,Bengaluru,2288,2024-02-06 19:00:00,48,108,2699,On Time
506021,IndiGo,Chennai,Kolkata,943,2024-02-06 20:00:00,6,-6,12993,On Time
506022,Air India,Delhi,Hyderabad,1107,2024-02-06 21:00:00,72,72,9953,On Time
506023,Vistara,Hyderabad,Mumbai,715,2024-02-06 22:00:00,-1,7,16003,On Time
506024,Akasa Air,Delhi,Mumbai,1124,2024-02-06 23:00:00,12,74,8199,On Time
506025,Air India,Chennai,Delhi,1737,2024-02-07 00:00:00,-4,94,3515,On Time
506026,SpiceJet,Mumbai,Bengaluru,808,2024-02-07 01:00:00,50,137,4147,On Time
506027,Vistara,Chennai,Hyderabad,1865,2024-02-07 02:00:00,63,191,13675,Delayed
506028,Vistara,Hyderabad,Mumbai,647,2024-02-07 03:00:00,79,140,12459,Delayed
506029,Vistara,Mumbai,Mumbai,1303,2024-02-07 04:00:00,16,94,15782,On Time
506030,Vistara,Bengaluru,Hyderabad,2187,2024-02-07 05:00:00,121,114,14542,On Time
506031,Akasa Air,Delhi,Hyderabad,815,2024-02-07 06:00:00,167,154,15854,On Time
506032,Akasa Air,Delhi,Bengaluru,1127,2024-02-07 07:00:00,-2,26,12950,On Time
506033,Vistara,Chennai,Kolkata,1406,2024-02-07 08:00:00,86,196,7116,On Time
506034,SpiceJet,Bengaluru,Kolkata,2279,2024-02-07 09:00:00,104,116,7401,On Time
506035,Air India,Delhi,Delhi,1329,2024-02-07 10:00:00,50,123,5014,On Time
506036,IndiGo,Hyderabad,Kolkata,1537,2024-02-07 11:00:00,135,14,13865,On Time
506037,Akasa Air,Delhi,Mumbai,1568,2024-02-07 12:00:00,78,80,15046,On Time
506038,Air India,Chennai,Delhi,353,2024-02-07 13:00:00,140,95,9076,On Time
506039,Akasa Air,Delhi,Bengaluru,2470,2024-02-07 14:00:00,-1,15,3202,On Time
506040,SpiceJet,Chennai,Delhi,1724,2024-02-07 15:00:00,75,43,10126,On Time
506041,IndiGo,Chennai,Kolkata,1197,2024-02-07 16:00:00,77,90,14284,Delayed
506042,Air India,Delhi,Chennai,339,2024-02-07 17:00:00,134,178,10325,On Time
506043,IndiGo,Mumbai,Hyderabad,1239,2024-02-07 18:00:00,19,72,13331,On Time
506044,Air India,Delhi,Hyderabad,2398,2024-02-07 19:00:00,114,149,5544,On Time
506045,Akasa Air,Kolkata,Mumbai,2164,2024-02-07 20:00:00,77,55,13722,On Time
506046,IndiGo,Mumbai,Bengaluru,1405,2024-02-07 21:00:00,8,176,12781,On Time
506047,Air India,Kolkata,Bengaluru,715,2024-02-07 22:00:00,31,81,16250,On Time
506048,IndiGo,Hyderabad,Bengaluru,701,2024-02-07 23:00:00,121,148,13274,On Time
506049,Vistara,Kolkata,Hyderabad,1995,2024-02-08 00:00:00,116,95,12621,On Time
506050,Akasa Air,Mumbai,Kolkata,406,2024-02-08 01:00:00,73,132,3622,Delayed
506051,IndiGo,Mumbai,Kolkata,1823,2024-02-08 02:00:00,61,41,14638,On Time
506052,Vistara,Hyderabad,Chennai,552,2024-02-08 03:00:00,113,8,15723,On Time
506053,Akasa Air,Bengaluru,Kolkata,704,2024-02-08 04:00:00,-3,64,14112,Delayed
506054,Vistara,Bengaluru,Bengaluru,2029,2024-02-08 05:00:00,126,14,7537,On Time
506055,Air India,Hyderabad,Mumbai,1425,2024-02-08 06:00:00,27,64,3380,Delayed
506056,Akasa Air,Hyderabad,Bengaluru,799,2024-02-08 07:00:00,26,160,15512,On Time
506057,Akasa Air,Mumbai,Bengaluru,2363,2024-02-08 08:00:00,128,9,15257,Delayed
506058,SpiceJet,Chennai,Hyderabad,1552,2024-02-08 09:00:00,121,152,12571,On Time
506059,Air India,Kolkata,Hyderabad,2234,2024-02-08 10:00:00,176,88,17972,On Time
506060,SpiceJet,Chennai,Mumbai,1169,2024-02-08 11:00:00,39,119,4797,On Time
506061,Akasa Air,Chennai,Hyderabad,1264,2024-02-08 12:00:00,74,93,4034,Delayed
506062,IndiGo,Kolkata,Delhi,2066,2024-02-08 13:00:00,164,181,16177,On Time
506063,IndiGo,Hyderabad,Kolkata,2006,2024-02-08 14:00:00,4,-13,8108,Cancelled
506064,IndiGo,Hyderabad,Mumbai,1538,2024-02-08 15:00:00,113,33,3810,On Time
506065,IndiGo,Kolkata,Bengaluru,876,2024-02-08 16:00:00,99,82,11760,Delayed
506066,IndiGo,Hyderabad,Hyderabad,1550,2024-02-08 17:00:00,4,188,5410,On Time
506067,SpiceJet,Kolkata,Kolkata,684,2024-02-08 18:00:00,115,168,3051,Delayed
506068,Vistara,Kolkata,Delhi,1317,2024-02-08 19:00:00,67,27,10292,Cancelled
506069,IndiGo,Bengaluru,Chennai,877,2024-02-08 20:00:00,132,144,17059,On Time
506070,Air India,Chennai,Chennai,925,2024-02-08 21:00:00,12,53,8393,On Time
506071,SpiceJet,Delhi,Kolkata,2407,2024-02-08 22:00:00,5,155,8907,Delayed
506072,Akasa Air,Delhi,Hyderabad,581,2024-02-08 23:00:00,-4,102,12792,On Time
506073,Akasa Air,Kolkata,Kolkata,341,2024-02-09 00:00:00,143,156,7207,On Time
506074,IndiGo,Chennai,Hyderabad,2433,2024-02-09 01:00:00,50,95,3094,On Time
506075,IndiGo,Chennai,Chennai,1611,2024-02-09 02:00:00,40,38,5338,Delayed
506076,SpiceJet,Delhi,Hyderabad,1858,2024-02-09 03:00:00,150,27,15462,Delayed
506077,IndiGo,Chennai,Hyderabad,2162,2024-02-09 04:00:00,64,-9,15651,On Time
506078,Air India,Mumbai,Hyderabad,472,2024-02-09 05:00:00,168,4,8069,On Time
506079,IndiGo,Chennai,Delhi,1567,2024-02-09 06:00:00,108,154,6909,On Time
506080,Air India,Bengaluru,Bengaluru,1673,2024-02-09 07:00:00,13,56,8332,Delayed
506081,IndiGo,Bengaluru,Chennai,1666,2024-02-09 08:00:00,74,13,4316,Delayed
506082,Akasa Air,Kolkata,Mumbai,856,2024-02-09 09:00:00,177,147,9621,On Time
506083,IndiGo,Bengaluru,Delhi,2225,2024-02-09 10:00:00,-3,179,11969,Delayed
506084,Vistara,Chennai,Kolkata,942,2024-02-09 11:00:00,16,136,6474,Delayed
506085,IndiGo,Chennai,Chennai,1615,2024-02-09 12:00:00,41,67,12809,On Time
506086,Vistara,Bengaluru,Mumbai,1106,2024-02-09 13:00:00,56,81,10356,Delayed
506087,IndiGo,Bengaluru,Hyderabad,2031,2024-02-09 14:00:00,114,-14,7622,Delayed
506088,Akasa Air,Hyderabad,Kolkata,1439,2024-02-09 15:00:00,176,120,7998,On Time
506089,Vistara,Mumbai,Mumbai,2164,2024-02-09 16:00:00,27,-10,5846,Delayed
506090,SpiceJet,Chennai,Kolkata,399,2024-02-09 17:00:00,109,97,8079,Delayed
506091,IndiGo,Bengaluru,Kolkata,1204,2024-02-09 18:00:00,60,96,7985,On Time
506092,SpiceJet,Delhi,Kolkata,1863,2024-02-09 19:00:00,148,103,13658,Delayed
506093,Air India,Delhi,Chennai,2220,2024-02-09 20:00:00,47,101,11864,Cancelled
506094,SpiceJet,Kolkata,Hyderabad,1278,2024-02-09 21:00:00,94,57,11932,Cancelled
506095,SpiceJet,Bengaluru,Hyderabad,576,2024-02-09 22:00:00,91,1,3107,On Time
506096,SpiceJet,Bengaluru,Bengaluru,859,2024-02-09 23:00:00,125,75,16027,On Time
506097,Akasa Air,Chennai,Hyderabad,1815,2024-02-10 00:00:00,98,91,15816,Delayed
506098,Vistara,Mumbai,Mumbai,2232,2024-02-10 01:00:00,83,132,2566,On Time
506099,Akasa Air,Delhi,Kolkata,2210,2024-02-10 02:00:00,108,44,15443,Delayed
506100,Air India,Bengaluru,Kolkata,2078,2024-02-10 03:00:00,98,48,17898,Delayed
506101,IndiGo,Kolkata,Mumbai,1727,2024-02-10 04:00:00,64,87,12041,Delayed
506102,SpiceJet,Kolkata,Mumbai,1022,2024-02-10 05:00:00,94,155,3310,On Time
506103,IndiGo,Chennai,Kolkata,587,2024-02-10 06:00:00,40,-1,7411,On Time
506104,Akasa Air,Bengaluru,Mumbai,1881,2024-02-10 07:00:00,82,190,10531,On Time
506105,SpiceJet,Hyderabad,Chennai,2448,2024-02-10 08:00:00,67,163,16325,On Time
506106,Akasa Air,Hyderabad,Chennai,1376,2024-02-10 09:00:00,31,32,12455,On Time
506107,Vistara,Hyderabad,Hyderabad,1709,2024-02-10 10:00:00,79,190,14528,On Time
506108,Akasa Air,Delhi,Kolkata,973,2024-02-10 11:00:00,148,67,9468,Delayed
506109,Akasa Air,Chennai,Bengaluru,2154,2024-02-10 12:00:00,84,-5,10260,On Time
506110,IndiGo,Chennai,Mumbai,1917,2024-02-10 13:00:00,8,-7,7300,On Time
506111,SpiceJet,Mumbai,Hyderabad,2151,2024-02-10 14:00:00,-10,51,2526,On Time
506112,Vistara,Bengaluru,Hyderabad,814,2024-02-10 15:00:00,87,12,10829,On Time
506113,Air India,Chennai,Hyderabad,1133,2024-02-10 16:00:00,60,186,11644,On Time
506114,Vistara,Hyderabad,Delhi,2164,2024-02-10 17:00:00,58,101,10151,On Time
506115,Air India,Mumbai,Bengaluru,2391,2024-02-10 18:00:00,32,42,17969,Cancelled
506116,Vistara,Hyderabad,Kolkata,1212,2024-02-10 19:00:00,129,112,16105,On Time
506117,Akasa Air,Kolkata,Delhi,1561,2024-02-10 20:00:00,-1,146,11121,On Time
506118,Akasa Air,Mumbai,Bengaluru,1596,2024-02-10 21:00:00,85,96,15085,Delayed
506119,Akasa Air,Bengaluru,Mumbai,2282,2024-02-10 22:00:00,119,150,17310,On Time
506120,Air India,Mumbai,Hyderabad,2185,2024-02-10 23:00:00,38,190,13622,Delayed
506121,IndiGo,Hyderabad,Kolkata,2008,2024-02-11 00:00:00,172,84,3539,On Time
506122,Air India,Hyderabad,Bengaluru,1042,2024-02-11 01:00:00,57,73,3969,Delayed
506123,SpiceJet,Delhi,Kolkata,417,2024-02-11 02:00:00,55,125,14338,On Time
506124,Vistara,Bengaluru,Chennai,1272,2024-02-11 03:00:00,17,125,3257,Delayed
506125,Vistara,Mumbai,Hyderabad,2184,2024-02-11 04:00:00,-1,130,7858,Delayed
506126,Akasa Air,Hyderabad,Delhi,406,2024-02-11 05:00:00,-4,177,17481,On Time
506127,Air India,Hyderabad,Delhi,538,2024-02-11 06:00:00,57,186,5384,Delayed
506128,SpiceJet,Chennai,Delhi,1219,2024-02-11 07:00:00,21,172,15073,On Time
506129,Vistara,Hyderabad,Kolkata,1974,2024-02-11 08:00:00,138,74,12518,On Time
506130,SpiceJet,Bengaluru,Bengaluru,790,2024-02-11 09:00:00,-4,18,3990,On Time
506131,SpiceJet,Delhi,Mumbai,390,2024-02-11 10:00:00,76,137,17257,Delayed
506132,Air India,Mumbai,Delhi,1066,2024-02-11 11:00:00,158,56,9987,Delayed
506133,Vistara,Kolkata,Chennai,1909,2024-02-11 12:00:00,148,137,2632,Delayed
506134,Akasa Air,Delhi,Hyderabad,579,2024-02-11 13:00:00,109,199,8773,Delayed
506135,SpiceJet,Hyderabad,Delhi,984,2024-02-11 14:00:00,81,86,5230,Delayed
506136,Vistara,Mumbai,Hyderabad,543,2024-02-11 15:00:00,5,11,6182,On Time
506137,IndiGo,Hyderabad,Delhi,2417,2024-02-11 16:00:00,-10,118,3995,On Time
506138,SpiceJet,Chennai,Delhi,1680,2024-02-11 17:00:00,48,36,14731,On Time
506139,Air India,Mumbai,Delhi,2078,2024-02-11 18:00:00,53,77,10891,On Time
506140,IndiGo,Mumbai,Hyderabad,744,2024-02-11 19:00:00,142,171,4437,On Time
506141,IndiGo,Kolkata,Delhi,1387,2024-02-11 20:00:00,133,45,11564,Delayed
506142,Akasa Air,Bengaluru,Hyderabad,515,2024-02-11 21:00:00,28,121,8833,Delayed
506143,Akasa Air,Bengaluru,Hyderabad,2305,2024-02-11 22:00:00,149,168,17911,On Time
506144,Air India,Bengaluru,Chennai,886,2024-02-11 23:00:00,82,96,13300,Delayed
506145,Vistara,Delhi,Hyderabad,2469,2024-02-12 00:00:00,76,117,11269,Delayed
506146,Vistara,Hyderabad,Bengaluru,1622,2024-02-12 01:00:00,94,135,3836,On Time
506147,Air India,Chennai,Chennai,819,2024-02-12 02:00:00,14,46,12900,On Time
506148,Vistara,Chennai,Kolkata,2242,2024-02-12 03:00:00,63,-10,4166,On Time
506149,SpiceJet,Mumbai,Bengaluru,1196,2024-02-12 04:00:00,50,39,8004,On Time
506150,Air India,Bengaluru,Mumbai,2362,2024-02-12 05:00:00,112,176,13492,Delayed
506151,Akasa Air,Chennai,Delhi,1589,2024-02-12 06:00:00,69,29,16841,On Time
506152,Akasa Air,Delhi,Kolkata,1301,2024-02-12 07:00:00,122,69,8380,Delayed
506153,Akasa Air,Chennai,Hyderabad,1305,2024-02-12 08:00:00,116,44,17928,On Time
506154,SpiceJet,Chennai,Delhi,491,2024-02-12 09:00:00,64,48,16797,On Time
506155,IndiGo,Kolkata,Mumbai,696,2024-02-12 10:00:00,90,-2,4895,On Time
506156,Akasa Air,Delhi,Mumbai,1354,2024-02-12 11:00:00,-9,36,9912,On Time
506157,IndiGo,Chennai,Hyderabad,552,2024-02-12 12:00:00,169,145,16132,On Time
506158,IndiGo,Chennai,Delhi,2339,2024-02-12 13:00:00,131,155,16158,On Time
506159,SpiceJet,Chennai,Bengaluru,948,2024-02-12 14:00:00,117,2,3300,Delayed
506160,IndiGo,Delhi,Bengaluru,1074,2024-02-12 15:00:00,-9,71,14019,On Time
506161,Akasa Air,Mumbai,Mumbai,1186,2024-02-12 16:00:00,4,184,3544,On Time
506162,Akasa Air,Mumbai,Chennai,1177,2024-02-12 17:00:00,57,11,5017,On Time
506163,Air India,Bengaluru,Chennai,1023,2024-02-12 18:00:00,66,42,14466,On Time
506164,Air India,Mumbai,Hyderabad,2487,2024-02-12 19:00:00,95,41,5463,On Time
506165,Vistara,Hyderabad,Delhi,351,2024-02-12 20:00:00,142,161,12051,Delayed
506166,SpiceJet,Chennai,Kolkata,2050,2024-02-12 21:00:00,153,125,14621,Delayed
506167,Akasa Air,Mumbai,Mumbai,1294,2024-02-12 22:00:00,-10,180,6341,On Time
506168,Air India,Mumbai,Chennai,2124,2024-02-12 23:00:00,79,14,4245,On Time
506169,Air India,Chennai,Hyderabad,962,2024-02-13 00:00:00,11,18,12817,Delayed
506170,SpiceJet,Chennai,Bengaluru,776,2024-02-13 01:00:00,54,76,11676,On Time
506171,IndiGo,Mumbai,Kolkata,799,2024-02-13 02:00:00,29,183,16963,Delayed
506172,Air India,Delhi,Hyderabad,989,2024-02-13 03:00:00,140,87,16033,On Time
506173,IndiGo,Chennai,Delhi,640,2024-02-13 04:00:00,102,161,2935,On Time
506174,Vistara,Chennai,Hyderabad,1492,2024-02-13 05:00:00,74,111,6697,On Time
506175,IndiGo,Mumbai,Bengaluru,1034,2024-02-13 06:00:00,142,185,13273,On Time
506176,IndiGo,Delhi,Delhi,1383,2024-02-13 07:00:00,133,94,15737,On Time
506177,Vistara,Hyderabad,Delhi,599,2024-02-13 08:00:00,118,-7,6524,Delayed
506178,IndiGo,Hyderabad,Chennai,570,2024-02-13 09:00:00,4,167,6577,Delayed
506179,IndiGo,Chennai,Delhi,1160,2024-02-13 10:00:00,52,30,15505,On Time
506180,IndiGo,Kolkata,Chennai,1478,2024-02-13 11:00:00,175,81,7070,On Time
506181,SpiceJet,Chennai,Mumbai,971,2024-02-13 12:00:00,43,119,9548,Delayed
506182,IndiGo,Mumbai,Chennai,764,2024-02-13 13:00:00,57,117,12676,Delayed
506183,Air India,Chennai,Delhi,2367,2024-02-13 14:00:00,126,196,8895,On Time
506184,Vistara,Chennai,Kolkata,1387,2024-02-13 15:00:00,168,174,14057,On Time
506185,IndiGo,Mumbai,Chennai,1885,2024-02-13 16:00:00,136,93,10372,Delayed
506186,Vistara,Delhi,Chennai,1332,2024-02-13 17:00:00,-8,30,8057,On Time
506187,IndiGo,Bengaluru,Delhi,904,2024-02-13 18:00:00,48,76,10060,On Time
506188,Air India,Bengaluru,Delhi,1792,2024-02-13 19:00:00,-2,185,2892,Delayed
506189,Vistara,Bengaluru,Kolkata,2412,2024-02-13 20:00:00,164,1,11255,On Time
506190,Akasa Air,Kolkata,Hyderabad,869,2024-02-13 21:00:00,134,169,10073,On Time
506191,Akasa Air,Hyderabad,Hyderabad,516,2024-02-13 22:00:00,163,112,3643,On Time
506192,IndiGo,Mumbai,Bengaluru,1768,2024-02-13 23:00:00,50,113,11389,On Time
506193,Akasa Air,Mumbai,Bengaluru,1628,2024-02-14 00:00:00,144,186,14903,On Time
506194,Air India,Hyderabad,Delhi,331,2024-02-14 01:00:00,171,175,8258,On Time
506195,Air India,Chennai,Mumbai,786,2024-02-14 02:00:00,58,184,6193,Delayed
506196,Air India,Chennai,Kolkata,1082,2024-02-14 03:00:00,163,16,3343,Cancelled
506197,IndiGo,Delhi,Bengaluru,2300,2024-02-14 04:00:00,151,46,13942,Delayed
506198,SpiceJet,Mumbai,Hyderabad,2053,2024-02-14 05:00:00,38,171,9848,On Time
506199,SpiceJet,Delhi,Hyderabad,999,2024-02-14 06:00:00,143,169,10892,Delayed
506200,SpiceJet,Bengaluru,Delhi,1949,2024-02-14 07:00:00,63,122,4893,Delayed
506201,Vistara,Kolkata,Chennai,2273,2024-02-14 08:00:00,19,146,15477,Delayed
506202,Air India,Chennai,Chennai,2495,2024-02-14 09:00:00,114,138,5868,Delayed
506203,SpiceJet,Chennai,Mumbai,705,2024-02-14 10:00:00,157,107,5536,Delayed
506204,SpiceJet,Bengaluru,Hyderabad,2378,2024-02-14 11:00:00,151,140,4709,On Time
506205,Akasa Air,Mumbai,Delhi,1374,2024-02-14 12:00:00,57,45,8762,On Time
506206,Vistara,Mumbai,Bengaluru,1334,2024-02-14 13:00:00,33,185,15108,On Time
506207,Air India,Chennai,Delhi,1693,2024-02-14 14:00:00,172,168,9495,On Time
506208,Akasa Air,Delhi,Chennai,2382,2024-02-14 15:00:00,125,21,13744,On Time
506209,IndiGo,Bengaluru,Delhi,1819,2024-02-14 16:00:00,90,18,15516,On Time
506210,Akasa Air,Kolkata,Delhi,1417,2024-02-14 17:00:00,127,102,17026,On Time
506211,Air India,Delhi,Mumbai,741,2024-02-14 18:00:00,122,110,7028,On Time
506212,Akasa Air,Kolkata,Bengaluru,1124,2024-02-14 19:00:00,101,44,12669,On Time
506213,Akasa Air,Bengaluru,Kolkata,1063,2024-02-14 20:00:00,150,118,10360,On Time
506214,IndiGo,Mumbai,Delhi,2068,2024-02-14 21:00:00,57,107,4082,Delayed
506215,SpiceJet,Hyderabad,Delhi,466,2024-02-14 22:00:00,5,199,11376,Cancelled
506216,Air India,Chennai,Chennai,464,2024-02-14 23:00:00,160,39,9491,On Time
506217,SpiceJet,Kolkata,Delhi,374,2024-02-15 00:00:00,33,167,4344,On Time
506218,IndiGo,Chennai,Hyderabad,1290,2024-02-15 01:00:00,89,124,4688,On Time
506219,SpiceJet,Hyderabad,Chennai,759,2024-02-15 02:00:00,2,0,17696,On Time
506220,Air India,Bengaluru,Chennai,793,2024-02-15 03:00:00,139,120,3247,On Time
506221,IndiGo,Delhi,Bengaluru,695,2024-02-15 04:00:00,-10,169,15350,On Time
506222,Air India,Hyderabad,Kolkata,2272,2024-02-15 05:00:00,76,180,8307,On Time
506223,Vistara,Chennai,Kolkata,674,2024-02-15 06:00:00,109,11,17785,Delayed
506224,Vistara,Hyderabad,Delhi,698,2024-02-15 07:00:00,53,198,14631,On Time
506225,SpiceJet,Delhi,Kolkata,1763,2024-02-15 08:00:00,84,66,7971,On Time
506226,IndiGo,Mumbai,Hyderabad,789,2024-02-15 09:00:00,175,85,2828,On Time
506227,SpiceJet,Bengaluru,Bengaluru,1769,2024-02-15 10:00:00,23,-3,14267,Delayed
506228,SpiceJet,Mumbai,Delhi,444,2024-02-15 11:00:00,142,77,16081,Delayed
506229,SpiceJet,Chennai,Hyderabad,1670,2024-02-15 12:00:00,120,125,6228,Cancelled
506230,IndiGo,Kolkata,Delhi,1998,2024-02-15 13:00:00,31,182,17079,On Time
506231,Air India,Delhi,Hyderabad,698,2024-02-15 14:00:00,98,63,10478,On Time
506232,SpiceJet,Mumbai,Kolkata,348,2024-02-15 15:00:00,160,28,12470,On Time
506233,Akasa Air,Kolkata,Bengaluru,530,2024-02-15 16:00:00,126,91,7666,On Time
506234,Akasa Air,Kolkata,Kolkata,814,2024-02-15 17:00:00,129,171,5898,On Time
506235,Akasa Air,Hyderabad,Delhi,873,2024-02-15 18:00:00,144,126,14492,Delayed
506236,IndiGo,Mumbai,Delhi,1799,2024-02-15 19:00:00,150,167,9579,On Time
506237,Akasa Air,Chennai,Delhi,1891,2024-02-15 20:00:00,65,44,15599,Delayed
506238,Air India,Mumbai,Kolkata,1729,2024-02-15 21:00:00,12,169,14002,On Time
506239,Akasa Air,Chennai,Hyderabad,954,2024-02-15 22:00:00,141,124,10347,On Time
506240,SpiceJet,Bengaluru,Chennai,802,2024-02-15 23:00:00,110,111,13523,On Time
506241,IndiGo,Kolkata,Hyderabad,1110,2024-02-16 00:00:00,148,101,15060,On Time
506242,SpiceJet,Hyderabad,Bengaluru,614,2024-02-16 01:00:00,45,194,17860,On Time
506243,Akasa Air,Bengaluru,Delhi,1866,2024-02-16 02:00:00,115,144,15671,On Time
506244,Akasa Air,Mumbai,Mumbai,1597,2024-02-16 03:00:00,45,197,14800,On Time
506245,SpiceJet,Chennai,Chennai,689,2024-02-16 04:00:00,32,35,16370,On Time
506246,IndiGo,Mumbai,Chennai,442,2024-02-16 05:00:00,20,22,11692,On Time
506247,Air India,Kolkata,Bengaluru,1722,2024-02-16 06:00:00,159,19,6262,On Time
506248,SpiceJet,Bengaluru,Chennai,1010,2024-02-16 07:00:00,7,98,13180,Delayed
506249,IndiGo,Bengaluru,Chennai,493,2024-02-16 08:00:00,33,140,16398,On Time
506250,Akasa Air,Kolkata,Hyderabad,1635,2024-02-16 09:00:00,21,118,17545,On Time
506251,SpiceJet,Bengaluru,Chennai,886,2024-02-16 10:00:00,54,160,3888,On Time
506252,SpiceJet,Mumbai,Delhi,1462,2024-02-16 11:00:00,80,47,17149,On Time
506253,IndiGo,Delhi,Mumbai,2313,2024-02-16 12:00:00,124,139,17423,On Time
506254,IndiGo,Kolkata,Bengaluru,1011,2024-02-16 13:00:00,148,155,7445,Delayed
506255,SpiceJet,Mumbai,Kolkata,2477,2024-02-16 14:00:00,-2,165,15575,Delayed
506256,Akasa Air,Delhi,Chennai,870,2024-02-16 15:00:00,145,80,7741,Delayed
506257,Akasa Air,Chennai,Hyderabad,1628,2024-02-16 16:00:00,123,-13,10795,On Time
506258,IndiGo,Bengaluru,Hyderabad,2113,2024-02-16 17:00:00,96,158,3983,On Time
506259,Air India,Hyderabad,Delhi,2004,2024-02-16 18:00:00,99,62,17162,Delayed
506260,Air India,Delhi,Hyderabad,773,2024-02-16 19:00:00,31,57,2748,On Time
506261,Air India,Kolkata,Mumbai,1262,2024-02-16 20:00:00,155,176,10926,On Time
506262,IndiGo,Kolkata,Bengaluru,946,2024-02-16 21:00:00,31,38,8564,On Time
506263,IndiGo,Kolkata,Hyderabad,1390,2024-02-16 22:00:00,39,76,10267,On Time
506264,Air India,Hyderabad,Chennai,1688,2024-02-16 23:00:00,28,6,13910,Delayed
506265,IndiGo,Delhi,Kolkata,1368,2024-02-17 00:00:00,168,19,2848,Cancelled
506266,Akasa Air,Delhi,Bengaluru,1985,2024-02-17 01:00:00,98,40,6551,On Time
506267,SpiceJet,Delhi,Mumbai,1139,2024-02-17 02:00:00,92,81,8940,Cancelled
506268,SpiceJet,Delhi,Delhi,1317,2024-02-17 03:00:00,72,66,5551,Delayed
506269,Vistara,Bengaluru,Chennai,2034,2024-02-17 04:00:00,10,175,11850,Cancelled
506270,Akasa Air,Mumbai,Delhi,886,2024-02-17 05:00:00,9,11,12535,On Time
506271,Air India,Delhi,Mumbai,1461,2024-02-17 06:00:00,126,83,11075,Delayed
506272,Vistara,Hyderabad,Kolkata,383,2024-02-17 07:00:00,49,28,15528,On Time
506273,Vistara,Kolkata,Chennai,2160,2024-02-17 08:00:00,81,124,4989,Delayed
506274,Vistara,Kolkata,Chennai,902,2024-02-17 09:00:00,101,15,9404,Delayed
506275,Air India,Delhi,Bengaluru,1195,2024-02-17 10:00:00,132,53,10324,On Time
506276,IndiGo,Kolkata,Kolkata,1425,2024-02-17 11:00:00,125,194,16373,On Time
506277,Air India,Delhi,Chennai,2245,2024-02-17 12:00:00,108,78,5385,On Time
506278,Akasa Air,Delhi,Bengaluru,2049,2024-02-17 13:00:00,43,127,5444,On Time
506279,IndiGo,Bengaluru,Mumbai,1888,2024-02-17 14:00:00,118,170,5996,On Time
506280,Air India,Mumbai,Delhi,1783,2024-02-17 15:00:00,90,112,3784,On Time
506281,Vistara,Hyderabad,Mumbai,2050,2024-02-17 16:00:00,100,120,17903,Delayed
506282,Akasa Air,Mumbai,Kolkata,2323,2024-02-17 17:00:00,175,198,7688,Delayed
506283,SpiceJet,Kolkata,Mumbai,471,2024-02-17 18:00:00,40,23,14002,On Time
506284,IndiGo,Hyderabad,Mumbai,1840,2024-02-17 19:00:00,48,98,14643,Delayed
506285,SpiceJet,Chennai,Chennai,1788,2024-02-17 20:00:00,134,96,4328,On Time
506286,IndiGo,Bengaluru,Kolkata,681,2024-02-17 21:00:00,73,99,14765,On Time
506287,Vistara,Kolkata,Hyderabad,2497,2024-02-17 22:00:00,48,17,16339,Delayed
506288,Akasa Air,Chennai,Kolkata,1578,2024-02-17 23:00:00,128,-1,6777,On Time
506289,SpiceJet,Mumbai,Bengaluru,914,2024-02-18 00:00:00,74,28,15244,On Time
506290,Vistara,Hyderabad,Kolkata,2019,2024-02-18 01:00:00,115,139,11868,On Time
506291,Air India,Kolkata,Kolkata,997,2024-02-18 02:00:00,14,151,8045,On Time
506292,Vistara,Mumbai,Hyderabad,706,2024-02-18 03:00:00,162,93,10620,Delayed
506293,Vistara,Hyderabad,Mumbai,1955,2024-02-18 04:00:00,116,166,16715,On Time
506294,Air India,Chennai,Kolkata,926,2024-02-18 05:00:00,5,52,17901,On Time
506295,IndiGo,Bengaluru,Kolkata,643,2024-02-18 06:00:00,110,92,13085,On Time
506296,Air India,Hyderabad,Bengaluru,1643,2024-02-18 07:00:00,179,52,6225,On Time
506297,IndiGo,Delhi,Kolkata,1766,2024-02-18 08:00:00,105,81,4160,On Time
506298,SpiceJet,Kolkata,Chennai,2443,2024-02-18 09:00:00,61,89,10326,Delayed
506299,Vistara,Delhi,Kolkata,2259,2024-02-18 10:00:00,4,88,17991,On Time
506300,Air India,Hyderabad,Chennai,1700,2024-02-18 11:00:00,8,156,9460,On Time
506301,IndiGo,Delhi,Mumbai,864,2024-02-18 12:00:00,112,98,14168,On Time
506302,Vistara,Hyderabad,Kolkata,1484,2024-02-18 13:00:00,134,31,7084,Delayed
506303,SpiceJet,Hyderabad,Mumbai,2344,2024-02-18 14:00:00,18,84,8110,On Time
506304,IndiGo,Hyderabad,Kolkata,755,2024-02-18 15:00:00,124,15,10488,Delayed
506305,SpiceJet,Hyderabad,Chennai,1603,2024-02-18 16:00:00,174,43,7053,Delayed
506306,Vistara,Delhi,Mumbai,1481,2024-02-18 17:00:00,3,167,16059,On Time
506307,Air India,Delhi,Kolkata,741,2024-02-18 18:00:00,83,41,11100,On Time
506308,IndiGo,Kolkata,Chennai,1691,2024-02-18 19:00:00,112,24,5236,On Time
506309,SpiceJet,Hyderabad,Delhi,976,2024-02-18 20:00:00,44,50,12917,On Time
506310,IndiGo,Chennai,Delhi,958,2024-02-18 21:00:00,169,114,7507,Delayed
506311,Air India,Mumbai,Mumbai,1734,2024-02-18 22:00:00,157,7,6447,Cancelled
506312,Air India,Delhi,Hyderabad,2075,2024-02-18 23:00:00,75,95,14783,On Time
506313,Air India,Chennai,Bengaluru,839,2024-02-19 00:00:00,38,72,15244,Cancelled
506314,Akasa Air,Mumbai,Hyderabad,522,2024-02-19 01:00:00,119,129,8908,On Time
506315,Air India,Kolkata,Kolkata,1522,2024-02-19 02:00:00,65,170,17773,On Time
506316,SpiceJet,Bengaluru,Delhi,1927,2024-02-19 03:00:00,94,25,5687,On Time
506317,Akasa Air,Mumbai,Kolkata,2471,2024-02-19 04:00:00,73,168,8739,On Time
506318,Vistara,Mumbai,Mumbai,1708,2024-02-19 05:00:00,168,155,9125,Delayed
506319,IndiGo,Hyderabad,Hyderabad,1974,2024-02-19 06:00:00,10,100,11120,Delayed
506320,Air India,Kolkata,Mumbai,995,2024-02-19 07:00:00,34,12,13458,Delayed
506321,Akasa Air,Hyderabad,Kolkata,2303,2024-02-19 08:00:00,75,110,17544,Cancelled
506322,Vistara,Delhi,Kolkata,1954,2024-02-19 09:00:00,171,2,16689,On Time
506323,IndiGo,Hyderabad,Chennai,1664,2024-02-19 10:00:00,10,114,16984,Cancelled
506324,Air India,Hyderabad,Mumbai,1272,2024-02-19 11:00:00,79,193,9344,Delayed
506325,Vistara,Chennai,Mumbai,1376,2024-02-19 12:00:00,163,182,16708,Delayed
506326,Vistara,Delhi,Delhi,872,2024-02-19 13:00:00,69,187,7709,On Time
506327,SpiceJet,Bengaluru,Bengaluru,2461,2024-02-19 14:00:00,63,-5,17484,On Time
506328,IndiGo,Kolkata,Kolkata,1981,2024-02-19 15:00:00,36,116,16383,On Time
506329,Akasa Air,Hyderabad,Bengaluru,1472,2024-02-19 16:00:00,2,47,12870,On Time
506330,Akasa Air,Mumbai,Hyderabad,675,2024-02-19 17:00:00,122,11,15113,On Time
506331,Air India,Chennai,Hyderabad,1553,2024-02-19 18:00:00,98,17,11759,Delayed
506332,SpiceJet,Kolkata,Bengaluru,1241,2024-02-19 19:00:00,44,199,13445,On Time
506333,Air India,Mumbai,Hyderabad,2422,2024-02-19 20:00:00,176,106,12629,On Time
506334,SpiceJet,Mumbai,Bengaluru,2469,2024-02-19 21:00:00,-2,49,15635,Delayed
506335,Air India,Delhi,Chennai,1571,2024-02-19 22:00:00,166,178,17485,On Time
506336,Akasa Air,Hyderabad,Bengaluru,1423,2024-02-19 23:00:00,109,142,11981,On Time
506337,IndiGo,Hyderabad,Bengaluru,602,2024-02-20 00:00:00,11,168,16738,Delayed
506338,Vistara,Bengaluru,Kolkata,1944,2024-02-20 01:00:00,17,145,12171,On Time
506339,SpiceJet,Bengaluru,Kolkata,1026,2024-02-20 02:00:00,120,124,3499,Delayed
506340,Akasa Air,Kolkata,Delhi,1993,2024-02-20 03:00:00,162,172,8194,On Time
506341,Akasa Air,Mumbai,Hyderabad,522,2024-02-20 04:00:00,68,68,5418,On Time
506342,Air India,Kolkata,Chennai,1581,2024-02-20 05:00:00,54,94,12036,On Time
506343,Air India,Kolkata,Kolkata,2017,2024-02-20 06:00:00,141,38,13487,On Time
506344,Vistara,Bengaluru,Chennai,1162,2024-02-20 07:00:00,146,82,4565,On Time
506345,SpiceJet,Mumbai,Mumbai,1948,2024-02-20 08:00:00,72,-6,17995,On Time
506346,Air India,Chennai,Chennai,1790,2024-02-20 09:00:00,18,36,17022,On Time
506347,SpiceJet,Delhi,Chennai,1307,2024-02-20 10:00:00,135,84,4042,Delayed
506348,Akasa Air,Delhi,Chennai,1073,2024-02-20 11:00:00,32,135,3116,Delayed
506349,IndiGo,Chennai,Chennai,1895,2024-02-20 12:00:00,131,167,12654,On Time
506350,Akasa Air,Chennai,Chennai,1446,2024-02-20 13:00:00,109,184,3718,Delayed
506351,IndiGo,Delhi,Hyderabad,2480,2024-02-20 14:00:00,109,15,10041,Delayed
506352,IndiGo,Hyderabad,Mumbai,1815,2024-02-20 15:00:00,-4,58,11993,Delayed
506353,Akasa Air,Kolkata,Hyderabad,1734,2024-02-20 16:00:00,118,29,9964,On Time
506354,Akasa Air,Kolkata,Hyderabad,1182,2024-02-20 17:00:00,82,88,15822,On Time
506355,SpiceJet,Delhi,Mumbai,1785,2024-02-20 18:00:00,-8,-6,8311,On Time
506356,Akasa Air,Hyderabad,Kolkata,2059,2024-02-20 19:00:00,94,28,15612,On Time
506357,IndiGo,Mumbai,Kolkata,484,2024-02-20 20:00:00,110,54,16844,Delayed
506358,Air India,Chennai,Delhi,2403,2024-02-20 21:00:00,128,101,11142,On Time
506359,SpiceJet,Mumbai,Kolkata,1417,2024-02-20 22:00:00,161,17,17434,On Time
506360,Akasa Air,Mumbai,Kolkata,583,2024-02-20 23:00:00,120,109,15110,On Time
506361,IndiGo,Mumbai,Hyderabad,1872,2024-02-21 00:00:00,97,199,10650,On Time
506362,SpiceJet,Delhi,Delhi,460,2024-02-21 01:00:00,5,44,10028,Delayed
506363,Akasa Air,Delhi,Bengaluru,669,2024-02-21 02:00:00,83,100,15771,On Time
506364,Akasa Air,Mumbai,Delhi,2162,2024-02-21 03:00:00,102,-15,6890,Delayed
506365,Akasa Air,Chennai,Mumbai,1872,2024-02-21 04:00:00,148,164,17279,Delayed
506366,Air India,Bengaluru,Chennai,529,2024-02-21 05:00:00,103,163,3609,On Time
506367,IndiGo,Delhi,Kolkata,1615,2024-02-21 06:00:00,122,3,16626,On Time
506368,Akasa Air,Mumbai,Mumbai,522,2024-02-21 07:00:00,32,103,14570,Delayed
506369,SpiceJet,Delhi,Bengaluru,882,2024-02-21 08:00:00,37,37,3529,On Time
506370,SpiceJet,Bengaluru,Bengaluru,622,2024-02-21 09:00:00,9,175,14862,On Time
506371,Air India,Delhi,Chennai,1929,2024-02-21 10:00:00,157,156,3254,Delayed
506372,IndiGo,Delhi,Chennai,1312,2024-02-21 11:00:00,123,67,9594,Cancelled
506373,Air India,Bengaluru,Mumbai,476,2024-02-21 12:00:00,92,194,3119,Delayed
506374,IndiGo,Chennai,Hyderabad,1213,2024-02-21 13:00:00,34,28,5843,On Time
506375,Akasa Air,Chennai,Mumbai,2426,2024-02-21 14:00:00,117,119,9346,On Time
506376,IndiGo,Chennai,Bengaluru,2380,2024-02-21 15:00:00,1,131,11010,On Time
506377,SpiceJet,Hyderabad,Bengaluru,1768,2024-02-21 16:00:00,48,84,10010,On Time
506378,Vistara,Kolkata,Kolkata,1560,2024-02-21 17:00:00,0,155,3267,Delayed
506379,Akasa Air,Mumbai,Chennai,2246,2024-02-21 18:00:00,21,141,11554,Cancelled
506380,SpiceJet,Bengaluru,Bengaluru,1783,2024-02-21 19:00:00,7,157,8533,On Time
506381,Akasa Air,Kolkata,Kolkata,1221,2024-02-21 20:00:00,93,49,12677,On Time
506382,SpiceJet,Kolkata,Bengaluru,1534,2024-02-21 21:00:00,112,184,5467,On Time
506383,Vistara,Bengaluru,Kolkata,1672,2024-02-21 22:00:00,134,16,8339,On Time
506384,IndiGo,Mumbai,Chennai,1488,2024-02-21 23:00:00,45,160,7646,On Time
506385,Akasa Air,Bengaluru,Delhi,2152,2024-02-22 00:00:00,68,169,3713,On Time
506386,SpiceJet,Mumbai,Chennai,601,2024-02-22 01:00:00,77,175,14610,On Time
506387,Akasa Air,Bengaluru,Delhi,1487,2024-02-22 02:00:00,118,116,5090,On Time
506388,Vistara,Hyderabad,Hyderabad,2065,2024-02-22 03:00:00,169,22,11128,On Time
506389,Akasa Air,Bengaluru,Bengaluru,2260,2024-02-22 04:00:00,71,19,16751,Cancelled
506390,Akasa Air,Mumbai,Hyderabad,2033,2024-02-22 05:00:00,86,114,13477,Delayed
506391,IndiGo,Chennai,Delhi,634,2024-02-22 06:00:00,14,166,8542,On Time
506392,SpiceJet,Bengaluru,Delhi,2426,2024-02-22 07:00:00,65,64,4154,On Time
506393,IndiGo,Chennai,Chennai,1780,2024-02-22 08:00:00,-4,165,4612,Delayed
506394,Air India,Mumbai,Bengaluru,918,2024-02-22 09:00:00,148,159,16276,On Time
506395,Akasa Air,Kolkata,Kolkata,2408,2024-02-22 10:00:00,86,129,3093,On Time
506396,Air India,Chennai,Chennai,1548,2024-02-22 11:00:00,70,107,13142,Delayed
506397,Akasa Air,Kolkata,Chennai,2356,2024-02-22 12:00:00,148,20,11539,On Time
506398,Akasa Air,Hyderabad,Delhi,1802,2024-02-22 13:00:00,7,113,6921,On Time
506399,IndiGo,Mumbai,Chennai,2387,2024-02-22 14:00:00,172,181,5103,Delayed
506400,IndiGo,Bengaluru,Mumbai,1441,2024-02-22 15:00:00,155,50,7400,Delayed
506401,Air India,Bengaluru,Mumbai,1171,2024-02-22 16:00:00,116,90,9517,Delayed
506402,SpiceJet,Hyderabad,Hyderabad,2253,2024-02-22 17:00:00,46,40,15434,Cancelled
506403,Air India,Chennai,Bengaluru,352,2024-02-22 18:00:00,102,184,4788,On Time
506404,SpiceJet,Delhi,Delhi,335,2024-02-22 19:00:00,115,155,4779,Delayed
506405,Akasa Air,Mumbai,Bengaluru,1824,2024-02-22 20:00:00,158,100,14348,Delayed
506406,SpiceJet,Bengaluru,Chennai,2380,2024-02-22 21:00:00,3,11,12757,On Time
506407,SpiceJet,Bengaluru,Hyderabad,1484,2024-02-22 22:00:00,132,154,5771,Delayed
506408,Vistara,Bengaluru,Hyderabad,777,2024-02-22 23:00:00,30,90,14182,Delayed
506409,SpiceJet,Mumbai,Bengaluru,610,2024-02-23 00:00:00,31,139,13483,Delayed
506410,Akasa Air,Mumbai,Mumbai,2171,2024-02-23 01:00:00,9,125,17368,Delayed
506411,IndiGo,Kolkata,Kolkata,1489,2024-02-23 02:00:00,133,35,5030,Cancelled
506412,Air India,Delhi,Mumbai,1830,2024-02-23 03:00:00,117,29,6450,On Time
506413,Air India,Kolkata,Delhi,427,2024-02-23 04:00:00,123,144,8505,On Time
506414,Air India,Delhi,Bengaluru,893,2024-02-23 05:00:00,131,-11,15123,On Time
506415,IndiGo,Bengaluru,Kolkata,2166,2024-02-23 06:00:00,75,50,5294,Delayed
506416,Akasa Air,Kolkata,Mumbai,664,2024-02-23 07:00:00,-7,155,6469,On Time
506417,Air India,Delhi,Bengaluru,1126,2024-02-23 08:00:00,87,90,8503,On Time
506418,IndiGo,Mumbai,Bengaluru,805,2024-02-23 09:00:00,140,148,3704,Delayed
506419,IndiGo,Hyderabad,Mumbai,1167,2024-02-23 10:00:00,29,115,9228,Delayed
506420,SpiceJet,Chennai,Mumbai,2484,2024-02-23 11:00:00,2,132,3888,On Time
506421,IndiGo,Mumbai,Bengaluru,358,2024-02-23 12:00:00,110,161,14753,On Time
506422,Vistara,Chennai,Mumbai,671,2024-02-23 13:00:00,137,117,13070,On Time
506423,IndiGo,Kolkata,Kolkata,522,2024-02-23 14:00:00,92,95,10882,On Time
506424,Air India,Chennai,Kolkata,381,2024-02-23 15:00:00,165,-6,17462,On Time
506425,Air India,Delhi,Delhi,1692,2024-02-23 16:00:00,56,73,8772,Delayed
506426,Akasa Air,Bengaluru,Delhi,1599,2024-02-23 17:00:00,152,78,11315,On Time
506427,Vistara,Delhi,Bengaluru,2060,2024-02-23 18:00:00,26,11,5524,On Time
506428,SpiceJet,Chennai,Delhi,912,2024-02-23 19:00:00,122,199,13501,Delayed
506429,Vistara,Mumbai,Delhi,1125,2024-02-23 20:00:00,160,152,13578,On Time
506430,IndiGo,Delhi,Kolkata,1308,2024-02-23 21:00:00,161,183,9040,Delayed
506431,Air India,Hyderabad,Kolkata,1996,2024-02-23 22:00:00,174,174,6448,On Time
506432,SpiceJet,Chennai,Kolkata,707,2024-02-23 23:00:00,-10,157,6486,On Time
506433,IndiGo,Delhi,Chennai,2206,2024-02-24 00:00:00,119,189,17911,Delayed
506434,SpiceJet,Kolkata,Mumbai,1119,2024-02-24 01:00:00,67,130,7176,Delayed
506435,Air India,Kolkata,Kolkata,874,2024-02-24 02:00:00,135,47,12174,On Time
506436,Air India,Delhi,Bengaluru,855,2024-02-24 03:00:00,120,131,8845,On Time
506437,SpiceJet,Delhi,Chennai,1632,2024-02-24 04:00:00,93,38,5655,On Time
506438,IndiGo,Bengaluru,Kolkata,453,2024-02-24 05:00:00,55,108,7608,Delayed
506439,Vistara,Bengaluru,Kolkata,1794,2024-02-24 06:00:00,133,87,14745,Delayed
506440,Akasa Air,Kolkata,Bengaluru,1272,2024-02-24 07:00:00,2,48,14417,On Time
506441,IndiGo,Delhi,Bengaluru,2363,2024-02-24 08:00:00,65,116,5682,On Time
506442,IndiGo,Delhi,Delhi,1155,2024-02-24 09:00:00,38,178,15012,Delayed
506443,Air India,Mumbai,Mumbai,1874,2024-02-24 10:00:00,16,-10,2607,On Time
506444,Vistara,Chennai,Delhi,1051,2024-02-24 11:00:00,84,162,5883,Delayed
506445,IndiGo,Delhi,Delhi,1684,2024-02-24 12:00:00,96,53,7019,On Time
506446,IndiGo,Mumbai,Chennai,965,2024-02-24 13:00:00,24,2,10956,On Time
506447,Air India,Chennai,Bengaluru,665,2024-02-24 14:00:00,141,-14,11145,Delayed
506448,SpiceJet,Hyderabad,Bengaluru,543,2024-02-24 15:00:00,-5,171,15522,On Time
506449,Vistara,Chennai,Hyderabad,1586,2024-02-24 16:00:00,17,165,5596,On Time
506450,SpiceJet,Mumbai,Kolkata,2181,2024-02-24 17:00:00,0,58,8308,On Time
506451,Akasa Air,Hyderabad,Hyderabad,1056,2024-02-24 18:00:00,48,165,12176,On Time
506452,Akasa Air,Hyderabad,Chennai,2288,2024-02-24 19:00:00,60,34,4029,On Time
506453,Air India,Hyderabad,Kolkata,2378,2024-02-24 20:00:00,22,109,9407,On Time
506454,IndiGo,Bengaluru,Bengaluru,945,2024-02-24 21:00:00,137,17,11389,Delayed
506455,Akasa Air,Bengaluru,Chennai,1660,2024-02-24 22:00:00,161,7,9705,Delayed
506456,Akasa Air,Chennai,Delhi,401,2024-02-24 23:00:00,94,45,15040,On Time
506457,Air India,Chennai,Bengaluru,2056,2024-02-25 00:00:00,99,127,11423,On Time
506458,IndiGo,Chennai,Hyderabad,459,2024-02-25 01:00:00,58,108,7146,On Time
506459,Akasa Air,Chennai,Chennai,2024,2024-02-25 02:00:00,95,197,15994,On Time
506460,Vistara,Bengaluru,Bengaluru,1206,2024-02-25 03:00:00,88,116,12819,On Time
506461,IndiGo,Bengaluru,Bengaluru,1566,2024-02-25 04:00:00,58,116,17009,Delayed
506462,Akasa Air,Bengaluru,Kolkata,1829,2024-02-25 05:00:00,126,59,6881,Delayed
506463,Vistara,Bengaluru,Chennai,1410,2024-02-25 06:00:00,142,64,16111,On Time
506464,Air India,Chennai,Bengaluru,1455,2024-02-25 07:00:00,129,48,15093,Delayed
506465,SpiceJet,Kolkata,Hyderabad,1139,2024-02-25 08:00:00,77,-3,13952,On Time
506466,IndiGo,Mumbai,Delhi,2222,2024-02-25 09:00:00,18,-8,6198,Delayed
506467,Vistara,Delhi,Delhi,956,2024-02-25 10:00:00,151,116,17461,On Time
506468,Air India,Chennai,Mumbai,2331,2024-02-25 11:00:00,-6,4,12048,On Time
506469,Vistara,Bengaluru,Mumbai,874,2024-02-25 12:00:00,108,27,11367,On Time
506470,Akasa Air,Mumbai,Bengaluru,426,2024-02-25 13:00:00,43,82,10577,On Time
506471,SpiceJet,Mumbai,Mumbai,1239,2024-02-25 14:00:00,101,106,12508,On Time
506472,IndiGo,Chennai,Mumbai,1200,2024-02-25 15:00:00,122,173,7580,On Time
506473,Vistara,Delhi,Bengaluru,2138,2024-02-25 16:00:00,73,55,3653,Delayed
506474,Vistara,Chennai,Hyderabad,311,2024-02-25 17:00:00,165,159,15348,Delayed
506475,Air India,Chennai,Bengaluru,1212,2024-02-25 18:00:00,63,130,17442,On Time
506476,Akasa Air,Hyderabad,Mumbai,744,2024-02-25 19:00:00,110,77,10609,On Time
506477,Air India,Chennai,Mumbai,371,2024-02-25 20:00:00,53,-9,12191,Delayed
506478,Akasa Air,Hyderabad,Chennai,2391,2024-02-25 21:00:00,80,89,17801,On Time
506479,IndiGo,Chennai,Mumbai,882,2024-02-25 22:00:00,-5,163,11880,On Time
506480,Vistara,Delhi,Kolkata,2169,2024-02-25 23:00:00,89,-1,9169,Delayed
506481,Air India,Bengaluru,Hyderabad,1908,2024-02-26 00:00:00,14,0,8761,Delayed
506482,Vistara,Delhi,Kolkata,1173,2024-02-26 01:00:00,169,87,5326,On Time
506483,Vistara,Chennai,Kolkata,2338,2024-02-26 02:00:00,3,177,3943,On Time
506484,Air India,Chennai,Delhi,1886,2024-02-26 03:00:00,47,-3,17155,Delayed
506485,Akasa Air,Hyderabad,Bengaluru,2202,2024-02-26 04:00:00,100,41,6532,Cancelled
506486,Vistara,Kolkata,Hyderabad,1451,2024-02-26 05:00:00,26,164,3070,On Time
506487,SpiceJet,Bengaluru,Chennai,1776,2024-02-26 06:00:00,98,138,13561,On Time
506488,Air India,Kolkata,Delhi,752,2024-02-26 07:00:00,24,-8,11942,On Time
506489,SpiceJet,Hyderabad,Kolkata,922,2024-02-26 08:00:00,145,9,3978,On Time
506490,IndiGo,Mumbai,Bengaluru,2293,2024-02-26 09:00:00,174,188,12883,On Time
506491,IndiGo,Delhi,Kolkata,791,2024-02-26 10:00:00,131,128,14211,On Time
506492,IndiGo,Chennai,Kolkata,944,2024-02-26 11:00:00,103,46,8289,On Time
506493,Akasa Air,Delhi,Mumbai,689,2024-02-26 12:00:00,69,69,9456,Cancelled
506494,Air India,Delhi,Bengaluru,1451,2024-02-26 13:00:00,108,184,10895,On Time
506495,Akasa Air,Delhi,Delhi,348,2024-02-26 14:00:00,172,-14,17834,On Time
506496,IndiGo,Chennai,Bengaluru,668,2024-02-26 15:00:00,113,168,13271,On Time
506497,SpiceJet,Bengaluru,Hyderabad,342,2024-02-26 16:00:00,155,17,6706,On Time
506498,SpiceJet,Bengaluru,Chennai,1686,2024-02-26 17:00:00,60,65,6653,Delayed
506499,Air India,Mumbai,Bengaluru,1047,2024-02-26 18:00:00,155,7,11233,On Time
506500,Air India,Kolkata,Hyderabad,674,2024-02-26 19:00:00,49,97,14653,Delayed
506501,Vistara,Chennai,Hyderabad,1597,2024-02-26 20:00:00,8,12,6437,Delayed
506502,Air India,Kolkata,Kolkata,1590,2024-02-26 21:00:00,145,92,6472,On Time
506503,SpiceJet,Delhi,Kolkata,542,2024-02-26 22:00:00,42,166,5101,On Time
506504,Air India,Delhi,Delhi,1014,2024-02-26 23:00:00,12,60,11601,Delayed
506505,Akasa Air,Kolkata,Hyderabad,1401,2024-02-27 00:00:00,90,41,8849,On Time
506506,Air India,Kolkata,Chennai,1220,2024-02-27 01:00:00,61,1,11965,On Time
506507,Akasa Air,Bengaluru,Hyderabad,1293,2024-02-27 02:00:00,-9,164,11616,On Time
506508,Vistara,Mumbai,Mumbai,818,2024-02-27 03:00:00,107,142,7050,Delayed
506509,SpiceJet,Mumbai,Bengaluru,1165,2024-02-27 04:00:00,28,12,3401,On Time
506510,IndiGo,Mumbai,Mumbai,778,2024-02-27 05:00:00,109,179,3428,On Time
506511,IndiGo,Bengaluru,Mumbai,1309,2024-02-27 06:00:00,94,55,17676,Delayed
506512,Vistara,Chennai,Chennai,301,2024-02-27 07:00:00,160,173,5860,On Time
506513,Air India,Mumbai,Delhi,2327,2024-02-27 08:00:00,88,66,14622,On Time
506514,SpiceJet,Chennai,Kolkata,805,2024-02-27 09:00:00,44,0,5027,On Time
506515,SpiceJet,Kolkata,Bengaluru,1812,2024-02-27 10:00:00,155,43,3458,Delayed
506516,Vistara,Hyderabad,Bengaluru,719,2024-02-27 11:00:00,31,172,4314,Cancelled
506517,SpiceJet,Chennai,Delhi,1844,2024-02-27 12:00:00,36,147,6370,On Time
506518,SpiceJet,Hyderabad,Mumbai,724,2024-02-27 13:00:00,146,47,7019,On Time
506519,Air India,Chennai,Kolkata,662,2024-02-27 14:00:00,10,-14,3763,On Time
506520,Vistara,Kolkata,Delhi,663,2024-02-27 15:00:00,100,101,13811,On Time
506521,Akasa Air,Hyderabad,Chennai,1648,2024-02-27 16:00:00,101,102,4569,Cancelled
506522,SpiceJet,Mumbai,Kolkata,728,2024-02-27 17:00:00,144,137,14804,Delayed
506523,SpiceJet,Chennai,Chennai,1858,2024-02-27 18:00:00,178,-14,4623,On Time
506524,Air India,Delhi,Delhi,466,2024-02-27 19:00:00,74,71,17273,Delayed
506525,Akasa Air,Mumbai,Delhi,602,2024-02-27 20:00:00,28,62,6048,On Time
506526,SpiceJet,Kolkata,Delhi,1836,2024-02-27 21:00:00,20,139,5817,On Time
506527,Vistara,Delhi,Kolkata,2279,2024-02-27 22:00:00,93,51,6688,On Time
506528,SpiceJet,Chennai,Delhi,767,2024-02-27 23:00:00,163,90,15540,Delayed
506529,Akasa Air,Delhi,Chennai,685,2024-02-28 00:00:00,16,151,7686,Delayed
506530,SpiceJet,Hyderabad,Bengaluru,1463,2024-02-28 01:00:00,166,16,16906,On Time
506531,Vistara,Bengaluru,Chennai,1351,2024-02-28 02:00:00,111,70,9376,On Time
506532,Air India,Chennai,Bengaluru,866,2024-02-28 03:00:00,42,90,10379,Delayed
506533,Air India,Hyderabad,Bengaluru,951,2024-02-28 04:00:00,166,118,9692,Delayed
506534,Akasa Air,Delhi,Hyderabad,774,2024-02-28 05:00:00,93,178,15670,On Time
506535,SpiceJet,Delhi,Hyderabad,875,2024-02-28 06:00:00,14,88,16801,On Time
506536,SpiceJet,Delhi,Delhi,1560,2024-02-28 07:00:00,25,84,16270,On Time
506537,SpiceJet,Chennai,Chennai,2063,2024-02-28 08:00:00,58,82,12274,On Time
506538,SpiceJet,Chennai,Delhi,1742,2024-02-28 09:00:00,149,13,7743,On Time
506539,Vistara,Mumbai,Chennai,2469,2024-02-28 10:00:00,179,83,11706,On Time
506540,Vistara,Chennai,Mumbai,1182,2024-02-28 11:00:00,147,128,2955,On Time
506541,IndiGo,Hyderabad,Chennai,1279,2024-02-28 12:00:00,111,88,9839,On Time
506542,Vistara,Kolkata,Delhi,913,2024-02-28 13:00:00,79,97,9780,Delayed
506543,Air India,Mumbai,Mumbai,2088,2024-02-28 14:00:00,100,89,5503,On Time
506544,SpiceJet,Delhi,Bengaluru,2165,2024-02-28 15:00:00,19,91,7312,On Time
506545,Air India,Hyderabad,Chennai,1072,2024-02-28 16:00:00,29,76,5154,Delayed
506546,SpiceJet,Bengaluru,Delhi,2347,2024-02-28 17:00:00,19,-11,11228,On Time
506547,Akasa Air,Kolkata,Bengaluru,566,2024-02-28 18:00:00,14,117,11991,Delayed
506548,Akasa Air,Chennai,Kolkata,892,2024-02-28 19:00:00,37,31,8061,Delayed
506549,Akasa Air,Bengaluru,Chennai,1703,2024-02-28 20:00:00,97,34,8262,Delayed
506550,SpiceJet,Bengaluru,Chennai,1330,2024-02-28 21:00:00,179,57,12778,On Time
506551,Vistara,Chennai,Kolkata,1974,2024-02-28 22:00:00,7,176,13522,Delayed
506552,Air India,Hyderabad,Kolkata,1720,2024-02-28 23:00:00,161,23,17615,Delayed
506553,Akasa Air,Bengaluru,Chennai,1197,2024-02-29 00:00:00,64,50,4319,On Time
506554,IndiGo,Kolkata,Mumbai,2442,2024-02-29 01:00:00,25,37,16341,On Time
506555,IndiGo,Bengaluru,Chennai,2275,2024-02-29 02:00:00,11,179,16533,On Time
506556,IndiGo,Hyderabad,Kolkata,1655,2024-02-29 03:00:00,36,157,7962,Cancelled
506557,Akasa Air,Mumbai,Delhi,2030,2024-02-29 04:00:00,108,-8,3483,On Time
506558,Air India,Kolkata,Mumbai,1603,2024-02-29 05:00:00,63,140,6660,On Time
506559,IndiGo,Hyderabad,Chennai,2274,2024-02-29 06:00:00,-10,66,17173,Cancelled
506560,SpiceJet,Chennai,Hyderabad,1574,2024-02-29 07:00:00,49,151,16717,On Time
506561,Air India,Mumbai,Kolkata,2449,2024-02-29 08:00:00,136,90,16863,On Time
506562,Akasa Air,Bengaluru,Chennai,1806,2024-02-29 09:00:00,46,178,10350,On Time
506563,Air India,Kolkata,Delhi,1504,2024-02-29 10:00:00,169,110,5958,Delayed
506564,Vistara,Chennai,Bengaluru,1407,2024-02-29 11:00:00,95,65,17187,On Time
506565,Akasa Air,Hyderabad,Chennai,784,2024-02-29 12:00:00,139,119,10607,Delayed
506566,Akasa Air,Hyderabad,Mumbai,1746,2024-02-29 13:00:00,159,63,12392,On Time
506567,IndiGo,Mumbai,Bengaluru,963,2024-02-29 14:00:00,65,38,4176,On Time
506568,Air India,Bengaluru,Kolkata,1974,2024-02-29 15:00:00,-9,126,12620,Delayed
506569,Akasa Air,Chennai,Hyderabad,897,2024-02-29 16:00:00,34,101,14067,On Time
506570,SpiceJet,Bengaluru,Bengaluru,417,2024-02-29 17:00:00,-7,121,13128,Delayed
506571,Air India,Mumbai,Delhi,2337,2024-02-29 18:00:00,35,113,6886,Delayed
506572,Akasa Air,Chennai,Mumbai,2104,2024-02-29 19:00:00,143,-3,11989,Delayed
506573,SpiceJet,Mumbai,Kolkata,1411,2024-02-29 20:00:00,103,134,4071,Delayed
506574,Air India,Mumbai,Mumbai,602,2024-02-29 21:00:00,-9,45,3422,On Time
506575,Akasa Air,Bengaluru,Hyderabad,1319,2024-02-29 22:00:00,110,11,10978,Delayed
506576,Akasa Air,Bengaluru,Kolkata,1819,2024-02-29 23:00:00,23,36,14712,Delayed
506577,Akasa Air,Delhi,Hyderabad,1265,2024-03-01 00:00:00,9,187,14695,Delayed
506578,Air India,Kolkata,Chennai,943,2024-03-01 01:00:00,39,117,5968,On Time
506579,Akasa Air,Chennai,Kolkata,1281,2024-03-01 02:00:00,110,38,16858,Delayed
506580,Vistara,Chennai,Hyderabad,2226,2024-03-01 03:00:00,161,156,15663,Cancelled
506581,Vistara,Mumbai,Bengaluru,2285,2024-03-01 04:00:00,88,20,12004,Delayed
506582,Vistara,Bengaluru,Mumbai,380,2024-03-01 05:00:00,141,36,11785,Delayed
506583,Air India,Hyderabad,Kolkata,2160,2024-03-01 06:00:00,13,199,16079,On Time
506584,Akasa Air,Delhi,Delhi,1957,2024-03-01 07:00:00,56,45,8404,Cancelled
506585,Akasa Air,Hyderabad,Bengaluru,2084,2024-03-01 08:00:00,84,174,15518,Delayed
506586,IndiGo,Mumbai,Mumbai,465,2024-03-01 09:00:00,145,112,15150,Delayed
506587,SpiceJet,Delhi,Delhi,1551,2024-03-01 10:00:00,57,123,5291,Delayed
506588,Akasa Air,Kolkata,Kolkata,1576,2024-03-01 11:00:00,93,166,15988,Delayed
506589,SpiceJet,Mumbai,Kolkata,1621,2024-03-01 12:00:00,74,147,13395,On Time
506590,Air India,Hyderabad,Bengaluru,1079,2024-03-01 13:00:00,4,129,10325,On Time
506591,Akasa Air,Kolkata,Chennai,656,2024-03-01 14:00:00,64,26,8175,On Time
506592,Akasa Air,Delhi,Bengaluru,1729,2024-03-01 15:00:00,64,115,12125,On Time
506593,SpiceJet,Hyderabad,Mumbai,2393,2024-03-01 16:00:00,168,94,4585,On Time
506594,IndiGo,Bengaluru,Kolkata,1859,2024-03-01 17:00:00,151,14,13112,On Time
506595,Akasa Air,Bengaluru,Kolkata,1636,2024-03-01 18:00:00,19,103,16342,On Time
506596,Akasa Air,Chennai,Delhi,2126,2024-03-01 19:00:00,60,-8,2972,On Time
506597,Air India,Mumbai,Mumbai,2066,2024-03-01 20:00:00,36,-1,16291,On Time
506598,Air India,Hyderabad,Chennai,1263,2024-03-01 21:00:00,108,7,3193,On Time
506599,Akasa Air,Chennai,Delhi,1532,2024-03-01 22:00:00,92,123,7851,On Time
506600,Akasa Air,Bengaluru,Bengaluru,2240,2024-03-01 23:00:00,28,169,10238,On Time
506601,Akasa Air,Delhi,Mumbai,1263,2024-03-02 00:00:00,162,122,14469,Delayed
506602,Akasa Air,Delhi,Bengaluru,1259,2024-03-02 01:00:00,69,139,13906,On Time
506603,SpiceJet,Hyderabad,Chennai,1243,2024-03-02 02:00:00,160,129,7395,On Time
506604,SpiceJet,Chennai,Hyderabad,2196,2024-03-02 03:00:00,152,153,14514,Delayed
506605,Akasa Air,Delhi,Delhi,1501,2024-03-02 04:00:00,60,140,16339,Cancelled
506606,Vistara,Mumbai,Mumbai,882,2024-03-02 05:00:00,107,81,3741,On Time
506607,Air India,Kolkata,Mumbai,969,2024-03-02 06:00:00,142,84,13444,On Time
506608,Air India,Mumbai,Hyderabad,384,2024-03-02 07:00:00,9,157,17141,Delayed
506609,Akasa Air,Kolkata,Bengaluru,1349,2024-03-02 08:00:00,24,18,14843,Cancelled
506610,IndiGo,Delhi,Chennai,408,2024-03-02 09:00:00,48,73,4898,On Time
506611,Akasa Air,Kolkata,Chennai,1414,2024-03-02 10:00:00,15,36,14995,On Time
506612,IndiGo,Hyderabad,Mumbai,1358,2024-03-02 11:00:00,86,4,15514,On Time
506613,SpiceJet,Kolkata,Kolkata,577,2024-03-02 12:00:00,103,147,5283,On Time
506614,Vistara,Hyderabad,Kolkata,1920,2024-03-02 13:00:00,149,27,13623,Delayed
506615,Air India,Delhi,Bengaluru,909,2024-03-02 14:00:00,102,185,16830,Delayed
506616,IndiGo,Mumbai,Chennai,1282,2024-03-02 15:00:00,55,46,8776,On Time
506617,SpiceJet,Mumbai,Bengaluru,1093,2024-03-02 16:00:00,23,104,6691,Delayed
506618,Vistara,Mumbai,Chennai,414,2024-03-02 17:00:00,153,98,11922,On Time
506619,SpiceJet,Hyderabad,Mumbai,1329,2024-03-02 18:00:00,109,23,4541,Delayed
506620,SpiceJet,Bengaluru,Kolkata,2485,2024-03-02 19:00:00,-2,156,17391,On Time
506621,Air India,Bengaluru,Hyderabad,2214,2024-03-02 20:00:00,64,142,16133,On Time
506622,Vistara,Hyderabad,Chennai,2161,2024-03-02 21:00:00,122,30,12177,Delayed
506623,IndiGo,Delhi,Kolkata,1767,2024-03-02 22:00:00,178,55,16530,On Time
506624,Akasa Air,Kolkata,Hyderabad,558,2024-03-02 23:00:00,69,118,6410,On Time
506625,Vistara,Chennai,Bengaluru,1473,2024-03-03 00:00:00,172,87,7449,Delayed
506626,IndiGo,Kolkata,Delhi,1820,2024-03-03 01:00:00,134,123,7256,Delayed
506627,Air India,Hyderabad,Hyderabad,407,2024-03-03 02:00:00,172,121,3164,Delayed
506628,Air India,Delhi,Mumbai,676,2024-03-03 03:00:00,94,137,9917,On Time
506629,Akasa Air,Hyderabad,Mumbai,1194,2024-03-03 04:00:00,77,99,8652,On Time
506630,IndiGo,Chennai,Mumbai,1247,2024-03-03 05:00:00,68,198,12161,On Time
506631,Air India,Bengaluru,Bengaluru,2362,2024-03-03 06:00:00,43,157,7005,On Time
506632,Vistara,Hyderabad,Mumbai,2226,2024-03-03 07:00:00,-9,47,15871,On Time
506633,Akasa Air,Kolkata,Kolkata,2210,2024-03-03 08:00:00,86,111,5067,On Time
506634,SpiceJet,Kolkata,Hyderabad,1496,2024-03-03 09:00:00,5,4,6711,On Time
506635,Vistara,Delhi,Delhi,2068,2024-03-03 10:00:00,165,135,6127,On Time
506636,SpiceJet,Hyderabad,Bengaluru,2420,2024-03-03 11:00:00,133,63,11824,On Time
506637,Vistara,Bengaluru,Kolkata,2243,2024-03-03 12:00:00,7,65,4881,On Time
506638,SpiceJet,Hyderabad,Chennai,1735,2024-03-03 13:00:00,93,27,14858,On Time
506639,SpiceJet,Bengaluru,Chennai,2042,2024-03-03 14:00:00,22,17,16049,On Time
506640,Air India,Delhi,Delhi,1024,2024-03-03 15:00:00,38,66,12734,Delayed
506641,IndiGo,Mumbai,Hyderabad,753,2024-03-03 16:00:00,86,147,17542,On Time
506642,Vistara,Kolkata,Bengaluru,1936,2024-03-03 17:00:00,123,51,13505,On Time
506643,Akasa Air,Kolkata,Mumbai,1591,2024-03-03 18:00:00,78,52,3897,On Time
506644,Akasa Air,Chennai,Mumbai,1952,2024-03-03 19:00:00,13,36,2566,Delayed
506645,Vistara,Bengaluru,Mumbai,1508,2024-03-03 20:00:00,6,-5,3645,Cancelled
506646,IndiGo,Mumbai,Delhi,2336,2024-03-03 21:00:00,24,-4,7251,Delayed
506647,Akasa Air,Kolkata,Hyderabad,834,2024-03-03 22:00:00,173,121,3218,On Time
506648,IndiGo,Delhi,Mumbai,2318,2024-03-03 23:00:00,88,152,17040,Delayed
506649,SpiceJet,Delhi,Hyderabad,1742,2024-03-04 00:00:00,119,68,11879,On Time
506650,IndiGo,Chennai,Kolkata,885,2024-03-04 01:00:00,0,196,3825,On Time
506651,Akasa Air,Chennai,Chennai,1183,2024-03-04 02:00:00,111,46,16452,Cancelled
506652,Vistara,Kolkata,Bengaluru,713,2024-03-04 03:00:00,110,43,3530,Delayed
506653,Air India,Mumbai,Delhi,1076,2024-03-04 04:00:00,60,164,15720,Delayed
506654,Air India,Hyderabad,Mumbai,420,2024-03-04 05:00:00,77,2,11852,On Time
506655,IndiGo,Kolkata,Bengaluru,2332,2024-03-04 06:00:00,141,31,4113,On Time
506656,IndiGo,Chennai,Mumbai,848,2024-03-04 07:00:00,166,60,5310,On Time
506657,IndiGo,Delhi,Delhi,1017,2024-03-04 08:00:00,176,26,8978,Delayed
506658,Vistara,Kolkata,Chennai,1675,2024-03-04 09:00:00,5,70,9810,On Time
506659,IndiGo,Chennai,Kolkata,1708,2024-03-04 10:00:00,170,33,3514,On Time
506660,SpiceJet,Mumbai,Delhi,2454,2024-03-04 11:00:00,110,125,17751,Cancelled
506661,IndiGo,Mumbai,Bengaluru,517,2024-03-04 12:00:00,85,60,15166,On Time
506662,IndiGo,Hyderabad,Delhi,1184,2024-03-04 13:00:00,83,35,8114,On Time
506663,Air India,Delhi,Hyderabad,2410,2024-03-04 14:00:00,5,156,8050,On Time
506664,Air India,Chennai,Kolkata,1840,2024-03-04 15:00:00,62,26,12536,On Time
506665,Air India,Mumbai,Hyderabad,952,2024-03-04 16:00:00,52,35,12359,Delayed
506666,Akasa Air,Mumbai,Mumbai,983,2024-03-04 17:00:00,84,113,11907,On Time
506667,SpiceJet,Kolkata,Chennai,2065,2024-03-04 18:00:00,9,0,9853,Delayed
506668,Vistara,Hyderabad,Hyderabad,465,2024-03-04 19:00:00,14,39,13355,On Time
506669,Akasa Air,Chennai,Delhi,835,2024-03-04 20:00:00,34,132,12194,On Time
506670,Vistara,Delhi,Kolkata,1245,2024-03-04 21:00:00,5,91,2928,Delayed
506671,Air India,Bengaluru,Hyderabad,1252,2024-03-04 22:00:00,150,171,6046,On Time
506672,Air India,Mumbai,Hyderabad,484,2024-03-04 23:00:00,117,132,3698,On Time
506673,Vistara,Bengaluru,Mumbai,2404,2024-03-05 00:00:00,124,131,3913,On Time
506674,Vistara,Delhi,Delhi,2174,2024-03-05 01:00:00,18,113,5698,On Time
506675,Vistara,Bengaluru,Delhi,1754,2024-03-05 02:00:00,16,148,17186,On Time
506676,Air India,Chennai,Kolkata,1871,2024-03-05 03:00:00,11,27,5235,Delayed
506677,Vistara,Delhi,Hyderabad,2312,2024-03-05 04:00:00,32,95,11314,On Time
506678,Vistara,Kolkata,Delhi,1754,2024-03-05 05:00:00,82,6,4897,Delayed
506679,Akasa Air,Chennai,Chennai,1835,2024-03-05 06:00:00,32,94,8490,On Time
506680,IndiGo,Mumbai,Delhi,458,2024-03-05 07:00:00,120,126,16320,Delayed
506681,Akasa Air,Chennai,Hyderabad,1822,2024-03-05 08:00:00,76,154,10702,On Time
506682,Air India,Mumbai,Kolkata,1724,2024-03-05 09:00:00,16,149,12913,On Time
506683,Vistara,Kolkata,Kolkata,1386,2024-03-05 10:00:00,54,151,5431,On Time
506684,SpiceJet,Chennai,Mumbai,1676,2024-03-05 11:00:00,138,139,9513,On Time
506685,SpiceJet,Delhi,Kolkata,1995,2024-03-05 12:00:00,135,142,17874,On Time
506686,IndiGo,Hyderabad,Chennai,1498,2024-03-05 13:00:00,174,98,7082,On Time
506687,Vistara,Kolkata,Kolkata,1253,2024-03-05 14:00:00,8,5,8854,On Time
506688,IndiGo,Delhi,Chennai,574,2024-03-05 15:00:00,12,104,16122,On Time
506689,Akasa Air,Hyderabad,Delhi,2242,2024-03-05 16:00:00,106,125,8293,On Time
506690,IndiGo,Bengaluru,Hyderabad,1504,2024-03-05 17:00:00,41,162,4049,On Time
506691,Air India,Bengaluru,Kolkata,1938,2024-03-05 18:00:00,179,116,16488,Delayed
506692,SpiceJet,Mumbai,Delhi,795,2024-03-05 19:00:00,172,103,11823,Cancelled
506693,Air India,Bengaluru,Delhi,2273,2024-03-05 20:00:00,128,153,7008,On Time
506694,Air India,Delhi,Chennai,1875,2024-03-05 21:00:00,82,125,9471,On Time
506695,SpiceJet,Hyderabad,Bengaluru,2111,2024-03-05 22:00:00,138,-13,12961,Cancelled
506696,SpiceJet,Delhi,Mumbai,2254,2024-03-05 23:00:00,24,111,4321,On Time
506697,SpiceJet,Hyderabad,Chennai,991,2024-03-06 00:00:00,98,23,6111,On Time
506698,SpiceJet,Bengaluru,Mumbai,2209,2024-03-06 01:00:00,128,51,9918,On Time
506699,Akasa Air,Delhi,Hyderabad,1724,2024-03-06 02:00:00,8,57,9481,On Time
506700,Akasa Air,Hyderabad,Bengaluru,331,2024-03-06 03:00:00,64,80,6727,Delayed
506701,Air India,Bengaluru,Kolkata,368,2024-03-06 04:00:00,20,87,14667,Delayed
506702,Akasa Air,Bengaluru,Mumbai,960,2024-03-06 05:00:00,79,181,7530,Delayed
506703,Air India,Chennai,Bengaluru,2184,2024-03-06 06:00:00,87,189,9705,On Time
506704,Akasa Air,Kolkata,Kolkata,2027,2024-03-06 07:00:00,51,83,14766,On Time
506705,Air India,Mumbai,Chennai,989,2024-03-06 08:00:00,71,102,17046,Delayed
506706,Air India,Delhi,Chennai,1280,2024-03-06 09:00:00,142,103,15181,On Time
506707,Air India,Hyderabad,Kolkata,822,2024-03-06 10:00:00,80,122,11614,On Time
506708,Akasa Air,Hyderabad,Chennai,1065,2024-03-06 11:00:00,49,29,15589,On Time
506709,Vistara,Delhi,Chennai,1519,2024-03-06 12:00:00,111,100,8891,Delayed
506710,Vistara,Delhi,Chennai,508,2024-03-06 13:00:00,49,142,13356,On Time
506711,SpiceJet,Chennai,Delhi,1065,2024-03-06 14:00:00,55,80,12513,On Time
506712,Vistara,Delhi,Delhi,991,2024-03-06 15:00:00,133,156,11155,On Time
506713,Akasa Air,Mumbai,Hyderabad,320,2024-03-06 16:00:00,62,25,7873,Cancelled
506714,Vistara,Kolkata,Delhi,764,2024-03-06 17:00:00,149,63,17726,On Time
506715,Vistara,Delhi,Chennai,1814,2024-03-06 18:00:00,-5,106,5189,Delayed
506716,Air India,Delhi,Delhi,1530,2024-03-06 19:00:00,56,149,8835,On Time
506717,Akasa Air,Delhi,Chennai,1222,2024-03-06 20:00:00,12,135,14372,Delayed
506718,Air India,Kolkata,Chennai,1726,2024-03-06 21:00:00,25,106,9137,On Time
506719,Air India,Chennai,Hyderabad,1881,2024-03-06 22:00:00,6,17,11216,On Time
506720,IndiGo,Chennai,Bengaluru,528,2024-03-06 23:00:00,84,188,10676,Delayed
506721,Air India,Delhi,Kolkata,696,2024-03-07 00:00:00,78,136,13221,Delayed
506722,SpiceJet,Chennai,Hyderabad,2444,2024-03-07 01:00:00,116,153,9978,On Time
506723,Akasa Air,Mumbai,Hyderabad,1863,2024-03-07 02:00:00,57,105,17143,On Time
506724,Akasa Air,Delhi,Delhi,1947,2024-03-07 03:00:00,74,-3,17658,Cancelled
506725,SpiceJet,Delhi,Bengaluru,1622,2024-03-07 04:00:00,12,37,12620,On Time
506726,IndiGo,Bengaluru,Bengaluru,422,2024-03-07 05:00:00,80,69,11190,On Time
506727,SpiceJet,Delhi,Bengaluru,850,2024-03-07 06:00:00,63,123,9791,Delayed
506728,Akasa Air,Chennai,Bengaluru,2389,2024-03-07 07:00:00,11,44,5793,Delayed
506729,IndiGo,Delhi,Kolkata,1969,2024-03-07 08:00:00,83,22,4157,On Time
506730,SpiceJet,Mumbai,Chennai,1205,2024-03-07 09:00:00,103,5,2946,On Time
506731,IndiGo,Mumbai,Chennai,2251,2024-03-07 10:00:00,37,-11,11017,On Time
506732,SpiceJet,Kolkata,Bengaluru,1648,2024-03-07 11:00:00,105,8,16881,On Time
506733,SpiceJet,Kolkata,Chennai,1432,2024-03-07 12:00:00,123,-14,5296,On Time
506734,Vistara,Hyderabad,Delhi,1186,2024-03-07 13:00:00,167,141,15048,Delayed
506735,SpiceJet,Chennai,Bengaluru,1933,2024-03-07 14:00:00,63,56,13456,On Time
506736,IndiGo,Bengaluru,Kolkata,1983,2024-03-07 15:00:00,178,81,7171,On Time
506737,Air India,Kolkata,Kolkata,1931,2024-03-07 16:00:00,47,128,14159,Delayed
506738,IndiGo,Delhi,Delhi,669,2024-03-07 17:00:00,168,181,2816,Delayed
506739,IndiGo,Mumbai,Hyderabad,1808,2024-03-07 18:00:00,154,91,12104,Delayed
506740,Vistara,Mumbai,Chennai,696,2024-03-07 19:00:00,61,105,13472,On Time
506741,SpiceJet,Mumbai,Hyderabad,2004,2024-03-07 20:00:00,151,86,11355,Cancelled
506742,SpiceJet,Bengaluru,Hyderabad,555,2024-03-07 21:00:00,138,164,3745,On Time
506743,Air India,Hyderabad,Mumbai,977,2024-03-07 22:00:00,-10,81,3315,Delayed
506744,Vistara,Kolkata,Chennai,1156,2024-03-07 23:00:00,23,71,9295,On Time
506745,IndiGo,Delhi,Kolkata,1724,2024-03-08 00:00:00,116,4,5307,On Time
506746,SpiceJet,Hyderabad,Kolkata,2210,2024-03-08 01:00:00,52,79,15792,Delayed
506747,Akasa Air,Bengaluru,Delhi,1990,2024-03-08 02:00:00,60,188,9820,Delayed
506748,Vistara,Bengaluru,Bengaluru,1871,2024-03-08 03:00:00,94,62,7655,Delayed
506749,Akasa Air,Bengaluru,Kolkata,2094,2024-03-08 04:00:00,110,143,4193,On Time
506750,Akasa Air,Kolkata,Chennai,1727,2024-03-08 05:00:00,64,9,2907,Delayed
506751,Akasa Air,Chennai,Delhi,1440,2024-03-08 06:00:00,107,146,11506,Delayed
506752,Air India,Delhi,Chennai,372,2024-03-08 07:00:00,6,130,10350,On Time
506753,Vistara,Hyderabad,Kolkata,1597,2024-03-08 08:00:00,35,141,2593,On Time
506754,Air India,Chennai,Chennai,683,2024-03-08 09:00:00,59,9,10353,Delayed
506755,Vistara,Chennai,Mumbai,1981,2024-03-08 10:00:00,0,118,17317,On Time
506756,Akasa Air,Mumbai,Chennai,634,2024-03-08 11:00:00,81,74,12599,On Time
506757,Akasa Air,Kolkata,Hyderabad,1534,2024-03-08 12:00:00,12,108,5981,Delayed
506758,Air India,Bengaluru,Mumbai,1996,2024-03-08 13:00:00,128,45,12056,On Time
506759,Vistara,Bengaluru,Kolkata,1630,2024-03-08 14:00:00,73,179,14499,Delayed
506760,Vistara,Delhi,Kolkata,1015,2024-03-08 15:00:00,102,30,10934,On Time
506761,Air India,Bengaluru,Mumbai,536,2024-03-08 16:00:00,176,153,7667,Delayed
506762,IndiGo,Delhi,Kolkata,2187,2024-03-08 17:00:00,127,142,16086,On Time
506763,Akasa Air,Bengaluru,Chennai,416,2024-03-08 18:00:00,74,-3,8669,On Time
506764,SpiceJet,Bengaluru,Chennai,448,2024-03-08 19:00:00,164,95,9547,On Time
506765,Air India,Delhi,Chennai,2077,2024-03-08 20:00:00,153,40,16771,Delayed
506766,SpiceJet,Chennai,Hyderabad,540,2024-03-08 21:00:00,78,175,9314,On Time
506767,Akasa Air,Bengaluru,Delhi,679,2024-03-08 22:00:00,44,66,15395,Cancelled
506768,SpiceJet,Kolkata,Kolkata,526,2024-03-08 23:00:00,104,177,8665,On Time
506769,IndiGo,Kolkata,Hyderabad,1643,2024-03-09 00:00:00,87,13,14045,Delayed
506770,IndiGo,Kolkata,Bengaluru,2324,2024-03-09 01:00:00,138,127,10102,On Time
506771,SpiceJet,Bengaluru,Hyderabad,1960,2024-03-09 02:00:00,10,23,13764,On Time
506772,Air India,Bengaluru,Mumbai,1072,2024-03-09 03:00:00,53,43,12975,On Time
506773,Vistara,Hyderabad,Mumbai,810,2024-03-09 04:00:00,78,184,16797,On Time
506774,Vistara,Delhi,Hyderabad,301,2024-03-09 05:00:00,146,170,12162,On Time
506775,IndiGo,Kolkata,Delhi,2030,2024-03-09 06:00:00,10,152,9453,On Time
506776,Akasa Air,Chennai,Delhi,1290,2024-03-09 07:00:00,139,141,8776,Cancelled
506777,SpiceJet,Chennai,Bengaluru,1476,2024-03-09 08:00:00,91,125,2717,Delayed
506778,Air India,Delhi,Mumbai,1400,2024-03-09 09:00:00,135,147,7481,Cancelled
506779,Akasa Air,Chennai,Hyderabad,1566,2024-03-09 10:00:00,104,188,17589,Delayed
506780,Akasa Air,Hyderabad,Chennai,2451,2024-03-09 11:00:00,89,93,5684,On Time
506781,SpiceJet,Mumbai,Mumbai,483,2024-03-09 12:00:00,111,119,3073,On Time
506782,SpiceJet,Kolkata,Mumbai,1183,2024-03-09 13:00:00,121,153,12856,On Time
506783,IndiGo,Mumbai,Kolkata,2037,2024-03-09 14:00:00,-4,54,12304,On Time
506784,IndiGo,Delhi,Kolkata,1034,2024-03-09 15:00:00,120,54,14296,On Time
506785,Akasa Air,Chennai,Kolkata,1612,2024-03-09 16:00:00,96,147,6138,On Time
506786,Akasa Air,Bengaluru,Hyderabad,2142,2024-03-09 17:00:00,6,113,11138,On Time
506787,Vistara,Delhi,Bengaluru,805,2024-03-09 18:00:00,137,62,11233,On Time
506788,Air India,Chennai,Hyderabad,2022,2024-03-09 19:00:00,0,102,17173,On Time
506789,IndiGo,Delhi,Kolkata,916,2024-03-09 20:00:00,102,-4,11609,On Time
506790,Vistara,Kolkata,Bengaluru,1573,2024-03-09 21:00:00,115,35,17622,Delayed
506791,IndiGo,Chennai,Kolkata,304,2024-03-09 22:00:00,9,151,4603,On Time
506792,SpiceJet,Mumbai,Chennai,1247,2024-03-09 23:00:00,3,193,3389,Delayed
506793,Vistara,Mumbai,Hyderabad,688,2024-03-10 00:00:00,127,11,6701,Delayed
506794,Akasa Air,Chennai,Bengaluru,1953,2024-03-10 01:00:00,92,22,4072,On Time
506795,Vistara,Delhi,Mumbai,966,2024-03-10 02:00:00,131,30,16926,On Time
506796,Akasa Air,Mumbai,Hyderabad,760,2024-03-10 03:00:00,136,110,6228,Delayed
506797,IndiGo,Mumbai,Chennai,1798,2024-03-10 04:00:00,164,0,5114,On Time
506798,Vistara,Mumbai,Chennai,340,2024-03-10 05:00:00,133,87,17596,Delayed
506799,Air India,Delhi,Kolkata,1242,2024-03-10 06:00:00,61,124,4472,On Time
506800,Air India,Mumbai,Kolkata,342,2024-03-10 07:00:00,104,84,4973,On Time
506801,Air India,Hyderabad,Chennai,1266,2024-03-10 08:00:00,75,-1,8705,Delayed
506802,Air India,Kolkata,Mumbai,1764,2024-03-10 09:00:00,18,126,11547,Delayed
506803,Vistara,Delhi,Chennai,459,2024-03-10 10:00:00,91,172,7611,On Time
506804,Vistara,Hyderabad,Chennai,1086,2024-03-10 11:00:00,-5,123,4923,Delayed
506805,IndiGo,Chennai,Mumbai,2298,2024-03-10 12:00:00,14,138,9764,On Time
506806,IndiGo,Kolkata,Bengaluru,2335,2024-03-10 13:00:00,99,186,3386,On Time
506807,SpiceJet,Chennai,Hyderabad,1797,2024-03-10 14:00:00,165,177,3292,On Time
506808,Vistara,Kolkata,Chennai,1943,2024-03-10 15:00:00,160,130,17670,Delayed
506809,Akasa Air,Kolkata,Delhi,2382,2024-03-10 16:00:00,75,197,3207,On Time
506810,SpiceJet,Kolkata,Hyderabad,1160,2024-03-10 17:00:00,132,94,12498,On Time
506811,IndiGo,Delhi,Mumbai,2182,2024-03-10 18:00:00,124,98,14397,On Time
506812,IndiGo,Delhi,Kolkata,1280,2024-03-10 19:00:00,54,106,8798,On Time
506813,Air India,Chennai,Bengaluru,1052,2024-03-10 20:00:00,60,-13,3063,On Time
506814,SpiceJet,Hyderabad,Kolkata,1665,2024-03-10 21:00:00,111,176,7269,On Time
506815,Air India,Hyderabad,Mumbai,2016,2024-03-10 22:00:00,136,77,9130,On Time
506816,Air India,Hyderabad,Mumbai,343,2024-03-10 23:00:00,58,60,3665,Delayed
506817,Air India,Bengaluru,Delhi,1546,2024-03-11 00:00:00,139,170,15605,On Time
506818,SpiceJet,Hyderabad,Mumbai,2147,2024-03-11 01:00:00,32,170,3139,Delayed
506819,Vistara,Kolkata,Chennai,2219,2024-03-11 02:00:00,112,86,15210,Delayed
506820,Akasa Air,Kolkata,Bengaluru,1739,2024-03-11 03:00:00,107,185,16641,On Time
506821,Air India,Mumbai,Kolkata,1475,2024-03-11 04:00:00,49,122,7137,Delayed
506822,SpiceJet,Hyderabad,Bengaluru,1118,2024-03-11 05:00:00,179,43,2523,On Time
506823,IndiGo,Kolkata,Kolkata,408,2024-03-11 06:00:00,163,84,17232,Delayed
506824,Vistara,Bengaluru,Mumbai,924,2024-03-11 07:00:00,52,110,15361,On Time
506825,Air India,Chennai,Delhi,2125,2024-03-11 08:00:00,123,46,10702,On Time
506826,IndiGo,Chennai,Delhi,1455,2024-03-11 09:00:00,80,44,7199,On Time
506827,SpiceJet,Bengaluru,Chennai,1999,2024-03-11 10:00:00,40,157,9499,On Time
506828,SpiceJet,Chennai,Bengaluru,1951,2024-03-11 11:00:00,-10,140,17329,On Time
506829,Vistara,Mumbai,Mumbai,1225,2024-03-11 12:00:00,124,-4,8766,Delayed
506830,Air India,Kolkata,Chennai,2249,2024-03-11 13:00:00,11,173,3226,On Time
506831,Air India,Bengaluru,Delhi,1483,2024-03-11 14:00:00,99,161,7756,On Time
506832,SpiceJet,Hyderabad,Mumbai,2063,2024-03-11 15:00:00,126,119,10135,Delayed
506833,IndiGo,Kolkata,Chennai,313,2024-03-11 16:00:00,78,123,8944,On Time
506834,IndiGo,Chennai,Kolkata,2201,2024-03-11 17:00:00,73,96,15944,On Time
506835,Air India,Delhi,Kolkata,586,2024-03-11 18:00:00,76,196,14776,On Time
506836,IndiGo,Delhi,Delhi,423,2024-03-11 19:00:00,10,87,11612,Delayed
506837,Vistara,Delhi,Chennai,1475,2024-03-11 20:00:00,144,53,16288,On Time
506838,IndiGo,Delhi,Delhi,1805,2024-03-11 21:00:00,108,171,12728,On Time
506839,Vistara,Chennai,Kolkata,1203,2024-03-11 22:00:00,11,100,11789,On Time
506840,Vistara,Kolkata,Mumbai,1843,2024-03-11 23:00:00,71,90,10363,On Time
506841,Akasa Air,Chennai,Hyderabad,655,2024-03-12 00:00:00,126,23,8848,On Time
506842,Akasa Air,Bengaluru,Bengaluru,1988,2024-03-12 01:00:00,140,123,12876,On Time
506843,IndiGo,Chennai,Chennai,921,2024-03-12 02:00:00,33,165,11512,On Time
506844,Akasa Air,Delhi,Mumbai,1487,2024-03-12 03:00:00,60,-15,12924,Delayed
506845,Vistara,Delhi,Delhi,1941,2024-03-12 04:00:00,129,159,16149,Delayed
506846,Air India,Kolkata,Delhi,2342,2024-03-12 05:00:00,60,52,11862,On Time
506847,Akasa Air,Chennai,Kolkata,413,2024-03-12 06:00:00,116,131,3624,On Time
506848,Air India,Bengaluru,Mumbai,666,2024-03-12 07:00:00,108,39,8430,Delayed
506849,Akasa Air,Kolkata,Kolkata,1171,2024-03-12 08:00:00,21,17,11182,Delayed
506850,Air India,Hyderabad,Delhi,2304,2024-03-12 09:00:00,132,116,16484,On Time
506851,IndiGo,Hyderabad,Delhi,814,2024-03-12 10:00:00,52,103,16162,Cancelled
506852,Vistara,Bengaluru,Kolkata,1841,2024-03-12 11:00:00,11,129,4012,On Time
506853,SpiceJet,Delhi,Kolkata,681,2024-03-12 12:00:00,1,137,7926,On Time
506854,SpiceJet,Mumbai,Chennai,1994,2024-03-12 13:00:00,114,197,11126,Delayed
506855,SpiceJet,Chennai,Hyderabad,1412,2024-03-12 14:00:00,147,28,11537,Delayed
506856,IndiGo,Hyderabad,Bengaluru,1599,2024-03-12 15:00:00,73,182,13217,On Time
506857,SpiceJet,Chennai,Chennai,833,2024-03-12 16:00:00,87,134,11127,On Time
506858,SpiceJet,Bengaluru,Delhi,1899,2024-03-12 17:00:00,-7,129,4439,On Time
506859,IndiGo,Mumbai,Chennai,1585,2024-03-12 18:00:00,173,34,17981,Delayed
506860,Air India,Delhi,Chennai,300,2024-03-12 19:00:00,99,131,13677,Delayed
506861,Vistara,Kolkata,Delhi,1903,2024-03-12 20:00:00,-9,2,8229,On Time
506862,IndiGo,Bengaluru,Kolkata,2087,2024-03-12 21:00:00,59,-2,11979,Delayed
506863,IndiGo,Hyderabad,Kolkata,910,2024-03-12 22:00:00,-6,15,9968,On Time
506864,Vistara,Kolkata,Mumbai,1438,2024-03-12 23:00:00,166,163,9350,On Time
506865,Akasa Air,Chennai,Chennai,2405,2024-03-13 00:00:00,97,87,12502,Delayed
506866,IndiGo,Delhi,Chennai,361,2024-03-13 01:00:00,105,174,13010,Delayed
506867,Vistara,Kolkata,Delhi,1493,2024-03-13 02:00:00,62,15,16278,On Time
506868,Akasa Air,Bengaluru,Chennai,1105,2024-03-13 03:00:00,28,162,15566,On Time
506869,IndiGo,Chennai,Bengaluru,1634,2024-03-13 04:00:00,74,-3,14669,On Time
506870,SpiceJet,Delhi,Delhi,1817,2024-03-13 05:00:00,52,139,15013,Cancelled
506871,IndiGo,Mumbai,Chennai,1400,2024-03-13 06:00:00,74,132,9568,On Time
506872,Air India,Kolkata,Mumbai,1506,2024-03-13 07:00:00,161,186,4415,Cancelled
506873,Air India,Delhi,Hyderabad,574,2024-03-13 08:00:00,65,7,16103,Delayed
506874,SpiceJet,Mumbai,Chennai,721,2024-03-13 09:00:00,140,18,4792,On Time
506875,Air India,Hyderabad,Delhi,1706,2024-03-13 10:00:00,53,179,6228,On Time
506876,Akasa Air,Kolkata,Delhi,1990,2024-03-13 11:00:00,58,184,17065,On Time
506877,IndiGo,Chennai,Kolkata,610,2024-03-13 12:00:00,97,106,15202,On Time
506878,SpiceJet,Bengaluru,Chennai,1088,2024-03-13 13:00:00,132,29,5412,Cancelled
506879,Vistara,Kolkata,Delhi,1720,2024-03-13 14:00:00,-3,182,3093,On Time
506880,SpiceJet,Mumbai,Delhi,2003,2024-03-13 15:00:00,1,99,6991,On Time
506881,Vistara,Kolkata,Kolkata,2176,2024-03-13 16:00:00,36,57,5328,On Time
506882,IndiGo,Mumbai,Hyderabad,716,2024-03-13 17:00:00,53,88,6152,Delayed
506883,Air India,Mumbai,Hyderabad,1830,2024-03-13 18:00:00,86,8,7667,On Time
506884,Akasa Air,Delhi,Kolkata,1825,2024-03-13 19:00:00,133,3,9561,On Time
506885,Akasa Air,Delhi,Mumbai,1672,2024-03-13 20:00:00,104,192,13010,On Time
506886,Akasa Air,Kolkata,Chennai,300,2024-03-13 21:00:00,92,73,14208,On Time
506887,IndiGo,Mumbai,Mumbai,2027,2024-03-13 22:00:00,110,151,16801,On Time
506888,IndiGo,Mumbai,Kolkata,2286,2024-03-13 23:00:00,101,142,13223,Delayed
506889,Akasa Air,Delhi,Bengaluru,2190,2024-03-14 00:00:00,143,165,7049,On Time
506890,Akasa Air,Delhi,Hyderabad,1232,2024-03-14 01:00:00,53,16,4838,On Time
506891,Akasa Air,Hyderabad,Kolkata,1009,2024-03-14 02:00:00,34,143,17069,On Time
506892,Akasa Air,Hyderabad,Bengaluru,696,2024-03-14 03:00:00,137,63,17387,On Time
506893,Air India,Chennai,Kolkata,1149,2024-03-14 04:00:00,53,197,7633,On Time
506894,Vistara,Bengaluru,Chennai,1803,2024-03-14 05:00:00,19,5,10278,Cancelled
506895,SpiceJet,Delhi,Bengaluru,2333,2024-03-14 06:00:00,102,132,12681,On Time
506896,IndiGo,Bengaluru,Mumbai,1633,2024-03-14 07:00:00,25,112,4625,On Time
506897,Akasa Air,Bengaluru,Hyderabad,1684,2024-03-14 08:00:00,132,190,2647,On Time
506898,Air India,Hyderabad,Hyderabad,1181,2024-03-14 09:00:00,25,113,16631,On Time
506899,Akasa Air,Hyderabad,Bengaluru,2187,2024-03-14 10:00:00,85,24,4858,On Time
506900,Vistara,Kolkata,Chennai,911,2024-03-14 11:00:00,40,-7,14864,Delayed
506901,Air India,Hyderabad,Bengaluru,1574,2024-03-14 12:00:00,108,73,13989,On Time
506902,IndiGo,Bengaluru,Chennai,679,2024-03-14 13:00:00,155,114,8666,On Time
506903,SpiceJet,Delhi,Hyderabad,2260,2024-03-14 14:00:00,146,21,10151,On Time
506904,SpiceJet,Bengaluru,Bengaluru,2295,2024-03-14 15:00:00,167,144,5500,Delayed
506905,Air India,Kolkata,Kolkata,999,2024-03-14 16:00:00,9,153,8234,Delayed
506906,Akasa Air,Hyderabad,Mumbai,2108,2024-03-14 17:00:00,20,131,14853,Delayed
506907,IndiGo,Chennai,Hyderabad,2104,2024-03-14 18:00:00,29,195,15326,On Time
506908,Vistara,Kolkata,Hyderabad,1880,2024-03-14 19:00:00,24,182,9184,On Time
506909,Air India,Delhi,Delhi,395,2024-03-14 20:00:00,103,8,8732,On Time
506910,Vistara,Mumbai,Chennai,1451,2024-03-14 21:00:00,85,101,17528,Delayed
506911,Vistara,Kolkata,Bengaluru,2327,2024-03-14 22:00:00,83,60,3809,On Time
506912,SpiceJet,Delhi,Kolkata,790,2024-03-14 23:00:00,124,45,3017,Delayed
506913,Akasa Air,Hyderabad,Hyderabad,1418,2024-03-15 00:00:00,160,120,4539,On Time
506914,Akasa Air,Bengaluru,Delhi,1849,2024-03-15 01:00:00,38,181,6818,On Time
506915,IndiGo,Bengaluru,Kolkata,1560,2024-03-15 02:00:00,114,141,11735,On Time
506916,Air India,Bengaluru,Hyderabad,1630,2024-03-15 03:00:00,41,37,13051,On Time
506917,Akasa Air,Mumbai,Chennai,1463,2024-03-15 04:00:00,104,85,10911,Delayed
506918,Akasa Air,Kolkata,Delhi,1498,2024-03-15 05:00:00,163,6,17133,Delayed
506919,SpiceJet,Bengaluru,Chennai,1965,2024-03-15 06:00:00,109,63,12787,On Time
506920,IndiGo,Chennai,Chennai,960,2024-03-15 07:00:00,154,153,5867,On Time
506921,Air India,Hyderabad,Kolkata,1324,2024-03-15 08:00:00,130,44,13774,On Time
506922,Air India,Kolkata,Hyderabad,2366,2024-03-15 09:00:00,44,115,17837,On Time
506923,Vistara,Bengaluru,Mumbai,1163,2024-03-15 10:00:00,84,72,17235,Cancelled
506924,SpiceJet,Hyderabad,Bengaluru,593,2024-03-15 11:00:00,171,59,8483,Cancelled
506925,Vistara,Delhi,Hyderabad,817,2024-03-15 12:00:00,31,83,13858,On Time
506926,Air India,Bengaluru,Hyderabad,2155,2024-03-15 13:00:00,138,181,13841,On Time
506927,SpiceJet,Delhi,Hyderabad,2456,2024-03-15 14:00:00,75,28,7535,On Time
506928,Air India,Chennai,Mumbai,341,2024-03-15 15:00:00,-3,121,15309,On Time
506929,SpiceJet,Kolkata,Bengaluru,1856,2024-03-15 16:00:00,49,63,9270,On Time
506930,IndiGo,Chennai,Bengaluru,1707,2024-03-15 17:00:00,21,50,14961,On Time
506931,SpiceJet,Delhi,Hyderabad,1639,2024-03-15 18:00:00,133,53,8201,Delayed
506932,Vistara,Mumbai,Chennai,941,2024-03-15 19:00:00,119,150,8217,On Time
506933,SpiceJet,Delhi,Delhi,1391,2024-03-15 20:00:00,0,45,9867,Delayed
506934,Vistara,Kolkata,Hyderabad,769,2024-03-15 21:00:00,148,47,3835,On Time
506935,SpiceJet,Kolkata,Chennai,583,2024-03-15 22:00:00,44,130,11960,Delayed
506936,Akasa Air,Hyderabad,Mumbai,1368,2024-03-15 23:00:00,57,167,7455,On Time
506937,Air India,Hyderabad,Delhi,2468,2024-03-16 00:00:00,21,142,6551,Delayed
506938,Air India,Mumbai,Bengaluru,1880,2024-03-16 01:00:00,33,119,11424,On Time
506939,Vistara,Delhi,Chennai,2071,2024-03-16 02:00:00,146,156,5548,On Time
506940,Akasa Air,Hyderabad,Chennai,766,2024-03-16 03:00:00,90,52,11534,On Time
506941,SpiceJet,Bengaluru,Bengaluru,1314,2024-03-16 04:00:00,162,183,5786,On Time
506942,SpiceJet,Bengaluru,Hyderabad,512,2024-03-16 05:00:00,32,195,2540,On Time
506943,IndiGo,Bengaluru,Bengaluru,2230,2024-03-16 06:00:00,-8,169,3963,Delayed
506944,Air India,Hyderabad,Bengaluru,765,2024-03-16 07:00:00,45,57,5518,On Time
506945,Vistara,Hyderabad,Delhi,1532,2024-03-16 08:00:00,122,73,11011,On Time
506946,Akasa Air,Bengaluru,Delhi,2314,2024-03-16 09:00:00,120,174,9176,Delayed
506947,Air India,Mumbai,Chennai,1873,2024-03-16 10:00:00,164,41,9342,On Time
506948,SpiceJet,Bengaluru,Delhi,1439,2024-03-16 11:00:00,39,12,7374,On Time
506949,Vistara,Mumbai,Chennai,1590,2024-03-16 12:00:00,86,1,9361,On Time
506950,Air India,Chennai,Delhi,1992,2024-03-16 13:00:00,10,25,12085,Cancelled
506951,Air India,Mumbai,Chennai,2133,2024-03-16 14:00:00,126,137,13743,Cancelled
506952,Vistara,Kolkata,Mumbai,984,2024-03-16 15:00:00,26,168,3247,Delayed
506953,Vistara,Chennai,Hyderabad,1437,2024-03-16 16:00:00,86,132,6956,On Time
506954,Akasa Air,Mumbai,Chennai,1251,2024-03-16 17:00:00,-6,146,11786,On Time
506955,SpiceJet,Delhi,Hyderabad,1757,2024-03-16 18:00:00,102,166,10176,Delayed
506956,Akasa Air,Chennai,Bengaluru,1946,2024-03-16 19:00:00,14,82,15640,On Time
506957,IndiGo,Bengaluru,Hyderabad,358,2024-03-16 20:00:00,65,58,9286,On Time
506958,IndiGo,Bengaluru,Kolkata,1137,2024-03-16 21:00:00,145,17,16336,On Time
506959,Akasa Air,Kolkata,Hyderabad,868,2024-03-16 22:00:00,36,128,11233,On Time
506960,Air India,Hyderabad,Kolkata,2023,2024-03-16 23:00:00,86,156,12125,On Time
506961,Air India,Delhi,Kolkata,1342,2024-03-17 00:00:00,8,106,10594,On Time
506962,Akasa Air,Kolkata,Chennai,2165,2024-03-17 01:00:00,163,107,12182,On Time
506963,SpiceJet,Bengaluru,Hyderabad,801,2024-03-17 02:00:00,160,52,15015,Delayed
506964,Air India,Hyderabad,Hyderabad,1327,2024-03-17 03:00:00,20,160,15274,Delayed
506965,Vistara,Chennai,Bengaluru,623,2024-03-17 04:00:00,53,193,11278,Delayed
506966,Akasa Air,Bengaluru,Chennai,430,2024-03-17 05:00:00,71,90,3996,On Time
506967,IndiGo,Mumbai,Kolkata,2285,2024-03-17 06:00:00,10,69,10919,On Time
506968,Air India,Chennai,Mumbai,1940,2024-03-17 07:00:00,103,43,12729,Cancelled
506969,IndiGo,Mumbai,Mumbai,1597,2024-03-17 08:00:00,168,-14,3158,On Time
506970,Vistara,Delhi,Chennai,2347,2024-03-17 09:00:00,118,75,5604,Delayed
506971,Vistara,Mumbai,Chennai,1695,2024-03-17 10:00:00,65,124,8727,On Time
506972,SpiceJet,Chennai,Hyderabad,2115,2024-03-17 11:00:00,51,101,12098,On Time
506973,SpiceJet,Delhi,Chennai,958,2024-03-17 12:00:00,118,12,14107,On Time
506974,Vistara,Delhi,Delhi,1405,2024-03-17 13:00:00,83,180,3972,On Time
506975,SpiceJet,Delhi,Kolkata,1243,2024-03-17 14:00:00,145,34,10893,On Time
506976,SpiceJet,Kolkata,Delhi,603,2024-03-17 15:00:00,7,57,2656,Delayed
506977,Akasa Air,Mumbai,Delhi,1427,2024-03-17 16:00:00,146,144,2866,On Time
506978,Akasa Air,Kolkata,Mumbai,667,2024-03-17 17:00:00,1,106,6548,On Time
506979,Vistara,Kolkata,Delhi,1251,2024-03-17 18:00:00,99,113,16231,On Time
506980,Akasa Air,Hyderabad,Bengaluru,865,2024-03-17 19:00:00,13,46,16740,Delayed
506981,Akasa Air,Mumbai,Chennai,1483,2024-03-17 20:00:00,129,80,11392,On Time
506982,Air India,Delhi,Mumbai,1243,2024-03-17 21:00:00,71,135,6037,On Time
506983,Akasa Air,Mumbai,Delhi,1131,2024-03-17 22:00:00,63,183,8925,On Time
506984,Akasa Air,Mumbai,Chennai,1180,2024-03-17 23:00:00,163,164,9317,Delayed
506985,Akasa Air,Chennai,Mumbai,2177,2024-03-18 00:00:00,170,177,11924,On Time
506986,Akasa Air,Hyderabad,Bengaluru,1600,2024-03-18 01:00:00,179,148,10784,On Time
506987,Air India,Delhi,Hyderabad,1129,2024-03-18 02:00:00,120,138,9361,Delayed
506988,SpiceJet,Hyderabad,Delhi,673,2024-03-18 03:00:00,170,79,15986,Delayed
506989,Vistara,Bengaluru,Delhi,1338,2024-03-18 04:00:00,147,1,15457,Delayed
506990,Akasa Air,Kolkata,Delhi,1241,2024-03-18 05:00:00,34,139,15519,Delayed
506991,SpiceJet,Delhi,Chennai,2136,2024-03-18 06:00:00,60,32,9171,Delayed
506992,Akasa Air,Kolkata,Delhi,1411,2024-03-18 07:00:00,-4,170,10615,On Time
506993,Akasa Air,Mumbai,Hyderabad,1692,2024-03-18 08:00:00,126,41,8068,On Time
506994,Air India,Hyderabad,Bengaluru,1995,2024-03-18 09:00:00,16,195,15170,On Time
506995,Vistara,Bengaluru,Kolkata,770,2024-03-18 10:00:00,67,90,4242,On Time
506996,IndiGo,Kolkata,Mumbai,1227,2024-03-18 11:00:00,155,101,10551,On Time
506997,Akasa Air,Chennai,Bengaluru,863,2024-03-18 12:00:00,80,84,4473,On Time
506998,SpiceJet,Hyderabad,Delhi,1582,2024-03-18 13:00:00,168,49,14123,Delayed
506999,IndiGo,Kolkata,Hyderabad,1396,2024-03-18 14:00:00,95,-1,8714,Cancelled
507000,SpiceJet,Delhi,Hyderabad,1052,2024-03-18 15:00:00,164,113,8183,Delayed
