flight_id,airline,origin_airport,destination_airport,scheduled_departure_min,departure_delay_min,arrival_delay_min,cancelled,weather_delay_min,air_traffic_delay_min
1,Qatar Airways,BLR,CCU,303,131,159,0,92,84
2,SpiceJet,BOM,BLR,578,89,193,0,69,60
3,Go First,CCU,BOM,220,127,188,0,47,79
4,Qatar Airways,DEL,MAA,978,157,-9,0,8,29
5,Vistara,BOM,CCU,1187,88,35,0,114,68
6,Go First,MAA,BOM,374,55,243,0,49,59
7,Go First,HYD,BLR,1243,36,162,0,68,5
8,Qatar Airways,MAA,CCU,1277,220,15,0,47,84
9,Air India,HYD,CCU,187,297,302,0,38,10
10,Vistara,MAA,DEL,1214,135,138,0,82,23
11,Qatar Airways,BLR,BOM,1412,196,39,0,4,91
12,Vistara,BOM,HYD,1238,135,140,0,83,78
13,Vistara,HYD,HYD,1398,141,28,0,10,50
14,Go First,DEL,DEL,1109,268,65,0,118,18
15,SpiceJet,BOM,BLR,473,129,150,0,113,49
16,Vistara,DEL,HYD,843,140,14,0,59,80
17,Emirates,BOM,HYD,530,10,306,0,26,2
18,Go First,BOM,MAA,1070,243,120,0,92,2
19,Air India,MAA,BOM,1088,53,-2,0,6,91
20,SpiceJet,HYD,BLR,962,207,90,0,59,30
21,Emirates,HYD,CCU,474,61,302,0,49,46
22,Emirates,BOM,BOM,1169,151,59,0,66,7
23,Air India,BLR,BLR,945,119,63,0,68,16
24,SpiceJet,BLR,HYD,1405,58,178,0,54,98
25,Go First,DEL,MAA,1089,214,80,0,76,99
26,IndiGo,DEL,BOM,516,235,24,0,15,90
27,SpiceJet,MAA,HYD,1116,57,240,0,117,44
28,Air India,BOM,BLR,425,96,91,0,11,96
29,Emirates,DEL,BOM,1117,98,1,0,102,59
30,Go First,DEL,CCU,132,92,-1,1,26,74
31,SpiceJet,CCU,BOM,1364,130,256,0,117,20
32,IndiGo,BOM,HYD,313,54,-3,0,108,69
33,IndiGo,MAA,BOM,590,123,231,0,32,20
34,Vistara,DEL,CCU,1235,188,198,0,78,57
35,Vistara,MAA,MAA,1008,144,135,0,84,54
36,Qatar Airways,HYD,MAA,158,68,276,0,107,27
37,Air India,MAA,HYD,1291,239,27,0,80,80
38,SpiceJet,BLR,BLR,660,76,98,0,54,81
39,SpiceJet,BLR,HYD,747,293,314,0,51,74
40,Qatar Airways,MAA,MAA,800,230,65,0,36,45
41,Emirates,BLR,DEL,409,77,125,0,112,43
42,Emirates,HYD,DEL,1379,161,14,1,119,88
43,Qatar Airways,BOM,BOM,679,6,14,0,14,93
44,Emirates,BLR,CCU,1216,212,250,0,83,24
45,Vistara,BLR,BOM,1294,283,83,0,82,70
46,SpiceJet,MAA,DEL,113,299,78,0,64,48
47,Qatar Airways,HYD,MAA,896,208,195,0,67,45
48,SpiceJet,BOM,BOM,1078,223,279,0,2,90
49,IndiGo,MAA,HYD,64,237,21,0,71,89
50,Vistara,MAA,CCU,683,41,73,0,104,62
51,Go First,CCU,HYD,1295,4,239,0,107,76
52,Vistara,HYD,CCU,1385,101,198,1,4,87
53,Qatar Airways,BOM,MAA,145,173,-2,0,8,11
54,Go First,HYD,BOM,942,-4,176,0,0,77
55,IndiGo,BOM,CCU,1232,40,279,0,118,56
56,Qatar Airways,HYD,HYD,1309,230,166,0,106,72
57,Air India,MAA,BOM,1033,234,114,0,29,63
58,SpiceJet,MAA,BOM,738,175,208,0,70,30
59,IndiGo,DEL,HYD,185,276,27,0,85,3
60,SpiceJet,BLR,DEL,1157,81,165,0,19,53
61,Emirates,CCU,CCU,834,95,153,0,92,82
62,Air India,HYD,HYD,808,2,248,0,26,64
63,Air India,CCU,MAA,170,135,80,0,88,92
64,IndiGo,DEL,BLR,212,108,187,0,109,5
65,Air India,BLR,HYD,26,192,305,0,98,64
66,Go First,HYD,BOM,1013,130,319,0,90,88
67,Air India,BOM,BOM,1091,104,52,0,62,90
68,SpiceJet,BLR,HYD,789,141,76,1,74,21
69,SpiceJet,MAA,BLR,407,46,250,0,80,16
70,Qatar Airways,DEL,HYD,1132,146,315,0,30,58
71,SpiceJet,BLR,BLR,73,299,162,0,81,28
72,Qatar Airways,BLR,BLR,577,122,135,0,18,66
73,SpiceJet,MAA,MAA,679,152,301,0,113,16
74,Go First,HYD,CCU,1285,264,31,0,101,1
75,Qatar Airways,BOM,BOM,1391,172,-13,0,92,31
76,Vistara,MAA,BOM,785,66,87,0,78,21
77,Emirates,BOM,BLR,848,33,257,0,61,96
78,IndiGo,HYD,BOM,869,195,6,0,6,57
79,SpiceJet,BLR,DEL,236,27,100,0,100,52
80,Air India,BOM,BLR,726,11,88,0,36,85
81,SpiceJet,DEL,BOM,1389,62,243,0,70,46
82,Air India,DEL,DEL,1309,230,292,0,85,3
83,Emirates,MAA,MAA,377,143,282,0,75,37
84,Emirates,HYD,BOM,660,226,114,0,7,12
85,Emirates,MAA,DEL,829,-6,279,0,56,60
86,Air India,MAA,HYD,905,210,286,0,81,86
87,SpiceJet,CCU,CCU,375,299,32,0,27,63
88,Emirates,MAA,HYD,618,75,11,0,81,76
89,Go First,CCU,DEL,652,166,-1,0,94,83
90,Qatar Airways,DEL,BLR,1099,248,247,0,16,32
91,Air India,DEL,BLR,1032,209,282,0,86,97
92,Air India,MAA,BOM,195,27,249,0,10,37
93,SpiceJet,DEL,HYD,806,131,118,0,14,28
94,Air India,HYD,BLR,892,224,60,0,29,60
95,Air India,CCU,BLR,1313,192,14,0,115,31
96,Emirates,CCU,HYD,1084,283,110,0,94,10
97,SpiceJet,MAA,MAA,936,161,68,0,5,17
98,Emirates,DEL,BLR,1412,114,38,0,11,44
99,Qatar Airways,BOM,CCU,846,54,267,0,86,20
100,Qatar Airways,CCU,DEL,817,270,247,0,60,11
101,Emirates,MAA,BOM,563,261,206,0,102,19
102,Qatar Airways,MAA,BLR,633,233,312,0,103,6
103,SpiceJet,HYD,CCU,678,4,-14,0,35,90
104,IndiGo,BLR,CCU,1017,215,290,0,34,70
105,Emirates,BLR,BLR,7,120,130,0,66,1
106,Go First,CCU,MAA,1392,184,2,0,105,42
107,Go First,HYD,DEL,1068,282,0,0,119,96
108,Air India,HYD,BOM,343,198,292,0,91,20
109,Qatar Airways,HYD,BLR,795,102,143,0,78,28
110,Go First,CCU,BOM,1398,233,282,0,76,31
111,Air India,BLR,HYD,1050,155,193,1,62,44
112,IndiGo,HYD,CCU,1216,180,189,0,82,75
113,SpiceJet,DEL,CCU,848,246,97,0,39,76
114,SpiceJet,MAA,BLR,1380,207,162,0,81,58
115,SpiceJet,MAA,BLR,61,264,193,0,30,2
116,Go First,BOM,HYD,1085,41,108,0,36,38
117,IndiGo,BOM,MAA,421,147,-1,0,84,50
118,Go First,CCU,BLR,632,44,282,0,102,7
119,Qatar Airways,CCU,CCU,791,3,29,1,4,45
120,Go First,MAA,BOM,550,258,78,0,114,65
121,IndiGo,DEL,DEL,1403,79,91,0,80,5
122,IndiGo,BLR,BOM,1300,16,262,0,82,57
123,Qatar Airways,BLR,MAA,605,78,112,0,3,40
124,IndiGo,CCU,DEL,1138,30,22,0,117,78
125,IndiGo,DEL,BOM,1144,293,81,0,25,53
126,SpiceJet,CCU,BOM,524,257,182,0,23,75
127,Qatar Airways,BLR,HYD,898,127,176,0,38,40
128,Vistara,CCU,MAA,1439,-5,-9,0,55,47
129,Vistara,HYD,CCU,162,231,28,0,53,95
130,IndiGo,CCU,HYD,786,151,316,0,37,69
131,Vistara,MAA,DEL,909,169,-9,0,109,26
132,Vistara,CCU,CCU,981,286,178,0,53,46
133,IndiGo,MAA,HYD,1360,-5,300,0,18,76
134,Vistara,DEL,MAA,378,260,-15,0,93,22
135,Go First,BLR,BLR,1347,261,46,0,25,73
136,Air India,BOM,BLR,172,145,73,0,51,13
137,Qatar Airways,BOM,DEL,999,74,2,0,74,60
138,Air India,BLR,BLR,63,189,92,0,117,66
139,IndiGo,BOM,HYD,1124,-1,119,0,60,75
140,SpiceJet,CCU,DEL,1345,127,294,0,102,24
141,Qatar Airways,DEL,CCU,974,231,51,0,66,64
142,IndiGo,DEL,MAA,65,190,77,0,115,95
143,SpiceJet,BLR,DEL,457,145,122,0,21,23
144,Air India,BOM,CCU,452,264,173,0,16,52
145,IndiGo,CCU,DEL,1282,214,43,0,10,72
146,Qatar Airways,DEL,BOM,978,57,171,0,110,49
147,Qatar Airways,DEL,BOM,177,173,219,0,38,0
148,Emirates,HYD,DEL,279,184,53,0,60,38
149,Go First,HYD,BLR,343,31,82,0,110,73
150,Vistara,DEL,BOM,1040,140,-8,0,90,43
151,SpiceJet,BLR,MAA,295,73,295,0,48,93
152,Emirates,MAA,CCU,201,123,118,0,106,4
153,Vistara,MAA,HYD,961,298,40,1,92,67
154,Vistara,CCU,BOM,683,287,98,0,60,71
155,IndiGo,DEL,DEL,1217,19,72,0,11,79
156,Vistara,DEL,BLR,1172,-2,122,0,12,64
157,Go First,DEL,HYD,374,159,92,0,57,78
158,Qatar Airways,BLR,CCU,34,279,7,0,10,87
159,Emirates,HYD,CCU,1392,157,128,0,63,14
160,Vistara,DEL,BOM,28,134,128,0,30,49
161,IndiGo,DEL,CCU,774,217,40,0,10,5
162,Go First,BOM,CCU,220,295,92,1,104,65
163,Air India,BLR,BLR,52,65,-10,0,42,68
164,Qatar Airways,CCU,BLR,790,212,14,0,35,38
165,Qatar Airways,DEL,BLR,1376,166,291,0,1,97
166,Emirates,BOM,DEL,1415,178,111,0,86,95
167,Qatar Airways,MAA,CCU,75,291,286,0,60,28
168,Vistara,CCU,CCU,493,35,105,0,35,92
169,IndiGo,DEL,CCU,116,6,83,0,77,87
170,Qatar Airways,DEL,MAA,279,55,150,0,100,45
171,Qatar Airways,BOM,BLR,1198,250,309,0,48,30
172,Air India,BLR,HYD,745,112,303,0,26,23
173,Air India,DEL,BOM,948,220,225,0,11,14
174,SpiceJet,MAA,HYD,763,114,34,0,57,75
175,Go First,DEL,DEL,294,101,252,0,92,19
176,Vistara,MAA,DEL,1017,261,309,0,5,3
177,Qatar Airways,CCU,CCU,1044,70,57,0,43,57
178,Qatar Airways,CCU,HYD,1096,235,284,0,46,76
179,IndiGo,HYD,CCU,841,204,36,0,22,60
180,SpiceJet,HYD,MAA,1059,224,249,0,114,9
181,Go First,MAA,DEL,1256,71,211,0,73,40
182,SpiceJet,BLR,DEL,496,283,177,0,97,52
183,Emirates,DEL,HYD,205,299,223,0,107,86
184,Go First,DEL,DEL,425,65,-6,1,75,70
185,Qatar Airways,HYD,MAA,43,4,286,0,95,75
186,Qatar Airways,MAA,MAA,1114,209,212,0,25,47
187,Go First,DEL,MAA,604,219,277,0,6,14
188,Qatar Airways,DEL,BOM,453,254,36,0,31,6
189,Vistara,BLR,MAA,594,253,224,0,32,71
190,Go First,BOM,MAA,1356,99,83,0,81,70
191,SpiceJet,HYD,BOM,506,296,65,0,98,42
192,Go First,HYD,CCU,793,189,-3,0,19,3
193,Qatar Airways,BOM,BLR,20,215,112,0,94,50
194,Vistara,DEL,DEL,1251,174,288,0,68,70
195,Vistara,BLR,MAA,1399,20,-5,0,95,58
196,Emirates,BLR,DEL,1153,91,65,0,51,40
197,SpiceJet,HYD,HYD,619,248,245,0,110,60
198,Air India,BLR,DEL,413,88,-10,0,41,29
199,Air India,CCU,CCU,1094,288,206,0,82,17
200,Go First,BOM,BOM,1427,274,282,0,0,29
201,Emirates,DEL,DEL,1420,255,65,0,62,6
202,IndiGo,CCU,DEL,336,129,-13,0,6,51
203,Go First,BOM,DEL,909,291,44,0,57,47
204,Emirates,MAA,BLR,275,275,205,0,85,22
205,SpiceJet,HYD,BLR,891,205,33,0,49,36
206,SpiceJet,BLR,HYD,12,21,212,1,33,70
207,SpiceJet,MAA,BOM,1026,292,274,0,50,92
208,SpiceJet,BLR,DEL,977,77,277,0,119,97
209,SpiceJet,CCU,DEL,1247,52,282,0,119,52
210,Emirates,DEL,DEL,973,268,177,0,9,44
211,Emirates,DEL,DEL,174,63,241,0,110,48
212,Vistara,DEL,BLR,1408,295,87,0,105,48
213,Air India,BLR,CCU,240,113,130,0,25,81
214,Qatar Airways,MAA,CCU,546,258,274,0,31,46
215,SpiceJet,DEL,HYD,13,274,241,0,41,24
216,IndiGo,MAA,MAA,1218,110,293,0,90,90
217,Qatar Airways,BLR,BOM,1420,201,262,1,61,26
218,Emirates,CCU,CCU,1329,137,173,0,11,11
219,IndiGo,MAA,DEL,1357,67,162,0,39,22
220,IndiGo,CCU,CCU,724,3,0,1,86,16
221,IndiGo,BLR,HYD,1433,125,70,0,77,43
222,Vistara,BLR,MAA,2,293,232,0,33,70
223,Emirates,HYD,CCU,690,269,201,0,80,23
224,IndiGo,BLR,HYD,746,68,26,0,69,70
225,SpiceJet,BLR,BLR,768,232,178,0,26,92
226,Go First,BOM,MAA,871,182,311,0,7,59
227,IndiGo,DEL,HYD,494,231,147,0,96,52
228,Vistara,HYD,CCU,416,40,260,0,98,91
229,Qatar Airways,HYD,BLR,1414,221,114,0,46,86
230,Emirates,HYD,HYD,1396,248,247,0,80,73
231,Vistara,BOM,HYD,627,207,161,0,25,15
232,IndiGo,CCU,CCU,1075,195,249,0,56,97
233,Emirates,BLR,MAA,1399,109,11,0,6,24
234,Go First,DEL,BLR,1418,69,69,0,109,65
235,IndiGo,MAA,DEL,1020,31,180,0,87,49
236,Vistara,CCU,BOM,141,10,300,0,88,68
237,Air India,BLR,MAA,1109,-1,227,0,98,77
238,SpiceJet,BOM,BLR,45,142,161,0,25,94
239,Qatar Airways,BLR,HYD,843,283,114,0,58,39
240,Vistara,BLR,BLR,1008,75,129,0,113,5
241,Emirates,BOM,BOM,1261,102,67,1,117,63
242,IndiGo,HYD,CCU,9,178,72,0,68,27
243,SpiceJet,HYD,BOM,663,101,4,0,115,8
244,IndiGo,DEL,DEL,572,164,214,0,117,5
245,Emirates,DEL,DEL,648,299,110,0,46,16
246,IndiGo,HYD,BOM,912,291,35,0,101,39
247,Air India,CCU,MAA,639,-7,72,0,34,98
248,SpiceJet,MAA,MAA,615,211,154,0,29,75
249,SpiceJet,BLR,HYD,697,210,47,0,49,44
250,Emirates,MAA,DEL,908,160,73,0,88,81
251,Qatar Airways,BLR,HYD,177,202,173,0,23,42
252,Air India,HYD,DEL,868,242,174,0,29,97
253,Vistara,DEL,BOM,1029,113,73,0,83,45
254,IndiGo,CCU,MAA,852,117,316,0,53,62
255,Go First,DEL,MAA,306,202,10,0,66,0
256,IndiGo,MAA,BOM,547,101,160,0,31,58
257,IndiGo,DEL,HYD,326,74,248,0,7,62
258,Vistara,HYD,HYD,1379,-7,26,0,114,78
259,IndiGo,CCU,BLR,394,54,103,0,49,17
260,Air India,MAA,DEL,299,109,153,0,46,85
261,Air India,CCU,HYD,748,232,92,0,86,81
262,SpiceJet,BLR,BOM,284,126,131,0,45,64
263,Emirates,DEL,HYD,329,236,160,0,79,19
264,Qatar Airways,CCU,MAA,49,34,173,0,34,55
265,Go First,BOM,DEL,772,135,144,0,60,53
266,IndiGo,DEL,CCU,377,165,286,0,88,47
267,IndiGo,BLR,BLR,999,31,58,0,78,99
268,Vistara,CCU,DEL,773,286,2,0,50,53
269,Emirates,MAA,MAA,1167,78,124,0,62,88
270,Air India,BLR,MAA,1083,207,99,0,7,15
271,Go First,BOM,MAA,867,217,312,0,33,19
272,SpiceJet,CCU,MAA,1098,287,209,0,24,46
273,Air India,HYD,BOM,2,280,30,0,112,96
274,Emirates,DEL,BLR,747,56,22,0,43,6
275,Qatar Airways,MAA,CCU,274,240,190,0,82,22
276,SpiceJet,HYD,MAA,214,30,-7,0,42,74
277,Qatar Airways,CCU,MAA,328,88,237,0,49,32
278,Vistara,CCU,HYD,254,295,92,0,12,39
279,Vistara,BLR,BLR,1410,68,82,0,45,4
280,IndiGo,CCU,DEL,125,290,259,0,75,44
281,Qatar Airways,MAA,BLR,766,188,55,0,78,40
282,Emirates,HYD,BLR,1347,136,23,0,86,7
283,Go First,MAA,CCU,1227,95,282,0,52,80
284,SpiceJet,BOM,BLR,1195,182,74,0,62,81
285,Air India,BOM,CCU,216,111,203,0,103,49
286,Emirates,DEL,MAA,1268,66,91,0,1,90
287,Emirates,DEL,MAA,1359,101,80,0,39,30
288,Vistara,BOM,BOM,1321,286,16,0,22,3
289,Qatar Airways,CCU,CCU,831,159,110,0,58,65
290,IndiGo,MAA,CCU,181,-5,131,0,68,55
291,IndiGo,BOM,DEL,333,186,264,0,33,4
292,SpiceJet,DEL,HYD,510,87,8,0,73,80
293,Vistara,BOM,BLR,382,219,193,0,26,53
294,Emirates,CCU,DEL,1222,157,104,0,54,95
295,Go First,BOM,CCU,331,286,258,0,105,92
296,Vistara,MAA,DEL,1188,254,124,0,3,79
297,SpiceJet,HYD,BOM,1265,-3,281,0,67,0
298,SpiceJet,CCU,HYD,899,161,66,0,71,75
299,Vistara,DEL,CCU,641,184,192,1,69,82
300,SpiceJet,MAA,CCU,1250,258,17,0,88,72
301,Vistara,BOM,BLR,633,8,8,0,26,60
302,Air India,BOM,HYD,450,38,45,0,46,6
303,Vistara,HYD,BOM,195,147,295,0,113,29
304,Qatar Airways,DEL,MAA,1227,55,173,0,116,14
305,Vistara,DEL,DEL,457,48,68,0,117,3
306,SpiceJet,BLR,BLR,829,298,209,0,39,62
307,Qatar Airways,DEL,CCU,256,297,152,0,83,69
308,SpiceJet,HYD,MAA,1295,148,170,0,26,37
309,IndiGo,BLR,BOM,8,260,56,0,6,46
310,IndiGo,BLR,HYD,760,110,58,0,22,59
311,Qatar Airways,BOM,DEL,948,243,137,1,83,98
312,Air India,BOM,BLR,1224,250,80,0,63,1
313,IndiGo,DEL,CCU,1082,124,37,0,112,68
314,Vistara,BLR,CCU,886,263,158,0,114,7
315,SpiceJet,BOM,MAA,392,45,94,0,97,50
316,IndiGo,HYD,MAA,1142,85,300,0,28,93
317,IndiGo,BOM,DEL,398,103,35,0,60,18
318,Air India,CCU,HYD,330,17,237,0,43,93
319,Qatar Airways,CCU,BOM,1290,295,57,0,114,30
320,Qatar Airways,BOM,HYD,479,-9,196,0,68,79
321,Emirates,BLR,HYD,133,201,196,0,26,21
322,Air India,BLR,HYD,915,57,235,0,11,32
323,Vistara,MAA,DEL,934,117,152,0,16,85
324,Qatar Airways,CCU,DEL,354,13,247,0,36,71
325,SpiceJet,HYD,BOM,583,242,315,0,33,36
326,Air India,BLR,HYD,624,219,214,0,93,11
327,IndiGo,DEL,DEL,1130,165,223,0,35,68
328,SpiceJet,CCU,BOM,289,210,259,0,5,63
329,SpiceJet,HYD,CCU,824,25,127,0,95,24
330,IndiGo,HYD,BOM,628,-9,54,0,31,53
331,Air India,BLR,HYD,1018,263,296,0,72,28
332,IndiGo,HYD,BLR,631,166,158,0,21,12
333,Emirates,BLR,HYD,1170,253,93,0,9,25
334,SpiceJet,BOM,BLR,326,175,187,0,28,21
335,Go First,CCU,BOM,1438,4,169,0,10,92
336,Go First,MAA,CCU,209,268,275,0,91,75
337,Vistara,BOM,CCU,1319,183,312,0,65,91
338,Qatar Airways,CCU,DEL,1421,187,76,0,55,72
339,IndiGo,BLR,CCU,1126,294,243,0,84,9
340,IndiGo,CCU,MAA,635,53,306,0,94,47
341,Vistara,BLR,BOM,867,279,190,0,57,41
342,Vistara,BOM,DEL,1232,7,36,0,104,89
343,Vistara,DEL,CCU,427,53,165,0,51,99
344,SpiceJet,DEL,BOM,392,240,287,0,60,58
345,Emirates,CCU,HYD,825,6,-13,0,16,52
346,IndiGo,DEL,CCU,915,130,68,0,90,39
347,SpiceJet,BLR,BLR,1132,297,198,0,29,74
348,Vistara,HYD,BOM,347,234,18,0,104,61
349,IndiGo,BLR,DEL,49,279,34,0,71,5
350,SpiceJet,HYD,HYD,915,76,273,0,36,3
351,Emirates,BOM,MAA,1128,188,313,0,4,90
352,SpiceJet,MAA,HYD,1396,150,243,0,25,54
353,Emirates,HYD,CCU,1050,129,242,0,69,87
354,Vistara,DEL,BLR,967,65,256,0,79,68
355,Emirates,BLR,HYD,799,8,166,0,0,2
356,IndiGo,BOM,MAA,1296,39,17,0,8,6
357,Vistara,DEL,DEL,1016,221,249,0,84,87
358,IndiGo,BOM,BOM,648,284,297,0,70,85
359,Go First,MAA,BLR,1363,1,24,0,106,11
360,Air India,BLR,MAA,300,4,292,0,63,98
361,Emirates,CCU,CCU,1288,17,194,0,78,16
362,Air India,BLR,CCU,165,281,256,0,23,66
363,Air India,MAA,CCU,315,239,120,0,4,74
364,Emirates,BLR,BLR,0,87,71,0,50,69
365,Vistara,CCU,HYD,1019,292,44,0,37,35
366,Go First,HYD,BLR,1284,28,148,0,118,16
367,IndiGo,BOM,CCU,62,27,-13,1,28,85
368,SpiceJet,CCU,MAA,482,289,-1,0,45,0
369,IndiGo,DEL,BOM,1344,168,86,0,51,66
370,SpiceJet,MAA,BOM,1224,86,239,0,45,79
371,IndiGo,HYD,BLR,221,271,209,0,74,98
372,Emirates,DEL,CCU,151,227,194,0,67,77
373,Go First,DEL,DEL,643,153,7,0,58,48
374,SpiceJet,MAA,BLR,625,86,219,0,9,50
375,Qatar Airways,HYD,CCU,216,246,115,0,97,70
376,Vistara,DEL,HYD,195,298,142,0,3,89
377,IndiGo,DEL,BOM,1225,251,157,0,51,42
378,IndiGo,HYD,BOM,994,282,1,0,73,30
379,SpiceJet,BLR,BOM,1014,247,298,0,96,23
380,Vistara,DEL,DEL,646,238,169,0,109,82
381,Vistara,BOM,CCU,1257,234,318,0,17,36
382,Emirates,HYD,CCU,1164,240,168,0,75,64
383,Qatar Airways,DEL,CCU,707,112,127,0,50,88
384,Emirates,MAA,CCU,1080,158,28,0,22,62
385,Emirates,CCU,DEL,1165,164,-4,0,107,55
386,Emirates,BOM,MAA,721,258,-8,0,24,73
387,Emirates,CCU,BLR,639,193,64,1,59,17
388,Emirates,CCU,BLR,105,55,281,0,36,64
389,Go First,DEL,CCU,164,48,146,0,67,28
390,Vistara,BOM,HYD,214,208,286,0,76,76
391,Emirates,BOM,BOM,1094,255,200,0,17,3
392,Vistara,BLR,DEL,89,130,232,0,28,11
393,Vistara,CCU,HYD,873,225,13,0,107,55
394,Air India,BOM,HYD,1251,207,256,0,29,47
395,Go First,BLR,CCU,1102,4,117,0,111,18
396,Emirates,HYD,DEL,607,291,-11,0,118,25
397,IndiGo,BLR,BLR,348,127,228,0,101,37
398,SpiceJet,MAA,BOM,893,221,14,0,91,79
399,Qatar Airways,DEL,BLR,245,78,101,0,6,24
400,IndiGo,HYD,HYD,271,66,162,0,87,55
401,Go First,HYD,BOM,402,125,245,0,40,73
402,SpiceJet,MAA,MAA,1139,99,219,0,73,27
403,Go First,BLR,HYD,1195,290,125,0,36,60
404,Vistara,DEL,BLR,1039,80,289,0,26,91
405,SpiceJet,BLR,BLR,960,179,34,0,20,88
406,Vistara,BOM,CCU,897,62,254,0,99,88
407,IndiGo,BLR,BLR,1079,162,92,0,42,50
408,IndiGo,HYD,DEL,1126,24,30,0,50,11
409,SpiceJet,DEL,HYD,283,199,66,0,92,7
410,SpiceJet,BLR,BOM,516,287,110,0,70,99
411,Emirates,DEL,BLR,617,122,68,0,12,57
412,Go First,DEL,CCU,1301,272,274,0,108,87
413,Emirates,BOM,CCU,611,187,55,0,52,22
414,Go First,BOM,BLR,749,21,159,0,86,36
415,Emirates,HYD,DEL,1292,125,300,1,62,10
416,Vistara,MAA,CCU,399,237,314,0,113,16
417,SpiceJet,DEL,BOM,85,135,75,0,56,91
418,IndiGo,MAA,HYD,319,132,233,0,24,55
419,Go First,HYD,MAA,1055,223,116,0,104,52
420,Go First,DEL,DEL,335,33,153,0,108,66
421,IndiGo,DEL,CCU,50,21,44,0,12,1
422,Emirates,CCU,HYD,1102,220,225,0,36,28
423,Go First,MAA,MAA,173,17,174,0,29,56
424,Qatar Airways,BLR,BLR,500,149,265,0,89,33
425,Vistara,BOM,BLR,75,196,216,0,11,77
426,SpiceJet,BLR,BOM,315,7,273,0,64,96
427,IndiGo,MAA,MAA,1396,92,259,0,17,81
428,SpiceJet,BOM,BLR,1104,59,297,0,84,92
429,Qatar Airways,BLR,BLR,696,108,-1,0,116,1
430,Go First,CCU,CCU,1009,128,25,0,117,74
431,Go First,BOM,BOM,731,149,192,0,61,30
432,Qatar Airways,DEL,HYD,1094,221,44,0,23,76
433,IndiGo,BLR,BLR,968,137,224,0,59,43
434,Vistara,BOM,DEL,853,232,80,0,16,89
435,Air India,CCU,DEL,665,24,262,0,105,55
436,IndiGo,BOM,HYD,651,228,144,0,59,97
437,Air India,BOM,MAA,1094,138,266,0,8,53
438,Qatar Airways,CCU,BOM,45,100,193,0,51,52
439,Emirates,BLR,CCU,1070,6,117,0,103,73
440,Air India,HYD,DEL,148,215,81,0,91,75
441,Vistara,BLR,DEL,909,129,203,0,14,85
442,Emirates,MAA,HYD,1153,133,55,0,76,45
443,Air India,CCU,MAA,455,249,258,0,27,53
444,Qatar Airways,BLR,MAA,876,206,118,0,116,30
445,Emirates,BOM,HYD,965,151,50,0,80,82
446,Qatar Airways,CCU,DEL,868,81,111,0,8,23
447,Air India,DEL,BOM,928,163,189,0,55,24
448,Qatar Airways,BLR,DEL,1023,194,282,0,84,34
449,Vistara,CCU,MAA,1000,142,101,0,93,56
450,Air India,BLR,CCU,773,92,251,0,74,71
451,Air India,CCU,DEL,243,191,266,0,93,68
452,Air India,BOM,BOM,473,269,133,0,35,85
453,IndiGo,DEL,BLR,381,54,178,0,55,27
454,IndiGo,DEL,DEL,1126,106,152,0,88,75
455,IndiGo,MAA,HYD,488,142,296,0,70,32
456,Vistara,CCU,BLR,1060,145,163,0,19,52
457,Emirates,BLR,HYD,1356,153,132,0,54,15
458,Qatar Airways,DEL,HYD,396,71,41,0,117,25
459,Go First,DEL,HYD,295,-5,-11,0,59,11
460,Air India,HYD,DEL,106,56,-2,0,34,86
461,Qatar Airways,HYD,MAA,859,227,264,0,73,89
462,Air India,DEL,BLR,953,61,308,0,98,76
463,Vistara,CCU,BOM,529,84,288,0,0,86
464,Air India,MAA,MAA,1106,293,200,0,77,30
465,IndiGo,DEL,DEL,933,67,159,0,44,99
466,Go First,BOM,HYD,287,56,300,0,68,26
467,SpiceJet,BLR,BOM,705,165,-13,0,39,35
468,Air India,MAA,BLR,214,161,121,1,107,58
469,Qatar Airways,BOM,MAA,1304,244,84,0,37,86
470,IndiGo,MAA,CCU,731,52,67,0,119,2
471,SpiceJet,BOM,MAA,343,291,264,0,118,93
472,Go First,BLR,BOM,193,235,116,0,97,31
473,SpiceJet,BLR,DEL,157,181,-15,0,23,14
474,IndiGo,HYD,BLR,464,60,100,0,3,74
475,Emirates,CCU,BOM,103,218,186,0,90,65
476,Emirates,BOM,HYD,33,52,124,0,68,89
477,SpiceJet,HYD,BLR,1125,286,130,0,106,62
478,Vistara,BOM,MAA,638,234,250,0,12,97
479,Qatar Airways,HYD,BOM,324,-4,186,0,103,0
480,Qatar Airways,BLR,MAA,690,249,136,0,20,74
481,SpiceJet,MAA,MAA,591,78,206,0,100,4
482,Air India,HYD,MAA,140,166,63,0,31,89
483,Air India,BOM,DEL,473,193,184,0,37,5
484,Qatar Airways,BOM,MAA,1054,123,234,0,94,98
485,Qatar Airways,CCU,HYD,883,71,83,0,31,4
486,Emirates,BLR,HYD,62,10,197,0,78,72
487,Vistara,BOM,BLR,1110,117,127,0,118,27
488,IndiGo,DEL,CCU,303,184,174,0,56,82
489,Air India,MAA,MAA,1084,183,285,0,47,68
490,Qatar Airways,HYD,MAA,395,173,36,0,29,86
491,Emirates,CCU,BOM,333,236,96,1,106,43
492,Go First,MAA,DEL,785,149,119,1,70,15
493,Emirates,BLR,CCU,410,183,96,0,37,70
494,Air India,CCU,BLR,283,99,-3,1,94,77
495,Air India,HYD,CCU,465,55,257,0,43,21
496,Emirates,HYD,MAA,79,243,217,0,25,72
497,IndiGo,DEL,BOM,783,272,28,0,99,22
498,SpiceJet,BLR,DEL,1100,49,57,0,109,42
499,Air India,CCU,BLR,732,107,245,0,106,67
500,Emirates,CCU,CCU,1384,33,215,0,89,42
501,Qatar Airways,BOM,BLR,76,199,17,0,107,25
502,Emirates,DEL,MAA,508,25,52,0,1,40
503,Vistara,DEL,BLR,1187,8,0,0,42,69
504,SpiceJet,CCU,BOM,1032,80,134,0,108,30
505,Go First,CCU,BLR,1198,290,276,0,42,16
506,IndiGo,MAA,HYD,461,201,86,0,62,8
507,Go First,MAA,BOM,1330,211,170,0,72,90
508,SpiceJet,MAA,CCU,244,206,9,0,57,54
509,SpiceJet,DEL,DEL,121,212,56,0,116,5
510,SpiceJet,BOM,DEL,184,87,65,0,47,69
511,Go First,HYD,MAA,31,8,45,0,4,63
512,Qatar Airways,MAA,MAA,997,286,2,0,90,3
513,SpiceJet,BOM,HYD,761,15,226,0,75,66
514,Emirates,BLR,CCU,568,17,42,0,34,87
515,Go First,MAA,DEL,309,53,316,0,92,55
516,SpiceJet,HYD,DEL,1395,212,41,0,15,17
517,Emirates,BLR,DEL,829,69,81,0,82,31
518,Qatar Airways,BLR,DEL,991,40,199,0,48,84
519,Vistara,HYD,BLR,1079,91,303,0,59,47
520,Qatar Airways,MAA,CCU,790,165,-4,0,106,28
521,SpiceJet,DEL,BOM,1296,-1,-5,0,116,31
522,Go First,HYD,BOM,463,226,147,0,50,24
523,Air India,HYD,HYD,677,89,267,0,90,75
524,SpiceJet,HYD,BLR,978,217,201,0,81,62
525,Air India,BLR,DEL,669,53,307,0,58,8
526,Emirates,BOM,DEL,1272,8,225,0,63,70
527,Vistara,DEL,MAA,697,130,29,0,104,13
528,IndiGo,MAA,MAA,993,14,65,0,12,19
529,Qatar Airways,MAA,HYD,77,217,239,0,93,83
530,Vistara,BOM,DEL,533,78,51,0,25,9
531,SpiceJet,HYD,HYD,107,81,86,0,69,10
532,Air India,DEL,BLR,1296,31,75,0,2,38
533,Qatar Airways,MAA,BOM,763,284,26,0,86,18
534,Air India,CCU,DEL,14,70,260,1,11,18
535,Go First,MAA,CCU,369,96,288,0,40,42
536,Air India,HYD,BLR,1327,100,258,0,104,60
537,Go First,CCU,DEL,204,266,61,0,78,69
538,Emirates,BOM,CCU,1136,203,218,0,64,71
539,Qatar Airways,DEL,MAA,864,220,186,1,62,64
540,Qatar Airways,BOM,HYD,1276,295,205,0,49,22
541,IndiGo,BOM,MAA,440,110,246,0,46,59
542,SpiceJet,DEL,BOM,1209,123,23,0,7,9
543,Go First,DEL,MAA,858,295,-5,0,30,62
544,IndiGo,MAA,DEL,226,197,96,0,10,1
545,Air India,MAA,CCU,527,246,92,0,16,35
546,Air India,DEL,MAA,353,174,78,0,26,56
547,IndiGo,CCU,DEL,622,275,295,0,94,65
548,Qatar Airways,BLR,BOM,1024,169,68,0,26,78
549,Air India,MAA,CCU,926,37,42,0,77,19
550,Emirates,BLR,MAA,1184,76,277,0,114,41
551,Emirates,CCU,HYD,160,8,0,0,86,20
552,IndiGo,DEL,HYD,870,35,310,1,55,93
553,Go First,CCU,CCU,1151,45,77,0,68,87
554,Go First,MAA,HYD,1174,218,149,0,93,65
555,IndiGo,BOM,MAA,443,134,199,0,97,37
556,Go First,DEL,MAA,462,81,128,0,46,85
557,Qatar Airways,HYD,CCU,1053,71,258,0,18,92
558,Qatar Airways,BLR,MAA,472,214,122,0,56,77
559,Go First,CCU,DEL,556,68,188,0,30,68
560,Emirates,DEL,BOM,79,139,286,0,15,23
561,Go First,CCU,HYD,1062,272,194,0,44,25
562,Qatar Airways,DEL,DEL,239,149,3,0,26,1
563,Vistara,MAA,CCU,556,145,278,0,60,45
564,SpiceJet,MAA,HYD,589,145,277,0,25,33
565,Air India,MAA,DEL,1360,191,285,0,102,61
566,Vistara,CCU,MAA,1303,106,146,0,28,86
567,Go First,HYD,CCU,1139,143,114,0,112,40
568,Emirates,MAA,CCU,268,108,28,0,114,98
569,IndiGo,DEL,HYD,334,188,67,0,102,14
570,Go First,MAA,MAA,311,252,108,0,43,54
571,Emirates,BOM,HYD,1076,173,11,0,108,2
572,SpiceJet,MAA,BLR,1091,137,288,0,28,75
573,Go First,CCU,DEL,693,155,-9,0,108,37
574,Qatar Airways,HYD,BLR,33,64,183,0,109,50
575,IndiGo,BOM,DEL,385,225,96,0,110,16
576,Emirates,CCU,BOM,248,261,73,0,94,90
577,Emirates,CCU,CCU,1134,168,112,0,1,82
578,Emirates,CCU,HYD,1117,272,214,0,5,48
579,SpiceJet,DEL,BOM,1433,40,2,0,8,20
580,Go First,CCU,BOM,1202,64,273,0,14,87
581,SpiceJet,DEL,CCU,1070,133,145,1,83,23
582,Air India,CCU,CCU,793,177,265,0,111,82
583,Air India,BLR,DEL,851,112,150,0,57,94
584,Go First,BOM,BLR,873,240,244,0,1,39
585,Qatar Airways,BLR,MAA,375,285,174,0,2,19
586,SpiceJet,CCU,DEL,723,119,250,0,118,78
587,IndiGo,BOM,MAA,201,241,275,0,51,34
588,Emirates,BOM,BOM,444,169,263,0,54,47
589,Emirates,HYD,MAA,296,99,201,1,52,98
590,Go First,BLR,BLR,1331,67,305,0,93,32
591,Qatar Airways,HYD,DEL,492,-9,191,0,71,55
592,Air India,BOM,CCU,337,265,137,0,39,40
593,Air India,DEL,BLR,922,279,165,0,84,53
594,Emirates,BOM,BLR,1089,286,196,0,38,43
595,Go First,HYD,DEL,791,158,257,1,42,81
596,SpiceJet,BLR,CCU,961,229,187,0,117,80
597,Air India,CCU,BLR,316,12,189,0,12,71
598,SpiceJet,CCU,CCU,941,283,137,0,103,83
599,Qatar Airways,BLR,HYD,625,161,154,0,104,10
600,Air India,CCU,HYD,74,275,225,0,111,93
601,Air India,CCU,HYD,938,182,271,0,36,90
602,Vistara,HYD,MAA,58,158,229,0,54,13
603,Air India,BLR,BLR,385,107,305,0,31,41
604,IndiGo,MAA,DEL,14,-5,64,0,13,78
605,Go First,DEL,DEL,1254,121,76,0,64,11
606,Go First,DEL,MAA,198,82,133,0,26,83
607,SpiceJet,CCU,DEL,1377,240,14,0,23,16
608,Qatar Airways,DEL,HYD,34,-1,107,0,114,89
609,Air India,BLR,BLR,161,40,310,0,112,77
610,IndiGo,BLR,DEL,981,283,13,0,21,24
611,SpiceJet,BOM,DEL,798,118,243,0,77,25
612,Vistara,BOM,BOM,894,238,170,0,44,46
613,SpiceJet,DEL,BOM,470,91,59,0,7,24
614,SpiceJet,MAA,BOM,530,72,29,0,90,88
615,Air India,BOM,BLR,791,180,53,0,66,59
616,Vistara,BOM,HYD,851,132,194,0,63,59
617,SpiceJet,BLR,CCU,347,226,223,0,96,26
618,IndiGo,MAA,HYD,693,276,292,0,114,42
619,IndiGo,CCU,HYD,934,266,176,0,46,75
620,Go First,DEL,BLR,912,280,87,0,20,19
621,Vistara,BOM,BLR,146,158,225,0,31,62
622,Vistara,MAA,BOM,1397,133,237,0,103,79
623,Go First,MAA,DEL,674,173,204,0,104,24
624,SpiceJet,DEL,MAA,1439,34,201,0,44,26
625,Vistara,MAA,MAA,686,232,186,1,43,51
626,IndiGo,MAA,CCU,1279,257,13,0,40,81
627,IndiGo,MAA,DEL,959,242,196,1,95,9
628,Air India,BOM,CCU,685,278,138,0,51,49
629,Vistara,DEL,BOM,1126,201,215,0,87,29
630,SpiceJet,MAA,CCU,120,166,86,0,10,0
631,Go First,MAA,DEL,418,10,299,0,100,53
632,Go First,BOM,DEL,349,41,161,0,114,3
633,SpiceJet,DEL,MAA,41,222,165,0,84,86
634,Qatar Airways,BLR,BOM,1390,112,216,0,17,6
635,Emirates,BOM,BLR,28,89,-4,0,10,29
636,Air India,DEL,CCU,965,203,170,0,26,89
637,Go First,MAA,MAA,784,124,233,0,42,64
638,Vistara,DEL,CCU,13,207,250,0,101,28
639,Air India,DEL,CCU,919,77,119,1,64,24
640,Vistara,CCU,BLR,817,269,229,0,53,39
641,Qatar Airways,DEL,BOM,824,29,15,0,28,25
642,IndiGo,BLR,DEL,1212,229,243,0,20,16
643,Air India,DEL,HYD,871,125,88,0,28,30
644,Go First,BLR,CCU,294,171,-15,0,8,60
645,Air India,MAA,HYD,1206,254,191,0,60,7
646,Air India,BLR,BOM,863,248,119,0,61,68
647,Air India,MAA,HYD,547,171,255,0,70,0
648,Emirates,MAA,CCU,1060,10,73,0,101,78
649,Air India,BLR,BLR,1007,185,179,0,94,99
650,Vistara,BOM,HYD,1037,201,106,0,90,70
651,IndiGo,HYD,BOM,634,5,100,0,118,45
652,Qatar Airways,DEL,BOM,594,191,180,0,105,90
653,SpiceJet,CCU,BLR,1182,207,20,0,95,98
654,Air India,HYD,HYD,1352,82,51,1,4,90
655,Go First,DEL,HYD,613,122,117,0,96,19
656,Air India,DEL,DEL,1106,128,265,0,14,81
657,Go First,MAA,MAA,1045,146,-5,0,56,39
658,Vistara,DEL,BOM,1155,59,202,0,4,1
659,Go First,CCU,DEL,464,293,306,1,19,93
660,SpiceJet,DEL,BOM,1325,4,140,1,101,60
661,IndiGo,BLR,DEL,954,224,224,0,100,93
662,Go First,HYD,MAA,929,201,44,0,80,70
663,Go First,BLR,DEL,1290,279,122,0,113,76
664,IndiGo,CCU,BOM,798,49,34,0,3,96
665,SpiceJet,DEL,HYD,394,241,151,1,55,29
666,Air India,CCU,BOM,1143,-9,149,0,84,29
667,Go First,MAA,CCU,245,225,303,0,118,86
668,IndiGo,BLR,BLR,567,8,173,0,33,44
669,Vistara,BLR,BLR,37,38,76,0,39,23
670,IndiGo,BOM,CCU,244,67,278,1,68,83
671,Vistara,DEL,BLR,20,17,273,0,67,91
672,SpiceJet,MAA,BLR,1133,37,59,0,21,55
673,Air India,BLR,MAA,393,85,29,0,13,82
674,IndiGo,BLR,HYD,1433,154,37,0,67,60
675,Qatar Airways,MAA,HYD,986,165,159,0,7,12
676,Qatar Airways,CCU,BOM,7,62,145,1,66,79
677,Emirates,CCU,CCU,327,18,51,0,45,55
678,Go First,DEL,DEL,289,146,254,0,28,14
679,SpiceJet,BOM,BOM,510,293,108,0,89,10
680,IndiGo,BLR,BOM,911,268,166,0,113,11
681,Qatar Airways,BOM,BOM,360,272,166,0,118,85
682,Go First,CCU,BOM,715,-4,20,0,93,88
683,Qatar Airways,CCU,HYD,218,294,196,0,11,2
684,IndiGo,HYD,DEL,405,171,118,0,78,23
685,Vistara,DEL,BOM,752,98,162,0,115,88
686,IndiGo,HYD,HYD,922,195,150,0,51,8
687,Emirates,HYD,BOM,831,223,313,0,57,91
688,IndiGo,HYD,BLR,793,176,311,0,104,45
689,IndiGo,DEL,BOM,1243,-3,30,0,1,93
690,Emirates,DEL,CCU,594,42,140,0,0,70
691,SpiceJet,MAA,CCU,106,188,220,0,110,59
692,IndiGo,BOM,BOM,580,126,300,0,54,10
693,Emirates,BOM,MAA,608,248,44,0,110,9
694,Go First,MAA,BLR,1309,161,-11,0,91,2
695,Vistara,MAA,DEL,7,75,165,0,103,18
696,Vistara,CCU,BOM,805,35,129,0,98,1
697,IndiGo,HYD,DEL,188,175,299,0,33,16
698,SpiceJet,MAA,BLR,80,145,249,0,63,92
699,SpiceJet,BLR,BOM,107,-2,207,0,67,1
700,Go First,BOM,MAA,1344,104,285,0,81,52
701,IndiGo,MAA,HYD,685,143,221,0,11,15
702,Vistara,BLR,MAA,345,119,-3,0,49,9
703,SpiceJet,BLR,MAA,327,70,252,0,20,67
704,IndiGo,BLR,HYD,554,279,250,0,9,42
705,Qatar Airways,CCU,HYD,301,136,0,0,84,89
706,SpiceJet,CCU,CCU,199,284,76,0,103,57
707,Emirates,BLR,HYD,892,258,232,0,88,59
708,Qatar Airways,CCU,BOM,1062,122,3,0,113,23
709,SpiceJet,HYD,DEL,306,39,87,0,80,75
710,Vistara,BLR,CCU,1027,12,79,0,114,84
711,Air India,HYD,CCU,1100,77,267,0,69,15
712,Qatar Airways,HYD,DEL,467,101,197,1,13,99
713,Go First,BLR,CCU,178,100,21,0,100,98
714,Go First,BOM,HYD,644,61,45,0,39,8
715,Vistara,BLR,MAA,275,143,275,0,103,5
716,SpiceJet,BLR,BLR,1175,46,287,0,81,64
717,IndiGo,CCU,HYD,1187,246,228,0,29,77
718,SpiceJet,BLR,MAA,1313,145,295,0,72,23
719,Vistara,BOM,MAA,1401,102,-10,0,13,9
720,Go First,CCU,CCU,620,36,290,0,109,81
721,SpiceJet,DEL,BOM,637,227,149,0,51,72
722,Go First,DEL,BOM,1333,95,-3,0,109,26
723,Qatar Airways,HYD,CCU,929,176,9,0,16,82
724,IndiGo,HYD,CCU,1412,148,208,0,61,99
725,Qatar Airways,BOM,DEL,182,187,107,0,97,2
726,Go First,MAA,DEL,1329,166,113,0,109,37
727,Go First,DEL,BLR,71,250,289,1,21,72
728,Air India,HYD,BLR,1242,276,106,0,52,73
729,Air India,DEL,BLR,718,282,19,1,31,72
730,Qatar Airways,BOM,BLR,1196,132,67,0,75,16
731,Emirates,BOM,MAA,1295,297,293,0,54,47
732,Qatar Airways,MAA,MAA,725,186,166,0,79,48
733,Air India,MAA,DEL,268,214,60,0,21,42
734,Go First,CCU,BOM,1043,32,88,0,37,83
735,Vistara,BOM,CCU,577,140,216,0,49,6
736,Qatar Airways,HYD,BOM,994,285,287,0,102,67
737,Go First,DEL,HYD,814,52,27,0,65,73
738,Vistara,BLR,MAA,146,119,77,0,44,20
739,Vistara,MAA,BLR,1188,244,128,0,118,77
740,Air India,BLR,BLR,889,203,238,0,7,24
741,Qatar Airways,HYD,HYD,309,62,62,0,107,80
742,SpiceJet,MAA,BOM,517,93,247,0,64,60
743,IndiGo,BLR,BLR,13,147,54,0,104,27
744,Air India,HYD,BOM,131,261,133,0,39,77
745,Air India,DEL,CCU,754,227,276,0,104,51
746,SpiceJet,HYD,HYD,438,292,198,0,4,12
747,IndiGo,CCU,BOM,742,147,294,0,44,33
748,Go First,MAA,CCU,739,98,131,0,45,66
749,Emirates,BOM,BOM,794,-2,9,0,35,3
750,Qatar Airways,DEL,BOM,262,48,307,0,16,43
751,Emirates,BLR,BLR,642,181,93,0,40,14
752,Go First,MAA,DEL,1248,125,165,0,29,83
753,Air India,BOM,MAA,257,240,235,0,51,7
754,IndiGo,HYD,BOM,1257,135,187,0,78,4
755,Air India,BOM,BOM,1359,47,288,0,19,65
756,Vistara,MAA,BOM,408,166,154,0,35,91
757,Air India,MAA,DEL,974,277,159,0,65,85
758,Air India,CCU,CCU,1047,234,154,0,44,72
759,Go First,CCU,HYD,270,37,-14,1,3,91
760,Go First,BOM,BLR,1118,290,118,0,49,45
761,Go First,HYD,DEL,141,89,111,0,87,64
762,Emirates,BOM,CCU,901,202,30,0,111,99
763,Vistara,MAA,BOM,973,291,178,0,54,65
764,Go First,MAA,CCU,1104,154,193,0,58,25
765,IndiGo,BLR,DEL,273,115,280,0,41,30
766,Emirates,CCU,DEL,275,291,42,0,1,50
767,SpiceJet,BLR,DEL,464,110,62,0,45,40
768,IndiGo,DEL,HYD,1231,77,186,0,1,50
769,Qatar Airways,MAA,MAA,1319,206,273,0,49,18
770,Qatar Airways,BLR,BLR,1062,50,46,0,0,94
771,IndiGo,BOM,HYD,287,291,252,0,12,72
772,Go First,CCU,HYD,1147,168,110,1,69,2
773,SpiceJet,CCU,MAA,875,179,33,0,21,37
774,SpiceJet,HYD,HYD,1306,152,72,0,16,69
775,Emirates,BOM,DEL,877,70,318,0,58,44
776,SpiceJet,HYD,DEL,179,159,245,0,112,70
777,Qatar Airways,BLR,CCU,1120,290,163,0,85,40
778,Vistara,DEL,BOM,1214,185,53,0,106,24
779,Go First,BOM,HYD,1097,192,44,0,69,88
780,SpiceJet,BOM,BOM,446,36,286,0,115,49
781,Emirates,BOM,BLR,784,147,233,0,2,0
782,Qatar Airways,HYD,DEL,560,183,153,0,109,53
783,Vistara,BLR,CCU,483,268,253,0,69,85
784,Air India,BOM,BLR,848,258,96,1,80,83
785,Air India,BOM,CCU,721,188,84,0,98,12
786,Vistara,CCU,MAA,115,213,199,1,48,39
787,Qatar Airways,DEL,DEL,534,252,97,0,114,20
788,Emirates,CCU,BLR,1121,155,81,0,49,86
789,Vistara,CCU,MAA,1351,169,291,0,100,40
790,Go First,DEL,BLR,406,181,102,0,110,60
791,Go First,BLR,CCU,1336,205,20,0,34,32
792,Air India,CCU,MAA,693,273,274,0,22,72
793,SpiceJet,BLR,MAA,1171,96,288,0,71,28
794,Emirates,CCU,DEL,1365,87,108,0,6,54
795,Air India,MAA,BOM,494,219,24,0,49,31
796,SpiceJet,DEL,CCU,947,246,125,0,9,10
797,SpiceJet,CCU,CCU,22,32,10,0,89,51
798,Go First,MAA,MAA,1128,231,126,0,54,35
799,Qatar Airways,HYD,MAA,557,31,41,0,73,92
800,IndiGo,MAA,DEL,940,84,134,0,18,30
801,Qatar Airways,BOM,BOM,1245,243,189,0,22,13
802,IndiGo,CCU,CCU,854,177,60,0,94,62
803,Vistara,MAA,HYD,1038,296,269,0,63,51
804,Go First,BLR,HYD,890,156,194,0,32,53
805,SpiceJet,HYD,BOM,77,260,242,0,65,49
806,Emirates,CCU,BLR,1345,114,243,0,91,88
807,IndiGo,BOM,DEL,806,150,168,0,95,53
808,Qatar Airways,MAA,BOM,1264,76,312,0,96,89
809,SpiceJet,HYD,HYD,1041,298,-5,0,8,85
810,IndiGo,CCU,MAA,767,215,144,0,28,72
811,IndiGo,HYD,HYD,453,134,244,0,78,96
812,IndiGo,BOM,MAA,927,237,72,0,17,86
813,Emirates,MAA,DEL,276,-5,168,0,81,98
814,Go First,HYD,MAA,1050,20,0,0,117,83
815,Emirates,HYD,BOM,513,186,228,0,70,96
816,Air India,DEL,MAA,463,221,70,0,77,34
817,SpiceJet,HYD,BLR,806,285,183,0,28,29
818,Go First,DEL,BOM,823,124,-6,0,113,54
819,Go First,MAA,DEL,362,2,148,0,115,93
820,Go First,CCU,BOM,1406,-7,8,0,82,85
821,Qatar Airways,CCU,BLR,750,167,48,0,60,0
822,Go First,MAA,DEL,524,223,296,0,4,14
823,Emirates,MAA,HYD,1405,248,222,0,104,24
824,Go First,BLR,BLR,1207,129,222,0,113,19
825,Vistara,MAA,DEL,1217,54,6,0,108,70
826,SpiceJet,HYD,MAA,55,272,164,0,68,15
827,Go First,CCU,BOM,1253,295,290,0,55,51
828,SpiceJet,BOM,DEL,488,194,31,0,117,86
829,Vistara,CCU,BOM,1051,6,263,0,51,84
830,Vistara,DEL,MAA,721,189,208,0,14,64
831,SpiceJet,CCU,DEL,1207,21,202,0,89,83
832,IndiGo,BLR,HYD,1398,201,221,0,87,82
833,Air India,MAA,BLR,40,262,188,0,82,69
834,Qatar Airways,MAA,DEL,1003,279,3,0,19,95
835,IndiGo,CCU,MAA,259,280,164,0,106,0
836,IndiGo,BOM,DEL,440,223,146,0,72,93
837,Emirates,BOM,BOM,925,171,269,0,116,15
838,Qatar Airways,BLR,CCU,855,135,45,0,117,26
839,Qatar Airways,DEL,DEL,83,39,69,0,91,17
840,IndiGo,CCU,HYD,45,92,19,0,15,76
841,Go First,MAA,DEL,439,22,-11,0,74,43
842,Emirates,CCU,BLR,985,78,60,0,97,49
843,Emirates,BLR,DEL,135,230,237,0,24,91
844,Vistara,HYD,CCU,1206,255,-9,0,103,73
845,Qatar Airways,HYD,BOM,1195,212,153,0,118,13
846,IndiGo,BLR,DEL,908,225,114,0,56,51
847,Vistara,MAA,HYD,860,142,122,0,20,92
848,SpiceJet,BLR,MAA,787,46,284,0,4,74
849,Air India,MAA,DEL,589,101,310,0,74,49
850,Emirates,BOM,DEL,955,4,75,0,106,90
851,SpiceJet,BLR,BLR,689,258,147,0,8,16
852,SpiceJet,MAA,HYD,538,103,302,0,10,2
853,Go First,BLR,CCU,1143,241,237,1,100,61
854,Air India,BLR,MAA,1304,131,185,0,104,94
855,SpiceJet,MAA,BOM,1331,103,4,0,64,20
856,SpiceJet,MAA,DEL,707,279,213,0,62,32
857,Air India,DEL,CCU,1300,14,147,0,25,0
858,Air India,BLR,MAA,294,299,149,0,73,69
859,SpiceJet,HYD,BOM,52,244,216,1,103,55
860,Air India,BLR,CCU,805,257,312,0,18,3
861,SpiceJet,BLR,HYD,51,115,222,0,15,21
862,SpiceJet,MAA,HYD,727,239,104,0,108,76
863,Go First,BLR,MAA,71,276,91,0,55,57
864,IndiGo,CCU,BOM,27,42,234,0,100,43
865,SpiceJet,BLR,HYD,468,32,268,0,113,56
866,Vistara,CCU,MAA,763,155,182,1,104,93
867,Emirates,HYD,HYD,885,31,204,1,67,39
868,Qatar Airways,MAA,HYD,911,165,135,0,77,89
869,IndiGo,BLR,CCU,546,56,270,0,29,55
870,IndiGo,CCU,CCU,1424,55,249,0,6,62
871,IndiGo,CCU,HYD,200,72,204,0,11,38
872,Go First,CCU,BLR,819,94,200,1,23,6
873,SpiceJet,BOM,CCU,559,276,299,0,102,13
874,Go First,DEL,BOM,378,175,140,0,106,89
875,SpiceJet,HYD,MAA,1200,273,200,0,21,17
876,Go First,BLR,MAA,1075,-7,319,0,46,54
877,Go First,BOM,BOM,78,127,98,0,29,55
878,Emirates,BLR,BOM,1408,168,145,0,59,87
879,Vistara,BLR,BOM,833,226,287,0,38,56
880,Go First,MAA,BOM,1031,7,82,0,19,57
881,Emirates,MAA,DEL,1237,292,141,0,25,24
882,Air India,MAA,MAA,24,-2,146,0,48,95
883,Vistara,BOM,DEL,449,18,26,0,68,69
884,Go First,BLR,HYD,767,133,164,0,103,79
885,Qatar Airways,DEL,HYD,754,138,287,0,41,2
886,IndiGo,HYD,MAA,197,53,314,0,5,20
887,Air India,MAA,HYD,1117,176,35,0,52,31
888,Air India,MAA,BOM,436,216,236,0,33,1
889,Emirates,BLR,DEL,689,107,104,0,68,19
890,Air India,BLR,BOM,1401,243,59,0,9,74
891,Vistara,BOM,HYD,586,20,146,0,27,17
892,Go First,BOM,CCU,103,150,133,0,2,53
893,Go First,MAA,DEL,626,204,107,0,76,74
894,Qatar Airways,BLR,BOM,1062,158,125,0,47,98
895,IndiGo,DEL,MAA,457,70,166,0,110,35
896,Emirates,HYD,BOM,363,35,261,0,65,75
897,IndiGo,BLR,CCU,134,38,241,0,34,60
898,Air India,BLR,HYD,373,287,309,0,51,59
899,Qatar Airways,CCU,DEL,1255,272,229,0,113,94
900,IndiGo,BOM,MAA,38,77,70,0,61,35
901,Vistara,HYD,DEL,818,110,55,0,51,93
902,Go First,MAA,MAA,46,-8,253,0,115,43
903,Air India,BLR,DEL,35,216,164,0,46,67
904,Qatar Airways,MAA,HYD,94,68,263,1,53,65
905,IndiGo,BLR,MAA,984,134,133,0,27,43
906,Emirates,MAA,BLR,1384,231,-10,0,100,76
907,Vistara,HYD,DEL,1169,21,132,0,22,89
908,Vistara,BOM,DEL,367,252,316,0,106,28
909,IndiGo,HYD,BOM,64,200,152,0,86,47
910,Go First,CCU,MAA,1251,60,-7,0,34,35
911,IndiGo,DEL,CCU,753,186,162,0,104,91
912,Air India,BOM,BLR,815,47,268,1,102,7
913,IndiGo,HYD,HYD,755,101,100,0,118,4
914,Vistara,CCU,BOM,180,37,80,0,31,95
915,Qatar Airways,DEL,BLR,596,174,315,0,1,93
916,IndiGo,CCU,MAA,1178,154,40,0,110,77
917,Go First,BLR,BLR,786,204,191,0,107,46
918,Qatar Airways,BLR,DEL,626,110,89,0,111,42
919,Emirates,MAA,DEL,1122,202,19,0,15,9
920,SpiceJet,BOM,BOM,615,30,193,0,15,9
921,IndiGo,BLR,MAA,1395,278,265,0,50,5
922,Go First,CCU,MAA,1385,157,131,0,66,15
923,Qatar Airways,BOM,BLR,111,23,271,1,91,59
924,Go First,BLR,BOM,452,264,65,0,92,25
925,Emirates,MAA,MAA,755,186,34,0,53,20
926,Vistara,HYD,CCU,1192,180,71,0,19,99
927,Go First,MAA,CCU,583,210,175,1,99,57
928,Qatar Airways,DEL,DEL,138,-1,287,0,32,40
929,Go First,BLR,BLR,230,109,-15,0,85,29
930,Go First,DEL,HYD,1262,112,122,0,7,4
931,Go First,DEL,DEL,983,236,120,0,119,9
932,Air India,CCU,BOM,252,210,138,0,110,94
933,Air India,BOM,MAA,560,250,146,0,23,10
934,Vistara,CCU,DEL,1326,47,3,0,52,62
935,IndiGo,BLR,HYD,71,117,312,0,63,6
936,Go First,DEL,HYD,1286,176,227,0,57,58
937,Emirates,HYD,CCU,221,194,113,0,117,11
938,IndiGo,DEL,BOM,1100,75,160,0,36,63
939,Emirates,HYD,DEL,61,93,264,0,83,40
940,IndiGo,CCU,BLR,1180,132,68,0,11,59
941,Vistara,CCU,DEL,805,194,206,0,83,71
942,Go First,BOM,CCU,124,118,309,0,83,27
943,Go First,DEL,HYD,740,235,129,0,3,79
944,SpiceJet,MAA,BOM,160,27,90,0,93,62
945,Emirates,CCU,BOM,540,98,309,0,30,2
946,IndiGo,CCU,BLR,625,298,-5,0,85,31
947,IndiGo,BOM,BOM,105,41,150,0,78,20
948,Air India,HYD,CCU,1154,-10,180,0,37,54
949,SpiceJet,BOM,CCU,1380,0,215,0,36,17
950,Qatar Airways,DEL,CCU,775,224,131,0,91,52
951,Qatar Airways,BLR,BOM,1,117,222,0,74,74
952,Air India,BLR,BOM,232,203,-3,0,13,60
953,Air India,HYD,CCU,368,232,203,0,74,49
954,Air India,CCU,BOM,1274,33,241,0,72,7
955,Emirates,HYD,BOM,945,-5,-14,0,23,11
956,Emirates,CCU,HYD,1131,145,194,0,9,50
957,Vistara,CCU,DEL,1299,-3,209,0,37,65
958,Vistara,BLR,MAA,179,-6,178,0,42,40
959,Air India,HYD,BOM,292,171,180,0,104,21
960,SpiceJet,BOM,MAA,583,101,244,0,36,8
961,IndiGo,CCU,MAA,794,262,41,0,41,77
962,Emirates,MAA,HYD,174,254,97,0,31,78
963,SpiceJet,MAA,BOM,122,201,197,0,83,10
964,Go First,BOM,CCU,226,67,263,0,13,12
965,Emirates,MAA,MAA,443,259,228,0,101,55
966,Emirates,DEL,BOM,427,143,101,0,3,27
967,Vistara,CCU,BLR,1106,210,71,0,23,88
968,IndiGo,BOM,CCU,764,14,247,0,95,63
969,IndiGo,HYD,BLR,631,197,284,0,118,63
970,Qatar Airways,CCU,BLR,64,-8,97,0,116,69
971,Qatar Airways,BOM,MAA,1304,204,148,0,9,54
972,Qatar Airways,BLR,BLR,1414,101,-12,0,117,36
973,Qatar Airways,HYD,HYD,427,181,102,0,106,32
974,Go First,BLR,HYD,617,36,7,0,15,24
975,Go First,CCU,MAA,924,210,217,0,38,22
976,Emirates,HYD,BOM,811,176,74,0,95,59
977,Air India,MAA,DEL,106,39,239,0,17,55
978,Vistara,BOM,BOM,658,186,76,0,24,62
979,Vistara,CCU,BOM,1285,205,139,0,6,7
980,Qatar Airways,DEL,BOM,1182,210,291,0,55,16
981,Emirates,HYD,BOM,264,79,99,0,116,94
982,SpiceJet,HYD,CCU,1225,221,191,0,46,89
983,Air India,CCU,DEL,154,247,65,0,114,56
984,Emirates,CCU,CCU,1036,142,87,0,81,74
985,Air India,BLR,BLR,1320,245,64,0,110,61
986,Air India,MAA,BOM,895,247,87,0,81,93
987,Air India,BLR,HYD,992,54,224,0,2,10
988,Emirates,BLR,MAA,244,179,249,0,0,66
989,Qatar Airways,MAA,MAA,1323,80,17,0,32,39
990,Vistara,DEL,CCU,1385,162,19,0,70,39
991,Vistara,BLR,CCU,1377,236,233,0,73,55
992,Qatar Airways,BLR,HYD,385,245,34,0,107,52
993,Air India,HYD,BOM,758,105,264,0,58,84
994,SpiceJet,MAA,DEL,1335,38,226,0,71,98
995,IndiGo,BOM,BLR,413,216,136,0,117,27
996,Emirates,DEL,MAA,1301,58,131,0,31,85
997,IndiGo,DEL,BLR,714,115,23,0,86,41
998,Qatar Airways,MAA,DEL,758,202,173,0,16,45
999,SpiceJet,CCU,CCU,746,42,9,0,77,17
1000,Emirates,CCU,MAA,592,101,228,0,16,22
1001,Qatar Airways,HYD,BLR,1379,148,207,0,88,25
1002,Air India,HYD,CCU,838,229,214,0,20,98
1003,Vistara,MAA,DEL,15,139,137,0,54,28
1004,IndiGo,HYD,BLR,992,128,272,0,5,51
1005,Go First,DEL,BOM,1068,102,92,0,83,74
1006,Go First,DEL,CCU,1344,132,17,0,48,45
1007,SpiceJet,BOM,DEL,650,127,95,0,83,0
1008,Air India,CCU,BLR,1349,293,105,0,25,62
1009,IndiGo,MAA,BOM,147,20,0,1,31,15
1010,Air India,BLR,BOM,354,282,211,0,71,24
1011,IndiGo,CCU,DEL,1259,97,-5,0,108,61
1012,SpiceJet,BLR,HYD,702,273,187,1,111,81
1013,SpiceJet,BOM,MAA,612,148,186,0,43,79
1014,Go First,BOM,DEL,104,3,82,0,58,82
1015,Air India,HYD,BOM,395,111,100,0,28,15
1016,Emirates,BOM,BOM,605,204,265,1,16,68
1017,Go First,BOM,DEL,1243,261,216,0,17,90
1018,Air India,BLR,HYD,850,14,95,0,39,69
1019,Go First,HYD,MAA,441,283,-4,0,62,33
1020,Emirates,BOM,BLR,872,158,5,0,81,79
1021,Vistara,CCU,DEL,666,92,111,1,74,52
1022,Vistara,BOM,MAA,1051,29,269,0,44,22
1023,Vistara,HYD,MAA,793,224,105,0,75,42
1024,Vistara,MAA,CCU,474,78,108,0,78,43
1025,Qatar Airways,HYD,BOM,627,89,17,0,89,31
1026,IndiGo,BLR,BLR,1328,133,154,0,2,22
1027,Qatar Airways,MAA,DEL,1428,71,61,0,2,19
1028,Qatar Airways,CCU,BOM,501,66,281,0,37,18
1029,Qatar Airways,DEL,CCU,347,48,314,0,98,92
1030,Vistara,HYD,CCU,1263,218,47,0,72,71
1031,Emirates,BLR,BOM,1017,80,254,0,106,28
1032,SpiceJet,CCU,HYD,569,-10,200,0,39,17
1033,SpiceJet,MAA,MAA,694,258,174,0,67,68
1034,IndiGo,CCU,DEL,1360,275,59,0,53,11
1035,Vistara,HYD,DEL,25,186,158,0,119,9
1036,Vistara,BOM,DEL,1432,263,51,0,19,36
1037,Vistara,HYD,BOM,1100,67,77,0,14,80
1038,Go First,DEL,HYD,216,130,37,1,92,95
1039,Air India,HYD,BLR,1351,277,78,0,4,54
1040,Go First,MAA,CCU,836,60,97,0,38,3
1041,Air India,MAA,BOM,773,39,213,0,39,94
1042,Vistara,HYD,BLR,1046,69,234,0,6,62
1043,Vistara,MAA,CCU,669,224,193,0,71,89
1044,Go First,BOM,CCU,717,276,166,0,95,11
1045,Go First,CCU,HYD,309,296,251,0,99,17
1046,Air India,HYD,MAA,598,144,265,1,32,7
1047,SpiceJet,BOM,DEL,266,49,139,0,117,31
1048,Air India,CCU,BLR,1438,22,67,1,36,83
1049,Go First,CCU,BOM,645,116,170,0,31,48
1050,Emirates,BOM,BLR,1290,210,123,0,42,62
1051,Go First,BLR,MAA,1356,189,39,0,62,76
1052,Emirates,HYD,DEL,1022,115,3,0,35,58
1053,IndiGo,CCU,BLR,449,30,251,0,97,86
1054,Go First,CCU,MAA,564,264,126,0,48,66
1055,IndiGo,MAA,BOM,1270,286,300,0,24,98
1056,SpiceJet,CCU,HYD,1059,74,148,0,107,38
1057,Air India,BOM,CCU,1424,78,236,0,95,49
1058,Emirates,CCU,BOM,27,31,216,0,65,84
1059,Air India,BLR,DEL,219,109,281,0,8,70
1060,IndiGo,HYD,CCU,405,268,44,0,101,25
1061,Emirates,HYD,BOM,270,22,6,0,92,22
1062,Air India,CCU,BOM,791,265,110,0,101,95
1063,Go First,DEL,BOM,962,142,87,0,17,62
1064,Vistara,DEL,BOM,1309,79,205,0,21,65
1065,IndiGo,BOM,CCU,833,93,94,0,98,38
1066,Air India,DEL,DEL,316,1,42,0,14,65
1067,IndiGo,BOM,MAA,1320,149,49,0,6,45
1068,Qatar Airways,MAA,BLR,337,185,42,0,12,14
1069,IndiGo,BOM,HYD,1330,296,142,0,105,15
1070,Emirates,DEL,BLR,350,251,60,0,35,89
1071,Qatar Airways,CCU,BLR,510,80,3,0,15,71
1072,Emirates,MAA,HYD,524,186,174,0,40,15
1073,Vistara,DEL,CCU,491,58,234,0,20,84
1074,Qatar Airways,BOM,DEL,8,209,63,0,27,38
1075,Go First,BLR,HYD,560,203,68,0,73,10
1076,IndiGo,HYD,DEL,439,135,156,0,82,87
1077,Air India,DEL,CCU,791,222,196,0,16,35
1078,SpiceJet,BOM,BLR,1131,223,133,0,64,17
1079,IndiGo,MAA,DEL,1268,203,-6,0,12,22
1080,IndiGo,DEL,CCU,1278,50,14,0,35,76
1081,Vistara,DEL,CCU,32,67,264,0,110,48
1082,Go First,HYD,MAA,1046,84,39,0,57,41
1083,SpiceJet,BOM,HYD,844,205,111,0,105,43
1084,Qatar Airways,BLR,MAA,565,202,164,0,19,0
1085,Qatar Airways,MAA,BLR,48,293,216,0,104,6
1086,Qatar Airways,BOM,HYD,461,189,77,0,103,47
1087,Emirates,MAA,BLR,589,20,-8,0,51,84
1088,Emirates,DEL,MAA,335,279,231,0,5,15
1089,Air India,HYD,CCU,1381,124,315,0,22,47
1090,SpiceJet,HYD,BLR,1145,72,180,0,41,77
1091,Qatar Airways,CCU,HYD,358,36,147,0,23,42
1092,Emirates,BLR,HYD,345,195,24,0,115,50
1093,Air India,HYD,BLR,192,66,238,0,112,65
1094,Go First,DEL,HYD,1439,248,69,0,4,30
1095,Air India,BLR,CCU,1400,81,256,0,31,38
1096,Emirates,BOM,CCU,755,89,62,0,45,8
1097,Vistara,HYD,HYD,1169,184,197,0,16,40
1098,Vistara,BLR,BLR,477,181,288,0,74,62
1099,Qatar Airways,DEL,MAA,827,57,239,0,26,13
1100,Vistara,CCU,HYD,889,231,75,0,67,57
1101,Qatar Airways,MAA,HYD,652,79,177,0,22,73
1102,Qatar Airways,MAA,HYD,407,-1,237,0,86,87
1103,Emirates,DEL,HYD,285,253,262,0,112,96
1104,Vistara,DEL,BLR,850,257,127,0,33,97
1105,Qatar Airways,MAA,MAA,110,107,228,0,20,83
1106,SpiceJet,CCU,MAA,619,239,196,0,21,63
1107,Go First,BLR,DEL,792,48,179,0,64,27
1108,Air India,MAA,HYD,49,184,254,0,31,3
1109,Air India,DEL,HYD,1037,39,313,0,61,33
1110,Emirates,HYD,DEL,1157,285,3,0,27,3
1111,Vistara,BOM,MAA,587,86,24,0,81,69
1112,Vistara,CCU,BOM,595,116,82,0,6,57
1113,Qatar Airways,CCU,CCU,1366,235,-12,0,53,85
1114,IndiGo,HYD,BOM,669,76,17,0,101,3
1115,Qatar Airways,HYD,MAA,1309,66,283,0,69,49
1116,Go First,DEL,HYD,313,193,149,0,13,4
1117,SpiceJet,MAA,BOM,605,135,11,0,93,74
1118,Air India,BLR,BLR,296,138,157,0,54,44
1119,Qatar Airways,CCU,BLR,568,100,97,0,57,34
1120,IndiGo,CCU,DEL,1187,118,79,0,43,82
1121,IndiGo,HYD,MAA,831,242,303,0,45,74
1122,Qatar Airways,MAA,MAA,609,155,217,0,13,74
1123,Emirates,CCU,BOM,15,286,118,0,43,26
1124,Air India,BLR,HYD,1367,126,108,0,40,1
1125,Emirates,HYD,MAA,1101,268,307,0,72,53
1126,SpiceJet,BLR,BOM,1369,0,100,0,94,71
1127,IndiGo,MAA,BOM,71,60,-3,0,1,97
1128,IndiGo,CCU,CCU,269,148,304,0,81,83
1129,Go First,BOM,CCU,286,205,149,0,4,86
1130,SpiceJet,CCU,MAA,65,15,192,0,89,78
1131,IndiGo,MAA,BOM,879,275,69,0,86,47
1132,SpiceJet,CCU,DEL,67,151,232,0,11,76
1133,Air India,CCU,DEL,1216,91,40,0,77,94
1134,Vistara,DEL,CCU,1078,58,156,0,76,48
1135,IndiGo,CCU,MAA,979,122,125,0,98,77
1136,Go First,CCU,HYD,1402,178,116,0,46,0
1137,Air India,BLR,DEL,973,200,185,0,78,90
1138,Qatar Airways,BOM,DEL,1191,232,273,0,34,32
1139,SpiceJet,BLR,CCU,1432,155,293,0,115,34
1140,Qatar Airways,BLR,CCU,507,50,163,0,18,53
1141,Emirates,HYD,MAA,836,268,13,0,78,55
1142,Air India,DEL,CCU,1125,102,291,0,62,14
1143,Qatar Airways,BLR,BLR,885,19,290,0,114,68
1144,IndiGo,MAA,BOM,793,150,20,0,7,3
1145,SpiceJet,MAA,DEL,421,223,93,0,22,83
1146,Vistara,CCU,BLR,774,159,300,0,12,63
1147,Air India,HYD,HYD,477,175,130,0,22,21
1148,IndiGo,DEL,BLR,925,46,260,0,30,23
1149,Go First,DEL,MAA,119,229,130,0,29,46
1150,Emirates,CCU,HYD,1314,246,152,0,41,74
1151,SpiceJet,MAA,HYD,487,190,241,0,1,5
1152,Air India,BOM,CCU,1184,291,259,0,10,26
1153,Air India,HYD,BLR,77,95,71,0,24,9
1154,Vistara,CCU,MAA,1061,279,138,0,28,38
1155,Vistara,HYD,DEL,1417,90,269,0,21,73
1156,Go First,MAA,CCU,440,86,299,0,18,89
1157,Emirates,MAA,BLR,461,142,303,0,72,36
1158,Go First,BOM,DEL,611,18,82,0,40,53
1159,IndiGo,BOM,BLR,1317,142,195,0,37,96
1160,IndiGo,DEL,CCU,1423,62,32,0,28,50
1161,Go First,HYD,DEL,916,243,302,0,73,59
1162,Emirates,HYD,CCU,1115,-7,258,0,21,71
1163,Go First,MAA,BLR,608,226,178,0,87,50
1164,Emirates,DEL,HYD,5,27,236,0,7,61
1165,Emirates,CCU,BOM,680,9,267,0,46,48
1166,Qatar Airways,HYD,HYD,894,102,246,0,5,50
1167,SpiceJet,DEL,CCU,270,12,246,0,6,27
1168,Emirates,DEL,CCU,810,125,15,0,83,35
1169,Vistara,MAA,CCU,558,237,89,0,80,24
1170,Emirates,DEL,DEL,98,290,296,0,35,35
1171,Emirates,BOM,MAA,525,86,153,1,7,76
1172,Emirates,BOM,CCU,193,22,220,0,76,59
1173,Qatar Airways,BLR,HYD,1180,124,258,0,87,6
1174,Qatar Airways,MAA,BOM,1138,244,214,0,45,64
1175,IndiGo,CCU,CCU,395,267,7,0,113,72
1176,Qatar Airways,BLR,CCU,769,122,148,0,63,91
1177,Vistara,BOM,CCU,1023,227,265,0,30,35
1178,Vistara,BLR,DEL,879,4,-9,0,22,93
1179,Qatar Airways,MAA,CCU,1237,266,194,0,60,72
1180,Go First,MAA,HYD,744,115,237,0,80,29
1181,SpiceJet,DEL,BLR,682,6,117,0,49,98
1182,Qatar Airways,HYD,MAA,14,39,258,0,45,46
1183,Emirates,DEL,CCU,367,124,90,0,87,90
1184,Air India,MAA,DEL,637,107,216,0,42,28
1185,SpiceJet,BOM,HYD,852,295,17,0,9,4
1186,SpiceJet,CCU,CCU,1236,49,63,0,94,64
1187,Vistara,BOM,DEL,699,114,19,0,108,68
1188,SpiceJet,DEL,BLR,4,105,94,0,19,62
1189,Qatar Airways,CCU,BOM,230,162,305,0,15,92
1190,Emirates,MAA,CCU,1224,176,47,0,77,55
1191,Emirates,BOM,HYD,1425,77,312,0,2,16
1192,IndiGo,MAA,DEL,1172,192,281,0,29,50
1193,Emirates,CCU,DEL,1011,171,162,0,17,36
1194,Emirates,CCU,CCU,1249,157,216,0,58,87
1195,Vistara,BOM,DEL,585,170,88,0,69,90
1196,Emirates,MAA,BOM,168,289,278,0,83,8
1197,IndiGo,BLR,DEL,760,119,19,0,34,37
1198,Air India,MAA,MAA,791,138,178,0,18,52
1199,Qatar Airways,CCU,MAA,999,295,158,0,25,12
1200,Vistara,MAA,DEL,151,198,86,0,34,89
1201,Air India,DEL,CCU,1015,100,308,0,75,52
1202,Vistara,BLR,MAA,223,126,277,1,71,74
1203,Go First,HYD,HYD,503,200,69,0,56,87
1204,SpiceJet,DEL,MAA,43,135,185,0,100,96
1205,Go First,HYD,DEL,696,73,157,0,48,48
1206,Emirates,BOM,CCU,503,19,13,0,9,69
1207,Air India,HYD,BLR,1264,54,281,0,84,34
1208,Emirates,MAA,CCU,929,13,40,1,112,15
1209,SpiceJet,HYD,CCU,842,200,0,0,104,12
1210,Vistara,CCU,CCU,350,211,124,0,108,10
1211,SpiceJet,DEL,HYD,22,79,50,0,105,86
1212,IndiGo,DEL,BOM,597,95,131,0,28,1
1213,SpiceJet,HYD,DEL,1066,161,142,0,94,93
1214,IndiGo,DEL,BOM,465,219,53,0,103,18
1215,SpiceJet,CCU,BLR,39,66,7,1,70,44
1216,Qatar Airways,DEL,BOM,302,57,174,0,97,45
1217,IndiGo,HYD,DEL,174,81,232,0,97,46
1218,Air India,BLR,DEL,998,77,293,0,93,48
1219,Emirates,BLR,BLR,620,39,129,0,67,78
1220,Emirates,BOM,DEL,1216,92,289,0,104,41
1221,Go First,DEL,BLR,243,35,161,0,93,32
1222,Emirates,HYD,BLR,835,168,179,0,88,40
1223,Vistara,DEL,DEL,279,256,-3,0,77,68
1224,Qatar Airways,MAA,MAA,1059,257,150,0,23,85
1225,SpiceJet,CCU,BLR,556,-3,134,0,42,90
1226,Go First,DEL,DEL,897,254,29,0,94,98
1227,Vistara,DEL,MAA,1177,67,158,0,116,18
1228,Vistara,BLR,BLR,1046,229,151,1,38,38
1229,IndiGo,CCU,MAA,718,247,181,1,91,6
1230,Emirates,HYD,HYD,931,185,190,0,24,38
1231,Air India,DEL,CCU,90,120,66,0,82,97
1232,Air India,BLR,HYD,389,250,52,0,67,33
1233,Go First,BOM,MAA,1382,231,81,0,33,90
1234,Qatar Airways,CCU,BLR,549,160,151,0,95,43
1235,Air India,BLR,DEL,930,136,61,0,88,68
1236,SpiceJet,BLR,BOM,1251,259,221,0,118,67
1237,Air India,BLR,DEL,1225,138,180,0,85,62
1238,Go First,DEL,BOM,1373,288,275,0,52,70
1239,Air India,DEL,BOM,1061,17,120,0,91,47
1240,SpiceJet,BOM,BLR,732,138,292,0,54,2
1241,IndiGo,MAA,MAA,499,269,280,0,114,84
1242,Qatar Airways,MAA,DEL,1066,171,20,0,52,33
1243,Go First,MAA,MAA,870,155,232,0,17,8
1244,IndiGo,CCU,HYD,516,6,238,0,116,60
1245,IndiGo,CCU,BLR,67,139,198,0,6,19
1246,IndiGo,BOM,BLR,122,34,236,0,62,39
1247,Vistara,CCU,HYD,335,178,54,0,74,11
1248,Qatar Airways,MAA,DEL,1176,128,218,0,41,27
1249,Emirates,MAA,CCU,973,50,313,0,10,47
1250,Qatar Airways,BLR,HYD,778,283,0,0,118,96
1251,Vistara,CCU,DEL,1185,22,158,0,8,73
1252,Emirates,DEL,BOM,1237,288,171,1,34,74
1253,Qatar Airways,DEL,BLR,1399,101,278,0,119,6
1254,IndiGo,BLR,DEL,422,280,209,0,100,81
1255,Go First,BLR,MAA,938,26,258,0,86,82
1256,Emirates,BLR,MAA,803,89,-4,0,96,13
1257,SpiceJet,DEL,BLR,633,12,294,0,64,80
1258,SpiceJet,MAA,HYD,1253,207,203,0,83,86
1259,Air India,BLR,CCU,1082,78,-15,0,4,18
1260,Emirates,BOM,HYD,95,198,95,0,92,53
1261,Go First,BLR,DEL,1285,260,261,0,25,59
1262,Vistara,HYD,HYD,353,226,113,0,50,66
1263,IndiGo,BLR,BLR,1335,198,77,0,37,33
1264,Air India,DEL,DEL,1159,267,23,0,2,88
1265,SpiceJet,CCU,BOM,966,195,300,0,84,40
1266,Vistara,BLR,HYD,922,67,143,0,58,30
1267,Vistara,CCU,HYD,472,87,170,0,12,38
1268,IndiGo,HYD,CCU,429,83,240,0,94,77
1269,Emirates,BOM,DEL,974,69,223,0,80,51
1270,SpiceJet,CCU,MAA,536,27,88,0,34,46
1271,Go First,MAA,HYD,1169,217,13,0,86,19
1272,Vistara,BLR,BLR,86,123,73,0,2,95
1273,IndiGo,HYD,HYD,108,185,35,0,52,96
1274,Go First,HYD,CCU,1368,271,131,0,54,51
1275,Emirates,CCU,BOM,1289,90,298,0,44,94
1276,SpiceJet,BOM,CCU,993,64,20,0,65,70
1277,Emirates,DEL,HYD,1356,283,268,1,66,61
1278,Vistara,BLR,MAA,821,197,85,0,83,4
1279,Go First,HYD,HYD,1436,72,91,0,111,56
1280,Go First,BOM,DEL,936,132,275,0,116,3
1281,Go First,MAA,HYD,1004,45,89,0,43,10
1282,Vistara,HYD,MAA,648,276,205,0,72,18
1283,Vistara,BOM,DEL,190,200,60,0,111,83
1284,Emirates,DEL,BLR,932,168,211,0,67,26
1285,Air India,DEL,DEL,141,47,68,0,61,28
1286,Emirates,HYD,CCU,1096,62,60,0,24,17
1287,SpiceJet,HYD,BOM,839,204,233,0,51,36
1288,IndiGo,CCU,CCU,1190,255,239,0,49,60
1289,Go First,BLR,DEL,167,62,34,0,0,46
1290,Air India,BOM,BLR,565,260,194,0,38,88
1291,IndiGo,HYD,HYD,1282,223,142,0,51,19
1292,Air India,BLR,DEL,1134,8,312,1,75,69
1293,Qatar Airways,CCU,CCU,743,102,217,0,39,99
1294,Emirates,BLR,DEL,672,52,61,0,103,48
1295,Vistara,HYD,DEL,863,173,207,0,59,14
1296,Go First,DEL,DEL,838,266,105,0,87,17
1297,Emirates,BOM,BLR,530,151,294,0,117,37
1298,IndiGo,BOM,MAA,1313,232,311,0,72,88
1299,Qatar Airways,DEL,MAA,973,134,91,0,109,83
1300,Qatar Airways,HYD,DEL,561,135,225,0,83,21
1301,Qatar Airways,BOM,BLR,174,70,12,0,68,75
1302,IndiGo,HYD,BLR,301,32,176,0,19,59
1303,IndiGo,CCU,DEL,184,282,233,0,84,96
1304,IndiGo,HYD,CCU,1362,165,197,0,1,92
1305,IndiGo,BLR,CCU,509,58,5,0,84,65
1306,Qatar Airways,DEL,BOM,818,45,139,0,105,25
1307,Qatar Airways,HYD,DEL,1333,108,11,0,87,63
1308,Air India,CCU,BOM,1369,193,61,1,8,95
1309,Emirates,MAA,CCU,1104,44,290,0,38,57
1310,Go First,DEL,CCU,1397,27,41,1,118,2
1311,Vistara,BOM,DEL,155,232,103,0,29,29
1312,Qatar Airways,BLR,BOM,786,190,149,0,53,18
1313,Vistara,BOM,BOM,794,225,48,0,81,9
1314,Emirates,CCU,DEL,431,4,32,0,57,88
1315,Emirates,CCU,BOM,760,133,134,0,43,45
1316,Vistara,BOM,HYD,146,66,142,0,42,18
1317,Qatar Airways,DEL,CCU,480,298,140,0,9,57
1318,Vistara,BOM,MAA,434,252,135,0,108,84
1319,Air India,HYD,BLR,68,174,209,0,104,5
1320,SpiceJet,BOM,BOM,874,44,244,0,47,50
1321,Qatar Airways,BLR,BOM,185,297,240,0,84,13
1322,Qatar Airways,BLR,BLR,903,-7,45,0,85,57
1323,Go First,MAA,BOM,681,288,244,0,16,7
1324,IndiGo,BLR,BLR,203,29,305,0,4,1
1325,SpiceJet,BOM,DEL,553,219,146,0,69,17
1326,Emirates,BLR,HYD,12,275,15,0,73,85
1327,Qatar Airways,DEL,HYD,665,127,55,0,63,56
1328,Vistara,BLR,CCU,1297,92,-14,0,106,93
1329,SpiceJet,HYD,MAA,1321,-4,34,0,65,99
1330,Go First,DEL,BOM,50,153,119,0,70,91
1331,Emirates,MAA,MAA,499,265,130,1,109,34
1332,IndiGo,HYD,DEL,368,38,163,0,3,65
1333,IndiGo,BOM,HYD,723,85,248,0,100,55
1334,Go First,BOM,DEL,356,48,295,0,82,99
1335,Go First,BOM,DEL,1026,220,188,0,116,81
1336,Vistara,HYD,BOM,1277,166,283,0,27,42
1337,Qatar Airways,HYD,DEL,846,79,171,0,83,72
1338,IndiGo,HYD,HYD,255,271,14,0,93,91
1339,Emirates,DEL,MAA,1173,25,43,0,105,71
1340,SpiceJet,CCU,HYD,278,160,-7,0,37,7
1341,Emirates,DEL,BOM,1082,115,308,0,65,4
1342,Air India,BOM,HYD,445,288,151,1,66,12
1343,Air India,CCU,BLR,112,193,263,0,59,6
1344,Go First,BLR,MAA,835,278,175,0,46,20
1345,Vistara,BOM,BLR,754,86,226,0,105,92
1346,Air India,MAA,BLR,1430,227,262,0,112,36
1347,IndiGo,DEL,CCU,366,162,138,0,102,44
1348,Emirates,HYD,BOM,1083,290,144,0,24,51
1349,Emirates,DEL,DEL,328,77,249,0,65,47
1350,Go First,HYD,BLR,727,6,219,0,102,61
1351,Qatar Airways,CCU,HYD,1005,129,183,0,78,77
1352,Qatar Airways,MAA,DEL,719,243,17,0,66,50
1353,SpiceJet,CCU,HYD,1086,267,73,1,68,3
1354,Go First,MAA,HYD,183,140,79,0,117,85
1355,SpiceJet,DEL,DEL,1022,129,205,0,39,55
1356,Qatar Airways,HYD,DEL,310,103,53,0,99,74
1357,Go First,CCU,HYD,176,57,278,0,49,33
1358,Go First,MAA,BOM,1096,168,221,1,114,44
1359,Go First,BOM,MAA,846,114,144,0,39,15
1360,Qatar Airways,BOM,CCU,1190,222,304,0,118,8
1361,SpiceJet,CCU,MAA,1248,136,312,1,101,79
1362,SpiceJet,HYD,BOM,8,100,260,0,36,15
1363,Go First,CCU,CCU,235,227,274,0,90,94
1364,Air India,DEL,DEL,709,-8,26,0,68,30
1365,Vistara,MAA,CCU,923,200,50,0,16,12
1366,Qatar Airways,DEL,HYD,684,14,5,0,61,4
1367,Vistara,BOM,MAA,793,173,319,0,101,46
1368,Vistara,MAA,CCU,1051,50,54,0,108,38
1369,SpiceJet,CCU,HYD,807,112,245,0,40,17
1370,SpiceJet,DEL,BOM,26,44,230,0,119,19
1371,Air India,BLR,CCU,549,152,307,0,75,1
1372,Vistara,HYD,HYD,1219,176,219,0,41,39
1373,Vistara,HYD,BOM,1226,28,256,0,30,29
1374,Go First,BLR,DEL,84,174,83,0,32,9
1375,SpiceJet,BOM,BOM,1053,72,313,0,42,63
1376,Vistara,MAA,BOM,465,184,19,0,92,41
1377,Emirates,HYD,MAA,1122,23,155,0,101,74
1378,Air India,BLR,HYD,1213,102,94,0,66,52
1379,Emirates,CCU,CCU,11,219,279,0,37,92
1380,Emirates,BLR,MAA,1012,272,-6,0,40,52
1381,Qatar Airways,BOM,BLR,1053,276,186,0,117,39
1382,Qatar Airways,BOM,BOM,1061,144,241,0,62,15
1383,Air India,DEL,BLR,571,154,246,0,39,47
1384,Emirates,HYD,MAA,1317,171,165,0,29,60
1385,Vistara,DEL,HYD,1383,228,50,0,46,91
1386,SpiceJet,BLR,MAA,913,126,278,0,21,80
1387,Air India,MAA,HYD,179,255,145,0,101,37
1388,Go First,MAA,HYD,796,176,51,0,95,43
1389,Emirates,BOM,DEL,1135,29,84,0,54,14
1390,Air India,MAA,BOM,1044,299,61,0,42,94
1391,IndiGo,MAA,MAA,1168,156,19,1,60,60
1392,IndiGo,MAA,HYD,1169,249,29,1,73,6
1393,Qatar Airways,BLR,MAA,440,132,134,0,31,29
1394,SpiceJet,MAA,MAA,886,193,52,0,106,35
1395,Vistara,CCU,HYD,420,165,238,0,3,89
1396,SpiceJet,MAA,CCU,1339,251,1,0,92,10
1397,SpiceJet,MAA,BLR,1189,241,245,0,44,69
1398,SpiceJet,DEL,BOM,1226,189,197,0,71,28
1399,SpiceJet,BLR,BOM,467,188,297,0,19,91
1400,Go First,BOM,CCU,712,185,240,0,110,78
1401,Go First,DEL,DEL,384,66,200,0,70,92
1402,Qatar Airways,HYD,CCU,313,8,270,0,64,5
1403,Air India,BLR,DEL,770,51,-9,0,59,75
1404,IndiGo,CCU,DEL,1278,270,183,0,88,50
1405,SpiceJet,BLR,CCU,958,239,75,0,25,79
1406,Qatar Airways,HYD,BOM,916,216,131,1,72,37
1407,Air India,HYD,BLR,22,116,134,0,22,72
1408,IndiGo,HYD,BOM,338,47,36,0,39,21
1409,Emirates,BOM,BOM,822,193,227,0,1,96
1410,Vistara,MAA,BOM,365,232,203,0,25,89
1411,Go First,BLR,CCU,1395,241,-10,0,77,53
1412,Emirates,MAA,CCU,914,188,93,0,61,39
1413,IndiGo,MAA,CCU,1242,229,50,0,43,6
1414,Emirates,CCU,BOM,474,128,-6,0,30,95
1415,Vistara,HYD,BLR,1379,111,186,0,25,39
1416,Qatar Airways,BOM,DEL,26,38,266,0,118,23
1417,IndiGo,CCU,MAA,941,293,198,0,112,40
1418,Emirates,DEL,DEL,801,104,52,0,82,50
1419,Go First,BOM,DEL,800,240,231,0,101,38
1420,Go First,MAA,MAA,859,-4,311,0,116,82
1421,Air India,BOM,BOM,1246,208,34,0,4,42
1422,Emirates,HYD,BLR,863,66,1,0,69,68
1423,SpiceJet,DEL,BLR,689,168,-5,0,34,93
1424,Emirates,HYD,DEL,1171,134,293,0,15,58
1425,Qatar Airways,DEL,MAA,738,143,290,0,30,24
1426,IndiGo,CCU,HYD,1374,110,108,0,81,93
1427,IndiGo,MAA,BOM,1209,113,209,0,13,24
1428,Qatar Airways,DEL,DEL,414,139,228,0,24,72
1429,Emirates,DEL,BLR,981,257,302,0,78,90
1430,Qatar Airways,DEL,CCU,428,-10,316,0,89,23
1431,Vistara,BOM,CCU,40,150,13,0,99,61
1432,Qatar Airways,CCU,MAA,904,233,269,0,74,42
1433,Go First,BOM,MAA,1011,240,43,0,100,58
1434,Qatar Airways,MAA,DEL,1416,53,127,0,104,53
1435,IndiGo,DEL,HYD,702,288,310,0,100,78
1436,Go First,CCU,BLR,78,237,284,0,70,25
1437,IndiGo,CCU,DEL,716,286,210,0,17,53
1438,Air India,BLR,HYD,543,104,148,0,49,60
1439,SpiceJet,MAA,MAA,473,284,68,0,19,93
1440,IndiGo,CCU,CCU,1165,-10,297,0,55,74
1441,Go First,DEL,BOM,1274,30,101,0,1,92
1442,Air India,DEL,CCU,293,162,304,0,25,78
1443,IndiGo,CCU,BLR,609,77,188,0,22,43
1444,Vistara,BOM,BLR,135,87,278,0,31,8
1445,Qatar Airways,MAA,CCU,483,77,129,0,12,41
1446,SpiceJet,DEL,CCU,1335,240,11,0,12,28
1447,IndiGo,CCU,HYD,813,130,1,0,16,78
1448,Air India,DEL,DEL,554,60,47,0,88,80
1449,Vistara,CCU,MAA,45,126,251,0,57,79
1450,Emirates,MAA,HYD,1259,88,48,0,85,57
1451,Air India,CCU,BOM,1071,140,23,0,26,85
1452,Qatar Airways,BLR,CCU,197,164,114,0,16,62
1453,Air India,CCU,BOM,83,156,99,0,89,48
1454,Vistara,CCU,BOM,542,246,29,0,37,10
1455,Air India,MAA,HYD,1184,213,200,0,13,88
1456,Vistara,CCU,MAA,70,54,72,0,116,53
1457,IndiGo,MAA,BLR,519,58,161,0,13,29
1458,Vistara,BLR,DEL,897,56,249,0,11,65
1459,Vistara,MAA,BLR,912,39,89,0,68,64
1460,SpiceJet,DEL,MAA,1075,298,318,0,100,57
1461,Vistara,MAA,BLR,1068,80,285,0,67,56
1462,Vistara,BLR,CCU,292,104,155,0,54,36
1463,Emirates,HYD,CCU,937,46,92,0,62,53
1464,IndiGo,CCU,HYD,811,7,145,0,28,72
1465,Qatar Airways,MAA,BOM,866,261,267,1,88,68
1466,SpiceJet,CCU,MAA,379,119,24,0,44,23
1467,Emirates,BOM,MAA,1006,258,10,0,3,62
1468,Go First,DEL,BLR,261,69,67,0,113,90
1469,IndiGo,DEL,HYD,579,288,157,0,15,93
1470,IndiGo,BOM,BLR,1202,299,157,0,113,50
1471,Go First,BOM,BLR,356,191,266,0,65,14
1472,Qatar Airways,MAA,MAA,697,214,54,0,22,46
1473,Vistara,BOM,BLR,1224,148,307,0,67,72
1474,Emirates,HYD,BOM,1036,193,-10,0,19,45
1475,Air India,CCU,BLR,442,126,268,0,16,29
1476,SpiceJet,CCU,BOM,725,62,179,0,51,78
1477,Air India,BLR,MAA,285,37,-3,0,5,19
1478,Go First,BOM,HYD,1281,7,47,0,81,56
1479,IndiGo,BOM,CCU,569,256,-3,0,83,48
1480,Qatar Airways,HYD,BOM,839,8,233,0,38,55
1481,IndiGo,DEL,HYD,497,89,189,0,108,55
1482,SpiceJet,DEL,HYD,704,105,237,0,104,24
1483,IndiGo,CCU,BOM,1356,63,24,1,33,8
1484,IndiGo,CCU,MAA,561,269,149,0,103,21
1485,SpiceJet,MAA,DEL,31,258,15,1,109,76
1486,Emirates,HYD,HYD,42,114,1,0,53,36
1487,Emirates,BLR,HYD,1374,105,121,0,87,27
1488,SpiceJet,BLR,MAA,1357,163,304,0,81,13
1489,Qatar Airways,HYD,MAA,558,170,297,0,93,29
1490,Go First,BLR,BLR,269,215,149,0,64,38
1491,IndiGo,DEL,MAA,1436,146,265,0,86,56
1492,Qatar Airways,BLR,HYD,942,153,207,0,28,4
1493,IndiGo,BLR,BOM,1042,60,106,0,40,11
1494,Go First,HYD,DEL,1370,211,62,0,104,34
1495,Emirates,HYD,BLR,36,115,297,1,62,40
1496,Qatar Airways,BLR,BOM,91,134,311,0,31,62
1497,Vistara,BOM,DEL,184,165,72,0,65,41
1498,Vistara,HYD,DEL,727,141,97,0,111,64
1499,Vistara,MAA,DEL,1051,171,84,1,99,64
1500,Emirates,MAA,CCU,371,74,287,0,44,42
1501,Emirates,DEL,BOM,831,110,223,1,16,59
1502,Go First,BLR,BLR,344,118,95,0,42,19
1503,IndiGo,BOM,BLR,1219,-5,74,0,118,97
1504,Go First,DEL,DEL,77,172,123,0,65,97
1505,Go First,BLR,BOM,166,27,119,0,67,62
1506,Emirates,HYD,CCU,1113,105,-4,0,107,23
1507,Vistara,MAA,DEL,263,91,228,0,33,91
1508,Air India,CCU,MAA,1231,-3,166,0,0,74
1509,IndiGo,BOM,BLR,723,207,179,0,22,71
1510,Emirates,CCU,HYD,1294,196,106,0,5,34
1511,Vistara,MAA,DEL,1286,67,37,0,15,40
1512,Qatar Airways,CCU,MAA,511,44,157,0,1,15
1513,Air India,HYD,BLR,575,293,163,0,109,79
1514,Air India,BLR,CCU,721,217,277,0,115,5
1515,Emirates,HYD,BOM,1335,77,43,0,75,19
1516,SpiceJet,CCU,BLR,1197,-1,38,0,26,55
1517,IndiGo,HYD,BOM,430,297,241,0,18,74
1518,Air India,MAA,BOM,767,279,229,0,27,7
1519,Emirates,BOM,CCU,462,153,133,0,34,83
1520,Emirates,HYD,CCU,100,228,268,0,114,95
1521,Vistara,MAA,DEL,1039,133,0,0,106,96
1522,Qatar Airways,BOM,DEL,1281,7,160,0,67,5
1523,SpiceJet,BLR,BLR,243,60,12,0,48,91
1524,IndiGo,CCU,CCU,1371,164,113,0,112,7
1525,Go First,BLR,MAA,1272,277,207,0,6,61
1526,Qatar Airways,DEL,BLR,104,288,228,1,36,13
1527,Qatar Airways,MAA,HYD,693,237,222,0,114,2
1528,Vistara,BOM,BOM,1310,182,216,0,24,1
1529,Air India,HYD,BOM,1192,295,310,0,116,21
1530,Air India,BLR,DEL,1070,257,76,0,114,96
1531,Vistara,BOM,MAA,1066,193,-13,0,40,84
1532,Emirates,MAA,CCU,1344,112,65,0,80,69
1533,Air India,DEL,CCU,817,47,28,0,61,70
1534,SpiceJet,BLR,DEL,220,190,139,0,40,5
1535,IndiGo,CCU,HYD,143,101,8,0,13,49
1536,Qatar Airways,BOM,BLR,889,117,83,0,100,43
1537,Qatar Airways,CCU,BLR,1051,25,155,0,53,7
1538,SpiceJet,BOM,MAA,789,223,132,0,1,23
1539,Air India,BOM,DEL,552,299,107,0,87,26
1540,Qatar Airways,MAA,DEL,843,36,96,1,78,52
1541,Go First,MAA,HYD,658,104,114,0,47,50
1542,IndiGo,MAA,BLR,836,244,52,0,50,27
1543,IndiGo,HYD,DEL,1018,212,300,0,96,58
1544,Qatar Airways,BOM,CCU,1190,113,201,0,54,68
1545,Vistara,BLR,MAA,750,149,80,0,11,82
1546,Qatar Airways,CCU,BLR,248,85,129,0,82,72
1547,Vistara,MAA,HYD,774,96,17,0,115,24
1548,Qatar Airways,MAA,MAA,763,109,270,0,110,43
1549,Go First,CCU,BOM,1380,90,-11,0,68,46
1550,Emirates,CCU,CCU,1134,92,102,0,0,12
1551,IndiGo,BOM,HYD,691,155,124,0,106,52
1552,Qatar Airways,MAA,MAA,819,175,214,0,58,52
1553,Go First,CCU,DEL,718,21,144,0,72,36
1554,Vistara,HYD,BOM,233,55,278,1,102,62
1555,Vistara,HYD,HYD,23,168,233,0,33,65
1556,IndiGo,MAA,DEL,1049,256,257,0,92,39
1557,SpiceJet,CCU,CCU,1404,26,170,0,112,77
1558,Qatar Airways,BOM,BOM,1005,190,24,0,111,60
1559,Air India,BOM,BLR,1369,38,208,0,111,94
1560,Vistara,BOM,DEL,1401,264,136,0,45,5
1561,Emirates,DEL,MAA,521,157,124,0,58,24
1562,Emirates,MAA,HYD,16,252,112,0,65,45
1563,Vistara,BOM,BOM,244,122,131,0,18,30
1564,SpiceJet,HYD,DEL,717,287,269,1,27,79
1565,SpiceJet,CCU,BLR,769,165,202,0,98,62
1566,Go First,BLR,HYD,716,0,204,0,39,90
1567,Emirates,BLR,HYD,1225,190,129,0,116,93
1568,Go First,BOM,DEL,1271,286,313,0,56,67
1569,Emirates,BLR,BLR,117,-8,261,0,50,38
1570,Qatar Airways,BLR,CCU,8,203,226,0,111,79
1571,Qatar Airways,DEL,CCU,597,285,44,0,21,35
1572,Air India,HYD,BOM,22,296,82,0,67,6
1573,Qatar Airways,HYD,DEL,239,21,315,0,7,84
1574,Air India,DEL,BOM,26,37,165,0,59,65
1575,Qatar Airways,DEL,CCU,983,241,98,0,64,54
1576,IndiGo,BLR,HYD,1104,188,87,0,35,71
1577,Qatar Airways,MAA,BOM,198,78,303,0,70,41
1578,Go First,CCU,BLR,774,98,41,0,88,26
1579,Vistara,CCU,MAA,91,280,269,0,28,1
1580,Go First,BLR,CCU,850,97,113,0,64,69
1581,Vistara,CCU,CCU,1107,29,299,0,55,3
1582,SpiceJet,DEL,BLR,299,41,70,0,81,20
1583,Go First,HYD,BOM,295,101,184,0,3,0
1584,SpiceJet,CCU,DEL,646,284,55,0,83,37
1585,Air India,BLR,HYD,1304,57,82,1,109,59
1586,Air India,MAA,MAA,1000,178,284,0,71,75
1587,IndiGo,BLR,DEL,1082,198,160,0,90,90
1588,Qatar Airways,BOM,DEL,908,54,217,0,49,13
1589,Go First,BLR,BLR,870,51,59,0,38,78
1590,SpiceJet,DEL,BOM,1365,247,127,0,34,87
1591,Vistara,HYD,CCU,752,123,7,0,24,81
1592,Air India,HYD,CCU,341,111,165,0,116,16
1593,Qatar Airways,CCU,BLR,61,160,29,0,77,72
1594,Air India,DEL,BOM,775,199,76,0,43,46
1595,Vistara,BOM,BLR,624,285,253,0,46,81
1596,Qatar Airways,DEL,CCU,255,78,18,0,39,55
1597,Qatar Airways,BLR,DEL,827,156,150,1,30,52
1598,SpiceJet,DEL,HYD,1013,17,54,0,68,17
1599,SpiceJet,DEL,BOM,1370,227,180,0,80,68
1600,Go First,BOM,MAA,1327,52,117,0,73,47
1601,Go First,BLR,MAA,614,244,231,0,42,8
1602,Emirates,MAA,DEL,244,30,152,0,54,53
1603,Emirates,MAA,BLR,756,18,261,0,15,34
1604,IndiGo,HYD,BLR,823,268,140,0,111,45
1605,Air India,CCU,CCU,779,69,7,0,67,0
1606,Go First,DEL,DEL,731,40,184,0,118,40
1607,SpiceJet,HYD,CCU,1435,101,259,0,68,72
1608,Vistara,BOM,CCU,877,290,34,0,41,31
1609,SpiceJet,MAA,MAA,1240,79,170,0,109,83
1610,Air India,DEL,CCU,515,218,4,0,40,76
1611,Emirates,BOM,CCU,473,139,100,0,49,39
1612,SpiceJet,CCU,MAA,35,232,76,0,83,10
1613,IndiGo,BOM,BLR,1201,127,37,0,5,61
1614,Air India,DEL,BOM,1410,124,107,0,74,45
1615,Emirates,CCU,HYD,1040,78,249,0,52,47
1616,Vistara,BOM,CCU,829,4,-12,0,16,42
1617,Emirates,CCU,BOM,1071,163,153,0,104,50
1618,Qatar Airways,DEL,MAA,1085,79,265,0,56,60
1619,IndiGo,DEL,BOM,1092,202,274,0,66,41
1620,Air India,CCU,HYD,365,50,57,0,15,25
1621,Vistara,BLR,BOM,1185,209,121,0,51,10
1622,IndiGo,HYD,BOM,944,50,240,0,99,24
1623,Emirates,BOM,BOM,975,296,125,0,89,39
1624,IndiGo,BOM,BOM,430,155,192,0,87,24
1625,Air India,BLR,DEL,858,1,244,0,117,83
1626,Go First,BLR,CCU,229,205,247,0,110,74
1627,IndiGo,BLR,MAA,369,66,255,0,33,73
1628,Qatar Airways,MAA,HYD,177,221,22,0,83,51
1629,IndiGo,MAA,MAA,1433,101,187,0,80,2
1630,Emirates,CCU,DEL,567,55,208,0,114,38
1631,Emirates,MAA,DEL,1293,171,36,0,19,90
1632,Vistara,DEL,DEL,1229,193,65,0,79,34
1633,Emirates,CCU,CCU,792,195,195,0,55,39
1634,SpiceJet,BOM,DEL,899,275,-9,0,50,94
1635,Air India,HYD,BOM,974,94,29,0,52,84
1636,Air India,DEL,MAA,81,231,299,0,48,21
1637,Go First,BOM,BLR,845,224,261,0,3,61
1638,Go First,BOM,HYD,761,165,243,0,17,18
1639,Air India,CCU,DEL,1216,200,126,0,35,13
1640,Qatar Airways,BLR,MAA,617,20,242,0,116,49
1641,Go First,BLR,DEL,1212,224,269,0,34,61
1642,Vistara,DEL,CCU,1299,231,21,0,29,86
1643,Emirates,BLR,DEL,1097,142,29,0,117,89
1644,Air India,BOM,DEL,1033,185,104,0,62,42
1645,Go First,BLR,DEL,215,258,30,0,81,54
1646,Air India,MAA,DEL,289,159,124,0,20,39
1647,SpiceJet,BLR,HYD,444,221,37,0,51,11
1648,IndiGo,BOM,MAA,922,173,285,1,95,64
1649,Emirates,CCU,CCU,551,264,272,0,68,33
1650,Air India,DEL,DEL,192,21,258,0,40,82
1651,IndiGo,HYD,DEL,288,166,253,1,53,22
1652,Go First,BLR,DEL,582,54,263,0,86,70
1653,IndiGo,BOM,DEL,1167,187,46,0,29,6
1654,Emirates,HYD,BOM,1412,16,38,0,90,64
1655,Air India,HYD,BOM,1430,140,53,0,55,17
1656,SpiceJet,MAA,BLR,1393,292,226,0,78,7
1657,Qatar Airways,HYD,DEL,856,257,254,0,40,88
1658,Go First,CCU,BLR,780,74,236,0,13,41
1659,Air India,BOM,HYD,895,55,268,0,20,92
1660,Emirates,BOM,BLR,919,122,55,0,119,86
1661,Go First,BLR,MAA,563,71,307,0,97,92
1662,Vistara,BLR,BOM,12,87,84,0,89,0
1663,IndiGo,BLR,BOM,986,62,45,0,24,78
1664,Qatar Airways,CCU,DEL,339,19,87,0,49,14
1665,Emirates,HYD,DEL,864,114,103,0,108,27
1666,Vistara,HYD,HYD,311,199,1,0,94,35
1667,Air India,MAA,CCU,732,261,289,0,52,95
1668,SpiceJet,CCU,HYD,1127,202,175,0,47,45
1669,Go First,BLR,MAA,338,122,196,0,69,76
1670,IndiGo,DEL,DEL,1221,146,62,0,47,20
1671,Go First,MAA,DEL,299,36,30,0,3,48
1672,Qatar Airways,DEL,HYD,358,11,77,0,23,38
1673,Air India,HYD,HYD,1391,72,-3,0,105,37
1674,Go First,MAA,HYD,168,223,212,0,30,8
1675,IndiGo,MAA,BOM,1172,49,285,0,82,19
1676,Air India,BOM,BLR,760,177,1,0,74,83
1677,Go First,HYD,BLR,767,47,287,0,28,7
1678,SpiceJet,HYD,DEL,981,248,46,0,4,13
1679,Emirates,CCU,BOM,41,151,27,0,81,61
1680,Air India,MAA,HYD,201,290,52,0,66,83
1681,Emirates,HYD,DEL,969,295,196,1,103,34
1682,Air India,MAA,BOM,1267,-9,187,0,74,54
1683,SpiceJet,CCU,MAA,463,260,198,0,84,44
1684,Emirates,CCU,CCU,448,132,93,0,93,20
1685,Vistara,BOM,BOM,912,177,268,0,82,52
1686,IndiGo,MAA,DEL,797,213,78,0,52,53
1687,Vistara,HYD,BLR,793,169,209,0,88,85
1688,Go First,HYD,HYD,436,12,209,0,63,42
1689,SpiceJet,MAA,CCU,530,26,223,0,34,5
1690,Vistara,MAA,MAA,564,96,102,0,11,54
1691,Air India,MAA,CCU,1296,286,75,0,46,43
1692,Go First,BLR,CCU,871,218,273,0,89,90
1693,Go First,HYD,BOM,212,86,265,0,54,67
1694,Vistara,CCU,DEL,948,270,3,0,119,3
1695,Vistara,HYD,DEL,1127,99,159,0,111,62
1696,SpiceJet,BLR,CCU,191,26,90,0,68,91
1697,IndiGo,MAA,HYD,1403,29,273,0,82,90
1698,Vistara,BOM,DEL,1104,74,232,0,90,57
1699,Qatar Airways,MAA,CCU,704,291,307,0,37,53
1700,Vistara,MAA,DEL,548,177,126,0,28,80
1701,Emirates,BLR,HYD,1400,229,282,0,11,37
1702,Air India,HYD,MAA,153,8,177,0,18,59
1703,Qatar Airways,MAA,CCU,570,250,287,0,8,51
1704,Qatar Airways,HYD,BLR,239,147,275,0,81,28
1705,Emirates,DEL,BLR,373,293,316,0,28,39
1706,Emirates,CCU,CCU,804,101,192,0,2,70
1707,Go First,HYD,BOM,798,133,232,0,86,7
1708,IndiGo,BOM,MAA,1227,245,126,0,29,96
1709,Air India,CCU,BOM,610,7,295,0,109,95
1710,SpiceJet,BOM,BLR,1373,173,206,0,57,34
1711,Qatar Airways,MAA,HYD,687,276,209,0,87,81
1712,SpiceJet,CCU,CCU,773,120,168,0,52,15
1713,Vistara,HYD,DEL,142,270,289,0,100,17
1714,Vistara,CCU,BLR,1212,234,172,0,100,58
1715,SpiceJet,MAA,MAA,271,-3,97,0,3,88
1716,Vistara,BLR,BLR,1323,182,165,0,56,33
1717,IndiGo,BOM,MAA,425,-4,183,0,53,3
1718,Emirates,MAA,MAA,45,125,54,0,27,68
1719,Vistara,BLR,CCU,94,8,70,0,15,77
1720,Go First,CCU,MAA,63,128,23,0,12,64
1721,Vistara,CCU,BOM,412,166,115,0,71,60
1722,Air India,MAA,HYD,1032,0,-6,0,55,85
1723,IndiGo,HYD,BLR,458,30,-13,0,52,45
1724,Air India,CCU,HYD,1432,103,286,0,47,20
1725,Air India,HYD,DEL,469,169,134,0,24,76
1726,Go First,HYD,BLR,809,183,51,0,65,99
1727,IndiGo,HYD,HYD,505,185,177,0,29,92
1728,IndiGo,DEL,HYD,1096,214,81,0,103,37
1729,IndiGo,BLR,CCU,83,250,3,0,2,72
1730,IndiGo,BLR,CCU,58,105,302,0,22,96
1731,IndiGo,CCU,DEL,1044,139,82,0,28,85
1732,Go First,CCU,MAA,917,107,41,0,40,80
1733,Vistara,HYD,BLR,156,154,91,0,93,59
1734,Air India,DEL,CCU,1352,241,72,1,10,86
1735,IndiGo,HYD,BLR,575,256,125,0,20,35
1736,Qatar Airways,DEL,DEL,836,33,128,0,90,5
1737,Vistara,HYD,CCU,679,170,36,0,23,38
1738,Vistara,BOM,CCU,202,66,196,0,115,28
1739,Air India,BOM,MAA,1129,105,25,0,94,26
1740,Go First,MAA,BLR,1145,56,288,0,93,68
1741,SpiceJet,HYD,BLR,317,2,75,0,64,8
1742,SpiceJet,CCU,BLR,1205,81,23,0,0,23
1743,Vistara,BLR,MAA,1339,235,-3,0,53,62
1744,Emirates,MAA,CCU,405,256,80,0,71,18
1745,Emirates,CCU,DEL,985,128,93,0,111,96
1746,Air India,BOM,BLR,948,233,88,0,105,29
1747,SpiceJet,HYD,HYD,1093,262,215,0,33,57
1748,Vistara,MAA,MAA,1183,293,27,0,79,39
1749,Go First,HYD,BOM,1263,180,193,0,90,67
1750,SpiceJet,BOM,DEL,1161,86,72,0,67,31
1751,Vistara,MAA,HYD,494,194,77,0,82,64
1752,Vistara,BOM,BLR,678,126,158,0,28,33
1753,IndiGo,DEL,BOM,1270,66,110,0,104,84
1754,Go First,BOM,DEL,1266,26,93,0,2,30
1755,IndiGo,HYD,MAA,1359,275,31,0,10,58
1756,Air India,BLR,BOM,834,292,198,0,7,77
1757,IndiGo,BOM,CCU,193,124,76,0,61,25
1758,Qatar Airways,CCU,BOM,307,131,165,0,102,21
1759,IndiGo,BLR,HYD,505,243,25,0,32,33
1760,Qatar Airways,DEL,DEL,280,37,243,0,7,96
1761,SpiceJet,MAA,HYD,674,244,105,0,24,12
1762,Emirates,MAA,HYD,932,123,61,0,87,95
1763,Vistara,BLR,BLR,714,279,79,0,25,54
1764,Qatar Airways,MAA,MAA,607,197,253,0,25,7
1765,Go First,BOM,BOM,482,90,2,0,16,61
1766,IndiGo,BLR,DEL,1246,35,277,0,90,21
1767,Qatar Airways,HYD,CCU,116,59,155,0,28,55
1768,Go First,BOM,MAA,967,125,146,0,42,83
1769,Emirates,BOM,MAA,191,269,295,0,102,20
1770,Emirates,BOM,DEL,787,56,36,0,72,97
1771,IndiGo,HYD,MAA,617,-7,20,0,77,48
1772,Air India,DEL,BLR,515,213,171,0,4,93
1773,IndiGo,CCU,MAA,306,-10,232,1,49,5
1774,SpiceJet,MAA,BLR,531,279,36,0,93,34
1775,Qatar Airways,BLR,BOM,121,98,3,0,55,26
1776,Vistara,DEL,BOM,648,254,76,0,62,83
1777,Air India,BLR,HYD,591,52,123,0,56,39
1778,IndiGo,MAA,BLR,1177,255,288,1,118,13
1779,Go First,HYD,CCU,869,127,204,0,91,73
1780,Air India,BOM,BOM,1192,33,83,0,44,51
1781,Qatar Airways,BOM,MAA,58,251,220,0,36,78
1782,Air India,HYD,DEL,300,205,191,0,71,39
1783,Qatar Airways,DEL,DEL,552,110,128,0,78,42
1784,IndiGo,DEL,BLR,1140,141,183,0,117,57
1785,Qatar Airways,BLR,CCU,1150,202,287,0,91,2
1786,Air India,HYD,HYD,1428,223,307,0,35,14
1787,Go First,DEL,MAA,398,100,271,0,32,44
1788,Emirates,HYD,BLR,514,211,316,0,5,94
1789,Air India,MAA,DEL,804,215,248,0,119,10
1790,Qatar Airways,BOM,BLR,497,199,201,0,114,38
1791,Emirates,BOM,MAA,941,60,173,0,75,18
1792,Qatar Airways,BOM,CCU,527,78,28,0,70,78
1793,Go First,HYD,CCU,397,251,275,0,44,19
1794,Qatar Airways,HYD,BOM,1288,177,173,0,91,85
1795,IndiGo,BLR,MAA,1286,101,178,0,6,70
1796,Vistara,BOM,BOM,1421,228,254,0,104,55
1797,Air India,BLR,BOM,435,245,244,1,64,77
1798,Vistara,BOM,BOM,839,139,223,0,116,3
1799,Qatar Airways,BLR,BLR,359,116,96,0,23,8
1800,Go First,BLR,DEL,1152,263,53,0,44,24
1801,Air India,MAA,CCU,863,128,33,0,60,46
1802,Qatar Airways,BLR,BLR,633,92,295,0,18,98
1803,Emirates,HYD,DEL,1264,231,135,0,116,48
1804,SpiceJet,BLR,CCU,1245,106,223,0,31,26
1805,Qatar Airways,BOM,MAA,213,203,99,0,29,27
1806,Vistara,BLR,CCU,915,6,59,0,64,87
1807,Air India,DEL,CCU,591,168,82,0,31,96
1808,Vistara,CCU,CCU,134,213,95,0,56,96
1809,Air India,BOM,HYD,753,259,269,0,19,61
1810,Qatar Airways,DEL,MAA,385,123,240,1,84,15
1811,IndiGo,BOM,BLR,1326,103,302,0,82,86
1812,Emirates,HYD,BLR,1310,121,293,0,93,45
1813,Qatar Airways,CCU,DEL,1212,128,101,0,113,74
1814,Vistara,CCU,BLR,1320,221,160,0,91,45
1815,SpiceJet,HYD,BOM,388,81,212,0,95,39
1816,SpiceJet,CCU,CCU,743,256,90,0,29,82
1817,Go First,HYD,BLR,1284,88,223,0,86,33
1818,Air India,DEL,DEL,703,196,84,0,90,86
1819,Vistara,MAA,DEL,924,-3,160,0,100,9
1820,Go First,BOM,BOM,772,82,233,0,58,0
1821,Vistara,HYD,DEL,1136,147,60,0,89,65
1822,Air India,BOM,HYD,863,88,-13,0,61,85
1823,Qatar Airways,DEL,CCU,1059,214,65,0,66,16
1824,Qatar Airways,MAA,CCU,78,197,272,0,30,46
1825,SpiceJet,DEL,CCU,1298,62,-8,0,65,23
1826,Qatar Airways,CCU,MAA,1301,48,71,0,53,49
1827,Qatar Airways,BOM,BLR,673,276,270,0,9,84
1828,IndiGo,MAA,HYD,311,53,58,0,37,28
1829,SpiceJet,CCU,BLR,203,245,107,0,82,77
1830,Go First,MAA,HYD,984,37,278,0,30,71
1831,Emirates,CCU,BLR,16,268,127,0,28,93
1832,IndiGo,DEL,BOM,475,187,142,0,24,85
1833,Go First,HYD,DEL,1016,147,93,0,31,86
1834,Air India,BOM,DEL,209,-4,318,0,16,12
1835,IndiGo,BLR,BOM,498,237,179,0,114,63
1836,Go First,BLR,HYD,1425,221,20,0,44,27
1837,Air India,DEL,MAA,428,95,74,0,48,93
1838,SpiceJet,BOM,HYD,1101,87,280,0,86,4
1839,Emirates,BOM,DEL,1103,257,314,0,17,73
1840,Air India,DEL,MAA,1329,49,185,0,74,8
1841,Qatar Airways,BOM,BLR,57,297,30,0,51,13
1842,Vistara,HYD,MAA,1231,129,91,0,19,9
1843,Air India,DEL,HYD,1158,179,154,0,61,32
1844,Air India,HYD,BOM,993,114,130,0,12,74
1845,Emirates,BOM,BLR,521,152,162,0,87,39
1846,Vistara,DEL,HYD,580,49,45,0,42,5
1847,Qatar Airways,BOM,BLR,898,20,-13,0,83,16
1848,Go First,DEL,MAA,1106,65,66,0,114,35
1849,Go First,BOM,DEL,620,232,247,0,105,69
1850,Air India,HYD,HYD,1067,247,271,0,91,60
1851,Vistara,HYD,BOM,965,179,305,0,98,73
1852,Vistara,BOM,MAA,909,285,79,0,20,48
1853,Qatar Airways,DEL,HYD,492,166,48,0,5,68
1854,Emirates,BLR,BOM,498,277,230,0,70,82
1855,SpiceJet,HYD,HYD,1041,283,61,1,92,70
1856,Go First,HYD,MAA,604,196,243,0,52,23
1857,Emirates,CCU,HYD,947,204,77,0,86,50
1858,IndiGo,BLR,BLR,293,130,275,0,51,41
1859,Go First,BOM,MAA,1171,74,255,0,68,18
1860,Emirates,DEL,HYD,171,171,5,0,85,61
1861,Go First,CCU,DEL,530,117,46,0,8,74
1862,SpiceJet,BOM,HYD,1143,258,244,0,95,66
1863,IndiGo,MAA,BLR,65,28,221,0,117,29
1864,SpiceJet,HYD,BOM,140,12,125,0,73,37
1865,Qatar Airways,MAA,BOM,445,231,151,0,45,5
1866,IndiGo,HYD,BOM,188,96,51,0,106,98
1867,Air India,HYD,DEL,157,131,42,0,112,21
1868,Emirates,MAA,BLR,669,134,196,0,91,10
1869,IndiGo,MAA,MAA,245,269,114,1,74,71
1870,Qatar Airways,BOM,BOM,855,234,9,0,70,90
1871,Qatar Airways,CCU,BLR,943,180,-5,0,29,28
1872,SpiceJet,CCU,HYD,747,279,241,0,42,7
1873,Go First,MAA,DEL,1056,168,288,0,108,86
1874,IndiGo,BOM,BLR,1384,101,65,0,58,92
1875,Emirates,CCU,BLR,329,203,270,0,114,79
1876,IndiGo,BOM,MAA,511,127,3,0,37,34
1877,Vistara,BOM,BLR,849,189,94,0,33,71
1878,Go First,HYD,MAA,1094,-4,18,0,45,71
1879,Emirates,CCU,DEL,1336,2,272,0,91,44
1880,Emirates,CCU,DEL,78,69,316,0,31,32
1881,Air India,HYD,HYD,168,275,239,0,15,4
1882,SpiceJet,MAA,MAA,809,148,110,0,38,61
1883,Air India,HYD,MAA,982,261,193,0,0,36
1884,Emirates,CCU,BOM,179,190,118,0,97,16
1885,Go First,CCU,BOM,259,139,70,0,104,21
1886,IndiGo,MAA,HYD,1028,285,59,0,56,77
1887,IndiGo,HYD,DEL,296,282,119,0,86,31
1888,Go First,DEL,CCU,619,261,285,0,113,13
1889,Emirates,DEL,BOM,854,32,157,0,116,19
1890,Qatar Airways,MAA,BLR,359,4,197,0,19,21
1891,IndiGo,HYD,DEL,116,237,305,0,81,29
1892,Qatar Airways,HYD,CCU,356,161,3,0,81,53
1893,IndiGo,BOM,BLR,956,207,103,0,41,32
1894,IndiGo,CCU,MAA,438,126,287,0,103,4
1895,SpiceJet,BLR,DEL,1354,216,286,0,84,17
1896,SpiceJet,MAA,HYD,1211,33,269,0,71,62
1897,Vistara,BLR,MAA,1304,9,211,0,33,45
1898,Air India,BLR,MAA,1138,108,196,0,49,6
1899,Go First,MAA,BLR,1259,223,173,0,10,28
1900,Go First,HYD,MAA,1361,251,305,0,106,56
1901,Go First,MAA,BOM,521,72,135,0,114,46
1902,Vistara,BLR,DEL,198,20,207,0,42,8
1903,SpiceJet,CCU,BOM,1073,263,112,0,9,58
1904,Emirates,CCU,BLR,1165,223,232,1,7,70
1905,Qatar Airways,CCU,CCU,669,17,35,0,110,70
1906,Qatar Airways,HYD,BLR,1053,241,175,0,71,42
1907,Emirates,DEL,DEL,1105,242,221,0,18,58
1908,Vistara,MAA,MAA,30,228,6,0,64,5
1909,Emirates,CCU,HYD,1007,164,94,0,54,52
1910,Go First,MAA,BLR,332,183,311,0,51,63
1911,Air India,CCU,DEL,659,169,17,0,2,90
1912,IndiGo,HYD,HYD,176,284,111,0,52,3
1913,Qatar Airways,DEL,MAA,369,204,28,0,43,0
1914,SpiceJet,DEL,CCU,546,192,-9,0,95,69
1915,SpiceJet,CCU,BLR,534,239,112,0,47,30
1916,Vistara,HYD,CCU,1129,246,75,0,53,64
1917,SpiceJet,BOM,DEL,96,64,114,0,15,68
1918,Go First,MAA,CCU,229,191,1,0,29,18
1919,Qatar Airways,MAA,CCU,226,131,305,0,112,68
1920,Emirates,BLR,DEL,370,195,170,0,91,68
1921,Go First,HYD,DEL,1123,188,94,0,27,48
1922,Vistara,BLR,BLR,54,160,270,0,15,30
1923,Go First,CCU,CCU,1218,217,147,0,104,59
1924,Emirates,BLR,HYD,423,168,59,0,117,70
1925,Air India,DEL,DEL,314,264,183,0,50,78
1926,Vistara,MAA,MAA,1151,51,271,0,32,54
1927,Air India,BLR,CCU,31,193,166,0,24,76
1928,IndiGo,DEL,DEL,92,122,81,0,17,75
1929,Air India,HYD,HYD,518,61,35,0,25,82
1930,IndiGo,BLR,BLR,1281,67,298,0,5,76
1931,IndiGo,CCU,CCU,852,178,18,0,37,90
1932,Air India,CCU,DEL,1243,60,5,0,43,37
1933,Vistara,CCU,DEL,751,252,168,0,66,32
1934,Emirates,MAA,MAA,1129,295,277,1,42,5
1935,Go First,BLR,MAA,415,35,48,0,5,12
1936,Go First,HYD,CCU,556,213,108,0,77,76
1937,Emirates,BLR,DEL,1332,239,85,0,63,76
1938,Qatar Airways,MAA,CCU,365,65,103,0,81,19
1939,Qatar Airways,DEL,DEL,598,63,62,0,79,99
1940,IndiGo,MAA,MAA,1393,131,165,0,87,36
1941,IndiGo,CCU,HYD,330,62,183,0,12,44
1942,Vistara,DEL,BOM,688,91,174,0,64,72
1943,SpiceJet,CCU,BOM,10,83,312,0,37,80
1944,Air India,BOM,DEL,817,58,87,0,63,98
1945,IndiGo,MAA,MAA,418,54,317,0,13,58
1946,Go First,MAA,BLR,1145,182,259,0,16,51
1947,Vistara,HYD,BLR,910,51,114,0,76,17
1948,Air India,BLR,BOM,1258,9,225,0,12,24
1949,Vistara,DEL,HYD,1354,230,118,0,72,78
1950,Air India,DEL,BOM,347,192,141,0,5,86
1951,Air India,HYD,DEL,957,289,302,0,5,0
1952,Emirates,HYD,HYD,411,184,142,0,93,40
1953,IndiGo,BLR,BLR,1247,51,174,0,36,17
1954,Vistara,CCU,MAA,152,96,84,0,56,0
1955,Vistara,BLR,MAA,1235,114,36,0,52,38
1956,Emirates,MAA,DEL,91,290,33,0,45,73
1957,Go First,CCU,BOM,330,256,84,0,77,30
1958,Go First,BOM,DEL,954,191,235,0,3,70
1959,Qatar Airways,BLR,MAA,969,151,38,0,33,37
1960,IndiGo,HYD,BLR,553,291,121,0,65,7
1961,IndiGo,CCU,MAA,929,101,146,0,62,33
1962,SpiceJet,BLR,HYD,1251,21,276,0,60,72
1963,Emirates,DEL,CCU,193,87,65,0,80,88
1964,Go First,BOM,MAA,529,236,204,0,41,26
1965,Air India,MAA,MAA,844,250,69,0,77,40
1966,Vistara,DEL,CCU,1266,180,67,0,63,6
1967,IndiGo,DEL,HYD,1412,18,303,0,114,31
1968,Vistara,BOM,BOM,1299,37,51,0,16,72
1969,Vistara,MAA,MAA,638,239,218,0,60,80
1970,SpiceJet,HYD,DEL,477,215,182,0,117,98
1971,Go First,CCU,MAA,479,261,243,0,29,15
1972,IndiGo,MAA,DEL,287,142,161,0,42,1
1973,Vistara,BLR,HYD,697,274,282,0,92,42
1974,IndiGo,DEL,MAA,694,169,264,0,6,30
1975,Air India,BLR,HYD,539,291,284,0,72,79
1976,SpiceJet,HYD,HYD,329,142,113,0,45,46
1977,Air India,BLR,BOM,469,223,164,0,22,32
1978,IndiGo,MAA,MAA,848,12,276,0,35,84
1979,Qatar Airways,BLR,DEL,533,83,191,0,13,16
1980,IndiGo,HYD,DEL,466,234,278,0,19,98
1981,Go First,HYD,MAA,976,279,159,0,55,53
1982,Vistara,HYD,CCU,419,149,13,0,115,53
1983,Vistara,MAA,BOM,1145,274,163,0,80,50
1984,Air India,HYD,BOM,761,-2,25,0,31,51
1985,SpiceJet,DEL,BOM,1005,174,176,0,24,6
1986,Qatar Airways,HYD,DEL,890,284,221,0,114,53
1987,Emirates,BLR,HYD,307,124,288,0,93,92
1988,Vistara,CCU,CCU,923,99,209,0,48,10
1989,Go First,BLR,BOM,333,58,98,0,56,61
1990,Air India,CCU,DEL,953,125,262,0,26,29
1991,Air India,BLR,DEL,1349,85,1,0,26,81
1992,Emirates,MAA,HYD,1021,108,70,0,45,56
1993,Go First,BLR,MAA,788,263,301,0,94,45
1994,SpiceJet,MAA,MAA,831,166,165,0,44,79
1995,Go First,MAA,BOM,843,226,129,0,25,69
1996,SpiceJet,HYD,BOM,249,261,299,0,13,65
1997,Go First,DEL,CCU,1118,266,209,0,47,54
1998,Go First,CCU,HYD,1319,127,38,0,84,57
1999,IndiGo,HYD,BOM,183,121,288,0,91,9
2000,Air India,HYD,HYD,1283,33,52,0,14,3
2001,Go First,MAA,DEL,798,112,91,0,93,73
2002,Emirates,MAA,BOM,185,125,318,0,88,72
2003,Go First,CCU,DEL,1432,115,61,0,50,61
2004,Vistara,BLR,BLR,1092,264,11,0,53,42
2005,Air India,BLR,HYD,837,53,139,0,10,41
2006,Vistara,HYD,BLR,626,285,56,0,107,23
2007,Air India,BOM,BOM,858,221,164,0,74,4
2008,Vistara,BOM,DEL,7,40,31,1,27,98
2009,Go First,BLR,BOM,1288,126,226,0,54,67
2010,Go First,BOM,BLR,782,147,261,0,68,98
2011,IndiGo,BLR,BOM,774,45,297,0,91,76
2012,Emirates,MAA,CCU,1006,70,89,0,71,95
2013,Vistara,HYD,MAA,1394,221,79,0,25,44
2014,SpiceJet,DEL,BLR,676,117,203,0,69,58
2015,IndiGo,HYD,BOM,1106,115,154,0,31,64
2016,Vistara,BLR,DEL,210,69,267,0,47,62
2017,Vistara,BLR,BOM,1336,164,112,0,95,74
2018,IndiGo,HYD,DEL,1360,134,184,0,11,89
2019,Go First,CCU,MAA,489,115,316,0,69,66
2020,Vistara,BLR,BOM,1426,171,19,0,76,48
2021,Go First,BOM,MAA,638,208,128,0,102,76
2022,IndiGo,BOM,BLR,190,267,276,0,103,31
2023,Go First,BLR,DEL,670,72,50,0,107,49
2024,Air India,BLR,CCU,842,130,203,0,60,86
2025,SpiceJet,CCU,BLR,334,84,40,0,33,57
2026,Qatar Airways,BOM,DEL,1110,183,129,0,86,51
2027,Vistara,BLR,MAA,578,99,197,0,104,22
2028,Emirates,BLR,HYD,61,41,78,1,108,29
2029,SpiceJet,CCU,BOM,386,92,90,0,80,69
2030,Qatar Airways,CCU,MAA,1169,90,68,0,44,70
2031,Go First,HYD,DEL,152,131,120,0,111,29
2032,Vistara,CCU,DEL,618,190,130,0,59,36
2033,Go First,DEL,DEL,697,188,233,0,64,47
2034,Air India,BOM,DEL,1372,273,2,0,70,31
2035,IndiGo,HYD,BOM,177,206,109,0,12,69
2036,Vistara,DEL,BLR,846,35,-14,0,77,34
2037,Qatar Airways,BLR,CCU,486,17,316,0,116,95
2038,Qatar Airways,BLR,HYD,1270,-9,184,0,80,75
2039,Air India,HYD,BOM,1277,6,122,0,93,67
2040,Air India,CCU,DEL,499,66,187,0,47,31
2041,Vistara,BLR,BOM,540,154,266,0,110,58
2042,Go First,MAA,MAA,1375,86,287,1,48,34
2043,Emirates,HYD,CCU,12,94,14,0,97,15
2044,Qatar Airways,DEL,DEL,150,13,40,0,90,78
2045,Qatar Airways,HYD,HYD,1073,189,103,0,57,51
2046,Air India,BOM,DEL,1238,24,116,0,88,65
2047,SpiceJet,CCU,CCU,990,-9,215,0,107,5
2048,Air India,CCU,HYD,643,278,136,0,98,13
2049,Emirates,HYD,CCU,371,127,5,0,72,28
2050,Go First,BLR,HYD,1136,51,52,0,69,25
2051,Go First,BLR,BLR,251,288,110,0,60,17
2052,SpiceJet,MAA,BLR,1364,186,27,0,25,3
2053,Qatar Airways,MAA,BOM,52,48,166,0,101,56
2054,Air India,CCU,BOM,1153,254,84,0,38,52
2055,Go First,MAA,HYD,192,177,224,0,57,24
2056,Emirates,DEL,DEL,590,52,184,0,26,46
2057,Vistara,MAA,MAA,1080,297,100,0,39,51
2058,IndiGo,DEL,MAA,96,268,99,0,30,92
2059,IndiGo,MAA,DEL,197,19,126,0,2,33
2060,IndiGo,CCU,DEL,146,160,103,0,87,15
2061,Qatar Airways,CCU,BLR,1318,10,77,0,14,93
2062,Air India,DEL,MAA,722,288,-7,0,53,86
2063,SpiceJet,HYD,HYD,683,190,57,0,69,35
2064,Go First,CCU,CCU,1035,124,10,0,10,27
2065,Vistara,HYD,BOM,332,261,223,0,29,64
2066,Emirates,BLR,CCU,1243,12,129,0,34,71
2067,Vistara,DEL,BLR,1421,76,52,0,111,52
2068,Emirates,CCU,MAA,1365,20,172,0,101,41
2069,Qatar Airways,BOM,DEL,511,110,115,0,42,78
2070,Air India,BLR,MAA,171,58,205,0,60,97
2071,IndiGo,HYD,HYD,1189,123,265,0,39,18
2072,Air India,CCU,BLR,1193,135,261,0,92,43
2073,Qatar Airways,DEL,DEL,563,252,124,0,86,29
2074,SpiceJet,MAA,CCU,511,282,38,0,41,73
2075,SpiceJet,BOM,HYD,1212,75,-15,0,41,43
2076,Qatar Airways,HYD,CCU,1143,5,112,0,118,26
2077,Emirates,BLR,BOM,104,205,-15,0,2,83
2078,Go First,DEL,BLR,673,105,157,0,89,88
2079,Go First,BOM,HYD,806,107,250,0,77,72
2080,Emirates,DEL,HYD,1064,259,280,0,82,33
2081,SpiceJet,CCU,CCU,888,151,240,0,84,84
2082,SpiceJet,MAA,DEL,875,177,158,0,20,23
2083,SpiceJet,BLR,BOM,676,93,29,0,72,55
2084,Air India,DEL,CCU,320,130,125,0,76,6
2085,SpiceJet,HYD,HYD,334,156,11,0,104,67
2086,Vistara,CCU,BLR,1183,289,217,0,52,50
2087,IndiGo,CCU,HYD,263,17,193,0,43,7
2088,SpiceJet,BLR,MAA,864,261,34,0,45,55
2089,Emirates,CCU,BLR,351,39,45,0,36,76
2090,IndiGo,HYD,BLR,1233,145,227,0,37,57
2091,Air India,DEL,HYD,1405,110,253,0,108,84
2092,Emirates,BLR,DEL,675,129,124,0,108,98
2093,IndiGo,CCU,BLR,918,5,141,0,87,68
2094,Emirates,CCU,MAA,4,298,69,0,37,7
2095,Air India,HYD,CCU,33,38,68,0,109,65
2096,Vistara,MAA,DEL,1168,153,260,0,10,23
2097,Air India,MAA,DEL,350,51,15,0,92,41
2098,Air India,CCU,DEL,582,143,-8,0,44,53
2099,Emirates,DEL,BLR,464,139,264,0,63,15
2100,Qatar Airways,BLR,DEL,347,62,187,0,43,3
2101,Go First,CCU,HYD,124,58,17,0,111,58
2102,SpiceJet,BOM,DEL,1294,166,282,0,101,93
2103,SpiceJet,BLR,MAA,356,-9,127,0,104,45
2104,Vistara,MAA,BOM,526,298,21,0,80,93
2105,Vistara,CCU,MAA,497,108,131,0,61,98
2106,SpiceJet,HYD,BLR,1176,-4,212,0,115,12
2107,Go First,BOM,DEL,52,244,18,0,111,36
2108,SpiceJet,CCU,DEL,148,64,221,0,89,53
2109,Qatar Airways,DEL,HYD,502,184,196,0,60,48
2110,Go First,BOM,CCU,869,176,293,0,89,74
2111,Vistara,CCU,DEL,218,-8,124,0,11,57
2112,IndiGo,DEL,MAA,1300,173,174,0,81,18
2113,Emirates,BOM,BLR,451,262,80,0,8,17
2114,Qatar Airways,DEL,BOM,82,41,178,0,66,59
2115,Qatar Airways,DEL,DEL,1241,252,288,0,73,16
2116,Vistara,BOM,BOM,737,122,280,0,106,10
2117,Vistara,BOM,DEL,526,214,136,0,1,14
2118,Air India,DEL,BLR,403,299,207,0,7,71
2119,Qatar Airways,MAA,CCU,289,50,180,0,115,92
2120,Air India,BOM,MAA,419,5,72,0,42,16
2121,Air India,CCU,BLR,338,218,283,0,17,89
2122,Emirates,BLR,BOM,776,184,1,0,51,4
2123,Air India,HYD,DEL,710,240,195,0,38,60
2124,Go First,DEL,BOM,986,292,216,0,30,3
2125,SpiceJet,DEL,MAA,958,37,167,0,13,55
2126,IndiGo,HYD,BLR,1230,224,146,0,63,87
2127,Vistara,MAA,BOM,685,110,54,0,102,74
2128,Go First,HYD,BOM,1288,39,44,0,96,93
2129,IndiGo,BOM,MAA,1059,30,163,0,92,47
2130,Qatar Airways,HYD,DEL,372,11,61,0,43,47
2131,Qatar Airways,DEL,BOM,1282,171,19,0,59,34
2132,Qatar Airways,HYD,MAA,993,-6,0,0,96,32
2133,Go First,BLR,DEL,530,134,278,0,98,99
2134,Go First,CCU,CCU,923,67,155,0,1,20
2135,Vistara,BOM,DEL,22,220,16,0,98,4
2136,SpiceJet,HYD,CCU,103,286,247,0,31,63
2137,Air India,DEL,BLR,240,198,199,1,35,68
2138,Qatar Airways,CCU,MAA,1004,152,30,0,109,20
2139,Emirates,BOM,DEL,902,157,173,0,54,88
2140,SpiceJet,DEL,CCU,1276,267,258,0,113,73
2141,Emirates,MAA,CCU,1165,226,55,0,86,82
2142,Vistara,BLR,BLR,813,165,280,0,62,31
2143,Vistara,MAA,HYD,654,42,72,0,68,17
2144,Vistara,BLR,MAA,782,-1,318,1,110,57
2145,IndiGo,HYD,HYD,306,135,245,0,79,97
2146,Emirates,BOM,DEL,7,216,166,0,39,78
2147,SpiceJet,HYD,MAA,1092,225,6,0,23,23
2148,SpiceJet,BLR,BLR,574,231,58,0,116,4
2149,Go First,BLR,DEL,1091,294,74,0,57,52
2150,Go First,BLR,MAA,911,60,319,0,103,95
2151,Qatar Airways,CCU,MAA,1431,147,150,0,27,72
2152,Go First,DEL,HYD,517,8,218,0,61,54
2153,Vistara,BOM,DEL,1142,44,113,0,24,4
2154,SpiceJet,HYD,BLR,1054,204,318,1,6,68
2155,Emirates,HYD,BLR,482,198,276,0,37,40
2156,Vistara,MAA,DEL,206,10,79,0,70,97
2157,IndiGo,BLR,DEL,668,271,12,0,118,6
2158,Go First,BLR,CCU,578,238,19,0,114,89
2159,Vistara,BLR,BOM,386,17,215,0,85,0
2160,Vistara,HYD,HYD,411,285,302,0,85,51
2161,IndiGo,MAA,DEL,1393,200,109,0,90,97
2162,Air India,DEL,DEL,1376,274,63,0,96,25
2163,SpiceJet,CCU,BOM,1359,9,45,0,44,95
2164,Emirates,BOM,BOM,890,9,201,0,31,62
2165,Qatar Airways,DEL,MAA,905,109,266,0,102,11
2166,Air India,HYD,BLR,1312,86,147,0,31,69
2167,Go First,CCU,HYD,962,109,41,0,0,83
2168,Vistara,CCU,MAA,964,14,175,0,73,18
2169,IndiGo,CCU,DEL,139,142,116,0,44,79
2170,IndiGo,BLR,BOM,299,234,26,0,63,3
2171,SpiceJet,BOM,CCU,1036,249,157,0,67,95
2172,Air India,HYD,BLR,663,-7,151,0,92,81
2173,Qatar Airways,HYD,MAA,824,132,234,0,6,4
2174,SpiceJet,CCU,CCU,399,271,177,0,37,53
2175,Vistara,HYD,BLR,991,209,262,0,69,69
2176,SpiceJet,BOM,CCU,1132,149,222,1,52,56
2177,Emirates,BOM,BOM,1379,65,214,0,74,77
2178,IndiGo,MAA,MAA,148,88,149,0,118,51
2179,IndiGo,MAA,MAA,306,169,227,0,72,17
2180,Go First,DEL,BLR,1083,116,74,0,29,63
2181,Go First,BOM,CCU,434,21,163,0,21,9
2182,Qatar Airways,BOM,BOM,20,254,42,0,57,22
2183,Vistara,BOM,DEL,874,2,247,0,102,81
2184,Emirates,MAA,MAA,381,191,120,0,72,67
2185,Air India,CCU,DEL,244,7,222,0,54,51
2186,SpiceJet,CCU,BOM,1096,82,291,0,101,95
2187,Qatar Airways,HYD,MAA,1099,269,227,0,114,46
2188,Vistara,CCU,MAA,697,49,135,0,45,69
2189,Go First,BLR,CCU,589,203,231,0,96,25
2190,SpiceJet,MAA,DEL,389,89,203,0,25,69
2191,Go First,BOM,CCU,1365,-10,-7,0,63,98
2192,SpiceJet,CCU,HYD,1313,32,278,0,79,42
2193,Air India,MAA,DEL,567,157,-3,0,8,68
2194,Vistara,CCU,DEL,1354,181,247,0,86,62
2195,SpiceJet,DEL,HYD,258,23,209,0,14,77
2196,Emirates,BOM,BOM,425,23,215,0,18,65
2197,Qatar Airways,DEL,BOM,1029,165,162,1,105,62
2198,IndiGo,BOM,MAA,5,185,231,0,15,12
2199,Emirates,MAA,BLR,190,147,51,0,24,50
2200,Emirates,HYD,CCU,147,234,281,1,98,4
2201,Qatar Airways,CCU,BLR,404,60,141,0,50,46
2202,IndiGo,CCU,MAA,257,103,149,0,76,35
2203,Emirates,BLR,BLR,729,274,168,0,45,35
2204,SpiceJet,DEL,DEL,89,132,192,0,6,49
2205,SpiceJet,CCU,DEL,823,86,0,0,33,55
2206,SpiceJet,MAA,HYD,9,298,284,0,57,18
2207,IndiGo,HYD,HYD,1110,201,290,0,77,19
2208,Emirates,MAA,MAA,837,174,225,0,22,21
2209,IndiGo,DEL,MAA,1174,194,214,0,22,30
2210,SpiceJet,BLR,MAA,987,205,2,0,16,61
2211,Qatar Airways,CCU,DEL,624,235,131,0,12,43
2212,Emirates,MAA,BLR,29,228,228,0,26,67
2213,Emirates,BOM,CCU,127,282,35,0,65,66
2214,Go First,HYD,MAA,1101,-3,243,0,100,88
2215,Go First,MAA,MAA,420,67,222,0,29,48
2216,Air India,HYD,DEL,1078,266,230,0,3,58
2217,Vistara,CCU,CCU,304,191,294,0,93,3
2218,Go First,BOM,DEL,545,203,33,0,66,38
2219,IndiGo,BLR,CCU,1128,83,268,0,13,6
2220,Go First,BLR,DEL,1195,64,22,0,10,70
2221,Air India,BOM,BLR,21,146,268,0,39,48
2222,Emirates,HYD,MAA,1310,142,16,0,86,88
2223,Air India,CCU,BOM,390,131,227,0,104,14
2224,Emirates,MAA,BOM,616,67,25,0,111,6
2225,Qatar Airways,BOM,MAA,148,171,276,0,95,46
2226,Qatar Airways,DEL,MAA,1295,184,87,0,2,67
2227,Emirates,HYD,MAA,298,147,276,0,105,97
2228,Vistara,BLR,MAA,171,135,91,1,0,44
2229,Go First,BOM,CCU,46,43,230,1,8,18
2230,IndiGo,BLR,BLR,625,266,71,0,111,46
2231,IndiGo,HYD,BOM,206,298,50,0,72,52
2232,SpiceJet,BLR,HYD,452,72,122,0,75,26
2233,Emirates,BOM,BOM,1418,145,310,0,0,4
2234,IndiGo,HYD,BOM,924,-7,184,0,15,59
2235,Vistara,DEL,DEL,753,260,319,0,93,76
2236,Emirates,BOM,MAA,1324,53,77,0,71,61
2237,Vistara,MAA,MAA,707,101,262,0,109,58
2238,IndiGo,CCU,MAA,1008,228,4,0,45,60
2239,IndiGo,BOM,DEL,675,133,273,0,9,55
2240,SpiceJet,HYD,BLR,1199,9,74,0,32,77
2241,IndiGo,CCU,BLR,854,53,34,0,101,93
2242,Emirates,BOM,HYD,782,278,-6,0,40,46
2243,Qatar Airways,DEL,BLR,1133,70,63,0,50,47
2244,Emirates,DEL,BLR,683,186,21,0,21,9
2245,Emirates,MAA,MAA,962,58,43,0,15,31
2246,SpiceJet,BLR,CCU,863,175,72,0,82,64
2247,SpiceJet,CCU,BOM,1225,156,88,0,74,23
2248,IndiGo,HYD,BLR,167,194,303,0,61,28
2249,Air India,HYD,BLR,85,153,261,0,52,6
2250,Air India,BLR,DEL,848,83,88,0,74,94
2251,SpiceJet,DEL,HYD,1074,238,238,0,13,16
2252,IndiGo,DEL,CCU,1135,57,214,0,102,93
2253,Air India,BOM,DEL,441,10,319,1,58,24
2254,IndiGo,MAA,MAA,270,74,21,0,25,91
2255,IndiGo,CCU,BOM,343,13,285,0,43,35
2256,IndiGo,MAA,HYD,1206,100,126,0,19,60
2257,Go First,MAA,DEL,502,72,27,1,83,70
2258,Emirates,BOM,BLR,1033,67,100,0,118,34
2259,IndiGo,MAA,BLR,493,129,68,0,4,83
2260,Go First,BLR,HYD,1257,260,243,0,64,77
2261,SpiceJet,BOM,BLR,1321,158,71,0,10,49
2262,Air India,BLR,DEL,243,186,275,0,46,55
2263,Emirates,BOM,DEL,1374,251,80,0,9,93
2264,Qatar Airways,MAA,BLR,266,204,239,0,60,64
2265,Air India,BLR,BLR,892,56,120,1,110,40
2266,Emirates,BLR,MAA,200,218,232,0,91,24
2267,Qatar Airways,BLR,BOM,238,150,76,0,44,33
2268,Air India,BOM,HYD,1357,111,231,0,46,7
2269,Emirates,HYD,DEL,914,138,242,0,33,55
2270,Air India,MAA,HYD,1438,182,171,0,117,83
2271,Air India,BLR,MAA,968,220,108,0,12,29
2272,Qatar Airways,CCU,DEL,483,100,244,0,107,67
2273,Air India,HYD,MAA,245,134,153,0,88,20
2274,Air India,CCU,MAA,1031,210,95,0,22,90
2275,Qatar Airways,MAA,CCU,151,53,274,0,35,9
2276,SpiceJet,MAA,BLR,1415,115,71,0,62,86
2277,IndiGo,BLR,CCU,210,207,-3,0,75,32
2278,Vistara,BLR,HYD,366,273,247,0,46,74
2279,Go First,BOM,HYD,943,225,272,0,108,82
2280,Vistara,HYD,BLR,85,2,7,0,65,74
2281,Vistara,HYD,CCU,1078,142,184,1,83,3
2282,Emirates,BLR,HYD,445,228,226,0,79,22
2283,IndiGo,MAA,CCU,619,179,223,0,13,68
2284,Emirates,BLR,BLR,303,140,287,0,52,52
2285,IndiGo,MAA,DEL,131,75,149,0,65,4
2286,Qatar Airways,MAA,MAA,903,10,210,0,48,17
2287,Qatar Airways,BLR,MAA,1408,171,160,0,15,16
2288,IndiGo,DEL,CCU,987,147,13,0,67,57
2289,Air India,HYD,HYD,1221,65,149,0,42,66
2290,SpiceJet,CCU,CCU,46,192,7,0,76,71
2291,Air India,MAA,CCU,756,218,278,0,101,55
2292,SpiceJet,MAA,BOM,1226,141,28,0,112,39
2293,Emirates,DEL,MAA,1284,252,245,0,64,86
2294,SpiceJet,CCU,BLR,689,61,164,0,8,86
2295,Emirates,BOM,CCU,1047,214,280,0,20,1
2296,Qatar Airways,DEL,BOM,686,120,123,0,81,20
2297,Vistara,CCU,BOM,785,17,318,0,106,51
2298,Qatar Airways,DEL,MAA,339,288,232,0,95,23
2299,Qatar Airways,MAA,MAA,411,86,225,0,109,52
2300,Vistara,HYD,MAA,1284,35,90,0,97,37
2301,SpiceJet,DEL,BLR,285,-10,157,0,83,19
2302,SpiceJet,BOM,BOM,1109,155,33,0,42,49
2303,Emirates,BLR,HYD,849,234,107,0,65,38
2304,Air India,CCU,BLR,429,208,19,0,3,59
2305,Emirates,DEL,DEL,30,91,90,0,108,90
2306,Air India,DEL,CCU,602,280,312,0,101,38
2307,Qatar Airways,BOM,MAA,439,193,180,0,6,70
2308,Vistara,HYD,BOM,984,191,93,0,85,32
2309,Qatar Airways,DEL,CCU,1372,43,109,0,83,28
2310,IndiGo,DEL,BLR,411,269,311,0,57,73
2311,SpiceJet,HYD,DEL,527,267,279,1,98,9
2312,Air India,BOM,BLR,309,5,21,0,3,75
2313,Emirates,CCU,BLR,948,2,172,0,116,66
2314,Vistara,CCU,HYD,1419,76,7,0,19,2
2315,Air India,DEL,CCU,1361,67,245,0,34,76
2316,Emirates,HYD,HYD,673,56,178,0,96,30
2317,SpiceJet,DEL,BLR,436,200,136,0,114,26
2318,Qatar Airways,BLR,DEL,703,203,2,0,58,69
2319,SpiceJet,CCU,BOM,662,174,11,0,84,26
2320,Go First,MAA,BOM,364,22,8,0,44,98
2321,IndiGo,BLR,CCU,922,104,13,0,13,8
2322,Go First,DEL,MAA,112,264,123,0,94,5
2323,Vistara,BOM,MAA,175,187,130,0,21,5
2324,Air India,CCU,BOM,1172,132,107,0,47,25
2325,Vistara,MAA,BLR,1201,217,112,0,29,42
2326,Qatar Airways,BLR,BLR,935,109,101,0,28,18
2327,Emirates,CCU,HYD,381,13,116,0,35,15
2328,SpiceJet,HYD,CCU,1246,16,273,0,112,22
2329,Go First,BOM,HYD,1282,64,190,0,41,74
2330,Go First,BLR,MAA,1212,230,220,0,28,79
2331,Qatar Airways,HYD,BOM,305,12,26,0,6,28
2332,Go First,DEL,BLR,1401,150,144,0,31,37
2333,Qatar Airways,HYD,BOM,601,30,236,0,12,58
2334,Vistara,BLR,DEL,342,227,163,1,12,47
2335,SpiceJet,BLR,BOM,155,228,109,0,53,19
2336,Air India,DEL,DEL,711,45,244,1,13,20
2337,Emirates,HYD,HYD,1078,87,260,0,5,27
2338,Air India,HYD,HYD,1223,135,197,0,15,49
2339,Vistara,DEL,MAA,402,251,308,0,40,32
2340,Emirates,HYD,BOM,613,29,174,0,51,39
2341,Go First,CCU,BOM,796,182,42,0,111,89
2342,IndiGo,DEL,DEL,622,228,187,0,84,53
2343,Vistara,BOM,HYD,602,31,64,0,116,9
2344,Vistara,BLR,DEL,176,211,212,0,107,33
2345,SpiceJet,BOM,HYD,448,185,79,0,15,72
2346,Air India,CCU,DEL,742,277,-12,0,4,35
2347,Vistara,CCU,HYD,300,-1,149,1,23,74
2348,Vistara,MAA,DEL,706,224,284,0,42,73
2349,Go First,MAA,HYD,306,254,26,0,64,6
2350,Go First,MAA,CCU,750,58,269,0,9,15
2351,Emirates,DEL,DEL,868,128,213,0,106,50
2352,Qatar Airways,HYD,BOM,1290,208,227,0,110,89
2353,Qatar Airways,CCU,MAA,213,185,196,0,58,95
2354,IndiGo,BOM,CCU,482,63,284,0,34,60
2355,Qatar Airways,BOM,CCU,1285,92,39,0,30,30
2356,SpiceJet,BOM,DEL,1090,214,157,0,119,31
2357,IndiGo,BOM,MAA,132,112,261,0,78,44
2358,Emirates,MAA,BOM,511,91,318,0,10,75
2359,Go First,BOM,CCU,210,253,213,0,8,26
2360,Qatar Airways,HYD,BOM,987,150,14,0,65,21
2361,Air India,MAA,HYD,986,222,7,0,43,14
2362,Go First,BOM,MAA,716,264,-11,0,115,7
2363,SpiceJet,DEL,BLR,252,247,47,0,93,67
2364,Go First,BLR,HYD,37,128,205,0,15,7
2365,SpiceJet,BLR,MAA,1066,216,299,0,119,86
2366,SpiceJet,BLR,DEL,628,262,66,0,47,15
2367,SpiceJet,MAA,DEL,1428,75,226,0,52,47
2368,Emirates,BOM,BOM,986,280,237,0,64,33
2369,SpiceJet,CCU,CCU,45,206,36,0,47,85
2370,SpiceJet,CCU,BLR,304,55,305,0,69,86
2371,Air India,CCU,DEL,232,246,23,0,45,56
2372,IndiGo,MAA,MAA,244,124,243,0,74,4
2373,Vistara,HYD,CCU,759,44,311,0,32,43
2374,IndiGo,DEL,CCU,1318,232,255,0,51,70
2375,SpiceJet,DEL,MAA,838,241,56,0,80,36
2376,Air India,BLR,CCU,1406,10,54,0,54,89
2377,Go First,BLR,DEL,157,296,204,0,50,27
2378,Air India,CCU,MAA,1428,152,-12,0,97,67
2379,SpiceJet,CCU,MAA,1024,253,274,0,109,95
2380,Air India,BLR,BOM,216,57,276,0,39,37
2381,Qatar Airways,BOM,BLR,927,96,215,0,24,45
2382,Air India,HYD,BOM,506,56,64,0,62,72
2383,SpiceJet,HYD,BLR,760,188,50,0,118,99
2384,Emirates,HYD,MAA,903,181,120,0,21,25
2385,Qatar Airways,HYD,CCU,580,-9,175,0,89,74
2386,Air India,BLR,BLR,1053,246,43,0,90,83
2387,Vistara,DEL,MAA,626,-10,250,0,37,52
2388,Vistara,BLR,MAA,519,104,-9,1,8,62
2389,Air India,HYD,BOM,274,77,186,0,36,62
2390,Emirates,BLR,BOM,491,186,316,0,4,37
2391,Go First,HYD,CCU,826,81,221,0,81,14
2392,SpiceJet,MAA,HYD,950,263,252,0,21,98
2393,Vistara,CCU,DEL,925,149,63,0,109,8
2394,Go First,DEL,HYD,846,162,30,0,11,96
2395,Air India,MAA,HYD,1059,22,227,0,59,74
2396,Go First,BOM,CCU,1334,62,272,0,43,21
2397,Qatar Airways,BLR,BLR,1067,185,144,0,21,69
2398,IndiGo,BOM,CCU,1178,273,99,0,5,55
2399,Vistara,BLR,CCU,1100,76,98,0,99,36
2400,Air India,CCU,MAA,38,298,110,1,26,56
2401,SpiceJet,MAA,MAA,238,213,74,0,110,59
2402,Emirates,CCU,MAA,1036,33,45,0,54,84
2403,Qatar Airways,HYD,DEL,121,127,301,0,14,11
2404,Air India,CCU,BLR,143,259,86,0,63,6
2405,SpiceJet,CCU,BLR,683,25,98,0,16,65
2406,Emirates,HYD,MAA,454,23,158,0,2,40
2407,Emirates,BLR,HYD,367,77,76,0,9,23
2408,Air India,HYD,DEL,758,135,167,0,62,89
2409,Qatar Airways,MAA,HYD,246,5,189,0,62,24
2410,Go First,CCU,BOM,922,222,179,0,88,61
2411,Go First,HYD,BLR,1068,30,289,0,61,83
2412,Emirates,CCU,BLR,764,244,9,0,84,43
2413,Go First,MAA,HYD,374,270,218,0,117,1
2414,IndiGo,BOM,DEL,1314,115,0,0,103,41
2415,Emirates,MAA,BLR,206,-3,125,0,8,98
2416,Emirates,DEL,HYD,518,165,92,0,23,32
2417,SpiceJet,DEL,CCU,241,217,284,0,31,16
2418,Go First,DEL,CCU,1137,7,287,0,2,62
2419,Qatar Airways,CCU,DEL,818,45,64,0,32,21
2420,Emirates,BLR,HYD,301,24,60,0,42,0
2421,Qatar Airways,BLR,CCU,1299,107,260,0,108,93
2422,IndiGo,BLR,DEL,1119,271,252,0,11,69
2423,SpiceJet,CCU,MAA,1317,243,96,0,92,53
2424,Air India,MAA,DEL,700,202,300,0,84,13
2425,Qatar Airways,BLR,BOM,1383,50,59,1,102,99
2426,Emirates,BOM,MAA,287,77,198,0,97,96
2427,IndiGo,DEL,HYD,153,260,18,0,96,52
2428,Vistara,MAA,MAA,422,21,125,0,31,5
2429,IndiGo,DEL,MAA,849,122,150,0,19,89
2430,IndiGo,BLR,HYD,49,53,215,0,66,63
2431,SpiceJet,MAA,HYD,1230,188,276,1,67,87
2432,Air India,HYD,CCU,563,245,12,0,16,32
2433,Vistara,BOM,BOM,853,144,279,0,113,71
2434,Go First,BLR,HYD,882,220,317,0,80,43
2435,Go First,BLR,BLR,661,290,75,0,18,33
2436,Qatar Airways,BOM,BLR,564,24,99,0,3,33
2437,IndiGo,BOM,BOM,212,15,143,1,92,23
2438,SpiceJet,HYD,DEL,1089,12,242,0,16,1
2439,SpiceJet,BLR,DEL,1255,130,74,0,63,7
2440,Go First,CCU,BLR,810,274,229,0,21,24
2441,Qatar Airways,BLR,HYD,849,145,282,1,65,93
2442,Qatar Airways,DEL,BOM,1343,102,15,1,41,31
2443,Qatar Airways,MAA,DEL,1160,128,301,0,75,55
2444,Vistara,MAA,DEL,880,198,296,0,44,93
2445,Air India,DEL,MAA,1088,75,212,0,10,6
2446,Vistara,MAA,BLR,1155,274,112,0,52,47
2447,Emirates,BOM,HYD,333,49,254,0,103,87
2448,Emirates,MAA,BOM,31,43,254,0,59,53
2449,Air India,MAA,DEL,867,82,193,0,28,62
2450,Go First,DEL,MAA,897,254,162,0,19,72
2451,Air India,HYD,BLR,1266,202,290,0,4,79
2452,SpiceJet,MAA,BLR,1215,-1,175,0,24,1
2453,Emirates,CCU,BOM,1165,192,52,0,33,34
2454,IndiGo,MAA,DEL,600,185,311,1,11,97
2455,IndiGo,HYD,BOM,987,47,251,0,27,21
2456,Go First,DEL,BOM,1214,245,254,0,97,82
2457,SpiceJet,HYD,CCU,1172,212,112,0,5,63
2458,Vistara,DEL,MAA,598,169,248,0,117,58
2459,SpiceJet,BOM,BLR,1439,24,205,0,18,48
2460,IndiGo,DEL,CCU,519,92,226,1,11,51
2461,IndiGo,BOM,HYD,868,150,228,0,24,20
2462,Emirates,BOM,BLR,15,189,3,0,12,11
2463,SpiceJet,DEL,BLR,1129,149,139,0,80,10
2464,SpiceJet,CCU,MAA,282,172,213,0,75,53
2465,IndiGo,BLR,HYD,1127,125,42,0,2,82
2466,Vistara,DEL,DEL,360,215,265,1,23,69
2467,Go First,MAA,HYD,1058,232,29,0,7,13
2468,Qatar Airways,CCU,DEL,112,95,86,0,111,32
2469,Go First,CCU,HYD,307,60,32,0,99,76
2470,SpiceJet,MAA,BOM,958,66,34,0,119,25
2471,Go First,BLR,HYD,1076,43,65,0,89,13
2472,IndiGo,CCU,CCU,1104,266,284,0,44,87
2473,IndiGo,BOM,CCU,833,100,43,0,71,47
2474,SpiceJet,BLR,MAA,1392,213,145,0,95,64
2475,SpiceJet,MAA,DEL,241,64,87,1,95,45
2476,Qatar Airways,BLR,BLR,30,3,318,0,0,54
2477,Qatar Airways,DEL,MAA,703,247,258,0,2,93
2478,Emirates,BLR,CCU,868,178,167,0,64,73
2479,SpiceJet,BOM,CCU,1384,228,100,0,14,73
2480,Vistara,DEL,DEL,232,293,251,0,49,91
2481,Go First,HYD,CCU,1057,80,148,0,19,67
2482,SpiceJet,MAA,CCU,1266,173,127,0,2,77
2483,Air India,MAA,DEL,950,6,302,0,60,11
2484,Emirates,BLR,CCU,58,1,288,0,14,53
2485,Air India,CCU,BLR,770,155,78,0,58,63
2486,IndiGo,DEL,BOM,1101,135,234,0,53,46
2487,Qatar Airways,HYD,MAA,717,271,290,0,59,36
2488,Go First,DEL,BLR,301,26,300,0,36,73
2489,SpiceJet,MAA,BLR,802,59,224,0,20,40
2490,Air India,DEL,BOM,896,158,43,0,105,26
2491,Go First,HYD,MAA,111,159,-1,0,102,41
2492,IndiGo,CCU,BLR,1436,242,269,0,22,75
2493,Qatar Airways,BLR,CCU,316,286,187,0,103,85
2494,Vistara,BOM,BOM,1168,131,221,0,98,67
2495,Emirates,DEL,MAA,667,262,280,0,17,28
2496,Go First,BOM,HYD,689,214,271,0,16,35
2497,Go First,MAA,DEL,17,172,57,0,30,56
2498,Vistara,BLR,CCU,1374,210,198,0,63,77
2499,Go First,BLR,BOM,1178,42,-5,0,47,11
2500,IndiGo,DEL,DEL,777,107,209,1,25,44
2501,IndiGo,CCU,HYD,359,148,302,0,21,19
2502,Vistara,BLR,BLR,331,125,187,0,44,44
2503,Emirates,DEL,BLR,527,66,215,0,35,22
2504,SpiceJet,DEL,MAA,11,34,35,0,63,61
2505,Air India,BOM,BOM,1098,7,41,0,34,85
2506,SpiceJet,BLR,BOM,211,194,116,0,74,33
2507,Go First,DEL,MAA,640,72,264,0,90,20
2508,Air India,BOM,DEL,282,39,281,0,97,50
2509,Vistara,HYD,BLR,1218,270,289,0,81,8
2510,Vistara,BOM,BLR,779,155,209,0,26,73
2511,Emirates,BOM,BOM,1053,232,158,0,67,9
2512,Air India,DEL,BOM,1032,153,276,0,16,51
2513,IndiGo,MAA,MAA,1332,45,250,0,69,44
2514,Air India,MAA,HYD,1333,28,231,0,105,51
2515,Go First,CCU,DEL,676,117,62,0,10,29
2516,IndiGo,MAA,CCU,704,111,119,0,4,63
2517,Qatar Airways,BOM,HYD,425,236,124,0,57,96
2518,Qatar Airways,CCU,HYD,590,175,237,0,81,1
2519,Qatar Airways,DEL,BOM,90,197,160,0,56,48
2520,Vistara,BLR,BOM,455,293,44,0,88,95
2521,Air India,BOM,BOM,443,228,238,1,73,44
2522,Qatar Airways,BOM,HYD,78,204,-8,0,104,16
2523,SpiceJet,CCU,DEL,926,281,91,0,79,27
2524,Emirates,DEL,BOM,102,213,155,0,73,44
2525,SpiceJet,HYD,BLR,622,77,42,0,73,16
2526,Qatar Airways,BOM,DEL,989,14,274,0,99,58
2527,Emirates,HYD,BLR,1337,209,68,0,84,13
2528,Go First,HYD,DEL,1270,264,101,1,119,9
2529,SpiceJet,MAA,BOM,233,124,184,0,13,97
2530,Air India,DEL,CCU,643,222,6,1,71,77
2531,Air India,HYD,MAA,1258,55,203,0,0,80
2532,SpiceJet,DEL,BOM,789,69,210,0,15,85
2533,Qatar Airways,MAA,HYD,386,244,255,0,25,17
2534,Air India,DEL,CCU,846,114,86,0,48,34
2535,Go First,BOM,HYD,37,135,129,0,41,47
2536,IndiGo,HYD,DEL,1184,92,131,0,69,57
2537,Qatar Airways,DEL,HYD,1140,266,245,0,102,17
2538,Go First,BLR,CCU,240,113,263,1,113,51
2539,Emirates,DEL,CCU,1049,256,-2,0,65,29
2540,Go First,HYD,BOM,561,267,250,0,52,36
2541,Qatar Airways,MAA,BLR,805,100,271,0,8,39
2542,Emirates,MAA,BOM,297,78,125,0,68,5
2543,Qatar Airways,HYD,DEL,804,147,277,0,39,78
2544,Air India,BOM,HYD,153,205,15,0,55,34
2545,IndiGo,BOM,BLR,731,290,155,0,4,25
2546,Qatar Airways,MAA,MAA,467,25,189,0,55,90
2547,Qatar Airways,MAA,CCU,48,76,275,0,110,29
2548,Air India,HYD,BLR,45,107,95,0,71,74
2549,Vistara,BOM,BLR,1308,171,52,0,4,23
2550,Air India,MAA,BOM,779,57,167,0,68,54
2551,Emirates,BOM,MAA,81,148,180,0,51,77
2552,Air India,MAA,CCU,1067,274,110,0,80,86
2553,Air India,DEL,DEL,954,153,159,0,72,8
2554,IndiGo,BLR,DEL,272,62,246,0,97,61
2555,Air India,CCU,BLR,393,108,270,0,32,17
2556,Qatar Airways,DEL,BLR,789,184,139,0,21,50
2557,IndiGo,CCU,HYD,594,78,53,1,84,18
2558,SpiceJet,MAA,MAA,57,65,92,0,106,68
2559,Vistara,BLR,CCU,564,210,19,0,14,81
2560,IndiGo,BLR,BLR,0,128,28,0,64,32
2561,Emirates,MAA,HYD,215,230,127,0,70,37
2562,SpiceJet,MAA,MAA,1340,143,195,0,22,12
2563,IndiGo,BOM,CCU,1251,42,269,0,114,48
2564,IndiGo,MAA,DEL,765,131,-10,0,119,72
2565,Vistara,HYD,HYD,670,20,202,0,110,89
2566,Qatar Airways,MAA,MAA,1310,212,11,0,5,52
2567,Emirates,HYD,HYD,510,281,211,1,83,0
2568,Go First,MAA,BLR,914,255,268,0,57,11
2569,Go First,BOM,BOM,94,271,40,0,25,23
2570,IndiGo,HYD,DEL,492,265,294,0,105,0
2571,Air India,DEL,BLR,764,33,89,0,11,67
2572,Emirates,HYD,BLR,1021,51,2,0,76,6
2573,SpiceJet,BOM,MAA,149,190,189,0,110,91
2574,Air India,CCU,HYD,1046,-2,27,1,114,68
2575,Air India,HYD,DEL,755,60,73,1,112,38
2576,Emirates,MAA,BLR,1238,79,58,0,76,31
2577,Qatar Airways,MAA,MAA,398,13,141,0,1,48
2578,IndiGo,CCU,DEL,409,129,250,0,31,30
2579,IndiGo,BOM,HYD,130,67,118,0,49,78
2580,IndiGo,BLR,BLR,854,203,73,0,94,2
2581,IndiGo,MAA,CCU,147,5,220,0,60,46
2582,Go First,DEL,BLR,380,18,116,0,10,14
2583,IndiGo,BOM,BLR,1132,280,213,0,100,50
2584,Go First,HYD,DEL,551,32,18,0,67,81
2585,Go First,HYD,DEL,1144,42,67,0,33,84
2586,Qatar Airways,DEL,DEL,294,265,116,0,79,73
2587,IndiGo,MAA,DEL,1143,221,188,1,94,20
2588,Vistara,BOM,MAA,455,201,271,0,88,89
2589,SpiceJet,DEL,BOM,168,-3,300,0,102,40
2590,Air India,MAA,MAA,709,111,242,0,7,2
2591,Go First,BOM,BLR,1166,31,276,0,7,0
2592,Emirates,HYD,MAA,36,222,109,0,97,20
2593,Emirates,BOM,HYD,1284,59,135,0,14,74
2594,SpiceJet,CCU,CCU,230,5,231,0,4,79
2595,Emirates,BLR,DEL,253,58,159,0,18,98
2596,Vistara,BOM,HYD,328,42,286,0,73,20
2597,Emirates,BLR,CCU,1320,162,64,0,8,74
2598,Air India,BOM,HYD,979,251,91,0,56,94
2599,Air India,BLR,BLR,9,278,284,1,53,48
2600,Go First,CCU,DEL,445,4,289,0,28,64
2601,IndiGo,HYD,HYD,921,259,42,1,115,40
2602,Qatar Airways,MAA,BLR,835,156,75,0,103,95
2603,Vistara,BLR,DEL,1253,52,119,0,100,66
2604,Go First,CCU,BOM,77,250,153,0,18,95
2605,Vistara,BLR,BLR,192,110,318,1,76,41
2606,IndiGo,HYD,MAA,400,229,106,0,45,68
2607,Emirates,BLR,DEL,108,96,220,0,103,56
2608,Emirates,CCU,HYD,791,169,60,0,79,42
2609,Qatar Airways,CCU,CCU,262,5,293,1,61,11
2610,IndiGo,DEL,HYD,328,298,7,0,93,77
2611,Go First,HYD,MAA,362,204,317,0,59,63
2612,Qatar Airways,DEL,MAA,1401,66,57,0,117,50
2613,IndiGo,HYD,HYD,1364,214,72,0,4,72
2614,SpiceJet,BLR,CCU,258,82,87,0,32,59
2615,Air India,CCU,DEL,1358,170,78,0,82,70
2616,Qatar Airways,DEL,BLR,84,163,300,0,54,79
2617,Qatar Airways,BLR,MAA,307,208,250,0,18,27
2618,Go First,CCU,MAA,261,132,237,0,16,70
2619,Vistara,HYD,MAA,796,271,42,0,87,13
2620,SpiceJet,CCU,CCU,630,248,-7,0,118,31
2621,Go First,BLR,BOM,679,36,-3,0,116,7
2622,IndiGo,DEL,CCU,864,-6,115,0,91,26
2623,IndiGo,DEL,DEL,1274,51,206,0,41,49
2624,IndiGo,CCU,DEL,323,73,313,0,100,58
2625,IndiGo,BLR,DEL,924,122,137,0,21,56
2626,Vistara,BOM,DEL,1252,52,55,0,38,2
2627,SpiceJet,HYD,DEL,1320,270,4,0,79,26
2628,Emirates,HYD,HYD,726,33,65,0,98,93
2629,Air India,BLR,MAA,1260,142,212,0,26,33
2630,Vistara,BOM,CCU,977,259,3,1,75,25
2631,Vistara,DEL,HYD,216,160,149,0,45,39
2632,Emirates,MAA,CCU,1269,145,91,0,27,85
2633,Emirates,MAA,BOM,447,264,198,0,51,31
2634,Air India,BLR,BLR,318,9,223,0,64,40
2635,Air India,BOM,MAA,993,203,131,0,38,1
2636,Emirates,BOM,BOM,1427,68,165,0,17,71
2637,IndiGo,HYD,HYD,36,128,182,0,86,6
2638,Vistara,DEL,BLR,730,87,271,0,21,18
2639,Go First,CCU,BOM,1365,141,37,0,67,32
2640,Air India,BOM,CCU,1010,187,224,0,111,1
2641,Air India,CCU,BLR,1412,262,274,0,10,66
2642,Emirates,MAA,CCU,1057,145,271,0,81,91
2643,SpiceJet,CCU,BOM,38,39,172,0,63,77
2644,Go First,DEL,HYD,208,217,-10,0,118,14
2645,Go First,DEL,CCU,829,-1,267,0,111,20
2646,Air India,CCU,BLR,855,138,247,0,70,77
2647,IndiGo,BLR,BOM,1175,47,33,0,84,58
2648,SpiceJet,BOM,CCU,898,151,184,0,56,81
2649,Go First,BLR,HYD,1388,96,44,0,34,38
2650,Air India,CCU,MAA,1222,278,17,0,36,19
2651,Go First,BOM,HYD,600,175,287,0,49,0
2652,Qatar Airways,HYD,HYD,759,35,228,0,29,72
2653,SpiceJet,BLR,MAA,1102,118,156,0,16,8
2654,SpiceJet,BLR,HYD,433,76,191,0,32,50
2655,Qatar Airways,CCU,MAA,841,238,267,0,15,37
2656,Vistara,MAA,MAA,31,246,6,1,14,92
2657,Qatar Airways,CCU,CCU,1110,266,31,0,12,14
2658,Emirates,BLR,CCU,392,267,142,0,102,83
2659,Emirates,BOM,MAA,1267,-7,242,0,2,40
2660,Air India,MAA,BOM,1255,54,127,0,23,93
2661,SpiceJet,CCU,BLR,909,191,31,0,22,46
2662,Vistara,CCU,BOM,191,52,11,0,58,25
2663,Vistara,BLR,MAA,269,132,11,0,108,53
2664,Go First,BLR,BLR,737,233,129,0,111,69
2665,Go First,HYD,CCU,76,281,59,0,54,38
2666,Qatar Airways,CCU,BLR,734,274,171,0,64,16
2667,Vistara,BLR,MAA,883,169,-6,0,31,69
2668,Qatar Airways,DEL,CCU,1190,163,105,0,96,91
2669,Qatar Airways,MAA,BLR,283,100,273,0,59,8
2670,Go First,DEL,BLR,1112,164,149,0,111,90
2671,SpiceJet,MAA,BOM,543,142,248,0,29,98
2672,Qatar Airways,CCU,BLR,648,206,145,0,65,45
2673,IndiGo,HYD,MAA,1179,286,311,0,17,5
2674,SpiceJet,BLR,DEL,249,229,281,0,58,67
2675,Vistara,BLR,DEL,94,215,102,0,52,15
2676,Vistara,BLR,DEL,16,175,295,0,63,86
2677,Qatar Airways,CCU,MAA,116,37,247,0,118,86
2678,SpiceJet,MAA,DEL,982,197,68,0,29,28
2679,Go First,BLR,BOM,332,146,130,1,17,40
2680,Go First,DEL,MAA,1103,214,155,0,4,67
2681,Emirates,BLR,CCU,645,133,318,0,68,61
2682,Vistara,CCU,MAA,1226,100,293,0,7,39
2683,Air India,HYD,MAA,115,121,-2,0,8,61
2684,Emirates,DEL,BLR,962,102,133,0,31,23
2685,Go First,BLR,BLR,1243,78,235,0,119,5
2686,SpiceJet,BLR,BLR,1276,150,41,0,13,39
2687,Go First,BOM,HYD,1192,64,286,0,12,69
2688,SpiceJet,MAA,BOM,846,270,117,0,17,57
2689,Emirates,DEL,MAA,315,-4,154,0,67,13
2690,Vistara,BOM,MAA,809,102,86,0,113,77
2691,Go First,HYD,BLR,371,25,90,0,21,44
2692,Qatar Airways,MAA,MAA,759,255,155,0,19,98
2693,SpiceJet,DEL,CCU,876,102,112,0,14,5
2694,Vistara,BLR,MAA,976,281,234,0,6,22
2695,Air India,DEL,DEL,155,212,16,0,76,61
2696,SpiceJet,BLR,CCU,613,200,200,0,97,83
2697,Emirates,MAA,CCU,1036,7,246,0,104,16
2698,Air India,BLR,MAA,507,230,314,0,29,83
2699,Air India,HYD,HYD,464,123,228,0,4,69
2700,IndiGo,CCU,BLR,782,209,269,0,0,27
2701,Go First,BLR,BOM,803,91,274,0,59,12
2702,SpiceJet,HYD,BOM,219,129,247,0,30,28
2703,Air India,CCU,DEL,14,158,317,0,114,44
2704,IndiGo,MAA,BOM,116,180,298,0,19,19
2705,Emirates,MAA,BOM,330,14,69,0,82,57
2706,Vistara,DEL,BLR,55,22,313,0,63,80
2707,Qatar Airways,HYD,BLR,1374,-5,29,0,117,53
2708,Qatar Airways,HYD,HYD,1155,183,287,0,63,98
2709,SpiceJet,BOM,DEL,1249,219,317,0,28,63
2710,Air India,BOM,BOM,307,126,184,0,108,51
2711,Qatar Airways,CCU,HYD,221,205,185,0,101,42
2712,Go First,CCU,DEL,1196,172,313,0,9,86
2713,Qatar Airways,BOM,CCU,1363,157,152,0,28,17
2714,Qatar Airways,CCU,BOM,796,271,224,0,30,99
2715,Qatar Airways,BLR,BOM,1180,27,270,0,74,83
2716,IndiGo,BOM,BLR,150,152,174,0,86,53
2717,Air India,HYD,MAA,1201,131,55,0,29,59
2718,Go First,BLR,DEL,111,237,129,0,24,70
2719,Air India,CCU,BOM,682,92,193,0,79,99
2720,SpiceJet,MAA,DEL,1161,188,192,0,57,0
2721,SpiceJet,DEL,HYD,1256,189,206,0,56,36
2722,SpiceJet,BOM,HYD,331,31,271,0,86,48
2723,Emirates,MAA,MAA,892,136,147,1,62,34
2724,Qatar Airways,CCU,BOM,1330,55,56,0,96,66
2725,Emirates,HYD,BLR,160,182,224,0,114,34
2726,IndiGo,DEL,BOM,1425,287,111,0,36,92
2727,SpiceJet,MAA,DEL,277,27,69,0,57,8
2728,Go First,DEL,CCU,1343,130,-1,0,27,36
2729,Air India,BOM,HYD,896,95,232,0,26,59
2730,Qatar Airways,CCU,DEL,496,141,296,0,69,55
2731,Vistara,HYD,MAA,1386,27,267,0,101,88
2732,Go First,CCU,HYD,1395,86,-14,0,36,11
2733,Qatar Airways,DEL,BLR,654,97,58,0,5,70
2734,Emirates,MAA,HYD,1059,108,48,0,88,70
2735,Emirates,BOM,CCU,302,140,245,0,76,3
2736,Go First,BOM,BOM,437,63,308,0,61,60
2737,Emirates,CCU,CCU,725,46,223,0,96,44
2738,SpiceJet,MAA,CCU,1055,241,263,0,32,94
2739,IndiGo,MAA,BOM,185,281,185,0,88,49
2740,Air India,DEL,HYD,1197,244,277,0,77,49
2741,IndiGo,CCU,MAA,672,243,270,0,39,73
2742,Qatar Airways,CCU,BOM,1273,248,205,0,40,47
2743,Air India,BLR,BOM,1000,259,146,0,118,22
2744,Air India,CCU,BLR,278,23,167,0,41,89
2745,IndiGo,BOM,HYD,682,227,249,0,101,86
2746,Go First,DEL,BOM,1025,168,116,0,8,92
2747,Air India,MAA,MAA,1217,93,306,1,17,7
2748,IndiGo,CCU,DEL,1189,18,104,0,14,82
2749,Air India,DEL,HYD,1010,216,203,0,3,28
2750,Vistara,CCU,BLR,924,221,144,0,33,42
2751,Go First,MAA,CCU,1133,293,284,1,61,52
2752,SpiceJet,HYD,BOM,379,106,93,0,37,5
2753,Air India,MAA,MAA,834,196,222,0,80,92
2754,Vistara,MAA,HYD,998,174,277,0,70,23
2755,SpiceJet,MAA,MAA,284,127,51,0,95,73
2756,SpiceJet,CCU,MAA,420,153,300,0,118,13
2757,Qatar Airways,BLR,CCU,112,64,171,0,22,51
2758,Air India,MAA,BLR,1017,222,20,0,19,69
2759,IndiGo,BOM,HYD,227,273,33,0,110,3
2760,Air India,BOM,BOM,527,244,240,0,55,57
2761,Vistara,DEL,BLR,495,-2,91,0,52,78
2762,SpiceJet,BLR,BOM,30,192,-8,0,1,36
2763,Air India,DEL,DEL,161,294,220,0,20,47
2764,IndiGo,BOM,MAA,704,80,162,0,75,38
2765,Qatar Airways,BOM,DEL,721,139,226,0,41,91
2766,Air India,HYD,MAA,1401,165,25,0,56,65
2767,Go First,MAA,CCU,445,22,229,0,48,12
2768,Qatar Airways,BOM,BLR,743,173,97,0,90,65
2769,IndiGo,CCU,BOM,426,146,240,0,113,59
2770,Vistara,CCU,CCU,503,42,150,0,111,40
2771,SpiceJet,DEL,BOM,720,285,62,0,9,31
2772,Air India,DEL,BLR,683,191,191,0,71,51
2773,IndiGo,MAA,HYD,581,263,295,0,60,4
2774,Qatar Airways,MAA,DEL,1057,164,180,0,20,66
2775,Go First,HYD,DEL,735,233,305,0,59,65
2776,IndiGo,BLR,BOM,690,258,48,0,85,77
2777,Emirates,DEL,BOM,757,63,124,0,12,51
2778,Go First,MAA,BOM,753,85,26,0,47,48
2779,Qatar Airways,DEL,BLR,23,162,290,0,39,28
2780,Vistara,MAA,HYD,1239,144,193,0,62,37
2781,SpiceJet,BOM,DEL,54,172,288,0,75,69
2782,Qatar Airways,DEL,CCU,1049,278,57,0,80,97
2783,Vistara,BOM,MAA,1304,247,137,0,111,7
2784,Air India,DEL,BLR,803,64,119,0,8,58
2785,IndiGo,BLR,DEL,326,163,248,0,56,54
2786,Emirates,HYD,HYD,969,220,200,0,50,1
2787,Go First,CCU,BLR,185,236,193,0,112,25
2788,Go First,CCU,CCU,494,150,188,0,119,62
2789,IndiGo,CCU,DEL,1035,175,94,0,39,16
2790,Emirates,BOM,BLR,433,132,15,0,75,58
2791,IndiGo,MAA,DEL,207,271,-4,0,72,87
2792,Air India,CCU,DEL,132,117,111,0,63,94
2793,Vistara,BLR,HYD,1362,155,297,1,93,15
2794,Qatar Airways,CCU,MAA,1219,16,178,0,69,57
2795,Go First,DEL,HYD,1285,235,124,0,63,63
2796,Air India,BOM,DEL,1305,124,11,0,24,49
2797,Vistara,DEL,BLR,368,191,30,0,27,84
2798,Air India,DEL,CCU,1126,10,119,0,9,25
2799,Emirates,DEL,HYD,1206,68,301,0,104,16
2800,Go First,HYD,MAA,422,147,42,0,27,45
2801,Qatar Airways,HYD,DEL,1032,83,-3,0,92,67
2802,IndiGo,MAA,CCU,243,-3,84,0,35,49
2803,IndiGo,BOM,HYD,781,248,33,0,10,42
2804,Vistara,BLR,HYD,623,44,275,1,20,47
2805,Qatar Airways,BLR,HYD,566,25,78,0,117,67
2806,SpiceJet,BLR,HYD,1416,-5,79,0,101,18
2807,Emirates,DEL,CCU,526,31,129,0,25,24
2808,Vistara,HYD,BLR,36,39,56,0,17,71
2809,SpiceJet,BOM,MAA,177,101,-6,0,67,17
2810,Air India,DEL,MAA,638,135,146,0,107,50
2811,Emirates,HYD,DEL,851,219,198,0,40,17
2812,Air India,HYD,BOM,71,200,-12,0,14,57
2813,Qatar Airways,CCU,BLR,351,295,208,0,22,63
2814,Go First,CCU,DEL,622,19,13,0,40,70
2815,Emirates,BOM,DEL,1172,284,286,0,5,56
2816,SpiceJet,BOM,HYD,104,105,187,0,106,16
2817,Go First,BOM,BOM,220,215,61,0,70,58
2818,IndiGo,DEL,BOM,862,48,43,0,109,66
2819,SpiceJet,MAA,BLR,1397,65,180,0,59,85
2820,Vistara,BOM,BOM,517,205,306,0,111,14
2821,IndiGo,CCU,DEL,1283,121,91,0,78,94
2822,IndiGo,MAA,BOM,298,293,-7,0,51,99
2823,Vistara,DEL,BOM,860,70,4,0,8,25
2824,Emirates,MAA,MAA,41,294,133,0,114,47
2825,IndiGo,BLR,DEL,770,56,1,0,29,13
2826,Qatar Airways,MAA,CCU,896,219,-4,0,43,80
2827,SpiceJet,BOM,BOM,491,266,66,0,61,8
2828,Go First,DEL,BOM,1070,61,51,0,42,6
2829,IndiGo,BOM,HYD,84,198,117,0,27,90
2830,SpiceJet,CCU,BOM,1081,261,37,0,93,91
2831,Air India,BLR,BOM,990,133,190,0,7,54
2832,SpiceJet,CCU,MAA,710,240,217,0,98,11
2833,Go First,BOM,DEL,208,273,38,0,50,16
2834,SpiceJet,BOM,BLR,1271,168,52,0,98,72
2835,Vistara,BOM,DEL,1234,69,275,1,89,7
2836,Go First,HYD,HYD,38,46,153,0,29,90
2837,Emirates,BLR,DEL,1275,297,145,0,98,41
2838,Air India,BOM,BOM,925,163,-1,0,101,75
2839,Vistara,BOM,HYD,761,227,175,0,10,36
2840,Emirates,CCU,DEL,1436,155,-1,0,19,19
2841,SpiceJet,CCU,HYD,945,73,271,0,109,0
2842,Go First,BOM,BLR,51,37,-6,0,30,8
2843,Air India,DEL,DEL,373,116,41,0,33,23
2844,Vistara,HYD,CCU,930,158,183,0,11,33
2845,Emirates,CCU,BOM,155,56,145,0,47,35
2846,Emirates,DEL,HYD,1113,183,247,0,27,3
2847,Air India,HYD,CCU,678,144,237,0,66,28
2848,Qatar Airways,BOM,CCU,350,149,103,0,116,86
2849,SpiceJet,BLR,MAA,68,173,64,0,62,98
2850,Air India,MAA,HYD,1186,255,108,0,47,15
2851,Emirates,MAA,CCU,1265,157,297,0,41,7
2852,IndiGo,BOM,MAA,1406,134,56,0,51,90
2853,Vistara,CCU,CCU,1075,175,152,0,4,38
2854,Air India,DEL,BOM,653,251,268,0,76,57
2855,Qatar Airways,BLR,BLR,62,263,20,0,11,11
2856,Emirates,HYD,MAA,508,212,296,0,58,43
2857,SpiceJet,BOM,BLR,291,31,159,0,64,3
2858,Emirates,BLR,HYD,1114,-7,183,0,51,24
2859,SpiceJet,BLR,BOM,820,265,100,0,42,69
2860,Air India,CCU,MAA,1388,273,299,0,82,66
2861,SpiceJet,HYD,HYD,149,182,204,0,92,38
2862,Go First,BLR,CCU,1294,93,50,0,62,23
2863,Go First,CCU,DEL,880,236,249,0,110,84
2864,Go First,DEL,HYD,1139,289,118,1,49,5
2865,Qatar Airways,CCU,BLR,703,12,103,0,111,96
2866,Qatar Airways,DEL,BOM,515,292,106,0,38,71
2867,IndiGo,DEL,BOM,1264,2,305,0,41,32
2868,Qatar Airways,BLR,HYD,29,133,71,0,88,47
2869,Air India,CCU,CCU,1166,207,273,0,79,66
2870,Emirates,DEL,DEL,325,172,121,0,16,1
2871,Emirates,HYD,BLR,948,231,37,1,91,37
2872,IndiGo,BLR,HYD,15,182,189,0,102,39
2873,Qatar Airways,CCU,HYD,110,261,35,0,42,55
2874,SpiceJet,CCU,BOM,871,154,311,0,48,87
2875,IndiGo,MAA,BLR,712,169,24,0,4,20
2876,SpiceJet,CCU,DEL,106,106,234,0,0,81
2877,SpiceJet,BLR,BOM,378,255,202,0,66,34
2878,Vistara,HYD,HYD,161,27,163,0,111,74
2879,Emirates,CCU,BOM,282,33,23,0,23,74
2880,Go First,MAA,BOM,268,63,167,0,28,66
2881,Qatar Airways,BLR,MAA,483,215,208,0,14,59
2882,SpiceJet,DEL,BOM,666,296,148,0,3,22
2883,Vistara,BOM,CCU,1096,297,218,0,43,64
2884,Emirates,BOM,BOM,1220,2,177,0,64,62
2885,Go First,DEL,CCU,1266,1,69,0,112,22
2886,SpiceJet,CCU,BLR,597,39,227,0,119,85
2887,SpiceJet,BOM,BOM,798,238,157,1,78,41
2888,IndiGo,BOM,DEL,1282,108,21,0,87,93
2889,IndiGo,DEL,CCU,797,46,71,0,115,63
2890,Emirates,CCU,CCU,1172,171,113,0,30,65
2891,Go First,CCU,HYD,389,253,178,0,19,80
2892,SpiceJet,DEL,BLR,415,95,303,0,9,40
2893,Emirates,CCU,BOM,425,180,27,0,10,19
2894,Emirates,CCU,DEL,996,126,143,0,81,8
2895,Air India,BLR,HYD,1240,177,89,0,97,56
2896,Qatar Airways,BLR,BLR,866,109,213,0,27,74
2897,IndiGo,DEL,CCU,85,231,201,0,37,16
2898,Go First,HYD,DEL,1239,61,248,1,79,77
2899,SpiceJet,BOM,BOM,422,232,33,0,23,81
2900,Emirates,BLR,MAA,1343,120,107,0,38,17
2901,SpiceJet,BOM,MAA,117,258,287,0,118,62
2902,Air India,MAA,BLR,958,41,9,0,50,71
2903,Go First,DEL,DEL,881,51,115,0,75,92
2904,Emirates,HYD,HYD,991,108,208,0,49,71
2905,SpiceJet,MAA,DEL,414,253,83,0,105,25
2906,IndiGo,MAA,CCU,598,228,274,0,6,91
2907,Qatar Airways,CCU,MAA,39,244,181,0,99,71
2908,Air India,MAA,BLR,1184,162,93,0,80,83
2909,Go First,DEL,BOM,702,298,204,0,112,71
2910,Air India,BLR,DEL,536,226,248,0,67,77
2911,IndiGo,DEL,MAA,419,84,192,0,52,12
2912,Go First,BLR,HYD,663,46,303,0,36,16
2913,Air India,MAA,BLR,94,56,66,0,96,25
2914,Vistara,MAA,BOM,972,35,9,0,82,5
2915,IndiGo,HYD,DEL,649,83,170,0,53,80
2916,IndiGo,BLR,HYD,287,127,-8,0,89,3
2917,IndiGo,MAA,BOM,411,82,108,0,54,88
2918,Vistara,CCU,CCU,399,221,133,0,74,6
2919,Vistara,BOM,MAA,527,38,82,0,30,16
2920,SpiceJet,HYD,CCU,1041,12,200,1,64,85
2921,Emirates,DEL,MAA,135,51,85,0,103,91
2922,Qatar Airways,HYD,HYD,758,256,202,0,99,49
2923,Air India,BOM,CCU,1271,107,243,1,92,5
2924,SpiceJet,BLR,MAA,842,77,-5,1,88,29
2925,Air India,DEL,BLR,709,78,43,0,58,73
2926,Qatar Airways,DEL,HYD,1024,44,234,0,117,55
2927,Emirates,BLR,MAA,380,142,124,0,46,38
2928,Vistara,HYD,DEL,508,228,319,0,48,13
2929,Emirates,MAA,MAA,805,254,22,0,17,53
2930,Vistara,HYD,CCU,475,257,106,0,2,21
2931,Qatar Airways,BOM,BLR,953,102,49,0,17,56
2932,Emirates,CCU,BOM,848,155,130,0,57,40
2933,SpiceJet,MAA,BOM,896,145,286,1,70,89
2934,Go First,HYD,MAA,31,-3,109,0,91,9
2935,SpiceJet,CCU,BOM,117,191,296,0,80,1
2936,Air India,CCU,MAA,1207,206,175,1,24,66
2937,SpiceJet,BLR,BLR,190,281,247,0,17,47
2938,Qatar Airways,BOM,BOM,73,39,280,0,51,41
2939,IndiGo,BOM,CCU,622,96,166,0,103,10
2940,Air India,BOM,CCU,1126,-2,143,0,42,73
2941,Emirates,MAA,DEL,870,222,292,0,66,11
2942,Air India,DEL,MAA,585,177,271,0,88,13
2943,Go First,MAA,BOM,419,298,146,0,6,29
2944,Vistara,HYD,CCU,472,99,247,0,110,59
2945,Emirates,CCU,BLR,113,134,201,0,73,76
2946,Air India,CCU,BLR,1402,217,165,0,43,29
2947,Emirates,DEL,DEL,1336,298,75,0,43,37
2948,Emirates,HYD,BLR,329,103,1,0,50,74
2949,Emirates,DEL,BLR,338,52,109,0,82,64
2950,Vistara,CCU,BOM,237,264,244,0,78,90
2951,Qatar Airways,MAA,MAA,1196,113,198,0,84,46
2952,SpiceJet,BOM,HYD,78,75,223,0,20,38
2953,Emirates,CCU,BLR,463,59,164,0,36,48
2954,IndiGo,BLR,BLR,604,36,156,0,27,72
2955,Qatar Airways,BOM,HYD,561,188,127,0,108,57
2956,Go First,CCU,BLR,284,190,301,0,31,89
2957,Vistara,MAA,BOM,222,265,228,0,56,88
2958,Air India,DEL,BOM,592,26,216,0,40,16
2959,Vistara,BOM,HYD,1289,192,156,0,53,5
2960,Air India,MAA,CCU,372,119,261,0,26,14
2961,Vistara,HYD,BLR,1256,281,61,0,86,66
2962,Air India,BLR,CCU,910,53,287,0,73,94
2963,Emirates,BOM,BLR,827,252,315,0,39,27
2964,SpiceJet,DEL,MAA,235,109,33,1,40,72
2965,Air India,HYD,BLR,670,267,232,0,69,43
2966,Air India,MAA,BOM,827,191,267,0,23,17
2967,IndiGo,BLR,DEL,762,35,271,0,17,31
2968,Air India,DEL,DEL,1337,157,16,0,73,82
2969,IndiGo,MAA,DEL,379,99,142,0,55,68
2970,Go First,MAA,DEL,793,35,2,0,14,43
2971,Emirates,BOM,CCU,613,201,47,0,108,69
2972,IndiGo,BOM,CCU,562,17,112,0,106,62
2973,SpiceJet,DEL,BLR,419,76,0,0,97,75
2974,Qatar Airways,CCU,CCU,51,280,147,0,71,57
2975,Emirates,CCU,BLR,818,146,235,0,113,46
2976,IndiGo,MAA,MAA,204,254,121,0,34,16
2977,Emirates,BOM,BLR,1000,254,302,0,118,38
2978,Emirates,BLR,DEL,730,11,279,1,26,58
2979,Emirates,BLR,HYD,256,245,163,0,88,6
2980,Go First,MAA,HYD,184,180,213,0,2,62
2981,SpiceJet,BOM,BOM,144,221,164,0,20,56
2982,Vistara,DEL,BOM,1037,175,56,0,38,74
2983,Vistara,DEL,BLR,245,172,302,0,31,33
2984,IndiGo,DEL,HYD,186,191,67,0,49,52
2985,Emirates,BLR,DEL,1360,54,120,0,116,65
2986,IndiGo,BOM,CCU,1282,32,202,0,84,77
2987,Go First,BOM,DEL,865,210,93,0,8,81
2988,Go First,BLR,DEL,39,6,103,0,49,47
2989,Air India,DEL,BLR,600,274,2,0,0,59
2990,Go First,DEL,BLR,961,172,316,0,3,42
2991,Air India,MAA,MAA,985,33,138,0,3,72
2992,SpiceJet,CCU,DEL,1374,177,-5,0,112,3
2993,IndiGo,HYD,DEL,8,252,122,0,89,77
2994,Qatar Airways,CCU,BLR,349,163,46,0,118,74
2995,SpiceJet,BOM,BLR,83,43,55,0,33,93
2996,Go First,BOM,MAA,532,209,45,0,26,90
2997,SpiceJet,BOM,MAA,988,35,116,0,14,92
2998,SpiceJet,CCU,BOM,357,249,45,0,108,51
2999,SpiceJet,HYD,HYD,377,184,253,0,31,31
3000,Go First,MAA,DEL,171,50,-4,0,40,93
3001,Qatar Airways,CCU,DEL,1048,155,19,0,70,89
3002,Emirates,HYD,MAA,392,149,35,0,60,93
3003,SpiceJet,DEL,MAA,1126,140,27,0,62,50
3004,Air India,DEL,BOM,701,100,212,0,60,9
3005,Go First,BOM,HYD,1259,26,95,0,107,11
3006,SpiceJet,BLR,BOM,1433,-8,306,0,107,96
3007,Qatar Airways,BOM,HYD,548,2,-1,1,13,97
3008,Emirates,BLR,CCU,783,151,161,0,22,81
3009,Go First,HYD,DEL,331,253,146,0,110,38
3010,Vistara,DEL,BOM,793,72,23,0,64,79
3011,Emirates,CCU,MAA,648,254,10,0,31,67
3012,Air India,BLR,BOM,982,208,96,0,40,9
3013,SpiceJet,HYD,CCU,1052,135,35,0,25,91
3014,Qatar Airways,DEL,BOM,542,287,82,0,47,81
3015,Vistara,CCU,DEL,1042,286,154,0,72,72
3016,Qatar Airways,BLR,CCU,1171,150,40,0,15,85
3017,Vistara,BOM,MAA,490,218,205,0,30,9
3018,Go First,BOM,MAA,282,223,309,0,65,22
3019,Vistara,BOM,BLR,861,78,130,0,31,76
3020,Air India,HYD,CCU,112,299,244,0,9,87
3021,Air India,BOM,BLR,1353,204,113,0,24,12
3022,IndiGo,MAA,BLR,1278,86,34,0,81,47
3023,Air India,DEL,DEL,1422,202,310,1,108,88
3024,Emirates,HYD,BOM,861,89,4,0,97,43
3025,Vistara,CCU,MAA,609,134,158,1,92,92
3026,Air India,BOM,MAA,507,-1,267,0,44,79
3027,Go First,DEL,BOM,465,33,10,0,23,63
3028,Qatar Airways,BLR,MAA,823,240,144,0,2,39
3029,Qatar Airways,BOM,BOM,1430,216,-6,0,61,5
3030,IndiGo,DEL,CCU,608,238,66,0,78,71
3031,Qatar Airways,MAA,DEL,1121,158,240,0,66,97
3032,Vistara,BLR,DEL,289,119,89,0,54,81
3033,IndiGo,MAA,DEL,867,8,124,0,94,42
3034,Vistara,CCU,BOM,1179,224,186,0,9,31
3035,Go First,DEL,BOM,781,-10,8,0,101,48
3036,IndiGo,MAA,HYD,161,119,30,0,54,73
3037,SpiceJet,CCU,MAA,623,16,201,0,21,97
3038,Emirates,DEL,MAA,716,-9,39,0,13,86
3039,Emirates,DEL,HYD,1120,239,62,0,72,18
3040,Vistara,MAA,HYD,1400,211,143,0,81,83
3041,Qatar Airways,DEL,DEL,566,127,256,0,7,51
3042,SpiceJet,BOM,HYD,993,264,132,0,101,51
3043,IndiGo,DEL,BOM,1140,130,22,0,14,33
3044,SpiceJet,HYD,BLR,1212,245,95,0,109,58
3045,SpiceJet,CCU,BOM,1346,84,-1,0,14,80
3046,Qatar Airways,DEL,HYD,595,162,62,0,51,4
3047,IndiGo,HYD,MAA,1203,46,60,0,69,65
3048,Go First,DEL,BOM,1204,91,312,0,53,40
3049,Qatar Airways,DEL,MAA,958,158,259,0,75,33
3050,SpiceJet,MAA,BOM,1012,59,181,0,41,53
3051,SpiceJet,BOM,MAA,1310,38,203,0,18,19
3052,Go First,CCU,CCU,474,-6,47,0,39,53
3053,SpiceJet,BOM,BOM,617,191,16,0,68,65
3054,SpiceJet,BLR,MAA,640,191,217,1,26,91
3055,SpiceJet,MAA,BLR,261,168,94,1,73,17
3056,Emirates,MAA,DEL,161,46,149,0,42,43
3057,Qatar Airways,BOM,BOM,180,175,178,0,51,47
3058,Air India,MAA,BLR,724,81,-9,0,45,34
3059,Qatar Airways,BOM,DEL,468,281,123,0,13,78
3060,Go First,MAA,BOM,20,216,271,0,63,38
3061,SpiceJet,DEL,BLR,1298,101,285,0,60,2
3062,Qatar Airways,BOM,BLR,259,137,40,1,97,18
3063,Emirates,BOM,CCU,1356,258,144,0,57,86
3064,Go First,HYD,BLR,465,192,133,0,48,82
3065,Vistara,MAA,CCU,1139,45,271,0,78,17
3066,Qatar Airways,MAA,HYD,1436,290,241,0,28,93
3067,Vistara,BOM,MAA,536,174,123,0,118,82
3068,SpiceJet,DEL,DEL,951,43,308,0,25,4
3069,Emirates,DEL,MAA,765,26,276,0,26,54
3070,Emirates,CCU,MAA,958,200,319,0,66,12
3071,Qatar Airways,DEL,CCU,933,282,171,0,66,33
3072,Go First,MAA,MAA,850,259,307,0,34,87
3073,Go First,HYD,BLR,1280,209,168,0,59,17
3074,Emirates,BOM,CCU,1191,217,291,0,60,67
3075,Go First,BLR,MAA,532,200,246,0,98,99
3076,Emirates,HYD,CCU,14,287,294,0,113,71
3077,Qatar Airways,BLR,HYD,49,-10,129,0,69,42
3078,Air India,HYD,CCU,998,12,245,0,77,64
3079,Emirates,DEL,BOM,303,273,-14,1,89,40
3080,Vistara,MAA,BLR,415,177,298,0,2,37
3081,Go First,BLR,DEL,304,7,-4,0,32,99
3082,Emirates,HYD,BOM,195,38,245,0,41,37
3083,Emirates,MAA,BOM,812,36,153,0,12,12
3084,Qatar Airways,BLR,BOM,799,104,132,0,28,21
3085,Go First,BOM,MAA,387,28,184,0,8,28
3086,Air India,HYD,CCU,756,206,296,0,31,8
3087,Qatar Airways,BOM,CCU,454,199,54,0,21,90
3088,Air India,DEL,MAA,712,251,296,1,85,67
3089,Qatar Airways,BOM,BLR,704,200,38,0,57,16
3090,Go First,BOM,MAA,847,42,243,0,56,36
3091,IndiGo,CCU,MAA,1333,270,12,0,97,63
3092,Go First,HYD,MAA,1150,122,104,0,9,66
3093,Go First,DEL,BLR,174,253,117,1,24,3
3094,Air India,BOM,BLR,1157,284,74,0,61,39
3095,Air India,MAA,HYD,1089,100,0,0,62,15
3096,Go First,BLR,HYD,1416,32,271,1,75,10
3097,Go First,BOM,HYD,1388,227,268,0,114,90
3098,Go First,DEL,HYD,278,236,214,0,2,25
3099,Air India,BOM,CCU,757,-7,121,0,82,94
3100,Go First,BLR,BOM,362,162,279,0,96,97
3101,Go First,DEL,BOM,170,182,211,0,46,71
3102,SpiceJet,HYD,HYD,1074,-8,11,0,54,64
3103,IndiGo,DEL,HYD,1351,267,316,0,25,1
3104,Vistara,HYD,DEL,664,45,101,0,12,90
3105,IndiGo,DEL,BOM,591,263,73,0,6,44
3106,SpiceJet,BLR,DEL,930,165,91,0,33,42
3107,Vistara,BLR,DEL,1168,105,205,0,21,2
3108,Qatar Airways,DEL,MAA,273,73,207,0,83,33
3109,Go First,BOM,CCU,1178,148,106,0,106,79
3110,SpiceJet,BLR,BLR,507,275,17,0,22,64
3111,Qatar Airways,HYD,BOM,362,69,75,0,47,63
3112,Go First,HYD,HYD,1348,55,168,0,13,6
3113,Air India,MAA,HYD,847,198,242,0,93,34
3114,Emirates,CCU,BLR,654,-1,-3,0,86,21
3115,SpiceJet,CCU,BOM,297,188,8,0,110,47
3116,Air India,CCU,HYD,493,48,309,0,51,31
3117,SpiceJet,HYD,HYD,545,223,18,0,82,25
3118,SpiceJet,MAA,MAA,303,296,231,0,38,5
3119,Air India,CCU,DEL,903,233,3,0,40,45
3120,Vistara,CCU,HYD,238,43,14,0,35,54
3121,IndiGo,DEL,CCU,649,-2,33,0,5,74
3122,Go First,DEL,BOM,883,90,164,0,22,94
3123,SpiceJet,DEL,CCU,1199,284,210,0,9,54
3124,Go First,BOM,BLR,409,192,62,0,98,84
3125,Emirates,CCU,MAA,725,142,191,0,84,56
3126,Air India,BOM,BOM,1387,99,19,0,95,85
3127,Go First,MAA,MAA,1046,255,234,0,59,62
3128,Air India,HYD,DEL,317,141,55,0,29,0
3129,Go First,CCU,HYD,524,72,294,1,96,20
3130,IndiGo,HYD,BOM,904,123,263,0,69,19
3131,IndiGo,DEL,BLR,1299,149,136,0,4,72
3132,IndiGo,CCU,DEL,1023,28,211,1,118,90
3133,IndiGo,BLR,DEL,619,165,227,0,78,28
3134,IndiGo,BOM,MAA,952,2,-6,0,56,42
3135,IndiGo,BOM,DEL,1252,56,301,0,42,96
3136,Air India,CCU,BOM,1131,237,32,0,51,44
3137,SpiceJet,DEL,MAA,800,30,96,0,88,64
3138,Go First,BOM,DEL,915,173,188,0,76,2
3139,IndiGo,DEL,BLR,1199,24,141,0,5,95
3140,Air India,MAA,CCU,319,279,10,0,100,19
3141,Air India,HYD,BOM,1309,65,292,0,1,80
3142,Air India,BLR,BLR,875,59,150,0,16,36
3143,SpiceJet,HYD,BLR,328,223,233,0,87,37
3144,Go First,HYD,MAA,752,0,246,0,11,73
3145,SpiceJet,MAA,HYD,656,272,248,1,43,44
3146,Vistara,BOM,MAA,1379,293,1,0,53,92
3147,Qatar Airways,BLR,BOM,1037,13,60,0,77,41
3148,Air India,BOM,BOM,1298,263,238,0,6,45
3149,Vistara,CCU,MAA,70,16,190,0,117,59
3150,Emirates,HYD,HYD,826,43,18,0,89,95
3151,IndiGo,CCU,MAA,1218,44,131,0,31,12
3152,Qatar Airways,DEL,BOM,864,222,310,1,28,30
3153,IndiGo,HYD,HYD,927,266,212,0,45,67
3154,SpiceJet,BOM,BOM,105,109,102,0,102,61
3155,Qatar Airways,HYD,HYD,769,214,149,0,72,48
3156,Go First,DEL,HYD,892,47,22,0,77,17
3157,Vistara,MAA,MAA,195,244,280,0,52,74
3158,Go First,CCU,MAA,144,165,121,0,80,52
3159,SpiceJet,CCU,MAA,1373,43,293,0,112,17
3160,IndiGo,BOM,HYD,470,135,230,1,24,50
3161,Qatar Airways,HYD,HYD,215,248,182,0,52,40
3162,Go First,BOM,BOM,1116,141,50,0,93,96
3163,Go First,MAA,BLR,259,251,64,0,108,66
3164,IndiGo,HYD,MAA,933,8,36,0,28,64
3165,Qatar Airways,HYD,CCU,574,160,113,0,92,82
3166,Vistara,BOM,BOM,284,186,-15,0,81,5
3167,IndiGo,BOM,BOM,483,62,151,0,94,73
3168,Go First,DEL,DEL,371,292,0,0,82,36
3169,Vistara,MAA,MAA,69,74,129,0,80,11
3170,Vistara,DEL,BOM,378,273,96,0,5,80
3171,IndiGo,CCU,DEL,1302,291,86,0,75,90
3172,Go First,HYD,CCU,301,121,66,0,37,1
3173,SpiceJet,BOM,CCU,254,109,83,0,2,52
3174,Go First,HYD,MAA,943,205,143,0,110,24
3175,Air India,HYD,HYD,691,125,24,0,34,27
3176,Qatar Airways,BLR,DEL,1287,105,139,0,54,44
3177,Emirates,CCU,HYD,833,50,20,0,46,36
3178,SpiceJet,BLR,CCU,716,6,231,0,32,16
3179,Vistara,HYD,CCU,423,23,-12,0,116,68
3180,SpiceJet,BOM,BLR,212,9,265,0,92,55
3181,Qatar Airways,HYD,BLR,99,197,318,0,2,57
3182,Vistara,CCU,BLR,1135,151,233,0,68,82
3183,Qatar Airways,BLR,BLR,307,288,-4,0,58,3
3184,Vistara,BOM,BOM,677,-1,267,0,77,54
3185,SpiceJet,HYD,BLR,474,83,200,0,99,48
3186,Vistara,MAA,BOM,111,96,303,0,117,37
3187,Vistara,CCU,BOM,1110,94,295,0,91,44
3188,Air India,CCU,MAA,182,60,66,0,104,29
3189,Go First,MAA,BOM,596,73,-2,0,95,95
3190,Go First,HYD,BOM,164,198,40,0,17,36
3191,Emirates,CCU,BLR,814,248,266,0,105,55
3192,Emirates,BOM,BOM,89,228,183,0,103,26
3193,Air India,HYD,HYD,454,291,150,0,76,31
3194,Emirates,HYD,BLR,237,221,276,1,65,10
3195,Qatar Airways,BLR,DEL,533,271,130,0,115,57
3196,SpiceJet,CCU,BLR,726,195,62,0,24,76
3197,IndiGo,CCU,BOM,57,253,96,0,19,34
3198,Qatar Airways,MAA,HYD,541,174,7,0,70,16
3199,IndiGo,BLR,BLR,1021,103,100,0,74,29
3200,IndiGo,BLR,HYD,617,68,126,0,68,17
3201,Air India,CCU,DEL,401,290,181,0,28,29
3202,Qatar Airways,HYD,CCU,1005,39,262,0,17,89
3203,Air India,BLR,DEL,841,84,12,0,71,15
3204,Vistara,MAA,CCU,838,247,283,0,26,74
3205,IndiGo,BLR,MAA,518,51,60,0,41,53
3206,SpiceJet,MAA,CCU,196,131,2,0,65,3
3207,Emirates,BLR,MAA,45,211,84,0,98,14
3208,SpiceJet,MAA,BLR,529,100,108,0,25,75
3209,Emirates,BLR,MAA,1420,93,276,0,22,26
3210,IndiGo,BLR,HYD,999,4,109,0,4,3
3211,IndiGo,BOM,MAA,775,259,-9,0,79,34
3212,IndiGo,MAA,HYD,73,148,7,0,105,84
3213,Air India,MAA,CCU,1439,146,146,0,10,62
3214,Qatar Airways,MAA,CCU,334,16,101,0,18,99
3215,Emirates,DEL,CCU,632,74,5,0,79,65
3216,Qatar Airways,BLR,MAA,687,-2,236,0,95,38
3217,Air India,MAA,CCU,574,265,310,0,11,27
3218,Air India,CCU,MAA,295,216,293,0,1,33
3219,Go First,DEL,MAA,1107,175,68,0,42,32
3220,SpiceJet,BOM,BOM,1038,68,25,0,21,49
3221,SpiceJet,MAA,BOM,1157,205,187,0,25,59
3222,Vistara,MAA,MAA,477,46,112,0,32,71
3223,Air India,DEL,HYD,632,133,126,0,23,71
3224,Emirates,BLR,BLR,318,56,87,0,68,41
3225,Go First,CCU,DEL,1415,264,91,0,20,85
3226,Go First,BOM,BOM,478,94,1,0,45,90
3227,Qatar Airways,MAA,MAA,367,177,9,0,17,27
3228,SpiceJet,BLR,DEL,366,153,48,0,102,74
3229,Air India,CCU,BOM,1311,256,221,0,4,26
3230,Vistara,CCU,BLR,377,40,160,0,7,0
3231,Air India,BOM,HYD,462,115,275,0,84,91
3232,Qatar Airways,HYD,MAA,12,69,277,0,110,90
3233,IndiGo,CCU,BLR,535,172,295,0,56,7
3234,Air India,HYD,BOM,1191,299,140,0,4,45
3235,Qatar Airways,CCU,MAA,269,6,37,0,12,23
3236,IndiGo,BOM,DEL,1093,159,57,0,82,39
3237,IndiGo,DEL,CCU,1341,269,167,0,92,50
3238,Vistara,BOM,HYD,375,293,173,0,65,99
3239,Emirates,BOM,BOM,1112,203,-3,0,36,23
3240,SpiceJet,DEL,HYD,256,187,31,0,89,21
3241,Air India,DEL,MAA,216,-4,144,0,28,73
3242,IndiGo,BLR,CCU,449,0,268,0,68,67
3243,Air India,CCU,BLR,893,1,37,0,31,7
3244,Emirates,BLR,HYD,1164,99,271,0,101,57
3245,SpiceJet,DEL,DEL,1184,122,-8,0,47,14
3246,Emirates,HYD,BOM,31,117,56,0,1,7
3247,SpiceJet,HYD,DEL,1175,137,82,0,68,92
3248,Go First,BOM,HYD,1283,43,71,0,110,41
3249,SpiceJet,MAA,CCU,1302,68,314,1,96,38
3250,Vistara,BOM,BLR,1308,86,85,0,50,34
3251,Emirates,BOM,BLR,609,238,265,0,34,40
3252,IndiGo,MAA,DEL,916,116,273,0,82,47
3253,Go First,CCU,MAA,541,19,221,0,14,77
3254,Vistara,DEL,MAA,147,13,180,0,98,95
3255,Air India,HYD,CCU,655,190,81,0,71,70
3256,Emirates,BOM,BLR,66,120,80,0,110,43
3257,Qatar Airways,MAA,DEL,569,111,245,0,64,96
3258,Qatar Airways,BLR,DEL,1302,139,105,0,37,34
3259,IndiGo,BOM,DEL,747,3,257,0,85,26
3260,SpiceJet,HYD,HYD,442,293,316,0,16,64
3261,IndiGo,DEL,CCU,896,18,36,0,79,69
3262,Qatar Airways,BOM,MAA,398,39,302,0,44,65
3263,Air India,BOM,MAA,1151,229,147,0,0,70
3264,Go First,CCU,HYD,1360,272,174,0,2,71
3265,Go First,MAA,BOM,481,145,261,0,119,62
3266,Emirates,BLR,HYD,947,126,69,0,69,92
3267,Go First,BLR,CCU,185,143,178,0,51,79
3268,Emirates,DEL,DEL,168,70,165,0,52,28
3269,Emirates,HYD,HYD,1283,76,5,0,2,30
3270,Emirates,DEL,DEL,506,253,187,0,110,63
3271,Qatar Airways,BOM,CCU,520,247,186,0,93,85
3272,Qatar Airways,BOM,CCU,160,174,135,0,46,52
3273,SpiceJet,BLR,BLR,1312,169,143,0,74,73
3274,Vistara,HYD,DEL,339,175,294,0,90,67
3275,Emirates,MAA,MAA,1129,112,10,0,85,24
3276,Emirates,HYD,HYD,703,85,293,0,5,12
3277,Vistara,BOM,CCU,1176,82,50,0,101,80
3278,IndiGo,MAA,DEL,822,-8,247,0,104,39
3279,Emirates,HYD,BOM,784,-9,151,0,45,71
3280,SpiceJet,HYD,BLR,1172,294,272,0,94,86
3281,Go First,MAA,BOM,1211,137,138,0,60,6
3282,Go First,BOM,CCU,130,274,190,1,42,31
3283,Air India,HYD,BOM,515,134,137,0,55,23
3284,Air India,MAA,BOM,1286,251,168,0,69,0
3285,Go First,CCU,BLR,535,51,143,0,113,46
3286,Go First,CCU,BLR,740,215,178,0,19,50
3287,Qatar Airways,BOM,BLR,780,20,-14,0,46,35
3288,SpiceJet,MAA,BLR,1318,179,199,0,53,26
3289,Vistara,CCU,BOM,1298,257,159,0,40,69
3290,Air India,MAA,MAA,587,1,59,0,74,41
3291,Qatar Airways,HYD,MAA,1331,180,269,0,65,94
3292,Qatar Airways,BOM,BLR,725,14,111,0,30,75
3293,Vistara,CCU,HYD,942,80,33,0,101,89
3294,Qatar Airways,HYD,DEL,996,77,16,0,63,88
3295,SpiceJet,DEL,CCU,375,263,142,0,89,67
3296,Go First,DEL,HYD,1181,290,-1,0,90,69
3297,Emirates,BOM,CCU,203,100,302,0,57,12
3298,Vistara,CCU,HYD,988,69,318,0,54,24
3299,Go First,CCU,HYD,660,129,227,0,45,94
3300,Go First,CCU,MAA,74,203,1,1,109,21
3301,IndiGo,MAA,DEL,1403,7,6,1,94,98
3302,Vistara,HYD,HYD,740,43,228,0,23,20
3303,Qatar Airways,CCU,BLR,303,86,65,0,76,14
3304,Emirates,HYD,CCU,1085,272,128,0,88,66
3305,Vistara,BOM,MAA,569,223,-8,0,36,36
3306,Qatar Airways,CCU,CCU,785,229,151,0,40,44
3307,Go First,BOM,BLR,1131,43,271,0,24,25
3308,Emirates,CCU,BLR,1210,76,252,0,28,80
3309,Qatar Airways,DEL,HYD,986,250,273,0,30,54
3310,SpiceJet,BLR,BLR,228,225,170,0,106,49
3311,Qatar Airways,BOM,DEL,1071,112,-4,0,102,34
3312,IndiGo,CCU,BLR,267,43,265,0,1,40
3313,Go First,BLR,HYD,726,205,288,0,119,71
3314,Qatar Airways,BOM,CCU,801,186,67,0,11,10
3315,Air India,MAA,BLR,253,28,39,0,4,87
3316,Air India,CCU,MAA,956,217,115,0,60,7
3317,IndiGo,MAA,MAA,869,226,109,0,90,53
3318,SpiceJet,DEL,MAA,86,121,309,0,55,93
3319,Go First,CCU,CCU,1204,157,35,0,97,0
3320,Vistara,DEL,BOM,1048,26,11,0,77,97
3321,IndiGo,BLR,MAA,1411,56,149,0,70,19
3322,SpiceJet,BOM,MAA,221,100,265,0,36,99
3323,Vistara,HYD,BOM,989,208,17,0,35,33
3324,Air India,DEL,CCU,396,198,46,0,73,56
3325,Air India,HYD,MAA,937,76,129,0,28,97
3326,Vistara,HYD,HYD,510,292,155,0,79,12
3327,IndiGo,BOM,CCU,560,168,270,0,37,53
3328,Air India,BLR,MAA,845,2,281,0,84,52
3329,Go First,BOM,MAA,439,289,101,0,101,51
3330,Emirates,CCU,BOM,1198,114,-12,0,40,5
3331,Qatar Airways,DEL,HYD,310,222,50,0,32,35
3332,Vistara,HYD,CCU,1297,240,44,0,92,24
3333,Vistara,BOM,BLR,34,115,271,0,111,90
3334,Air India,BOM,DEL,216,224,213,0,80,57
3335,IndiGo,BOM,HYD,720,127,84,0,12,54
3336,Go First,DEL,BLR,1015,38,103,0,5,94
3337,IndiGo,BLR,HYD,1431,175,53,0,65,2
3338,SpiceJet,BOM,BLR,518,194,136,0,7,27
3339,SpiceJet,DEL,BLR,268,67,264,0,118,67
3340,Emirates,HYD,HYD,637,183,205,0,117,80
3341,Air India,CCU,BOM,474,92,207,0,63,37
3342,Air India,MAA,HYD,1348,94,149,0,95,33
3343,Air India,DEL,HYD,1379,276,195,0,99,83
3344,Emirates,MAA,BLR,89,200,263,0,8,12
3345,SpiceJet,BOM,DEL,1065,239,47,0,22,4
3346,IndiGo,BOM,BLR,1388,282,246,0,70,59
3347,Emirates,DEL,MAA,1225,190,-10,0,94,87
3348,Emirates,MAA,HYD,1389,13,232,0,20,16
3349,IndiGo,BOM,CCU,981,289,213,0,0,56
3350,Air India,HYD,HYD,287,72,270,0,45,30
3351,Go First,BLR,BOM,480,286,241,0,61,91
3352,IndiGo,BLR,CCU,636,168,47,0,1,64
3353,SpiceJet,BOM,BLR,500,287,12,0,103,65
3354,Vistara,MAA,BOM,51,195,37,0,74,32
3355,Vistara,CCU,HYD,102,29,236,0,100,92
3356,Qatar Airways,BOM,BLR,1384,293,22,0,81,3
3357,Qatar Airways,CCU,BLR,698,102,292,0,43,81
3358,Emirates,CCU,MAA,1228,-7,318,0,116,54
3359,Vistara,MAA,MAA,1037,97,123,0,87,23
3360,Go First,CCU,DEL,469,103,37,0,115,31
3361,Air India,HYD,MAA,1327,156,78,0,82,72
3362,SpiceJet,MAA,CCU,426,250,78,0,4,46
3363,Qatar Airways,BOM,BLR,109,95,247,0,92,15
3364,Go First,HYD,MAA,514,213,307,0,38,20
3365,SpiceJet,DEL,DEL,67,251,121,0,65,93
3366,SpiceJet,BLR,HYD,1269,240,240,0,80,66
3367,Air India,BOM,CCU,388,3,21,0,44,96
3368,Emirates,BOM,MAA,307,187,126,0,74,30
3369,Vistara,BOM,BLR,1375,115,131,0,100,13
3370,Air India,HYD,HYD,1089,195,-8,0,12,5
3371,Go First,DEL,BLR,459,129,235,0,92,68
3372,Emirates,MAA,HYD,346,51,119,0,118,28
3373,Go First,DEL,CCU,324,272,43,0,31,54
3374,Emirates,HYD,BLR,666,43,107,0,108,36
3375,Qatar Airways,BOM,MAA,1056,1,247,0,103,58
3376,Go First,BLR,MAA,67,125,104,0,42,35
3377,Air India,BOM,DEL,186,133,243,0,7,84
3378,Emirates,MAA,HYD,191,271,307,0,73,75
3379,Emirates,CCU,DEL,1236,125,2,0,88,58
3380,SpiceJet,BLR,BOM,427,290,285,0,58,86
3381,SpiceJet,BOM,MAA,1374,210,76,0,10,77
3382,IndiGo,BLR,HYD,1131,198,148,0,27,63
3383,Go First,CCU,CCU,1263,112,128,1,96,42
3384,SpiceJet,DEL,DEL,215,105,319,0,38,41
3385,IndiGo,HYD,CCU,176,146,299,0,25,73
3386,Qatar Airways,BOM,CCU,1353,259,222,0,71,59
3387,Qatar Airways,MAA,CCU,560,6,158,0,101,61
3388,SpiceJet,DEL,DEL,880,258,67,0,25,63
3389,Go First,BOM,BOM,625,208,141,0,31,90
3390,Emirates,DEL,DEL,606,227,93,0,45,57
3391,Vistara,MAA,BLR,178,22,162,1,27,1
3392,Go First,BOM,MAA,394,274,234,0,115,77
3393,Air India,CCU,DEL,1168,26,237,0,6,70
3394,Qatar Airways,CCU,DEL,875,92,39,0,34,80
3395,SpiceJet,MAA,BOM,961,200,139,0,65,83
3396,SpiceJet,BLR,BLR,197,269,75,0,21,7
3397,Emirates,MAA,DEL,968,131,110,0,113,55
3398,Air India,BLR,MAA,1107,228,153,1,21,83
3399,Emirates,BOM,MAA,668,218,123,0,2,35
3400,Air India,BLR,DEL,1108,122,-11,0,45,68
3401,Vistara,BOM,CCU,456,114,50,0,49,12
3402,Qatar Airways,BOM,CCU,1276,42,95,0,108,38
3403,SpiceJet,HYD,BLR,71,77,168,0,7,80
3404,SpiceJet,BOM,MAA,222,87,252,0,3,5
3405,Vistara,BLR,CCU,275,84,154,0,14,18
3406,IndiGo,HYD,MAA,1269,177,228,0,43,24
3407,Qatar Airways,HYD,BLR,1364,245,315,0,109,2
3408,Emirates,BOM,BLR,572,62,122,0,115,52
3409,Vistara,MAA,CCU,923,271,12,0,38,27
3410,Emirates,MAA,DEL,470,7,-9,0,119,25
3411,Go First,CCU,HYD,453,153,317,1,75,46
3412,SpiceJet,HYD,BOM,968,135,301,0,28,7
3413,Emirates,BOM,HYD,6,242,35,0,72,56
3414,Air India,MAA,HYD,187,149,120,0,105,54
3415,Emirates,BOM,MAA,3,38,162,0,103,78
3416,Go First,BOM,BLR,906,165,113,0,61,0
3417,Qatar Airways,HYD,MAA,1148,54,181,0,83,39
3418,SpiceJet,CCU,CCU,1038,278,251,0,33,22
3419,Vistara,HYD,BOM,959,39,91,0,25,99
3420,Go First,DEL,CCU,524,-7,32,0,111,53
3421,SpiceJet,MAA,DEL,629,108,122,0,84,41
3422,Emirates,MAA,BOM,1263,153,87,0,86,79
3423,Qatar Airways,MAA,MAA,774,212,31,1,17,49
3424,IndiGo,BLR,MAA,359,145,137,0,62,3
3425,Qatar Airways,BOM,CCU,517,251,-10,0,51,7
3426,IndiGo,HYD,MAA,1343,162,-5,0,53,35
3427,Air India,MAA,MAA,1254,12,1,0,87,9
3428,Qatar Airways,DEL,HYD,1053,50,127,0,41,29
3429,SpiceJet,MAA,DEL,920,123,256,0,92,99
3430,IndiGo,CCU,HYD,1179,13,296,0,101,15
3431,Vistara,BOM,MAA,851,282,50,0,101,29
3432,SpiceJet,BOM,BLR,934,34,315,0,53,63
3433,Vistara,HYD,HYD,900,168,240,0,51,73
3434,Qatar Airways,BLR,MAA,398,52,111,0,12,10
3435,Vistara,HYD,MAA,1369,18,115,0,31,33
3436,IndiGo,MAA,DEL,1218,85,2,0,82,79
3437,SpiceJet,CCU,CCU,167,255,191,0,80,54
3438,Emirates,DEL,BOM,376,280,73,0,65,82
3439,Go First,HYD,HYD,1385,44,227,0,81,3
3440,IndiGo,BLR,HYD,1267,142,1,0,57,48
3441,IndiGo,HYD,HYD,606,208,207,0,38,43
3442,Emirates,BOM,MAA,1010,162,194,0,26,30
3443,SpiceJet,MAA,DEL,588,85,83,0,77,47
3444,SpiceJet,MAA,MAA,1194,112,-3,0,53,98
3445,Qatar Airways,MAA,MAA,1429,1,303,0,78,97
3446,Vistara,MAA,CCU,1230,-7,254,0,71,25
3447,Qatar Airways,MAA,BLR,1177,56,171,0,72,69
3448,Emirates,MAA,DEL,47,134,258,0,84,96
3449,Qatar Airways,DEL,HYD,1024,54,117,0,42,90
3450,Emirates,BLR,BOM,1430,71,-2,0,98,11
3451,SpiceJet,MAA,HYD,1130,94,265,0,51,44
3452,Vistara,BLR,MAA,172,170,28,0,13,7
3453,Qatar Airways,CCU,DEL,505,94,279,0,90,8
3454,IndiGo,MAA,DEL,1153,215,88,0,7,0
3455,Air India,HYD,DEL,397,17,46,0,34,4
3456,Go First,MAA,BLR,293,5,37,0,17,70
3457,IndiGo,BOM,HYD,551,266,293,0,54,81
3458,SpiceJet,DEL,BLR,849,287,102,0,77,53
3459,Go First,HYD,CCU,1039,43,305,0,51,23
3460,Air India,HYD,BOM,884,277,115,0,71,25
3461,Air India,BOM,CCU,1372,103,283,1,48,9
3462,Vistara,MAA,MAA,1003,27,290,1,7,60
3463,Go First,DEL,BLR,1226,219,183,0,36,39
3464,Vistara,HYD,BLR,133,155,20,0,107,43
3465,IndiGo,DEL,CCU,770,171,263,0,65,11
3466,Emirates,HYD,MAA,507,194,200,0,80,21
3467,Emirates,MAA,DEL,1089,234,58,0,76,26
3468,Emirates,CCU,MAA,479,298,290,0,117,66
3469,Go First,HYD,HYD,862,110,39,0,77,81
3470,Emirates,CCU,CCU,458,248,-4,0,40,68
3471,IndiGo,HYD,MAA,1365,199,67,0,104,13
3472,Vistara,BLR,DEL,625,299,16,0,72,24
3473,Go First,MAA,MAA,158,285,70,0,26,51
3474,Vistara,BOM,BLR,160,183,216,0,19,94
3475,Go First,CCU,BOM,1277,57,259,0,37,84
3476,Vistara,BOM,BLR,939,103,185,0,11,58
3477,Air India,MAA,BOM,154,209,35,0,41,37
3478,Vistara,BOM,MAA,485,209,304,0,85,19
3479,Emirates,MAA,HYD,431,207,240,0,100,77
3480,Air India,BOM,MAA,1050,226,225,0,49,19
3481,Vistara,CCU,DEL,1003,287,189,0,102,55
3482,Go First,BLR,MAA,1035,83,180,0,30,29
3483,Go First,BOM,BOM,66,242,228,0,76,40
3484,Go First,CCU,BLR,541,204,304,0,64,83
3485,SpiceJet,HYD,HYD,95,247,-15,0,101,70
3486,IndiGo,MAA,MAA,214,229,73,0,52,62
3487,Go First,DEL,MAA,193,203,266,0,116,68
3488,Air India,DEL,BLR,1313,87,123,0,39,94
3489,Go First,MAA,HYD,884,5,71,0,72,28
3490,SpiceJet,BLR,CCU,38,143,-14,0,38,78
3491,Emirates,BOM,MAA,938,5,152,0,9,88
3492,Air India,BLR,MAA,938,187,103,0,28,76
3493,SpiceJet,DEL,CCU,205,97,64,0,39,43
3494,Emirates,CCU,BOM,941,12,95,0,29,87
3495,Qatar Airways,MAA,BOM,554,31,149,0,1,78
3496,Qatar Airways,MAA,DEL,483,26,203,0,81,87
3497,Air India,BLR,BLR,1360,154,-11,0,27,89
3498,Vistara,CCU,HYD,770,105,199,0,46,82
3499,IndiGo,BLR,MAA,248,139,179,0,31,56
3500,IndiGo,BOM,MAA,1097,-5,266,0,87,23
3501,SpiceJet,HYD,DEL,372,21,-10,0,101,18
3502,Emirates,CCU,MAA,878,134,284,0,119,16
3503,IndiGo,HYD,BLR,834,283,42,1,77,68
3504,Emirates,BOM,DEL,870,282,286,0,88,60
3505,Emirates,HYD,BLR,701,166,86,0,88,3
3506,SpiceJet,DEL,DEL,137,166,32,0,31,21
3507,SpiceJet,HYD,MAA,947,50,260,0,26,73
3508,SpiceJet,BOM,DEL,456,66,147,0,53,84
3509,IndiGo,HYD,BOM,813,75,316,0,95,88
3510,Qatar Airways,MAA,HYD,822,180,180,0,55,5
3511,SpiceJet,BLR,MAA,941,-4,308,0,30,29
3512,IndiGo,DEL,CCU,443,74,116,0,113,92
3513,SpiceJet,MAA,HYD,352,251,50,0,23,74
3514,Go First,MAA,MAA,995,248,67,0,34,10
3515,Emirates,BOM,HYD,793,36,249,0,29,47
3516,SpiceJet,BLR,BOM,410,83,213,0,96,45
3517,Air India,BLR,HYD,677,213,257,0,54,26
3518,Emirates,CCU,DEL,452,268,203,0,63,18
3519,Emirates,DEL,HYD,418,-8,209,0,32,85
3520,SpiceJet,BOM,MAA,449,118,97,0,45,91
3521,Qatar Airways,DEL,CCU,994,238,124,0,90,58
3522,Vistara,CCU,CCU,1138,218,169,0,96,67
3523,Qatar Airways,HYD,BLR,50,120,157,0,32,53
3524,SpiceJet,MAA,HYD,1392,217,-5,0,67,82
3525,Emirates,DEL,CCU,209,166,143,0,63,16
3526,Air India,MAA,HYD,887,20,189,0,29,49
3527,Emirates,BOM,CCU,997,55,214,0,107,39
3528,Qatar Airways,HYD,HYD,992,195,10,0,78,99
3529,Air India,BOM,MAA,849,90,303,0,28,86
3530,IndiGo,HYD,HYD,626,20,143,0,61,91
3531,Go First,HYD,MAA,678,180,262,0,91,10
3532,Emirates,MAA,MAA,776,55,132,0,95,13
3533,SpiceJet,BOM,BLR,1250,292,250,0,99,12
3534,IndiGo,BOM,CCU,662,224,67,0,29,87
3535,Go First,DEL,DEL,267,267,10,0,105,79
3536,SpiceJet,BOM,MAA,115,191,55,0,106,27
3537,Vistara,DEL,CCU,753,214,21,0,101,93
3538,SpiceJet,BLR,BOM,1383,72,117,0,105,43
3539,Air India,BLR,HYD,1352,35,110,0,11,62
3540,Air India,BLR,BOM,1063,78,99,0,66,60
3541,Vistara,CCU,HYD,181,175,76,0,14,90
3542,IndiGo,BOM,BLR,1232,178,226,0,111,16
3543,Go First,CCU,MAA,902,235,184,0,9,49
3544,SpiceJet,BOM,DEL,1296,35,191,0,85,25
3545,Air India,DEL,MAA,1142,246,101,0,60,6
3546,IndiGo,CCU,HYD,1405,50,203,0,22,98
3547,Vistara,CCU,DEL,945,94,289,0,10,78
3548,Qatar Airways,CCU,MAA,257,3,227,0,15,15
3549,Emirates,HYD,DEL,508,290,276,0,48,84
3550,Qatar Airways,DEL,HYD,91,66,266,1,109,16
3551,Qatar Airways,BLR,BLR,1184,219,285,0,79,89
3552,Air India,DEL,BLR,148,156,301,0,13,34
3553,Vistara,HYD,MAA,116,55,156,0,5,83
3554,SpiceJet,BOM,BOM,457,21,60,0,41,83
3555,Qatar Airways,DEL,HYD,564,85,193,1,16,22
3556,Qatar Airways,CCU,MAA,813,47,298,0,118,68
3557,Go First,BLR,MAA,44,93,89,0,94,8
3558,Air India,BLR,BLR,773,123,10,0,41,86
3559,Air India,BOM,DEL,233,206,63,0,116,17
3560,SpiceJet,DEL,HYD,1398,56,112,0,9,92
3561,Emirates,HYD,DEL,196,167,121,0,45,74
3562,IndiGo,BOM,CCU,24,236,318,0,83,47
3563,Go First,DEL,CCU,394,283,20,0,48,71
3564,Air India,MAA,HYD,713,224,43,0,8,90
3565,Go First,BLR,BOM,1059,120,214,0,78,65
3566,Air India,HYD,CCU,222,101,108,0,38,22
3567,Go First,CCU,BLR,863,43,72,0,1,84
3568,Vistara,HYD,BOM,529,279,125,0,67,9
3569,Qatar Airways,CCU,MAA,1211,228,257,0,51,37
3570,Air India,HYD,CCU,1425,229,35,0,87,58
3571,Go First,BLR,BLR,256,284,39,0,81,67
3572,IndiGo,CCU,MAA,653,101,134,0,10,84
3573,Vistara,DEL,BOM,1159,77,137,0,36,42
3574,Vistara,CCU,HYD,590,217,203,0,89,11
3575,IndiGo,BOM,MAA,443,293,203,1,71,52
3576,Go First,DEL,DEL,417,294,242,0,21,13
3577,SpiceJet,BOM,HYD,1315,279,29,0,51,51
3578,IndiGo,HYD,HYD,573,197,253,0,4,83
3579,Go First,DEL,BOM,128,263,295,0,1,71
3580,IndiGo,HYD,BOM,1010,59,144,0,4,90
3581,IndiGo,MAA,BLR,340,209,262,0,98,60
3582,Air India,HYD,BLR,809,220,39,0,31,40
3583,Go First,HYD,DEL,1280,279,129,0,107,20
3584,SpiceJet,BOM,HYD,991,296,219,0,18,47
3585,Qatar Airways,CCU,DEL,99,244,163,0,102,55
3586,Air India,MAA,DEL,38,131,192,0,114,34
3587,IndiGo,HYD,BOM,262,58,120,0,3,43
3588,Qatar Airways,HYD,DEL,149,78,259,0,86,38
3589,Emirates,MAA,DEL,689,125,307,0,45,14
3590,Qatar Airways,MAA,MAA,812,132,167,0,82,11
3591,IndiGo,DEL,BLR,1353,176,45,0,25,97
3592,IndiGo,BOM,BLR,1143,0,47,0,49,7
3593,Go First,MAA,HYD,218,137,199,0,25,93
3594,Go First,MAA,BLR,905,281,123,0,70,66
3595,Air India,BLR,CCU,1146,27,118,1,31,93
3596,SpiceJet,CCU,HYD,243,197,18,0,110,92
3597,Air India,MAA,MAA,885,199,177,0,116,0
3598,Vistara,BOM,BLR,586,-10,304,0,96,79
3599,IndiGo,CCU,MAA,517,54,71,0,43,41
3600,Qatar Airways,CCU,BLR,1044,-10,194,0,25,30
3601,Emirates,HYD,BLR,189,232,65,0,60,73
3602,IndiGo,HYD,MAA,1248,14,306,0,87,29
3603,IndiGo,HYD,DEL,914,39,174,0,50,42
3604,Air India,HYD,DEL,614,230,217,0,58,25
3605,Emirates,BLR,DEL,855,21,153,0,86,11
3606,Emirates,MAA,CCU,465,22,235,0,37,58
3607,Emirates,HYD,DEL,98,189,152,0,25,68
3608,Air India,DEL,BLR,829,223,215,0,44,72
3609,IndiGo,HYD,BOM,1386,15,134,0,30,10
3610,Air India,MAA,MAA,996,31,136,0,69,46
3611,Go First,HYD,BOM,1106,50,22,0,44,22
3612,Go First,BLR,CCU,55,30,281,0,30,80
3613,Air India,BOM,BOM,1045,119,259,0,110,42
3614,Emirates,BOM,HYD,579,187,89,0,60,76
3615,IndiGo,MAA,DEL,184,276,46,0,47,80
3616,Air India,BOM,CCU,521,140,0,0,103,86
3617,Air India,BOM,BLR,263,193,134,0,44,38
3618,Air India,DEL,DEL,1248,171,126,0,108,72
3619,Vistara,MAA,DEL,1061,196,100,0,59,81
3620,Go First,MAA,BOM,1002,136,296,0,60,54
3621,Qatar Airways,BOM,HYD,122,193,49,0,51,17
3622,Emirates,BOM,DEL,1179,37,294,1,51,93
3623,SpiceJet,BOM,MAA,300,247,178,0,75,41
3624,Qatar Airways,CCU,MAA,832,128,145,0,114,25
3625,Emirates,BLR,DEL,1090,161,290,0,80,17
3626,SpiceJet,HYD,BOM,644,90,262,0,61,84
3627,Vistara,BLR,BOM,873,176,280,0,25,40
3628,Air India,MAA,BLR,393,283,23,0,66,41
3629,Vistara,DEL,CCU,660,10,153,0,78,32
3630,Vistara,HYD,CCU,1428,287,52,0,48,42
3631,Qatar Airways,DEL,CCU,1154,-1,-9,0,101,13
3632,IndiGo,CCU,HYD,68,176,69,1,87,54
3633,Qatar Airways,MAA,BOM,1368,122,183,0,114,57
3634,Go First,CCU,BLR,761,22,116,0,93,9
3635,SpiceJet,MAA,MAA,319,58,60,0,43,27
3636,Air India,DEL,CCU,176,69,234,0,35,13
3637,Qatar Airways,DEL,MAA,583,180,193,0,52,82
3638,SpiceJet,DEL,MAA,1183,90,68,0,118,25
3639,Emirates,MAA,DEL,581,274,207,0,43,73
3640,SpiceJet,BOM,HYD,1158,210,237,0,90,16
3641,Emirates,DEL,BLR,110,42,15,0,21,33
3642,Qatar Airways,CCU,HYD,998,149,185,0,1,13
3643,Go First,HYD,DEL,757,31,36,1,6,25
3644,Qatar Airways,MAA,BLR,282,36,56,0,15,33
3645,Emirates,CCU,BLR,193,148,5,0,87,82
3646,SpiceJet,BLR,BOM,966,173,0,0,93,23
3647,SpiceJet,BLR,HYD,1070,235,0,0,43,94
3648,Emirates,HYD,HYD,977,0,159,0,111,69
3649,Vistara,BOM,BOM,341,143,296,0,109,19
3650,Go First,DEL,MAA,1265,209,62,0,64,38
3651,IndiGo,MAA,DEL,521,144,224,0,117,44
3652,Air India,CCU,HYD,1393,272,21,0,90,33
3653,SpiceJet,DEL,BOM,800,176,216,0,72,21
3654,Air India,CCU,BLR,902,51,197,0,70,70
3655,IndiGo,MAA,CCU,130,137,177,0,68,32
3656,Qatar Airways,BLR,BOM,1293,133,44,0,60,5
3657,Air India,DEL,CCU,813,92,173,0,29,15
3658,IndiGo,HYD,MAA,60,289,251,0,41,71
3659,Emirates,BOM,DEL,163,82,110,0,90,22
3660,Vistara,HYD,CCU,271,275,187,0,73,17
3661,SpiceJet,BOM,MAA,132,108,306,0,24,13
3662,IndiGo,CCU,CCU,1267,18,16,0,81,49
3663,Air India,DEL,BLR,997,19,296,1,70,60
3664,SpiceJet,DEL,BLR,37,277,245,0,56,35
3665,Vistara,BOM,BLR,1342,127,78,0,94,14
3666,Emirates,BLR,BLR,1399,40,312,0,31,4
3667,Qatar Airways,MAA,BOM,616,281,84,0,49,52
3668,SpiceJet,HYD,BLR,473,223,269,0,108,47
3669,Qatar Airways,CCU,BLR,58,44,299,0,74,78
3670,IndiGo,HYD,BOM,588,281,9,0,9,10
3671,Vistara,HYD,BLR,498,229,101,0,21,1
3672,Air India,CCU,MAA,1241,25,183,0,94,86
3673,Vistara,CCU,MAA,566,78,263,0,40,23
3674,Vistara,DEL,HYD,566,201,54,0,46,81
3675,Go First,HYD,MAA,1152,234,319,0,13,67
3676,Vistara,MAA,DEL,903,76,63,0,2,78
3677,Vistara,MAA,DEL,382,229,-2,0,87,11
3678,SpiceJet,BOM,DEL,1411,177,13,0,77,58
3679,Air India,CCU,BOM,84,46,128,0,52,66
3680,SpiceJet,DEL,MAA,626,102,-6,0,15,31
3681,SpiceJet,MAA,DEL,825,212,31,0,118,35
3682,IndiGo,BLR,HYD,292,59,244,0,60,20
3683,SpiceJet,DEL,BOM,1072,216,-4,0,27,69
3684,Go First,DEL,HYD,1090,245,282,0,34,65
3685,Go First,MAA,MAA,786,169,210,0,103,8
3686,Qatar Airways,BLR,BLR,128,173,244,0,1,75
3687,IndiGo,BOM,HYD,28,180,68,0,60,43
3688,Qatar Airways,MAA,BLR,1366,221,-10,0,55,58
3689,Qatar Airways,BLR,BOM,1142,265,231,0,97,23
3690,Emirates,DEL,HYD,691,222,19,0,54,62
3691,Air India,BLR,HYD,132,43,159,1,17,77
3692,Air India,DEL,CCU,1350,246,49,0,70,40
3693,SpiceJet,MAA,BOM,1208,79,131,0,48,75
3694,SpiceJet,CCU,BOM,645,215,41,0,101,90
3695,Emirates,MAA,DEL,688,236,177,0,41,73
3696,SpiceJet,HYD,MAA,533,140,-3,0,6,1
3697,Air India,HYD,HYD,1264,102,2,1,3,94
3698,Qatar Airways,HYD,HYD,515,258,230,0,42,27
3699,Vistara,MAA,BOM,959,146,147,0,79,15
3700,Go First,BOM,BOM,164,288,98,0,58,58
3701,Vistara,MAA,MAA,926,148,266,0,48,0
3702,Vistara,CCU,BOM,932,214,217,0,59,85
3703,Air India,BLR,BLR,556,3,150,0,5,0
3704,Vistara,MAA,BLR,1241,98,306,0,19,30
3705,Emirates,MAA,CCU,679,85,10,0,30,21
3706,IndiGo,DEL,BLR,992,184,110,0,82,97
3707,SpiceJet,DEL,BLR,1028,47,297,0,115,75
3708,IndiGo,DEL,MAA,756,283,265,0,21,58
3709,Qatar Airways,MAA,HYD,1104,143,270,0,84,86
3710,Go First,BOM,BLR,1270,53,267,0,81,27
3711,SpiceJet,BLR,CCU,854,147,123,0,31,75
3712,Vistara,BLR,BOM,492,254,85,0,46,26
3713,Go First,CCU,BLR,648,110,-5,0,33,86
3714,SpiceJet,BOM,CCU,1409,277,200,0,114,0
3715,Emirates,BOM,MAA,991,0,14,0,26,1
3716,Emirates,BLR,BOM,1330,203,78,0,101,94
3717,Emirates,HYD,CCU,627,151,100,0,43,65
3718,Emirates,DEL,BLR,624,94,255,0,29,48
3719,Vistara,DEL,HYD,542,136,275,0,32,88
3720,IndiGo,BLR,BOM,6,171,23,0,26,18
3721,SpiceJet,BOM,BOM,953,26,8,0,118,27
3722,Vistara,CCU,HYD,514,71,248,1,55,69
3723,Emirates,HYD,BOM,754,1,27,0,22,38
3724,Qatar Airways,BLR,BLR,72,-7,154,0,42,18
3725,IndiGo,DEL,BOM,9,32,153,0,82,63
3726,Qatar Airways,MAA,BLR,561,40,287,0,53,57
3727,Go First,BOM,HYD,121,250,10,0,94,16
3728,Qatar Airways,MAA,DEL,686,123,164,0,67,69
3729,Go First,CCU,HYD,512,76,134,0,52,78
3730,Go First,BLR,BLR,989,45,117,0,82,85
3731,Emirates,DEL,MAA,440,206,127,0,116,40
3732,Go First,HYD,HYD,1061,57,148,0,101,97
3733,Air India,MAA,MAA,701,33,85,0,39,4
3734,SpiceJet,HYD,MAA,590,132,47,0,59,22
3735,SpiceJet,CCU,BLR,1368,31,77,0,85,68
3736,Emirates,DEL,BLR,1361,128,191,0,8,9
3737,Air India,MAA,DEL,1207,62,295,0,94,67
3738,Qatar Airways,CCU,CCU,66,256,56,0,9,11
3739,Vistara,HYD,BOM,16,183,44,0,9,9
3740,Qatar Airways,HYD,HYD,1406,144,13,0,29,59
3741,Vistara,MAA,BLR,367,235,3,0,9,29
3742,Go First,DEL,HYD,903,207,57,0,57,23
3743,IndiGo,HYD,CCU,1339,242,230,0,35,68
3744,Vistara,BLR,CCU,720,266,297,0,81,12
3745,IndiGo,CCU,MAA,1368,266,308,0,43,99
3746,SpiceJet,MAA,BOM,957,61,71,0,56,8
3747,IndiGo,BOM,DEL,907,118,167,0,42,17
3748,SpiceJet,BOM,HYD,988,175,181,0,111,34
3749,Air India,DEL,BOM,472,2,228,0,82,94
3750,Air India,BLR,DEL,114,209,312,0,106,87
3751,Emirates,HYD,HYD,99,-5,102,0,22,3
3752,Emirates,BOM,BOM,437,228,66,0,3,40
3753,Go First,DEL,BLR,1368,101,231,0,11,25
3754,Vistara,CCU,HYD,348,217,218,0,48,43
3755,Go First,BLR,BOM,138,6,137,0,23,41
3756,SpiceJet,BLR,CCU,827,62,256,0,12,9
3757,Go First,DEL,DEL,323,1,19,0,67,72
3758,IndiGo,DEL,BOM,845,75,197,0,90,0
3759,SpiceJet,HYD,BLR,1325,169,195,0,101,53
3760,Emirates,DEL,HYD,293,111,123,0,102,15
3761,Air India,HYD,HYD,967,193,173,1,71,45
3762,Emirates,HYD,HYD,1315,59,284,0,89,12
3763,Vistara,MAA,BLR,73,97,236,1,33,63
3764,SpiceJet,BLR,DEL,483,190,134,0,8,77
3765,SpiceJet,CCU,HYD,15,41,203,0,9,86
3766,IndiGo,BLR,DEL,1359,26,66,0,114,54
3767,Vistara,BLR,BOM,792,106,174,0,64,62
3768,Air India,MAA,CCU,515,248,218,0,111,17
3769,Qatar Airways,HYD,CCU,924,253,160,0,113,60
3770,SpiceJet,HYD,DEL,1150,292,216,1,71,91
3771,SpiceJet,DEL,DEL,823,53,47,0,73,19
3772,IndiGo,MAA,CCU,517,31,221,0,53,64
3773,Go First,DEL,HYD,128,32,17,0,42,63
3774,Air India,MAA,MAA,510,114,197,0,112,75
3775,Emirates,DEL,MAA,422,259,44,0,58,90
3776,Vistara,BOM,BLR,384,222,-14,0,88,63
3777,SpiceJet,BLR,CCU,231,121,41,0,94,12
3778,SpiceJet,BLR,CCU,958,-9,285,0,102,67
3779,Emirates,CCU,BLR,824,104,271,0,58,88
3780,Air India,HYD,MAA,1218,-10,122,0,66,69
3781,Go First,CCU,BOM,64,54,263,0,60,56
3782,SpiceJet,BOM,HYD,832,114,198,1,102,44
3783,Air India,CCU,HYD,614,245,223,0,37,85
3784,Emirates,BLR,BOM,1300,132,269,0,98,37
3785,IndiGo,HYD,BOM,1247,235,15,0,7,53
3786,Go First,BOM,MAA,800,105,190,0,64,35
3787,Vistara,BLR,BLR,277,292,258,0,4,66
3788,SpiceJet,DEL,BOM,365,79,-5,0,119,78
3789,Air India,MAA,BLR,515,285,31,0,114,10
3790,IndiGo,BOM,DEL,1238,31,-13,0,90,97
3791,Vistara,HYD,HYD,438,24,114,0,108,26
3792,Qatar Airways,CCU,MAA,427,30,56,0,89,86
3793,Air India,CCU,HYD,728,113,143,0,42,16
3794,Air India,BOM,MAA,395,46,114,0,59,86
3795,Vistara,HYD,DEL,1232,283,6,0,117,97
3796,IndiGo,BOM,HYD,585,224,119,0,25,84
3797,Qatar Airways,HYD,DEL,1250,85,4,0,10,32
3798,Emirates,CCU,MAA,374,121,204,0,33,4
3799,IndiGo,BLR,BOM,947,165,317,0,104,80
3800,Go First,DEL,HYD,92,41,114,1,1,61
3801,SpiceJet,BLR,DEL,320,27,16,0,20,64
3802,Vistara,DEL,CCU,1033,-6,74,0,114,70
3803,Emirates,CCU,HYD,913,202,243,0,25,66
3804,Qatar Airways,BLR,HYD,1326,109,282,0,75,89
3805,Vistara,BLR,HYD,1345,198,317,0,72,79
3806,Vistara,BOM,BLR,1301,206,233,0,104,79
3807,IndiGo,MAA,DEL,1416,13,157,0,86,43
3808,SpiceJet,CCU,DEL,916,194,31,0,105,13
3809,Go First,HYD,HYD,94,215,181,0,4,89
3810,Air India,CCU,BOM,958,207,18,0,8,90
3811,Air India,HYD,HYD,1130,200,238,0,118,56
3812,Vistara,HYD,BLR,1413,15,232,0,49,47
3813,SpiceJet,DEL,MAA,70,241,26,0,9,16
3814,Qatar Airways,HYD,BLR,663,-8,273,1,112,43
3815,Qatar Airways,HYD,BOM,968,-9,107,0,57,3
3816,Emirates,BOM,HYD,586,81,11,0,9,80
3817,IndiGo,BLR,DEL,1399,-9,43,1,77,96
3818,SpiceJet,CCU,CCU,726,139,131,0,35,29
3819,SpiceJet,CCU,HYD,367,60,99,0,73,84
3820,IndiGo,HYD,BOM,50,-7,183,0,55,80
3821,Qatar Airways,MAA,DEL,1166,27,112,0,117,74
3822,Qatar Airways,CCU,BLR,987,59,137,0,61,54
3823,Qatar Airways,HYD,MAA,1190,190,255,0,113,29
3824,Vistara,DEL,MAA,259,297,67,0,36,17
3825,SpiceJet,DEL,HYD,1215,241,7,0,40,83
3826,Air India,DEL,BLR,1225,276,-5,0,101,97
3827,IndiGo,HYD,CCU,1208,281,171,0,47,91
3828,Qatar Airways,BOM,CCU,157,143,100,0,21,72
3829,Emirates,MAA,BOM,98,122,146,0,86,43
3830,Qatar Airways,HYD,MAA,240,63,87,0,79,61
3831,Qatar Airways,BOM,BLR,201,263,227,0,60,30
3832,Go First,BOM,HYD,633,260,-9,0,74,15
3833,Vistara,CCU,DEL,1119,174,156,0,116,94
3834,IndiGo,HYD,HYD,745,-6,240,0,110,92
3835,Go First,HYD,HYD,489,282,231,0,114,76
3836,Go First,BOM,BLR,578,75,176,0,98,22
3837,Emirates,BOM,MAA,1241,203,98,1,47,13
3838,SpiceJet,BOM,BLR,526,4,7,0,63,1
3839,Emirates,CCU,DEL,272,262,298,1,116,11
3840,SpiceJet,HYD,BLR,1242,40,260,0,83,57
3841,SpiceJet,BOM,BOM,785,242,120,0,36,91
3842,IndiGo,DEL,HYD,1355,34,179,0,40,95
3843,Qatar Airways,HYD,MAA,452,180,242,0,4,55
3844,IndiGo,CCU,CCU,1175,111,262,0,99,23
3845,Vistara,DEL,DEL,346,176,54,0,76,36
3846,SpiceJet,BLR,CCU,815,203,20,0,51,28
3847,Go First,HYD,HYD,413,138,92,0,16,41
3848,Qatar Airways,BLR,BLR,430,159,8,0,89,17
3849,Air India,BOM,CCU,378,198,124,0,115,2
3850,Vistara,CCU,BOM,997,71,6,0,107,76
3851,IndiGo,BOM,BLR,894,185,313,1,61,12
3852,Emirates,CCU,HYD,427,235,188,0,51,28
3853,Vistara,MAA,CCU,1107,29,208,0,19,65
3854,Vistara,BOM,DEL,191,157,207,0,102,58
3855,Qatar Airways,BLR,CCU,40,32,65,0,96,91
3856,Vistara,CCU,CCU,1332,200,314,0,93,47
3857,Vistara,BOM,MAA,1401,168,175,0,15,3
3858,Air India,HYD,CCU,135,12,270,0,6,50
3859,Emirates,CCU,HYD,105,84,131,0,93,4
3860,Emirates,CCU,DEL,518,149,266,0,65,38
3861,Emirates,BOM,HYD,813,233,-5,0,11,40
3862,SpiceJet,MAA,BOM,125,6,260,0,42,4
3863,Go First,BOM,BLR,1380,101,40,0,39,7
3864,Emirates,BLR,CCU,399,92,157,0,0,97
3865,Vistara,BLR,MAA,78,75,287,0,57,55
3866,Vistara,CCU,DEL,388,24,188,0,2,24
3867,Emirates,CCU,MAA,73,19,232,0,7,90
3868,Qatar Airways,BOM,MAA,1028,181,298,0,89,51
3869,Emirates,BLR,MAA,81,168,250,0,103,51
3870,Vistara,BLR,CCU,775,93,6,0,74,6
3871,SpiceJet,MAA,DEL,990,154,311,0,60,60
3872,IndiGo,HYD,DEL,1428,111,8,0,84,99
3873,IndiGo,MAA,MAA,277,123,178,0,4,95
3874,Emirates,DEL,BLR,839,279,80,0,103,84
3875,Air India,MAA,CCU,223,213,247,0,25,46
3876,Emirates,BOM,CCU,1091,14,56,0,84,81
3877,Qatar Airways,HYD,HYD,1343,2,227,0,72,65
3878,Emirates,BOM,CCU,605,219,22,0,16,58
3879,IndiGo,DEL,MAA,18,91,73,0,100,4
3880,Vistara,HYD,BOM,639,192,12,0,114,43
3881,Emirates,CCU,MAA,1366,256,76,0,114,41
3882,Vistara,BLR,DEL,1366,211,38,0,65,60
3883,Vistara,MAA,CCU,96,93,143,0,50,62
3884,Air India,BOM,CCU,1075,100,212,0,118,49
3885,Vistara,DEL,HYD,174,58,25,0,46,37
3886,IndiGo,BLR,BOM,1361,247,21,0,39,91
3887,SpiceJet,MAA,CCU,1376,157,109,0,91,94
3888,SpiceJet,BLR,HYD,1414,282,163,0,119,53
3889,Go First,MAA,HYD,1138,38,316,0,26,43
3890,Qatar Airways,CCU,BOM,347,239,21,0,39,23
3891,Emirates,HYD,MAA,0,64,85,0,0,62
3892,Qatar Airways,BLR,MAA,62,190,15,0,45,96
3893,IndiGo,BLR,MAA,225,23,174,1,10,38
3894,Vistara,BLR,BLR,422,100,130,0,38,11
3895,SpiceJet,HYD,MAA,1042,226,74,0,17,62
3896,Qatar Airways,DEL,BOM,30,21,-10,0,90,8
3897,IndiGo,MAA,BLR,844,198,123,1,46,78
3898,SpiceJet,CCU,MAA,632,121,79,0,73,86
3899,Vistara,BLR,BLR,23,95,103,0,99,21
3900,Qatar Airways,HYD,BOM,836,22,104,0,20,35
3901,SpiceJet,DEL,MAA,982,32,107,0,27,73
3902,Emirates,MAA,DEL,1234,96,269,0,0,27
3903,Emirates,HYD,CCU,160,254,163,0,13,55
3904,Go First,CCU,BOM,1278,215,309,0,19,98
3905,Go First,CCU,HYD,113,168,-9,0,115,28
3906,SpiceJet,MAA,HYD,503,211,296,0,72,4
3907,IndiGo,BLR,BOM,954,114,111,0,44,3
3908,Emirates,CCU,HYD,1243,265,61,0,60,50
3909,IndiGo,DEL,BOM,356,156,218,0,26,14
3910,IndiGo,HYD,DEL,168,140,302,0,112,93
3911,SpiceJet,DEL,BOM,968,30,58,0,55,59
3912,IndiGo,BLR,MAA,241,289,255,0,51,25
3913,Emirates,DEL,MAA,1398,24,293,0,67,22
3914,Vistara,DEL,BLR,138,293,104,0,36,28
3915,Go First,BOM,HYD,96,220,19,0,81,85
3916,Vistara,DEL,CCU,146,204,191,0,30,98
3917,IndiGo,MAA,HYD,1205,90,254,0,48,56
3918,Vistara,HYD,BOM,1080,46,77,0,52,61
3919,Emirates,BOM,CCU,1065,204,161,0,38,58
3920,Emirates,HYD,CCU,865,145,258,0,9,47
3921,IndiGo,HYD,HYD,542,53,163,0,8,81
3922,SpiceJet,BLR,CCU,691,51,113,0,91,34
3923,Vistara,BLR,CCU,1025,51,109,0,91,45
3924,SpiceJet,BOM,MAA,1311,83,11,0,12,32
3925,SpiceJet,CCU,DEL,1161,15,48,0,17,70
3926,Air India,BLR,BOM,903,110,44,0,11,97
3927,IndiGo,BLR,HYD,729,39,203,0,71,9
3928,Go First,BLR,MAA,1245,241,201,0,86,87
3929,Emirates,HYD,BLR,330,25,153,0,113,88
3930,Emirates,BOM,CCU,616,278,133,0,4,47
3931,IndiGo,HYD,CCU,403,89,254,0,6,43
3932,Qatar Airways,MAA,HYD,507,125,100,0,14,90
3933,Qatar Airways,HYD,DEL,1150,183,229,0,66,69
3934,Qatar Airways,MAA,DEL,1288,210,132,1,17,62
3935,Go First,DEL,HYD,1038,268,76,0,37,48
3936,Emirates,DEL,HYD,225,44,69,0,25,71
3937,IndiGo,MAA,MAA,983,99,71,0,37,84
3938,Emirates,MAA,HYD,864,138,104,0,58,40
3939,SpiceJet,HYD,BLR,1128,254,8,0,51,82
3940,Vistara,MAA,MAA,744,151,73,0,32,97
3941,Vistara,BOM,CCU,492,176,21,0,20,38
3942,Emirates,DEL,CCU,318,118,255,0,16,22
3943,Air India,DEL,CCU,1242,97,-4,0,106,12
3944,Go First,CCU,CCU,1300,57,79,0,61,52
3945,Qatar Airways,MAA,BOM,772,55,15,0,58,91
3946,Go First,BLR,BLR,1364,133,217,0,119,69
3947,Go First,BLR,MAA,451,42,312,0,1,56
3948,SpiceJet,MAA,MAA,1392,117,284,1,63,75
3949,Go First,BOM,CCU,943,196,270,0,24,66
3950,Vistara,BLR,DEL,847,205,19,0,40,47
3951,SpiceJet,CCU,MAA,1016,57,5,0,18,19
3952,IndiGo,MAA,BLR,1213,51,95,0,37,61
3953,Go First,BOM,HYD,883,199,303,0,24,44
3954,Go First,BOM,BLR,418,41,129,0,38,62
3955,IndiGo,HYD,CCU,864,105,-4,0,3,7
3956,Go First,BOM,CCU,788,54,228,0,2,25
3957,IndiGo,BLR,BOM,494,119,130,0,33,37
3958,SpiceJet,BLR,MAA,1062,166,223,0,105,91
3959,Vistara,MAA,MAA,161,267,76,0,9,98
3960,IndiGo,MAA,MAA,120,152,300,0,112,40
3961,Air India,BOM,CCU,398,141,307,0,26,1
3962,IndiGo,CCU,MAA,1285,225,99,0,111,6
3963,Go First,DEL,DEL,727,147,-1,0,89,24
3964,Qatar Airways,HYD,DEL,560,95,256,0,90,50
3965,Qatar Airways,DEL,HYD,603,295,6,0,0,49
3966,SpiceJet,BOM,MAA,1152,244,102,1,43,95
3967,Emirates,BOM,BOM,539,102,79,0,83,63
3968,SpiceJet,DEL,HYD,355,19,241,0,51,11
3969,Emirates,HYD,CCU,659,1,315,0,24,52
3970,Qatar Airways,DEL,MAA,431,166,246,1,73,74
3971,Qatar Airways,MAA,DEL,1088,35,71,0,64,9
3972,IndiGo,BLR,BOM,1241,160,302,0,79,60
3973,Vistara,CCU,HYD,562,119,42,0,10,54
3974,Air India,MAA,BOM,816,234,214,1,67,98
3975,SpiceJet,BLR,MAA,1097,192,92,1,98,67
3976,Go First,CCU,BLR,710,215,3,0,76,41
3977,Emirates,CCU,BOM,1215,69,125,0,84,65
3978,Go First,CCU,BOM,1212,299,144,0,14,43
3979,Vistara,BOM,CCU,11,24,84,0,56,27
3980,Emirates,CCU,DEL,238,41,249,0,73,77
3981,SpiceJet,HYD,MAA,452,150,222,0,63,57
3982,IndiGo,DEL,BOM,382,73,222,0,101,92
3983,Go First,HYD,MAA,781,15,33,0,10,1
3984,Vistara,DEL,DEL,47,214,149,0,95,54
3985,SpiceJet,MAA,CCU,316,143,271,0,96,33
3986,Qatar Airways,MAA,MAA,208,282,43,0,19,96
3987,Qatar Airways,DEL,DEL,1142,84,167,0,99,19
3988,SpiceJet,HYD,DEL,576,214,131,0,29,46
3989,SpiceJet,DEL,HYD,314,256,285,0,9,93
3990,SpiceJet,CCU,CCU,753,30,80,0,53,25
3991,Emirates,BOM,CCU,1059,122,27,0,57,83
3992,SpiceJet,MAA,MAA,914,55,241,0,78,0
3993,Go First,BOM,BLR,754,199,197,0,28,64
3994,Vistara,CCU,HYD,553,142,173,0,0,88
3995,Emirates,CCU,CCU,402,161,115,0,57,96
3996,SpiceJet,MAA,DEL,1130,48,284,0,20,86
3997,Air India,MAA,CCU,38,173,273,0,14,74
3998,Air India,CCU,BLR,580,169,121,0,66,14
3999,Vistara,BLR,BOM,179,1,14,1,32,13
4000,Qatar Airways,BOM,BOM,11,57,130,0,37,54
4001,IndiGo,BOM,CCU,1362,191,296,0,18,0
4002,IndiGo,BLR,CCU,942,-5,89,0,3,32
4003,Qatar Airways,HYD,HYD,547,4,271,0,75,69
4004,Emirates,BOM,CCU,1149,31,175,0,88,55
4005,Emirates,DEL,BLR,62,20,162,0,97,22
4006,Emirates,CCU,CCU,843,170,223,0,80,53
4007,IndiGo,CCU,MAA,1105,251,-15,0,57,89
4008,Air India,BLR,BLR,1008,278,94,0,69,2
4009,IndiGo,BOM,HYD,1322,10,259,0,11,45
4010,Go First,HYD,MAA,33,171,218,0,78,5
4011,SpiceJet,BOM,MAA,751,173,48,0,16,24
4012,Emirates,CCU,BOM,48,233,228,0,0,16
4013,Air India,MAA,BLR,657,138,37,0,13,27
4014,Vistara,DEL,MAA,700,245,246,0,118,31
4015,Vistara,BLR,HYD,1080,89,1,0,1,92
4016,SpiceJet,MAA,BOM,108,44,286,0,3,22
4017,Air India,HYD,MAA,984,175,218,0,115,15
4018,IndiGo,MAA,BLR,23,75,57,0,65,95
4019,IndiGo,MAA,BOM,220,163,75,0,117,25
4020,Go First,HYD,BLR,314,11,-10,0,89,32
4021,Go First,MAA,BLR,293,233,182,0,45,57
4022,IndiGo,BLR,BLR,1033,49,180,0,49,47
4023,Vistara,CCU,BOM,1019,93,280,0,59,82
4024,Emirates,BOM,MAA,1017,128,306,0,103,54
4025,Vistara,MAA,CCU,637,292,121,0,51,40
4026,Go First,BLR,DEL,266,148,251,0,96,61
4027,SpiceJet,BOM,MAA,87,221,100,0,47,16
4028,IndiGo,BOM,BOM,454,66,27,0,38,58
4029,Go First,MAA,DEL,1171,7,215,0,69,13
4030,Go First,BLR,DEL,756,11,42,0,59,81
4031,Emirates,CCU,DEL,430,173,190,1,29,20
4032,IndiGo,MAA,CCU,910,134,278,0,85,62
4033,Emirates,HYD,HYD,241,27,78,0,26,45
4034,IndiGo,BOM,BOM,701,270,20,0,82,54
4035,Emirates,MAA,CCU,901,277,214,0,73,61
4036,Vistara,BOM,CCU,740,132,211,0,54,38
4037,SpiceJet,BLR,HYD,65,2,167,0,69,41
4038,SpiceJet,DEL,DEL,971,175,246,0,25,47
4039,IndiGo,MAA,HYD,377,256,115,0,41,27
4040,Air India,CCU,HYD,387,258,49,0,114,83
4041,Qatar Airways,MAA,CCU,780,86,170,0,66,5
4042,Go First,BOM,BOM,208,283,101,0,115,58
4043,Go First,BLR,BLR,1438,-10,170,0,66,89
4044,IndiGo,HYD,HYD,15,284,258,0,51,69
4045,Emirates,CCU,HYD,1320,16,135,0,5,38
4046,Air India,BLR,DEL,985,25,135,0,112,56
4047,Vistara,MAA,DEL,1243,149,20,0,113,53
4048,Emirates,HYD,CCU,366,20,310,0,9,59
4049,Emirates,BLR,DEL,779,116,79,0,37,89
4050,IndiGo,DEL,MAA,1252,251,118,0,76,16
4051,IndiGo,CCU,HYD,439,199,146,0,101,39
4052,Go First,BOM,DEL,689,139,28,0,11,65
4053,IndiGo,BLR,BOM,1059,20,284,0,45,84
4054,IndiGo,BLR,MAA,846,89,267,0,48,53
4055,IndiGo,DEL,CCU,421,291,224,0,117,70
4056,Go First,MAA,BLR,1212,208,36,0,90,43
4057,Vistara,CCU,HYD,1201,242,265,0,71,83
4058,Vistara,CCU,HYD,607,160,58,0,62,66
4059,Qatar Airways,BOM,BOM,1338,246,279,0,68,56
4060,Qatar Airways,BLR,BLR,19,46,222,0,99,35
4061,IndiGo,HYD,BLR,675,-2,151,0,101,56
4062,Qatar Airways,BLR,CCU,381,-6,124,1,42,42
4063,Go First,BOM,CCU,608,103,123,0,93,43
4064,Vistara,BLR,MAA,142,254,219,0,59,61
4065,Emirates,DEL,HYD,61,162,-13,0,100,82
4066,Vistara,BLR,DEL,1265,209,240,0,28,60
4067,Vistara,BLR,CCU,237,194,262,0,85,93
4068,Go First,HYD,BOM,1154,13,-12,0,77,10
4069,Qatar Airways,DEL,BOM,1146,159,254,0,73,76
4070,Emirates,DEL,BOM,926,92,196,1,10,32
4071,Go First,BLR,CCU,341,49,200,0,34,65
4072,IndiGo,CCU,CCU,454,75,254,0,22,22
4073,SpiceJet,HYD,BOM,1221,244,0,0,71,48
4074,Vistara,BLR,CCU,281,154,48,0,20,19
4075,SpiceJet,BLR,DEL,885,156,223,0,36,93
4076,Go First,BOM,DEL,1024,73,0,0,27,14
4077,Go First,BOM,MAA,722,191,36,0,115,65
4078,Go First,CCU,HYD,1355,79,3,0,94,29
4079,SpiceJet,HYD,DEL,1235,78,309,0,57,88
4080,Go First,MAA,MAA,86,109,77,0,52,3
4081,IndiGo,BOM,BLR,664,145,245,0,27,63
4082,Go First,MAA,HYD,861,177,282,0,41,64
4083,Air India,DEL,DEL,60,177,1,0,90,7
4084,Qatar Airways,BOM,BLR,796,251,95,0,103,51
4085,SpiceJet,BOM,MAA,94,41,312,1,84,13
4086,Air India,HYD,DEL,785,129,78,0,72,57
4087,Go First,CCU,DEL,1170,8,-6,0,92,10
4088,IndiGo,MAA,CCU,1269,64,196,0,60,58
4089,Vistara,BOM,BLR,960,219,221,0,78,23
4090,Emirates,BOM,DEL,296,119,238,0,32,87
4091,Qatar Airways,HYD,BOM,1146,44,0,0,54,31
4092,Emirates,HYD,CCU,693,260,128,0,36,88
4093,Go First,CCU,CCU,398,89,26,0,46,45
4094,Qatar Airways,MAA,DEL,945,58,-13,0,35,27
4095,Qatar Airways,DEL,CCU,1254,288,140,0,114,15
4096,IndiGo,CCU,HYD,533,6,157,0,27,41
4097,Qatar Airways,DEL,BLR,401,105,8,0,9,15
4098,SpiceJet,BLR,HYD,129,141,259,0,22,99
4099,Air India,BOM,MAA,291,105,59,0,91,11
4100,Air India,MAA,HYD,275,19,24,0,97,75
4101,Air India,CCU,BOM,911,40,286,0,4,61
4102,SpiceJet,BOM,CCU,1399,49,24,0,81,33
4103,Emirates,MAA,CCU,925,218,46,0,118,37
4104,IndiGo,MAA,BOM,54,248,222,0,5,83
4105,Qatar Airways,MAA,CCU,738,-6,229,0,41,46
4106,SpiceJet,BOM,HYD,1049,17,2,0,46,78
4107,Air India,CCU,MAA,764,243,124,0,86,21
4108,Go First,HYD,DEL,1220,220,66,0,27,79
4109,Vistara,BOM,BOM,641,189,173,0,104,87
4110,Qatar Airways,MAA,HYD,1266,260,92,0,12,2
4111,SpiceJet,CCU,HYD,723,293,218,0,113,0
4112,SpiceJet,BLR,HYD,1213,35,252,0,24,52
4113,IndiGo,DEL,DEL,801,17,88,0,6,63
4114,IndiGo,MAA,BLR,737,-4,118,0,65,43
4115,SpiceJet,BLR,CCU,757,221,17,0,79,46
4116,Air India,HYD,CCU,566,188,221,0,57,37
4117,Vistara,MAA,MAA,1299,83,162,0,65,62
4118,Qatar Airways,BLR,BLR,1432,71,-4,0,35,80
4119,IndiGo,MAA,CCU,339,77,213,1,1,40
4120,Qatar Airways,BOM,MAA,152,175,293,0,112,20
4121,Air India,CCU,MAA,1421,232,253,0,37,44
4122,Qatar Airways,BLR,HYD,1003,57,115,0,73,12
4123,Go First,CCU,BOM,426,176,233,0,13,65
4124,IndiGo,BOM,HYD,1002,228,42,0,26,65
4125,Air India,BOM,DEL,203,207,-12,0,14,42
4126,Air India,CCU,CCU,1135,97,220,0,84,61
4127,Vistara,BLR,MAA,324,296,157,0,11,88
4128,Vistara,CCU,BOM,1281,27,306,0,114,91
4129,Go First,CCU,CCU,949,265,20,0,42,47
4130,Air India,DEL,MAA,950,-1,263,0,96,25
4131,Emirates,BLR,MAA,1373,15,221,0,56,98
4132,Air India,DEL,HYD,938,37,259,0,103,91
4133,Vistara,MAA,BOM,956,3,280,0,85,60
4134,Emirates,CCU,BOM,893,89,312,0,101,61
4135,IndiGo,MAA,CCU,434,176,42,1,107,96
4136,IndiGo,BLR,MAA,1303,1,2,0,115,81
4137,Qatar Airways,CCU,BOM,370,268,20,0,47,13
4138,SpiceJet,MAA,BOM,932,156,113,0,60,53
4139,Vistara,HYD,CCU,248,111,-15,0,81,40
4140,SpiceJet,BOM,HYD,890,84,48,0,43,59
4141,Emirates,CCU,BLR,180,14,46,0,51,8
4142,Vistara,BOM,DEL,702,6,315,0,61,43
4143,Go First,DEL,BLR,998,18,130,0,1,55
4144,Air India,MAA,BOM,77,61,256,0,92,93
4145,Go First,DEL,MAA,918,259,1,1,70,2
4146,Emirates,CCU,DEL,884,239,264,0,30,97
4147,Vistara,BOM,DEL,335,284,82,0,104,96
4148,Emirates,BOM,MAA,49,133,211,0,81,90
4149,Air India,MAA,DEL,84,263,227,0,72,58
4150,IndiGo,CCU,MAA,694,212,185,0,71,72
4151,IndiGo,HYD,DEL,3,64,163,0,32,12
4152,Emirates,HYD,CCU,992,91,254,0,4,29
4153,SpiceJet,MAA,CCU,316,9,218,0,111,52
4154,Vistara,CCU,BLR,1134,106,96,0,77,79
4155,Vistara,MAA,DEL,1357,163,50,0,57,50
4156,IndiGo,CCU,HYD,762,162,229,0,76,41
4157,Qatar Airways,DEL,MAA,1156,-7,229,0,10,25
4158,Go First,MAA,DEL,611,137,56,0,83,58
4159,Qatar Airways,CCU,CCU,1004,103,33,0,22,68
4160,Air India,HYD,CCU,913,156,174,0,44,90
4161,Go First,CCU,MAA,798,289,277,0,26,78
4162,Go First,CCU,HYD,118,107,161,0,78,91
4163,Emirates,MAA,DEL,349,89,145,0,93,2
4164,IndiGo,DEL,DEL,916,263,134,0,55,40
4165,Qatar Airways,DEL,HYD,686,164,54,0,58,0
4166,Qatar Airways,DEL,HYD,541,148,17,0,79,64
4167,IndiGo,DEL,HYD,1078,216,268,0,108,69
4168,Qatar Airways,BLR,CCU,360,27,244,0,39,74
4169,IndiGo,MAA,MAA,707,187,306,1,17,49
4170,Emirates,BOM,HYD,684,125,61,0,50,79
4171,SpiceJet,MAA,MAA,329,93,94,0,60,96
4172,Go First,BLR,BLR,218,182,289,0,110,87
4173,Emirates,DEL,DEL,207,239,123,0,105,58
4174,Vistara,BLR,DEL,844,2,19,0,22,95
4175,Air India,HYD,BOM,84,44,219,0,35,73
4176,SpiceJet,HYD,BLR,684,74,314,0,37,62
4177,Vistara,MAA,HYD,244,98,184,0,71,24
4178,Go First,MAA,HYD,871,32,309,0,55,9
4179,Qatar Airways,BOM,CCU,1022,60,135,0,38,76
4180,IndiGo,BOM,BLR,1358,257,18,0,92,0
4181,Go First,HYD,HYD,1235,48,108,0,75,98
4182,Emirates,DEL,BOM,595,33,16,0,81,13
4183,Air India,BLR,MAA,684,261,256,0,113,20
4184,Emirates,BOM,DEL,1206,3,308,0,82,57
4185,SpiceJet,CCU,BLR,1156,101,294,0,99,37
4186,SpiceJet,BOM,DEL,1013,217,108,0,96,0
4187,Air India,DEL,MAA,1013,158,300,0,68,83
4188,Vistara,DEL,BLR,349,280,62,0,102,4
4189,Vistara,MAA,MAA,281,235,60,0,27,43
4190,SpiceJet,BLR,HYD,292,255,44,0,89,95
4191,SpiceJet,DEL,HYD,1292,232,69,0,106,64
4192,Qatar Airways,BOM,HYD,1220,147,64,0,20,56
4193,IndiGo,BOM,MAA,983,289,156,0,61,44
4194,Qatar Airways,HYD,MAA,19,7,242,0,22,59
4195,Qatar Airways,DEL,MAA,758,72,263,0,20,65
4196,Vistara,CCU,DEL,404,220,205,0,74,94
4197,Air India,MAA,MAA,1138,242,30,0,105,46
4198,Vistara,BLR,HYD,700,156,57,0,119,25
4199,IndiGo,CCU,BOM,979,31,38,0,102,8
4200,Emirates,MAA,MAA,25,238,311,0,15,50
4201,SpiceJet,BOM,BOM,565,237,205,0,61,93
4202,SpiceJet,CCU,HYD,394,275,-7,0,96,7
4203,IndiGo,MAA,MAA,1000,9,310,0,90,4
4204,Qatar Airways,BOM,DEL,1404,31,156,0,64,38
4205,Air India,BOM,DEL,522,76,68,0,107,67
4206,SpiceJet,BOM,BOM,861,250,314,0,79,39
4207,Go First,BOM,CCU,1106,295,313,0,4,35
4208,Qatar Airways,BOM,DEL,801,286,-4,0,45,20
4209,SpiceJet,HYD,DEL,549,229,16,0,63,96
4210,Go First,CCU,DEL,86,156,273,0,81,25
4211,IndiGo,MAA,HYD,832,208,304,0,40,74
4212,IndiGo,HYD,DEL,386,122,288,0,97,84
4213,Qatar Airways,HYD,BLR,962,196,256,0,43,85
4214,SpiceJet,DEL,MAA,667,40,162,0,88,55
4215,Vistara,DEL,DEL,1421,95,98,0,105,56
4216,Go First,DEL,CCU,285,173,10,0,97,58
4217,Air India,BLR,CCU,697,190,221,0,14,6
4218,SpiceJet,DEL,DEL,964,0,294,0,67,41
4219,Air India,MAA,DEL,368,243,156,0,50,12
4220,SpiceJet,HYD,BLR,654,139,217,0,53,83
4221,Vistara,MAA,DEL,653,85,21,0,67,78
4222,Vistara,CCU,DEL,696,95,249,0,88,33
4223,Qatar Airways,DEL,MAA,1023,132,-3,0,104,99
4224,Qatar Airways,BLR,CCU,914,155,300,0,76,52
4225,Vistara,CCU,BLR,287,-10,90,0,41,45
4226,Emirates,BLR,CCU,94,35,110,0,45,56
4227,Vistara,CCU,BLR,668,231,114,0,24,60
4228,IndiGo,HYD,CCU,40,267,300,0,66,88
4229,IndiGo,MAA,DEL,330,-8,240,0,34,55
4230,Emirates,BOM,CCU,1178,131,99,0,115,28
4231,Go First,MAA,CCU,503,50,283,0,111,91
4232,Air India,DEL,BLR,274,283,108,0,72,13
4233,SpiceJet,BOM,BOM,178,214,240,0,77,67
4234,SpiceJet,BLR,BLR,136,291,123,0,21,70
4235,Emirates,HYD,BLR,766,159,190,0,111,12
4236,IndiGo,HYD,BLR,987,123,31,0,8,16
4237,Qatar Airways,BLR,HYD,1203,30,201,0,23,28
4238,SpiceJet,DEL,HYD,1205,220,303,0,22,80
4239,IndiGo,BLR,HYD,1282,215,107,0,60,99
4240,Go First,CCU,BLR,242,128,15,0,36,82
4241,Air India,DEL,BOM,1119,99,39,0,44,89
4242,Go First,BOM,BLR,196,286,137,0,14,72
4243,Emirates,BLR,DEL,525,46,270,0,56,1
4244,Vistara,DEL,BOM,631,112,20,0,99,61
4245,Vistara,BOM,HYD,1410,229,290,0,13,19
4246,Vistara,BLR,CCU,407,75,269,0,51,86
4247,Go First,HYD,CCU,1292,165,240,0,119,81
4248,SpiceJet,BLR,MAA,1194,52,162,0,83,55
4249,Air India,MAA,BOM,690,28,20,0,102,89
4250,Vistara,BLR,HYD,169,127,238,0,35,51
4251,Emirates,MAA,BOM,158,230,146,0,26,24
4252,Emirates,BOM,BOM,446,215,5,0,16,61
4253,Vistara,BLR,CCU,1017,195,278,0,89,16
4254,Vistara,BOM,BLR,1105,153,59,0,40,38
4255,Air India,BOM,DEL,1080,16,191,0,3,9
4256,Vistara,DEL,MAA,111,172,162,0,2,58
4257,Air India,BOM,HYD,47,187,21,0,18,24
4258,Emirates,BOM,BOM,375,96,104,0,40,27
4259,Vistara,BLR,MAA,827,178,102,0,39,89
4260,Go First,BLR,BOM,32,25,-15,1,57,75
4261,Qatar Airways,HYD,CCU,503,74,193,0,38,60
4262,Go First,DEL,DEL,626,144,295,0,6,57
4263,Emirates,BOM,CCU,1026,158,192,0,35,43
4264,Air India,DEL,MAA,41,273,138,0,82,82
4265,Go First,MAA,HYD,8,261,234,0,75,22
4266,Air India,BOM,BOM,999,24,155,0,19,77
4267,Go First,DEL,DEL,818,173,299,0,101,16
4268,Go First,HYD,CCU,656,88,291,0,75,78
4269,Air India,HYD,MAA,1165,226,91,1,28,84
4270,SpiceJet,BOM,CCU,789,111,127,0,93,37
4271,Go First,MAA,BOM,1050,12,-8,0,83,29
4272,Vistara,HYD,BOM,1066,52,78,0,67,18
4273,Qatar Airways,HYD,HYD,1154,139,81,0,65,31
4274,Emirates,MAA,DEL,1239,184,-9,0,46,92
4275,SpiceJet,DEL,BLR,597,69,258,0,93,85
4276,Air India,HYD,CCU,1368,142,-4,0,22,19
4277,SpiceJet,BLR,BOM,1436,6,-14,0,5,63
4278,IndiGo,CCU,MAA,935,28,-9,0,17,35
4279,IndiGo,CCU,CCU,1269,191,-4,0,52,64
4280,Go First,HYD,HYD,1011,269,41,0,21,82
4281,Go First,DEL,HYD,20,77,62,0,100,42
4282,Vistara,DEL,BOM,998,289,58,0,67,25
4283,Qatar Airways,BOM,BOM,1431,281,217,0,106,6
4284,Emirates,BLR,BOM,456,59,263,0,74,33
4285,SpiceJet,DEL,BLR,1013,113,14,0,104,35
4286,IndiGo,MAA,BOM,264,69,298,0,34,5
4287,Go First,BLR,CCU,183,34,79,1,74,36
4288,Emirates,CCU,CCU,226,222,292,0,97,61
4289,SpiceJet,BLR,DEL,1269,143,40,0,8,85
4290,Go First,MAA,MAA,1096,169,-6,0,30,72
4291,Go First,HYD,BOM,1173,20,131,0,119,59
4292,IndiGo,MAA,CCU,1092,74,71,1,105,92
4293,IndiGo,MAA,CCU,968,34,237,0,95,63
4294,Go First,HYD,CCU,804,232,171,0,42,49
4295,Air India,HYD,BLR,1253,29,217,0,98,51
4296,Go First,HYD,MAA,722,171,237,0,112,16
4297,Emirates,HYD,HYD,1095,286,208,0,74,59
4298,Go First,HYD,CCU,1001,70,-12,0,16,76
4299,Vistara,MAA,BOM,874,27,96,0,50,80
4300,Qatar Airways,BOM,CCU,1420,46,177,0,99,53
4301,Vistara,BOM,MAA,83,19,125,0,65,9
4302,Vistara,DEL,HYD,739,255,307,0,23,24
4303,Air India,BOM,BLR,1322,216,124,0,109,17
4304,Air India,CCU,DEL,1316,281,79,0,14,63
4305,Go First,BOM,BOM,222,43,25,0,27,78
4306,Vistara,MAA,DEL,792,86,-14,0,2,58
4307,Air India,HYD,BLR,732,-7,262,0,28,26
4308,IndiGo,HYD,MAA,1239,299,134,0,51,57
4309,Go First,MAA,MAA,1254,80,25,0,53,60
4310,Emirates,CCU,BLR,404,78,100,0,57,82
4311,Qatar Airways,BOM,CCU,1192,81,104,0,44,78
4312,SpiceJet,MAA,BLR,328,139,221,0,117,70
4313,Go First,DEL,BOM,425,223,254,0,76,42
4314,SpiceJet,HYD,HYD,769,48,275,0,49,79
4315,Vistara,BLR,DEL,1219,174,-7,0,21,87
4316,Qatar Airways,DEL,DEL,607,33,223,0,51,86
4317,SpiceJet,CCU,MAA,525,169,102,0,52,10
4318,Vistara,DEL,CCU,624,65,299,0,30,87
4319,IndiGo,MAA,MAA,76,133,296,0,70,4
4320,SpiceJet,BOM,BOM,1300,90,-6,0,118,57
4321,Qatar Airways,HYD,BLR,919,261,9,0,111,38
4322,Go First,CCU,DEL,945,44,157,0,47,47
4323,Vistara,CCU,BOM,465,178,209,0,117,93
4324,Go First,BLR,MAA,1343,66,-5,0,89,79
4325,Qatar Airways,DEL,MAA,1183,285,85,0,30,19
4326,Air India,BLR,DEL,491,208,249,0,101,92
4327,Vistara,BOM,MAA,312,266,311,0,101,80
4328,SpiceJet,BOM,CCU,1184,55,67,0,3,18
4329,Vistara,BLR,MAA,307,125,260,0,34,59
4330,Go First,HYD,HYD,1169,223,245,0,96,25
4331,IndiGo,BOM,BLR,1419,188,205,0,66,78
4332,Vistara,BLR,MAA,690,255,295,0,63,24
4333,SpiceJet,DEL,HYD,88,32,203,0,82,14
4334,Air India,BLR,BOM,734,217,73,0,8,83
4335,Emirates,BLR,MAA,777,216,-1,0,45,93
4336,IndiGo,MAA,CCU,750,52,230,0,82,20
4337,Air India,BOM,BOM,1331,160,160,0,55,46
4338,Vistara,HYD,MAA,370,239,-12,1,55,34
4339,Go First,HYD,DEL,450,239,318,0,82,43
4340,Qatar Airways,MAA,HYD,166,296,5,0,25,5
4341,Go First,CCU,HYD,391,227,192,0,59,74
4342,SpiceJet,HYD,DEL,735,45,121,0,76,22
4343,Go First,BLR,BLR,490,160,306,1,85,38
4344,IndiGo,MAA,CCU,924,23,200,0,111,72
4345,Go First,DEL,HYD,1173,119,101,0,71,17
4346,SpiceJet,BOM,BOM,1066,119,163,0,87,99
4347,Emirates,BOM,CCU,944,140,230,0,89,39
4348,Vistara,BOM,HYD,28,132,112,0,47,35
4349,Qatar Airways,BLR,BLR,1054,107,62,0,57,27
4350,Vistara,DEL,BOM,692,193,213,0,104,63
4351,Go First,MAA,CCU,127,224,277,0,104,82
4352,Air India,MAA,BOM,766,6,246,0,62,93
4353,Vistara,BOM,DEL,1317,71,66,0,119,57
4354,Emirates,DEL,MAA,440,3,291,0,118,37
4355,Go First,DEL,DEL,868,70,50,0,57,78
4356,Qatar Airways,DEL,CCU,1411,196,80,0,2,43
4357,SpiceJet,HYD,MAA,523,193,129,0,6,75
4358,Emirates,HYD,DEL,759,261,49,0,51,1
4359,Go First,BOM,MAA,109,21,-7,0,113,72
4360,Emirates,DEL,HYD,1351,12,170,0,61,34
4361,Vistara,CCU,BOM,1428,91,142,0,119,0
4362,Qatar Airways,DEL,MAA,1268,151,15,0,1,45
4363,SpiceJet,MAA,HYD,162,87,135,0,32,59
4364,Go First,MAA,BLR,559,133,303,0,11,62
4365,IndiGo,BOM,DEL,398,93,226,0,47,94
4366,SpiceJet,CCU,BLR,582,160,140,0,75,91
4367,IndiGo,DEL,CCU,398,53,43,0,52,44
4368,Emirates,CCU,HYD,238,233,-6,0,73,56
4369,Air India,BOM,BLR,1055,60,108,0,40,36
4370,SpiceJet,MAA,BLR,1146,263,266,0,116,6
4371,Emirates,MAA,HYD,109,114,221,0,90,15
4372,IndiGo,HYD,BOM,1294,96,317,0,81,49
4373,Vistara,BOM,MAA,1403,137,1,0,57,13
4374,Vistara,BOM,CCU,299,181,308,0,67,96
4375,Air India,DEL,CCU,1001,215,7,0,103,5
4376,SpiceJet,DEL,DEL,763,231,-7,0,22,60
4377,SpiceJet,HYD,MAA,248,273,191,0,84,20
4378,SpiceJet,BLR,DEL,520,152,29,0,35,9
4379,Emirates,CCU,CCU,33,-3,315,0,93,31
4380,Qatar Airways,BLR,MAA,227,141,11,0,111,5
4381,Qatar Airways,BLR,BLR,584,84,172,0,84,1
4382,Air India,BOM,BOM,1422,203,124,0,86,38
4383,SpiceJet,CCU,BLR,957,53,-7,0,20,48
4384,Emirates,BOM,BOM,812,54,218,0,71,26
4385,Vistara,CCU,HYD,723,259,76,0,102,55
4386,IndiGo,MAA,DEL,583,14,61,0,54,13
4387,Emirates,BOM,DEL,569,89,228,0,55,22
4388,Qatar Airways,BOM,HYD,219,94,317,0,12,84
4389,Qatar Airways,BOM,MAA,1394,120,139,0,103,50
4390,Vistara,HYD,HYD,786,8,202,0,21,93
4391,Vistara,BOM,CCU,527,214,269,0,6,24
4392,IndiGo,DEL,HYD,74,95,134,0,23,52
4393,Vistara,DEL,BOM,135,43,313,0,60,87
4394,Air India,CCU,CCU,73,215,72,0,4,10
4395,IndiGo,MAA,HYD,253,4,90,0,49,34
4396,Vistara,HYD,DEL,1041,37,278,1,61,54
4397,Go First,CCU,BLR,1021,128,79,0,54,57
4398,Emirates,DEL,BOM,1066,23,237,0,25,67
4399,Vistara,HYD,BOM,49,199,23,0,114,36
4400,Air India,HYD,MAA,514,8,239,0,9,99
4401,SpiceJet,MAA,BLR,743,185,38,0,10,76
4402,Vistara,HYD,BOM,730,104,227,0,39,8
4403,Qatar Airways,BOM,HYD,570,64,94,0,101,27
4404,Qatar Airways,HYD,BOM,575,139,238,0,10,54
4405,Qatar Airways,MAA,BOM,1326,25,96,0,111,45
4406,SpiceJet,CCU,BOM,1165,231,158,0,93,79
4407,Qatar Airways,MAA,MAA,902,140,173,0,3,69
4408,Go First,MAA,BOM,201,52,205,0,1,26
4409,Vistara,DEL,BOM,206,143,233,0,76,9
4410,Qatar Airways,BOM,MAA,414,177,36,1,38,22
4411,IndiGo,DEL,CCU,220,212,146,0,80,20
4412,SpiceJet,CCU,BLR,1385,82,19,0,22,89
4413,Go First,BLR,CCU,757,-6,21,0,44,44
4414,IndiGo,CCU,DEL,1104,155,318,0,73,2
4415,IndiGo,BOM,MAA,762,14,301,0,76,58
4416,IndiGo,HYD,MAA,562,87,95,0,41,42
4417,IndiGo,MAA,BOM,1308,257,161,0,102,98
4418,Vistara,BLR,BOM,368,139,-7,0,41,6
4419,Qatar Airways,BOM,DEL,895,241,259,0,28,26
4420,Emirates,DEL,BOM,1369,73,105,0,15,61
4421,Vistara,MAA,HYD,203,274,89,0,66,41
4422,Vistara,CCU,BOM,1048,161,140,0,99,96
4423,Go First,DEL,BOM,956,210,10,0,59,3
4424,Go First,BOM,HYD,68,98,280,0,3,89
4425,Qatar Airways,BOM,DEL,515,16,9,0,99,61
4426,Emirates,CCU,HYD,239,235,53,0,15,7
4427,Go First,BLR,MAA,360,44,311,0,40,83
4428,Qatar Airways,CCU,HYD,1054,122,135,0,5,16
4429,Qatar Airways,HYD,BLR,706,41,49,0,41,4
4430,Air India,DEL,MAA,689,242,134,0,56,62
4431,Emirates,BLR,BOM,656,258,304,0,27,8
4432,Go First,MAA,MAA,1345,287,229,0,99,7
4433,Emirates,HYD,DEL,343,68,42,0,22,6
4434,Vistara,BLR,DEL,535,7,140,0,75,36
4435,Vistara,DEL,HYD,354,295,96,0,41,99
4436,Emirates,BOM,MAA,927,247,107,0,94,54
4437,Air India,MAA,BOM,982,96,187,0,11,66
4438,Air India,CCU,DEL,104,36,-12,0,95,7
4439,Emirates,DEL,CCU,1345,235,113,0,88,68
4440,Go First,HYD,BOM,961,78,10,0,63,4
4441,SpiceJet,HYD,CCU,526,192,273,0,57,16
4442,Air India,BOM,BLR,503,229,11,0,50,57
4443,IndiGo,BOM,CCU,1108,257,26,0,28,62
4444,Vistara,MAA,DEL,930,2,55,0,18,26
4445,Emirates,CCU,HYD,708,126,48,0,85,75
4446,IndiGo,MAA,BLR,234,162,9,0,87,91
4447,Emirates,BOM,MAA,1286,219,56,0,96,67
4448,Qatar Airways,BOM,BOM,1029,187,252,0,99,27
4449,Vistara,HYD,DEL,493,232,298,0,44,88
4450,Vistara,BOM,BLR,1312,32,79,0,103,57
4451,Air India,BLR,BLR,877,268,299,0,53,49
4452,Air India,DEL,DEL,1373,68,101,0,109,99
4453,IndiGo,BOM,MAA,1223,268,148,0,79,66
4454,Qatar Airways,MAA,MAA,966,221,262,0,65,30
4455,Emirates,CCU,HYD,965,90,49,0,71,11
4456,Qatar Airways,CCU,CCU,963,151,290,0,12,54
4457,Vistara,CCU,MAA,896,133,244,0,93,3
4458,IndiGo,BLR,HYD,1358,98,212,0,64,93
4459,SpiceJet,MAA,CCU,216,222,184,0,11,41
4460,IndiGo,BLR,BLR,622,100,204,0,112,90
4461,Go First,BOM,DEL,352,221,164,0,70,53
4462,IndiGo,DEL,MAA,691,227,212,0,111,21
4463,Qatar Airways,CCU,HYD,674,186,236,0,13,0
4464,Go First,MAA,BLR,630,262,283,0,41,47
4465,Go First,CCU,MAA,324,75,-12,0,98,42
4466,Go First,BLR,BOM,900,284,125,0,91,19
4467,SpiceJet,HYD,BLR,1251,30,150,0,75,17
4468,IndiGo,BOM,MAA,1168,37,238,0,103,69
4469,Qatar Airways,DEL,BLR,307,66,137,0,47,48
4470,IndiGo,BOM,DEL,653,167,51,0,23,75
4471,SpiceJet,HYD,DEL,284,246,39,0,64,16
4472,Vistara,DEL,DEL,391,106,80,0,16,52
4473,Air India,HYD,CCU,359,8,151,1,37,21
4474,Qatar Airways,BOM,BOM,768,48,305,0,27,81
4475,Qatar Airways,BLR,DEL,796,185,315,0,32,9
4476,IndiGo,BOM,BOM,931,96,46,0,23,23
4477,Air India,BOM,DEL,164,273,158,0,110,83
4478,Emirates,BOM,CCU,732,23,237,0,108,11
4479,Emirates,MAA,BLR,580,284,96,0,69,3
4480,SpiceJet,HYD,MAA,820,240,199,0,84,41
4481,Emirates,HYD,MAA,1247,115,223,0,108,4
4482,Qatar Airways,CCU,DEL,123,95,211,0,117,25
4483,Emirates,HYD,MAA,343,169,214,0,3,99
4484,Vistara,CCU,DEL,523,99,217,0,32,58
4485,Vistara,MAA,DEL,1075,217,147,0,118,61
4486,Vistara,BLR,HYD,128,110,110,0,9,79
4487,Emirates,CCU,HYD,1158,96,237,0,35,4
4488,SpiceJet,BOM,HYD,656,120,317,0,76,25
4489,Go First,BLR,BOM,1150,12,183,0,99,82
4490,Go First,MAA,HYD,737,134,181,0,111,5
4491,Air India,HYD,DEL,938,143,106,0,72,23
4492,Go First,CCU,CCU,70,96,248,0,30,94
4493,Go First,BOM,CCU,272,135,38,0,3,94
4494,Vistara,DEL,BLR,1210,241,119,0,83,52
4495,Vistara,DEL,HYD,1026,291,135,0,7,6
4496,Emirates,BLR,CCU,1308,59,84,0,26,9
4497,Air India,HYD,HYD,21,20,218,0,35,38
4498,IndiGo,DEL,BLR,165,82,16,0,8,85
4499,Qatar Airways,BLR,CCU,1333,126,46,0,42,77
4500,Air India,MAA,DEL,874,152,180,0,23,27
4501,Air India,BLR,BOM,497,70,14,0,36,41
4502,SpiceJet,BLR,HYD,433,65,227,0,40,61
4503,Emirates,BLR,CCU,757,52,90,0,103,51
4504,SpiceJet,BOM,CCU,233,89,279,0,93,21
4505,Air India,BLR,BLR,836,37,117,0,25,56
4506,Air India,CCU,DEL,662,63,6,0,3,95
4507,Air India,BLR,MAA,724,181,140,0,115,10
4508,Go First,BOM,CCU,375,19,198,0,0,13
4509,Qatar Airways,BOM,BOM,729,146,210,0,19,30
4510,Qatar Airways,MAA,BLR,1269,255,269,0,91,3
4511,SpiceJet,HYD,CCU,302,245,155,0,44,21
4512,Air India,DEL,CCU,404,28,26,0,87,92
4513,Qatar Airways,DEL,BLR,707,44,44,0,91,98
4514,Vistara,BLR,BLR,916,17,61,0,91,63
4515,Qatar Airways,MAA,HYD,20,107,186,0,68,76
4516,Emirates,BLR,CCU,256,198,204,0,95,83
4517,Emirates,DEL,MAA,398,64,171,0,117,82
4518,Qatar Airways,BOM,BOM,50,54,80,0,51,78
4519,Vistara,HYD,DEL,446,89,196,0,93,89
4520,Emirates,MAA,DEL,1293,35,246,0,63,83
4521,Go First,BOM,MAA,826,145,313,0,20,60
4522,Qatar Airways,HYD,BLR,594,229,61,0,105,99
4523,Go First,MAA,BLR,817,248,15,0,79,5
4524,Qatar Airways,MAA,BLR,635,125,23,0,71,78
4525,IndiGo,DEL,CCU,1285,187,290,0,75,67
4526,IndiGo,BOM,BLR,1388,176,318,0,95,5
4527,IndiGo,MAA,BLR,1072,105,198,0,24,65
4528,Emirates,CCU,CCU,1141,47,110,0,66,35
4529,Go First,MAA,CCU,774,59,149,1,25,14
4530,Go First,HYD,MAA,972,82,230,0,99,75
4531,Go First,DEL,HYD,396,218,93,0,80,39
4532,Vistara,BLR,CCU,682,126,72,0,26,40
4533,Go First,DEL,BOM,1050,94,184,0,116,6
4534,Vistara,BLR,BLR,710,294,255,0,51,21
4535,IndiGo,BOM,HYD,1395,6,35,0,62,71
4536,IndiGo,BOM,DEL,1120,43,182,0,85,10
4537,Emirates,MAA,MAA,528,101,7,0,117,1
4538,Qatar Airways,CCU,HYD,684,161,137,0,44,29
4539,IndiGo,BOM,CCU,612,294,207,0,57,67
4540,Qatar Airways,MAA,BLR,185,133,205,0,37,52
4541,Qatar Airways,DEL,BLR,695,74,135,0,34,88
4542,Emirates,BOM,BLR,214,1,250,0,45,20
4543,Air India,DEL,HYD,1274,241,57,0,70,24
4544,Air India,DEL,BLR,215,205,61,0,2,72
4545,SpiceJet,CCU,CCU,28,115,16,0,5,71
4546,Emirates,BOM,HYD,101,87,49,0,12,4
4547,SpiceJet,DEL,BLR,122,293,2,0,45,91
4548,SpiceJet,CCU,DEL,53,17,148,0,78,65
4549,Air India,CCU,DEL,1306,255,271,0,89,84
4550,Emirates,BOM,BOM,1140,41,38,1,111,48
4551,Air India,CCU,BLR,615,132,47,0,32,7
4552,SpiceJet,BOM,BLR,556,121,241,0,78,97
4553,Emirates,BOM,HYD,113,196,223,0,61,86
4554,SpiceJet,BLR,HYD,854,51,-7,0,62,78
4555,Go First,DEL,BLR,675,121,104,0,55,26
4556,Qatar Airways,HYD,BOM,976,30,74,0,38,1
4557,Emirates,BOM,BLR,700,190,296,0,59,27
4558,Emirates,DEL,CCU,1316,88,159,1,104,10
4559,Qatar Airways,CCU,HYD,1218,273,-13,0,110,45
4560,SpiceJet,MAA,BLR,291,36,114,0,77,20
4561,Go First,BOM,HYD,260,126,38,0,82,41
4562,Vistara,CCU,BLR,1230,119,277,0,91,31
4563,Qatar Airways,CCU,MAA,563,184,168,0,23,31
4564,Air India,CCU,HYD,48,106,208,0,49,70
4565,SpiceJet,CCU,BOM,1029,58,-4,0,104,21
4566,Qatar Airways,CCU,MAA,378,17,179,0,32,77
4567,Qatar Airways,BOM,CCU,1417,3,231,0,75,76
4568,Emirates,HYD,BLR,223,35,138,0,73,20
4569,Air India,BLR,CCU,1046,5,62,0,6,21
4570,Air India,CCU,HYD,1007,198,124,0,45,33
4571,Air India,CCU,MAA,656,147,74,0,61,9
4572,Qatar Airways,BLR,CCU,109,216,128,0,0,64
4573,Vistara,BOM,BOM,723,230,56,1,78,64
4574,IndiGo,DEL,HYD,552,47,161,0,117,87
4575,SpiceJet,MAA,MAA,1422,293,247,0,64,66
4576,IndiGo,MAA,CCU,1195,294,255,0,44,94
4577,Qatar Airways,DEL,MAA,1005,119,89,0,83,42
4578,IndiGo,BOM,MAA,697,206,56,0,54,40
4579,Qatar Airways,MAA,CCU,725,3,58,0,65,12
4580,IndiGo,BLR,DEL,305,232,127,0,66,3
4581,Air India,DEL,BLR,958,134,46,0,99,22
4582,Go First,HYD,HYD,953,92,130,0,79,69
4583,Air India,BOM,HYD,1174,206,30,0,53,33
4584,Air India,DEL,HYD,620,53,213,0,92,40
4585,Emirates,MAA,MAA,629,147,89,0,107,17
4586,Emirates,BOM,CCU,876,151,93,1,99,99
4587,IndiGo,BLR,BLR,555,7,301,0,62,89
4588,Qatar Airways,BOM,BOM,66,205,105,0,53,96
4589,Air India,BOM,HYD,1179,38,27,0,107,32
4590,IndiGo,BLR,CCU,834,45,83,0,102,24
4591,Emirates,CCU,BLR,205,47,178,0,51,51
4592,Go First,BLR,BLR,785,144,295,0,53,16
4593,SpiceJet,BOM,DEL,154,44,198,0,66,50
4594,IndiGo,BLR,CCU,1097,8,213,0,36,2
4595,Go First,CCU,HYD,1072,140,169,0,107,54
4596,SpiceJet,DEL,MAA,782,97,96,0,11,85
4597,Vistara,BLR,BLR,584,36,256,0,58,55
4598,IndiGo,BLR,BLR,707,196,297,0,19,34
4599,IndiGo,BOM,BOM,178,117,86,0,86,67
4600,Vistara,DEL,DEL,1071,174,194,0,85,58
4601,Vistara,HYD,BLR,1095,47,211,0,31,91
4602,IndiGo,HYD,BLR,112,132,265,0,70,58
4603,Vistara,MAA,MAA,756,86,6,0,85,12
4604,Air India,BLR,MAA,896,36,232,0,43,61
4605,SpiceJet,BLR,BOM,820,180,143,0,65,93
4606,SpiceJet,DEL,CCU,158,129,213,0,77,46
4607,SpiceJet,CCU,BOM,785,92,171,0,54,75
4608,Air India,HYD,BOM,1053,220,127,0,15,2
4609,Qatar Airways,MAA,MAA,1120,38,8,0,87,20
4610,Vistara,DEL,CCU,250,101,125,0,70,64
4611,Go First,BLR,MAA,1115,76,224,0,67,17
4612,Vistara,HYD,DEL,112,271,276,0,51,12
4613,IndiGo,MAA,HYD,258,241,289,0,36,70
4614,Emirates,BOM,HYD,106,63,66,0,45,76
4615,SpiceJet,HYD,DEL,574,36,32,0,40,80
4616,Vistara,MAA,HYD,1413,65,155,0,4,95
4617,Go First,DEL,CCU,990,85,246,1,65,92
4618,IndiGo,BOM,MAA,1381,20,52,0,4,44
4619,Air India,MAA,HYD,1222,11,-2,0,62,61
4620,Qatar Airways,MAA,CCU,426,6,14,0,2,29
4621,Air India,BLR,MAA,858,201,94,0,105,74
4622,Go First,CCU,CCU,917,137,196,0,7,13
4623,IndiGo,HYD,DEL,1143,224,248,0,25,52
4624,SpiceJet,BLR,BOM,1332,294,306,0,73,9
4625,Vistara,BOM,DEL,626,76,186,0,97,71
4626,IndiGo,CCU,HYD,474,27,68,0,109,30
4627,Qatar Airways,MAA,MAA,551,42,37,0,99,5
4628,Air India,BLR,CCU,343,17,240,0,52,82
4629,Qatar Airways,CCU,HYD,627,66,58,0,75,18
4630,Qatar Airways,HYD,HYD,135,189,204,0,83,11
4631,Go First,BOM,BOM,276,162,127,0,28,63
4632,Go First,DEL,HYD,30,263,84,0,13,81
4633,Vistara,BLR,BOM,246,39,113,0,111,54
4634,Go First,BOM,MAA,410,166,203,0,4,66
4635,Go First,DEL,MAA,26,290,255,0,111,8
4636,IndiGo,BLR,CCU,72,216,6,0,26,5
4637,SpiceJet,BOM,BOM,1120,116,162,0,67,0
4638,Vistara,BOM,DEL,672,10,32,0,28,41
4639,IndiGo,CCU,MAA,1369,188,101,0,2,92
4640,SpiceJet,BLR,CCU,475,178,313,0,96,54
4641,Qatar Airways,BOM,DEL,1323,141,163,0,29,48
4642,IndiGo,MAA,MAA,1322,149,257,1,99,98
4643,Emirates,BLR,MAA,286,85,163,0,8,98
4644,IndiGo,BOM,CCU,211,64,33,0,0,29
4645,Go First,CCU,CCU,1099,71,299,0,111,34
4646,SpiceJet,DEL,BLR,400,117,239,0,22,62
4647,Vistara,DEL,HYD,654,122,14,0,66,21
4648,Vistara,MAA,HYD,1057,128,69,0,31,42
4649,SpiceJet,BLR,DEL,497,235,261,0,87,27
4650,Go First,CCU,HYD,847,280,18,0,5,17
4651,Air India,BOM,DEL,1351,101,313,0,76,31
4652,IndiGo,BOM,MAA,97,192,82,0,48,68
4653,Go First,DEL,BLR,365,159,60,0,14,53
4654,Emirates,CCU,BLR,462,76,159,0,57,33
4655,Qatar Airways,MAA,MAA,27,108,233,0,52,30
4656,SpiceJet,DEL,CCU,712,87,118,0,29,96
4657,IndiGo,DEL,BOM,1409,229,162,0,75,3
4658,Vistara,MAA,BOM,272,127,212,0,39,13
4659,Qatar Airways,BLR,HYD,825,71,47,0,58,14
4660,Air India,BOM,CCU,1150,225,252,0,62,59
4661,Emirates,BLR,DEL,201,125,242,0,47,19
4662,Vistara,CCU,BLR,1310,271,128,0,98,19
4663,SpiceJet,HYD,HYD,449,-8,287,0,91,48
4664,IndiGo,HYD,MAA,1111,48,36,0,67,98
4665,SpiceJet,HYD,CCU,1341,105,287,0,6,67
4666,Qatar Airways,MAA,BLR,18,120,83,0,46,17
4667,IndiGo,DEL,DEL,1130,190,290,0,42,23
4668,Go First,BLR,DEL,310,281,29,0,15,26
4669,Air India,BOM,BOM,411,87,26,0,21,32
4670,Go First,HYD,HYD,741,205,311,0,62,63
4671,Go First,BLR,MAA,623,113,41,0,45,24
4672,SpiceJet,HYD,BLR,731,62,17,0,118,68
4673,Qatar Airways,HYD,DEL,634,119,98,0,44,17
4674,Air India,BOM,BLR,497,16,284,0,40,44
4675,IndiGo,CCU,MAA,243,154,98,0,24,19
4676,IndiGo,CCU,BLR,689,57,40,0,49,34
4677,Emirates,CCU,HYD,576,3,28,0,66,5
4678,Vistara,MAA,BOM,1403,87,196,0,51,90
4679,Emirates,DEL,BLR,514,268,313,0,85,91
4680,Emirates,MAA,CCU,206,236,18,0,30,74
4681,IndiGo,BLR,BOM,947,101,254,0,36,8
4682,SpiceJet,MAA,MAA,393,196,180,0,21,51
4683,Go First,BLR,BOM,1044,222,109,0,26,27
4684,Qatar Airways,BLR,BLR,1366,50,63,0,119,18
4685,Go First,DEL,BLR,717,74,239,0,1,84
4686,Go First,BOM,CCU,201,172,129,0,21,62
4687,Air India,DEL,DEL,119,228,67,0,52,94
4688,IndiGo,CCU,CCU,388,239,214,0,16,6
4689,Qatar Airways,CCU,BLR,233,60,121,0,111,36
4690,SpiceJet,MAA,BOM,601,217,11,0,55,88
4691,Air India,BLR,CCU,1343,74,161,0,83,91
4692,Vistara,HYD,CCU,711,295,191,0,87,35
4693,SpiceJet,HYD,DEL,981,260,290,0,108,16
4694,Emirates,BLR,BLR,1203,279,295,0,30,89
4695,SpiceJet,DEL,BLR,856,225,197,0,115,91
4696,SpiceJet,BOM,MAA,1391,280,21,0,42,36
4697,Go First,DEL,DEL,75,28,277,0,71,80
4698,SpiceJet,BLR,MAA,648,195,163,0,52,59
4699,Emirates,BLR,MAA,649,172,144,0,4,48
4700,Emirates,BOM,MAA,495,176,-4,1,1,80
4701,IndiGo,MAA,HYD,1224,122,153,0,58,96
4702,SpiceJet,MAA,MAA,829,19,296,0,3,55
4703,Go First,BOM,CCU,1369,244,64,0,98,33
4704,SpiceJet,MAA,BOM,482,132,-2,0,33,86
4705,Vistara,HYD,CCU,1242,92,38,0,66,29
4706,Vistara,MAA,CCU,1083,63,238,0,111,26
4707,Go First,MAA,BLR,990,44,49,0,83,50
4708,IndiGo,MAA,HYD,618,225,42,0,72,8
4709,IndiGo,HYD,MAA,549,49,80,0,5,19
4710,Emirates,MAA,BLR,645,13,5,0,57,86
4711,Emirates,CCU,DEL,1244,11,244,0,46,46
4712,Air India,HYD,DEL,501,21,57,0,4,18
4713,Go First,BOM,BLR,1156,-8,232,0,60,67
4714,SpiceJet,DEL,BOM,845,59,111,0,104,76
4715,Qatar Airways,BOM,BLR,52,149,30,0,55,11
4716,Go First,DEL,BLR,449,77,252,0,101,72
4717,Air India,BOM,HYD,61,48,112,0,34,78
4718,Emirates,CCU,DEL,1046,241,14,0,118,84
4719,Go First,DEL,DEL,43,208,78,0,94,78
4720,Go First,DEL,MAA,819,190,208,0,12,4
4721,Emirates,BLR,CCU,658,66,300,0,25,68
4722,Air India,DEL,BLR,727,244,84,0,85,24
4723,Emirates,DEL,BLR,851,236,55,0,95,87
4724,IndiGo,BLR,BOM,46,259,65,0,63,30
4725,SpiceJet,MAA,DEL,819,296,284,0,78,45
4726,Emirates,MAA,BOM,1047,128,92,0,10,33
4727,Air India,BLR,HYD,88,67,86,0,61,40
4728,Vistara,HYD,MAA,1197,69,75,0,79,77
4729,IndiGo,DEL,BOM,1142,-1,0,0,46,90
4730,Vistara,DEL,DEL,734,113,94,0,119,67
4731,Qatar Airways,BLR,HYD,177,175,247,0,69,86
4732,Emirates,BLR,BLR,1018,23,144,0,109,37
4733,IndiGo,HYD,HYD,1365,110,237,0,74,45
4734,SpiceJet,CCU,CCU,1082,69,73,0,57,68
4735,Emirates,MAA,BOM,900,195,79,0,115,26
4736,SpiceJet,BOM,DEL,437,42,256,0,9,42
4737,Go First,CCU,BOM,425,145,231,0,15,77
4738,Vistara,MAA,BLR,967,263,190,0,11,70
4739,IndiGo,DEL,BLR,1404,124,302,0,70,44
4740,SpiceJet,CCU,DEL,485,87,270,0,102,17
4741,Air India,BLR,CCU,1208,230,232,0,90,31
4742,SpiceJet,HYD,MAA,459,34,51,1,87,1
4743,Air India,MAA,HYD,920,188,30,0,49,40
4744,Emirates,HYD,HYD,1125,280,27,0,14,19
4745,IndiGo,MAA,BLR,1038,103,213,0,58,92
4746,SpiceJet,CCU,BOM,747,266,285,0,69,57
4747,Qatar Airways,DEL,BOM,50,230,218,0,61,89
4748,SpiceJet,BOM,CCU,308,145,183,0,82,37
4749,Qatar Airways,HYD,MAA,1057,33,16,0,71,0
4750,IndiGo,HYD,BOM,1004,69,248,0,115,68
4751,SpiceJet,BOM,HYD,634,127,97,0,110,53
4752,Air India,HYD,BOM,204,140,302,0,61,13
4753,SpiceJet,HYD,MAA,739,231,260,0,99,24
4754,Vistara,MAA,HYD,1093,132,130,0,49,8
4755,Emirates,MAA,BOM,1253,288,-10,0,76,93
4756,Go First,BOM,HYD,532,39,92,0,53,82
4757,Air India,DEL,BLR,107,251,244,0,53,60
4758,Vistara,CCU,BLR,875,150,55,0,96,51
4759,Qatar Airways,CCU,CCU,1264,51,146,0,95,7
4760,Emirates,HYD,BLR,250,44,84,0,27,15
4761,IndiGo,DEL,BOM,134,20,311,0,103,7
4762,Air India,BOM,MAA,1113,279,17,0,50,22
4763,Go First,BOM,HYD,688,158,127,1,112,72
4764,Emirates,MAA,DEL,1321,255,228,0,73,95
4765,Qatar Airways,HYD,BLR,406,297,208,0,32,33
4766,Go First,BLR,BLR,1331,174,198,1,0,17
4767,IndiGo,BOM,DEL,101,-8,104,0,84,43
4768,IndiGo,HYD,DEL,1384,150,152,0,68,14
4769,Qatar Airways,DEL,BOM,692,249,201,0,0,14
4770,Air India,MAA,HYD,1316,37,306,0,116,92
4771,Qatar Airways,CCU,BLR,1169,243,201,0,54,22
4772,SpiceJet,DEL,MAA,403,63,38,0,84,86
4773,IndiGo,BOM,BOM,813,155,192,0,88,64
4774,Emirates,BOM,BOM,1025,249,64,0,83,85
4775,SpiceJet,DEL,MAA,1142,-7,135,0,44,70
4776,Vistara,BOM,MAA,854,108,39,0,72,31
4777,Go First,HYD,CCU,1214,262,-11,0,79,91
4778,SpiceJet,BOM,MAA,1026,215,19,0,91,31
4779,Go First,MAA,DEL,941,59,103,0,39,32
4780,Qatar Airways,HYD,BLR,1020,171,181,0,109,42
4781,SpiceJet,BLR,CCU,176,253,38,0,112,12
4782,Qatar Airways,BOM,DEL,1280,170,243,0,60,91
4783,Vistara,BOM,CCU,872,-6,246,0,35,8
4784,IndiGo,MAA,BLR,476,186,296,1,102,61
4785,Vistara,MAA,CCU,397,36,-14,0,112,56
4786,IndiGo,CCU,DEL,219,29,66,0,23,47
4787,Qatar Airways,DEL,HYD,172,111,-11,0,79,42
4788,IndiGo,DEL,BLR,735,124,158,0,13,66
4789,Go First,DEL,BOM,1413,129,123,0,111,80
4790,Emirates,MAA,BLR,501,142,177,0,97,97
4791,Vistara,DEL,BLR,760,17,122,0,87,31
4792,SpiceJet,DEL,BLR,1283,66,281,0,110,72
4793,Vistara,BLR,HYD,130,164,100,0,74,59
4794,Go First,DEL,DEL,1136,38,28,0,108,0
4795,IndiGo,BOM,BOM,797,299,273,0,99,56
4796,Go First,CCU,DEL,798,263,203,0,119,83
4797,Air India,MAA,CCU,929,16,40,0,0,68
4798,Air India,HYD,CCU,722,210,226,0,46,84
4799,SpiceJet,CCU,CCU,1043,111,242,0,75,68
4800,Go First,BLR,DEL,214,58,-15,0,20,67
4801,Qatar Airways,MAA,MAA,1333,60,273,0,72,60
4802,SpiceJet,MAA,HYD,1274,139,87,0,38,7
4803,Qatar Airways,BOM,MAA,487,176,276,0,2,88
4804,SpiceJet,CCU,CCU,1405,235,133,0,15,6
4805,Air India,CCU,HYD,1432,185,68,0,67,36
4806,SpiceJet,DEL,DEL,1294,21,10,0,25,41
4807,Air India,BOM,CCU,1430,98,159,0,118,31
4808,IndiGo,DEL,DEL,1217,-10,207,1,109,16
4809,Qatar Airways,DEL,HYD,312,171,113,0,53,27
4810,Go First,MAA,DEL,78,163,126,0,12,69
4811,SpiceJet,CCU,DEL,179,158,286,0,60,47
4812,Air India,DEL,BOM,1003,237,282,1,19,53
4813,Vistara,BLR,MAA,674,97,119,0,82,41
4814,Qatar Airways,BLR,MAA,13,286,39,0,26,35
4815,SpiceJet,CCU,MAA,858,253,40,0,1,65
4816,Emirates,BLR,BLR,245,19,60,0,9,30
4817,IndiGo,MAA,BOM,1037,291,303,0,59,64
4818,IndiGo,BOM,CCU,98,214,116,0,88,2
4819,Vistara,HYD,CCU,32,78,26,0,18,12
4820,Air India,DEL,CCU,256,223,94,0,14,30
4821,SpiceJet,HYD,MAA,33,157,54,0,102,28
4822,Qatar Airways,BOM,MAA,18,220,268,0,46,56
4823,Air India,BOM,BOM,1283,115,110,1,112,32
4824,IndiGo,MAA,DEL,588,50,280,0,23,52
4825,Air India,BLR,MAA,1439,109,163,0,15,9
4826,IndiGo,BLR,CCU,136,179,282,0,80,62
4827,Air India,BOM,DEL,358,110,181,0,59,72
4828,Vistara,MAA,MAA,753,37,245,0,79,64
4829,Go First,MAA,HYD,1139,191,85,0,81,95
4830,Vistara,CCU,BLR,403,48,45,0,48,96
4831,Vistara,DEL,MAA,1225,174,167,0,3,1
4832,Go First,BLR,HYD,1399,212,281,0,65,1
4833,Go First,BOM,BOM,249,0,-7,0,48,68
4834,SpiceJet,CCU,HYD,445,270,190,0,112,73
4835,Qatar Airways,HYD,BOM,953,178,302,0,30,36
4836,Qatar Airways,BLR,MAA,277,291,38,1,65,1
4837,SpiceJet,DEL,BOM,111,299,164,0,53,60
4838,Vistara,MAA,HYD,745,226,88,0,1,39
4839,Vistara,BOM,BLR,687,23,110,0,60,62
4840,IndiGo,BLR,DEL,391,124,18,0,14,24
4841,IndiGo,HYD,DEL,968,51,149,0,59,37
4842,Qatar Airways,DEL,BLR,142,216,282,0,111,36
4843,SpiceJet,DEL,CCU,1055,82,254,0,42,81
4844,Emirates,CCU,DEL,180,105,273,0,92,26
4845,Emirates,BLR,MAA,578,122,102,0,97,83
4846,SpiceJet,HYD,CCU,797,282,76,0,39,49
4847,IndiGo,DEL,MAA,268,182,84,0,95,33
4848,Qatar Airways,BOM,HYD,1259,19,71,0,84,43
4849,Qatar Airways,DEL,HYD,1300,287,218,0,29,71
4850,IndiGo,HYD,CCU,552,50,108,0,62,3
4851,Emirates,MAA,CCU,632,293,187,0,23,93
4852,Air India,MAA,CCU,274,291,16,0,43,51
4853,Air India,CCU,CCU,742,17,23,0,13,54
4854,IndiGo,BLR,BOM,85,66,78,0,27,99
4855,Air India,HYD,CCU,1086,110,-6,0,13,72
4856,Go First,CCU,CCU,403,-8,199,0,55,11
4857,SpiceJet,DEL,HYD,191,26,84,0,107,13
4858,SpiceJet,DEL,MAA,1316,136,228,0,33,34
4859,IndiGo,MAA,HYD,1054,81,42,0,77,5
4860,Vistara,CCU,DEL,1353,262,304,0,118,46
4861,Emirates,MAA,BOM,106,76,3,0,88,22
4862,IndiGo,BOM,BOM,621,29,101,0,11,67
4863,Air India,MAA,MAA,275,167,120,0,55,64
4864,Emirates,BOM,CCU,650,274,311,0,60,58
4865,Vistara,DEL,HYD,555,31,280,0,104,8
4866,Air India,CCU,DEL,1105,274,-3,0,60,57
4867,Qatar Airways,BOM,HYD,1087,55,85,0,39,47
4868,Go First,CCU,CCU,566,113,139,0,19,62
4869,Air India,CCU,CCU,585,134,66,1,111,8
4870,Go First,BOM,BLR,884,109,72,0,41,43
4871,Emirates,BLR,HYD,128,98,89,0,6,45
4872,Go First,MAA,MAA,255,81,114,0,78,14
4873,Emirates,BOM,HYD,933,297,256,0,72,87
4874,Emirates,DEL,BOM,230,49,-2,0,67,52
4875,Emirates,CCU,DEL,1160,216,112,0,30,47
4876,Emirates,HYD,MAA,862,229,44,0,86,71
4877,Emirates,BOM,BLR,354,201,211,1,69,91
4878,Air India,MAA,DEL,145,87,1,1,91,41
4879,Emirates,CCU,DEL,1056,3,29,0,75,16
4880,Air India,BLR,BOM,259,207,22,0,46,34
4881,Emirates,DEL,BOM,86,159,108,0,50,30
4882,Go First,BLR,BOM,842,296,48,1,57,3
4883,Qatar Airways,HYD,MAA,264,269,237,0,21,47
4884,Emirates,BOM,HYD,391,199,246,0,23,13
4885,Vistara,CCU,DEL,231,245,96,0,33,24
4886,Emirates,BOM,HYD,900,160,86,0,62,45
4887,Emirates,MAA,HYD,587,62,33,0,59,47
4888,Go First,BOM,BOM,446,136,261,0,18,39
4889,SpiceJet,DEL,HYD,1152,95,211,0,23,49
4890,Go First,HYD,DEL,1294,83,7,1,63,6
4891,Vistara,BLR,DEL,1112,52,316,0,19,94
4892,SpiceJet,HYD,CCU,465,143,169,0,115,59
4893,IndiGo,CCU,BLR,933,244,48,0,97,34
4894,IndiGo,BOM,MAA,1193,24,141,0,110,62
4895,Vistara,CCU,HYD,127,285,267,0,26,19
4896,Go First,BLR,MAA,1197,242,133,0,57,15
4897,Air India,CCU,MAA,1049,146,311,0,43,21
4898,Vistara,MAA,MAA,572,123,153,0,92,35
4899,Qatar Airways,HYD,CCU,510,118,117,0,64,18
4900,SpiceJet,BLR,MAA,487,269,298,0,118,1
4901,SpiceJet,BLR,CCU,890,241,116,0,45,67
4902,Emirates,BLR,DEL,578,124,181,0,99,97
4903,IndiGo,DEL,HYD,949,0,119,0,53,6
4904,SpiceJet,HYD,CCU,405,281,19,0,119,46
4905,Vistara,CCU,BLR,1049,137,204,0,106,48
4906,SpiceJet,BLR,MAA,1106,69,169,0,38,77
4907,Vistara,HYD,BLR,363,180,-11,0,108,42
4908,Air India,BLR,DEL,1390,19,55,0,109,31
4909,Emirates,MAA,DEL,1083,218,225,0,6,16
4910,IndiGo,MAA,BOM,550,73,281,0,53,13
4911,SpiceJet,MAA,MAA,291,139,315,0,42,80
4912,Vistara,BOM,BOM,788,178,177,0,19,31
4913,Go First,BLR,BLR,815,10,152,0,83,59
4914,IndiGo,BOM,HYD,190,26,220,0,24,59
4915,Air India,HYD,BOM,460,235,278,0,42,51
4916,Vistara,BOM,DEL,663,272,282,0,84,65
4917,Qatar Airways,HYD,MAA,232,91,232,0,72,3
4918,Qatar Airways,HYD,BLR,473,283,149,0,26,93
4919,Emirates,HYD,CCU,1428,221,296,0,91,93
4920,Emirates,CCU,DEL,657,277,55,0,24,62
4921,Air India,BOM,CCU,270,234,215,0,35,32
4922,Air India,CCU,HYD,1157,166,39,0,97,0
4923,Emirates,BLR,MAA,170,202,166,0,65,96
4924,SpiceJet,BOM,HYD,1438,91,6,0,8,99
4925,SpiceJet,BLR,HYD,27,275,267,0,82,63
4926,Vistara,BLR,MAA,135,11,89,0,78,94
4927,Go First,HYD,MAA,924,8,159,0,52,36
4928,Vistara,BOM,CCU,404,276,278,0,20,77
4929,Go First,BLR,HYD,976,265,23,0,49,69
4930,Air India,MAA,BLR,887,136,44,0,15,6
4931,IndiGo,BLR,CCU,1264,29,284,0,65,23
4932,Vistara,MAA,MAA,855,156,283,0,25,67
4933,Vistara,BOM,DEL,443,80,196,0,43,54
4934,Go First,CCU,CCU,433,61,139,0,28,88
4935,Air India,BOM,BOM,1251,272,157,0,96,2
4936,Air India,CCU,BLR,508,129,7,0,97,91
4937,Qatar Airways,CCU,CCU,1326,228,224,0,45,22
4938,Go First,BOM,MAA,33,67,193,0,90,35
4939,Air India,BLR,MAA,1025,188,106,0,70,56
4940,Emirates,DEL,BLR,361,6,237,0,48,47
4941,SpiceJet,BLR,BOM,1218,207,125,0,14,12
4942,Qatar Airways,BLR,CCU,605,218,304,0,16,60
4943,Emirates,HYD,CCU,1331,127,137,0,8,85
4944,IndiGo,HYD,HYD,715,136,198,0,76,88
4945,Vistara,BLR,DEL,249,199,292,0,31,23
4946,Qatar Airways,MAA,MAA,146,147,32,0,65,42
4947,IndiGo,CCU,CCU,1369,142,301,0,58,32
4948,Vistara,HYD,CCU,347,152,1,0,31,77
4949,SpiceJet,BLR,CCU,1277,296,280,0,110,23
4950,Air India,DEL,BOM,398,90,315,0,83,21
4951,Emirates,MAA,DEL,1357,144,53,0,42,51
4952,Go First,BOM,CCU,1199,-1,69,1,82,86
4953,Emirates,BLR,BLR,124,172,266,0,109,5
4954,SpiceJet,BLR,MAA,762,123,192,0,90,18
4955,IndiGo,CCU,HYD,397,-5,24,0,99,75
4956,Go First,MAA,BLR,130,247,80,0,58,89
4957,Air India,HYD,MAA,604,200,234,0,29,28
4958,SpiceJet,HYD,BOM,891,40,120,0,10,63
4959,Go First,HYD,DEL,821,136,57,0,79,13
4960,SpiceJet,BOM,DEL,901,117,285,1,118,80
4961,SpiceJet,MAA,MAA,944,247,257,0,25,29
4962,Air India,MAA,BLR,1430,40,153,0,93,70
4963,Qatar Airways,HYD,HYD,731,143,317,0,1,20
4964,Vistara,HYD,BOM,333,59,182,0,33,64
4965,Go First,CCU,MAA,1043,265,90,1,40,3
4966,Air India,DEL,BOM,204,268,85,0,85,45
4967,SpiceJet,DEL,DEL,955,299,219,0,30,7
4968,Air India,BLR,CCU,354,123,264,1,62,17
4969,Qatar Airways,BLR,CCU,1196,209,313,0,54,59
4970,Vistara,MAA,HYD,1212,152,90,0,116,44
4971,Emirates,MAA,BOM,823,125,19,0,60,71
4972,Go First,BOM,MAA,1025,46,141,0,84,94
4973,Vistara,BOM,HYD,940,166,257,0,35,30
4974,IndiGo,DEL,BLR,167,104,224,0,39,27
4975,Go First,BLR,CCU,367,138,191,0,22,63
4976,Vistara,DEL,MAA,535,230,229,0,25,36
4977,SpiceJet,DEL,BOM,962,112,77,0,17,66
4978,Go First,BLR,HYD,579,281,93,0,78,78
4979,Go First,BOM,MAA,1393,58,290,0,33,67
4980,Air India,CCU,HYD,949,52,98,0,85,34
4981,SpiceJet,CCU,HYD,206,210,8,0,27,97
4982,IndiGo,CCU,HYD,1072,5,277,0,106,35
4983,Emirates,BLR,BOM,543,67,236,0,48,56
4984,Qatar Airways,HYD,MAA,128,111,251,0,63,69
4985,Vistara,HYD,DEL,613,247,193,0,70,3
4986,Air India,HYD,DEL,34,206,39,0,62,48
4987,Vistara,MAA,BOM,818,103,11,1,103,93
4988,IndiGo,BOM,BOM,198,135,307,0,61,38
4989,IndiGo,BOM,CCU,76,226,-14,0,41,17
4990,Go First,MAA,HYD,368,75,52,0,23,59
4991,Qatar Airways,DEL,MAA,832,156,132,0,34,85
4992,IndiGo,CCU,MAA,525,118,303,0,76,9
4993,Vistara,HYD,BLR,348,154,312,0,54,92
4994,SpiceJet,CCU,BLR,505,266,114,0,48,22
4995,SpiceJet,HYD,DEL,642,246,67,0,76,67
4996,Go First,CCU,BLR,237,121,26,0,94,58
4997,Emirates,DEL,BLR,1303,47,140,0,58,82
4998,Vistara,CCU,DEL,137,246,141,0,82,89
4999,Vistara,CCU,CCU,1292,130,91,0,92,6
5000,IndiGo,BLR,DEL,1224,163,268,0,21,12
