customer_id,region,marketing_channel,campaign_type,before_campaign_sales,after_campaign_sales,before_campaign_visits,after_campaign_visits,conversion_rate_before,conversion_rate_after,campaign_cost_usd,customer_retained
1,South America,TV Ads,Discount,2444,2983,21,18,2.5,10.31,8383,1
2,Europe,TV Ads,Brand Awareness,697,4856,2,101,5.0,4.48,10613,0
3,Middle East,Email,New Product Launch,2681,6785,32,69,2.57,4.94,4858,1
4,Middle East,Influencer,Brand Awareness,4109,2302,46,28,1.78,6.18,14024,0
5,South America,Social Media,Discount,4251,4458,24,51,4.67,11.17,17169,1
6,Europe,Email,New Product Launch,1195,4435,39,106,2.92,5.88,6541,0
7,North America,Email,New Product Launch,4189,2136,28,72,0.82,6.61,1410,1
8,Europe,Email,Brand Awareness,365,5302,3,32,2.12,9.54,13733,1
9,Asia,Influencer,New Product Launch,1821,6895,25,114,1.0,4.0,16288,1
10,Asia,TV Ads,New Product Launch,3781,8056,37,117,4.56,11.52,10573,1
11,North America,Google Ads,Discount,2520,1907,42,28,1.16,6.9,7969,0
12,South America,Social Media,Brand Awareness,870,6770,31,26,3.34,4.19,13959,1
13,North America,Influencer,Discount,3816,6439,48,32,1.67,7.25,5995,0
14,South America,Google Ads,Discount,1084,7525,42,70,1.54,10.17,17069,0
15,North America,Influencer,Discount,4672,4775,28,81,2.26,7.0,13184,1
16,Middle East,TV Ads,Discount,1076,2484,45,49,2.11,2.8,2327,0
17,Asia,Influencer,New Product Launch,2546,1241,46,84,3.15,11.07,10120,1
18,Middle East,Influencer,Discount,587,7713,35,58,3.18,6.45,15511,1
19,South America,TV Ads,Discount,3632,4608,19,76,0.9,6.48,6808,1
20,South America,Social Media,Discount,2484,6071,11,73,1.94,3.66,1802,1
21,North America,TV Ads,Discount,1122,2361,6,32,2.79,3.9,6500,1
22,North America,Google Ads,Discount,4480,2995,21,5,1.73,4.55,18918,1
23,North America,Influencer,Discount,369,7859,45,59,1.52,1.81,9873,0
24,Middle East,Google Ads,Discount,2107,2101,9,75,1.5,1.46,17393,0
25,North America,Social Media,New Product Launch,2826,3620,22,107,4.53,10.91,13219,0
26,Asia,Email,Brand Awareness,3417,3123,1,64,4.33,1.13,10164,0
27,North America,Influencer,Discount,821,1700,11,5,1.37,2.12,1918,1
28,Europe,Influencer,Discount,2414,2595,12,29,0.52,10.44,8421,1
29,South America,Influencer,Discount,3469,467,20,6,4.11,7.95,8475,1
30,Europe,Email,New Product Launch,2906,2324,30,93,1.76,2.82,8750,1
31,Middle East,Email,Brand Awareness,810,374,46,87,2.58,6.51,17102,0
32,Middle East,Google Ads,Discount,1756,8708,17,107,2.53,2.35,12609,1
33,North America,Email,New Product Launch,3583,7578,48,112,1.71,11.67,709,1
34,Middle East,Google Ads,Discount,4860,3010,35,57,4.24,5.63,10459,0
35,North America,Influencer,Discount,4061,4346,36,77,2.96,4.22,1912,0
36,Europe,Influencer,New Product Launch,522,1331,40,23,4.23,4.76,6828,0
37,North America,Google Ads,New Product Launch,4027,753,40,71,3.72,11.29,19239,1
38,North America,Influencer,New Product Launch,311,7496,34,14,1.1,6.36,19150,1
39,South America,Email,New Product Launch,1598,3888,47,30,0.74,3.46,9565,1
40,South America,Google Ads,Discount,2577,2440,7,79,2.85,8.29,15123,1
41,South America,TV Ads,Brand Awareness,4588,8139,17,50,4.22,4.46,14855,1
42,Asia,Email,Discount,3744,6512,17,12,0.8,2.83,5636,1
43,Europe,Email,Brand Awareness,2424,3028,45,70,4.61,6.2,11200,1
44,Middle East,Google Ads,Brand Awareness,1158,2967,11,92,4.5,7.34,15701,1
45,North America,Social Media,Brand Awareness,1208,1199,10,75,1.9,1.04,3458,1
46,South America,Influencer,Discount,2761,5072,8,69,2.61,5.31,14880,1
47,North America,TV Ads,Brand Awareness,2467,7559,25,53,1.32,1.83,19773,1
48,South America,Google Ads,Brand Awareness,4111,213,1,74,0.84,2.18,5756,1
49,Middle East,Social Media,Discount,4614,2816,15,15,3.57,2.34,11002,1
50,Europe,Email,New Product Launch,2843,7953,37,8,2.15,7.5,3952,0
51,Middle East,Email,Brand Awareness,2803,3684,46,26,1.74,10.62,11094,0
52,Middle East,Email,New Product Launch,3830,535,25,23,4.23,1.13,3968,1
53,Middle East,Google Ads,New Product Launch,3098,1133,30,63,0.77,1.75,15543,1
54,Europe,Influencer,Brand Awareness,4273,1363,25,79,0.73,7.7,10133,0
55,Middle East,Email,New Product Launch,1013,2765,40,18,3.71,4.17,16116,1
56,Middle East,Influencer,Discount,2572,6934,29,116,2.2,8.83,18390,1
57,South America,Email,New Product Launch,1506,7399,42,22,1.83,11.81,4017,0
58,Middle East,Email,Brand Awareness,3770,3572,44,72,4.18,7.65,4333,0
59,Europe,Google Ads,New Product Launch,2278,5394,44,18,3.22,11.1,4031,0
60,Middle East,TV Ads,New Product Launch,267,4223,4,20,2.29,5.9,5938,1
61,Europe,Social Media,New Product Launch,3156,8156,11,104,0.68,10.69,17611,0
62,Europe,TV Ads,Discount,3319,8414,2,22,3.97,4.78,11679,0
63,Europe,Email,Brand Awareness,937,6994,40,30,3.37,8.65,12283,1
64,Asia,Influencer,Discount,3752,4104,41,95,4.35,6.71,3273,0
65,Middle East,TV Ads,New Product Launch,3107,3547,35,62,2.13,8.05,4175,0
66,Asia,Google Ads,New Product Launch,1824,4119,36,77,4.34,8.07,5368,0
67,Asia,Social Media,New Product Launch,3814,8234,9,28,3.67,5.72,7587,1
68,Middle East,Influencer,Discount,3062,1157,23,16,3.61,1.15,799,0
69,Middle East,Google Ads,Discount,3546,3224,15,25,1.47,2.95,2178,0
70,Asia,Influencer,Brand Awareness,3967,5455,9,44,4.69,4.07,6689,1
71,North America,Social Media,New Product Launch,2950,1736,14,77,2.83,7.26,15320,1
72,South America,Email,Brand Awareness,463,4607,48,98,4.89,10.03,4178,1
73,Middle East,Social Media,Discount,4542,5246,32,29,4.08,1.99,8514,1
74,Europe,Influencer,Brand Awareness,747,6363,35,13,1.9,8.97,10560,0
75,Europe,Google Ads,Brand Awareness,783,2765,35,106,2.23,11.11,18971,1
76,South America,TV Ads,New Product Launch,2863,7772,27,58,2.49,6.45,5659,1
77,Middle East,Email,Brand Awareness,1256,7602,13,75,2.3,11.02,12270,1
78,South America,Social Media,Brand Awareness,1067,2575,19,98,1.86,11.03,17731,1
79,South America,Social Media,New Product Launch,2006,8529,22,42,2.13,4.59,5972,0
80,South America,Social Media,Brand Awareness,3621,1929,49,65,4.94,1.7,19696,1
81,Middle East,Social Media,New Product Launch,3328,804,48,105,1.55,9.11,4925,1
82,Middle East,Google Ads,New Product Launch,1593,5825,39,74,1.45,10.36,6209,1
83,North America,Influencer,New Product Launch,2747,8501,5,16,1.26,8.84,10090,0
84,South America,Email,New Product Launch,542,1097,14,89,3.79,5.94,14088,1
85,Middle East,Social Media,Discount,3724,6938,27,78,1.58,1.58,14077,0
86,North America,Email,New Product Launch,1419,1519,29,94,3.88,10.92,9272,1
87,Asia,TV Ads,Discount,2250,7789,18,88,0.54,2.36,9756,1
88,Asia,Google Ads,Brand Awareness,4072,1951,11,34,3.92,6.35,18142,1
89,Middle East,Social Media,Discount,934,6698,25,44,1.53,3.48,16417,1
90,Asia,TV Ads,Discount,3575,7583,9,71,1.25,10.16,11613,0
91,Middle East,Google Ads,New Product Launch,3669,2807,22,50,4.1,4.39,11647,1
92,South America,TV Ads,Brand Awareness,4088,2490,6,47,1.48,8.9,15969,1
93,South America,Influencer,New Product Launch,3070,6675,6,83,0.85,8.72,17414,1
94,North America,Social Media,Brand Awareness,4606,512,32,33,3.05,11.43,4949,0
95,South America,Email,New Product Launch,3398,7391,27,65,3.83,5.43,19363,1
96,Middle East,Influencer,Brand Awareness,726,8878,1,48,1.27,11.12,12915,0
97,Europe,Social Media,Discount,4529,7335,45,77,0.9,5.56,9203,0
98,Asia,Influencer,Brand Awareness,1629,4456,42,10,1.22,6.11,8922,0
99,South America,Influencer,New Product Launch,3942,8327,8,25,3.64,5.05,13515,1
100,South America,Google Ads,New Product Launch,845,454,29,20,3.03,11.76,5533,0
101,Europe,Social Media,Brand Awareness,965,2458,47,109,0.79,8.06,13553,0
102,Europe,Google Ads,Discount,2397,4949,22,83,2.12,11.48,10537,1
103,Asia,Google Ads,New Product Launch,3610,3693,47,92,2.99,4.73,4925,1
104,North America,Email,New Product Launch,2448,5278,30,85,3.52,1.78,12956,1
105,South America,Social Media,Brand Awareness,824,6616,16,26,2.29,3.56,19163,0
106,Asia,Google Ads,Brand Awareness,330,4932,16,27,0.81,9.87,7835,1
107,South America,TV Ads,Discount,120,3311,23,105,4.93,8.48,18254,1
108,North America,Social Media,Brand Awareness,395,5310,19,50,4.23,5.96,4854,1
109,Asia,TV Ads,Discount,1437,1000,13,112,1.63,2.66,8124,0
110,Middle East,Email,Brand Awareness,249,2673,11,73,1.44,8.16,14605,1
111,Asia,Google Ads,Discount,2759,6552,9,46,4.63,10.54,14072,1
112,South America,TV Ads,New Product Launch,1619,4274,26,66,4.33,7.59,18242,1
113,Europe,Google Ads,Brand Awareness,850,7188,6,104,1.8,3.39,11066,1
114,Asia,Social Media,Discount,1323,3788,22,47,3.03,8.34,11812,1
115,Europe,Google Ads,New Product Launch,269,4704,33,110,1.06,7.18,5657,1
116,Europe,Social Media,Discount,893,6054,30,76,1.14,6.68,2874,1
117,South America,Social Media,Brand Awareness,316,593,20,92,0.88,7.09,14353,1
118,Europe,Google Ads,Discount,2896,6014,2,112,1.53,4.77,11431,1
119,North America,Social Media,Brand Awareness,3006,5552,25,93,2.58,9.16,19867,1
120,South America,Google Ads,Discount,941,5301,4,104,2.11,2.64,14940,1
121,Europe,Email,Brand Awareness,503,1153,18,51,4.13,11.6,3941,1
122,South America,Influencer,New Product Launch,2697,2264,12,44,1.74,6.79,9449,1
123,Middle East,Influencer,New Product Launch,4847,7703,22,8,2.01,10.96,19660,1
124,South America,Influencer,New Product Launch,1618,8476,31,96,3.3,5.42,7480,1
125,Europe,Google Ads,New Product Launch,835,7462,36,30,4.62,2.05,8437,1
126,Middle East,Social Media,Discount,4312,7030,41,90,2.7,6.24,14284,1
127,North America,Influencer,New Product Launch,4637,3037,3,88,2.83,4.57,15944,1
128,Europe,TV Ads,New Product Launch,1847,1282,43,50,3.6,3.66,1574,1
129,Middle East,Email,New Product Launch,1855,2371,39,24,1.22,8.81,18291,1
130,South America,Influencer,New Product Launch,117,8441,49,117,4.2,7.03,2037,1
131,North America,Email,Discount,2698,1686,4,77,1.95,5.85,16349,1
132,Middle East,TV Ads,Discount,1738,2350,18,27,1.69,1.32,10024,1
133,Europe,Google Ads,Discount,4755,5297,13,15,1.86,9.43,17407,1
134,South America,Email,Brand Awareness,3731,1419,20,50,3.76,8.33,773,0
135,South America,Email,Brand Awareness,692,6817,41,67,0.72,7.35,17550,1
136,South America,Email,New Product Launch,3426,1871,27,30,3.57,2.5,17302,1
137,Asia,Influencer,Brand Awareness,3780,6889,35,48,2.37,11.42,18669,1
138,Europe,Google Ads,New Product Launch,4862,3531,2,49,1.27,11.11,11514,0
139,Middle East,Google Ads,Brand Awareness,1552,5947,2,91,3.16,1.93,11149,1
140,Middle East,TV Ads,New Product Launch,4796,1706,31,56,3.54,7.09,9647,1
141,Asia,TV Ads,Discount,2375,8670,18,85,0.71,3.37,19899,0
142,South America,TV Ads,New Product Launch,2728,3546,49,21,1.5,11.29,16582,1
143,North America,Influencer,New Product Launch,1678,7141,16,88,3.08,9.58,10365,1
144,Middle East,Google Ads,Brand Awareness,2476,1252,18,30,1.16,6.21,1152,1
145,North America,TV Ads,Brand Awareness,739,4429,21,31,4.13,3.08,10360,1
146,Europe,TV Ads,Discount,3669,489,30,36,2.11,2.96,7540,0
147,North America,Google Ads,Brand Awareness,1319,3904,24,67,4.57,6.0,19924,0
148,South America,Email,Discount,1331,5649,21,63,4.96,1.38,14642,1
149,Middle East,TV Ads,Brand Awareness,1160,2956,19,109,3.08,6.76,15014,1
150,Europe,Email,Brand Awareness,1185,251,29,116,2.06,6.38,7875,1
151,Asia,TV Ads,Brand Awareness,4566,7616,27,86,3.97,1.91,4481,1
152,North America,Social Media,Discount,2420,3615,8,41,0.94,7.01,11859,0
153,Asia,Email,Brand Awareness,4912,8643,34,80,4.65,11.12,2146,1
154,North America,Email,Discount,3732,8511,19,8,2.12,9.29,13742,1
155,Asia,Social Media,New Product Launch,3394,4404,10,89,1.24,2.18,2696,1
156,Europe,Email,New Product Launch,4298,468,26,21,4.04,9.79,3035,0
157,Europe,TV Ads,Discount,4714,8815,35,95,1.41,10.62,9188,1
158,Middle East,Email,Discount,1844,8609,7,55,3.96,10.71,14932,0
159,Europe,Social Media,Brand Awareness,1368,208,20,77,3.61,5.68,4657,0
160,North America,TV Ads,Brand Awareness,2808,2215,39,13,0.52,4.57,10793,0
161,North America,Social Media,New Product Launch,878,7303,18,58,4.21,3.31,17150,1
162,Europe,Google Ads,Discount,4371,3832,13,49,3.3,4.0,579,1
163,Europe,Google Ads,New Product Launch,3236,3553,29,37,4.18,4.32,10874,1
164,Europe,Email,Discount,697,5311,27,11,1.66,1.72,19859,0
165,Middle East,Google Ads,New Product Launch,3015,7771,42,49,3.05,2.49,7165,0
166,Asia,Email,Discount,2607,8534,46,13,0.74,4.07,17409,1
167,North America,Influencer,Brand Awareness,1112,3897,19,26,4.42,3.22,16858,1
168,Asia,Google Ads,Brand Awareness,2213,7482,3,82,3.82,9.19,2475,0
169,Asia,Email,Brand Awareness,4103,4172,13,93,3.97,1.52,5901,1
170,South America,Social Media,Brand Awareness,2116,6691,24,31,2.6,7.3,15178,1
171,Asia,Influencer,New Product Launch,2745,2160,47,44,2.82,10.85,12366,1
172,Middle East,Google Ads,Discount,2024,6095,31,6,1.49,10.91,4450,1
173,South America,Email,Brand Awareness,1688,4000,19,37,4.76,4.25,4765,1
174,North America,Social Media,Discount,1032,4530,14,25,4.38,7.83,17515,1
175,Europe,TV Ads,New Product Launch,4993,2312,39,102,4.04,1.88,15705,0
176,South America,TV Ads,Brand Awareness,2806,8762,47,46,0.8,7.92,5658,1
177,Europe,TV Ads,Brand Awareness,714,5883,35,87,0.94,2.7,17284,1
178,South America,Email,Discount,4440,3766,24,60,0.62,11.93,17807,0
179,Middle East,Social Media,New Product Launch,3519,1549,19,19,3.32,2.87,12842,0
180,Asia,Social Media,Brand Awareness,2349,3666,20,63,3.33,10.45,2920,1
181,South America,TV Ads,New Product Launch,3513,8940,45,100,4.88,8.65,10519,1
182,Europe,Google Ads,Discount,3062,674,7,51,2.89,4.42,9724,1
183,North America,Google Ads,New Product Launch,2130,3932,43,106,4.84,1.04,13646,1
184,Asia,Social Media,Discount,2231,390,15,19,3.0,11.26,12622,0
185,South America,Influencer,Brand Awareness,374,8317,16,80,3.02,2.69,19950,1
186,North America,TV Ads,Brand Awareness,1638,6787,7,80,4.76,7.78,1822,1
187,North America,Email,New Product Launch,1451,3376,6,98,2.2,11.6,11046,1
188,South America,Google Ads,New Product Launch,4055,4878,25,9,3.77,10.96,16228,1
189,Europe,Influencer,Discount,3861,1459,22,19,4.13,6.37,10524,1
190,North America,Email,Brand Awareness,4872,8905,38,15,1.53,5.4,13916,1
191,Asia,Influencer,Brand Awareness,2610,2456,46,36,2.45,6.75,19200,1
192,North America,Email,Brand Awareness,2921,3392,4,89,1.15,4.6,19828,1
193,Middle East,Influencer,Discount,1884,6708,2,48,0.95,5.41,3378,0
194,North America,Email,Discount,1245,3163,8,22,0.63,2.36,14443,1
195,Europe,TV Ads,New Product Launch,520,1337,27,14,3.95,2.87,9598,0
196,Middle East,Google Ads,Brand Awareness,3330,2360,43,27,3.06,5.8,13623,1
197,Asia,Influencer,New Product Launch,2501,5833,27,77,1.2,4.32,19255,1
198,North America,Influencer,New Product Launch,1957,2679,47,15,3.14,9.62,4032,1
199,North America,Google Ads,Discount,2720,2835,19,72,1.06,9.29,4552,1
200,South America,Social Media,New Product Launch,3881,1504,16,101,4.45,11.01,2873,0
201,South America,Social Media,Brand Awareness,1163,6616,18,40,4.24,7.3,18580,0
202,Middle East,Email,New Product Launch,4755,441,36,95,3.81,4.2,9583,1
203,Europe,Social Media,Brand Awareness,1660,3129,48,19,3.6,8.33,13959,1
204,Asia,Influencer,New Product Launch,3911,2372,22,100,3.33,2.07,18324,1
205,South America,Email,Brand Awareness,199,7037,30,65,3.12,11.84,6937,1
206,North America,TV Ads,Discount,2989,8287,14,115,3.65,7.03,10343,1
207,South America,Social Media,Discount,2175,6821,17,17,1.29,3.7,7217,0
208,Asia,Influencer,Brand Awareness,385,1462,19,68,1.88,7.08,1875,0
209,Asia,Influencer,Brand Awareness,1475,5256,35,11,3.97,9.48,13836,1
210,North America,Influencer,New Product Launch,2358,2512,5,30,4.71,2.92,3806,1
211,Middle East,TV Ads,Discount,4494,711,45,48,4.52,3.55,9729,1
212,Europe,TV Ads,New Product Launch,4107,6793,33,71,4.47,11.16,16468,0
213,North America,TV Ads,Brand Awareness,1679,6331,34,92,1.58,10.95,1137,1
214,Middle East,Email,New Product Launch,2243,8323,44,114,3.28,8.41,19648,0
215,Europe,Social Media,New Product Launch,2940,4784,16,116,1.89,7.88,6849,1
216,Asia,Email,Discount,1837,3026,48,106,0.8,11.91,5400,1
217,North America,Google Ads,Discount,1256,3092,46,16,2.4,11.97,17438,1
218,Europe,Social Media,Brand Awareness,2034,7385,7,119,4.77,4.96,9948,1
219,Middle East,Social Media,Brand Awareness,1300,4419,9,116,3.47,5.7,687,1
220,Middle East,Email,Brand Awareness,3455,2366,11,114,1.23,2.12,5991,1
221,South America,TV Ads,New Product Launch,174,479,28,107,0.54,2.82,18781,1
222,Middle East,Influencer,Discount,2693,3256,43,117,1.65,4.33,17587,1
223,Europe,TV Ads,Brand Awareness,3565,6355,39,93,0.8,4.91,572,1
224,South America,Google Ads,Discount,1210,8325,1,114,1.63,7.7,16797,1
225,Middle East,Social Media,Brand Awareness,688,2861,41,71,3.84,2.43,17051,1
226,South America,Email,Brand Awareness,4381,5068,31,24,2.09,11.5,2019,1
227,North America,Google Ads,New Product Launch,2081,4656,6,26,2.84,7.91,12269,1
228,Europe,TV Ads,Brand Awareness,4577,7295,35,44,1.4,11.83,13503,1
229,Asia,Google Ads,Brand Awareness,2504,3772,2,11,2.43,10.93,16464,0
230,Asia,Influencer,New Product Launch,1428,7088,45,12,1.28,10.47,10245,0
231,North America,TV Ads,Brand Awareness,3812,2617,3,111,3.14,8.04,12521,1
232,South America,Social Media,Discount,945,6209,22,15,4.9,7.74,6562,1
233,Middle East,TV Ads,Discount,4720,8150,34,31,0.85,1.67,7673,0
234,Europe,TV Ads,Discount,435,3702,32,84,2.79,1.93,17584,0
235,North America,Email,Brand Awareness,1872,2747,28,68,0.69,2.09,16817,1
236,South America,Email,Brand Awareness,2235,3442,21,28,1.86,7.98,4263,1
237,Europe,Influencer,Brand Awareness,4113,8130,22,113,4.65,10.57,6859,0
238,North America,Influencer,New Product Launch,2978,6421,49,52,4.41,3.24,18796,1
239,Asia,Social Media,Brand Awareness,3381,8635,11,96,3.56,11.91,12707,1
240,South America,Influencer,New Product Launch,3923,480,4,20,4.14,4.55,19503,1
241,South America,TV Ads,Brand Awareness,4361,5404,49,57,2.23,6.99,9240,1
242,South America,Google Ads,New Product Launch,4358,2485,41,77,4.81,9.13,5695,1
243,South America,TV Ads,New Product Launch,1122,6195,13,17,2.14,3.31,7815,1
244,Middle East,Influencer,Discount,2016,5134,8,67,1.79,6.08,4711,1
245,Europe,Social Media,Discount,4757,6316,38,119,0.93,5.64,19262,1
246,Asia,Email,New Product Launch,2901,8029,29,25,0.79,4.03,9687,1
247,North America,Email,Discount,4813,3454,34,40,2.31,7.35,5493,0
248,Asia,Social Media,Brand Awareness,320,7370,13,102,4.31,4.33,14857,0
249,Europe,TV Ads,New Product Launch,4422,6587,21,71,3.01,3.78,17810,1
250,Asia,Google Ads,New Product Launch,1080,4926,34,75,4.92,11.4,15876,0
251,North America,TV Ads,Brand Awareness,2091,8888,11,15,1.88,6.84,1935,0
252,Asia,TV Ads,Brand Awareness,4485,3869,15,93,4.96,9.23,12769,1
253,South America,Email,Discount,2415,6898,6,107,0.56,3.99,18958,1
254,Asia,Influencer,Brand Awareness,972,1842,7,81,1.76,7.55,16364,0
255,South America,TV Ads,New Product Launch,4891,1557,28,29,3.22,6.04,11960,0
256,North America,TV Ads,Discount,3245,4932,38,35,1.74,3.05,14371,1
257,Middle East,TV Ads,Discount,4838,5731,36,64,4.3,7.65,15080,0
258,Middle East,Social Media,Brand Awareness,3277,5384,27,26,3.09,6.43,5032,1
259,North America,Influencer,New Product Launch,2073,4702,7,74,0.99,11.14,3452,1
260,South America,TV Ads,Brand Awareness,513,447,29,42,2.85,2.09,8032,1
261,North America,Social Media,Discount,2532,4112,36,101,0.82,3.65,14051,1
262,Europe,Social Media,New Product Launch,288,3376,22,44,2.67,4.46,16008,1
263,South America,TV Ads,New Product Launch,150,5727,17,68,3.37,5.66,15665,1
264,Asia,Social Media,Discount,162,2047,19,53,1.54,2.53,8446,0
265,Europe,TV Ads,Brand Awareness,224,8290,9,66,2.19,9.38,19751,1
266,Europe,Email,New Product Launch,1723,1698,18,87,3.65,7.59,7070,1
267,Middle East,Social Media,Discount,2869,8985,38,27,1.99,2.49,14700,1
268,South America,Influencer,Discount,1950,1791,22,18,0.68,6.97,12641,0
269,North America,Social Media,Discount,2867,980,9,34,1.01,4.83,15283,0
270,Middle East,Influencer,Discount,3054,259,2,13,1.82,9.85,17604,0
271,South America,Google Ads,New Product Launch,2952,4302,9,27,3.14,8.63,7164,1
272,North America,Google Ads,Discount,486,6103,48,88,1.55,6.71,13591,1
273,South America,Email,New Product Launch,2015,3222,28,14,2.69,8.7,14654,1
274,Europe,Google Ads,Brand Awareness,3438,8164,41,87,1.22,1.14,2371,1
275,Asia,Email,Discount,1529,1182,40,100,2.47,10.99,14986,1
276,Middle East,Social Media,Brand Awareness,4263,5990,26,80,1.36,8.54,9774,1
277,Middle East,Social Media,Brand Awareness,1718,6331,18,33,2.12,10.85,7928,1
278,South America,TV Ads,Discount,1395,4217,8,101,0.55,5.65,11374,1
279,North America,Email,New Product Launch,4422,8002,13,80,1.95,4.38,18873,1
280,Middle East,TV Ads,Brand Awareness,1030,2811,47,38,3.88,9.8,13939,1
281,Middle East,Influencer,Discount,1571,6303,11,108,1.12,2.74,3989,0
282,Asia,Email,New Product Launch,4378,7732,29,44,3.06,5.6,19023,1
283,Middle East,Social Media,Discount,2337,6978,6,78,1.64,9.79,10054,1
284,Europe,Google Ads,Discount,2113,8770,48,75,2.12,8.1,8200,0
285,Europe,Email,New Product Launch,3360,3376,30,94,3.74,4.46,19406,1
286,North America,Influencer,Discount,727,2298,27,62,0.52,11.94,10627,1
287,South America,Social Media,Brand Awareness,531,8832,17,34,1.92,8.26,7695,1
288,Asia,TV Ads,Discount,4878,3549,8,21,3.14,10.35,1864,0
289,Asia,TV Ads,Brand Awareness,2687,3516,29,15,2.38,11.31,16560,1
290,Middle East,Social Media,Discount,4604,2665,45,56,2.35,11.3,6365,0
291,Middle East,Google Ads,Brand Awareness,2632,5840,30,17,2.97,9.31,9234,1
292,Europe,Email,New Product Launch,2529,1451,20,63,4.83,4.27,9533,0
293,Asia,TV Ads,Discount,3890,4690,22,95,1.88,10.96,4734,1
294,North America,Social Media,Brand Awareness,4861,8689,10,50,4.42,9.52,17425,1
295,North America,TV Ads,Discount,3776,5751,2,31,4.42,5.21,13294,1
296,North America,TV Ads,New Product Launch,1486,4429,40,101,3.47,3.94,1290,1
297,South America,Email,New Product Launch,117,8723,39,66,1.35,5.87,19468,1
298,Europe,TV Ads,New Product Launch,3552,815,28,31,3.22,6.58,19064,0
299,Asia,Influencer,Discount,1184,6516,16,58,0.75,5.19,9993,0
300,Middle East,Influencer,Discount,2759,8735,2,112,3.64,1.22,3926,1
301,South America,Email,Brand Awareness,1093,990,33,96,2.05,10.98,4877,1
302,North America,Influencer,Brand Awareness,4905,6730,33,46,2.09,8.32,5004,1
303,Asia,Social Media,Brand Awareness,1673,5530,4,23,1.11,8.79,7591,1
304,Europe,Social Media,Discount,1299,1337,7,83,4.16,6.74,6574,1
305,Middle East,Social Media,New Product Launch,1278,5244,19,48,1.14,10.97,10289,1
306,Europe,Email,Discount,3334,3440,28,22,1.0,3.85,6142,0
307,North America,Social Media,Discount,3879,5754,10,112,4.95,6.82,16494,0
308,Europe,Influencer,Brand Awareness,2431,712,11,53,4.7,1.68,15532,1
309,Middle East,Influencer,New Product Launch,2713,419,41,52,1.93,4.16,17375,1
310,Middle East,Email,Discount,4644,2061,20,63,4.46,10.41,10190,1
311,Middle East,Email,Brand Awareness,3067,304,1,41,4.37,8.07,2590,1
312,Asia,TV Ads,New Product Launch,1609,5048,6,29,4.24,6.73,10871,1
313,South America,Influencer,New Product Launch,4036,8645,25,51,4.75,1.47,15675,1
314,Asia,TV Ads,New Product Launch,1130,6549,10,11,2.71,8.35,11845,1
315,North America,Google Ads,Brand Awareness,842,4715,13,96,3.27,4.61,6741,0
316,Asia,Influencer,New Product Launch,457,5883,25,77,3.63,8.06,4750,0
317,South America,Google Ads,New Product Launch,2930,5556,36,99,1.24,7.54,19596,0
318,Europe,Social Media,Brand Awareness,2814,5905,3,50,3.52,10.63,2860,1
319,North America,TV Ads,New Product Launch,4841,7258,29,99,3.71,9.28,8211,1
320,Asia,Email,Brand Awareness,3770,5235,19,58,2.69,8.22,16196,1
321,North America,Social Media,New Product Launch,4507,2479,32,106,3.96,4.24,1270,1
322,Asia,Influencer,Discount,2820,1102,28,38,2.5,5.52,2312,1
323,Asia,Social Media,New Product Launch,1446,8555,3,106,3.59,1.09,6550,0
324,South America,Email,Brand Awareness,2163,1525,44,10,3.8,4.98,14811,1
325,Middle East,Google Ads,Discount,2182,8690,40,64,4.02,2.54,4361,1
326,Europe,Email,Brand Awareness,3343,6434,37,36,4.86,6.88,6161,0
327,South America,Social Media,Brand Awareness,3661,4500,48,42,1.15,9.82,17285,1
328,South America,TV Ads,Brand Awareness,688,7246,34,82,3.94,7.08,6951,0
329,Europe,Influencer,Discount,921,3934,7,74,4.01,1.99,3577,0
330,Europe,Influencer,New Product Launch,2319,2037,28,9,4.54,6.5,15933,1
331,Europe,Social Media,Discount,1328,7308,36,38,2.32,5.52,13639,1
332,South America,Social Media,Discount,4907,7433,21,28,2.57,4.75,1960,1
333,North America,Influencer,Discount,4833,6823,4,107,2.16,6.58,13016,0
334,South America,Social Media,Brand Awareness,2197,773,6,108,0.75,10.46,5698,0
335,Asia,TV Ads,Discount,1236,4074,48,50,2.05,6.36,8061,1
336,South America,Influencer,Brand Awareness,2524,414,40,34,3.86,4.32,11030,1
337,Middle East,Google Ads,Discount,4755,1495,40,111,4.6,7.3,7362,0
338,Middle East,Social Media,New Product Launch,1168,2294,20,13,0.56,9.3,9711,1
339,Asia,Social Media,Brand Awareness,1995,6839,27,95,1.02,9.07,6189,1
340,South America,TV Ads,Discount,1789,5712,47,51,2.55,11.29,1171,1
341,Middle East,TV Ads,New Product Launch,2616,8909,10,16,3.26,2.1,3268,1
342,Asia,Google Ads,New Product Launch,1483,8251,10,106,0.82,11.18,14602,1
343,South America,Email,New Product Launch,345,1456,20,41,2.97,5.45,10282,1
344,Europe,Google Ads,New Product Launch,2939,3522,31,37,1.49,5.2,6648,1
345,North America,Social Media,New Product Launch,124,2322,11,81,4.14,4.12,12776,0
346,Middle East,Google Ads,Brand Awareness,331,8763,23,42,1.58,2.2,16354,1
347,Asia,Influencer,New Product Launch,3154,2104,24,47,0.84,6.62,15350,1
348,Asia,Influencer,Brand Awareness,1355,2840,37,90,3.66,2.69,16739,0
349,North America,Influencer,New Product Launch,3668,2224,23,40,4.92,9.4,3090,1
350,Europe,Social Media,New Product Launch,2282,6131,23,52,3.66,11.83,12103,1
351,Middle East,Social Media,New Product Launch,850,1050,48,53,1.38,1.36,19235,1
352,Asia,TV Ads,New Product Launch,3352,4256,20,25,0.64,11.73,13233,1
353,Asia,Influencer,New Product Launch,745,2508,34,14,2.55,6.71,16050,0
354,Asia,Email,Brand Awareness,496,5775,5,77,2.18,1.62,3885,1
355,South America,Email,Discount,4360,7401,21,44,4.8,6.93,1422,1
356,Middle East,Google Ads,Discount,4724,6507,36,97,4.78,3.45,1681,0
357,South America,Social Media,New Product Launch,4636,7079,43,37,2.74,3.65,7164,1
358,North America,TV Ads,Brand Awareness,4414,4135,23,34,1.34,6.92,13656,1
359,Asia,Email,Brand Awareness,1702,2688,47,52,2.27,1.01,3409,1
360,Asia,Email,Brand Awareness,4774,4946,7,78,3.8,6.95,14522,1
361,North America,Google Ads,New Product Launch,2498,2319,30,98,2.8,10.16,960,0
362,Asia,Email,Discount,4070,2129,8,75,3.72,9.01,10102,0
363,North America,Influencer,Discount,3370,8574,19,15,1.94,4.1,15484,1
364,Asia,TV Ads,Brand Awareness,945,7892,26,6,3.8,9.08,9712,0
365,North America,Social Media,Brand Awareness,656,369,26,114,0.58,2.2,8867,0
366,South America,Email,New Product Launch,3931,3229,30,103,3.23,11.29,2831,1
367,North America,Social Media,Brand Awareness,907,235,43,18,2.46,10.47,16620,0
368,South America,Email,Discount,2646,1370,16,5,1.82,6.35,10775,0
369,Europe,Email,Brand Awareness,515,6576,2,106,2.36,5.71,17256,0
370,South America,Social Media,New Product Launch,863,1064,4,79,3.75,6.25,7779,0
371,South America,TV Ads,Discount,2691,396,42,102,1.5,5.49,9228,1
372,Europe,Google Ads,Discount,4017,4762,6,27,4.61,9.75,11765,1
373,North America,Google Ads,Discount,2470,6820,20,50,3.0,4.87,15760,1
374,Europe,TV Ads,Discount,200,2122,29,59,1.75,9.42,18743,1
375,North America,Email,New Product Launch,994,6055,48,30,1.67,2.38,15096,1
376,Asia,Google Ads,New Product Launch,845,264,48,39,4.34,10.93,9527,1
377,Asia,TV Ads,Discount,3139,7722,45,113,0.83,2.91,6372,0
378,North America,Google Ads,Brand Awareness,2595,3501,25,39,3.41,9.96,18375,0
379,Asia,Influencer,Discount,1735,4649,40,8,3.77,2.64,11929,1
380,South America,TV Ads,Brand Awareness,1251,250,34,89,3.41,4.99,15115,1
381,South America,TV Ads,New Product Launch,3896,583,28,22,3.47,4.99,19716,0
382,Europe,TV Ads,New Product Launch,1961,3831,29,48,2.52,8.12,19206,0
383,Asia,TV Ads,Brand Awareness,3763,5672,47,112,2.02,2.82,13185,1
384,North America,Influencer,Brand Awareness,956,4072,23,113,3.48,8.75,1161,0
385,North America,Influencer,New Product Launch,4583,7248,19,36,4.62,8.25,8509,1
386,Asia,TV Ads,Brand Awareness,1034,1453,12,112,3.53,1.02,10715,1
387,Middle East,Google Ads,Discount,355,3819,21,63,4.95,1.41,12884,1
388,South America,Email,Brand Awareness,4333,4717,34,70,1.38,6.46,2982,0
389,Europe,Social Media,Brand Awareness,990,3660,24,107,3.52,6.78,18911,1
390,Middle East,Social Media,Discount,2019,2075,20,42,3.43,2.34,6403,1
391,North America,TV Ads,New Product Launch,4148,8331,46,52,3.93,2.34,15879,0
392,South America,Email,Brand Awareness,4237,5275,4,38,4.04,9.03,12913,1
393,South America,Social Media,Discount,2840,8024,41,68,3.43,11.87,6555,1
394,Middle East,Email,Discount,4069,2420,49,68,4.48,4.38,9283,0
395,Middle East,TV Ads,New Product Launch,1929,8807,21,105,4.43,8.3,15783,1
396,North America,Influencer,Brand Awareness,2537,6967,30,9,4.37,1.18,7503,1
397,Middle East,Social Media,Discount,1802,8734,49,116,3.82,8.96,18057,1
398,South America,Email,Discount,3284,3380,14,8,2.69,4.45,9474,0
399,South America,TV Ads,Brand Awareness,2639,1126,33,86,3.45,11.2,19655,1
400,Asia,Google Ads,Brand Awareness,382,1037,40,24,3.72,2.49,2520,1
401,Europe,Influencer,New Product Launch,1941,368,47,99,4.64,3.03,11283,0
402,Asia,TV Ads,Brand Awareness,962,5094,15,53,4.66,11.9,2319,0
403,Asia,Influencer,Discount,4000,1050,29,69,3.24,3.26,13927,0
404,North America,Influencer,New Product Launch,1131,2326,11,35,3.36,3.72,1364,1
405,Asia,Influencer,Brand Awareness,3274,1081,20,28,2.36,9.18,9359,0
406,Europe,TV Ads,New Product Launch,610,418,14,21,0.55,9.46,17288,0
407,North America,Email,Discount,2034,8665,26,57,3.21,7.45,14479,1
408,North America,Email,Brand Awareness,4357,6956,12,12,1.8,10.54,13935,0
409,South America,Google Ads,New Product Launch,4037,8154,26,59,4.7,5.12,9986,1
410,Middle East,Email,Brand Awareness,2062,1391,6,91,0.96,4.54,1297,1
411,North America,TV Ads,Brand Awareness,1145,436,45,26,0.73,8.79,4821,1
412,South America,Influencer,Brand Awareness,686,2654,29,7,2.58,10.0,12719,1
413,South America,Google Ads,Discount,3298,8287,16,69,2.1,1.97,17013,0
414,South America,TV Ads,New Product Launch,1107,3694,42,61,2.16,4.41,11108,0
415,North America,Email,Discount,4351,8647,10,80,2.29,1.61,10619,1
416,North America,Email,New Product Launch,2005,3112,17,18,3.46,3.65,9697,1
417,Asia,Google Ads,New Product Launch,3713,692,16,99,3.19,3.78,4164,0
418,Middle East,Email,Discount,1385,3406,19,17,3.76,6.53,10082,1
419,North America,Email,Discount,1887,7406,35,65,3.17,2.18,11484,1
420,South America,Google Ads,Brand Awareness,1307,7449,8,81,1.56,9.64,15012,1
421,Middle East,Email,New Product Launch,214,6007,35,85,2.8,8.39,8580,1
422,Asia,TV Ads,Discount,1111,3577,11,86,0.8,9.02,8302,1
423,South America,Social Media,Brand Awareness,3724,1094,45,56,2.06,7.92,9018,1
424,Europe,Influencer,Discount,1571,3259,25,26,4.59,2.7,5427,1
425,Europe,Google Ads,New Product Launch,4374,1456,24,114,2.46,2.2,16739,1
426,South America,Email,New Product Launch,1210,4535,5,86,0.5,9.1,9820,1
427,Europe,Google Ads,Discount,3006,4318,40,80,1.02,4.06,914,1
428,Europe,Influencer,Discount,1339,6293,23,25,2.64,1.06,13588,1
429,Asia,Email,Discount,2016,3026,49,118,1.43,2.96,1427,1
430,Middle East,Influencer,Discount,2135,7199,47,51,4.29,5.71,14961,1
431,North America,Email,Brand Awareness,2485,7859,39,90,3.41,5.93,10930,0
432,Europe,Google Ads,Brand Awareness,3994,870,40,36,4.03,1.44,2295,1
433,South America,Email,Brand Awareness,3044,8622,43,44,4.6,4.2,4677,0
434,North America,Influencer,Discount,3595,4163,40,16,2.07,4.63,6536,1
435,Asia,Email,New Product Launch,1314,4851,10,47,2.03,7.1,11242,0
436,Asia,Google Ads,Brand Awareness,4348,2715,3,118,2.08,8.79,13556,0
437,Middle East,Email,New Product Launch,3018,6678,30,73,1.04,4.9,1684,1
438,Europe,Influencer,Brand Awareness,4736,5741,25,45,2.51,7.31,3666,0
439,North America,Google Ads,Brand Awareness,3351,5235,12,34,4.19,2.0,4867,1
440,North America,Email,Discount,3542,4362,15,56,1.56,11.47,5777,0
441,South America,Influencer,Discount,2026,4666,24,119,2.91,4.91,3010,0
442,North America,Google Ads,Discount,424,3857,39,53,3.67,10.3,966,1
443,Asia,Google Ads,New Product Launch,1518,3684,23,52,1.99,1.74,9673,1
444,Europe,Social Media,Brand Awareness,787,6483,3,6,3.89,11.35,12224,1
445,Europe,TV Ads,New Product Launch,2859,8623,25,25,0.58,11.39,16116,1
446,Asia,Email,New Product Launch,3562,1797,45,90,1.09,6.33,1552,1
447,Asia,Influencer,Discount,3200,8748,28,92,1.51,3.39,16065,1
448,North America,Influencer,New Product Launch,2586,5798,20,29,3.81,1.85,2280,1
449,South America,Email,Discount,1934,4681,37,109,2.98,5.96,9250,0
450,Europe,Influencer,Brand Awareness,4307,2781,34,104,0.61,10.88,11140,1
451,Asia,TV Ads,Discount,2182,1814,23,115,3.53,6.79,12873,0
452,Asia,Social Media,New Product Launch,325,6618,35,86,4.7,4.03,7333,0
453,South America,Social Media,New Product Launch,4723,4144,4,33,1.67,6.21,11487,1
454,South America,Google Ads,Discount,4888,8950,38,53,1.1,1.93,13841,1
455,South America,Email,New Product Launch,1273,3869,26,101,0.93,1.29,1640,1
456,Middle East,Social Media,New Product Launch,3399,7922,20,107,3.88,10.57,3159,1
457,Europe,Influencer,Brand Awareness,411,8342,34,105,3.21,7.11,13526,1
458,Europe,Google Ads,New Product Launch,2698,6765,41,28,0.87,9.81,9740,1
459,North America,Social Media,Brand Awareness,2665,1998,9,19,4.3,6.92,10774,1
460,Europe,Google Ads,Brand Awareness,4709,1294,42,94,1.17,9.76,19427,1
461,North America,Email,Brand Awareness,3977,8619,36,93,4.34,1.42,4232,1
462,Asia,Social Media,Brand Awareness,1740,6602,24,47,0.98,11.51,10603,0
463,South America,Influencer,Discount,1305,8356,19,80,4.64,5.68,3977,1
464,Asia,TV Ads,Brand Awareness,377,2080,35,10,1.27,3.22,12770,1
465,Middle East,Google Ads,New Product Launch,321,4208,25,7,1.2,5.49,12104,0
466,Europe,TV Ads,Discount,2479,2074,17,110,0.66,10.95,18798,1
467,South America,TV Ads,Discount,1049,6108,12,18,4.27,10.87,5485,1
468,North America,TV Ads,Discount,842,3210,35,37,2.64,1.88,19606,1
469,Middle East,TV Ads,Discount,2923,5508,41,30,2.5,2.15,13005,1
470,Middle East,Google Ads,Discount,1822,2804,47,59,4.71,2.17,19490,1
471,Middle East,Social Media,Discount,2830,1033,17,26,4.73,10.47,3616,1
472,South America,Influencer,New Product Launch,3290,4597,42,20,3.07,11.64,18847,1
473,Europe,Social Media,Discount,3545,1172,41,119,4.67,5.24,19232,1
474,Europe,Email,New Product Launch,4824,3067,3,35,2.41,10.24,10562,0
475,Asia,Social Media,Brand Awareness,4706,7773,5,117,1.15,3.71,17989,1
476,South America,TV Ads,Discount,1162,8908,39,38,1.44,7.82,17251,0
477,Europe,TV Ads,Brand Awareness,3777,3465,14,33,4.78,8.92,2297,1
478,Europe,TV Ads,New Product Launch,4758,452,39,40,4.45,1.48,19303,1
479,North America,Email,Brand Awareness,2402,5948,48,9,2.81,9.44,5133,0
480,Middle East,Email,Discount,2791,5671,13,104,4.36,1.45,6317,1
481,North America,Influencer,New Product Launch,3286,5873,2,108,1.03,5.39,3885,1
482,Middle East,Social Media,New Product Launch,4658,616,29,12,2.78,6.02,19737,1
483,Asia,Email,Brand Awareness,415,2852,33,34,2.09,11.83,17405,0
484,Asia,Google Ads,Brand Awareness,1775,5902,2,106,4.59,4.57,10175,1
485,Asia,TV Ads,Brand Awareness,2597,2748,29,108,2.11,5.21,8975,0
486,Middle East,Social Media,Brand Awareness,891,3426,32,108,4.45,9.88,3288,1
487,Europe,Google Ads,Brand Awareness,4221,7154,40,85,4.71,10.82,3725,0
488,South America,Email,Discount,4392,7738,47,82,4.83,9.04,16591,1
489,Europe,TV Ads,Discount,372,8667,18,12,3.06,11.54,19989,1
490,South America,Email,New Product Launch,4791,1015,26,21,0.72,4.81,12554,1
491,Europe,Influencer,New Product Launch,2154,7193,1,83,2.92,1.73,16628,0
492,Middle East,Influencer,Brand Awareness,183,5570,14,52,2.25,5.61,4296,0
493,Asia,TV Ads,Discount,2067,6330,13,106,2.7,11.03,19390,1
494,Middle East,Email,Brand Awareness,3087,4212,1,99,3.71,11.23,7665,1
495,North America,Social Media,Discount,3399,6699,25,46,2.74,11.5,13497,0
496,North America,Email,Brand Awareness,3039,8618,31,26,0.65,10.59,13126,1
497,Asia,Influencer,New Product Launch,2515,2035,9,54,1.89,10.92,10949,1
498,South America,Google Ads,New Product Launch,3880,6821,25,110,2.35,5.75,18680,1
499,North America,TV Ads,Brand Awareness,1755,6383,4,12,3.06,4.24,9365,1
500,South America,Google Ads,New Product Launch,4276,8621,18,31,3.83,3.67,11903,1
501,South America,Email,New Product Launch,3219,5057,40,78,1.82,9.27,10936,1
502,South America,TV Ads,Brand Awareness,2658,5355,35,19,3.44,1.96,5273,0
503,North America,Email,Brand Awareness,621,8511,5,54,2.8,1.84,16892,1
504,South America,TV Ads,New Product Launch,3074,4239,34,106,3.09,2.32,4036,0
505,Asia,Email,New Product Launch,1621,3099,11,81,2.46,5.33,10413,1
506,North America,Google Ads,New Product Launch,3831,3538,48,98,2.73,2.21,6855,1
507,Middle East,Google Ads,Brand Awareness,2494,7242,47,17,1.03,6.49,11808,1
508,Middle East,Email,Discount,3192,7238,40,20,2.72,9.26,6787,1
509,Europe,Google Ads,Discount,1030,8881,19,91,1.96,8.62,10557,1
510,North America,TV Ads,New Product Launch,537,8451,13,67,1.04,1.18,10722,1
511,North America,Google Ads,Brand Awareness,2981,670,14,77,3.09,11.28,653,1
512,Middle East,Google Ads,Discount,4402,7534,49,25,4.05,8.81,5751,1
513,South America,Google Ads,New Product Launch,1461,7225,8,9,4.24,9.61,1531,0
514,Middle East,Influencer,Brand Awareness,2457,4983,33,26,2.57,8.78,8971,0
515,North America,Social Media,Discount,4642,2727,46,30,4.82,7.75,6586,0
516,Asia,Social Media,New Product Launch,423,3629,28,104,4.71,1.86,12097,0
517,Europe,Google Ads,New Product Launch,1292,8536,18,37,4.27,9.75,14476,1
518,Middle East,Influencer,Discount,4425,4225,34,59,4.4,2.04,7684,1
519,Asia,Google Ads,Brand Awareness,2302,3600,26,78,4.63,6.97,8621,0
520,Middle East,Influencer,Discount,1629,2894,35,84,1.83,1.98,7751,1
521,Europe,Email,New Product Launch,2171,4364,14,119,1.64,11.52,13513,1
522,Asia,TV Ads,New Product Launch,2624,3263,15,92,1.46,4.64,14780,1
523,South America,Google Ads,Brand Awareness,3661,6489,18,51,3.9,9.24,13948,0
524,South America,Google Ads,New Product Launch,3647,5167,18,55,1.59,10.18,16293,1
525,Asia,TV Ads,Discount,2563,335,20,98,2.18,5.73,18799,1
526,Europe,Social Media,Brand Awareness,3236,5992,48,42,3.45,10.23,16590,1
527,Europe,Social Media,Brand Awareness,3923,4538,4,84,0.57,7.99,5889,1
528,South America,Social Media,Brand Awareness,2275,4260,18,104,3.99,9.36,5469,1
529,Europe,Email,Discount,2899,6954,46,46,1.78,7.18,15938,1
530,Asia,Social Media,Brand Awareness,3320,7930,40,21,2.82,7.55,729,1
531,Europe,Google Ads,New Product Launch,3792,7386,8,7,3.57,5.92,13602,1
532,Europe,TV Ads,Brand Awareness,4187,8002,3,78,1.21,7.99,5798,1
533,Asia,Social Media,Discount,1894,1170,40,92,4.44,1.53,4751,1
534,North America,TV Ads,Discount,3258,743,26,48,0.94,8.07,7619,1
535,North America,Influencer,New Product Launch,1249,7680,2,31,1.45,10.82,8813,1
536,Middle East,Email,Discount,2137,7157,16,99,1.57,4.44,5278,1
537,Asia,Email,New Product Launch,2292,8684,31,44,2.0,11.11,4150,0
538,Europe,Social Media,Discount,2887,3827,45,48,3.95,10.04,19708,1
539,North America,Influencer,New Product Launch,303,7988,34,108,2.37,8.82,8445,1
540,South America,Google Ads,Discount,1808,1409,8,102,2.74,3.86,9798,0
541,Middle East,TV Ads,New Product Launch,1711,6505,6,65,4.61,9.95,10405,1
542,South America,Google Ads,Discount,276,3727,32,105,4.6,6.33,9979,1
543,South America,Google Ads,New Product Launch,1188,7477,2,88,0.77,9.17,4209,0
544,South America,Email,New Product Launch,3105,6472,23,59,4.94,8.32,19586,0
545,North America,TV Ads,Discount,982,8873,22,34,1.92,1.17,13478,1
546,Asia,Email,Brand Awareness,3375,656,15,48,0.64,3.02,648,1
547,Europe,Influencer,Discount,3901,8813,36,36,3.08,7.9,11556,0
548,Middle East,Google Ads,Brand Awareness,2332,6323,26,114,4.83,8.32,14740,0
549,South America,Social Media,Discount,1045,636,47,49,2.67,7.41,10154,1
550,Asia,Social Media,New Product Launch,4182,3427,21,113,1.8,6.01,15860,1
551,North America,Social Media,Discount,1265,6534,14,74,1.5,1.92,7093,1
552,Middle East,TV Ads,New Product Launch,1765,3794,3,113,3.02,9.53,1849,1
553,North America,TV Ads,Discount,3582,6645,14,72,3.09,4.85,8730,1
554,Middle East,Influencer,Brand Awareness,2964,1958,37,89,2.29,5.78,15392,0
555,Middle East,Influencer,Brand Awareness,1493,6002,44,86,4.94,7.81,4777,1
556,North America,Influencer,Brand Awareness,776,3108,19,22,4.8,2.64,9936,0
557,North America,Influencer,New Product Launch,1694,8164,7,22,2.18,6.98,8716,1
558,North America,Email,Brand Awareness,3384,7543,24,44,3.88,6.39,17094,0
559,South America,Influencer,Discount,329,8557,3,23,1.08,3.52,2998,0
560,Asia,Email,New Product Launch,1181,6566,35,66,4.51,3.59,13255,1
561,South America,Google Ads,New Product Launch,4096,7132,34,13,3.91,5.01,7192,1
562,Asia,Google Ads,Discount,2677,6184,43,93,1.06,4.24,2336,1
563,North America,Email,Discount,3517,8313,29,112,4.78,6.13,12223,1
564,North America,Google Ads,Brand Awareness,3495,2013,8,85,3.21,2.55,2491,1
565,Middle East,Email,New Product Launch,1883,4025,38,42,1.36,9.42,7345,1
566,Middle East,Email,Brand Awareness,4095,3203,13,92,1.69,11.37,13581,1
567,Asia,Google Ads,Discount,4942,5098,29,72,0.75,10.49,17697,1
568,South America,Social Media,Discount,2528,7049,38,17,3.39,11.79,10869,0
569,Middle East,Social Media,Discount,3656,2987,11,30,1.66,7.1,15950,0
570,South America,Google Ads,New Product Launch,2414,8655,42,27,4.09,7.67,3850,1
571,North America,Google Ads,Brand Awareness,2098,2667,36,62,4.77,8.83,3721,1
572,Asia,TV Ads,New Product Launch,1128,4465,26,47,3.97,6.67,17179,1
573,Middle East,TV Ads,Discount,2166,267,28,62,2.06,7.89,13277,1
574,North America,TV Ads,New Product Launch,2561,5148,9,91,2.69,7.68,2955,0
575,Europe,Influencer,Brand Awareness,4835,4232,3,52,1.01,1.15,12676,0
576,Middle East,TV Ads,New Product Launch,2394,4485,2,43,1.66,8.62,17343,1
577,North America,TV Ads,New Product Launch,920,7734,9,57,2.05,9.62,18900,0
578,Europe,TV Ads,Discount,2857,7771,15,5,2.7,7.4,18003,1
579,Asia,Email,Brand Awareness,3129,4063,33,103,0.57,9.72,643,1
580,Asia,TV Ads,Brand Awareness,3043,1715,10,117,4.92,6.62,6494,1
581,Middle East,Social Media,Brand Awareness,3224,6810,28,9,3.49,2.38,2600,1
582,South America,Social Media,New Product Launch,525,3618,3,118,2.49,10.55,4760,1
583,South America,Influencer,New Product Launch,1412,4812,27,36,3.98,7.81,18588,1
584,North America,TV Ads,New Product Launch,4624,7428,25,73,3.84,5.78,15402,1
585,Asia,Influencer,New Product Launch,3103,7645,16,116,3.67,9.08,12596,0
586,South America,Email,Brand Awareness,3374,694,3,92,3.5,4.9,7621,1
587,Middle East,Google Ads,Brand Awareness,3838,1974,21,61,1.16,11.83,5260,0
588,Asia,Email,Discount,2668,7386,28,68,3.11,3.34,17532,1
589,South America,TV Ads,Discount,4500,4699,14,59,4.08,6.35,3153,0
590,Europe,Influencer,Brand Awareness,603,8566,5,95,3.28,10.48,4369,0
591,Middle East,Social Media,Brand Awareness,1503,967,20,88,1.09,6.58,5799,1
592,North America,Google Ads,New Product Launch,2746,713,12,49,0.67,5.97,5384,1
593,Asia,Influencer,New Product Launch,446,5062,28,100,3.95,7.3,2494,1
594,Europe,Email,New Product Launch,3524,2949,4,55,1.47,5.8,2685,1
595,Europe,Influencer,Brand Awareness,4103,2673,12,65,4.26,7.66,17429,1
596,South America,Social Media,Brand Awareness,2423,1339,17,64,2.21,1.36,4230,0
597,Asia,Social Media,Discount,1201,5759,28,36,0.66,6.55,8549,1
598,Middle East,TV Ads,Discount,2678,2306,12,101,2.38,3.24,8087,1
599,South America,TV Ads,Discount,4247,8410,20,88,4.28,7.19,6112,0
600,Middle East,Social Media,New Product Launch,4681,968,16,14,2.78,8.67,19489,1
601,North America,Google Ads,Brand Awareness,3426,6635,48,114,1.99,10.91,10543,1
602,South America,Google Ads,Discount,545,8690,43,39,0.64,9.83,7198,1
603,Middle East,Email,Brand Awareness,4573,5304,29,15,3.85,6.68,4082,1
604,North America,Social Media,New Product Launch,3963,1309,15,88,1.72,4.26,16232,1
605,Europe,TV Ads,Brand Awareness,3856,2900,10,45,2.48,10.29,794,0
606,South America,Email,Brand Awareness,3519,6189,30,56,4.37,9.01,12780,1
607,Asia,Email,Brand Awareness,2543,2182,7,48,2.78,5.89,11667,1
608,Middle East,Social Media,Discount,3092,8141,15,73,2.13,7.84,7739,1
609,North America,Influencer,Brand Awareness,2749,7520,14,117,1.67,1.02,5778,0
610,Middle East,Google Ads,New Product Launch,4329,5354,36,71,2.67,7.41,5843,1
611,North America,TV Ads,Discount,1369,2937,36,60,1.33,3.73,1616,0
612,Asia,Email,New Product Launch,2207,2374,8,49,0.94,2.36,2059,1
613,Europe,Google Ads,New Product Launch,4713,6734,31,50,2.99,3.43,10220,0
614,North America,Email,New Product Launch,2971,3348,41,45,0.56,7.27,14691,1
615,Europe,Influencer,Discount,3041,2600,39,54,3.35,4.8,6241,0
616,Europe,Influencer,Discount,1094,446,15,105,2.51,2.91,12302,1
617,Middle East,Google Ads,New Product Launch,2861,5605,30,5,2.74,4.53,3006,0
618,Middle East,Google Ads,Brand Awareness,3015,5209,8,89,3.07,4.28,12789,1
619,South America,Email,Discount,4739,8116,41,5,3.91,3.45,1956,0
620,Europe,Google Ads,Brand Awareness,576,5483,25,29,0.56,10.42,13173,0
621,Europe,Email,Brand Awareness,198,7323,36,53,4.71,4.96,8208,0
622,Asia,Email,Discount,3221,4383,21,36,4.25,6.54,3608,1
623,Europe,TV Ads,New Product Launch,956,2220,35,25,2.31,8.69,9161,1
624,Middle East,Influencer,Discount,3461,1922,4,112,0.8,11.0,10707,0
625,Europe,Email,Brand Awareness,865,7701,42,5,1.19,4.74,16133,1
626,Europe,Google Ads,Discount,1777,7324,33,85,2.58,2.33,16941,1
627,Europe,Influencer,New Product Launch,148,3673,7,42,4.82,3.92,12692,1
628,Asia,TV Ads,Brand Awareness,403,4893,48,30,2.27,4.59,13788,1
629,Europe,Google Ads,Brand Awareness,1003,7881,43,75,4.73,2.53,7969,1
630,Middle East,Social Media,New Product Launch,3450,8910,34,37,2.18,10.9,14919,1
631,Asia,Google Ads,New Product Launch,442,1623,16,111,1.84,8.02,10035,0
632,North America,TV Ads,Discount,820,1780,45,98,0.53,5.67,16006,0
633,Europe,Google Ads,Discount,3267,876,38,81,0.61,10.33,16768,1
634,North America,Influencer,New Product Launch,287,775,33,52,1.48,5.56,3656,1
635,North America,Google Ads,New Product Launch,486,7108,33,17,3.65,6.76,13322,1
636,Europe,TV Ads,New Product Launch,3948,4674,39,81,2.85,3.27,9105,1
637,South America,Social Media,Discount,3301,697,1,106,4.66,3.57,7006,0
638,South America,Social Media,New Product Launch,1227,6041,35,104,2.45,4.56,6163,1
639,South America,Social Media,Brand Awareness,4478,8064,35,33,4.49,6.38,4487,0
640,Asia,Influencer,Brand Awareness,1935,8638,31,27,4.97,7.55,3877,1
641,South America,Google Ads,Discount,3567,2497,5,110,1.41,4.83,19409,0
642,Europe,Google Ads,New Product Launch,1685,1174,17,58,2.44,4.99,13222,0
643,Middle East,Google Ads,Brand Awareness,3896,759,8,92,1.19,11.0,15966,1
644,North America,Email,Brand Awareness,1870,886,20,116,3.96,9.16,15709,1
645,North America,TV Ads,Brand Awareness,2912,7175,4,12,3.09,10.82,12777,1
646,Europe,Influencer,Brand Awareness,1519,1746,38,64,3.68,8.86,7710,1
647,Asia,Google Ads,Discount,3916,836,43,50,0.99,2.14,5606,1
648,North America,Social Media,Discount,2863,2058,25,38,3.23,2.1,12696,0
649,Europe,TV Ads,Discount,1292,4124,21,114,2.62,1.29,14770,1
650,North America,Influencer,Discount,3465,4723,33,111,4.93,6.86,6286,1
651,Middle East,Google Ads,Discount,4162,7597,27,30,2.4,10.6,2502,1
652,Middle East,TV Ads,Discount,2834,5831,29,55,2.38,11.06,2681,1
653,Asia,Social Media,Discount,1584,471,5,80,0.69,1.55,836,1
654,Middle East,Social Media,Brand Awareness,4452,2747,24,46,3.45,5.98,8994,1
655,Asia,Social Media,New Product Launch,2765,601,40,48,0.59,9.14,10149,1
656,South America,Google Ads,Discount,4149,6482,13,54,2.52,5.65,5327,0
657,Asia,Google Ads,Discount,2512,1472,17,51,2.58,9.04,2037,0
658,Europe,Social Media,New Product Launch,4185,1603,13,77,1.99,11.68,4862,0
659,North America,Google Ads,New Product Launch,2288,599,6,45,3.79,8.66,18273,1
660,Europe,TV Ads,Brand Awareness,678,4266,18,118,0.7,9.38,18324,0
661,South America,TV Ads,New Product Launch,2167,3781,27,66,2.13,1.5,8263,0
662,North America,Influencer,New Product Launch,4610,1248,25,29,2.19,6.95,11388,1
663,Middle East,TV Ads,Discount,1545,8470,35,33,2.56,9.4,17700,1
664,South America,TV Ads,Brand Awareness,571,6324,15,56,1.04,4.82,5030,0
665,Asia,Google Ads,New Product Launch,2769,2054,21,48,4.31,9.45,9256,1
666,Asia,TV Ads,Brand Awareness,4404,6368,38,15,1.43,4.54,7726,1
667,Asia,TV Ads,Brand Awareness,3739,3294,30,28,1.22,4.12,17693,1
668,South America,TV Ads,Discount,4868,2000,25,64,2.5,4.71,17040,1
669,Middle East,TV Ads,Brand Awareness,2868,6728,5,51,1.54,3.92,2299,0
670,Asia,Google Ads,Discount,2796,2889,39,31,4.6,7.29,13633,1
671,South America,Email,New Product Launch,465,3624,27,66,1.2,5.84,14415,1
672,Middle East,Email,Brand Awareness,708,4672,37,112,3.44,10.6,19215,1
673,Europe,Influencer,Brand Awareness,697,8893,43,37,0.99,11.24,1036,0
674,North America,TV Ads,Discount,2675,1857,1,32,4.24,1.24,17532,1
675,North America,Influencer,Discount,2826,2377,13,51,2.3,4.72,3938,0
676,North America,Email,Discount,3449,1747,42,106,4.63,7.36,13234,0
677,North America,Email,Discount,592,3960,1,36,0.6,6.84,5773,1
678,Asia,Influencer,New Product Launch,2928,7218,44,59,3.99,9.0,19568,1
679,Middle East,Email,Discount,4012,4426,8,101,3.3,5.96,13653,0
680,Middle East,Social Media,Discount,2337,214,34,53,3.96,9.59,14563,1
681,Europe,Social Media,Discount,482,7471,29,72,4.76,6.66,8337,1
682,North America,Social Media,Discount,3836,8177,44,91,0.51,9.54,1034,0
683,Asia,Google Ads,New Product Launch,3406,1423,36,112,1.82,2.74,19588,1
684,Europe,TV Ads,New Product Launch,1957,2914,47,86,4.78,4.38,5662,1
685,North America,Email,New Product Launch,975,3786,35,16,1.57,3.27,16022,0
686,Europe,Google Ads,New Product Launch,428,3361,16,116,4.87,1.11,11779,1
687,Asia,Social Media,Brand Awareness,3492,3490,30,100,4.3,7.61,11148,1
688,Asia,Email,New Product Launch,4149,4421,46,48,4.78,11.77,19706,1
689,Europe,Google Ads,Discount,3115,3653,10,108,3.37,5.27,4174,1
690,North America,Email,New Product Launch,190,3546,30,78,4.71,4.72,15381,1
691,South America,TV Ads,Brand Awareness,408,714,38,12,3.6,8.97,9880,1
692,South America,Social Media,Discount,4948,3261,35,57,0.61,9.51,5692,1
693,South America,TV Ads,New Product Launch,3693,2129,3,75,0.91,3.55,13833,1
694,North America,Email,Brand Awareness,344,8492,41,40,1.48,4.35,10523,1
695,South America,TV Ads,Discount,3110,7359,42,108,1.23,3.66,12232,1
696,Europe,Influencer,New Product Launch,728,3878,19,106,0.52,1.62,8052,1
697,Asia,TV Ads,Discount,4443,8819,21,64,4.1,6.2,14004,0
698,North America,Influencer,New Product Launch,711,5687,15,31,4.37,9.07,11802,1
699,Asia,Social Media,Brand Awareness,776,316,6,72,2.45,3.24,12042,1
700,Middle East,Google Ads,Discount,4770,1526,40,81,4.75,5.34,6998,1
701,Middle East,Google Ads,Discount,4243,2463,42,72,2.02,4.72,6831,1
702,Europe,Email,Brand Awareness,4160,1445,6,30,1.02,4.66,1788,0
703,North America,Google Ads,Discount,832,1823,13,25,3.45,10.79,12699,1
704,Asia,Influencer,New Product Launch,1054,6653,47,110,4.27,7.12,15792,0
705,South America,TV Ads,Brand Awareness,1570,901,42,117,2.59,5.23,12120,0
706,North America,Email,New Product Launch,3230,4978,23,62,3.63,6.8,16176,1
707,Europe,Google Ads,Discount,3132,2569,38,77,2.7,8.11,4723,1
708,Middle East,TV Ads,New Product Launch,4075,3743,23,16,1.63,6.26,15119,1
709,South America,Influencer,Discount,3708,6194,13,25,1.98,7.24,1580,1
710,Asia,Influencer,Brand Awareness,512,2798,35,114,3.16,4.49,8724,0
711,North America,Social Media,Brand Awareness,1581,5893,3,72,4.12,8.63,12704,0
712,Europe,Social Media,Brand Awareness,1095,6669,44,99,4.9,7.38,2006,0
713,South America,TV Ads,New Product Launch,4809,6686,40,116,2.91,2.79,7975,0
714,Asia,Social Media,New Product Launch,1951,7163,3,109,1.25,7.09,15177,1
715,Asia,Social Media,New Product Launch,2611,7282,17,49,4.01,1.21,19415,1
716,North America,TV Ads,New Product Launch,448,7069,35,47,3.54,5.79,7243,1
717,North America,Social Media,Brand Awareness,4546,7703,28,37,1.28,2.02,16641,1
718,Asia,Google Ads,Discount,316,3470,20,114,2.53,10.68,1796,0
719,Europe,Email,New Product Launch,1116,392,42,17,4.53,7.11,5626,0
720,Europe,Email,Brand Awareness,1537,3644,12,89,4.73,10.52,18224,1
721,Europe,TV Ads,New Product Launch,4503,4542,18,12,3.22,2.03,12261,1
722,South America,Google Ads,Brand Awareness,4587,8211,12,79,1.33,6.0,7592,0
723,North America,Influencer,New Product Launch,3304,8532,3,97,3.01,8.0,15130,1
724,Europe,Influencer,Discount,1443,799,5,115,0.67,9.13,18959,1
725,Asia,Google Ads,Brand Awareness,3771,3667,29,53,4.47,7.32,2496,1
726,Europe,TV Ads,Discount,2291,2263,3,51,2.32,8.28,13360,1
727,Middle East,Social Media,Discount,3532,3974,12,114,3.2,10.29,7261,1
728,Asia,Google Ads,Discount,3799,5983,10,67,3.87,7.81,19747,1
729,North America,TV Ads,Brand Awareness,3932,2808,6,21,0.72,11.04,19550,1
730,Europe,Google Ads,Brand Awareness,889,5182,11,87,4.49,11.93,17704,1
731,North America,Google Ads,New Product Launch,2716,8934,11,78,1.78,8.48,9097,1
732,North America,Influencer,New Product Launch,2927,1952,12,53,4.51,9.08,15935,1
733,North America,Google Ads,Discount,2574,6427,19,57,4.95,5.86,18399,1
734,Middle East,Email,Brand Awareness,1049,5173,21,13,0.72,6.94,1924,1
735,Middle East,Influencer,Brand Awareness,2438,3703,4,103,0.71,4.57,7399,1
736,Middle East,Email,New Product Launch,4045,2432,43,70,4.82,6.21,1025,1
737,Asia,Influencer,New Product Launch,4328,532,46,23,1.64,9.03,2446,1
738,North America,Google Ads,Brand Awareness,1023,4219,21,19,0.63,5.54,892,0
739,South America,Social Media,Discount,2461,940,2,9,4.27,9.49,4825,1
740,North America,Influencer,New Product Launch,4727,8212,5,93,1.17,2.58,3054,1
741,Middle East,TV Ads,Brand Awareness,4794,4742,39,49,1.89,2.48,10267,0
742,North America,TV Ads,New Product Launch,3497,2237,27,11,1.51,7.46,8359,1
743,Asia,TV Ads,New Product Launch,729,2879,22,16,0.58,2.01,18014,1
744,Asia,TV Ads,Brand Awareness,1490,8635,47,67,2.0,10.9,5363,1
745,North America,TV Ads,New Product Launch,2764,6807,42,48,4.55,5.18,7607,1
746,Europe,Social Media,Discount,2851,681,11,115,4.51,5.58,17340,1
747,South America,TV Ads,New Product Launch,4342,531,11,60,0.98,2.85,1447,0
748,South America,Influencer,Brand Awareness,1105,2048,17,21,4.36,9.17,14641,0
749,Europe,Google Ads,New Product Launch,1710,3607,17,29,1.61,3.91,10127,1
750,South America,Influencer,Brand Awareness,2447,2956,47,61,2.27,5.75,11491,0
751,Europe,Google Ads,New Product Launch,4143,4375,34,8,3.08,1.87,8934,1
752,Asia,Email,New Product Launch,1517,6236,5,44,2.76,8.87,9941,1
753,North America,Google Ads,Brand Awareness,3609,6491,15,29,2.14,4.63,6275,0
754,Europe,Email,New Product Launch,2584,5285,27,94,2.7,6.08,15727,1
755,Asia,Influencer,New Product Launch,3411,7975,8,65,4.96,2.75,17289,1
756,Middle East,Google Ads,New Product Launch,3096,4955,34,68,4.85,11.63,12982,0
757,North America,Influencer,Brand Awareness,4016,4190,7,35,1.89,9.98,2075,0
758,North America,Google Ads,New Product Launch,1810,7639,34,38,2.4,10.78,11616,1
759,Europe,Social Media,Discount,3030,6789,15,10,2.81,8.97,4875,1
760,Europe,Google Ads,Discount,4368,8086,20,13,2.82,8.86,6537,1
761,North America,Influencer,Brand Awareness,3738,2067,31,70,2.09,9.12,15887,1
762,North America,Social Media,Brand Awareness,963,1851,34,93,2.59,3.54,15038,1
763,Europe,Social Media,Discount,573,3155,33,44,4.39,5.64,14544,1
764,Europe,Email,New Product Launch,4269,5021,39,25,1.89,5.62,2358,0
765,South America,Social Media,New Product Launch,2523,7987,34,63,2.42,3.01,5326,1
766,North America,Influencer,Brand Awareness,2063,8625,40,105,2.61,10.76,1051,1
767,Asia,Influencer,New Product Launch,3179,4078,40,58,1.75,10.97,19950,0
768,Asia,Google Ads,Discount,4308,8447,31,24,4.38,3.73,7862,1
769,Europe,Email,New Product Launch,1815,2662,23,110,1.15,9.37,10819,1
770,Middle East,Google Ads,Discount,3914,1738,33,65,1.98,3.31,3799,0
771,Asia,Social Media,New Product Launch,449,2208,37,44,4.59,6.7,8079,1
772,Middle East,TV Ads,Brand Awareness,2861,8740,10,84,4.2,6.64,6769,1
773,Asia,Influencer,Brand Awareness,1601,1515,2,28,4.64,4.5,9747,1
774,North America,Social Media,New Product Launch,4317,6296,22,75,2.13,2.74,3561,1
775,North America,Google Ads,New Product Launch,3337,8129,26,77,3.65,8.75,9992,1
776,Middle East,Social Media,Brand Awareness,807,3462,10,7,3.06,10.79,3730,0
777,North America,Influencer,New Product Launch,1932,7948,6,28,4.11,7.97,14205,1
778,Middle East,TV Ads,Discount,2675,8504,19,48,2.06,2.69,11631,1
779,Europe,TV Ads,Brand Awareness,1043,6796,22,10,1.7,2.15,14783,1
780,Asia,Social Media,Discount,4660,4040,5,77,1.13,11.85,6311,1
781,Middle East,Social Media,Brand Awareness,475,1354,25,79,3.54,5.14,2333,0
782,Asia,Email,New Product Launch,904,5223,1,39,1.77,1.09,9784,0
783,Asia,Google Ads,New Product Launch,2856,7526,9,36,3.56,9.13,1864,0
784,Asia,Email,Brand Awareness,3065,4060,42,112,4.42,8.3,17030,1
785,Europe,Influencer,New Product Launch,3246,1485,48,7,1.22,10.84,11573,1
786,Asia,Email,Discount,3035,3845,19,80,4.11,10.02,11353,0
787,Europe,Social Media,Discount,1715,972,22,87,2.27,10.0,14367,0
788,Asia,Google Ads,Discount,3363,6049,44,81,0.66,3.25,17327,1
789,Asia,Email,Discount,2114,4455,48,23,3.34,3.79,17897,1
790,North America,Google Ads,Brand Awareness,4860,8206,49,53,4.76,2.81,14198,1
791,South America,Google Ads,Brand Awareness,1826,1180,18,73,1.38,1.21,5392,1
792,North America,TV Ads,New Product Launch,1751,6120,48,110,3.23,6.74,18833,0
793,North America,Social Media,Discount,4931,6129,37,79,3.88,1.65,14482,1
794,North America,Influencer,Discount,2214,7134,18,30,4.99,6.13,9742,1
795,Europe,Google Ads,Discount,1531,4083,11,27,0.56,4.81,8921,1
796,Europe,Social Media,New Product Launch,3159,2885,44,50,1.76,4.97,11788,0
797,Asia,Email,Discount,4015,5396,9,77,4.88,2.55,2805,1
798,North America,TV Ads,Discount,4169,451,35,82,4.97,9.97,16047,1
799,Europe,Influencer,Discount,4336,3141,31,103,2.53,2.89,15168,1
800,Middle East,TV Ads,New Product Launch,2656,6329,26,96,4.47,7.67,3164,0
801,Asia,Social Media,Brand Awareness,138,2815,33,16,2.44,6.23,11716,1
802,Europe,Social Media,New Product Launch,4626,1726,9,105,2.99,6.8,1344,0
803,Asia,Social Media,New Product Launch,2552,602,30,96,3.32,4.76,10902,0
804,Asia,Google Ads,Brand Awareness,4059,7476,30,77,2.95,8.47,6883,1
805,North America,Google Ads,Brand Awareness,2761,6459,46,81,1.23,11.6,9209,1
806,Middle East,TV Ads,Discount,2038,7911,11,79,3.86,6.84,9173,1
807,South America,Social Media,New Product Launch,4370,4342,47,56,4.17,10.61,2828,1
808,Europe,Social Media,New Product Launch,2931,1584,11,31,2.74,7.35,5862,1
809,North America,Google Ads,Brand Awareness,1743,7148,6,105,1.9,2.7,5768,0
810,Middle East,TV Ads,Discount,836,4918,43,86,3.56,2.63,12436,0
811,North America,Email,Brand Awareness,567,8471,36,7,1.21,4.67,11662,1
812,Europe,TV Ads,New Product Launch,672,617,41,119,3.05,1.01,629,0
813,North America,Email,New Product Launch,3007,3464,42,101,2.4,4.32,7418,0
814,South America,Google Ads,Discount,3082,210,24,90,3.09,9.11,10066,1
815,South America,Influencer,New Product Launch,4519,2609,46,81,2.06,9.99,11458,1
816,North America,Influencer,New Product Launch,2662,586,46,69,4.63,3.85,2269,1
817,Asia,Social Media,Brand Awareness,1770,8401,23,78,3.84,6.84,14478,0
818,South America,Social Media,New Product Launch,1907,5124,49,5,3.11,11.87,8142,1
819,South America,Social Media,Discount,2361,3914,9,25,4.01,10.43,2540,1
820,Middle East,TV Ads,New Product Launch,3422,6383,7,30,2.51,3.83,10402,0
821,Middle East,Google Ads,New Product Launch,4939,2582,41,83,1.3,2.12,13264,1
822,South America,Google Ads,New Product Launch,2551,8535,20,17,2.71,9.45,11585,1
823,Europe,Influencer,Brand Awareness,576,2610,18,10,3.96,6.76,14356,1
824,Europe,TV Ads,Brand Awareness,4264,2062,22,56,3.8,5.28,8917,1
825,South America,Google Ads,Discount,489,994,34,84,1.11,11.59,12246,1
826,Asia,Social Media,New Product Launch,4862,8344,10,33,1.29,7.56,15426,0
827,North America,Google Ads,Brand Awareness,1568,8502,37,42,1.06,8.97,1989,0
828,North America,Email,Discount,104,6698,20,71,4.5,4.37,4133,1
829,Middle East,Google Ads,New Product Launch,161,3127,13,23,4.89,7.51,6404,0
830,South America,Influencer,New Product Launch,741,4689,33,118,2.11,2.18,18445,1
831,Asia,Email,New Product Launch,1814,7877,38,119,4.78,11.43,14475,1
832,Europe,Social Media,Brand Awareness,4557,5010,32,14,2.98,5.28,15605,1
833,Middle East,Google Ads,New Product Launch,2309,6121,3,5,3.86,8.75,4499,1
834,North America,Social Media,Brand Awareness,4453,1408,19,27,1.55,2.84,13603,0
835,South America,Influencer,Discount,1669,8831,46,110,1.54,8.38,2197,0
836,Asia,TV Ads,Brand Awareness,2739,4687,48,22,2.59,4.83,5440,1
837,Europe,TV Ads,Brand Awareness,3658,2120,21,69,2.84,2.65,5862,0
838,Middle East,Google Ads,New Product Launch,3101,6719,31,111,4.36,2.1,15642,1
839,Middle East,Email,Brand Awareness,4759,7289,17,85,4.84,4.97,803,1
840,Europe,Influencer,Brand Awareness,675,1944,30,109,1.34,9.0,1779,1
841,Europe,Social Media,New Product Launch,2795,6263,31,90,4.11,2.67,12989,1
842,Middle East,Social Media,Brand Awareness,1782,702,30,20,0.93,10.95,6788,1
843,South America,Social Media,Brand Awareness,1225,1150,24,49,1.72,3.16,6529,1
844,Europe,Google Ads,Brand Awareness,4023,4073,44,36,3.7,2.46,12871,1
845,North America,Google Ads,Discount,398,8041,5,38,2.55,10.7,17527,0
846,South America,TV Ads,Brand Awareness,1506,7477,3,57,2.03,1.73,19924,1
847,Middle East,Influencer,Discount,3412,4009,41,26,4.43,1.35,15578,1
848,Middle East,Google Ads,Brand Awareness,2653,7282,11,115,4.96,10.91,9672,1
849,North America,Email,New Product Launch,1005,8439,18,70,0.92,8.25,957,1
850,Asia,Social Media,New Product Launch,3552,2683,31,76,1.14,11.14,19473,1
851,South America,Email,Brand Awareness,1052,8013,9,84,1.59,9.51,13284,1
852,South America,Social Media,Brand Awareness,2055,7335,4,8,3.24,10.56,15083,1
853,North America,Influencer,Brand Awareness,1124,8636,3,10,3.32,11.91,2166,1
854,Asia,Email,New Product Launch,4363,792,20,114,4.2,2.72,18210,1
855,Middle East,Influencer,New Product Launch,4285,4212,6,77,3.88,4.01,2695,1
856,Europe,Social Media,Discount,2229,6974,46,35,4.01,1.28,10470,1
857,South America,TV Ads,Discount,4232,7538,2,104,1.73,9.81,15769,1
858,Asia,Google Ads,New Product Launch,3396,7263,14,61,3.76,11.6,4982,0
859,Europe,Email,Discount,3458,7083,41,93,4.27,11.83,17327,1
860,Europe,TV Ads,Discount,2215,5542,44,89,4.12,11.43,1517,0
861,Middle East,Email,Discount,1848,474,47,7,0.98,8.22,14504,1
862,Europe,Influencer,Discount,2481,8841,10,18,3.65,4.04,12253,1
863,South America,TV Ads,Brand Awareness,4161,8599,45,74,1.26,10.26,8655,1
864,Europe,Influencer,Discount,3273,6673,30,56,3.49,6.89,6848,1
865,Middle East,TV Ads,New Product Launch,2005,2121,8,19,2.39,1.09,17682,1
866,North America,Google Ads,Discount,2423,797,37,87,1.0,6.76,847,1
867,Asia,TV Ads,Brand Awareness,3765,8298,3,44,2.29,9.9,10086,1
868,Asia,Google Ads,Discount,1386,1565,43,91,1.56,10.66,2203,1
869,Europe,TV Ads,New Product Launch,3414,8671,4,5,3.33,6.81,11300,0
870,South America,TV Ads,Brand Awareness,3834,3974,3,92,4.6,5.51,17404,0
871,South America,TV Ads,Discount,2534,4815,14,16,2.48,8.41,6071,1
872,South America,Email,Brand Awareness,1608,7583,46,48,3.2,11.74,8410,1
873,South America,Influencer,Brand Awareness,237,3370,13,69,2.39,8.55,19209,1
874,North America,Social Media,Brand Awareness,1470,1214,37,39,3.23,3.79,11219,1
875,Asia,Email,New Product Launch,2722,3065,7,116,3.76,11.11,15456,1
876,South America,Email,Brand Awareness,4340,522,42,119,1.73,8.26,11391,1
877,South America,Influencer,Discount,892,1679,6,17,1.1,2.06,6997,1
878,Europe,TV Ads,Discount,1057,3651,33,31,3.09,7.83,8010,1
879,South America,Google Ads,Discount,3608,7352,24,41,2.55,10.49,1267,1
880,South America,Influencer,New Product Launch,1139,7785,42,96,4.87,7.42,16912,0
881,South America,Email,New Product Launch,1861,3673,28,64,0.78,3.1,2331,1
882,Asia,Email,New Product Launch,2245,7537,49,94,1.1,11.64,4342,1
883,North America,Social Media,Brand Awareness,4100,5598,5,72,3.19,1.66,15515,1
884,North America,Social Media,New Product Launch,4650,6580,15,84,4.71,2.35,6869,1
885,North America,TV Ads,Brand Awareness,1354,6649,40,83,2.8,7.03,1603,1
886,South America,Google Ads,Brand Awareness,741,3534,32,67,2.01,8.02,2942,1
887,Asia,Email,Brand Awareness,3647,2185,11,13,4.41,7.16,18718,1
888,North America,TV Ads,New Product Launch,753,1003,32,96,1.3,9.78,7507,1
889,South America,Social Media,New Product Launch,3149,3837,33,20,3.97,5.84,3870,1
890,North America,TV Ads,Discount,4030,4321,24,108,1.1,7.76,4657,1
891,Asia,Email,Brand Awareness,2869,1587,17,94,3.87,11.67,17779,1
892,Middle East,Social Media,New Product Launch,4686,564,20,111,2.66,4.54,7985,1
893,Middle East,TV Ads,Brand Awareness,533,3067,33,88,2.1,11.83,19576,1
894,Middle East,TV Ads,Brand Awareness,709,2517,42,47,1.44,3.54,7620,1
895,South America,Email,New Product Launch,1351,2422,37,71,3.43,3.08,4445,1
896,North America,Google Ads,Discount,2946,7002,19,53,1.51,7.32,14318,1
897,Asia,TV Ads,Discount,1745,5320,25,118,3.72,5.23,17619,0
898,Asia,Email,New Product Launch,3479,3077,16,78,1.46,5.45,11848,1
899,North America,Influencer,Discount,3979,8960,20,115,3.46,10.87,3871,1
900,North America,Google Ads,Brand Awareness,4540,1631,49,11,0.92,4.94,2277,0
901,Asia,Email,Discount,687,8072,11,108,4.39,3.28,11624,1
902,Middle East,Social Media,New Product Launch,4943,6844,28,13,2.4,6.35,19692,1
903,North America,Email,Brand Awareness,1192,4608,10,89,3.86,2.49,5921,0
904,North America,Google Ads,Brand Awareness,3653,7580,4,45,4.34,10.66,11361,1
905,Middle East,Google Ads,Brand Awareness,4143,1659,49,118,3.88,4.58,13974,1
906,North America,Email,Brand Awareness,3351,853,12,69,2.54,6.44,9292,1
907,Middle East,Google Ads,Brand Awareness,1051,2616,31,37,1.24,7.1,18641,0
908,South America,Influencer,New Product Launch,2303,4720,44,67,4.16,10.65,8847,0
909,North America,Google Ads,New Product Launch,2427,687,37,84,4.58,3.3,6710,1
910,South America,TV Ads,Discount,1477,2602,47,55,3.87,3.89,16703,1
911,Middle East,Google Ads,New Product Launch,1707,5156,17,67,4.67,2.05,4999,1
912,Europe,Social Media,Brand Awareness,1660,1101,38,35,1.88,2.3,9082,1
913,Asia,Influencer,Brand Awareness,509,4115,10,28,1.47,4.99,4479,0
914,Asia,Influencer,Discount,185,4359,6,48,2.41,10.86,18211,1
915,North America,Google Ads,Brand Awareness,2739,5343,3,26,3.55,5.03,4086,0
916,Middle East,Email,Discount,3920,4935,42,19,1.44,5.27,5643,0
917,Europe,Influencer,Brand Awareness,558,5744,41,21,4.9,5.94,11823,1
918,Middle East,TV Ads,New Product Launch,1583,1160,37,101,1.52,5.17,13536,0
919,South America,TV Ads,New Product Launch,159,916,24,81,1.4,9.96,17226,0
920,Middle East,Social Media,Brand Awareness,4464,7960,28,91,1.47,4.67,10163,0
921,Asia,Social Media,Discount,4427,6759,45,55,0.73,4.18,2750,0
922,Europe,Google Ads,Brand Awareness,2485,5567,5,26,0.83,3.48,17641,1
923,Asia,Email,Discount,1347,5016,46,69,2.86,2.9,5612,0
924,Europe,Email,Discount,881,8866,11,87,1.72,7.36,16165,0
925,Middle East,Social Media,New Product Launch,2226,1637,15,110,1.9,1.14,18908,1
926,Asia,Email,New Product Launch,1904,1244,35,19,2.63,10.33,16856,1
927,Middle East,Email,Brand Awareness,393,6900,15,25,4.93,1.66,17856,0
928,Middle East,Google Ads,Discount,1962,8841,15,96,1.27,10.28,15076,0
929,Asia,Email,New Product Launch,466,8515,37,113,2.35,8.21,14265,1
930,North America,Google Ads,Discount,4159,559,26,119,3.7,8.17,17157,0
931,South America,Social Media,Brand Awareness,4675,3469,20,96,4.55,10.25,6563,1
932,South America,Influencer,Brand Awareness,1584,8139,10,68,3.27,7.74,9922,1
933,Asia,Google Ads,Brand Awareness,4978,5829,23,94,3.89,10.54,16993,1
934,South America,Social Media,Discount,299,8089,22,30,1.25,4.76,10003,1
935,Middle East,Social Media,Brand Awareness,2649,8578,5,113,4.81,11.67,17934,1
936,Europe,Email,Discount,4903,8935,45,71,1.69,3.25,18044,1
937,Middle East,Google Ads,Brand Awareness,2226,6702,7,71,3.88,10.86,8968,1
938,North America,Google Ads,Brand Awareness,4856,5738,7,99,4.11,4.9,3464,1
939,Europe,Google Ads,Brand Awareness,2674,2695,37,54,1.21,10.67,639,1
940,North America,Google Ads,Brand Awareness,229,7029,35,84,0.94,10.33,3663,1
941,South America,Influencer,Discount,4725,4265,43,45,3.67,11.44,13921,1
942,Middle East,Email,Brand Awareness,632,5204,3,78,1.71,9.85,17355,0
943,Middle East,Google Ads,Brand Awareness,3229,5524,13,83,4.07,8.68,14937,1
944,Asia,Google Ads,New Product Launch,3116,4275,21,22,1.52,6.41,15939,1
945,North America,Google Ads,Discount,1512,6790,20,18,2.3,2.0,18025,1
946,North America,Email,Discount,1004,5264,44,16,1.28,6.48,10614,1
947,Middle East,Social Media,Brand Awareness,1634,3293,44,107,1.61,9.58,19288,1
948,Europe,Social Media,New Product Launch,4410,5579,44,59,1.34,11.41,1380,1
949,Asia,Social Media,Brand Awareness,3047,6534,10,113,2.69,7.13,7332,0
950,South America,Google Ads,New Product Launch,742,2719,2,105,3.34,11.66,1149,0
951,Asia,Influencer,Discount,4197,1743,27,91,4.57,4.52,14197,0
952,Middle East,Social Media,Brand Awareness,123,3634,24,63,4.12,8.98,5010,1
953,Europe,Social Media,Discount,4992,8859,12,57,4.93,8.4,5714,0
954,Europe,Social Media,Brand Awareness,1450,5658,21,41,3.16,6.46,1190,0
955,South America,Influencer,Discount,1536,8812,34,99,4.79,3.26,6901,1
956,Middle East,Email,New Product Launch,2221,6422,1,29,3.97,9.65,4670,1
957,Middle East,Social Media,Brand Awareness,1995,1153,3,47,1.74,9.15,9520,0
958,Europe,Google Ads,Discount,3685,1351,16,56,4.26,10.05,11207,0
959,Europe,Social Media,New Product Launch,1103,407,39,6,2.39,8.3,6676,0
960,Europe,Influencer,New Product Launch,4371,6423,25,56,0.87,2.98,2738,1
961,North America,Email,Brand Awareness,1733,5703,28,42,0.87,1.79,11183,0
962,North America,Social Media,Brand Awareness,701,2065,30,100,1.81,9.55,3755,1
963,South America,Social Media,Brand Awareness,2066,4696,14,5,4.73,4.5,15504,1
964,South America,Google Ads,Discount,575,5286,26,117,0.63,7.79,17743,1
965,North America,TV Ads,Brand Awareness,4498,1929,47,96,2.23,6.29,5500,1
966,North America,Email,New Product Launch,2147,8394,42,24,2.7,5.59,6944,0
967,North America,Influencer,New Product Launch,1745,4564,47,107,0.63,10.21,15684,1
968,Europe,Google Ads,New Product Launch,608,1468,30,10,2.85,6.76,6170,1
969,Middle East,Social Media,Discount,3306,5216,41,27,2.53,10.06,10991,0
970,Europe,Social Media,Discount,2719,945,26,8,3.35,7.12,1594,0
971,North America,TV Ads,New Product Launch,1964,7533,47,75,1.42,4.59,17395,1
972,North America,TV Ads,New Product Launch,4909,1924,49,55,3.56,10.54,5711,1
973,North America,Email,Brand Awareness,2898,6990,27,27,1.34,1.11,5106,1
974,Middle East,Social Media,New Product Launch,1861,3061,12,67,3.95,6.03,11294,0
975,North America,Email,New Product Launch,4455,2156,1,67,4.36,1.61,11930,1
976,Europe,Google Ads,New Product Launch,537,7477,15,5,0.69,5.01,11929,1
977,South America,Influencer,New Product Launch,2491,5831,2,102,1.9,2.1,12455,1
978,Europe,Email,Brand Awareness,1025,2052,21,67,2.84,6.78,12922,0
979,North America,Social Media,New Product Launch,2972,7740,25,55,2.55,9.84,1954,0
980,North America,Email,New Product Launch,4795,812,21,114,4.76,2.87,5819,0
981,Middle East,TV Ads,Discount,2962,3490,37,51,1.41,4.59,2118,1
982,Europe,Influencer,New Product Launch,4550,7186,46,105,0.8,1.49,11921,1
983,Middle East,Social Media,Discount,2288,3199,40,58,2.79,10.98,5409,1
984,Europe,Email,Brand Awareness,363,5797,24,34,2.06,5.92,1103,1
985,South America,Influencer,Discount,3330,2405,24,107,2.75,10.56,1853,0
986,Europe,Email,Discount,4455,4037,23,91,4.98,11.76,10686,1
987,Europe,Social Media,Discount,4039,4473,36,14,2.1,3.43,7172,0
988,South America,Social Media,Discount,4548,7434,38,44,3.82,7.48,10951,1
989,Europe,Email,New Product Launch,4636,6236,10,118,0.88,6.16,5446,1
990,Middle East,Email,Discount,2947,2336,27,11,4.55,5.26,17014,0
991,Middle East,Email,Discount,4888,8261,24,109,3.97,2.01,7973,1
992,Asia,Google Ads,Discount,4507,6833,44,79,1.36,4.58,2989,0
993,Europe,Email,Brand Awareness,3702,5461,47,17,2.5,8.84,6184,1
994,Middle East,Google Ads,New Product Launch,412,6902,13,54,4.56,8.23,12786,0
995,Europe,Influencer,New Product Launch,2171,243,25,6,4.27,8.63,3848,1
996,North America,Google Ads,Discount,2215,4962,45,63,3.16,11.42,12298,1
997,Middle East,TV Ads,Brand Awareness,1931,5856,35,90,0.5,5.39,4846,1
998,North America,Email,Brand Awareness,129,1060,47,15,1.88,11.29,9206,1
999,South America,Email,New Product Launch,4841,8782,8,11,1.05,9.2,14334,0
1000,Europe,Google Ads,New Product Launch,1468,3970,40,7,1.66,3.38,13558,0
1001,South America,Email,Discount,624,7038,40,34,2.87,7.41,9936,1
1002,North America,Google Ads,New Product Launch,2308,6785,9,13,2.31,5.86,13924,1
1003,North America,Influencer,Discount,1208,3285,33,98,2.66,7.15,6853,1
1004,Europe,Email,New Product Launch,3514,8982,49,67,4.15,4.37,17238,1
1005,Europe,Influencer,Brand Awareness,849,8198,20,19,2.9,6.1,14149,0
1006,Asia,TV Ads,Discount,351,571,47,60,3.11,1.28,7915,0
1007,Europe,Email,New Product Launch,316,543,20,10,0.97,8.18,9095,1
1008,Middle East,TV Ads,Brand Awareness,313,6773,44,14,2.85,10.3,7336,1
1009,Middle East,Email,Brand Awareness,4894,546,3,29,0.76,5.75,19857,1
1010,North America,Influencer,Brand Awareness,638,4759,4,105,3.5,9.31,14385,1
1011,Middle East,Social Media,Brand Awareness,826,2216,8,108,1.43,2.69,14186,1
1012,Asia,Social Media,Brand Awareness,3161,4643,46,97,2.19,7.21,10429,1
1013,South America,Email,Brand Awareness,4010,3351,29,26,1.8,4.56,921,1
1014,South America,TV Ads,Discount,2858,2080,30,42,1.57,6.17,9960,1
1015,Middle East,TV Ads,Brand Awareness,1418,5333,28,113,3.51,2.37,19612,1
1016,North America,Influencer,Discount,677,6023,35,109,0.74,2.83,10329,1
1017,Europe,Influencer,Brand Awareness,2489,5939,34,24,2.39,1.35,2613,1
1018,Asia,TV Ads,Discount,2184,2624,7,23,4.03,3.52,8733,1
1019,Europe,Email,New Product Launch,3550,1685,34,21,1.23,7.86,7953,1
1020,Europe,Email,Discount,4437,1300,10,53,2.93,6.89,8919,0
1021,Europe,TV Ads,Brand Awareness,653,5087,9,40,4.72,6.02,14569,1
1022,Europe,Email,New Product Launch,3233,806,14,14,3.87,6.44,10826,1
1023,Asia,Google Ads,New Product Launch,2132,1758,2,106,0.82,5.9,5350,0
1024,Europe,Email,New Product Launch,4259,7596,12,58,0.98,11.05,4431,0
1025,North America,Google Ads,New Product Launch,4954,3860,16,116,3.49,5.54,3025,1
1026,South America,Google Ads,Discount,949,1751,37,44,2.35,11.77,9593,1
1027,North America,TV Ads,New Product Launch,3931,5465,43,80,1.42,8.27,2942,0
1028,North America,TV Ads,Brand Awareness,780,5755,5,14,2.8,9.1,12786,0
1029,South America,Social Media,Brand Awareness,4269,7828,21,42,3.56,1.64,17337,1
1030,North America,Email,Brand Awareness,348,4323,17,88,4.28,10.47,19948,1
1031,South America,TV Ads,Discount,872,7573,5,61,2.8,10.51,2453,1
1032,North America,Influencer,Brand Awareness,4965,4453,9,70,3.39,6.37,19203,1
1033,Europe,Influencer,Discount,3427,5611,46,58,4.37,6.38,8755,1
1034,Europe,Social Media,New Product Launch,530,823,29,20,4.18,9.09,1000,1
1035,South America,Email,New Product Launch,115,8080,46,60,3.6,10.22,1657,0
1036,South America,Email,Discount,595,3160,25,51,1.6,9.88,1731,1
1037,Europe,Google Ads,New Product Launch,1101,798,45,85,3.08,1.08,6137,0
1038,South America,Email,Brand Awareness,4194,8388,48,73,1.73,9.33,16836,0
1039,Europe,Social Media,Brand Awareness,3799,5957,49,72,4.4,5.76,9677,1
1040,North America,Email,Brand Awareness,4897,3910,40,20,0.99,9.92,14357,0
1041,North America,TV Ads,Discount,4226,4014,21,101,4.14,9.17,5553,0
1042,North America,Google Ads,New Product Launch,4081,2561,49,23,2.77,6.75,4031,0
1043,North America,Social Media,Brand Awareness,227,6922,19,85,4.18,3.66,17837,1
1044,North America,Google Ads,Discount,2456,4830,6,102,4.89,3.09,12402,1
1045,South America,Social Media,Brand Awareness,3567,2323,17,86,5.0,6.17,17078,0
1046,Middle East,Social Media,Discount,3788,5922,4,19,3.83,11.97,3783,1
1047,South America,Google Ads,Brand Awareness,2649,4288,40,87,4.51,6.31,4822,1
1048,South America,TV Ads,Discount,3560,1797,15,92,1.18,6.39,11119,1
1049,South America,Social Media,New Product Launch,253,5705,41,63,2.74,8.36,19513,0
1050,South America,Influencer,Brand Awareness,3572,1766,24,53,4.8,6.59,663,1
1051,Europe,Google Ads,Brand Awareness,210,7634,21,72,3.25,6.37,9043,0
1052,Middle East,Google Ads,New Product Launch,920,7571,7,45,0.54,5.81,17527,0
1053,North America,Email,Discount,2116,8263,5,90,1.23,1.56,7159,1
1054,North America,TV Ads,Discount,2267,2856,17,22,0.97,10.45,4791,1
1055,Asia,Social Media,Discount,701,1182,23,5,4.67,3.46,15220,1
1056,Asia,Google Ads,New Product Launch,1508,5469,12,5,4.89,9.37,11962,1
1057,Middle East,Influencer,Discount,837,7175,5,51,3.39,11.6,18979,0
1058,Europe,TV Ads,Brand Awareness,1339,3100,32,97,0.86,9.33,11060,1
1059,Europe,Email,Brand Awareness,2992,6150,13,19,0.98,7.44,4543,0
1060,Europe,Social Media,New Product Launch,1095,4669,9,99,0.69,3.7,10551,0
1061,Asia,Influencer,New Product Launch,4708,7830,27,22,3.07,7.31,19325,1
1062,Middle East,TV Ads,Discount,3256,6577,33,73,1.8,11.09,18434,1
1063,South America,Email,Brand Awareness,2865,7422,37,98,4.65,7.66,8316,0
1064,Middle East,Social Media,Discount,1163,2424,29,78,1.25,10.17,16871,0
1065,Middle East,Email,Brand Awareness,445,1347,49,103,3.97,4.5,15239,1
1066,North America,Social Media,Discount,2360,6068,45,17,3.01,6.3,14920,1
1067,Middle East,Influencer,New Product Launch,4287,6676,16,14,3.08,1.18,8404,1
1068,North America,Influencer,New Product Launch,3177,3380,38,63,3.97,5.51,8796,1
1069,South America,Social Media,New Product Launch,2824,2820,35,15,1.49,2.3,10218,1
1070,North America,Social Media,Discount,1151,1970,29,38,4.8,2.16,16863,1
1071,North America,Influencer,Discount,4309,4010,21,23,1.75,2.07,16946,1
1072,North America,TV Ads,Brand Awareness,3494,7979,43,7,0.82,2.53,1845,1
1073,North America,TV Ads,Brand Awareness,4350,7461,42,69,3.97,5.84,16474,0
1074,Middle East,Google Ads,Discount,3420,6407,26,24,1.97,10.02,2373,0
1075,Asia,Email,New Product Launch,698,3726,31,19,3.67,2.63,14301,1
1076,Asia,Social Media,Discount,364,3666,41,107,4.09,9.66,12653,1
1077,Europe,Social Media,Brand Awareness,1674,211,46,42,1.06,3.18,2516,1
1078,South America,TV Ads,Discount,3704,8727,16,11,2.02,1.99,764,1
1079,Europe,Google Ads,Discount,536,4441,22,40,3.41,10.96,18454,1
1080,Asia,Influencer,Brand Awareness,4146,1471,26,53,4.73,7.8,12728,1
1081,Europe,Social Media,Brand Awareness,1561,1184,20,65,2.82,9.03,7084,1
1082,South America,Email,Discount,4521,7450,10,82,4.44,4.53,7031,1
1083,Asia,Influencer,New Product Launch,663,1553,22,101,4.26,1.19,10583,1
1084,North America,Google Ads,Discount,3580,430,3,30,3.43,10.09,15526,1
1085,Asia,Google Ads,Brand Awareness,3949,7093,18,50,1.26,8.38,3113,1
1086,Europe,Email,Discount,1091,1419,7,15,4.97,10.27,1340,1
1087,North America,Google Ads,Discount,1590,6873,19,74,1.95,11.88,4549,1
1088,Asia,Email,Discount,4551,5886,1,25,0.53,1.76,17935,1
1089,North America,Social Media,Discount,909,7833,7,114,4.21,9.27,17865,1
1090,North America,Influencer,Brand Awareness,757,1059,45,71,4.51,3.64,9935,0
1091,Europe,TV Ads,Discount,775,7694,41,107,2.15,9.15,12686,1
1092,South America,TV Ads,New Product Launch,784,5374,12,56,2.99,1.25,6825,1
1093,Asia,Email,Discount,2540,4860,24,43,4.12,5.47,12254,1
1094,Asia,Social Media,Brand Awareness,1643,8868,43,100,0.94,10.85,14088,0
1095,Europe,Google Ads,Discount,524,1839,35,100,2.79,4.68,13161,1
1096,Middle East,Email,Discount,706,5372,25,17,3.32,3.63,17821,1
1097,Asia,Social Media,Discount,4394,1629,6,101,0.85,2.87,14508,1
1098,Europe,Email,Discount,200,3601,20,47,2.66,7.77,7059,0
1099,Middle East,Email,Discount,1375,324,6,45,1.76,4.16,11192,0
1100,North America,TV Ads,Discount,4648,8846,47,52,4.24,2.04,10127,1
1101,Middle East,Email,New Product Launch,2618,2495,35,94,1.04,1.11,12090,1
1102,Asia,Social Media,Discount,2352,8708,39,11,1.26,6.73,19903,1
1103,North America,Influencer,Brand Awareness,3782,7734,17,71,3.49,6.53,13073,0
1104,Middle East,Google Ads,New Product Launch,2279,1995,9,87,4.85,5.64,12460,0
1105,Europe,Social Media,Brand Awareness,517,4239,3,64,2.77,11.62,19007,1
1106,Middle East,TV Ads,New Product Launch,121,1945,4,42,1.86,7.2,3902,0
1107,Europe,TV Ads,Discount,2094,4209,33,45,1.31,1.24,17373,1
1108,North America,Influencer,New Product Launch,4095,5319,10,14,1.6,11.21,4541,1
1109,North America,Google Ads,New Product Launch,2416,1070,30,9,4.02,9.59,19260,1
1110,Middle East,Influencer,Discount,3355,5866,41,14,0.73,5.52,6648,0
1111,South America,TV Ads,Brand Awareness,1852,6698,28,51,2.88,6.65,1428,1
1112,Asia,Influencer,New Product Launch,4246,5482,35,78,2.65,9.13,6187,0
1113,South America,Email,New Product Launch,2985,6823,48,29,1.58,8.33,1785,1
1114,Asia,TV Ads,New Product Launch,3294,1922,40,80,2.17,2.76,15222,0
1115,North America,Email,Discount,4541,4917,24,65,3.49,9.23,16845,1
1116,Asia,Email,Discount,3078,8314,32,96,1.63,3.42,13091,1
1117,North America,Email,Discount,2392,5568,32,33,2.73,2.37,8211,1
1118,South America,Social Media,New Product Launch,656,3298,29,28,2.35,4.37,11974,1
1119,South America,TV Ads,New Product Launch,2779,4200,40,53,4.99,6.42,13724,1
1120,North America,Email,Discount,3053,7519,18,54,1.59,2.09,19076,0
1121,Asia,Social Media,Brand Awareness,1979,7506,29,100,3.13,3.97,10492,1
1122,Europe,Google Ads,New Product Launch,4168,4549,1,46,2.34,8.98,19283,1
1123,Asia,Social Media,Discount,1493,2990,7,5,2.8,10.63,1593,1
1124,Middle East,TV Ads,Brand Awareness,2765,8411,33,22,1.2,9.64,16728,1
1125,North America,TV Ads,New Product Launch,198,1364,17,116,3.25,5.49,7299,0
1126,Europe,Email,Brand Awareness,4627,5591,6,103,0.61,11.63,2941,1
1127,North America,Social Media,Discount,2275,5927,10,80,3.34,3.68,3852,1
1128,South America,Google Ads,Discount,3885,4635,44,72,4.62,6.84,8628,1
1129,South America,Social Media,Discount,3872,2835,18,68,1.76,6.6,4319,1
1130,North America,Google Ads,Brand Awareness,2719,3123,12,43,4.56,1.47,18203,1
1131,South America,Social Media,Brand Awareness,1409,8976,45,77,3.15,2.15,8371,1
1132,North America,Social Media,New Product Launch,2648,764,3,75,2.33,7.21,615,1
1133,Asia,Social Media,Discount,3130,7533,1,47,4.91,4.26,9239,0
1134,Middle East,TV Ads,New Product Launch,4661,1490,38,9,2.59,1.05,18168,0
1135,Europe,Google Ads,Discount,4545,4283,49,21,3.49,4.17,19151,1
1136,Asia,Email,Discount,4055,2307,2,93,3.26,10.5,18466,0
1137,South America,Google Ads,Discount,4540,8104,1,103,1.48,3.86,9007,1
1138,Middle East,Influencer,New Product Launch,3400,4613,2,38,2.72,6.49,6443,1
1139,Asia,Google Ads,New Product Launch,2371,4522,5,24,3.48,2.91,6660,1
1140,North America,Influencer,New Product Launch,807,8487,12,75,2.3,4.18,15013,0
1141,Europe,Email,Brand Awareness,4984,2683,37,113,1.01,8.35,12114,1
1142,North America,Email,Discount,2361,3496,6,106,1.57,7.37,14904,1
1143,North America,Social Media,Discount,624,6731,37,77,4.5,8.61,11612,1
1144,Asia,TV Ads,Brand Awareness,1196,219,18,98,2.11,6.61,8623,1
1145,Middle East,TV Ads,New Product Launch,1964,7263,42,62,1.39,9.85,11044,0
1146,Europe,Google Ads,Brand Awareness,4714,8271,44,64,3.26,1.86,3335,1
1147,Asia,TV Ads,Discount,3346,3088,6,53,4.17,8.81,4061,1
1148,North America,Email,Brand Awareness,3260,4217,38,49,4.43,6.12,16592,1
1149,Europe,Social Media,Discount,2993,4871,32,93,5.0,7.19,17063,1
1150,South America,Social Media,New Product Launch,4054,4414,40,116,1.84,1.12,15797,0
1151,Europe,Email,New Product Launch,1606,7507,10,5,3.36,6.97,5617,1
1152,Middle East,Social Media,Brand Awareness,2596,8664,24,30,1.52,5.32,15042,1
1153,North America,Social Media,Brand Awareness,615,5681,37,39,1.71,1.17,18756,1
1154,Asia,Social Media,Brand Awareness,1401,1747,41,87,0.79,8.04,9114,1
1155,Asia,TV Ads,New Product Launch,3488,4587,49,52,2.3,3.94,15380,1
1156,Middle East,Influencer,Brand Awareness,988,3560,19,84,3.39,6.61,10768,1
1157,Europe,TV Ads,Discount,2798,1149,15,81,1.6,3.04,12309,0
1158,South America,Email,New Product Launch,1700,2871,42,52,4.83,4.51,7067,1
1159,Middle East,TV Ads,Discount,1586,4645,17,53,2.85,6.67,4468,1
1160,North America,Google Ads,Discount,2460,8356,7,53,4.69,4.57,5585,0
1161,South America,Google Ads,Brand Awareness,2177,354,28,10,1.88,7.27,2437,0
1162,North America,Email,New Product Launch,3493,1104,5,24,3.93,2.87,18666,1
1163,South America,Social Media,New Product Launch,2313,3538,1,42,0.56,3.08,19009,0
1164,Middle East,Social Media,Brand Awareness,782,2718,8,97,3.49,2.23,18054,1
1165,South America,TV Ads,Discount,2547,1623,4,63,1.09,10.56,17123,1
1166,Middle East,Social Media,New Product Launch,1559,5058,23,88,0.72,7.29,14253,1
1167,North America,Google Ads,New Product Launch,3477,2789,11,101,2.22,10.08,18120,1
1168,North America,TV Ads,Brand Awareness,1762,4017,25,12,4.34,4.99,6337,0
1169,Asia,Google Ads,Brand Awareness,2830,3729,44,84,0.59,7.6,14715,1
1170,Middle East,Google Ads,Discount,1130,3266,2,35,4.67,8.49,4258,0
1171,Asia,Google Ads,Discount,3134,2100,3,5,2.28,5.43,12214,1
1172,Asia,Social Media,Discount,1462,3582,7,98,0.84,8.44,10329,1
1173,South America,Email,New Product Launch,323,470,19,75,4.23,11.66,13813,0
1174,Europe,TV Ads,Discount,819,6918,35,22,3.7,7.72,5467,0
1175,South America,Email,New Product Launch,2234,5834,13,44,4.67,1.87,2374,1
1176,Europe,Influencer,Brand Awareness,376,3583,7,25,1.68,3.06,9885,0
1177,North America,Google Ads,Discount,3629,1916,26,23,2.32,6.37,14883,1
1178,Asia,Email,New Product Launch,2314,2481,7,28,2.67,9.43,9766,0
1179,North America,TV Ads,New Product Launch,2743,6325,35,83,2.29,6.11,14598,0
1180,North America,Email,Brand Awareness,1844,5132,28,48,2.61,10.72,4559,0
1181,Asia,Email,New Product Launch,3610,3430,25,109,3.05,10.53,17182,0
1182,North America,TV Ads,New Product Launch,4562,4260,24,13,0.67,9.65,7472,1
1183,South America,Social Media,Brand Awareness,3607,4712,47,113,3.62,6.34,19230,1
1184,Middle East,Influencer,Brand Awareness,1796,6065,40,33,0.84,6.71,11618,1
1185,Asia,Email,New Product Launch,4268,1097,24,93,0.96,7.74,8725,1
1186,Asia,Google Ads,New Product Launch,3533,841,18,32,3.22,3.43,14476,1
1187,South America,Influencer,Discount,100,1892,33,45,4.86,7.93,12088,1
1188,South America,TV Ads,Discount,779,8069,12,117,0.57,2.09,7618,1
1189,Europe,Google Ads,Brand Awareness,3608,4953,40,48,2.27,9.52,17506,1
1190,Middle East,Influencer,Brand Awareness,3360,2576,41,20,3.74,5.93,13683,1
1191,North America,Email,Discount,3467,7432,14,20,2.57,6.78,18911,0
1192,Europe,Email,Brand Awareness,4187,6535,5,57,2.14,5.54,13078,1
1193,Europe,Social Media,New Product Launch,2364,4028,12,8,3.05,3.05,3158,1
1194,South America,Email,Discount,3567,5114,24,36,4.31,10.87,6890,0
1195,South America,Email,Brand Awareness,912,6363,44,25,3.33,6.77,19491,1
1196,South America,Influencer,Discount,1598,3759,28,46,4.65,8.18,14452,1
1197,Middle East,Influencer,New Product Launch,3564,8856,21,100,3.61,9.6,1644,0
1198,North America,Social Media,Brand Awareness,4336,5990,19,41,4.73,9.01,11260,1
1199,North America,Influencer,New Product Launch,524,5157,12,90,2.1,1.79,4926,1
1200,Middle East,TV Ads,Brand Awareness,864,5468,27,82,4.86,11.41,7828,1
1201,South America,Email,Discount,4194,432,21,42,3.12,5.77,7877,1
1202,Europe,TV Ads,New Product Launch,4311,6759,28,113,2.65,10.88,4129,0
1203,Europe,Social Media,New Product Launch,3825,2728,29,99,2.11,1.03,19413,0
1204,Asia,Social Media,New Product Launch,2007,3528,27,118,4.18,7.71,5422,1
1205,Europe,TV Ads,Brand Awareness,2395,3049,6,49,1.78,9.89,10792,1
1206,Asia,Google Ads,New Product Launch,2535,8978,21,61,1.44,1.43,2391,1
1207,Asia,Email,Discount,2757,3199,10,102,4.59,11.47,2615,1
1208,Asia,Google Ads,Discount,2848,8511,43,39,4.91,7.3,9363,0
1209,South America,Social Media,Discount,1904,7319,3,29,2.97,5.96,4415,1
1210,Middle East,Social Media,Brand Awareness,4333,6054,27,74,3.55,4.85,12590,1
1211,South America,Social Media,New Product Launch,4846,5770,48,87,1.32,6.22,4415,1
1212,South America,Influencer,Brand Awareness,4609,790,37,33,4.89,5.42,1364,0
1213,Europe,Influencer,Discount,4310,8976,49,10,4.88,10.67,14115,0
1214,South America,Email,Brand Awareness,3660,5685,10,39,2.1,1.06,4055,0
1215,North America,Google Ads,New Product Launch,2717,3532,12,10,4.93,9.75,19046,1
1216,Europe,Email,Brand Awareness,4524,2979,18,100,4.46,6.47,4783,0
1217,Europe,Influencer,Discount,3459,6272,36,103,0.85,5.68,14332,1
1218,Asia,Influencer,New Product Launch,777,4296,43,46,2.06,8.81,5292,1
1219,Middle East,TV Ads,Brand Awareness,868,2448,22,105,1.64,2.26,4194,0
1220,Europe,Email,Discount,4493,2164,28,105,4.89,5.08,2694,1
1221,North America,TV Ads,New Product Launch,1325,3029,2,94,1.93,2.02,5809,1
1222,Europe,Google Ads,New Product Launch,2349,8056,34,88,2.13,8.86,10408,1
1223,Asia,Google Ads,Brand Awareness,3564,3188,42,5,3.1,5.79,18820,1
1224,Middle East,Influencer,Brand Awareness,4762,6156,6,68,1.2,6.91,1321,0
1225,North America,Email,New Product Launch,4356,4276,49,39,3.19,6.73,4476,1
1226,North America,TV Ads,Discount,4608,5033,28,111,1.41,6.27,15087,1
1227,Middle East,Google Ads,Discount,3198,2389,19,35,2.07,6.76,17002,0
1228,Europe,TV Ads,New Product Launch,1236,4386,45,67,4.68,5.95,18661,1
1229,North America,Social Media,Brand Awareness,3320,3697,33,92,3.37,1.8,6596,1
1230,Europe,TV Ads,Brand Awareness,3155,2194,26,64,3.97,11.15,7801,1
1231,North America,Google Ads,New Product Launch,3105,8811,7,109,4.21,8.5,17692,1
1232,North America,Google Ads,Brand Awareness,2096,5646,17,51,1.37,1.12,9015,1
1233,Asia,Email,New Product Launch,2512,5680,26,55,2.49,2.64,1371,0
1234,Asia,Social Media,Discount,2000,2009,3,72,2.71,2.9,19888,1
1235,Asia,Influencer,New Product Launch,2908,8365,6,97,1.17,2.52,5067,1
1236,South America,Email,New Product Launch,4569,4856,34,50,4.26,10.22,1464,0
1237,South America,Social Media,New Product Launch,1271,1630,26,99,2.37,1.12,16716,1
1238,Middle East,Google Ads,Brand Awareness,2027,7785,41,115,1.41,4.02,4138,0
1239,South America,Google Ads,Discount,748,5916,2,94,4.05,4.76,16726,0
1240,Asia,Influencer,Discount,4764,2556,48,40,3.51,9.54,8882,0
1241,North America,TV Ads,Discount,786,946,48,80,2.34,4.13,18895,1
1242,Middle East,Influencer,Brand Awareness,1599,3923,13,23,4.45,11.26,10640,1
1243,Europe,Google Ads,Discount,2962,1176,43,47,4.51,8.67,15677,1
1244,North America,Social Media,Discount,1452,4790,30,49,2.02,3.95,8219,1
1245,Europe,TV Ads,New Product Launch,2632,4880,38,102,4.73,8.65,2921,0
1246,Europe,TV Ads,New Product Launch,2193,6755,27,43,4.73,2.68,8055,1
1247,Europe,Google Ads,Brand Awareness,2990,8400,20,88,4.65,5.83,19109,0
1248,South America,Influencer,New Product Launch,2941,3666,48,66,4.3,10.25,12779,0
1249,North America,Google Ads,Brand Awareness,2097,4453,9,101,2.81,11.79,8043,1
1250,South America,Social Media,Brand Awareness,4690,4359,7,32,1.88,6.0,8667,1
1251,Middle East,Google Ads,Discount,3394,7443,15,25,2.35,2.99,4396,1
1252,Middle East,TV Ads,New Product Launch,3935,6272,49,64,3.55,2.88,16430,1
1253,Europe,Google Ads,Brand Awareness,976,1736,1,55,3.31,9.52,16401,0
1254,Asia,Influencer,Discount,1882,288,12,10,0.68,9.19,11191,1
1255,Middle East,Google Ads,Discount,2980,1907,12,33,1.7,5.16,2034,1
1256,Europe,Email,Brand Awareness,4963,4621,35,119,2.21,10.39,12972,1
1257,Middle East,Google Ads,Discount,899,6599,18,71,4.62,1.41,2203,1
1258,North America,Google Ads,Brand Awareness,2465,6630,9,49,1.79,1.25,17274,1
1259,Asia,Social Media,Discount,1732,4641,40,81,2.59,8.57,17815,1
1260,Middle East,Influencer,Brand Awareness,1428,1630,37,110,3.6,9.34,14711,1
1261,Asia,TV Ads,Discount,4348,2749,20,90,4.56,5.11,19955,1
1262,Middle East,TV Ads,New Product Launch,2722,3631,3,35,1.31,3.51,19114,1
1263,Asia,Email,Brand Awareness,367,8096,44,99,1.82,9.19,11229,1
1264,North America,Email,Discount,3280,2921,28,62,0.71,11.89,11183,1
1265,South America,TV Ads,New Product Launch,3010,3163,28,27,2.97,9.97,15087,1
1266,Middle East,TV Ads,Brand Awareness,4176,6883,20,54,2.77,9.35,6448,1
1267,South America,Google Ads,Discount,2145,8733,17,45,2.94,7.42,10894,0
1268,North America,TV Ads,Brand Awareness,4557,2627,5,73,2.56,7.27,5208,0
1269,Asia,TV Ads,Discount,3119,5879,32,23,4.72,1.91,17846,1
1270,North America,TV Ads,Brand Awareness,1553,6158,38,115,1.62,11.91,5757,1
1271,Asia,Email,Discount,3527,4992,21,29,4.6,11.53,13875,1
1272,Middle East,Email,New Product Launch,3060,6345,14,105,4.22,3.61,17248,1
1273,North America,Google Ads,New Product Launch,4002,4185,16,59,0.87,3.05,7457,1
1274,Middle East,Social Media,New Product Launch,1714,7975,19,40,3.37,3.76,6021,1
1275,North America,Social Media,Discount,3467,4435,26,99,4.84,8.54,8053,1
1276,Europe,Email,Discount,2445,1930,48,26,2.97,1.05,16347,1
1277,Middle East,Google Ads,New Product Launch,3050,1444,33,94,0.75,4.81,14882,1
1278,Asia,Email,New Product Launch,4484,5198,42,96,3.96,3.94,9293,1
1279,Europe,Google Ads,Discount,935,1710,15,98,3.57,8.18,17074,1
1280,North America,Google Ads,Discount,4407,343,6,31,1.27,6.59,18400,1
1281,Asia,TV Ads,Discount,3074,6108,35,25,2.6,1.15,16932,1
1282,Europe,Social Media,New Product Launch,2760,7869,41,17,1.67,6.77,17206,1
1283,Middle East,Email,New Product Launch,4818,6364,38,78,3.95,1.74,19962,1
1284,South America,Email,Discount,276,291,38,44,1.9,1.04,13249,1
1285,Middle East,Email,Discount,569,4290,12,109,3.05,7.92,1881,0
1286,Asia,Influencer,Discount,898,8528,43,25,4.95,6.07,10743,1
1287,North America,Influencer,New Product Launch,3237,7086,22,43,4.26,1.07,7476,0
1288,Asia,Google Ads,Discount,645,5090,4,79,2.41,1.88,2529,1
1289,Europe,Influencer,Brand Awareness,4763,692,20,93,3.63,2.94,11907,1
1290,South America,Google Ads,Brand Awareness,692,1599,12,60,4.49,5.49,1391,1
1291,Middle East,TV Ads,Brand Awareness,2852,1198,9,41,1.31,9.03,18028,1
1292,North America,TV Ads,Brand Awareness,2289,5365,5,23,4.31,9.88,9693,1
1293,Europe,Google Ads,Brand Awareness,3329,2088,12,51,2.91,7.33,6245,1
1294,Asia,Email,New Product Launch,4640,6548,11,95,2.41,1.04,15825,1
1295,Europe,TV Ads,Brand Awareness,3548,5202,44,51,4.12,11.47,17458,0
1296,North America,Email,Discount,2420,4749,10,35,3.41,9.11,9642,1
1297,Middle East,Influencer,Brand Awareness,2123,2776,46,64,2.79,11.84,4394,0
1298,Europe,Influencer,Brand Awareness,4199,6605,32,45,4.14,2.67,16169,0
1299,South America,Influencer,New Product Launch,3712,6256,47,65,0.91,1.26,8349,1
1300,Asia,TV Ads,New Product Launch,2641,6783,10,91,4.83,1.86,5195,1
1301,Asia,Google Ads,Brand Awareness,3891,5471,43,35,2.06,7.78,5475,1
1302,Middle East,Influencer,New Product Launch,4863,1607,9,39,3.79,2.16,4040,1
1303,Asia,Google Ads,New Product Launch,3702,7621,19,29,2.79,8.9,913,1
1304,Middle East,Email,Brand Awareness,1442,8650,33,17,4.96,8.16,9086,1
1305,Asia,Google Ads,Discount,2829,1735,24,99,1.76,2.08,7678,1
1306,Europe,TV Ads,Brand Awareness,4059,3092,9,60,1.04,8.04,10701,0
1307,Asia,TV Ads,New Product Launch,560,1504,15,98,2.81,1.65,18018,0
1308,Asia,Google Ads,Discount,2385,7074,46,54,4.46,4.97,19700,1
1309,North America,Social Media,New Product Launch,4939,5062,10,43,2.36,9.02,18916,1
1310,South America,Email,Brand Awareness,2640,7448,24,18,2.21,3.72,9413,1
1311,Europe,Google Ads,New Product Launch,1434,8402,24,34,3.14,3.04,18561,1
1312,Asia,Email,New Product Launch,3539,8197,21,119,0.86,9.4,14997,1
1313,South America,Influencer,New Product Launch,1712,2711,16,88,2.27,3.29,8734,0
1314,Europe,Email,New Product Launch,2273,3274,8,5,2.46,11.21,6160,1
1315,Europe,Social Media,Brand Awareness,1456,7437,22,27,2.23,5.28,6820,1
1316,North America,TV Ads,Discount,4426,1411,28,47,0.62,3.15,15417,1
1317,Middle East,Social Media,Brand Awareness,1855,5462,26,115,1.53,2.95,912,0
1318,Europe,Email,Brand Awareness,2700,8001,49,91,1.16,5.15,7112,0
1319,South America,TV Ads,Discount,583,630,47,26,2.5,3.14,2639,1
1320,North America,Email,New Product Launch,184,3165,29,13,4.98,4.08,5231,0
1321,North America,Influencer,Discount,2408,7056,6,40,0.6,7.69,6977,0
1322,Europe,TV Ads,Discount,1566,4193,16,109,2.38,4.79,18960,0
1323,South America,Google Ads,Discount,2183,8948,9,79,0.98,9.08,16037,1
1324,South America,Social Media,Brand Awareness,1916,8271,17,24,1.83,3.96,14692,0
1325,Europe,Social Media,Brand Awareness,4142,2455,40,9,4.62,4.67,7854,1
1326,Asia,TV Ads,Discount,4568,2020,29,7,4.51,7.63,3768,0
1327,South America,TV Ads,New Product Launch,2725,579,9,61,2.66,1.27,7989,0
1328,North America,Influencer,New Product Launch,2291,3503,17,39,0.63,6.94,3863,1
1329,Middle East,Influencer,Brand Awareness,4890,3500,10,38,4.58,6.53,18883,1
1330,Europe,Google Ads,Brand Awareness,2863,5890,32,87,2.03,3.64,10274,1
1331,Europe,Google Ads,New Product Launch,4281,7661,8,7,3.93,6.73,2586,1
1332,North America,Social Media,Brand Awareness,4570,5675,43,63,3.44,6.77,4456,1
1333,Europe,Influencer,Discount,4876,8314,9,96,2.52,11.77,6450,1
1334,Asia,Social Media,Discount,4457,1397,42,74,2.13,8.42,8113,1
1335,Middle East,Google Ads,New Product Launch,4398,5079,39,34,1.18,6.33,17192,0
1336,Europe,Email,Brand Awareness,765,8419,28,32,2.98,6.46,6326,0
1337,Asia,Email,Discount,4907,7489,32,62,2.92,4.39,16581,0
1338,North America,Email,Discount,2684,8635,34,73,3.58,2.57,9231,0
1339,North America,Google Ads,Discount,3608,1762,4,22,4.73,4.57,500,1
1340,Asia,Influencer,New Product Launch,4306,3926,49,8,3.89,6.48,6153,1
1341,South America,Google Ads,Brand Awareness,1458,7969,43,48,3.19,7.25,11679,1
1342,North America,Google Ads,Discount,669,5746,31,100,2.94,5.43,15342,0
1343,Asia,Email,Discount,1053,8619,9,107,2.72,6.79,875,1
1344,Asia,Influencer,New Product Launch,1765,2322,45,50,4.34,1.44,11655,1
1345,North America,Influencer,Brand Awareness,4842,2690,49,80,4.93,3.13,18753,1
1346,Europe,Google Ads,Brand Awareness,2231,4550,19,114,2.27,5.76,11662,1
1347,Middle East,Google Ads,Brand Awareness,4005,4088,26,64,4.72,7.51,2378,1
1348,Europe,Social Media,Brand Awareness,1934,1943,25,82,0.57,6.67,1563,1
1349,North America,Influencer,New Product Launch,683,5096,15,52,1.07,2.32,19251,1
1350,North America,Email,New Product Launch,237,7000,18,94,1.39,9.7,18286,1
1351,Europe,Social Media,New Product Launch,1428,1458,24,43,3.75,11.6,16276,1
1352,Europe,Social Media,Discount,1139,7999,1,63,2.66,5.94,19874,1
1353,North America,Google Ads,New Product Launch,530,2507,7,25,3.55,7.86,2191,0
1354,Asia,TV Ads,New Product Launch,1795,3832,42,16,3.52,1.39,13791,1
1355,South America,TV Ads,Discount,1566,1038,14,18,3.39,2.09,17463,0
1356,Middle East,TV Ads,Brand Awareness,2118,2376,28,6,1.76,9.68,2433,1
1357,Asia,Social Media,Discount,409,8205,38,114,4.22,10.52,3054,1
1358,Europe,Social Media,Discount,1518,1317,38,15,3.37,11.46,3493,1
1359,Middle East,TV Ads,New Product Launch,522,6639,5,18,4.58,8.71,16643,1
1360,South America,Google Ads,Discount,2318,7670,34,67,3.1,8.22,11215,1
1361,North America,Google Ads,New Product Launch,3129,4195,4,8,2.36,11.89,12454,1
1362,Middle East,TV Ads,New Product Launch,977,3210,8,54,2.6,3.81,13973,1
1363,Middle East,Google Ads,Discount,1552,8652,15,8,1.32,1.93,10520,1
1364,Middle East,Email,New Product Launch,4129,5069,21,68,4.36,3.84,11832,1
1365,Middle East,Social Media,New Product Launch,3232,680,7,47,3.48,6.48,6386,1
1366,Middle East,Email,Brand Awareness,3695,3461,40,34,1.84,8.32,14770,0
1367,South America,Influencer,New Product Launch,1701,3488,41,87,3.61,2.21,15385,1
1368,Europe,Google Ads,Brand Awareness,3288,2928,8,9,3.14,8.8,19008,1
1369,Asia,Google Ads,Brand Awareness,999,7960,46,38,4.35,9.14,7061,1
1370,Middle East,Google Ads,Discount,3588,3354,35,7,1.37,4.64,19323,0
1371,Europe,TV Ads,New Product Launch,2719,4560,1,31,2.76,10.69,18214,0
1372,South America,Google Ads,New Product Launch,2350,1647,46,105,1.24,11.46,12699,0
1373,South America,Social Media,Discount,1793,4664,42,117,3.34,4.67,7743,1
1374,South America,TV Ads,New Product Launch,2621,4783,11,49,3.23,11.39,7641,1
1375,Asia,TV Ads,New Product Launch,1010,472,48,77,2.66,8.45,2312,1
1376,South America,Social Media,Brand Awareness,3332,2252,31,108,1.98,3.08,1946,1
1377,North America,Email,Discount,1212,1750,23,64,1.27,11.78,10498,0
1378,Middle East,TV Ads,Brand Awareness,2052,3669,7,97,0.98,5.97,566,1
1379,South America,Email,Brand Awareness,3819,4083,1,108,3.28,2.29,7258,1
1380,North America,Influencer,Discount,2403,472,41,77,0.75,8.58,869,1
1381,Asia,Influencer,Brand Awareness,2887,3469,32,114,3.61,9.76,11667,1
1382,Asia,Email,Discount,1414,8481,2,99,3.46,4.15,19593,1
1383,North America,Google Ads,Brand Awareness,1010,8401,5,94,0.86,3.67,8860,1
1384,Asia,Google Ads,New Product Launch,2941,7136,48,74,1.64,5.4,9927,1
1385,Asia,Email,Discount,1191,5309,28,7,2.09,10.8,5163,0
1386,North America,TV Ads,Discount,2044,573,29,7,2.03,4.86,3098,1
1387,Middle East,Email,New Product Launch,369,5653,37,76,4.09,4.01,7929,0
1388,Asia,Google Ads,Brand Awareness,4945,7279,22,39,0.57,9.28,3044,0
1389,Europe,Google Ads,Discount,3927,3539,38,28,3.96,11.22,1045,1
1390,South America,TV Ads,Discount,1993,2135,27,19,0.79,9.82,13133,1
1391,Asia,TV Ads,Discount,4545,8052,23,82,3.21,5.96,4106,0
1392,Europe,Google Ads,New Product Launch,1524,5087,4,22,3.86,7.4,7122,1
1393,Europe,Email,New Product Launch,211,7768,25,47,3.29,6.13,10660,1
1394,South America,Influencer,New Product Launch,3346,4063,4,5,3.04,3.13,1340,1
1395,Europe,TV Ads,Discount,2147,6146,39,97,0.65,10.9,17140,0
1396,Europe,TV Ads,New Product Launch,4677,2982,20,112,4.31,4.26,10684,0
1397,Middle East,Influencer,New Product Launch,2262,1945,48,83,2.98,4.86,14743,0
1398,Middle East,Influencer,Brand Awareness,1156,2015,20,15,1.81,8.86,14532,1
1399,North America,Google Ads,New Product Launch,1376,650,44,25,3.77,10.32,10043,1
1400,Asia,Social Media,Brand Awareness,4241,8557,27,41,0.64,4.68,2291,1
1401,Asia,Email,Brand Awareness,3106,5420,32,64,1.93,6.35,4225,0
1402,Asia,TV Ads,Brand Awareness,2381,8821,23,27,3.54,10.01,19603,1
1403,Middle East,Influencer,Brand Awareness,4952,2150,33,106,3.61,11.14,5983,0
1404,South America,Email,New Product Launch,453,6566,5,75,2.37,4.71,10699,1
1405,Asia,Social Media,Brand Awareness,4168,8541,5,116,0.57,3.38,6128,1
1406,South America,Google Ads,Discount,1832,774,40,96,2.05,9.73,7702,0
1407,Europe,Google Ads,Brand Awareness,150,8592,9,14,1.62,6.63,1101,1
1408,North America,TV Ads,Discount,4548,766,41,55,3.3,9.92,1611,1
1409,North America,Google Ads,Brand Awareness,3446,8511,16,23,1.25,1.73,14953,0
1410,Europe,Google Ads,Discount,3944,2187,39,20,0.8,7.15,19621,1
1411,Asia,Google Ads,Discount,3781,8436,30,93,1.29,11.04,8777,1
1412,Europe,Social Media,Brand Awareness,4320,1133,44,52,3.92,9.56,17292,1
1413,South America,Google Ads,Brand Awareness,3492,5981,17,38,2.64,5.42,7994,1
1414,South America,Email,New Product Launch,749,4235,11,56,4.71,9.19,18112,1
1415,Europe,Google Ads,New Product Launch,1321,2596,38,6,2.0,9.9,13786,1
1416,Asia,Google Ads,New Product Launch,2760,3743,10,80,4.57,2.08,11266,1
1417,Europe,Google Ads,Discount,1804,6041,7,37,4.49,2.13,6402,1
1418,Asia,Email,New Product Launch,316,4607,23,22,2.35,7.62,18102,1
1419,Asia,Email,New Product Launch,960,755,1,14,2.31,1.74,15213,1
1420,Asia,Google Ads,Discount,2663,4897,14,35,2.02,1.94,2602,0
1421,Middle East,Google Ads,Discount,1193,7527,1,18,1.35,11.84,2911,1
1422,North America,Google Ads,Discount,3766,3139,43,5,3.79,7.65,10326,0
1423,Asia,Social Media,Discount,1164,8214,24,11,4.14,6.15,15879,0
1424,Asia,Social Media,New Product Launch,3847,2559,14,13,4.52,7.24,14515,0
1425,South America,Social Media,New Product Launch,4681,5836,10,26,3.75,10.58,3789,1
1426,North America,Email,Brand Awareness,2243,2714,7,100,3.77,2.26,7817,0
1427,Middle East,Google Ads,New Product Launch,2582,1220,34,34,2.78,9.21,4567,0
1428,North America,TV Ads,New Product Launch,366,579,25,113,2.52,6.07,3482,0
1429,North America,Social Media,Brand Awareness,2694,5115,5,63,4.39,2.22,5341,1
1430,Asia,TV Ads,Brand Awareness,3985,5661,23,115,1.53,11.5,2591,0
1431,North America,TV Ads,Discount,2117,6191,24,86,2.63,9.38,2744,1
1432,South America,TV Ads,Brand Awareness,540,5240,36,80,4.03,7.67,9734,1
1433,North America,Influencer,Discount,3083,5940,30,82,3.67,11.22,5459,1
1434,Europe,TV Ads,Brand Awareness,2284,1534,19,10,2.86,1.74,9743,1
1435,North America,Email,Discount,2112,607,39,22,1.91,10.0,12423,0
1436,Middle East,TV Ads,Discount,4374,8554,11,52,4.67,11.55,4746,1
1437,Asia,Email,Discount,978,1254,25,79,2.08,4.67,11402,0
1438,South America,TV Ads,Brand Awareness,3349,4695,13,18,1.78,2.25,12627,1
1439,South America,Social Media,Discount,1743,8957,5,53,4.62,9.85,3461,1
1440,Middle East,Influencer,Discount,4328,4313,34,79,3.12,5.39,5484,0
1441,Middle East,Social Media,Brand Awareness,4039,464,25,98,0.78,1.0,4917,1
1442,Middle East,TV Ads,New Product Launch,290,2332,40,93,3.93,1.99,4506,1
1443,Europe,TV Ads,New Product Launch,3359,6232,45,99,4.64,6.68,6757,1
1444,Middle East,Email,Brand Awareness,1926,7900,14,91,2.78,9.73,19791,0
1445,Europe,Social Media,Brand Awareness,1450,6250,25,67,4.07,3.28,16502,1
1446,Middle East,Social Media,New Product Launch,3543,3315,29,95,2.7,6.53,11140,0
1447,Europe,Google Ads,Brand Awareness,3379,7511,4,74,1.66,8.3,14463,1
1448,South America,Email,Discount,4322,3764,27,29,3.24,7.07,16128,1
1449,South America,TV Ads,Brand Awareness,3681,3154,28,96,4.71,5.65,2974,1
1450,North America,Google Ads,New Product Launch,1679,6939,44,47,4.87,9.56,6755,0
1451,North America,Google Ads,New Product Launch,2746,4934,25,58,4.1,1.26,17255,1
1452,Asia,Social Media,Brand Awareness,689,3346,41,117,4.11,1.86,9291,1
1453,Asia,Email,Discount,4419,3320,5,39,2.14,11.62,10905,1
1454,Middle East,Social Media,Brand Awareness,835,4959,27,51,0.67,3.38,9013,0
1455,Europe,Social Media,New Product Launch,1007,8316,3,60,2.52,2.43,5948,1
1456,South America,Google Ads,New Product Launch,3141,3970,47,7,4.21,10.61,1212,1
1457,Europe,TV Ads,Brand Awareness,3117,5222,30,110,3.47,11.57,13230,1
1458,South America,Email,Discount,4505,1650,48,101,3.66,4.44,1593,1
1459,Asia,Email,Discount,4743,7659,14,54,1.52,9.54,6636,1
1460,North America,Google Ads,New Product Launch,110,2890,39,57,0.68,3.44,19436,1
1461,Asia,Influencer,Discount,2307,4263,39,101,1.01,7.5,11831,0
1462,Europe,Google Ads,New Product Launch,3846,7222,13,66,3.39,4.94,16087,0
1463,Europe,Google Ads,New Product Launch,2229,8034,16,56,1.63,8.66,3818,1
1464,North America,Email,Discount,4326,7345,45,31,1.49,11.51,3822,1
1465,Europe,Social Media,Discount,2214,1023,45,28,0.83,1.6,4144,1
1466,Middle East,Social Media,Brand Awareness,3129,1530,22,94,2.51,9.67,3701,1
1467,Europe,Email,Discount,4539,4099,10,29,1.42,2.02,17838,1
1468,Europe,TV Ads,Discount,2840,8949,31,101,2.52,8.98,17333,1
1469,Asia,TV Ads,New Product Launch,1168,5398,44,29,4.96,6.2,2171,0
1470,Europe,Email,Brand Awareness,2675,7964,47,40,1.93,1.4,14889,1
1471,North America,Google Ads,Discount,4692,3445,22,50,1.25,3.17,3366,1
1472,North America,Social Media,New Product Launch,3741,4766,41,72,3.64,6.64,16238,1
1473,Middle East,Social Media,Discount,3342,1386,4,53,2.16,4.16,15744,1
1474,Europe,Google Ads,Discount,1984,2416,32,91,2.18,8.43,8625,1
1475,Asia,Google Ads,New Product Launch,2786,7715,39,10,0.95,11.6,19240,0
1476,Asia,Google Ads,New Product Launch,1833,6908,16,14,1.33,1.75,5816,1
1477,Europe,Influencer,New Product Launch,1656,2402,41,59,2.55,5.33,14245,0
1478,Asia,Google Ads,New Product Launch,4704,526,48,64,3.39,4.5,1253,1
1479,North America,Social Media,Discount,1660,1323,16,18,4.28,9.17,17039,1
1480,Asia,Google Ads,New Product Launch,730,8271,16,53,3.11,2.03,14061,1
1481,Asia,Social Media,Discount,4102,7917,4,72,4.17,10.12,15570,1
1482,Middle East,TV Ads,Brand Awareness,3048,1648,41,30,2.9,4.56,4291,0
1483,Middle East,Google Ads,Discount,941,3405,32,88,0.9,1.01,15083,1
1484,South America,Social Media,Brand Awareness,3412,6635,7,68,2.15,6.74,13169,1
1485,North America,Email,New Product Launch,2251,3256,49,26,2.41,4.89,8861,1
1486,North America,Social Media,Brand Awareness,2621,4445,29,105,1.91,5.89,16330,1
1487,Asia,Social Media,Discount,1654,7994,49,79,2.59,9.58,3717,1
1488,North America,Email,Discount,4449,2194,6,10,0.56,10.29,19471,1
1489,North America,Social Media,Brand Awareness,542,4770,29,92,1.87,7.79,6620,0
1490,Asia,Email,New Product Launch,4773,3024,27,16,2.78,2.25,5279,1
1491,South America,Social Media,Discount,1311,6986,30,8,1.47,3.79,14359,0
1492,Asia,Email,Discount,3282,4642,35,66,3.47,1.91,19283,1
1493,Middle East,Social Media,Discount,1224,4347,47,100,1.78,4.75,1331,1
1494,Middle East,Influencer,Discount,3901,3785,17,55,3.52,9.42,8283,0
1495,Asia,Google Ads,New Product Launch,2400,5065,13,55,2.76,7.0,14608,1
1496,Europe,Social Media,Discount,1921,7064,7,25,2.99,8.41,898,0
1497,Europe,Email,Brand Awareness,787,3634,46,44,1.19,8.78,7019,1
1498,Middle East,Influencer,Brand Awareness,860,1642,9,34,2.29,9.44,16749,1
1499,South America,Email,Discount,4382,4101,22,61,4.64,2.13,9285,1
1500,South America,Social Media,Discount,359,3998,38,95,4.04,10.83,1366,0
1501,North America,Email,Discount,1145,5049,12,18,3.57,4.3,5142,1
1502,Europe,Social Media,New Product Launch,3135,7772,27,7,1.57,5.84,9264,1
1503,Europe,Google Ads,Brand Awareness,4267,5096,49,31,4.09,9.87,4738,1
1504,Asia,Email,New Product Launch,3789,7881,6,32,3.56,1.58,1423,0
1505,Europe,Social Media,Brand Awareness,4789,5592,12,52,3.86,4.2,19750,1
1506,North America,TV Ads,New Product Launch,4110,6649,6,19,4.34,11.79,3585,1
1507,Europe,Influencer,New Product Launch,4788,8425,17,93,2.09,3.95,17175,1
1508,Middle East,TV Ads,Discount,1385,6522,39,60,4.04,8.4,12551,0
1509,South America,Social Media,Discount,973,1355,46,44,4.41,4.96,1950,1
1510,South America,TV Ads,Brand Awareness,3391,8074,5,112,2.01,2.64,610,0
1511,Middle East,Google Ads,Brand Awareness,1570,4728,45,30,1.02,1.52,1292,1
1512,Middle East,Email,Brand Awareness,2609,5671,34,105,2.76,11.97,3242,1
1513,South America,Social Media,Brand Awareness,1008,8582,40,34,2.17,2.56,3660,1
1514,North America,Email,New Product Launch,2506,1880,18,20,0.52,7.79,2410,1
1515,Europe,Google Ads,New Product Launch,3074,6700,38,108,2.86,2.88,8588,0
1516,Middle East,Email,Discount,4014,6152,41,117,2.44,7.78,16314,1
1517,Asia,Email,New Product Launch,4248,1550,32,107,1.87,9.04,3199,1
1518,Middle East,Social Media,Brand Awareness,4810,7601,15,53,1.99,2.41,9065,1
1519,Europe,Email,Brand Awareness,4902,7713,20,71,2.46,3.49,5051,1
1520,Europe,Influencer,Brand Awareness,2935,5976,31,100,0.8,7.68,9467,0
1521,Asia,Influencer,Brand Awareness,4895,1157,32,72,0.57,4.41,16677,1
1522,South America,Social Media,Brand Awareness,1432,3315,18,51,3.8,1.74,3113,0
1523,North America,Influencer,Brand Awareness,4719,8804,3,9,1.8,1.85,6010,0
1524,Asia,Email,New Product Launch,2557,2219,5,51,1.72,6.79,16976,1
1525,Asia,Email,Discount,3061,1965,37,59,2.53,5.22,5198,1
1526,North America,TV Ads,Brand Awareness,2673,4059,9,60,4.45,7.02,15336,1
1527,Middle East,Social Media,Brand Awareness,172,3819,1,73,1.91,5.3,2525,1
1528,South America,Influencer,Brand Awareness,4877,7081,33,5,4.42,8.89,8707,0
1529,South America,Social Media,New Product Launch,1018,8307,41,33,4.19,4.52,8984,1
1530,Middle East,Google Ads,Brand Awareness,4014,1786,2,30,0.87,3.44,15256,1
1531,Europe,Google Ads,New Product Launch,874,6609,27,19,1.58,10.58,5709,0
1532,Asia,TV Ads,New Product Launch,1715,2502,37,66,0.55,11.46,2529,1
1533,Middle East,Email,New Product Launch,3215,7511,34,90,3.71,8.89,13797,0
1534,South America,Social Media,New Product Launch,2689,5155,37,51,4.53,3.39,19495,1
1535,North America,TV Ads,Brand Awareness,769,8897,47,71,1.98,9.9,14349,1
1536,Middle East,Influencer,Brand Awareness,4815,6321,9,88,1.53,2.32,2191,1
1537,Europe,Influencer,Discount,2323,3853,43,117,4.98,11.68,5454,1
1538,Middle East,Email,Brand Awareness,330,8309,49,95,4.19,1.5,1661,0
1539,South America,Influencer,New Product Launch,4386,1747,17,43,3.01,10.09,5107,0
1540,Middle East,Influencer,Discount,4087,2719,35,64,2.14,9.11,17413,1
1541,Middle East,Google Ads,Discount,101,5415,40,21,4.93,11.12,6496,0
1542,Asia,Google Ads,Discount,1480,945,1,75,2.88,5.05,18428,1
1543,Europe,Email,New Product Launch,4516,6242,4,83,4.51,2.56,4767,0
1544,Europe,TV Ads,Discount,927,321,3,107,2.45,5.77,11492,1
1545,South America,TV Ads,Discount,2786,1004,27,90,3.75,4.29,16283,1
1546,North America,Email,Brand Awareness,1165,7772,1,18,3.92,6.1,14378,0
1547,Asia,Influencer,Discount,4572,7456,41,29,2.62,6.97,14851,0
1548,North America,Email,New Product Launch,2237,5586,39,63,4.42,4.12,1177,1
1549,South America,Email,Discount,4236,4666,13,57,3.3,5.96,1847,0
1550,Asia,Social Media,New Product Launch,4288,8089,4,29,3.39,4.47,3047,0
1551,Middle East,Email,Discount,254,3585,3,35,4.78,8.78,8014,1
1552,Europe,Email,Discount,2061,7328,6,18,3.02,10.79,13697,1
1553,Middle East,Social Media,New Product Launch,4253,6001,9,70,0.51,2.27,7339,0
1554,South America,Influencer,New Product Launch,1064,4429,35,79,1.7,8.27,8106,1
1555,Middle East,Influencer,Discount,324,7817,36,91,4.56,11.01,4240,1
1556,North America,TV Ads,New Product Launch,3667,3414,29,28,4.31,3.98,12883,1
1557,Asia,Google Ads,Discount,4337,2102,42,35,2.49,9.42,6856,0
1558,Asia,TV Ads,Brand Awareness,3795,6704,10,104,4.53,7.76,14741,1
1559,South America,Influencer,New Product Launch,2469,4727,44,60,3.55,8.79,12942,1
1560,Europe,TV Ads,New Product Launch,4644,3559,46,34,1.45,5.18,14327,0
1561,Asia,Email,New Product Launch,3000,5403,32,114,1.63,2.87,10948,0
1562,Asia,TV Ads,Discount,2790,4206,32,68,3.75,4.65,19387,1
1563,North America,Email,Discount,4202,3858,20,34,1.89,1.29,17416,0
1564,North America,Influencer,Brand Awareness,4545,7397,9,109,4.94,4.99,10943,0
1565,Middle East,Email,Discount,2797,7622,21,97,1.55,4.88,12528,1
1566,Asia,Google Ads,New Product Launch,2781,7213,15,30,0.98,8.29,19011,1
1567,North America,Email,New Product Launch,2164,2265,8,43,3.1,10.72,1468,1
1568,South America,Email,Brand Awareness,3225,8346,14,97,2.55,5.49,14817,1
1569,Europe,Social Media,Discount,3474,5297,4,47,3.91,11.55,15022,1
1570,North America,TV Ads,Discount,2860,5836,33,63,4.56,8.68,5469,0
1571,North America,Influencer,Discount,1372,7894,39,5,1.31,1.99,19444,0
1572,Europe,Email,New Product Launch,2296,2881,15,94,4.71,8.38,13157,1
1573,North America,Influencer,Brand Awareness,2643,2001,39,97,4.32,11.0,8507,0
1574,North America,Google Ads,New Product Launch,3129,8465,27,75,3.46,3.73,14220,1
1575,Asia,Email,Discount,1849,4480,4,81,2.8,10.12,10445,1
1576,North America,TV Ads,Discount,2245,4414,5,43,3.8,10.35,7868,0
1577,Asia,Influencer,Brand Awareness,1105,4383,19,54,4.22,3.55,10768,1
1578,Europe,Influencer,Discount,3321,6993,8,64,2.15,7.07,6985,0
1579,Asia,Influencer,New Product Launch,3839,4903,25,11,3.86,6.12,6127,0
1580,Middle East,Email,New Product Launch,1994,8074,7,34,4.42,4.25,8109,0
1581,North America,Influencer,New Product Launch,1222,3558,21,57,2.28,5.2,14406,0
1582,North America,Social Media,New Product Launch,3071,8940,28,94,4.97,1.99,3152,0
1583,South America,Email,New Product Launch,4337,1896,16,13,1.36,8.78,17047,1
1584,Asia,Influencer,Brand Awareness,4096,8568,21,84,3.93,4.0,16746,0
1585,North America,TV Ads,Discount,1051,8282,11,14,2.36,3.95,17691,1
1586,Europe,TV Ads,Discount,143,7101,4,65,1.05,9.5,14493,1
1587,Asia,Email,Discount,997,1559,5,106,2.23,5.11,7606,1
1588,North America,Social Media,Brand Awareness,3827,419,22,34,4.2,6.66,4555,0
1589,Europe,Email,Discount,2755,2640,11,15,0.98,7.69,7559,0
1590,Europe,Google Ads,Brand Awareness,2052,7088,38,21,2.45,7.91,12240,1
1591,South America,TV Ads,New Product Launch,2384,3561,22,12,1.36,2.13,2603,1
1592,Middle East,Email,Discount,3554,2540,43,24,4.34,3.54,12837,1
1593,Europe,TV Ads,Brand Awareness,3890,7498,47,33,0.95,10.23,5626,1
1594,South America,Google Ads,Discount,4417,5794,2,112,0.89,4.4,10983,1
1595,North America,TV Ads,Discount,4157,3540,26,82,4.55,9.31,16395,0
1596,Middle East,Email,New Product Launch,4855,8147,16,82,1.91,10.89,10069,0
1597,Europe,Influencer,New Product Launch,3147,1150,20,11,2.4,2.59,18726,1
1598,North America,Influencer,New Product Launch,4848,8419,1,41,2.83,2.99,2300,1
1599,South America,Email,New Product Launch,2350,4363,19,110,0.69,11.8,11495,1
1600,South America,TV Ads,New Product Launch,2812,8406,48,96,4.76,11.55,545,1
1601,Europe,Social Media,Discount,229,2360,9,58,2.79,8.52,3063,1
1602,Asia,Google Ads,New Product Launch,2925,1865,36,48,1.79,8.46,1184,1
1603,North America,Google Ads,Brand Awareness,4127,7150,8,109,0.57,10.29,8356,1
1604,Asia,Google Ads,New Product Launch,4763,7180,2,49,4.88,5.6,2597,0
1605,Asia,Email,Brand Awareness,4106,2053,23,15,1.21,10.24,17198,1
1606,Europe,TV Ads,Brand Awareness,2588,8349,12,54,1.99,3.41,13556,0
1607,Europe,TV Ads,Discount,2410,3049,30,49,4.06,8.98,6351,1
1608,South America,Google Ads,Discount,3716,5100,45,38,4.23,1.0,7134,0
1609,Asia,Social Media,New Product Launch,1719,2287,24,54,1.62,5.34,5694,1
1610,Middle East,TV Ads,Discount,1117,8096,24,61,3.27,2.56,3267,1
1611,Middle East,Email,Brand Awareness,4454,7859,7,95,1.6,2.19,5470,1
1612,South America,Google Ads,Brand Awareness,4540,6160,33,43,3.57,5.8,4619,1
1613,Asia,Google Ads,New Product Launch,109,3690,1,27,1.93,4.62,4149,0
1614,Asia,Google Ads,Brand Awareness,1496,2061,19,44,2.29,3.73,19585,1
1615,Asia,TV Ads,New Product Launch,3974,3197,19,62,3.59,3.64,3361,1
1616,South America,TV Ads,Discount,1036,943,13,84,1.95,8.4,15776,1
1617,Middle East,Influencer,Brand Awareness,1230,6530,10,116,1.21,5.33,10732,1
1618,Middle East,Social Media,Discount,4306,4402,20,33,2.27,11.27,18811,0
1619,Middle East,TV Ads,Discount,477,3249,42,108,1.51,6.79,8079,1
1620,Asia,Influencer,Discount,3611,2344,27,60,0.87,5.53,12468,0
1621,North America,Social Media,Brand Awareness,3006,4473,25,88,1.63,10.71,11513,0
1622,North America,Influencer,Discount,2946,7282,29,106,3.86,2.19,9123,0
1623,Asia,TV Ads,Discount,163,2194,40,20,4.64,7.39,11993,1
1624,Middle East,Influencer,Brand Awareness,469,7255,42,96,0.66,3.78,8618,1
1625,North America,Social Media,Brand Awareness,2322,7619,32,8,3.87,2.63,11563,1
1626,North America,Influencer,Brand Awareness,3125,5937,6,29,4.84,6.69,3030,1
1627,Europe,Social Media,Discount,801,1410,38,11,3.4,7.56,9317,1
1628,South America,Influencer,Discount,1401,1623,19,101,3.63,11.23,14468,1
1629,Middle East,Social Media,Discount,2090,2667,40,78,4.74,10.77,19116,0
1630,Europe,Influencer,Discount,970,3269,15,57,1.0,9.82,14452,1
1631,North America,TV Ads,Discount,246,2464,12,60,4.99,9.66,7737,0
1632,North America,Google Ads,Brand Awareness,495,8644,47,85,1.57,2.9,10609,1
1633,Asia,Email,Brand Awareness,2938,1614,47,76,1.1,11.91,15010,1
1634,Europe,Email,New Product Launch,2458,3569,39,73,4.74,5.69,6708,1
1635,South America,TV Ads,Discount,1440,7683,32,101,3.49,2.39,9028,1
1636,Europe,Influencer,Brand Awareness,1517,2063,7,12,1.53,5.04,10365,1
1637,Europe,Email,Brand Awareness,3819,2992,11,36,4.55,5.41,4136,0
1638,Europe,Influencer,Discount,539,6174,42,59,4.89,6.3,1531,0
1639,South America,Google Ads,Discount,2147,1309,46,94,0.62,8.7,3937,1
1640,North America,Influencer,New Product Launch,1440,6558,31,55,1.93,10.45,7907,1
1641,Asia,Influencer,New Product Launch,3765,3170,21,15,3.01,7.42,8247,1
1642,North America,Google Ads,Discount,1684,713,8,109,0.71,4.87,5627,1
1643,Asia,Email,Discount,742,2358,27,47,1.22,3.21,10888,1
1644,Middle East,Social Media,Discount,906,696,6,83,4.54,6.2,13724,1
1645,Asia,Influencer,Brand Awareness,3020,4966,19,30,3.29,2.42,16371,1
1646,Europe,Google Ads,Discount,3376,3238,25,81,2.36,8.53,581,1
1647,Middle East,Social Media,Discount,4397,2393,8,72,4.38,4.93,3052,1
1648,North America,Influencer,New Product Launch,2226,3738,24,41,4.77,4.19,5826,0
1649,Europe,Influencer,Brand Awareness,1782,7833,21,11,4.42,1.19,18709,1
1650,Europe,Social Media,Discount,1360,8583,13,21,3.75,1.08,7717,1
1651,South America,Social Media,Discount,3869,5557,41,97,1.63,10.57,16382,1
1652,Middle East,TV Ads,Brand Awareness,1870,7693,47,90,3.94,6.74,4929,0
1653,Asia,Email,New Product Launch,3891,6877,38,30,0.66,2.11,7063,1
1654,North America,Social Media,Brand Awareness,4203,8055,25,15,0.89,8.24,531,0
1655,Middle East,Social Media,Brand Awareness,3340,4320,49,89,4.07,4.12,16481,1
1656,North America,Email,Discount,2982,656,4,101,2.76,1.93,14109,1
1657,North America,Email,Discount,4454,484,36,44,4.09,5.46,4020,1
1658,South America,Google Ads,New Product Launch,2698,7093,34,96,3.33,7.53,19959,0
1659,Europe,TV Ads,Discount,2687,4213,21,15,2.13,2.51,7729,1
1660,Europe,Influencer,New Product Launch,1930,5283,46,62,2.17,7.6,16157,1
1661,South America,Email,New Product Launch,2771,3406,46,30,1.75,3.18,17105,0
1662,North America,Google Ads,Discount,1872,4369,17,112,3.02,2.95,13333,1
1663,Europe,Influencer,Discount,418,7867,23,95,2.07,7.74,11291,0
1664,South America,TV Ads,New Product Launch,1217,2496,15,95,1.33,5.57,15106,0
1665,Middle East,Google Ads,Brand Awareness,3463,6702,18,93,1.94,2.36,11518,1
1666,Asia,Google Ads,Brand Awareness,1810,6146,2,33,2.54,8.78,13382,1
1667,North America,Email,Brand Awareness,858,1173,20,45,1.27,10.47,13707,1
1668,North America,Influencer,Brand Awareness,1024,3305,8,29,4.76,9.03,17265,0
1669,Europe,Google Ads,Discount,3536,241,47,15,1.17,10.82,15421,0
1670,South America,Google Ads,Brand Awareness,523,1123,4,86,2.6,10.27,12794,1
1671,Asia,Influencer,Discount,984,4283,34,15,2.66,5.53,18094,1
1672,Asia,TV Ads,Discount,148,7117,10,107,4.96,3.58,12289,1
1673,Asia,Google Ads,Brand Awareness,769,6519,42,118,2.56,9.42,2457,1
1674,Europe,Social Media,Discount,1469,8017,3,47,4.05,10.31,1587,1
1675,Middle East,TV Ads,New Product Launch,2443,508,3,115,0.55,9.86,17582,1
1676,Asia,Influencer,Brand Awareness,2770,5668,21,115,3.1,4.54,14525,1
1677,Middle East,Social Media,Brand Awareness,4249,7492,33,33,2.86,1.09,10964,0
1678,South America,Email,Brand Awareness,4964,4391,48,16,4.05,5.66,16028,1
1679,Europe,Email,Brand Awareness,3323,8162,25,86,0.58,8.61,10668,1
1680,Europe,Influencer,Brand Awareness,1951,5815,9,48,2.48,5.39,2682,1
1681,Middle East,Email,Discount,703,8354,48,99,1.07,7.82,8098,1
1682,Middle East,TV Ads,Discount,4842,4139,10,53,1.94,8.06,13779,1
1683,Europe,Email,Discount,3490,738,17,88,3.31,8.86,8856,0
1684,South America,TV Ads,Discount,4197,4278,48,51,1.81,6.36,18207,1
1685,North America,TV Ads,Brand Awareness,780,1933,22,116,1.22,9.1,2553,1
1686,North America,Google Ads,New Product Launch,2454,2827,6,38,0.78,3.34,14555,1
1687,Asia,Google Ads,Brand Awareness,2942,2003,1,94,3.59,6.97,5108,1
1688,Middle East,TV Ads,New Product Launch,4259,7142,3,77,3.75,11.04,16672,0
1689,Asia,Google Ads,New Product Launch,377,224,20,14,1.67,10.46,9845,1
1690,Asia,Email,Brand Awareness,1074,6614,2,8,4.0,9.87,11069,1
1691,North America,Email,Brand Awareness,1255,5487,27,79,1.9,9.18,4105,1
1692,Middle East,Google Ads,Discount,1901,468,6,75,2.68,10.4,8046,1
1693,South America,Influencer,Brand Awareness,4057,8881,24,31,0.51,2.21,1642,1
1694,Middle East,Email,Brand Awareness,455,4602,42,7,1.45,9.85,1844,0
1695,North America,Google Ads,Brand Awareness,3983,6750,46,51,1.43,4.8,624,1
1696,North America,Influencer,New Product Launch,1966,916,21,75,2.35,4.97,3439,0
1697,Europe,TV Ads,Discount,1196,3585,9,41,3.33,10.13,18403,1
1698,Asia,Social Media,Discount,4098,3237,13,47,1.93,6.19,3243,0
1699,Asia,Email,New Product Launch,1942,6292,40,40,4.12,3.56,5397,1
1700,South America,Social Media,New Product Launch,3601,1435,24,113,0.9,3.88,621,1
1701,Europe,Google Ads,Discount,1563,4909,32,91,4.2,11.64,18916,0
1702,Middle East,Email,New Product Launch,3240,6748,19,76,1.92,3.86,4489,1
1703,Middle East,Social Media,Discount,1979,5869,11,11,1.8,2.85,12241,0
1704,Europe,Social Media,Discount,3410,6477,34,69,1.24,9.87,19375,1
1705,Middle East,Email,Discount,1890,4407,6,34,1.67,4.06,18502,1
1706,Europe,Google Ads,Brand Awareness,433,5819,18,45,2.0,4.29,6500,0
1707,Middle East,TV Ads,Brand Awareness,457,1088,18,8,2.99,2.77,8781,1
1708,Europe,Google Ads,Discount,560,1597,35,101,2.91,4.97,18676,0
1709,Asia,Influencer,Brand Awareness,2066,794,14,81,4.76,7.27,5689,1
1710,Europe,Social Media,Brand Awareness,1329,1140,11,106,4.49,2.48,16357,1
1711,Asia,Email,New Product Launch,4199,8666,29,63,4.84,11.54,12941,1
1712,Europe,Social Media,Discount,4810,7545,8,117,4.47,10.16,6616,0
1713,South America,Google Ads,Brand Awareness,4000,2778,47,71,1.41,5.41,18103,1
1714,Asia,TV Ads,Brand Awareness,1909,7806,44,41,2.66,7.17,17251,0
1715,North America,Influencer,Brand Awareness,1661,6790,6,119,4.24,3.72,9427,1
1716,Asia,TV Ads,Brand Awareness,3653,1294,18,15,4.01,3.63,12105,0
1717,Europe,Social Media,Discount,2708,8416,9,35,3.65,8.01,3012,0
1718,North America,TV Ads,Discount,4906,7700,4,101,4.44,9.55,1274,1
1719,South America,Social Media,New Product Launch,3118,7835,46,97,1.0,8.78,16100,1
1720,South America,Google Ads,Brand Awareness,4535,2413,25,106,2.37,9.36,5837,0
1721,North America,Influencer,Discount,4621,5444,19,49,4.15,5.29,1884,0
1722,Europe,TV Ads,New Product Launch,1569,587,17,65,0.97,2.72,17072,1
1723,Middle East,Social Media,Discount,1592,4446,31,46,0.55,8.02,4732,1
1724,Europe,Google Ads,Brand Awareness,2457,3431,25,46,4.55,7.61,11866,1
1725,Asia,Influencer,Brand Awareness,748,8350,12,74,2.54,8.11,11420,1
1726,North America,TV Ads,New Product Launch,1182,480,7,20,4.44,6.22,7097,1
1727,Europe,Email,Brand Awareness,4636,7919,49,76,1.42,5.17,3849,1
1728,Asia,Google Ads,Brand Awareness,1825,4432,42,67,1.26,2.64,9855,1
1729,Asia,Social Media,New Product Launch,3369,6547,33,104,3.74,7.32,18641,1
1730,Europe,Google Ads,New Product Launch,1992,3533,16,88,3.52,2.96,12638,1
1731,Europe,Email,Brand Awareness,3537,2855,18,17,3.02,5.28,2345,1
1732,Asia,Google Ads,New Product Launch,1861,8929,42,110,3.72,6.0,13966,0
1733,North America,TV Ads,Brand Awareness,2978,1798,44,43,4.15,6.0,16353,1
1734,North America,Social Media,Discount,1748,7956,48,49,4.22,6.81,19697,0
1735,Asia,Social Media,New Product Launch,3466,2147,47,38,3.87,1.59,9955,0
1736,Middle East,Google Ads,New Product Launch,1928,1880,45,67,0.71,1.47,8524,0
1737,Middle East,Influencer,Brand Awareness,1739,6482,34,23,3.7,2.79,15037,1
1738,South America,Influencer,New Product Launch,1309,3681,23,88,1.07,10.3,3480,0
1739,Europe,Email,Discount,4600,3162,44,103,1.22,3.53,6487,1
1740,Europe,Email,Brand Awareness,2557,1352,16,47,2.68,11.55,4502,1
1741,Middle East,Email,Brand Awareness,1600,1873,7,41,2.97,1.77,1237,1
1742,Europe,TV Ads,Brand Awareness,1125,6693,19,111,2.42,8.09,9428,0
1743,South America,Social Media,Brand Awareness,4595,805,3,97,0.97,11.07,17781,1
1744,Asia,Social Media,New Product Launch,2497,7024,48,36,1.02,10.57,17782,1
1745,South America,Email,New Product Launch,2693,3275,12,13,4.79,7.55,17922,0
1746,Europe,Social Media,Discount,2284,6117,29,64,3.52,1.87,11714,1
1747,North America,Email,New Product Launch,370,6671,5,44,3.15,1.5,1561,1
1748,North America,Email,Brand Awareness,4192,2772,39,106,1.28,1.87,6629,0
1749,Europe,Email,New Product Launch,588,5785,16,23,4.87,9.41,12054,1
1750,North America,Email,Brand Awareness,4238,3254,44,86,2.09,4.78,4342,0
1751,Middle East,Social Media,Brand Awareness,668,3954,24,107,4.04,9.59,13927,1
1752,Asia,Google Ads,Discount,4073,914,42,86,0.97,9.96,6509,1
1753,Asia,Email,Discount,4474,6990,41,94,3.38,1.9,19108,1
1754,North America,Influencer,Brand Awareness,4258,474,25,7,2.31,4.5,6531,1
1755,North America,Email,New Product Launch,2598,7374,4,80,3.56,10.33,5707,1
1756,Asia,Influencer,New Product Launch,2260,2249,33,30,2.34,10.77,1147,0
1757,Europe,Google Ads,Brand Awareness,1170,3231,45,75,1.52,8.67,8195,1
1758,Asia,Social Media,Brand Awareness,2631,6134,34,83,4.87,8.17,5986,1
1759,South America,Influencer,New Product Launch,3047,4779,3,82,1.97,9.08,12755,1
1760,South America,TV Ads,Brand Awareness,1392,1762,28,112,3.78,10.49,6989,1
1761,Europe,Social Media,Discount,3717,473,21,99,3.62,9.37,17678,0
1762,Europe,Influencer,Brand Awareness,917,5422,12,88,2.62,7.99,13400,1
1763,North America,Influencer,Brand Awareness,551,6744,6,58,3.63,2.3,5568,1
1764,Middle East,TV Ads,New Product Launch,2662,6740,43,79,3.88,8.65,11095,1
1765,Europe,Google Ads,New Product Launch,879,2334,22,56,2.75,11.74,19227,1
1766,North America,Influencer,Discount,533,3295,19,8,4.94,2.96,8846,1
1767,Europe,Influencer,New Product Launch,4734,6203,11,43,2.49,4.33,8381,1
1768,South America,Social Media,Discount,3601,8520,17,103,1.34,3.88,1757,1
1769,South America,TV Ads,Discount,224,1854,31,37,0.89,5.04,8175,1
1770,South America,Google Ads,New Product Launch,1177,8780,31,36,2.63,11.97,12863,1
1771,Asia,Influencer,Brand Awareness,540,8430,30,87,2.44,7.42,10999,0
1772,North America,Email,Brand Awareness,1156,2374,24,68,4.18,7.05,13376,1
1773,North America,TV Ads,Brand Awareness,3194,8211,22,13,1.02,1.61,12465,1
1774,South America,TV Ads,New Product Launch,4157,7393,40,106,3.6,8.05,10381,1
1775,Europe,Google Ads,Discount,2316,2380,19,67,3.06,11.0,7809,1
1776,Asia,Social Media,New Product Launch,1511,6108,20,74,0.6,4.49,745,0
1777,Asia,Google Ads,Brand Awareness,4188,6855,22,81,1.74,7.8,14795,1
1778,South America,Google Ads,Brand Awareness,1149,3042,39,7,1.51,1.73,11420,0
1779,North America,Google Ads,New Product Launch,2579,6328,15,10,2.39,8.84,7637,0
1780,South America,Google Ads,Brand Awareness,4201,4635,16,54,2.41,2.76,7459,1
1781,Asia,Email,Brand Awareness,808,7880,48,31,0.59,1.96,9557,1
1782,South America,Social Media,New Product Launch,382,3963,29,39,4.45,5.5,19801,1
1783,Middle East,Influencer,Brand Awareness,1260,2868,24,94,4.24,2.52,17095,0
1784,Asia,Email,Brand Awareness,685,2289,6,19,3.14,9.01,10282,0
1785,Middle East,TV Ads,New Product Launch,4215,8675,16,74,0.7,11.89,17607,1
1786,North America,Google Ads,Discount,520,2549,39,8,4.76,2.51,13878,1
1787,South America,Social Media,Discount,1630,2402,18,82,3.01,5.95,16843,1
1788,Asia,Google Ads,Discount,4181,4550,42,94,3.93,10.44,3843,1
1789,Middle East,TV Ads,Discount,300,2797,15,46,2.17,1.2,15789,1
1790,Middle East,Email,Discount,1804,7987,2,79,4.16,10.49,6566,1
1791,South America,TV Ads,Brand Awareness,3537,1155,27,42,1.56,3.07,5705,1
1792,Europe,TV Ads,Discount,1361,5757,9,10,4.94,9.97,19022,1
1793,Middle East,Google Ads,Discount,3269,2344,14,88,3.03,10.51,17440,1
1794,North America,Social Media,New Product Launch,3433,5215,32,22,3.04,8.27,12704,0
1795,Asia,Email,Discount,2847,6950,12,88,3.69,3.38,13816,1
1796,Europe,Social Media,Brand Awareness,4577,6345,39,12,3.45,11.69,15041,1
1797,Middle East,Email,New Product Launch,714,5709,42,15,3.75,10.54,2990,1
1798,Middle East,Email,Brand Awareness,3866,4160,10,58,1.43,5.05,16980,1
1799,North America,Influencer,Discount,737,2151,5,7,2.07,5.46,12969,1
1800,Asia,Email,Brand Awareness,4962,7482,15,21,1.16,8.48,19662,1
1801,Middle East,Google Ads,Brand Awareness,4179,1990,48,16,1.12,4.7,19244,1
1802,Asia,Google Ads,Discount,1939,4203,14,36,1.14,10.4,17979,0
1803,Asia,Email,Brand Awareness,2483,2486,7,108,4.88,6.65,11494,0
1804,Asia,Google Ads,Brand Awareness,2037,7595,41,58,1.25,10.91,9094,1
1805,South America,Social Media,New Product Launch,3921,218,3,37,4.72,3.99,8038,1
1806,South America,TV Ads,Brand Awareness,852,785,32,37,3.25,6.84,17689,1
1807,Europe,Social Media,Brand Awareness,4829,1930,2,66,2.01,5.2,6288,1
1808,Europe,Social Media,New Product Launch,4710,3848,39,45,3.37,10.65,4075,1
1809,North America,Email,Discount,4245,1989,11,10,1.26,9.13,9417,1
1810,Middle East,TV Ads,Brand Awareness,1264,7282,48,33,1.45,8.01,1283,0
1811,South America,Influencer,Brand Awareness,2343,6484,30,95,1.17,7.38,5331,0
1812,South America,Influencer,Discount,100,1886,35,8,1.63,5.54,15553,0
1813,Europe,TV Ads,Discount,3221,8538,12,117,2.63,9.19,12666,0
1814,Middle East,Social Media,New Product Launch,3548,5586,49,102,3.76,4.4,2479,1
1815,South America,TV Ads,Discount,1158,7190,47,52,1.03,11.27,5002,1
1816,Middle East,Google Ads,New Product Launch,1986,8887,8,28,3.57,7.23,8277,1
1817,Middle East,TV Ads,Discount,3397,1943,33,47,2.29,4.06,11609,1
1818,Middle East,TV Ads,Discount,3490,457,22,79,1.4,4.31,17135,1
1819,North America,Influencer,Discount,1538,2015,22,23,2.23,4.13,18727,1
1820,Middle East,Social Media,New Product Launch,3403,2987,15,14,4.89,3.72,12415,0
1821,North America,Email,Brand Awareness,183,4887,38,96,0.97,7.25,11871,1
1822,South America,TV Ads,Discount,2875,5312,48,109,3.13,11.66,2316,0
1823,Middle East,Social Media,New Product Launch,3867,5575,9,42,0.88,7.81,8383,1
1824,Asia,Influencer,Brand Awareness,4865,4188,21,18,4.81,7.35,17396,1
1825,Middle East,TV Ads,Brand Awareness,450,8655,21,68,2.91,3.75,4600,1
1826,South America,TV Ads,New Product Launch,2657,3336,23,62,4.77,2.27,7507,0
1827,North America,Google Ads,Discount,2002,208,42,40,1.48,10.31,17356,0
1828,Middle East,Email,Brand Awareness,1125,6110,30,84,2.63,4.3,14839,0
1829,Middle East,Social Media,New Product Launch,3507,8882,42,39,0.56,2.67,17812,1
1830,North America,TV Ads,New Product Launch,1489,1236,16,50,1.59,5.37,14432,0
1831,Middle East,Google Ads,New Product Launch,3240,2410,43,107,3.13,10.25,18202,1
1832,South America,Google Ads,New Product Launch,1295,6042,16,65,1.2,8.47,5084,0
1833,Asia,Email,New Product Launch,2565,437,39,65,3.37,3.16,8048,1
1834,Europe,TV Ads,Brand Awareness,4628,1321,32,31,1.08,11.19,2762,1
1835,Europe,Social Media,Discount,2490,3675,10,87,3.94,4.2,1009,1
1836,Middle East,TV Ads,Brand Awareness,2034,2225,5,96,0.55,2.87,17650,1
1837,Asia,Social Media,Brand Awareness,4878,5309,7,99,4.86,8.0,16650,1
1838,South America,Google Ads,Brand Awareness,1851,6803,2,47,1.78,11.54,19490,1
1839,Middle East,Social Media,Discount,3007,8401,34,87,1.11,6.72,4388,1
1840,South America,Social Media,Brand Awareness,4918,7068,17,79,4.72,8.94,837,1
1841,Europe,Email,New Product Launch,157,5742,17,100,1.4,1.96,5618,0
1842,North America,Google Ads,Discount,4981,8274,26,10,2.36,10.86,11129,1
1843,South America,Social Media,Brand Awareness,234,5370,23,90,2.92,2.34,5111,1
1844,North America,Google Ads,Brand Awareness,4703,3473,43,73,2.4,7.97,12024,1
1845,North America,Google Ads,Discount,1115,6244,29,81,3.46,11.62,6018,1
1846,Europe,Google Ads,Brand Awareness,2816,7611,4,82,1.68,10.18,1353,1
1847,Asia,Social Media,New Product Launch,4791,1120,25,108,2.87,11.88,16328,1
1848,Asia,TV Ads,New Product Launch,3996,2367,43,50,2.94,5.6,15318,1
1849,Middle East,Influencer,Discount,1225,8628,15,77,2.99,8.78,11672,1
1850,Middle East,Email,Discount,2683,2587,27,36,1.26,6.46,17507,0
1851,South America,Google Ads,New Product Launch,331,7306,3,57,3.79,8.06,14079,1
1852,South America,Google Ads,Discount,4268,6697,37,87,4.9,1.49,7629,1
1853,South America,TV Ads,Brand Awareness,864,7124,15,49,1.72,4.62,5421,1
1854,South America,TV Ads,New Product Launch,3297,1239,33,106,2.38,1.28,1084,0
1855,Middle East,TV Ads,New Product Launch,2605,4775,37,59,1.94,7.22,17915,1
1856,South America,Google Ads,Brand Awareness,3067,3172,24,9,1.03,11.67,15927,1
1857,Middle East,Google Ads,Discount,2906,3374,20,73,0.83,5.54,17020,1
1858,South America,Social Media,Brand Awareness,4042,4519,4,36,2.84,2.09,15710,1
1859,Europe,Social Media,Brand Awareness,3209,2861,35,105,3.2,9.37,553,1
1860,South America,Social Media,New Product Launch,3998,5111,3,64,2.89,4.37,8501,1
1861,South America,Email,Brand Awareness,3651,596,43,98,1.74,10.24,3207,1
1862,Middle East,TV Ads,Brand Awareness,890,1939,39,57,2.95,5.76,11418,1
1863,Middle East,TV Ads,Brand Awareness,4362,3645,27,115,3.12,4.36,16653,1
1864,Middle East,Email,Brand Awareness,2808,3806,8,67,2.99,2.69,760,1
1865,North America,Email,Brand Awareness,2612,2275,20,87,1.44,2.27,11011,1
1866,Asia,Email,Brand Awareness,1770,4216,39,95,4.97,1.07,4238,1
1867,Middle East,Social Media,Brand Awareness,855,8032,11,91,4.38,10.66,4619,1
1868,Europe,Google Ads,Discount,2544,3980,3,69,4.88,4.59,5779,1
1869,South America,Google Ads,Brand Awareness,4005,8926,24,87,4.79,8.44,18858,0
1870,Asia,Social Media,Brand Awareness,1053,2669,31,89,1.23,7.7,17028,1
1871,Asia,Influencer,Brand Awareness,164,6813,8,67,0.54,6.38,15652,0
1872,Europe,Social Media,New Product Launch,3589,4315,30,116,3.74,10.16,9380,0
1873,Asia,Influencer,Brand Awareness,3405,2480,5,76,1.52,7.8,14793,1
1874,North America,Influencer,Discount,1058,1000,6,113,3.13,1.09,8313,1
1875,Europe,TV Ads,Brand Awareness,3584,3980,10,84,1.93,1.66,13570,1
1876,Europe,Social Media,New Product Launch,3197,5116,20,56,3.77,10.64,8841,0
1877,South America,Social Media,Discount,1463,3452,39,91,1.91,6.23,6496,1
1878,Europe,Google Ads,Brand Awareness,1990,5204,7,25,1.12,7.08,2900,1
1879,Europe,Social Media,Discount,4434,1582,24,22,3.76,8.67,11596,0
1880,South America,Google Ads,New Product Launch,1254,8652,13,44,2.39,5.98,1952,1
1881,Asia,Google Ads,Brand Awareness,1513,5559,13,111,3.22,3.69,14780,1
1882,South America,Email,New Product Launch,866,355,14,21,1.26,10.22,12820,1
1883,North America,Google Ads,Discount,1616,6859,13,34,3.93,2.24,6924,1
1884,South America,Google Ads,Brand Awareness,665,6290,40,86,1.96,7.29,5408,1
1885,South America,TV Ads,Brand Awareness,1077,4845,45,110,4.91,6.42,4791,1
1886,South America,Email,Brand Awareness,4509,5140,13,63,1.19,1.72,17843,0
1887,Europe,Email,Discount,2890,4308,48,86,3.98,1.98,19236,1
1888,Europe,Social Media,New Product Launch,3878,6715,47,48,3.94,9.26,3476,0
1889,Asia,Email,New Product Launch,2887,8078,6,94,4.23,5.61,10105,1
1890,Middle East,Google Ads,Discount,3731,6578,34,78,0.9,10.43,18428,0
1891,North America,TV Ads,Brand Awareness,3581,4484,32,115,4.45,7.99,6444,0
1892,Europe,TV Ads,New Product Launch,1018,4179,4,9,0.64,6.3,12712,1
1893,South America,TV Ads,Brand Awareness,2362,2838,17,70,0.95,2.2,16081,1
1894,Europe,Google Ads,New Product Launch,2899,2075,25,48,1.4,11.87,19178,1
1895,Middle East,TV Ads,New Product Launch,3967,6319,33,75,0.53,7.62,8872,1
1896,North America,TV Ads,New Product Launch,242,1212,48,113,3.5,10.97,9775,0
1897,Middle East,Social Media,Brand Awareness,2582,8228,45,105,2.83,11.28,9421,1
1898,Europe,Social Media,New Product Launch,2253,7069,25,39,4.75,5.33,3204,1
1899,Asia,Google Ads,Brand Awareness,3520,5360,5,27,1.24,8.14,14315,1
1900,North America,Influencer,New Product Launch,424,2240,18,94,3.63,6.72,14033,1
1901,North America,Email,Brand Awareness,2697,1464,10,98,4.34,1.95,7750,1
1902,Middle East,TV Ads,New Product Launch,2017,4540,20,108,3.38,10.21,14785,1
1903,North America,Social Media,Discount,4246,4460,30,45,0.87,2.96,17470,0
1904,South America,Influencer,Brand Awareness,103,7554,19,82,1.1,6.54,17190,1
1905,Europe,Google Ads,Discount,3255,8603,17,46,1.0,5.87,10459,0
1906,Middle East,TV Ads,Discount,2105,2099,40,79,2.07,9.57,18593,0
1907,Europe,Email,Discount,256,372,20,77,4.84,4.64,11013,0
1908,North America,Google Ads,Brand Awareness,1992,2201,27,44,1.85,9.93,14634,0
1909,Europe,Social Media,Brand Awareness,2208,7338,26,46,3.01,5.92,11360,1
1910,Middle East,Email,New Product Launch,2947,5155,32,79,0.72,4.04,18737,1
1911,Middle East,Influencer,Brand Awareness,427,3973,37,21,2.13,4.76,9707,0
1912,Europe,TV Ads,Brand Awareness,3686,4099,16,119,0.91,3.53,18454,1
1913,South America,Email,New Product Launch,3847,6180,6,47,1.15,7.18,10533,1
1914,Middle East,Email,Discount,230,936,36,119,3.04,10.2,10445,1
1915,Asia,TV Ads,New Product Launch,1120,206,27,37,0.63,7.88,11203,0
1916,Middle East,Social Media,Brand Awareness,2884,3987,46,23,3.0,7.81,3128,1
1917,North America,Email,New Product Launch,699,4286,48,51,1.64,5.39,19659,0
1918,North America,Email,Brand Awareness,4508,3392,9,60,4.82,1.82,10630,1
1919,North America,Influencer,Discount,4638,4806,46,58,4.21,11.1,18153,0
1920,Europe,Google Ads,Brand Awareness,3180,6784,31,98,4.74,5.32,9259,1
1921,Europe,Influencer,Brand Awareness,3726,8494,17,87,3.81,7.86,4728,1
1922,North America,Influencer,New Product Launch,4648,2137,35,72,3.2,8.03,1578,0
1923,Middle East,Email,Discount,2033,6813,35,96,2.09,4.41,4328,1
1924,Asia,Email,Brand Awareness,121,6750,11,33,2.61,1.94,17042,1
1925,Middle East,TV Ads,Brand Awareness,1573,1700,43,119,4.1,7.46,1570,0
1926,Europe,Email,Discount,2033,1710,30,20,2.16,11.63,2068,0
1927,Asia,Email,Discount,4883,6809,4,59,2.97,5.08,4929,1
1928,Europe,TV Ads,Discount,2879,4639,42,51,4.58,11.86,10574,0
1929,Asia,Social Media,Brand Awareness,3596,992,15,86,4.2,7.95,3463,0
1930,Asia,Google Ads,Brand Awareness,487,766,7,99,4.73,3.79,6417,1
1931,South America,Social Media,Discount,4040,1580,38,114,0.74,3.81,16325,0
1932,South America,Google Ads,Discount,718,6838,16,47,2.64,9.3,17737,0
1933,North America,Email,Brand Awareness,1754,7285,12,48,0.75,6.72,1354,1
1934,Europe,Influencer,Brand Awareness,975,4416,22,32,3.16,3.06,19011,1
1935,Middle East,Influencer,Discount,3552,7167,13,53,4.31,11.45,8776,1
1936,Middle East,Influencer,New Product Launch,1363,3826,27,20,2.89,6.5,19293,1
1937,Europe,Google Ads,Discount,4219,2499,9,57,1.83,8.05,5526,1
1938,Middle East,Google Ads,Brand Awareness,2808,8393,40,110,4.49,11.37,3063,0
1939,Europe,Google Ads,Discount,3744,550,19,106,2.84,7.81,6845,1
1940,North America,Google Ads,New Product Launch,582,7164,4,56,0.75,11.37,8603,1
1941,Middle East,Google Ads,Discount,3601,6447,28,24,4.62,1.13,11940,0
1942,Europe,Influencer,Brand Awareness,3712,1794,22,75,3.96,11.39,19089,1
1943,South America,Email,Discount,4018,7550,35,100,2.13,1.44,15850,1
1944,Asia,Influencer,New Product Launch,1907,1418,5,78,0.77,7.32,2306,1
1945,North America,Influencer,Discount,3895,3424,19,10,3.88,7.02,19304,0
1946,South America,TV Ads,Discount,1399,5791,27,55,1.83,9.16,6825,1
1947,Asia,Influencer,New Product Launch,893,7371,35,63,3.38,1.3,9972,1
1948,South America,Social Media,Discount,4339,2933,13,31,4.39,11.49,2869,1
1949,Europe,Social Media,New Product Launch,4992,2445,11,9,3.04,11.76,3794,1
1950,South America,Google Ads,New Product Launch,2420,7801,4,29,4.47,9.99,6155,1
1951,South America,Influencer,Brand Awareness,3710,2024,42,20,2.57,10.25,3414,0
1952,Asia,TV Ads,New Product Launch,3291,8607,3,78,2.54,2.97,7642,1
1953,North America,Social Media,Brand Awareness,871,2216,2,17,2.38,7.7,15764,1
1954,Middle East,Social Media,Discount,2906,720,49,72,0.88,7.26,1968,0
1955,Middle East,Google Ads,Brand Awareness,209,6539,44,76,2.44,6.98,4339,1
1956,Europe,Social Media,Discount,3284,5336,26,94,2.02,4.45,5545,0
1957,South America,Influencer,New Product Launch,4033,7232,32,91,1.96,2.77,1183,1
1958,North America,Influencer,Brand Awareness,1190,4684,35,42,1.11,6.61,9504,0
1959,Europe,TV Ads,Discount,364,8290,37,49,3.88,11.34,3333,1
1960,North America,Google Ads,Brand Awareness,604,613,24,82,2.49,3.35,15830,0
1961,North America,TV Ads,Discount,3538,1162,18,39,4.6,1.57,9988,1
1962,South America,Influencer,Brand Awareness,1778,4851,31,40,3.6,5.93,16037,0
1963,Europe,Google Ads,Brand Awareness,1152,6998,32,72,3.18,8.02,5036,1
1964,Middle East,Google Ads,Discount,4223,2158,49,30,3.1,10.6,12361,0
1965,Middle East,Social Media,Discount,2868,3207,3,12,2.55,4.08,15257,0
1966,Europe,Social Media,Brand Awareness,3539,3133,19,18,4.86,3.11,16894,1
1967,Europe,Influencer,New Product Launch,2027,602,44,27,4.32,1.17,5493,0
1968,Middle East,Email,New Product Launch,1627,5920,7,57,2.32,2.19,771,0
1969,Middle East,TV Ads,New Product Launch,2711,3370,7,68,0.73,7.06,15670,0
1970,North America,Social Media,Brand Awareness,3832,2183,41,29,3.73,4.53,17648,0
1971,North America,Social Media,Brand Awareness,3130,6660,46,103,0.76,7.3,14451,0
1972,South America,Google Ads,New Product Launch,3865,7627,1,44,3.93,10.21,4026,0
1973,South America,Social Media,Brand Awareness,1267,873,26,114,1.06,6.57,3042,0
1974,Europe,TV Ads,Discount,3146,7377,7,43,1.57,8.73,2018,1
1975,Middle East,Social Media,New Product Launch,4061,6634,39,43,2.1,10.89,15458,1
1976,Middle East,TV Ads,New Product Launch,1660,7575,11,101,1.6,9.78,1632,1
1977,Asia,TV Ads,New Product Launch,939,4534,22,109,4.71,11.12,5263,0
1978,North America,Google Ads,Discount,2286,362,34,96,0.86,8.17,17714,0
1979,Europe,TV Ads,Brand Awareness,666,4274,10,52,0.97,3.64,6759,1
1980,North America,Social Media,Brand Awareness,4552,553,41,39,2.3,1.88,18569,0
1981,Asia,Google Ads,Discount,4385,4646,22,59,0.66,3.43,18386,1
1982,North America,Social Media,New Product Launch,1500,7416,5,97,5.0,8.68,14577,1
1983,Middle East,Social Media,New Product Launch,4693,3395,13,119,3.69,7.47,15045,1
1984,Asia,TV Ads,Brand Awareness,185,5596,6,55,4.42,9.62,3818,0
1985,Asia,Social Media,Brand Awareness,695,6834,38,105,0.7,2.49,14088,0
1986,Middle East,TV Ads,Brand Awareness,1201,4147,25,24,0.97,4.69,2910,1
1987,North America,Social Media,Brand Awareness,3354,5247,19,107,1.42,11.95,8821,1
1988,Asia,Social Media,Discount,4382,5343,15,31,2.37,2.34,5423,0
1989,North America,Social Media,Discount,655,8633,27,118,2.13,7.8,19775,1
1990,Middle East,Influencer,Brand Awareness,1837,6252,45,117,4.25,8.33,15665,1
1991,North America,Email,Brand Awareness,2490,1389,45,5,2.97,11.21,12984,1
1992,Middle East,TV Ads,Brand Awareness,2687,7438,33,43,0.97,5.57,15538,1
1993,Middle East,Social Media,New Product Launch,4083,3116,7,72,1.2,10.46,1491,0
1994,Asia,Email,New Product Launch,3880,2872,24,80,2.56,8.7,2494,1
1995,North America,Google Ads,Brand Awareness,2081,4979,49,19,4.77,2.25,2818,0
1996,Middle East,Influencer,Brand Awareness,3407,2726,1,65,0.95,6.64,18830,1
1997,Europe,Social Media,Discount,3348,8107,48,8,0.67,5.73,18662,1
1998,North America,Influencer,Discount,1334,8397,41,21,3.89,5.23,18774,1
1999,Middle East,Email,Discount,4119,389,23,58,1.35,5.21,18827,1
2000,Europe,TV Ads,New Product Launch,122,4594,5,11,2.4,1.07,19163,0
2001,South America,TV Ads,Brand Awareness,552,3185,34,6,4.06,8.95,3493,0
2002,Middle East,Email,Discount,3811,8040,44,110,4.78,5.25,12261,1
2003,Europe,TV Ads,Brand Awareness,4110,1565,25,62,3.92,5.46,9688,1
2004,Asia,Email,Discount,2017,903,6,93,3.75,2.61,16520,1
2005,North America,Social Media,Discount,2964,2793,13,45,2.02,4.38,10212,1
2006,Asia,Email,Discount,2305,1020,49,59,4.91,1.67,3850,1
2007,South America,TV Ads,Brand Awareness,221,7658,1,33,4.33,3.13,17228,1
2008,Europe,Email,Brand Awareness,652,4071,21,77,2.4,4.88,2802,1
2009,South America,Social Media,New Product Launch,4589,4451,24,89,0.81,11.53,12837,1
2010,Asia,Influencer,New Product Launch,1309,427,39,37,1.65,3.39,3133,0
2011,Asia,Email,New Product Launch,2531,4112,6,69,0.96,9.78,18110,1
2012,Asia,TV Ads,Brand Awareness,4695,7631,31,19,1.02,11.19,12340,1
2013,Middle East,TV Ads,Discount,1008,272,25,54,1.52,3.12,9332,0
2014,Asia,TV Ads,Discount,1321,8583,30,101,0.57,2.33,3835,0
2015,North America,Influencer,Discount,2036,2200,18,28,3.94,6.09,11265,1
2016,Europe,Influencer,Discount,2853,3447,36,92,1.59,6.65,4549,1
2017,South America,Social Media,Discount,3810,2029,34,76,3.71,9.53,8462,1
2018,North America,Influencer,Discount,528,5921,42,113,4.96,4.83,4425,1
2019,Europe,Email,Brand Awareness,3004,267,26,41,4.61,5.0,5038,1
2020,South America,Google Ads,New Product Launch,4679,6636,48,80,1.14,2.46,12737,1
2021,Middle East,Email,New Product Launch,157,2186,39,68,2.14,4.84,19686,1
2022,North America,Email,Brand Awareness,2568,7440,41,112,4.49,5.39,10000,1
2023,North America,Email,Brand Awareness,1287,5820,11,112,4.65,2.76,1394,0
2024,Asia,Social Media,Brand Awareness,3800,2572,36,73,4.71,3.55,18444,0
2025,Asia,Email,Discount,3139,2875,49,110,1.79,4.15,9582,0
2026,South America,TV Ads,Brand Awareness,3853,7914,23,98,4.72,1.16,590,1
2027,South America,Email,Brand Awareness,624,5245,7,94,3.95,10.78,7130,0
2028,South America,Email,Brand Awareness,2778,2494,35,89,3.3,1.41,7435,1
2029,South America,Google Ads,New Product Launch,4783,8324,32,65,2.14,5.59,1026,0
2030,Europe,Social Media,Discount,4587,2525,20,61,3.19,9.99,1992,1
2031,Middle East,Influencer,Brand Awareness,4567,8318,14,84,2.55,11.42,15489,1
2032,Asia,Influencer,New Product Launch,3072,7874,48,83,1.58,11.28,14369,1
2033,South America,TV Ads,Brand Awareness,2652,265,24,9,3.18,4.18,11869,1
2034,North America,Google Ads,Brand Awareness,4899,4155,33,76,0.73,1.3,2900,1
2035,South America,Influencer,New Product Launch,3871,602,31,114,3.2,6.56,14259,0
2036,South America,Email,New Product Launch,3474,6193,45,51,2.65,3.01,1190,0
2037,Middle East,Google Ads,New Product Launch,1811,4673,8,5,4.5,7.95,19208,1
2038,Middle East,Social Media,Brand Awareness,1104,7536,17,53,0.78,11.99,15611,1
2039,North America,Email,Discount,1254,4494,48,12,3.44,6.63,8685,1
2040,North America,Email,Brand Awareness,4155,633,49,31,1.36,10.89,1903,1
2041,Europe,Influencer,New Product Launch,4784,5819,34,85,1.29,9.33,16378,1
2042,Asia,TV Ads,New Product Launch,2614,4444,28,107,0.81,5.58,10467,0
2043,Europe,Email,Discount,4006,6936,4,49,1.08,3.53,2160,0
2044,Europe,Influencer,Brand Awareness,4332,3082,21,28,2.35,9.01,2022,1
2045,Asia,Google Ads,Discount,776,7563,22,113,4.79,8.25,12078,1
2046,Europe,Email,Brand Awareness,2761,3114,27,46,1.38,8.04,18941,1
2047,South America,Email,Brand Awareness,3612,2214,34,118,2.65,8.45,1975,1
2048,Europe,Email,Brand Awareness,2904,5020,25,23,3.63,11.11,2638,1
2049,South America,Google Ads,New Product Launch,4984,7388,16,111,2.76,6.36,16191,1
2050,Europe,Influencer,New Product Launch,873,1693,12,110,2.88,10.29,5290,1
2051,North America,Email,New Product Launch,2546,3066,12,119,4.89,11.71,19954,1
2052,North America,Google Ads,Discount,4191,2267,18,69,2.26,10.7,11020,1
2053,North America,Google Ads,Discount,2097,8613,6,15,3.26,1.11,13924,1
2054,Middle East,Influencer,New Product Launch,4487,4008,24,68,3.0,8.33,817,1
2055,Europe,Email,Discount,3736,720,45,29,2.14,5.45,3473,1
2056,Asia,Email,Brand Awareness,742,870,46,85,2.61,7.07,14275,0
2057,Europe,Influencer,Discount,4920,6193,12,59,2.73,11.48,16938,0
2058,Europe,Google Ads,Brand Awareness,3381,7348,32,104,3.7,1.83,5169,1
2059,Europe,TV Ads,Brand Awareness,4746,643,3,11,2.37,9.69,2949,0
2060,North America,Influencer,Discount,208,1392,3,35,4.89,3.36,14696,1
2061,North America,Google Ads,New Product Launch,1425,8597,38,111,1.11,9.85,10090,1
2062,Asia,Google Ads,Brand Awareness,1485,1590,20,16,0.95,2.13,7963,1
2063,Europe,Google Ads,Brand Awareness,4183,4429,2,69,2.4,8.78,18349,0
2064,Europe,Influencer,New Product Launch,4579,8195,24,40,1.41,11.24,10321,1
2065,North America,Email,Discount,1435,4433,49,69,1.23,3.71,19318,1
2066,South America,TV Ads,Discount,3468,3833,14,24,3.45,3.68,6370,0
2067,Europe,Email,New Product Launch,4820,6681,6,115,2.19,10.86,8785,0
2068,North America,Social Media,New Product Launch,4651,8768,46,6,0.73,9.25,14723,1
2069,Europe,Email,Discount,2056,7343,33,113,3.94,7.66,4936,1
2070,South America,TV Ads,Discount,3020,4852,12,31,4.38,9.11,13058,1
2071,Europe,Email,Discount,4179,3928,31,13,1.57,4.67,16659,0
2072,North America,TV Ads,New Product Launch,773,2795,4,94,1.22,2.01,15897,0
2073,Asia,Social Media,Brand Awareness,2326,8386,2,98,2.34,11.27,7819,1
2074,Middle East,Email,Brand Awareness,620,6636,18,117,0.56,7.84,1978,1
2075,Middle East,Social Media,Discount,2450,3757,43,11,1.74,10.16,3511,1
2076,Europe,TV Ads,Brand Awareness,1143,2211,13,72,4.38,1.58,14387,1
2077,South America,Social Media,Brand Awareness,1412,1121,31,116,2.18,1.19,19295,1
2078,North America,Email,Brand Awareness,618,1418,43,67,3.71,8.33,11482,1
2079,Middle East,Email,Discount,1175,3054,31,58,2.53,7.99,4181,1
2080,South America,Google Ads,Brand Awareness,2952,8670,10,29,4.46,1.5,2218,1
2081,South America,Google Ads,New Product Launch,1109,4649,4,118,4.57,6.45,13970,0
2082,Asia,Social Media,New Product Launch,3723,751,15,113,4.06,2.92,8333,0
2083,Europe,TV Ads,Brand Awareness,2783,8245,5,58,1.69,11.12,2937,1
2084,Europe,Google Ads,New Product Launch,1764,8235,7,9,2.31,3.57,13361,1
2085,North America,Google Ads,New Product Launch,2726,5975,1,9,4.19,2.79,5369,1
2086,South America,Influencer,Brand Awareness,3574,3290,43,62,4.1,4.77,5654,0
2087,Middle East,Social Media,New Product Launch,551,5131,36,42,1.27,9.73,9384,0
2088,North America,Influencer,Discount,4637,4504,30,31,3.34,4.01,7091,1
2089,North America,Google Ads,New Product Launch,555,622,44,75,3.32,3.28,12133,1
2090,North America,Social Media,Brand Awareness,4725,6000,5,50,2.42,5.53,2569,0
2091,Middle East,Influencer,Brand Awareness,1147,8113,36,52,3.58,11.72,5656,1
2092,North America,Email,New Product Launch,4136,1670,21,16,3.66,9.64,8525,1
2093,Asia,Google Ads,Brand Awareness,1113,5456,15,115,0.82,2.74,10792,1
2094,Middle East,TV Ads,Discount,4977,1828,19,81,1.73,8.29,17772,1
2095,South America,Google Ads,New Product Launch,324,7481,20,78,3.1,3.97,16113,1
2096,Middle East,Google Ads,New Product Launch,2098,6425,12,77,3.33,2.01,8233,1
2097,Europe,Google Ads,Discount,3533,1264,42,15,2.24,4.57,19715,0
2098,Europe,TV Ads,Discount,1478,1729,38,28,2.68,11.69,16177,1
2099,South America,Social Media,New Product Launch,4432,2398,38,82,2.72,6.22,15887,0
2100,South America,Google Ads,New Product Launch,2498,3575,44,112,2.86,11.22,7457,1
2101,Europe,Google Ads,New Product Launch,4992,2891,32,29,4.85,1.11,14818,1
2102,North America,Influencer,Brand Awareness,193,332,47,15,3.92,11.01,14165,0
2103,Middle East,Social Media,Discount,3794,7340,35,38,3.73,3.42,6551,1
2104,Middle East,Social Media,Discount,1220,8348,42,26,4.65,11.04,17148,1
2105,Asia,TV Ads,New Product Launch,863,6733,27,46,1.91,8.57,3658,1
2106,North America,Email,Discount,3918,1511,40,51,3.45,8.9,2189,0
2107,Europe,TV Ads,Brand Awareness,1825,4269,11,110,4.13,2.32,4280,1
2108,North America,Social Media,New Product Launch,2925,866,31,85,1.85,5.31,18287,0
2109,North America,Google Ads,Discount,715,2729,11,102,4.14,8.32,13325,1
2110,Asia,Email,New Product Launch,1272,2713,20,20,3.69,1.06,12073,1
2111,South America,TV Ads,Discount,654,3978,11,59,3.18,1.96,3137,1
2112,Asia,Influencer,New Product Launch,4867,5999,9,11,4.28,1.03,4752,1
2113,South America,Social Media,Brand Awareness,2708,7195,20,36,2.89,2.0,8879,1
2114,South America,Influencer,Discount,350,4033,43,72,0.5,4.16,17827,0
2115,Europe,Influencer,Brand Awareness,4054,7201,15,19,2.22,6.47,18864,1
2116,South America,TV Ads,Discount,294,8905,13,53,2.59,5.78,11400,1
2117,Middle East,Email,Brand Awareness,824,1993,37,61,1.18,7.13,15493,1
2118,North America,Google Ads,Brand Awareness,2494,6666,37,98,2.29,4.08,13848,1
2119,Middle East,Social Media,Discount,2432,8870,14,103,2.17,5.29,4292,1
2120,South America,Google Ads,New Product Launch,1595,1378,16,98,2.38,9.62,17538,1
2121,Asia,TV Ads,Discount,1473,5398,24,64,0.52,2.08,11065,1
2122,Asia,Google Ads,Brand Awareness,4966,2493,29,32,4.66,8.69,6419,1
2123,Asia,Social Media,Discount,127,856,30,53,2.73,9.96,6501,1
2124,North America,Email,Brand Awareness,4444,6928,3,49,1.37,8.01,16252,1
2125,South America,Influencer,Discount,3818,6782,19,62,2.3,5.99,7414,1
2126,Europe,Email,New Product Launch,3774,3487,16,101,4.3,8.37,10670,1
2127,Europe,Google Ads,Discount,393,2316,10,92,2.85,10.84,15475,1
2128,Asia,Social Media,Discount,511,6227,37,34,4.95,10.37,4291,1
2129,Middle East,TV Ads,Discount,716,7738,15,101,4.5,3.25,18326,1
2130,Asia,Google Ads,Discount,637,5716,1,114,0.86,10.16,11550,1
2131,Middle East,TV Ads,Discount,705,6624,16,14,2.26,4.88,17581,0
2132,North America,Social Media,New Product Launch,1115,7526,13,19,3.35,7.44,9001,1
2133,Europe,TV Ads,Discount,4014,8016,13,46,1.14,10.14,17358,1
2134,North America,Email,Brand Awareness,1473,2289,15,79,2.51,6.69,16077,0
2135,Middle East,Social Media,Discount,3660,7319,12,107,1.06,8.57,8302,0
2136,Asia,Google Ads,New Product Launch,1675,7036,45,57,2.61,8.44,6808,1
2137,South America,Google Ads,Brand Awareness,2835,4452,13,113,1.11,2.31,16498,1
2138,South America,Google Ads,Discount,3572,8225,15,42,1.71,2.89,6409,1
2139,Europe,Google Ads,Discount,4273,7834,5,55,0.92,9.56,15236,1
2140,South America,Social Media,Discount,1969,1450,19,32,1.62,1.03,19494,0
2141,North America,Social Media,Discount,4372,5357,26,14,3.93,1.36,18209,0
2142,South America,Google Ads,Brand Awareness,3437,8855,7,36,0.66,2.1,10001,1
2143,Asia,Email,New Product Launch,4447,7770,48,85,2.84,5.1,5062,1
2144,South America,TV Ads,Discount,4801,5478,7,117,2.43,8.0,14217,1
2145,Europe,Social Media,Brand Awareness,2524,2690,27,119,4.57,3.22,863,1
2146,North America,Social Media,Brand Awareness,510,4759,5,80,3.71,10.37,12903,1
2147,Asia,Google Ads,New Product Launch,1613,5129,28,117,1.23,9.22,2191,1
2148,South America,Email,Discount,3513,6705,32,13,4.1,7.89,8463,1
2149,North America,Email,Discount,3968,6552,23,57,4.64,6.83,13820,0
2150,Europe,Social Media,New Product Launch,3528,8321,28,39,0.65,8.35,8744,1
2151,Middle East,Influencer,Discount,936,7679,6,27,2.37,8.73,2726,0
2152,Middle East,Influencer,Discount,601,5803,29,14,1.89,7.69,7802,1
2153,Europe,TV Ads,Discount,4433,3310,32,60,4.26,2.49,15092,1
2154,Europe,TV Ads,New Product Launch,1872,4663,9,20,1.69,10.64,9909,1
2155,Middle East,Social Media,New Product Launch,1761,6109,26,58,3.14,6.95,15687,0
2156,Asia,Social Media,Brand Awareness,3189,5678,36,71,2.3,1.64,13404,0
2157,Asia,Google Ads,Discount,4106,6960,23,27,3.67,2.36,9262,1
2158,North America,Email,New Product Launch,2908,1620,34,116,1.75,2.66,11285,1
2159,North America,TV Ads,Brand Awareness,4285,6793,26,92,2.19,11.69,13772,1
2160,North America,Email,New Product Launch,1824,7745,9,98,2.46,4.86,9862,1
2161,Asia,TV Ads,New Product Launch,1810,5642,19,52,4.1,2.62,5619,0
2162,Asia,Social Media,Discount,3949,6773,37,115,2.06,5.25,18274,1
2163,Middle East,TV Ads,New Product Launch,4673,7915,19,25,1.09,1.16,8206,1
2164,Middle East,Google Ads,New Product Launch,1539,3734,32,106,2.86,3.4,19333,1
2165,Asia,Email,Discount,1606,8858,45,98,2.4,6.55,6801,1
2166,South America,Social Media,Brand Awareness,307,1996,47,37,0.99,8.69,13652,1
2167,North America,TV Ads,New Product Launch,2671,5529,45,115,3.43,10.92,2929,1
2168,South America,TV Ads,New Product Launch,4151,1260,33,12,1.08,6.78,9074,1
2169,Asia,Google Ads,Discount,1916,1237,35,5,3.55,6.05,3095,1
2170,Asia,Google Ads,New Product Launch,4349,2886,47,57,2.25,2.37,12483,1
2171,North America,Google Ads,New Product Launch,4623,2773,26,117,1.64,4.25,14759,0
2172,South America,Google Ads,Discount,605,8290,12,117,1.59,8.48,10464,1
2173,Europe,Email,Brand Awareness,1298,8672,48,104,2.46,8.53,13115,1
2174,South America,Social Media,Discount,173,8828,13,44,3.86,11.24,12133,1
2175,Middle East,Social Media,Discount,4618,4330,22,16,4.15,5.64,8112,1
2176,South America,Influencer,Discount,3516,4641,38,84,0.98,8.44,4284,0
2177,North America,Google Ads,Brand Awareness,1073,4680,1,12,1.42,9.11,16719,0
2178,North America,Google Ads,Brand Awareness,4701,3313,19,44,3.13,3.42,16963,0
2179,Europe,Email,New Product Launch,4713,6475,32,88,1.82,4.55,2833,0
2180,Middle East,Influencer,New Product Launch,1826,3464,11,100,3.04,4.28,1178,1
2181,Europe,Google Ads,Discount,2228,3922,3,44,3.87,9.92,14334,1
2182,Asia,Influencer,New Product Launch,4229,2785,24,95,1.45,5.84,8554,1
2183,Asia,TV Ads,Discount,918,4854,19,11,4.81,10.19,13010,1
2184,Asia,Social Media,Brand Awareness,3947,7629,21,113,4.61,8.2,3588,1
2185,North America,Google Ads,Discount,4985,7208,23,54,2.56,10.41,17863,0
2186,Asia,Google Ads,New Product Launch,4420,3733,47,19,0.73,4.38,11527,1
2187,Europe,Social Media,New Product Launch,310,4093,22,89,3.56,11.21,2436,0
2188,Europe,Influencer,New Product Launch,3422,3988,12,21,2.17,7.12,5498,0
2189,Middle East,Influencer,Discount,1534,4048,45,80,2.88,10.23,4331,0
2190,North America,Influencer,Discount,4869,8644,45,33,0.67,8.65,9559,1
2191,North America,Social Media,Brand Awareness,3558,4082,47,21,4.58,2.94,5327,1
2192,South America,Google Ads,Brand Awareness,509,2786,25,117,1.49,1.55,6471,1
2193,Asia,Google Ads,Brand Awareness,4836,1703,39,21,3.42,4.07,16376,1
2194,South America,Social Media,Discount,4029,2592,19,23,3.78,9.75,3147,1
2195,North America,Email,New Product Launch,4755,2832,8,26,3.13,6.08,19259,1
2196,Europe,Influencer,Brand Awareness,1126,7819,31,24,2.29,10.8,15176,1
2197,Europe,Influencer,Discount,4638,5259,17,44,1.5,10.78,1096,1
2198,Middle East,Google Ads,New Product Launch,3721,6576,18,39,3.83,8.13,15819,0
2199,North America,Social Media,New Product Launch,4304,5275,48,84,1.68,2.01,10286,1
2200,Europe,Influencer,Discount,4284,413,43,91,2.69,6.35,8591,1
2201,Middle East,Influencer,Discount,790,2207,9,50,0.95,11.98,17058,1
2202,Asia,Google Ads,Discount,898,1211,17,23,3.85,11.08,14598,1
2203,South America,Email,Brand Awareness,3103,3568,39,35,2.92,1.68,7456,0
2204,Asia,Email,Discount,2612,6892,5,27,0.71,5.01,17740,1
2205,South America,Google Ads,Brand Awareness,450,5642,16,31,2.88,1.22,5563,1
2206,Europe,Email,Discount,3266,1684,31,13,1.46,9.82,19681,1
2207,Middle East,TV Ads,Brand Awareness,690,4644,39,63,2.39,3.28,16310,0
2208,Asia,TV Ads,Discount,2906,8599,9,12,4.01,7.29,15914,0
2209,Asia,Google Ads,Discount,3249,3012,39,114,3.53,4.95,16108,1
2210,Europe,Email,Brand Awareness,1590,8342,17,55,0.61,9.0,5436,1
2211,Middle East,Influencer,Brand Awareness,1348,6366,14,43,0.87,3.33,3677,1
2212,South America,Google Ads,Discount,2165,2519,24,79,4.93,3.11,2201,0
2213,Middle East,Google Ads,Brand Awareness,2251,8221,46,81,1.16,4.0,4087,1
2214,North America,Social Media,Brand Awareness,2762,941,26,14,2.28,7.59,15280,1
2215,Asia,Influencer,New Product Launch,955,4667,29,24,3.8,3.44,3302,0
2216,Europe,Influencer,New Product Launch,177,1826,49,86,1.67,4.41,19378,1
2217,Europe,Google Ads,Brand Awareness,3508,1965,20,70,4.92,3.89,19650,1
2218,Europe,Google Ads,Discount,2686,3487,25,35,2.73,1.3,7077,1
2219,North America,Email,Discount,2698,3350,25,8,2.35,8.49,14450,1
2220,Middle East,Influencer,Brand Awareness,4085,7872,45,61,0.79,9.3,5497,1
2221,Asia,Google Ads,Discount,972,2634,44,71,1.58,11.89,19279,0
2222,Asia,Google Ads,Brand Awareness,3521,1637,14,5,4.02,10.24,17106,0
2223,North America,Social Media,New Product Launch,1806,4700,21,33,1.55,8.4,18141,1
2224,North America,Email,New Product Launch,1769,8668,10,76,2.79,11.62,3181,1
2225,Europe,Email,Brand Awareness,4625,665,30,101,1.38,7.15,1422,1
2226,Middle East,Social Media,Brand Awareness,2607,7569,4,13,3.64,9.83,7319,0
2227,North America,Google Ads,Brand Awareness,3401,7819,48,74,3.42,7.96,7738,0
2228,Middle East,Google Ads,Brand Awareness,3473,1400,49,29,1.3,7.87,18156,1
2229,Asia,TV Ads,New Product Launch,2754,4667,31,23,3.22,5.24,14553,0
2230,Asia,Email,New Product Launch,2499,3090,11,22,2.32,8.5,4334,1
2231,Asia,Influencer,New Product Launch,1398,7615,45,76,3.89,9.16,4220,1
2232,South America,Social Media,Discount,4688,793,44,54,0.95,11.8,11423,1
2233,Europe,Google Ads,Discount,4946,4829,5,19,2.16,8.23,13377,1
2234,North America,Email,Brand Awareness,1101,8917,1,84,2.68,7.46,14905,1
2235,Europe,TV Ads,New Product Launch,1193,5488,7,75,1.38,9.23,17849,0
2236,North America,Email,Brand Awareness,3437,4007,41,89,0.75,3.18,14384,1
2237,South America,Social Media,New Product Launch,3745,3165,9,41,0.71,5.56,5086,1
2238,South America,Social Media,Brand Awareness,1069,8800,39,25,4.53,5.96,4329,1
2239,South America,TV Ads,New Product Launch,408,3964,15,40,3.69,7.34,11173,1
2240,Middle East,TV Ads,Brand Awareness,373,1808,15,119,2.05,7.28,14776,1
2241,South America,Email,New Product Launch,1856,3762,38,64,4.85,1.37,10833,1
2242,North America,TV Ads,New Product Launch,3992,7141,23,14,3.63,4.6,16669,1
2243,South America,Social Media,New Product Launch,2409,7124,2,55,3.68,6.29,7738,1
2244,Middle East,Influencer,Discount,3693,6547,15,36,3.04,4.08,18708,1
2245,Middle East,Influencer,Discount,550,8690,37,44,1.04,10.06,12808,1
2246,South America,Influencer,Discount,2017,5955,20,59,2.39,10.71,2010,0
2247,Europe,TV Ads,Brand Awareness,1555,1712,30,68,0.8,4.88,16003,0
2248,Europe,TV Ads,Brand Awareness,153,5979,33,25,2.64,9.78,609,1
2249,South America,Social Media,New Product Launch,1600,7707,30,77,1.87,10.34,17238,0
2250,North America,Influencer,New Product Launch,2125,1683,9,18,2.83,1.95,10596,0
2251,Asia,Google Ads,Discount,141,8996,47,58,0.8,1.64,11132,0
2252,South America,Social Media,Discount,399,7455,16,117,4.51,10.61,7921,1
2253,Europe,TV Ads,Discount,2213,6135,30,6,1.9,1.75,14769,1
2254,Asia,Email,New Product Launch,3996,6292,40,85,4.85,2.34,11652,1
2255,Europe,Google Ads,New Product Launch,717,432,8,93,3.86,5.53,17302,1
2256,Europe,Email,New Product Launch,2200,1796,40,67,2.57,2.48,6834,1
2257,South America,Social Media,Brand Awareness,3901,7531,35,109,0.56,7.05,5009,1
2258,North America,Social Media,Brand Awareness,2636,8627,33,75,2.08,1.61,8126,1
2259,Europe,Google Ads,New Product Launch,1149,6124,12,64,3.09,5.87,6972,1
2260,North America,Google Ads,Discount,510,1550,12,14,1.13,1.49,17014,1
2261,Asia,Influencer,New Product Launch,3557,2056,11,31,1.45,5.7,17070,1
2262,Middle East,Email,Brand Awareness,374,4267,8,90,4.29,3.49,15212,1
2263,Asia,Google Ads,New Product Launch,2480,5667,14,35,1.47,9.3,1301,0
2264,Europe,Email,New Product Launch,2604,4326,3,115,1.73,5.48,3160,1
2265,Europe,Google Ads,New Product Launch,4664,7620,11,117,1.73,1.9,18439,1
2266,North America,Google Ads,Brand Awareness,3109,6618,9,67,4.24,10.08,6199,1
2267,South America,Google Ads,Discount,561,1701,47,95,3.45,3.67,16216,1
2268,Asia,Influencer,New Product Launch,1093,3310,13,113,4.97,4.1,6481,0
2269,North America,Email,Brand Awareness,3170,6630,47,87,3.64,2.67,9012,0
2270,Asia,Social Media,New Product Launch,364,7449,19,28,3.34,5.33,1468,0
2271,Europe,Social Media,Discount,1613,361,22,31,2.34,5.45,9876,1
2272,Europe,Social Media,Brand Awareness,940,3955,26,52,2.93,7.41,12074,0
2273,Middle East,Google Ads,Discount,3374,3313,40,33,2.29,5.15,7341,1
2274,North America,Google Ads,Discount,4995,3330,40,31,3.79,1.38,13987,1
2275,South America,Social Media,Brand Awareness,2703,3792,39,25,4.79,3.04,16050,1
2276,Middle East,Influencer,Brand Awareness,4559,6385,8,31,3.59,8.26,10466,1
2277,Middle East,TV Ads,Discount,4716,5231,8,14,3.87,11.42,7768,1
2278,Middle East,TV Ads,Brand Awareness,2456,7569,4,97,4.99,6.72,19795,0
2279,South America,Google Ads,Discount,707,7573,21,47,1.25,5.93,4811,1
2280,South America,Email,New Product Launch,4162,7264,8,18,2.54,9.43,1789,1
2281,South America,TV Ads,Discount,547,3919,33,105,4.11,3.29,13687,1
2282,Middle East,Email,Discount,2579,4112,39,19,3.98,1.85,9552,1
2283,North America,Social Media,New Product Launch,2688,1523,11,50,2.75,3.0,15928,1
2284,Middle East,Email,Brand Awareness,4638,5415,32,11,1.72,2.27,15665,1
2285,South America,Social Media,Brand Awareness,3388,6277,35,52,4.27,10.42,11876,1
2286,Europe,TV Ads,Discount,898,3118,8,98,3.48,1.61,16239,1
2287,Asia,TV Ads,New Product Launch,3216,6570,17,65,1.34,11.6,9956,1
2288,Europe,Email,Brand Awareness,960,6415,13,81,0.87,11.06,4145,0
2289,Europe,Influencer,Brand Awareness,3633,1743,37,75,0.91,6.12,11797,1
2290,Middle East,Influencer,Discount,2015,2748,14,67,2.71,3.08,10556,1
2291,North America,Influencer,Brand Awareness,1307,3211,36,87,4.72,10.77,2823,1
2292,Europe,TV Ads,Brand Awareness,4664,4399,29,58,4.43,7.37,9429,1
2293,Asia,Influencer,New Product Launch,3486,2125,34,106,2.75,10.77,5296,1
2294,Europe,Social Media,New Product Launch,1445,6615,41,64,1.22,8.21,2839,0
2295,Asia,Influencer,Discount,201,8852,49,16,0.84,11.26,7741,1
2296,Asia,Email,Discount,2433,4809,41,67,4.86,6.33,15969,0
2297,Asia,Influencer,New Product Launch,4895,8164,7,61,2.05,10.33,1701,1
2298,South America,Email,Discount,3991,1042,3,5,3.3,6.26,9710,0
2299,Middle East,Google Ads,New Product Launch,2616,4235,21,37,3.56,6.37,13577,1
2300,South America,Email,New Product Launch,3758,930,18,116,4.88,10.24,9387,1
2301,Europe,Social Media,New Product Launch,4145,3761,2,54,4.91,8.8,6338,1
2302,Europe,Influencer,Discount,3971,1740,49,72,4.75,8.06,1254,1
2303,Europe,TV Ads,Brand Awareness,4162,1340,9,67,4.12,10.48,10076,1
2304,Asia,TV Ads,New Product Launch,4216,8571,7,115,2.55,7.36,19803,0
2305,Asia,TV Ads,New Product Launch,2773,8376,45,46,4.46,7.83,7601,1
2306,North America,Social Media,New Product Launch,3625,5882,25,99,4.71,9.86,17773,1
2307,Middle East,Influencer,Discount,786,1379,21,13,3.21,7.65,7119,1
2308,Asia,Email,Brand Awareness,2061,1670,21,117,1.11,5.12,1511,1
2309,Asia,TV Ads,Discount,3189,5447,33,87,3.76,9.68,17102,1
2310,Europe,Google Ads,New Product Launch,4248,1581,37,33,3.43,4.12,13358,1
2311,Asia,Influencer,Discount,2666,7412,13,75,1.69,7.13,14355,0
2312,Asia,Influencer,Discount,1859,3479,26,96,4.4,9.44,742,1
2313,North America,Email,Brand Awareness,2545,1487,35,21,2.47,4.24,18381,0
2314,North America,Email,Brand Awareness,4049,2433,1,62,4.83,1.52,11691,0
2315,North America,Social Media,Discount,2971,748,31,92,2.64,3.96,17699,0
2316,Europe,Influencer,Discount,1692,3326,25,10,3.69,8.65,14821,1
2317,Asia,TV Ads,Brand Awareness,2384,1255,28,66,3.96,10.52,818,0
2318,Middle East,TV Ads,New Product Launch,1211,7451,36,40,1.08,1.11,10755,1
2319,Middle East,Email,New Product Launch,610,1334,28,102,0.86,6.87,10953,1
2320,Europe,Influencer,Discount,408,6339,29,84,1.04,6.2,15794,1
2321,North America,Email,New Product Launch,4940,4704,8,8,1.32,3.37,6821,0
2322,Asia,TV Ads,New Product Launch,1495,812,34,12,1.7,9.87,14878,1
2323,South America,TV Ads,Discount,930,5078,27,42,2.66,4.51,10303,0
2324,North America,Email,New Product Launch,3138,732,18,109,4.19,6.57,5873,0
2325,Asia,Google Ads,Discount,3550,8079,27,63,4.72,9.84,13430,0
2326,North America,TV Ads,New Product Launch,4994,7170,11,25,0.74,3.97,18386,1
2327,North America,Google Ads,Discount,4915,7941,38,55,3.71,8.54,4287,1
2328,South America,TV Ads,Brand Awareness,4405,7618,48,12,0.9,10.48,17659,1
2329,Asia,Social Media,Discount,1303,1212,29,84,3.79,5.55,5082,1
2330,South America,Social Media,Discount,4566,1543,31,105,3.92,5.32,9507,0
2331,Middle East,TV Ads,Brand Awareness,620,5217,4,9,4.79,3.76,15494,1
2332,Asia,Influencer,Brand Awareness,2405,5083,38,82,0.76,10.93,5414,1
2333,North America,Social Media,Brand Awareness,635,7538,43,84,2.85,4.12,14091,1
2334,South America,Google Ads,New Product Launch,2542,7579,26,80,3.62,7.45,8642,1
2335,Middle East,Social Media,Brand Awareness,971,6369,49,112,4.15,2.59,9936,0
2336,North America,Email,Discount,1461,3793,5,8,1.41,1.07,5547,1
2337,Europe,Email,New Product Launch,480,4813,13,80,4.23,2.52,2448,1
2338,Asia,TV Ads,New Product Launch,4295,929,43,8,3.35,11.97,1928,1
2339,Europe,Email,Discount,934,7454,10,71,3.94,3.62,12820,1
2340,Middle East,Social Media,Brand Awareness,552,529,15,25,0.69,11.72,6163,0
2341,Middle East,TV Ads,New Product Launch,328,2579,49,48,3.5,8.1,11141,1
2342,North America,Google Ads,New Product Launch,2318,5608,47,79,4.42,1.62,4331,1
2343,Middle East,Email,Discount,2110,4119,11,101,4.79,10.54,18925,1
2344,Europe,Email,Discount,1418,837,21,54,1.0,8.72,3646,1
2345,North America,Google Ads,New Product Launch,4804,5731,40,119,2.71,5.2,12512,1
2346,North America,Social Media,Brand Awareness,4603,8412,42,9,3.15,1.62,15704,1
2347,South America,TV Ads,Discount,2897,3907,20,18,2.66,10.35,11246,0
2348,North America,Email,New Product Launch,3346,994,16,95,2.13,1.97,11773,0
2349,South America,Google Ads,Brand Awareness,3584,1385,48,98,1.13,9.7,11705,1
2350,South America,Email,Brand Awareness,4995,7262,23,38,3.31,2.1,17073,0
2351,North America,Google Ads,Discount,2349,7843,20,47,1.32,10.97,19424,0
2352,Europe,Influencer,Brand Awareness,3039,4742,8,67,4.69,6.63,3614,1
2353,Asia,TV Ads,New Product Launch,4640,398,47,50,3.06,10.56,1591,1
2354,Asia,Influencer,Brand Awareness,1282,1044,1,55,1.22,10.18,1823,1
2355,Europe,TV Ads,Discount,1535,2167,40,110,2.63,9.5,1081,0
2356,Asia,TV Ads,Discount,3571,5551,15,6,1.2,6.77,16366,1
2357,Middle East,Social Media,New Product Launch,2143,2467,1,76,1.19,1.28,14560,1
2358,Asia,Influencer,Discount,3155,1364,10,95,4.06,4.29,13002,1
2359,Middle East,Google Ads,Brand Awareness,2804,6767,43,62,1.72,9.55,13955,0
2360,Middle East,Email,New Product Launch,3067,856,49,26,3.58,6.75,13950,1
2361,Middle East,Email,Discount,1428,582,16,58,4.77,10.3,6997,1
2362,North America,Social Media,Discount,825,7031,32,5,1.39,5.84,4778,1
2363,Asia,Social Media,Discount,4766,5786,9,46,3.44,8.12,19065,0
2364,Middle East,Email,Brand Awareness,707,745,13,102,2.36,4.62,18087,1
2365,South America,Email,New Product Launch,2300,844,17,59,2.41,9.36,8942,1
2366,Asia,Email,New Product Launch,3129,8049,38,109,2.41,11.45,1835,0
2367,Middle East,Email,New Product Launch,1399,8627,38,15,2.67,6.18,6116,1
2368,Europe,TV Ads,Discount,268,3156,44,12,3.6,8.51,19007,1
2369,Middle East,Social Media,New Product Launch,4367,648,14,84,2.74,6.13,4601,0
2370,Europe,Social Media,Discount,1955,5534,22,70,1.1,4.48,13066,1
2371,North America,Email,Discount,2105,4811,46,100,3.49,9.74,2339,1
2372,Europe,Email,Brand Awareness,2342,4734,28,5,4.87,8.29,14688,0
2373,Asia,Google Ads,New Product Launch,2887,5488,33,46,0.91,1.46,3601,1
2374,North America,Influencer,Brand Awareness,1761,6833,18,83,1.95,1.99,1850,0
2375,North America,Email,New Product Launch,2887,2837,39,55,2.57,7.2,8246,1
2376,Asia,Google Ads,Discount,4356,1705,41,7,4.56,3.03,9122,1
2377,Asia,Email,New Product Launch,3562,3363,40,58,2.64,9.05,1637,1
2378,Middle East,Social Media,Brand Awareness,3419,3729,13,82,2.69,11.62,8708,1
2379,Middle East,Social Media,Brand Awareness,1433,8048,28,61,3.05,8.55,12361,0
2380,South America,Email,New Product Launch,1065,7657,36,34,1.77,8.34,4298,1
2381,Europe,Social Media,Discount,2793,3595,27,52,2.09,11.66,16570,1
2382,South America,Influencer,Discount,4936,2989,6,73,3.31,11.25,9479,1
2383,Europe,Influencer,Discount,2326,4156,15,42,3.97,11.34,14611,1
2384,North America,Social Media,Discount,1960,3772,7,66,1.25,9.15,5882,1
2385,North America,Google Ads,Discount,2579,6709,41,49,0.8,2.38,8614,1
2386,Middle East,TV Ads,Discount,1621,2108,43,25,4.62,3.43,16054,0
2387,Middle East,Email,Discount,3292,2336,43,86,2.07,1.74,4549,1
2388,Europe,TV Ads,Brand Awareness,1386,7040,44,31,2.92,4.77,14727,1
2389,Asia,Email,New Product Launch,4052,1320,13,9,0.76,1.23,5409,1
2390,South America,Influencer,Brand Awareness,800,2875,26,54,2.09,2.19,792,1
2391,Middle East,Email,Discount,3841,2999,11,62,2.69,10.0,13629,1
2392,South America,Email,New Product Launch,4802,8486,37,32,1.75,10.23,9141,0
2393,South America,Google Ads,Brand Awareness,4803,5235,8,91,0.8,11.98,13014,0
2394,Middle East,Social Media,Brand Awareness,4765,7430,48,104,3.43,4.77,11312,0
2395,South America,TV Ads,Discount,2608,5482,17,105,4.81,5.11,15479,1
2396,Asia,Influencer,Discount,3591,8597,38,100,4.05,8.05,6305,1
2397,North America,Email,Discount,3765,7679,34,94,1.52,6.31,11881,0
2398,North America,Influencer,Brand Awareness,1427,4694,36,42,1.5,11.63,728,0
2399,North America,Influencer,Discount,1662,6699,22,41,3.48,10.04,15932,1
2400,North America,Social Media,New Product Launch,1426,4975,46,35,1.51,3.39,4268,1
2401,Asia,TV Ads,Discount,404,7016,40,53,4.34,2.6,10406,1
2402,Middle East,Email,Brand Awareness,2816,5215,9,18,4.03,8.37,8350,1
2403,South America,Google Ads,New Product Launch,2779,727,17,39,3.8,11.72,12133,1
2404,Asia,Influencer,Brand Awareness,560,5574,38,119,3.31,7.64,18647,1
2405,Asia,Email,Brand Awareness,3785,4164,12,6,4.08,6.56,8358,1
2406,Middle East,Google Ads,Discount,3779,7756,31,98,1.63,10.35,15375,1
2407,Middle East,Influencer,New Product Launch,2370,1647,18,71,0.92,1.16,6617,1
2408,North America,Google Ads,Discount,3906,2131,2,77,3.11,8.64,6405,1
2409,Asia,Social Media,Discount,1253,713,30,33,3.72,9.51,9131,1
2410,Middle East,Email,New Product Launch,4290,848,31,108,2.78,9.52,15444,0
2411,North America,Google Ads,Brand Awareness,1154,3551,42,45,0.59,11.09,19003,1
2412,Europe,Influencer,New Product Launch,3215,2477,14,119,0.99,8.11,5313,0
2413,North America,Google Ads,Discount,4777,4335,46,100,2.23,9.57,16544,1
2414,South America,TV Ads,Brand Awareness,2985,6022,36,49,3.22,2.76,17335,1
2415,North America,Influencer,Brand Awareness,444,1531,22,56,2.7,7.56,18578,0
2416,South America,Email,Discount,4338,4085,26,59,0.66,6.72,13479,0
2417,South America,Email,Discount,4020,8041,17,6,1.62,4.94,3550,1
2418,Asia,Email,Discount,3121,655,8,28,2.01,10.21,18749,0
2419,South America,Email,Discount,2722,2668,27,20,4.66,4.28,19684,1
2420,Europe,Influencer,New Product Launch,680,7000,47,82,2.42,1.6,15574,1
2421,Middle East,TV Ads,Brand Awareness,3846,1601,38,92,2.62,3.71,14248,0
2422,Middle East,Influencer,Discount,2277,2651,2,84,0.99,10.37,10971,1
2423,Europe,TV Ads,New Product Launch,1016,6442,7,6,1.36,8.35,2583,1
2424,Europe,Influencer,Brand Awareness,444,2567,39,60,3.49,9.51,7946,1
2425,North America,Email,Discount,1212,231,11,78,0.65,6.76,1009,1
2426,Europe,Social Media,Discount,1681,691,7,68,4.16,9.14,16530,1
2427,South America,Google Ads,New Product Launch,2085,3362,8,50,1.23,1.63,7702,1
2428,Europe,Google Ads,New Product Launch,4537,2763,23,33,2.43,6.68,4618,1
2429,Asia,Social Media,Brand Awareness,2895,8947,24,5,0.83,7.93,15542,1
2430,Europe,TV Ads,Brand Awareness,238,2459,4,16,4.19,7.09,6786,0
2431,Middle East,Google Ads,Brand Awareness,4103,4580,20,53,0.8,3.97,16296,0
2432,Europe,TV Ads,New Product Launch,3823,7772,43,113,4.99,1.74,15290,1
2433,North America,Influencer,New Product Launch,3668,7844,42,21,4.65,3.47,19564,0
2434,Europe,TV Ads,New Product Launch,1186,6205,16,99,1.16,4.47,18354,0
2435,South America,Google Ads,Discount,3485,8727,33,117,4.86,4.97,17457,1
2436,South America,Google Ads,Brand Awareness,2436,2913,48,75,4.72,1.87,9049,1
2437,South America,Google Ads,Discount,3881,7500,21,102,1.97,6.5,19607,1
2438,Europe,Social Media,New Product Launch,774,1534,39,105,4.66,9.53,18561,1
2439,Europe,Google Ads,New Product Launch,1255,1709,16,85,3.41,5.93,15694,1
2440,Asia,Google Ads,Brand Awareness,4494,1670,32,12,0.72,4.81,16750,0
2441,Middle East,Influencer,Discount,817,5168,22,56,2.09,4.53,3322,1
2442,North America,Email,Discount,4174,3382,47,65,2.15,3.52,9519,1
2443,North America,Email,Discount,1441,7040,12,35,1.49,7.2,3296,0
2444,Europe,Email,New Product Launch,2519,7554,28,12,3.33,1.35,19352,1
2445,Asia,Social Media,New Product Launch,2584,3719,4,108,1.86,11.16,13067,1
2446,Asia,Influencer,New Product Launch,498,1392,8,35,3.38,1.45,2177,1
2447,Asia,Social Media,New Product Launch,4238,4512,39,47,4.71,5.27,8799,1
2448,Europe,Influencer,New Product Launch,1835,5072,26,53,4.19,5.23,5607,0
2449,North America,Social Media,New Product Launch,2821,7804,48,102,3.35,10.31,6238,0
2450,Asia,Social Media,Brand Awareness,811,6342,22,94,0.54,6.09,13303,0
2451,Asia,Google Ads,New Product Launch,4468,2183,31,58,4.46,6.42,9149,0
2452,Europe,Influencer,Discount,2064,8938,40,26,1.31,4.14,3931,0
2453,North America,Email,New Product Launch,4266,221,5,69,2.65,2.23,18652,1
2454,Middle East,Google Ads,Discount,2480,1093,47,65,1.31,11.76,13915,1
2455,Middle East,Google Ads,New Product Launch,2420,281,8,82,0.72,1.69,14865,1
2456,South America,Social Media,Discount,2376,3106,24,82,2.6,10.44,13573,0
2457,North America,Social Media,New Product Launch,4056,705,41,116,2.64,8.75,5024,1
2458,Asia,Google Ads,New Product Launch,1771,6996,22,10,1.79,4.88,4524,0
2459,Europe,Email,Brand Awareness,994,4470,45,90,3.88,9.05,12810,0
2460,South America,Social Media,New Product Launch,4267,2146,26,82,2.93,4.07,5936,1
2461,Middle East,Email,Discount,3206,7721,43,86,2.07,11.74,2132,0
2462,North America,Google Ads,Discount,1265,4938,26,73,3.44,2.67,6122,1
2463,Europe,Google Ads,New Product Launch,3451,3111,48,48,2.63,9.42,5926,1
2464,Asia,Influencer,Brand Awareness,3732,308,7,47,2.15,4.35,17864,1
2465,Europe,Email,Brand Awareness,680,509,30,101,0.91,4.22,8202,0
2466,Asia,Email,New Product Launch,669,4806,35,21,1.09,2.29,17749,1
2467,South America,Google Ads,New Product Launch,3833,6309,19,89,3.47,8.96,5170,1
2468,Middle East,TV Ads,Discount,1900,7893,21,35,2.94,2.16,18248,0
2469,Asia,TV Ads,New Product Launch,701,7470,46,100,2.44,1.05,19974,1
2470,South America,Influencer,Discount,1747,8042,15,30,3.66,6.24,734,1
2471,Europe,Influencer,Brand Awareness,864,2818,15,70,4.62,8.59,7711,1
2472,Middle East,Social Media,Brand Awareness,461,4725,18,27,4.09,3.91,3324,1
2473,North America,Email,New Product Launch,2749,4780,9,26,2.6,2.17,15433,0
2474,Asia,Email,New Product Launch,4366,7274,4,80,2.18,8.3,2259,1
2475,North America,Google Ads,New Product Launch,1927,4040,40,75,4.63,4.89,11948,1
2476,Europe,Influencer,Discount,1601,6153,25,54,4.44,9.78,15997,0
2477,Middle East,Influencer,Brand Awareness,4813,7843,13,11,4.32,7.77,5006,0
2478,Europe,Influencer,Discount,2292,2078,30,35,2.22,1.65,10623,1
2479,Middle East,Google Ads,Brand Awareness,1978,3505,13,109,4.57,5.51,3408,0
2480,Asia,Google Ads,New Product Launch,4656,6289,43,99,3.68,11.52,6437,1
2481,Asia,TV Ads,Discount,1055,3441,31,12,3.83,6.32,10505,0
2482,South America,TV Ads,Discount,4392,8554,1,62,4.19,4.5,14274,1
2483,Asia,Influencer,New Product Launch,2664,3252,3,59,0.72,6.45,2444,1
2484,North America,Email,Brand Awareness,1950,459,38,31,3.21,6.84,743,1
2485,Europe,Email,Discount,3079,8991,8,119,4.38,4.56,18344,1
2486,Middle East,Google Ads,Discount,2424,1831,38,75,4.04,1.89,15148,1
2487,Middle East,Google Ads,Brand Awareness,3681,5464,30,58,1.01,4.68,9627,0
2488,South America,Email,Discount,3551,452,32,35,3.97,2.66,4601,1
2489,Middle East,TV Ads,New Product Launch,3088,7165,17,85,1.29,6.2,3869,1
2490,Middle East,Influencer,Brand Awareness,588,5731,5,8,1.62,5.09,19166,1
2491,South America,TV Ads,Discount,129,2021,21,98,3.62,3.28,18079,1
2492,Asia,Google Ads,New Product Launch,3677,336,29,70,3.73,1.7,1193,1
2493,Asia,Social Media,New Product Launch,4872,1560,14,82,2.87,1.14,2596,1
2494,North America,Google Ads,Brand Awareness,3240,6147,15,80,3.25,1.59,4813,1
2495,South America,TV Ads,New Product Launch,616,1331,41,58,1.0,5.16,11056,1
2496,Asia,Email,New Product Launch,1430,801,13,108,4.59,3.41,11490,0
2497,Europe,Email,Brand Awareness,3530,8704,7,64,4.73,1.79,6097,1
2498,South America,Email,Discount,1962,5780,11,91,3.2,9.99,18679,1
2499,Europe,Influencer,New Product Launch,4984,6380,28,107,2.81,6.59,5169,0
2500,Europe,Social Media,New Product Launch,478,1061,5,22,2.77,11.18,12939,1
2501,Asia,Influencer,New Product Launch,4568,8841,14,42,3.13,10.85,3374,0
2502,South America,Social Media,Discount,1990,8973,11,110,3.58,10.88,4595,1
2503,Europe,Email,Brand Awareness,3978,3937,40,46,1.3,6.63,5353,0
2504,Europe,Google Ads,Brand Awareness,4788,6656,38,63,4.56,2.84,12396,1
2505,Europe,Google Ads,Brand Awareness,4050,6694,38,34,3.33,4.07,12601,1
2506,South America,Social Media,New Product Launch,2984,7710,42,77,3.44,9.87,13121,0
2507,Europe,TV Ads,Discount,2199,5178,21,50,1.1,11.46,7734,1
2508,Europe,Email,Brand Awareness,4111,7891,7,18,4.53,8.85,7610,1
2509,Europe,TV Ads,New Product Launch,4950,3839,41,89,4.09,2.92,4610,1
2510,Europe,Social Media,Brand Awareness,4978,6574,48,101,4.1,5.0,12989,1
2511,Asia,Google Ads,Discount,2685,5314,44,75,0.72,4.61,13657,0
2512,Europe,Google Ads,Brand Awareness,4925,6576,48,9,1.03,1.33,4182,0
2513,South America,Social Media,Discount,324,5428,8,14,3.18,7.54,18011,0
2514,Asia,Google Ads,New Product Launch,1459,6376,39,117,3.24,4.49,11269,1
2515,Middle East,Google Ads,Brand Awareness,4819,6968,34,92,0.73,11.04,11471,1
2516,Europe,Social Media,Brand Awareness,1545,662,36,56,2.22,7.46,10623,1
2517,South America,Email,New Product Launch,2838,7525,14,70,1.61,4.25,10917,1
2518,Middle East,Social Media,Brand Awareness,2326,4027,32,76,1.17,10.99,13442,1
2519,Asia,Google Ads,Discount,3871,557,30,67,2.89,3.08,14891,1
2520,Middle East,Email,Brand Awareness,3147,1929,43,90,0.66,1.51,9242,1
2521,Europe,Social Media,Brand Awareness,336,640,20,60,1.46,6.54,5966,1
2522,Middle East,Social Media,New Product Launch,2522,5906,20,79,1.37,10.92,14230,1
2523,Asia,TV Ads,New Product Launch,1891,2271,12,53,4.15,6.38,4437,0
2524,South America,Influencer,Discount,2409,6412,46,115,3.44,3.24,7149,1
2525,Middle East,Social Media,Brand Awareness,2498,1510,33,57,1.08,3.6,11034,0
2526,South America,Influencer,New Product Launch,1813,5341,4,101,4.64,2.04,6408,1
2527,Asia,Email,New Product Launch,4353,7614,11,98,0.66,7.12,16994,1
2528,South America,TV Ads,Discount,3048,8412,31,117,1.51,10.07,5502,0
2529,Asia,Social Media,New Product Launch,3465,541,21,26,3.11,4.74,5474,1
2530,Europe,Social Media,New Product Launch,3381,3011,49,17,1.71,3.82,18024,1
2531,South America,Email,New Product Launch,4063,1778,49,113,1.62,7.2,8330,1
2532,South America,Influencer,Brand Awareness,1024,7834,24,57,0.84,10.55,6050,1
2533,North America,TV Ads,Discount,817,3869,43,113,0.69,9.4,1266,1
2534,South America,Social Media,Brand Awareness,2679,1060,7,10,1.92,3.39,11202,1
2535,South America,Social Media,New Product Launch,1758,7420,22,51,2.45,2.47,3958,0
2536,Middle East,Influencer,Discount,4537,3351,7,64,3.73,4.46,19738,0
2537,Asia,Google Ads,Brand Awareness,4231,2998,3,63,4.94,10.69,9697,1
2538,Middle East,Google Ads,Discount,1132,6737,35,53,4.87,1.64,7506,1
2539,Europe,Email,New Product Launch,1603,5803,11,95,1.81,6.24,16180,1
2540,Asia,Social Media,New Product Launch,3807,3991,12,62,1.07,3.01,16661,1
2541,Middle East,Influencer,Brand Awareness,775,3117,46,73,0.79,4.47,5697,1
2542,South America,Influencer,Brand Awareness,4211,7792,8,46,1.94,11.67,7781,1
2543,Middle East,Influencer,Discount,3216,3986,37,45,1.68,4.81,11950,1
2544,Middle East,Social Media,Discount,4868,6482,30,14,2.65,6.77,2397,1
2545,Middle East,Social Media,Brand Awareness,4056,7946,30,57,3.08,7.19,7055,1
2546,Middle East,Influencer,Discount,4272,2864,30,38,3.35,2.05,770,0
2547,Asia,Google Ads,Discount,4162,3785,18,69,4.94,4.98,14622,0
2548,North America,Social Media,Discount,3043,7906,26,106,3.1,7.17,15864,1
2549,Asia,Email,Brand Awareness,3070,2251,31,47,0.77,8.89,19135,1
2550,Europe,Email,Discount,4164,7113,37,68,3.61,1.22,2939,1
2551,South America,Social Media,New Product Launch,4713,1311,35,13,1.09,3.08,11464,1
2552,North America,Email,New Product Launch,4247,2931,24,82,0.76,2.39,8324,1
2553,Middle East,Influencer,Brand Awareness,4936,3241,24,78,3.6,4.16,16844,0
2554,North America,TV Ads,New Product Launch,4246,6416,27,50,4.44,7.03,17643,0
2555,North America,Google Ads,New Product Launch,4475,231,12,91,3.64,10.01,3928,0
2556,Europe,TV Ads,New Product Launch,1255,3802,27,93,4.8,8.41,14168,0
2557,North America,Email,New Product Launch,4347,2623,22,9,4.89,7.78,2687,1
2558,Asia,TV Ads,Discount,2199,3499,8,43,0.53,7.2,2309,1
2559,Middle East,Email,Discount,2687,1202,12,52,2.11,11.28,8075,1
2560,South America,Google Ads,New Product Launch,3236,1879,19,40,1.4,5.64,2091,0
2561,North America,TV Ads,Brand Awareness,2039,2418,49,112,1.48,2.48,11272,1
2562,South America,Influencer,Brand Awareness,2894,871,36,46,2.52,11.09,5707,0
2563,North America,Influencer,Discount,2670,8949,42,114,1.7,5.14,14779,0
2564,North America,TV Ads,New Product Launch,1318,2451,31,103,0.67,11.64,11957,1
2565,South America,Email,New Product Launch,1927,1867,21,45,1.8,9.72,9684,1
2566,Asia,TV Ads,Brand Awareness,4013,7380,49,33,1.32,1.54,4312,0
2567,South America,Google Ads,Brand Awareness,1682,7829,31,15,3.46,10.16,2330,1
2568,North America,TV Ads,New Product Launch,4907,4611,19,93,4.74,9.54,19013,0
2569,Middle East,TV Ads,New Product Launch,4630,3926,7,38,1.85,9.97,17363,0
2570,Europe,Social Media,New Product Launch,1155,484,41,97,3.51,5.05,13967,0
2571,Middle East,TV Ads,Discount,4121,8023,39,11,2.67,3.19,8618,1
2572,South America,TV Ads,Brand Awareness,1620,8974,18,67,4.09,2.2,779,0
2573,South America,Influencer,Discount,489,5318,30,101,0.86,9.23,17701,1
2574,Asia,Google Ads,New Product Launch,2015,500,17,7,0.75,2.01,10670,1
2575,Asia,Email,Discount,2167,8840,13,68,3.02,10.33,1011,0
2576,Middle East,Google Ads,Discount,1931,7828,48,92,2.14,3.46,7701,1
2577,Middle East,Influencer,Brand Awareness,4118,1923,38,7,0.94,1.66,9824,0
2578,Middle East,Email,Discount,1485,8634,6,70,4.45,1.5,7367,0
2579,North America,Google Ads,Brand Awareness,1453,1748,36,99,3.85,2.36,12582,1
2580,Middle East,Social Media,Brand Awareness,1636,8702,38,115,0.51,7.56,10983,1
2581,Asia,TV Ads,Brand Awareness,1305,544,32,94,3.82,8.88,19876,0
2582,North America,TV Ads,Discount,2398,3816,10,88,4.15,2.22,4598,1
2583,Asia,TV Ads,New Product Launch,1472,1349,26,95,1.97,4.84,12355,0
2584,South America,Google Ads,Discount,2757,4734,45,77,4.97,5.57,14814,0
2585,Asia,Google Ads,Brand Awareness,2914,6028,49,41,0.65,6.32,14182,0
2586,Europe,TV Ads,New Product Launch,1153,227,4,79,4.9,9.13,3019,1
2587,North America,Google Ads,New Product Launch,580,5705,30,63,3.68,1.25,14141,1
2588,North America,Social Media,New Product Launch,1560,278,42,54,3.53,5.91,12086,1
2589,Middle East,Social Media,Brand Awareness,4499,5378,24,5,3.19,7.53,2203,1
2590,Asia,Google Ads,Discount,1678,8295,27,14,3.17,5.79,5803,1
2591,North America,Influencer,New Product Launch,1781,5921,24,90,1.63,5.51,16511,0
2592,North America,Influencer,Brand Awareness,1807,5154,23,98,4.38,8.86,9881,0
2593,North America,Email,Brand Awareness,752,606,21,102,3.39,7.38,3768,1
2594,South America,Google Ads,Discount,4616,3245,46,5,2.69,4.37,12234,1
2595,North America,Influencer,Discount,2921,2341,22,100,0.68,7.81,17134,1
2596,North America,TV Ads,Discount,1402,6892,48,91,3.29,9.74,4855,1
2597,Asia,Influencer,Discount,2135,8708,32,68,0.88,3.39,4579,1
2598,South America,Google Ads,Discount,4889,5113,16,99,4.78,11.07,17300,0
2599,Asia,TV Ads,New Product Launch,2169,5512,39,50,0.73,1.23,8897,1
2600,Middle East,TV Ads,Brand Awareness,3297,7495,3,45,1.17,10.7,9194,1
2601,Europe,Email,New Product Launch,3345,4927,15,67,3.93,3.44,8271,1
2602,Asia,Influencer,Brand Awareness,274,291,14,48,1.11,11.17,5850,1
2603,Asia,Google Ads,New Product Launch,1287,3964,16,86,1.92,11.94,9687,1
2604,Europe,Email,Discount,228,1124,18,115,3.1,5.5,14098,1
2605,Asia,TV Ads,Discount,1382,4925,8,8,1.09,1.63,5637,0
2606,Asia,TV Ads,Brand Awareness,4523,5275,24,62,3.42,11.05,18295,0
2607,North America,Social Media,Brand Awareness,2417,1689,29,26,4.53,11.37,1144,1
2608,North America,Email,Brand Awareness,4868,6257,28,93,4.83,4.95,18762,0
2609,Middle East,TV Ads,Brand Awareness,848,6319,4,100,1.93,10.33,16652,0
2610,Middle East,TV Ads,Discount,4361,3450,27,53,0.72,7.34,8291,1
2611,Asia,Influencer,Discount,2541,8025,17,16,0.57,11.22,7455,0
2612,South America,TV Ads,Discount,281,6256,8,110,4.5,4.71,14161,0
2613,North America,Email,Discount,1089,3922,38,39,2.92,11.64,4222,0
2614,Middle East,Social Media,New Product Launch,3208,7531,9,51,3.88,8.02,13173,1
2615,Europe,Social Media,New Product Launch,3686,5144,20,48,0.7,8.28,8950,1
2616,North America,TV Ads,Discount,3179,4413,14,57,1.49,11.62,2428,0
2617,Asia,TV Ads,Discount,1997,6909,15,54,1.61,8.79,15920,0
2618,Europe,Influencer,Discount,256,7025,8,59,0.78,10.39,15037,1
2619,North America,Google Ads,Discount,1473,4062,44,104,3.28,1.35,18903,1
2620,Middle East,TV Ads,New Product Launch,3761,4657,19,92,2.82,10.49,2561,1
2621,Asia,Influencer,Brand Awareness,4765,3014,10,50,3.31,3.06,15514,1
2622,South America,Social Media,Discount,4550,1148,22,58,3.04,9.63,17798,0
2623,Europe,Email,Brand Awareness,1652,7687,19,9,4.67,8.21,2299,0
2624,Middle East,Google Ads,Brand Awareness,804,4492,26,83,4.64,3.32,17238,0
2625,Asia,Google Ads,New Product Launch,2617,255,22,95,1.46,11.09,2737,0
2626,Middle East,Google Ads,Brand Awareness,4753,630,24,109,3.33,10.18,2146,1
2627,Europe,Email,New Product Launch,2940,4283,12,40,0.96,1.76,4695,0
2628,South America,Influencer,Brand Awareness,572,5149,49,13,1.23,3.77,18711,1
2629,Europe,Email,Brand Awareness,855,2961,34,68,2.54,6.94,1820,0
2630,Europe,Google Ads,Discount,4127,4134,20,23,2.68,2.84,1503,1
2631,Asia,Social Media,New Product Launch,2443,4463,38,63,3.35,7.35,17418,1
2632,North America,TV Ads,Brand Awareness,3657,5496,38,10,4.44,9.35,15978,1
2633,Europe,Social Media,Brand Awareness,883,242,3,51,1.98,2.69,1326,0
2634,North America,Google Ads,Discount,3612,964,46,86,2.23,6.36,7969,0
2635,Asia,Social Media,Discount,2932,6326,7,74,0.57,8.61,5320,1
2636,South America,Email,Discount,588,542,40,81,2.23,4.93,7230,1
2637,South America,Social Media,Brand Awareness,4938,7188,27,32,0.92,9.17,19046,1
2638,Asia,Influencer,Discount,538,2573,47,31,3.99,7.14,4727,1
2639,Middle East,Influencer,Discount,780,5291,13,39,1.2,11.76,10111,1
2640,South America,Influencer,Discount,214,3376,39,87,4.13,11.61,7446,1
2641,South America,Google Ads,New Product Launch,698,7593,34,48,4.77,11.93,12691,0
2642,Middle East,TV Ads,Discount,610,865,47,59,4.47,4.52,5221,0
2643,South America,Social Media,Brand Awareness,1190,5625,8,64,4.36,11.71,2726,1
2644,Asia,TV Ads,Discount,4033,4457,4,102,4.52,3.3,17556,0
2645,Asia,Google Ads,Discount,1820,6353,19,91,0.84,4.11,3191,1
2646,Middle East,TV Ads,New Product Launch,531,3769,4,22,0.91,7.78,10948,1
2647,North America,Google Ads,New Product Launch,939,208,40,60,2.54,1.51,17217,0
2648,Middle East,Influencer,Brand Awareness,4518,7693,8,118,4.25,10.5,12672,1
2649,Asia,Influencer,New Product Launch,1806,2901,45,5,4.18,9.75,8203,0
2650,South America,Google Ads,New Product Launch,4875,4939,15,116,4.19,4.35,8209,1
2651,Middle East,Google Ads,New Product Launch,659,8447,18,82,1.1,10.93,16134,0
2652,Europe,Influencer,Discount,1008,4457,2,38,1.46,8.6,2645,1
2653,North America,Social Media,Brand Awareness,1455,1388,42,40,4.66,7.84,7436,1
2654,North America,Influencer,New Product Launch,4971,1373,24,64,2.61,7.36,6857,1
2655,South America,Email,Brand Awareness,3004,8963,6,111,3.86,3.57,12545,0
2656,South America,TV Ads,Brand Awareness,1949,5402,4,117,3.72,7.05,5950,1
2657,Middle East,Google Ads,New Product Launch,1152,1178,28,33,2.54,9.71,12692,1
2658,South America,TV Ads,New Product Launch,3827,8018,24,97,3.71,1.52,19468,1
2659,Asia,Social Media,Brand Awareness,429,4801,44,6,2.31,9.7,4350,1
2660,South America,Influencer,New Product Launch,3262,7758,25,18,3.55,11.69,14388,1
2661,North America,Google Ads,New Product Launch,3737,5601,47,101,2.33,9.55,19664,1
2662,South America,Influencer,Discount,4744,4969,34,110,3.02,9.2,19750,1
2663,South America,Email,Discount,4938,8519,8,93,2.53,7.06,4403,0
2664,Middle East,Influencer,Brand Awareness,2947,2371,34,30,4.0,10.04,19465,0
2665,North America,Email,Brand Awareness,1452,6748,46,81,2.36,7.81,1347,0
2666,Middle East,Influencer,New Product Launch,3926,8150,4,110,3.05,7.52,1875,1
2667,Asia,Influencer,Discount,1520,935,44,119,1.78,2.42,6967,1
2668,North America,Influencer,New Product Launch,4896,496,15,105,0.57,7.19,15747,1
2669,Europe,Influencer,New Product Launch,3474,6755,48,62,4.64,9.48,4070,0
2670,Asia,TV Ads,New Product Launch,3713,4567,8,57,4.95,11.43,2021,0
2671,Asia,Google Ads,New Product Launch,2875,4681,5,35,2.83,6.14,10708,0
2672,Middle East,TV Ads,New Product Launch,2227,7905,48,98,0.94,8.46,6619,1
2673,North America,TV Ads,Discount,774,8205,37,64,2.75,8.75,13100,1
2674,Middle East,Google Ads,Brand Awareness,4205,1708,16,14,2.09,10.85,2548,1
2675,Europe,Email,New Product Launch,1360,3399,6,77,4.89,10.64,19169,1
2676,Asia,Social Media,Discount,3295,1923,16,38,4.94,8.98,19706,1
2677,North America,Social Media,New Product Launch,3483,507,35,42,3.09,9.36,3210,0
2678,Asia,TV Ads,New Product Launch,3242,8601,21,114,4.95,10.77,1742,1
2679,Middle East,Google Ads,Discount,2102,4774,21,34,2.48,2.06,13646,1
2680,Europe,TV Ads,New Product Launch,1816,6854,33,52,2.7,3.12,3377,0
2681,South America,Social Media,Brand Awareness,429,7470,30,15,2.01,5.66,10793,0
2682,Middle East,Social Media,Discount,4474,8045,27,104,4.18,9.01,3074,1
2683,Europe,Influencer,Discount,2055,4826,5,53,1.57,3.1,2405,1
2684,Middle East,TV Ads,Brand Awareness,2615,6283,14,60,0.89,4.22,1027,0
2685,South America,TV Ads,Brand Awareness,3803,3482,34,76,1.94,10.93,11505,0
2686,South America,Google Ads,New Product Launch,484,6256,39,111,4.71,5.02,12161,1
2687,South America,Influencer,New Product Launch,2306,7599,21,98,3.58,7.59,10457,1
2688,Asia,Social Media,New Product Launch,3211,7824,9,47,4.06,11.0,3626,0
2689,Europe,Influencer,Discount,3627,8492,16,66,1.21,4.62,17327,1
2690,Middle East,Influencer,New Product Launch,373,4026,22,98,2.31,6.99,1918,1
2691,Europe,Email,Discount,1084,213,12,33,1.18,4.87,14994,0
2692,Middle East,Social Media,New Product Launch,2337,4778,45,52,1.25,3.81,10195,1
2693,Asia,TV Ads,Discount,614,1591,14,84,4.53,9.64,14454,1
2694,North America,Influencer,Brand Awareness,2172,4350,5,80,4.35,4.71,7468,0
2695,South America,Social Media,Brand Awareness,2587,6501,6,53,1.42,11.86,17439,1
2696,North America,Social Media,Brand Awareness,1547,447,7,102,3.98,9.28,1763,1
2697,Europe,Influencer,New Product Launch,1530,2192,22,106,1.54,8.37,13975,0
2698,Middle East,Google Ads,Discount,990,7138,30,8,2.66,10.96,19731,1
2699,Middle East,Google Ads,Discount,2240,7732,20,70,2.7,3.57,17829,1
2700,Europe,Influencer,New Product Launch,4582,8657,21,82,4.25,1.89,8646,1
2701,Asia,Email,New Product Launch,4123,1098,18,73,0.77,1.19,19517,1
2702,South America,TV Ads,New Product Launch,4455,5034,18,83,3.89,9.31,6275,1
2703,Europe,TV Ads,New Product Launch,3877,5884,45,42,1.53,11.75,6422,1
2704,Asia,TV Ads,New Product Launch,1740,1841,8,77,3.83,7.72,8951,0
2705,Europe,Email,New Product Launch,1077,8265,18,112,2.57,6.04,3242,1
2706,South America,Influencer,Discount,1952,5815,9,27,4.5,10.06,8245,1
2707,Middle East,TV Ads,Discount,3156,2306,23,26,2.06,5.53,17778,1
2708,Middle East,Email,Brand Awareness,4383,5136,4,48,2.3,3.5,1666,0
2709,South America,Social Media,Discount,4607,2023,46,64,3.06,2.89,7441,1
2710,Middle East,Google Ads,Discount,3436,8644,36,86,4.64,1.45,6512,1
2711,Asia,Google Ads,Discount,4204,4798,42,18,3.51,11.29,17339,0
2712,Asia,TV Ads,Discount,2186,6112,34,20,2.87,3.06,14549,0
2713,North America,TV Ads,New Product Launch,4158,2132,37,26,2.79,3.33,11304,1
2714,Asia,Google Ads,Discount,3193,1582,33,47,1.16,8.92,11040,0
2715,South America,TV Ads,Discount,3662,7398,47,84,4.34,3.66,6742,1
2716,North America,Influencer,Discount,3219,343,36,25,2.84,1.25,16238,1
2717,Middle East,Google Ads,New Product Launch,3113,6170,42,23,0.69,8.8,18270,0
2718,North America,Influencer,New Product Launch,2786,5909,9,6,2.44,2.61,2781,1
2719,Europe,Social Media,Brand Awareness,1009,230,45,61,0.52,9.48,10786,0
2720,Europe,Email,Brand Awareness,4950,7533,36,36,1.46,2.61,10368,1
2721,Middle East,Google Ads,New Product Launch,2678,1735,20,39,1.61,9.22,9842,1
2722,Asia,Influencer,Discount,739,1494,3,109,3.46,8.09,16835,1
2723,North America,Social Media,Discount,3227,8367,12,69,1.58,9.9,4754,0
2724,Middle East,Influencer,Brand Awareness,4754,3613,48,92,0.54,8.11,13311,0
2725,South America,Social Media,New Product Launch,4933,3046,37,93,0.67,1.31,16974,1
2726,North America,Email,New Product Launch,3659,7505,10,47,2.82,5.32,1911,1
2727,Middle East,Influencer,Discount,2866,1617,25,100,3.15,4.73,3748,1
2728,Europe,Email,Brand Awareness,2284,6342,21,54,3.28,7.12,10532,1
2729,Europe,Social Media,Brand Awareness,2070,5418,4,5,2.51,6.1,12088,1
2730,North America,Influencer,Brand Awareness,4619,2038,12,83,1.49,8.97,2504,0
2731,Asia,Influencer,New Product Launch,1134,6631,30,104,3.37,4.7,5049,0
2732,North America,Influencer,Brand Awareness,2574,5070,49,29,4.57,11.6,13192,0
2733,Europe,Social Media,New Product Launch,4477,4156,32,114,2.58,9.99,4133,0
2734,North America,Email,New Product Launch,2122,2685,45,8,0.76,9.6,1902,0
2735,Asia,Email,Discount,1897,7904,19,32,2.92,5.32,11486,0
2736,North America,Social Media,Brand Awareness,3680,2912,2,116,3.67,1.68,17753,1
2737,Middle East,Google Ads,Discount,3237,4195,17,29,2.91,6.03,3134,0
2738,South America,Email,Brand Awareness,4583,4547,19,29,2.36,5.39,14829,1
2739,Asia,Google Ads,Brand Awareness,1819,1705,28,27,3.05,6.25,5832,1
2740,Middle East,Influencer,Discount,4442,6479,2,29,3.19,3.28,7080,1
2741,Europe,Social Media,Discount,4015,8075,15,50,3.6,5.23,7989,1
2742,Middle East,Social Media,New Product Launch,182,2100,22,6,2.09,11.99,9186,1
2743,Asia,Social Media,New Product Launch,4423,5655,18,70,3.45,3.39,611,1
2744,Middle East,Google Ads,Discount,1955,1391,24,48,0.56,1.62,5438,1
2745,Asia,Social Media,Discount,4893,1501,38,17,1.2,2.26,13718,1
2746,North America,TV Ads,New Product Launch,4834,8330,42,92,1.96,4.87,13750,1
2747,Europe,Email,Brand Awareness,724,2266,22,70,3.66,7.77,13517,1
2748,South America,Influencer,New Product Launch,2128,6363,39,81,3.75,7.52,7015,1
2749,North America,Email,Discount,3787,1841,21,93,1.82,3.29,18394,1
2750,Middle East,Email,New Product Launch,1446,7000,33,42,2.79,7.71,4714,1
2751,Middle East,TV Ads,Discount,3152,3671,19,85,4.24,10.31,18085,0
2752,Asia,Google Ads,New Product Launch,658,1335,2,43,2.11,2.21,4885,1
2753,North America,Influencer,New Product Launch,1392,1401,15,7,1.58,2.52,1397,1
2754,Middle East,Influencer,Brand Awareness,1852,8882,11,59,1.93,8.13,17905,1
2755,Asia,Google Ads,New Product Launch,2980,677,7,5,4.27,5.07,3168,0
2756,Europe,Email,Discount,4401,4303,23,25,4.46,2.05,14900,1
2757,South America,TV Ads,New Product Launch,4090,6051,38,45,3.43,5.63,12505,1
2758,Middle East,Google Ads,Brand Awareness,1048,6786,47,44,4.35,6.63,14664,1
2759,Middle East,Email,Discount,3763,1594,20,106,2.97,11.32,14423,1
2760,Middle East,Google Ads,Discount,4181,2237,41,54,3.76,11.59,14760,0
2761,Asia,TV Ads,Discount,311,2174,30,44,2.12,7.63,14180,0
2762,North America,Email,Discount,1308,1856,15,29,0.6,10.83,8646,1
2763,Asia,Google Ads,Brand Awareness,118,223,20,58,0.94,6.47,18084,1
2764,Europe,Google Ads,Discount,1397,6609,17,19,3.29,4.68,13963,1
2765,Asia,Social Media,Discount,3197,2374,42,7,1.81,4.72,7479,1
2766,Middle East,Google Ads,New Product Launch,2179,2643,46,109,3.01,4.09,13066,1
2767,Asia,TV Ads,New Product Launch,3768,4432,23,22,1.71,3.88,3056,1
2768,Asia,Influencer,Brand Awareness,2488,5275,15,97,2.24,6.37,7680,1
2769,Middle East,Google Ads,Brand Awareness,3826,2034,2,14,1.28,5.36,13128,1
2770,Europe,Social Media,New Product Launch,331,2311,9,104,2.08,2.73,17108,0
2771,Middle East,Google Ads,Discount,907,5420,23,77,1.23,6.16,17161,1
2772,South America,Email,Brand Awareness,1591,1708,19,66,3.68,7.12,15261,0
2773,North America,TV Ads,Discount,4604,5218,46,71,2.59,3.74,8674,1
2774,Asia,TV Ads,Discount,3757,6765,8,56,4.98,8.91,19638,1
2775,Middle East,TV Ads,Discount,2323,6220,38,22,3.06,6.14,11372,0
2776,Europe,Google Ads,Brand Awareness,1062,8761,8,81,1.29,6.75,12074,0
2777,Asia,Influencer,Discount,3721,3345,39,19,3.28,5.11,2580,1
2778,North America,Google Ads,Discount,2000,7376,35,104,0.97,11.07,2544,1
2779,Middle East,Email,Brand Awareness,1579,6895,3,10,4.54,2.01,11645,1
2780,Europe,Email,Discount,3055,1758,5,65,4.84,5.62,15045,1
2781,South America,Social Media,New Product Launch,3568,6825,16,66,1.85,4.83,3969,1
2782,Middle East,TV Ads,Brand Awareness,602,1248,12,114,1.67,4.2,7177,1
2783,South America,Google Ads,Brand Awareness,2012,1759,22,58,3.26,5.14,19965,0
2784,North America,Social Media,Discount,3866,5647,25,46,3.03,9.64,16460,1
2785,South America,Social Media,Brand Awareness,3711,2064,23,7,2.5,2.45,7361,1
2786,Asia,Google Ads,Discount,918,7900,4,92,0.74,3.18,5944,0
2787,Middle East,Email,New Product Launch,4263,2341,44,54,2.71,4.46,6060,1
2788,South America,Email,Discount,3853,4898,35,12,4.78,1.19,14365,1
2789,Europe,Email,New Product Launch,207,5479,1,79,3.18,9.37,12150,1
2790,Middle East,Email,New Product Launch,499,700,39,95,2.83,6.42,16093,1
2791,North America,Social Media,New Product Launch,4095,5972,22,9,2.96,10.1,826,1
2792,Asia,Influencer,New Product Launch,2462,7489,4,26,3.33,1.41,11421,1
2793,Asia,Influencer,New Product Launch,2220,3652,6,49,3.14,11.51,2474,0
2794,North America,Influencer,Discount,3179,1003,34,98,0.58,11.66,12126,0
2795,Middle East,Influencer,New Product Launch,4506,3790,5,32,0.91,6.99,3150,1
2796,North America,Email,New Product Launch,3891,1982,31,51,2.17,2.14,5648,1
2797,North America,Google Ads,Brand Awareness,3125,5383,30,31,3.17,2.61,5279,1
2798,Asia,Social Media,Discount,2403,4157,29,76,3.45,2.26,18751,1
2799,Europe,TV Ads,Brand Awareness,3155,3576,35,49,2.03,4.73,14147,0
2800,Middle East,TV Ads,Brand Awareness,2609,5102,31,108,1.97,7.19,8712,1
2801,North America,Influencer,Discount,1923,6117,37,87,1.81,8.89,2963,1
2802,Asia,Influencer,Brand Awareness,3574,595,30,66,0.72,10.3,18767,1
2803,Asia,Google Ads,Discount,1976,8717,15,102,4.75,11.53,5601,0
2804,Asia,TV Ads,Brand Awareness,4597,6766,29,45,3.91,10.37,2077,1
2805,Middle East,Email,Brand Awareness,2270,2477,21,110,1.53,6.62,14151,1
2806,North America,TV Ads,Discount,4194,7439,29,116,3.81,11.57,11637,1
2807,North America,Influencer,Brand Awareness,4826,6722,35,11,2.44,9.86,1254,1
2808,North America,Google Ads,New Product Launch,2297,846,42,85,4.24,1.23,1111,0
2809,Europe,Email,Discount,4669,2343,37,82,3.01,11.37,16001,1
2810,North America,TV Ads,New Product Launch,212,7153,4,49,0.7,7.49,16493,1
2811,Middle East,Email,Discount,2432,6405,26,72,3.79,4.28,16908,0
2812,South America,Google Ads,Brand Awareness,2939,6869,26,87,0.96,8.99,5375,1
2813,North America,Social Media,Brand Awareness,1030,5391,43,18,0.6,7.92,5675,1
2814,Middle East,Social Media,New Product Launch,3496,6674,36,44,0.91,8.03,6744,1
2815,North America,Social Media,Discount,3279,2670,12,18,1.16,7.42,11722,0
2816,Middle East,Social Media,Discount,1431,8474,36,12,1.02,9.7,14806,0
2817,Asia,Google Ads,Brand Awareness,1285,1577,28,16,3.11,8.54,19455,0
2818,Asia,Influencer,New Product Launch,4410,4524,21,61,2.73,5.38,18075,0
2819,Europe,Social Media,New Product Launch,3363,3366,2,20,0.83,7.08,2948,1
2820,Europe,Email,Brand Awareness,109,8886,18,95,1.76,4.93,2470,1
2821,Europe,Social Media,New Product Launch,4096,8283,17,55,1.27,1.58,14646,1
2822,Asia,Google Ads,Discount,170,220,11,76,0.54,9.86,2712,1
2823,South America,Email,New Product Launch,4772,4376,14,89,1.82,7.79,16931,1
2824,South America,Google Ads,New Product Launch,260,774,15,11,0.86,4.23,12429,1
2825,Middle East,TV Ads,Brand Awareness,1224,940,12,87,2.69,5.09,14097,1
2826,Asia,Social Media,Discount,2725,5763,2,98,2.17,9.78,19913,0
2827,Europe,Google Ads,Discount,776,8783,2,31,4.39,6.06,11365,1
2828,North America,Google Ads,Discount,4926,7558,33,13,3.81,6.07,7802,1
2829,North America,Social Media,Discount,1321,6588,23,61,2.52,10.18,7988,1
2830,Middle East,Google Ads,Brand Awareness,3935,2108,13,92,1.06,10.32,8593,1
2831,Asia,Google Ads,New Product Launch,2437,6283,4,37,4.13,7.0,5564,1
2832,North America,Influencer,Discount,2734,5125,26,57,4.73,2.76,3769,0
2833,Middle East,Google Ads,Discount,811,4649,2,61,3.72,10.97,8935,1
2834,North America,Google Ads,New Product Launch,2574,1838,41,28,2.41,11.27,11429,1
2835,Asia,Email,Brand Awareness,1629,2657,5,102,3.23,10.22,7222,1
2836,Asia,Social Media,Brand Awareness,2330,422,8,41,3.91,5.64,18606,1
2837,Europe,Email,Discount,236,5818,33,54,3.1,5.38,16196,1
2838,Europe,Influencer,New Product Launch,2383,2786,20,61,3.83,10.94,14070,1
2839,Asia,TV Ads,Brand Awareness,388,5051,10,55,0.93,11.45,4287,1
2840,North America,Influencer,Discount,2108,1104,32,10,2.03,1.23,1477,0
2841,Middle East,Influencer,Discount,4508,3251,27,102,1.93,3.75,6970,1
2842,North America,Email,Brand Awareness,4517,4752,26,97,1.88,6.11,15235,1
2843,Asia,Influencer,New Product Launch,1355,8456,7,10,0.6,9.29,1029,1
2844,Asia,Social Media,New Product Launch,4181,2791,49,27,2.33,9.27,1548,1
2845,Middle East,TV Ads,Discount,4576,5098,6,18,0.53,11.69,5025,1
2846,South America,Social Media,New Product Launch,4516,7713,11,72,0.96,4.68,18795,0
2847,South America,Influencer,Brand Awareness,444,3172,41,53,0.57,6.43,1491,1
2848,Europe,Google Ads,New Product Launch,1962,3996,22,100,2.23,6.98,11795,1
2849,North America,Email,Brand Awareness,865,8482,37,53,4.39,2.08,3600,1
2850,Europe,Google Ads,Brand Awareness,1088,3003,36,31,3.08,2.61,16751,1
2851,South America,Social Media,Brand Awareness,159,1187,10,74,1.94,6.65,1255,0
2852,North America,Social Media,New Product Launch,3968,5812,20,115,2.03,3.13,17297,1
2853,Asia,Influencer,Discount,1921,1013,14,54,4.98,11.72,17042,1
2854,Europe,Email,New Product Launch,138,7977,33,39,3.07,4.22,19709,1
2855,South America,Email,New Product Launch,1650,2462,21,57,4.73,9.09,5292,1
2856,North America,Social Media,Discount,4527,7716,19,105,1.62,4.64,15378,1
2857,Asia,Email,Discount,4400,1894,28,95,2.41,11.66,14773,1
2858,North America,Email,New Product Launch,3154,8420,36,93,4.92,9.4,4415,1
2859,North America,Google Ads,New Product Launch,131,6569,47,51,3.62,5.17,5632,0
2860,Middle East,Influencer,Discount,3856,7855,14,55,0.58,11.59,18636,1
2861,Europe,Influencer,New Product Launch,3506,4163,11,117,1.96,5.53,8282,0
2862,North America,Google Ads,Discount,2927,1220,6,57,2.6,4.66,3561,1
2863,North America,Social Media,Brand Awareness,2732,2531,18,115,4.74,9.76,17208,1
2864,Middle East,Social Media,Brand Awareness,3751,8705,34,108,3.6,1.11,19330,1
2865,South America,Email,New Product Launch,242,6339,22,39,1.28,9.81,15291,1
2866,Middle East,Influencer,New Product Launch,3392,4511,42,22,1.71,11.3,19957,1
2867,South America,Social Media,Discount,2871,1936,40,31,5.0,10.95,14542,0
2868,Asia,Email,Brand Awareness,2090,5934,44,60,2.69,6.62,10593,0
2869,Asia,Google Ads,Discount,2893,968,10,55,2.3,8.47,19324,0
2870,Europe,Email,Brand Awareness,1052,1229,33,21,4.52,7.25,11120,1
2871,Middle East,Social Media,Discount,3686,6519,7,82,4.24,9.74,10831,1
2872,South America,Social Media,Discount,4870,3702,30,61,1.49,8.64,16901,0
2873,North America,Email,Discount,497,4196,45,21,0.52,3.63,16197,1
2874,Europe,TV Ads,New Product Launch,4563,3641,38,109,0.76,3.72,3317,1
2875,Middle East,Google Ads,Brand Awareness,602,4225,39,84,2.52,1.45,14729,0
2876,South America,Influencer,Discount,4394,1534,31,27,2.09,8.88,12484,1
2877,North America,Social Media,Discount,3089,4316,43,35,3.81,1.9,3349,1
2878,Middle East,Google Ads,Brand Awareness,1380,4693,34,10,0.92,11.22,2341,1
2879,Europe,Google Ads,Discount,2935,3363,14,110,1.25,7.67,13441,0
2880,Europe,Social Media,Discount,1194,8245,4,43,4.42,10.73,5992,0
2881,Middle East,Influencer,Brand Awareness,1734,7450,33,114,3.46,9.17,7529,0
2882,Europe,Email,Discount,2404,2460,27,92,1.42,4.53,11915,0
2883,Middle East,Google Ads,Brand Awareness,2744,5568,23,107,4.85,9.95,13414,1
2884,Middle East,Influencer,Discount,815,4297,33,31,2.77,3.94,6804,1
2885,Asia,Google Ads,Discount,4999,3828,14,59,1.44,8.37,1607,1
2886,South America,TV Ads,Brand Awareness,682,5624,22,101,4.93,11.71,1019,1
2887,Asia,Social Media,Discount,1736,3574,35,88,0.85,6.6,4365,1
2888,Middle East,TV Ads,Brand Awareness,1811,6358,27,105,3.34,7.53,12252,1
2889,Asia,Email,Discount,4336,5078,25,20,2.84,2.11,11731,0
2890,Middle East,TV Ads,Discount,4732,1850,21,16,3.85,11.81,12288,1
2891,North America,Influencer,Brand Awareness,3636,3359,13,62,0.65,6.98,11473,0
2892,Asia,Social Media,Brand Awareness,963,4580,49,39,4.56,4.31,19162,1
2893,North America,Email,Discount,823,2034,16,91,3.88,11.23,17851,1
2894,Asia,TV Ads,Discount,2586,3551,45,108,2.73,4.15,19572,1
2895,Middle East,TV Ads,Discount,2931,1875,43,8,3.38,11.92,9304,0
2896,South America,Social Media,New Product Launch,4902,7249,25,114,2.37,11.58,2648,0
2897,Europe,Influencer,Discount,2009,5080,15,36,1.51,1.56,17122,1
2898,Europe,Google Ads,Brand Awareness,3268,4235,25,43,1.8,4.25,17196,1
2899,North America,Google Ads,Discount,3631,7600,5,28,4.76,1.95,3311,1
2900,Asia,Influencer,New Product Launch,612,1084,32,23,0.96,6.39,8895,1
2901,North America,Social Media,Brand Awareness,3705,1038,39,93,0.64,1.18,18627,0
2902,South America,Influencer,Discount,3973,5317,32,112,1.23,4.67,5026,1
2903,Asia,Email,Discount,3036,5461,27,82,3.45,10.44,17600,1
2904,Europe,Google Ads,Brand Awareness,3970,1127,47,89,1.88,3.37,17469,1
2905,South America,Influencer,Brand Awareness,4491,690,9,35,3.01,10.34,19185,1
2906,Middle East,Social Media,New Product Launch,828,3441,23,42,0.5,11.94,6950,1
2907,South America,Influencer,Discount,2644,3390,14,117,1.55,2.5,9634,1
2908,Asia,Google Ads,Brand Awareness,2997,644,47,110,2.21,8.23,5789,1
2909,Asia,Email,Brand Awareness,1091,7582,6,28,2.36,5.34,3352,1
2910,Europe,Social Media,New Product Launch,596,7802,44,61,0.93,8.04,11223,0
2911,North America,Social Media,New Product Launch,4897,4667,21,27,1.46,5.18,1231,1
2912,South America,Google Ads,Brand Awareness,3778,2099,29,72,2.82,10.34,15875,1
2913,Middle East,TV Ads,Brand Awareness,1299,6440,34,72,1.68,5.29,5552,0
2914,South America,Google Ads,New Product Launch,1637,5533,40,109,2.18,10.82,10209,1
2915,Europe,Google Ads,New Product Launch,1106,578,18,83,1.17,5.69,8698,1
2916,North America,Google Ads,Brand Awareness,3909,3942,35,49,3.43,6.23,8962,1
2917,North America,Email,New Product Launch,4518,3033,44,67,3.61,2.85,5313,1
2918,South America,Social Media,Discount,1286,2236,46,51,3.18,5.57,17920,1
2919,South America,Influencer,Discount,1903,2086,46,71,0.72,3.2,9161,0
2920,North America,Email,Discount,580,7803,48,104,1.08,11.0,18326,0
2921,Europe,Google Ads,Discount,2976,5169,21,96,1.98,6.44,12811,1
2922,South America,Influencer,Brand Awareness,3148,2843,46,48,2.34,2.91,15072,0
2923,Europe,Influencer,New Product Launch,1473,1895,10,31,1.8,2.73,7375,1
2924,Asia,Email,Brand Awareness,247,3382,48,112,3.56,10.04,6755,1
2925,Asia,Google Ads,Discount,2659,3458,12,29,4.98,8.83,12262,1
2926,Middle East,TV Ads,Discount,4184,1218,37,83,2.5,6.06,13571,1
2927,Middle East,Social Media,Discount,328,5117,20,20,0.91,3.28,16078,1
2928,Middle East,Influencer,Discount,1493,5045,25,85,0.5,9.16,5089,1
2929,North America,Social Media,Brand Awareness,2476,5685,21,55,1.72,4.79,7382,0
2930,Middle East,Google Ads,Discount,4558,6464,16,67,4.76,7.24,6618,1
2931,North America,Email,New Product Launch,3337,8555,11,57,2.3,8.34,11381,1
2932,Middle East,Google Ads,New Product Launch,4129,4363,2,88,0.92,3.21,14867,0
2933,Europe,TV Ads,Brand Awareness,3980,7294,20,94,2.61,8.02,6476,0
2934,Middle East,Influencer,Discount,581,1889,20,37,4.05,10.82,8681,1
2935,Middle East,TV Ads,Discount,1694,2755,49,93,4.58,7.88,3576,1
2936,Middle East,TV Ads,Discount,586,3373,15,86,3.51,11.96,7910,0
2937,North America,TV Ads,Brand Awareness,829,4417,10,84,4.36,10.94,10829,1
2938,South America,Email,Brand Awareness,1828,1921,47,34,2.45,1.7,1777,1
2939,Middle East,Influencer,Brand Awareness,607,5371,38,6,4.99,6.81,6067,1
2940,Asia,Google Ads,Brand Awareness,4212,4354,25,33,1.29,7.75,10203,0
2941,Middle East,Social Media,New Product Launch,4651,4637,5,28,4.46,11.45,6033,1
2942,Asia,Email,Discount,464,7918,15,85,4.61,1.85,2598,1
2943,South America,Social Media,New Product Launch,3761,6809,2,16,2.44,3.8,1157,0
2944,Asia,Influencer,Brand Awareness,2865,8471,17,49,2.62,6.41,18228,1
2945,Middle East,Email,Discount,3105,2571,21,115,1.04,9.33,9961,0
2946,South America,Email,Brand Awareness,1315,420,19,100,2.01,10.91,12661,1
2947,Europe,TV Ads,Brand Awareness,1978,5475,16,89,0.82,7.19,14428,0
2948,Middle East,Influencer,Brand Awareness,4829,6272,19,103,1.17,9.07,856,1
2949,Middle East,Influencer,Brand Awareness,3943,6657,19,106,0.91,1.95,5441,1
2950,Asia,Google Ads,New Product Launch,2713,8528,21,90,1.4,11.07,4182,1
2951,North America,Influencer,New Product Launch,2832,6024,43,101,3.09,9.33,12280,1
2952,Europe,TV Ads,Brand Awareness,3920,1967,24,109,4.97,4.65,11032,1
2953,Europe,Google Ads,Discount,940,8840,26,13,1.01,5.47,15503,1
2954,Asia,Email,New Product Launch,4223,3177,38,20,1.69,6.39,3249,1
2955,Europe,Google Ads,New Product Launch,1711,828,5,105,1.57,9.54,14099,1
2956,Europe,TV Ads,New Product Launch,858,7740,43,21,1.3,11.04,16605,0
2957,Europe,TV Ads,New Product Launch,1157,3357,3,107,2.61,10.03,10317,1
2958,North America,Social Media,Discount,4679,8629,28,79,1.94,3.87,18474,1
2959,South America,Influencer,Brand Awareness,979,7821,2,76,4.22,6.88,8552,0
2960,North America,Social Media,Brand Awareness,1545,7487,23,104,2.76,11.7,3985,0
2961,Asia,Google Ads,Brand Awareness,2192,1236,42,89,1.26,3.19,18974,1
2962,Middle East,Google Ads,Discount,2793,5902,12,99,3.61,7.44,4978,0
2963,Europe,Google Ads,New Product Launch,4620,1258,47,104,4.52,7.77,15996,0
2964,Europe,Email,New Product Launch,4764,4839,37,45,3.1,9.67,10272,1
2965,Europe,Email,Discount,2746,4924,32,115,2.34,5.7,17281,1
2966,Middle East,Social Media,Brand Awareness,3816,6685,2,99,4.75,7.87,10552,1
2967,North America,Email,New Product Launch,4585,2310,16,115,2.45,8.96,12891,0
2968,South America,Google Ads,Brand Awareness,2225,7153,7,113,0.81,9.6,18950,1
2969,Asia,Google Ads,Brand Awareness,3709,8817,26,63,3.91,8.14,13665,0
2970,Middle East,Social Media,Brand Awareness,1091,8886,8,21,1.35,2.13,13305,0
2971,Middle East,Social Media,New Product Launch,2385,3811,23,66,3.42,2.19,8041,1
2972,South America,Google Ads,New Product Launch,1583,3961,7,75,1.67,4.62,3034,0
2973,Middle East,Social Media,Discount,884,5365,19,80,1.23,6.66,4961,1
2974,North America,Email,New Product Launch,2777,1232,23,41,2.72,6.19,1869,1
2975,South America,Influencer,New Product Launch,1778,7209,13,13,1.38,2.01,5942,1
2976,Asia,Social Media,New Product Launch,876,4175,38,27,2.28,9.12,10716,1
2977,South America,Email,Brand Awareness,3924,1488,17,73,4.63,5.81,6102,0
2978,South America,Influencer,Discount,4592,575,34,35,4.26,3.07,6537,1
2979,Middle East,TV Ads,Discount,1508,5914,17,94,4.21,8.75,11280,1
2980,Middle East,Social Media,New Product Launch,219,5810,23,97,1.71,6.86,17744,1
2981,Middle East,Email,New Product Launch,1557,7795,29,112,3.63,11.63,11782,0
2982,North America,Influencer,New Product Launch,4612,696,47,13,4.92,5.7,11456,1
2983,South America,Google Ads,New Product Launch,4157,2360,37,107,1.39,4.1,8762,0
2984,Middle East,Influencer,Brand Awareness,2132,4774,5,105,3.5,9.75,12224,0
2985,South America,Social Media,Brand Awareness,3442,4656,30,12,1.25,8.95,16655,0
2986,North America,Social Media,Discount,2914,4796,5,43,2.65,10.41,17458,1
2987,Europe,Google Ads,Discount,930,3728,25,61,0.77,4.04,13431,1
2988,Asia,Social Media,Brand Awareness,2578,8683,21,7,1.97,10.57,10663,0
2989,South America,TV Ads,Discount,625,5406,32,8,0.69,7.21,13464,0
2990,Middle East,Google Ads,Brand Awareness,4932,6800,37,90,4.31,11.29,5721,1
2991,Europe,Influencer,New Product Launch,1394,8828,28,88,0.84,11.28,8116,1
2992,South America,Google Ads,Brand Awareness,3891,1098,30,100,1.92,8.46,11719,1
2993,Asia,Email,Discount,1867,6642,21,23,4.44,10.07,11374,0
2994,North America,Email,New Product Launch,709,5131,8,110,2.17,6.95,3673,1
2995,Asia,Google Ads,Discount,1166,5332,16,68,4.18,9.53,16910,0
2996,Middle East,Google Ads,Brand Awareness,3256,1491,9,36,1.1,11.32,8669,1
2997,Asia,Social Media,Discount,2466,5243,7,56,0.83,8.96,11279,0
2998,North America,Influencer,Brand Awareness,3797,5694,2,35,1.47,8.85,14685,1
2999,South America,Influencer,Brand Awareness,2618,1843,37,36,2.09,8.13,5273,0
3000,South America,Influencer,Discount,1274,7892,36,111,2.02,11.5,19838,1
3001,Europe,Influencer,New Product Launch,2572,3114,16,62,3.47,6.93,17696,1
3002,North America,Social Media,Brand Awareness,1756,4901,7,67,0.9,2.2,8657,1
3003,Asia,Email,Discount,1470,6594,23,37,3.75,7.3,16390,0
3004,Asia,Social Media,Brand Awareness,4432,8332,27,8,4.24,6.28,6190,1
3005,North America,Google Ads,New Product Launch,4923,2543,37,12,2.76,4.16,12945,1
3006,Europe,TV Ads,New Product Launch,1233,8635,22,50,2.71,9.98,9501,1
3007,South America,Google Ads,Brand Awareness,2750,7150,3,108,0.93,3.74,654,1
3008,North America,Social Media,Discount,4854,940,4,33,2.21,1.72,11993,1
3009,North America,Social Media,New Product Launch,2927,3998,40,76,1.19,11.09,18882,1
3010,Asia,Google Ads,Brand Awareness,198,430,25,101,3.82,4.07,4955,1
3011,Asia,Influencer,New Product Launch,2659,4561,39,65,1.5,8.67,17582,1
3012,Asia,Google Ads,Brand Awareness,4609,4727,12,44,2.32,6.97,5346,1
3013,Middle East,Google Ads,Discount,2927,8756,10,85,2.12,3.34,4324,1
3014,Middle East,Social Media,Brand Awareness,2424,5810,49,32,4.68,3.44,12320,1
3015,North America,TV Ads,Brand Awareness,563,1584,38,42,1.36,2.03,13102,1
3016,Asia,Email,New Product Launch,4198,7367,24,56,4.39,10.84,16939,1
3017,Middle East,Social Media,New Product Launch,3401,4199,25,33,3.26,3.93,6515,0
3018,North America,Social Media,Discount,3641,5828,42,72,3.31,8.8,5585,1
3019,Middle East,Influencer,Discount,1164,6274,30,96,1.73,7.55,10145,1
3020,Europe,Email,New Product Launch,4843,231,21,46,3.62,8.32,19653,0
3021,South America,Influencer,Discount,4587,8055,8,37,1.14,3.81,9352,0
3022,North America,Social Media,Brand Awareness,3417,3734,21,9,1.49,3.62,5200,1
3023,Asia,Google Ads,Discount,3574,2807,34,106,0.8,6.63,19076,1
3024,Europe,TV Ads,Brand Awareness,462,6622,3,5,0.65,5.1,6766,1
3025,Asia,Social Media,Brand Awareness,3626,5359,13,62,1.99,8.56,13062,1
3026,Asia,Influencer,Discount,2470,6011,6,117,2.72,1.21,10491,0
3027,Europe,Social Media,Brand Awareness,3375,969,37,74,2.31,8.0,12541,1
3028,North America,Influencer,Discount,3816,3928,6,27,3.43,11.05,5402,1
3029,South America,Google Ads,Brand Awareness,4262,1789,3,84,4.32,4.99,5732,1
3030,South America,Email,Discount,1263,1508,35,119,4.92,9.84,14072,1
3031,Middle East,Influencer,Discount,3559,6759,47,94,4.77,3.56,16049,0
3032,South America,Influencer,New Product Launch,3994,6994,8,75,2.5,9.93,19870,1
3033,Europe,Social Media,Discount,151,8984,47,113,3.37,1.41,9747,1
3034,Asia,Email,Discount,4048,5044,3,114,2.27,7.27,3695,1
3035,South America,Google Ads,Brand Awareness,2251,7377,3,15,4.82,6.2,9299,1
3036,Asia,Influencer,Discount,1736,2044,2,55,1.91,2.27,9946,1
3037,Asia,TV Ads,Brand Awareness,655,6717,8,26,2.82,2.42,13740,0
3038,Europe,Influencer,New Product Launch,4172,1102,28,116,2.45,1.4,18210,0
3039,Asia,Social Media,Brand Awareness,4767,664,11,57,1.18,11.25,5032,1
3040,Asia,Email,New Product Launch,3314,6889,37,97,2.21,10.31,12757,0
3041,Middle East,Email,Brand Awareness,3498,5197,18,86,3.59,5.46,11947,1
3042,Asia,Social Media,Discount,4453,6212,48,26,1.27,8.66,13111,1
3043,North America,Influencer,New Product Launch,481,7395,29,9,3.71,3.12,7227,1
3044,Europe,Google Ads,Discount,3712,579,6,47,3.49,8.39,10951,0
3045,North America,TV Ads,Brand Awareness,1432,3802,49,27,3.66,5.79,18298,1
3046,Asia,TV Ads,New Product Launch,1386,824,8,115,2.37,1.38,10377,1
3047,Asia,Google Ads,New Product Launch,1678,7001,15,83,0.92,5.04,10774,0
3048,South America,Social Media,Brand Awareness,4855,8582,21,98,0.82,7.8,6469,1
3049,Middle East,Social Media,Brand Awareness,2481,6347,46,76,0.56,7.8,7629,0
3050,North America,Google Ads,Discount,4243,3806,35,82,4.33,7.15,15603,1
3051,North America,Social Media,Brand Awareness,1510,3724,22,27,0.82,1.08,13707,1
3052,Asia,Email,Discount,933,8709,5,116,1.83,5.37,16042,1
3053,Europe,Google Ads,New Product Launch,4943,942,32,31,3.71,4.11,6112,0
3054,Middle East,TV Ads,Discount,4706,2269,24,99,4.5,8.87,12628,0
3055,Asia,Email,Brand Awareness,4620,3954,35,79,2.52,5.29,6161,0
3056,North America,Google Ads,Discount,1184,4958,2,61,4.51,8.77,13042,1
3057,North America,Influencer,Discount,511,1832,28,108,0.89,6.57,16650,0
3058,Asia,Social Media,New Product Launch,2457,5178,26,22,3.85,11.97,9979,1
3059,North America,Google Ads,Discount,3496,5272,8,70,2.29,11.79,15368,0
3060,North America,Google Ads,New Product Launch,3450,2307,27,49,3.03,5.64,7526,1
3061,Asia,Email,Discount,2346,1218,28,34,3.61,11.6,19114,0
3062,Asia,Email,Discount,4546,5834,14,78,0.74,2.79,16111,0
3063,Europe,TV Ads,Brand Awareness,3328,910,29,63,1.37,5.01,17831,0
3064,Europe,Email,Discount,605,2414,38,103,3.5,4.74,3961,1
3065,Europe,Social Media,Discount,1437,3391,15,17,2.03,10.67,17606,1
3066,Asia,Email,Discount,798,2331,46,68,0.88,3.99,8815,1
3067,North America,Google Ads,Brand Awareness,1356,1849,36,87,1.58,2.49,15123,1
3068,North America,Social Media,Discount,3783,8050,11,47,4.82,4.65,16567,1
3069,Middle East,Social Media,Discount,4717,8330,49,29,4.36,7.74,7526,1
3070,South America,Google Ads,Brand Awareness,192,3161,7,30,3.04,7.24,19788,0
3071,Europe,Social Media,Brand Awareness,2019,8821,27,73,1.2,5.76,2588,0
3072,Asia,Google Ads,Brand Awareness,2235,4451,2,66,4.45,9.26,4085,1
3073,Middle East,Google Ads,New Product Launch,562,5016,43,9,3.14,2.1,3657,0
3074,South America,Email,New Product Launch,4504,901,41,102,3.41,5.25,18063,1
3075,North America,TV Ads,Discount,2775,4915,21,42,3.75,2.29,18280,0
3076,Europe,Google Ads,New Product Launch,992,3447,25,61,1.19,9.09,13045,1
3077,Asia,Email,Brand Awareness,874,5918,47,67,2.62,10.99,2340,0
3078,North America,Influencer,New Product Launch,4304,879,29,89,4.11,4.22,9065,0
3079,Middle East,TV Ads,Brand Awareness,1335,7165,46,94,4.07,7.85,1942,1
3080,North America,Email,New Product Launch,4334,617,36,109,2.58,1.94,5031,1
3081,Asia,Google Ads,Brand Awareness,1299,8701,27,6,2.1,6.82,14101,1
3082,Middle East,TV Ads,New Product Launch,2862,4831,47,98,2.35,10.03,5398,0
3083,South America,Google Ads,Discount,1299,1474,28,19,1.77,3.2,9871,1
3084,North America,Influencer,Discount,4936,7854,37,10,3.74,4.44,9786,1
3085,Middle East,Influencer,New Product Launch,3625,8950,28,23,1.32,1.76,8040,0
3086,Europe,Influencer,Brand Awareness,417,6501,39,44,3.13,1.38,14117,0
3087,North America,Email,Brand Awareness,1467,7021,23,24,0.53,1.79,11568,1
3088,South America,Google Ads,New Product Launch,3132,1971,27,10,4.1,3.78,3894,1
3089,Middle East,Email,Brand Awareness,930,4066,13,72,2.48,3.8,7211,0
3090,South America,TV Ads,Brand Awareness,4076,3831,40,106,4.99,4.24,13627,1
3091,Middle East,Influencer,Brand Awareness,1691,2107,45,98,2.97,2.7,19260,1
3092,Europe,Google Ads,Discount,4340,1995,26,20,2.29,5.13,13625,1
3093,South America,TV Ads,Discount,619,3432,26,109,1.69,4.96,14722,0
3094,Asia,Google Ads,New Product Launch,1265,6628,2,41,1.57,11.0,17301,0
3095,Asia,Email,New Product Launch,2107,1486,36,71,4.99,6.13,12505,1
3096,South America,Google Ads,New Product Launch,2647,5511,47,66,1.71,10.28,10092,1
3097,Europe,Social Media,New Product Launch,1012,6802,34,57,3.58,6.45,10619,1
3098,Asia,Google Ads,New Product Launch,1918,224,24,84,3.74,4.59,3036,1
3099,Asia,Social Media,Brand Awareness,2116,1267,40,110,3.04,4.5,4652,1
3100,North America,Influencer,New Product Launch,2957,1595,7,28,1.56,6.75,4963,1
3101,North America,Influencer,Discount,4583,1683,21,62,3.52,4.45,3980,0
3102,Middle East,Influencer,New Product Launch,814,6481,9,16,4.18,10.72,17039,1
3103,Middle East,Email,Brand Awareness,819,5601,18,68,4.09,7.54,4219,0
3104,South America,Email,Brand Awareness,1635,818,12,58,3.95,8.59,4164,1
3105,Middle East,Google Ads,Brand Awareness,3413,4975,29,30,1.43,11.0,10674,1
3106,South America,Social Media,New Product Launch,2352,2105,9,70,0.57,6.32,13162,1
3107,North America,Google Ads,New Product Launch,895,5802,8,79,3.65,1.55,9881,0
3108,Middle East,Email,Brand Awareness,3644,8014,33,109,1.83,10.38,17784,0
3109,South America,Influencer,Brand Awareness,4938,5185,24,61,2.32,9.42,10679,1
3110,Asia,Social Media,New Product Launch,3106,8668,36,7,1.03,9.01,6642,0
3111,North America,TV Ads,Discount,748,8755,2,112,2.14,4.14,17027,1
3112,South America,Social Media,Brand Awareness,1036,5808,5,16,2.08,1.37,12178,1
3113,Asia,Email,New Product Launch,4204,6840,48,14,4.54,8.64,9088,1
3114,Europe,Google Ads,New Product Launch,646,6156,16,80,1.34,1.27,19713,1
3115,Europe,TV Ads,New Product Launch,3579,2455,20,101,4.72,6.01,18540,1
3116,South America,Social Media,New Product Launch,4172,8179,19,10,0.89,3.8,11654,1
3117,Europe,Email,New Product Launch,3132,8571,25,53,1.22,9.56,3518,1
3118,South America,TV Ads,Brand Awareness,4202,6900,19,5,3.67,7.17,11401,0
3119,Europe,Social Media,New Product Launch,4583,2003,7,81,4.06,2.64,18890,1
3120,Middle East,Google Ads,New Product Launch,1556,782,19,72,1.2,10.02,11644,1
3121,South America,Email,New Product Launch,3341,5071,44,17,3.32,9.57,11971,1
3122,Europe,Google Ads,Brand Awareness,1490,7362,20,48,1.47,6.07,9612,1
3123,Middle East,Social Media,Discount,453,6980,46,84,0.57,4.84,10724,1
3124,North America,TV Ads,New Product Launch,4038,8556,16,109,0.99,11.41,16595,1
3125,Middle East,Google Ads,New Product Launch,1111,5631,46,37,4.95,10.26,12883,1
3126,Middle East,TV Ads,Discount,701,6221,43,21,4.85,9.95,2629,1
3127,Europe,Google Ads,New Product Launch,4920,2307,38,45,1.63,11.3,8605,1
3128,Europe,Email,New Product Launch,305,2116,22,75,1.97,3.49,15446,1
3129,Middle East,Email,New Product Launch,3638,4023,12,89,3.62,7.68,15753,1
3130,North America,TV Ads,Discount,1639,6637,28,7,4.48,3.06,18782,1
3131,Europe,TV Ads,New Product Launch,4085,4266,7,114,0.53,7.9,11908,1
3132,Asia,Google Ads,Discount,3315,6989,16,92,3.38,6.25,11610,0
3133,Middle East,Google Ads,Discount,1421,2236,36,88,4.5,9.87,10523,0
3134,Europe,Email,Brand Awareness,2624,1125,32,25,0.83,7.03,7710,1
3135,Asia,TV Ads,Brand Awareness,2317,5983,19,69,0.95,5.2,15349,1
3136,North America,Influencer,New Product Launch,4570,8615,3,46,4.65,3.37,15194,1
3137,Europe,TV Ads,New Product Launch,526,6406,32,44,4.74,2.69,4209,0
3138,South America,Google Ads,New Product Launch,3224,7226,11,83,4.0,11.83,5089,1
3139,South America,Influencer,Discount,2031,5690,1,107,1.07,2.39,6341,1
3140,Middle East,Social Media,New Product Launch,3057,7653,13,103,1.61,5.49,15446,0
3141,South America,Influencer,New Product Launch,3670,3178,41,107,1.47,5.17,6017,1
3142,Asia,Influencer,Brand Awareness,1148,1063,32,74,3.13,2.38,2477,1
3143,North America,TV Ads,Brand Awareness,1133,1971,15,16,1.39,6.12,3642,1
3144,South America,Email,New Product Launch,2310,8970,26,13,2.26,7.65,3282,1
3145,North America,Influencer,Discount,1854,5184,22,56,4.81,1.27,10135,1
3146,Middle East,Google Ads,New Product Launch,3022,2361,35,84,4.22,11.53,12308,1
3147,South America,Google Ads,Brand Awareness,2808,5551,30,49,0.61,11.23,9809,1
3148,Middle East,Google Ads,New Product Launch,1311,3438,14,7,1.23,11.57,2147,1
3149,Middle East,Influencer,New Product Launch,773,2283,18,87,3.79,6.44,11080,1
3150,North America,Email,Discount,4554,296,20,90,1.16,9.68,2130,0
3151,Europe,Influencer,Brand Awareness,2283,8731,1,5,2.94,4.81,6844,1
3152,North America,Influencer,Discount,739,7857,31,9,3.83,9.7,16709,1
3153,North America,Influencer,Discount,4488,3842,19,15,4.69,1.67,9694,0
3154,Asia,TV Ads,Discount,3521,8427,28,111,3.22,5.27,7405,1
3155,Middle East,TV Ads,Discount,4362,5937,22,105,3.3,5.51,1158,1
3156,Middle East,Google Ads,New Product Launch,1182,6378,46,21,2.34,5.25,4929,0
3157,North America,Email,New Product Launch,4176,5833,14,73,3.25,5.43,8921,1
3158,Asia,Email,Brand Awareness,796,577,4,112,1.61,6.41,6833,1
3159,Middle East,Influencer,Discount,760,7488,16,28,2.55,1.59,13341,1
3160,Asia,Email,Discount,2050,3561,21,78,3.59,2.67,2202,0
3161,Europe,Social Media,Discount,346,5068,26,106,2.95,3.05,6181,1
3162,Middle East,Influencer,New Product Launch,136,853,22,89,4.35,1.43,6142,1
3163,South America,Social Media,New Product Launch,4613,1294,27,86,1.25,6.96,1698,0
3164,Asia,Social Media,Discount,2948,8638,31,86,2.55,3.54,17792,1
3165,Middle East,Email,Brand Awareness,1538,6358,10,75,2.27,9.34,9107,1
3166,North America,Social Media,Brand Awareness,3708,5372,1,59,3.2,2.3,1313,1
3167,North America,Email,Brand Awareness,4081,2653,28,88,1.31,9.78,10386,0
3168,South America,Influencer,Brand Awareness,2668,7379,46,23,3.01,10.58,11697,1
3169,Asia,TV Ads,Brand Awareness,3187,4028,45,84,1.83,7.48,3860,1
3170,Asia,Influencer,New Product Launch,1166,3587,13,36,2.81,7.98,4985,1
3171,North America,Influencer,Brand Awareness,2700,7900,10,116,3.11,11.42,10509,1
3172,South America,Social Media,New Product Launch,3357,7648,12,85,0.79,1.21,19441,1
3173,Europe,Email,Discount,3845,7292,25,66,2.71,11.55,18746,0
3174,Asia,Email,New Product Launch,3809,1395,17,56,2.36,5.98,15651,1
3175,Europe,Email,Discount,1318,3156,35,100,4.3,4.56,7810,0
3176,Asia,TV Ads,New Product Launch,4158,8125,20,26,2.22,9.87,19752,0
3177,North America,TV Ads,New Product Launch,3313,8383,18,49,2.12,10.14,9380,0
3178,South America,Social Media,Discount,2319,3794,15,70,1.51,9.71,5275,0
3179,North America,Email,New Product Launch,212,6820,4,112,3.52,10.85,1741,0
3180,North America,TV Ads,Discount,1179,443,23,10,4.87,6.27,13921,1
3181,Europe,Email,New Product Launch,3185,6869,40,93,4.52,11.0,2576,1
3182,Asia,Google Ads,New Product Launch,2637,5291,28,79,3.04,8.08,4639,0
3183,Asia,TV Ads,Discount,2293,533,10,14,1.54,9.58,3260,1
3184,Middle East,Social Media,New Product Launch,865,1647,31,111,3.97,10.3,2832,0
3185,Europe,Influencer,Brand Awareness,4868,7680,34,100,4.22,10.7,6882,1
3186,Asia,Email,New Product Launch,1749,4037,1,82,2.29,4.69,4101,1
3187,South America,Email,Discount,4867,6293,40,76,2.26,11.99,6593,1
3188,North America,TV Ads,New Product Launch,4054,4949,44,36,4.36,6.43,13208,1
3189,Asia,Social Media,Brand Awareness,2269,5776,5,79,0.56,10.8,7484,1
3190,Middle East,Social Media,Discount,200,2177,30,106,4.69,4.53,8773,1
3191,South America,Social Media,Brand Awareness,675,8386,3,81,3.82,11.95,2449,1
3192,Middle East,Email,Brand Awareness,3641,1392,49,14,1.01,6.95,13953,0
3193,Asia,Social Media,New Product Launch,172,1423,15,44,2.25,11.44,14100,1
3194,Asia,Email,New Product Launch,3429,6017,40,102,2.38,8.63,6332,1
3195,North America,TV Ads,Discount,419,6572,10,30,2.27,8.4,6058,1
3196,Europe,Social Media,New Product Launch,1525,686,24,14,3.21,2.43,4122,1
3197,North America,Email,Brand Awareness,1777,5494,47,115,3.54,3.21,19916,1
3198,Middle East,Influencer,New Product Launch,3511,2721,40,21,1.66,2.88,16900,1
3199,Middle East,Influencer,New Product Launch,796,8350,10,20,2.59,1.37,5817,1
3200,North America,Influencer,New Product Launch,2440,919,31,73,2.89,6.42,4822,1
3201,Asia,Email,Brand Awareness,4216,6147,12,41,1.8,3.28,15213,1
3202,Middle East,TV Ads,New Product Launch,1267,2845,46,30,1.31,1.23,7845,0
3203,Asia,Influencer,New Product Launch,336,4482,42,27,3.12,11.62,2264,1
3204,South America,Social Media,Discount,2071,5232,29,115,3.08,1.81,18501,1
3205,Middle East,Influencer,Discount,1716,7292,4,61,1.34,11.38,4934,1
3206,South America,Email,New Product Launch,4928,1933,24,97,4.54,4.28,10600,1
3207,Asia,Influencer,Brand Awareness,4118,8193,37,60,3.98,9.12,19054,1
3208,Europe,Email,Discount,1188,7966,16,64,2.89,4.28,7873,1
3209,Middle East,Google Ads,New Product Launch,1208,4236,1,32,2.09,11.92,9478,1
3210,Middle East,Email,New Product Launch,4541,2121,10,54,1.41,5.42,19002,1
3211,South America,TV Ads,Brand Awareness,4546,4623,11,81,0.73,4.61,10789,1
3212,South America,Social Media,Discount,1422,7086,29,57,3.81,4.49,2096,0
3213,North America,Email,Brand Awareness,1980,3653,38,87,4.32,5.86,1356,0
3214,North America,Google Ads,Brand Awareness,1043,901,24,96,2.31,7.68,13226,0
3215,Asia,Influencer,New Product Launch,3438,6642,11,88,4.15,10.16,10291,0
3216,Middle East,TV Ads,Brand Awareness,4947,8656,22,48,1.64,8.7,7489,1
3217,Asia,TV Ads,Discount,4796,4345,29,5,3.49,5.82,9299,1
3218,North America,Email,Brand Awareness,4272,1421,24,81,2.15,6.94,5125,0
3219,South America,Google Ads,Discount,4481,8758,11,12,1.66,10.16,5888,1
3220,Europe,Social Media,Brand Awareness,1750,8196,49,59,3.01,6.94,10348,1
3221,Asia,Influencer,Brand Awareness,434,7854,23,48,3.29,11.66,18842,1
3222,Middle East,Social Media,New Product Launch,4608,6185,43,49,2.53,2.87,10147,1
3223,Europe,TV Ads,Brand Awareness,3533,1613,8,106,3.89,9.63,6329,1
3224,Asia,Social Media,Brand Awareness,1698,6717,5,28,2.73,7.65,18590,1
3225,Asia,Social Media,Brand Awareness,4033,1001,13,100,2.67,9.11,7257,1
3226,South America,Influencer,Brand Awareness,4424,7412,47,42,1.11,3.1,4129,1
3227,South America,Social Media,Discount,4713,4897,46,101,2.96,7.28,19749,0
3228,Middle East,TV Ads,Brand Awareness,2877,3007,6,57,0.83,2.88,13963,1
3229,Asia,Influencer,Discount,668,5226,15,57,2.8,7.33,8231,0
3230,Middle East,Email,New Product Launch,2918,1342,43,47,3.94,6.92,3171,1
3231,South America,Google Ads,Discount,3178,750,25,119,4.19,1.68,10437,0
3232,South America,TV Ads,New Product Launch,3920,1312,36,41,2.74,7.77,16794,0
3233,South America,TV Ads,New Product Launch,3935,456,18,25,2.06,1.83,16857,0
3234,Middle East,TV Ads,Brand Awareness,1193,2412,36,59,2.44,6.86,17582,1
3235,North America,Email,Brand Awareness,4483,6246,30,47,3.59,2.59,6673,1
3236,Europe,Influencer,Brand Awareness,2665,5787,14,95,2.75,2.62,18046,1
3237,Europe,Influencer,Brand Awareness,2321,2992,20,48,1.55,5.24,18426,1
3238,North America,Google Ads,New Product Launch,1134,2771,44,86,2.18,6.0,13704,0
3239,Europe,Google Ads,New Product Launch,699,8388,21,55,3.69,9.15,7427,0
3240,Asia,Social Media,Discount,2781,8688,40,60,3.11,1.36,17749,1
3241,Middle East,Influencer,Discount,4885,568,40,7,4.65,4.15,9851,1
3242,Asia,Social Media,New Product Launch,4483,5561,26,74,3.34,9.98,11399,0
3243,Europe,Social Media,New Product Launch,2093,7160,13,76,0.61,10.02,10372,0
3244,South America,Social Media,Discount,3707,3465,23,30,4.09,11.09,17229,1
3245,Europe,Social Media,Discount,546,7539,27,6,3.93,2.6,18859,1
3246,Asia,Email,Discount,1650,3585,9,34,2.6,6.65,8120,1
3247,South America,Social Media,Discount,338,4405,48,23,2.76,7.59,7621,1
3248,Middle East,Social Media,Discount,1052,4981,35,102,3.58,11.1,5800,1
3249,Asia,TV Ads,Brand Awareness,200,4807,27,103,3.46,9.76,16015,1
3250,Asia,Email,New Product Launch,835,3216,43,58,0.8,2.9,18816,1
3251,Middle East,Social Media,Discount,922,6560,26,55,2.11,9.67,11263,1
3252,Europe,Email,New Product Launch,3011,1338,16,80,3.92,5.38,10220,0
3253,Middle East,Email,New Product Launch,3453,5354,24,103,1.32,4.74,19339,0
3254,Europe,Email,Discount,241,6343,23,92,2.56,1.68,18792,1
3255,South America,Influencer,Brand Awareness,908,4373,44,117,3.84,1.48,13012,0
3256,North America,Email,New Product Launch,4480,1143,22,55,2.18,5.31,13988,0
3257,North America,Google Ads,Brand Awareness,4926,2083,45,112,3.13,2.23,3295,0
3258,Europe,Google Ads,Brand Awareness,805,1058,37,115,3.55,9.54,3170,0
3259,Middle East,TV Ads,Brand Awareness,189,7407,8,79,3.63,7.51,4036,1
3260,North America,Influencer,New Product Launch,4614,7331,24,50,1.75,8.05,13096,0
3261,South America,TV Ads,New Product Launch,2647,6701,33,60,4.83,9.73,16671,0
3262,Middle East,Email,New Product Launch,4674,949,25,119,1.14,5.71,18770,0
3263,Asia,TV Ads,Discount,1384,4552,6,86,1.27,8.37,7072,0
3264,Europe,Influencer,Discount,2633,3446,28,59,0.97,5.54,10107,1
3265,South America,Social Media,Brand Awareness,1380,4753,3,67,1.64,3.24,2438,1
3266,North America,Influencer,New Product Launch,1494,1889,49,79,0.68,5.14,2405,1
3267,Asia,Influencer,Discount,1917,1073,4,15,1.78,11.72,5110,1
3268,South America,Social Media,Discount,2126,4241,8,50,2.0,6.5,5461,1
3269,Middle East,Email,Brand Awareness,1971,8014,27,60,1.63,7.59,19119,0
3270,South America,TV Ads,Brand Awareness,3848,4885,42,36,2.99,11.15,14552,1
3271,Asia,Influencer,Brand Awareness,3178,8262,42,46,1.49,3.13,3634,0
3272,Middle East,Email,Brand Awareness,4636,8858,40,48,4.31,10.57,5377,0
3273,Middle East,Social Media,Brand Awareness,1455,1794,15,83,4.92,1.13,5612,1
3274,North America,Influencer,Brand Awareness,551,2770,9,88,0.68,1.14,5799,0
3275,Middle East,TV Ads,Brand Awareness,941,8393,35,57,4.25,8.25,16315,1
3276,Asia,TV Ads,Discount,3997,2203,49,9,2.56,5.18,7675,1
3277,Asia,Social Media,Discount,345,7377,8,44,3.66,6.06,7302,0
3278,Asia,Google Ads,Brand Awareness,3497,6300,19,28,0.97,6.76,10152,1
3279,Middle East,Social Media,New Product Launch,3514,6860,19,27,4.12,3.93,19993,1
3280,Europe,Google Ads,New Product Launch,4679,1293,33,33,3.96,11.22,16570,1
3281,Asia,TV Ads,Discount,286,930,23,95,1.92,3.99,15420,0
3282,South America,Social Media,Discount,1328,7386,15,63,4.7,10.27,16647,1
3283,Asia,Influencer,Brand Awareness,2571,7533,39,99,3.13,3.28,1861,1
3284,Middle East,Influencer,Discount,383,7630,16,45,3.25,1.0,18288,0
3285,Middle East,TV Ads,Brand Awareness,819,5097,35,102,2.14,8.67,4893,1
3286,Middle East,TV Ads,Brand Awareness,2774,6861,8,71,4.27,2.8,17936,1
3287,Middle East,Influencer,Discount,4098,8652,43,42,3.25,6.74,6251,1
3288,South America,Social Media,New Product Launch,3733,5286,37,78,4.9,8.57,10227,1
3289,Asia,Email,Discount,2145,1596,34,90,3.63,1.21,17512,1
3290,Europe,Social Media,Brand Awareness,3054,6142,38,25,4.3,6.38,17428,1
3291,North America,Social Media,Brand Awareness,1359,7410,6,53,2.9,7.93,7178,1
3292,North America,Google Ads,Brand Awareness,3137,2935,16,81,0.59,4.91,9744,1
3293,North America,Google Ads,Brand Awareness,191,2295,24,97,4.82,1.03,15681,1
3294,South America,Influencer,Discount,4566,1237,37,89,4.62,9.43,10002,1
3295,South America,Influencer,New Product Launch,718,5804,25,100,3.78,5.41,17378,0
3296,Middle East,Email,New Product Launch,715,8055,30,14,4.92,7.52,2931,1
3297,Europe,TV Ads,New Product Launch,826,3377,31,63,2.02,5.51,15140,1
3298,Europe,Google Ads,Discount,2902,5571,1,112,2.54,6.99,3990,1
3299,Asia,Google Ads,New Product Launch,1158,4842,41,41,3.81,10.95,1428,1
3300,North America,Email,Discount,3184,6829,29,91,2.64,11.22,5989,0
3301,North America,Influencer,Brand Awareness,1400,5348,47,93,4.72,6.16,19048,1
3302,South America,Email,Brand Awareness,687,4701,3,28,2.77,4.64,14978,1
3303,Asia,TV Ads,Discount,809,4786,48,114,3.62,3.21,712,1
3304,North America,TV Ads,Discount,3806,5906,41,25,2.51,2.35,15050,1
3305,Asia,TV Ads,New Product Launch,4446,1241,9,83,2.74,10.88,3966,1
3306,Asia,TV Ads,Brand Awareness,3111,1688,49,98,1.68,1.35,12615,0
3307,Europe,Social Media,New Product Launch,1093,2812,1,84,4.59,11.19,11309,1
3308,North America,Google Ads,New Product Launch,1852,3183,15,60,3.3,11.43,4137,1
3309,North America,Google Ads,Brand Awareness,1157,379,16,36,0.78,7.48,17882,1
3310,South America,Social Media,Brand Awareness,3430,534,17,113,0.55,10.5,19578,0
3311,Europe,Social Media,Brand Awareness,3974,3720,6,116,3.22,7.41,3044,1
3312,North America,Google Ads,New Product Launch,2228,5338,27,94,4.64,2.19,2067,1
3313,Europe,Google Ads,Discount,1804,7509,15,32,1.7,4.73,12047,1
3314,Europe,TV Ads,Brand Awareness,2989,6514,42,79,3.74,2.38,13219,1
3315,Middle East,TV Ads,Discount,2395,7490,37,31,3.34,2.13,19801,1
3316,South America,Social Media,New Product Launch,1163,5512,36,68,4.04,1.64,1409,0
3317,Asia,Email,New Product Launch,3047,2840,45,88,3.08,8.34,6748,1
3318,South America,Social Media,Discount,1243,7666,46,42,2.71,1.03,999,1
3319,Asia,TV Ads,New Product Launch,4839,5598,24,114,4.82,8.69,9778,0
3320,Asia,Email,New Product Launch,2711,7565,11,64,2.22,9.32,3152,1
3321,North America,Influencer,New Product Launch,3423,6887,2,99,3.29,11.14,2711,1
3322,Europe,Email,New Product Launch,4436,1049,29,60,1.38,4.22,9834,1
3323,Europe,Social Media,Brand Awareness,3350,1839,6,90,4.98,1.71,18672,1
3324,Europe,Influencer,Discount,3219,806,20,42,0.77,7.1,18887,1
3325,North America,Influencer,New Product Launch,4660,2887,41,86,3.14,4.69,8932,1
3326,North America,Google Ads,Brand Awareness,564,1306,3,13,0.81,4.72,6414,1
3327,Middle East,TV Ads,New Product Launch,4411,7443,12,112,1.4,10.21,19741,1
3328,South America,Influencer,Brand Awareness,3020,279,48,17,0.68,2.28,8999,1
3329,South America,TV Ads,New Product Launch,4246,8861,13,110,3.81,4.94,16122,0
3330,Asia,TV Ads,Discount,2489,480,13,100,3.34,6.54,12727,1
3331,Europe,Email,Discount,4574,371,45,29,1.6,2.19,19297,0
3332,Europe,Social Media,Discount,3330,5471,16,113,2.38,4.66,4810,1
3333,Asia,Email,New Product Launch,3444,6303,35,35,0.83,4.51,17030,1
3334,Asia,Google Ads,New Product Launch,1175,8683,8,38,1.51,11.41,8534,0
3335,South America,TV Ads,New Product Launch,787,8276,39,112,4.05,4.17,16398,0
3336,Asia,Social Media,Brand Awareness,763,3758,47,40,4.15,9.37,14776,1
3337,Asia,TV Ads,Discount,1380,5074,8,102,1.08,9.6,19415,0
3338,Asia,TV Ads,Brand Awareness,282,4883,16,60,4.21,3.81,11840,1
3339,Asia,Influencer,Brand Awareness,3979,6413,12,7,2.04,11.64,600,1
3340,Europe,Social Media,Discount,1276,7704,30,58,4.58,4.24,9408,1
3341,North America,Influencer,Discount,4608,235,30,89,3.1,1.77,12051,1
3342,South America,Social Media,Discount,3566,6662,48,27,3.75,1.39,17675,1
3343,Middle East,Influencer,Brand Awareness,3539,4870,29,110,3.15,11.54,18414,1
3344,Asia,Influencer,Discount,2967,8507,18,31,3.8,3.32,2813,0
3345,North America,Influencer,New Product Launch,511,6017,19,76,4.47,4.01,2960,1
3346,South America,Email,New Product Launch,168,7743,4,26,1.19,1.33,8459,0
3347,South America,TV Ads,New Product Launch,3766,315,18,64,1.29,3.35,17679,1
3348,Europe,Influencer,Discount,1494,3031,24,74,3.7,6.27,16497,1
3349,South America,TV Ads,New Product Launch,2136,4744,36,33,1.45,4.38,17543,0
3350,Asia,Email,Brand Awareness,1646,8475,15,58,4.09,7.31,3088,1
3351,Middle East,Google Ads,Discount,250,4922,28,24,3.99,1.64,16577,1
3352,Asia,Email,Brand Awareness,1349,6268,31,20,4.3,9.65,5576,1
3353,Asia,Google Ads,New Product Launch,2265,6041,41,37,2.31,10.95,6752,1
3354,Asia,Google Ads,New Product Launch,454,5492,17,91,3.26,1.14,17799,1
3355,South America,TV Ads,Brand Awareness,1414,6167,8,82,1.43,2.95,6221,1
3356,Asia,Email,New Product Launch,3901,7715,47,92,1.65,5.85,1423,0
3357,Middle East,Google Ads,New Product Launch,4147,5716,18,24,1.73,11.47,6989,1
3358,Europe,Google Ads,Brand Awareness,2945,1161,40,21,4.2,9.41,17859,0
3359,Middle East,TV Ads,Brand Awareness,719,1319,29,13,3.68,2.26,11859,1
3360,Europe,Influencer,Discount,4290,4402,41,95,1.32,2.99,15637,1
3361,Middle East,Email,Brand Awareness,616,790,29,119,4.27,8.02,4596,1
3362,Middle East,Email,Discount,3727,302,14,53,2.79,3.4,2656,0
3363,South America,Social Media,Discount,3355,6224,27,103,2.44,9.5,12718,1
3364,South America,Google Ads,New Product Launch,1163,3517,20,106,0.69,10.03,3024,1
3365,Europe,Email,Discount,1594,5672,33,53,1.8,3.8,7141,1
3366,Europe,Influencer,New Product Launch,499,5690,47,112,1.92,2.41,2773,0
3367,Middle East,Google Ads,Discount,910,2584,45,18,3.14,8.86,6831,1
3368,Europe,Google Ads,Discount,4944,7881,6,102,1.32,10.49,4657,0
3369,Asia,Influencer,New Product Launch,4825,4849,23,32,3.66,3.3,17057,0
3370,Asia,Social Media,Discount,4053,7886,27,119,4.73,9.31,14297,1
3371,South America,TV Ads,Brand Awareness,3380,8653,2,31,3.05,7.78,18794,0
3372,South America,Email,New Product Launch,1925,4918,4,27,0.63,6.92,11813,1
3373,Europe,Social Media,Discount,1657,5858,35,38,1.83,1.79,13621,0
3374,South America,Influencer,Brand Awareness,548,3671,2,50,4.87,5.29,18957,0
3375,Europe,Influencer,Brand Awareness,1048,8062,14,93,1.43,5.97,17604,1
3376,Middle East,Email,Brand Awareness,3645,2990,26,89,2.49,8.56,8912,0
3377,North America,TV Ads,New Product Launch,4807,2178,33,64,4.03,4.0,14392,1
3378,Middle East,Email,Brand Awareness,3730,972,13,35,1.22,6.04,12964,1
3379,North America,Google Ads,New Product Launch,1535,5553,7,98,4.94,6.73,2945,1
3380,North America,Influencer,Discount,2341,684,18,99,2.32,6.21,10832,1
3381,South America,Google Ads,New Product Launch,4495,799,46,48,1.52,3.13,14465,0
3382,Asia,TV Ads,Discount,4660,1780,18,107,4.2,7.4,6222,0
3383,Europe,Email,New Product Launch,2594,232,6,45,4.84,8.58,849,1
3384,South America,Email,Discount,2089,6338,8,30,1.32,6.37,8076,0
3385,Middle East,Social Media,Discount,4088,6324,30,51,3.43,8.99,19317,1
3386,Asia,Google Ads,Brand Awareness,3392,6514,47,91,2.8,10.73,10053,0
3387,Asia,Social Media,Discount,856,6586,1,104,0.65,3.9,5844,1
3388,Europe,Email,Discount,1430,4637,33,42,1.43,2.01,5310,1
3389,Asia,TV Ads,New Product Launch,3074,8206,6,109,3.44,8.65,13578,1
3390,Asia,Email,New Product Launch,2632,3450,38,83,2.44,2.96,12737,1
3391,North America,TV Ads,Brand Awareness,585,1778,21,54,1.95,11.12,7232,1
3392,North America,Social Media,Discount,373,2484,36,41,4.33,8.2,12212,1
3393,South America,Social Media,New Product Launch,4004,1334,34,107,3.08,6.19,4027,0
3394,South America,Influencer,Brand Awareness,4010,7648,28,51,3.02,3.35,18288,1
3395,Middle East,Google Ads,Discount,4927,753,22,17,4.71,7.57,11866,1
3396,Asia,Google Ads,Discount,4385,6826,16,28,4.67,11.45,14376,1
3397,South America,Influencer,Brand Awareness,434,207,47,55,4.5,9.71,8497,1
3398,Middle East,Influencer,New Product Launch,347,4105,39,73,4.24,8.81,4917,1
3399,Asia,Social Media,Discount,1281,7652,49,53,4.74,5.93,2963,1
3400,North America,Google Ads,New Product Launch,259,5963,2,89,1.36,8.03,9899,1
3401,North America,Email,New Product Launch,3631,6747,20,101,0.77,3.43,13006,1
3402,Middle East,Google Ads,Discount,328,7756,29,42,3.98,5.21,7873,1
3403,North America,TV Ads,New Product Launch,4410,5454,14,84,1.28,3.66,10335,0
3404,North America,TV Ads,New Product Launch,4669,5962,12,6,3.65,1.84,14712,1
3405,North America,Social Media,Discount,532,756,28,105,1.93,4.79,2672,1
3406,Middle East,TV Ads,Brand Awareness,1229,6830,39,18,3.47,3.74,1150,1
3407,North America,Social Media,Discount,2578,3571,18,37,1.47,10.3,2376,1
3408,Europe,Social Media,New Product Launch,1827,2042,30,90,3.93,3.64,15496,1
3409,South America,Google Ads,Discount,3235,6062,18,5,1.59,3.74,2062,1
3410,North America,Social Media,New Product Launch,428,5559,22,65,4.07,9.29,18320,0
3411,Europe,Social Media,Discount,2783,5721,39,101,3.19,4.77,13446,1
3412,Middle East,Social Media,Discount,2929,5562,43,81,0.85,10.66,6818,0
3413,South America,Influencer,New Product Launch,2259,7394,49,88,1.53,9.67,1203,0
3414,Europe,TV Ads,Brand Awareness,4521,8096,28,33,3.32,3.4,11892,1
3415,South America,TV Ads,Brand Awareness,1544,7208,30,16,2.45,9.61,5945,1
3416,Middle East,Social Media,New Product Launch,3490,803,24,78,0.8,6.86,1107,1
3417,North America,Social Media,New Product Launch,139,7027,2,70,3.92,3.39,19408,0
3418,North America,Email,Discount,3403,1319,30,23,4.2,9.51,11525,1
3419,South America,Social Media,Brand Awareness,1824,790,32,110,1.3,1.17,12366,1
3420,Middle East,Influencer,Brand Awareness,3624,4345,40,31,2.31,11.05,3598,1
3421,Asia,Social Media,Discount,4838,6128,12,103,2.83,2.25,9485,1
3422,North America,Influencer,New Product Launch,3113,8362,7,89,3.46,3.13,3133,1
3423,Middle East,Influencer,New Product Launch,1552,1183,19,94,2.71,6.22,3336,1
3424,Middle East,Email,New Product Launch,3604,5430,9,54,4.97,6.24,5588,1
3425,Asia,Email,Brand Awareness,133,291,42,44,2.28,11.46,15284,0
3426,Europe,TV Ads,Brand Awareness,759,1923,11,21,3.74,5.53,7562,1
3427,South America,Google Ads,Discount,1286,1922,4,116,2.78,4.35,18857,0
3428,Europe,Social Media,New Product Launch,3802,6635,5,16,2.49,5.43,698,0
3429,North America,Social Media,Discount,1906,3968,22,51,4.89,9.69,14719,0
3430,Middle East,Email,Brand Awareness,3377,5225,8,5,1.28,3.41,9945,1
3431,Middle East,Google Ads,Discount,3344,2380,22,47,3.52,1.29,12500,1
3432,Middle East,Social Media,Brand Awareness,1824,4305,44,71,2.26,7.26,15285,1
3433,South America,Google Ads,Brand Awareness,1441,1808,41,64,0.94,7.05,17871,0
3434,North America,Email,New Product Launch,1176,7180,17,32,0.55,1.98,18929,0
3435,Middle East,Influencer,New Product Launch,3530,7358,9,89,1.65,1.63,14787,0
3436,South America,Email,Brand Awareness,1458,2775,39,16,2.93,9.73,12409,1
3437,Europe,Google Ads,New Product Launch,4272,8031,5,89,1.11,11.89,4819,0
3438,South America,Google Ads,New Product Launch,173,3717,31,116,2.26,4.69,8932,1
3439,North America,Influencer,Brand Awareness,4064,757,4,98,4.24,3.45,4386,1
3440,Middle East,Social Media,New Product Launch,3775,7380,8,99,4.89,3.76,17251,0
3441,North America,Influencer,Brand Awareness,676,4311,34,44,2.29,2.77,16342,1
3442,Europe,Email,Brand Awareness,1683,4478,18,110,1.1,4.69,9130,1
3443,Europe,Google Ads,Discount,2119,7288,19,87,2.38,5.85,15964,0
3444,North America,TV Ads,Brand Awareness,1836,5641,9,117,4.68,2.68,18166,1
3445,Asia,Email,New Product Launch,823,2308,25,96,4.57,1.48,761,1
3446,North America,Google Ads,New Product Launch,2412,3574,33,102,0.66,5.29,2486,1
3447,South America,Influencer,Discount,1149,7429,18,44,4.05,1.37,18602,0
3448,Asia,Email,Discount,2492,299,5,117,4.73,5.61,9195,1
3449,Asia,Influencer,New Product Launch,4815,5896,3,98,2.54,1.02,15854,1
3450,South America,TV Ads,Discount,358,2846,6,44,4.65,11.94,3436,1
3451,Asia,Influencer,Brand Awareness,3395,2428,5,32,2.6,7.11,1151,1
3452,Middle East,Email,Brand Awareness,1497,8950,18,102,3.81,8.63,639,1
3453,South America,Influencer,New Product Launch,3635,2253,24,20,2.49,7.99,14681,0
3454,Europe,Influencer,New Product Launch,2751,7052,18,60,3.49,11.97,10932,1
3455,North America,TV Ads,New Product Launch,1464,1745,45,5,4.28,9.56,8992,1
3456,Middle East,Email,Brand Awareness,4865,1351,38,12,1.2,9.23,2849,1
3457,Europe,Social Media,Discount,1557,2392,15,67,3.11,4.56,10643,1
3458,Asia,Social Media,Discount,4014,8098,27,89,3.47,1.3,5697,1
3459,Middle East,Google Ads,Discount,834,7926,35,94,3.28,5.42,6663,0
3460,Middle East,Influencer,Brand Awareness,4255,6115,24,99,3.6,6.98,14466,1
3461,South America,Influencer,Brand Awareness,3145,283,6,94,1.99,1.08,11044,0
3462,Europe,Email,Brand Awareness,1569,8365,6,80,3.64,2.91,8108,1
3463,Europe,TV Ads,New Product Launch,1809,4354,27,97,0.5,10.79,15361,1
3464,Middle East,Google Ads,Discount,2193,6754,43,109,3.52,5.57,11371,1
3465,Europe,TV Ads,Brand Awareness,1099,3048,13,30,2.81,3.25,14464,1
3466,Europe,Email,Discount,2240,7455,17,19,4.84,6.53,8284,1
3467,Middle East,TV Ads,New Product Launch,4977,2054,36,54,3.66,1.85,15940,1
3468,Middle East,Social Media,Discount,886,851,37,43,1.02,5.81,4424,1
3469,Middle East,TV Ads,New Product Launch,452,1805,46,63,0.94,11.23,11339,1
3470,South America,Social Media,Discount,3224,484,20,12,3.1,5.97,15530,0
3471,South America,Google Ads,Brand Awareness,455,7405,42,110,0.8,3.95,12591,1
3472,Europe,Email,Discount,399,8098,34,70,3.45,2.29,756,1
3473,South America,Google Ads,Discount,3784,1593,31,8,1.52,1.71,7403,1
3474,South America,Social Media,Discount,4890,8113,36,69,4.76,1.61,11424,1
3475,Middle East,Google Ads,Brand Awareness,1528,8156,26,88,3.2,8.3,6841,1
3476,Asia,TV Ads,New Product Launch,1122,5969,1,102,2.22,11.29,827,1
3477,South America,TV Ads,New Product Launch,4310,5991,43,37,4.0,7.7,13433,0
3478,South America,Google Ads,Brand Awareness,3953,8043,12,30,0.77,11.66,15263,1
3479,Asia,Google Ads,Discount,2487,8732,39,50,0.64,1.31,13856,0
3480,Middle East,Email,New Product Launch,2190,4352,2,90,0.97,9.67,19107,1
3481,Middle East,Influencer,Brand Awareness,2931,5332,31,32,3.62,4.81,1442,1
3482,Middle East,Email,Discount,1713,2562,38,77,4.72,3.47,16158,0
3483,North America,Influencer,New Product Launch,4819,8230,1,25,4.67,4.72,19740,1
3484,North America,Social Media,Brand Awareness,3143,7175,16,95,3.87,7.78,13673,0
3485,South America,Google Ads,Brand Awareness,1301,622,41,33,3.53,3.5,14208,0
3486,South America,TV Ads,Brand Awareness,4749,1593,44,37,2.36,1.25,14025,0
3487,Asia,TV Ads,Discount,1387,8070,45,14,2.26,7.71,15448,1
3488,Europe,Google Ads,Discount,659,6073,5,96,1.93,2.9,9885,1
3489,Asia,Email,New Product Launch,1933,6422,47,25,0.57,1.04,4276,1
3490,Europe,TV Ads,New Product Launch,4526,404,12,94,0.73,3.03,3208,0
3491,Middle East,Email,Discount,4704,6443,44,29,3.02,2.74,8015,0
3492,South America,TV Ads,New Product Launch,2883,546,28,54,4.05,8.13,18197,0
3493,South America,Social Media,New Product Launch,568,3766,29,24,3.27,4.47,2663,1
3494,Middle East,Email,Discount,550,831,17,37,1.56,10.27,6254,0
3495,Europe,Influencer,New Product Launch,1570,3341,25,63,4.25,10.13,9542,1
3496,Asia,Influencer,Brand Awareness,3810,3327,10,15,3.99,3.84,1628,0
3497,South America,Email,Brand Awareness,1145,6955,40,114,3.1,5.92,6097,1
3498,Asia,Email,Discount,1335,3406,38,110,4.55,5.01,12604,1
3499,Middle East,Google Ads,Brand Awareness,1077,8422,34,111,4.14,9.89,6535,0
3500,North America,Email,New Product Launch,2956,2598,21,92,0.74,1.94,739,1
3501,Europe,TV Ads,New Product Launch,4676,3169,40,20,3.64,4.14,16920,1
3502,Middle East,Influencer,Discount,191,4066,24,34,4.2,10.81,9739,0
3503,Asia,Email,Discount,455,2826,8,80,4.92,10.82,5960,1
3504,South America,Email,New Product Launch,260,4935,9,82,4.37,10.19,15304,1
3505,Asia,Influencer,New Product Launch,2011,6360,18,94,4.99,3.54,6831,0
3506,Middle East,Google Ads,Brand Awareness,2623,5166,10,5,4.78,3.31,3587,1
3507,North America,Influencer,Brand Awareness,1237,5221,23,91,1.1,5.41,7207,1
3508,North America,Google Ads,Discount,4400,7223,25,36,3.72,2.56,2028,1
3509,South America,Social Media,New Product Launch,1977,6501,20,114,2.85,10.67,12862,0
3510,South America,Email,Brand Awareness,2484,1067,16,95,2.06,2.58,8026,0
3511,Middle East,Social Media,Brand Awareness,3776,2368,7,109,3.68,5.41,18992,0
3512,South America,Email,New Product Launch,1201,4679,20,17,2.55,6.47,15345,1
3513,North America,Influencer,New Product Launch,4859,3657,41,86,4.01,4.81,13065,0
3514,Middle East,Google Ads,New Product Launch,2947,3998,2,115,2.96,2.81,3026,1
3515,South America,Email,Discount,3044,4285,38,55,2.48,10.93,1517,1
3516,Europe,Google Ads,Discount,3727,7412,21,114,3.68,4.81,7872,1
3517,North America,Google Ads,Discount,4140,3417,34,6,4.79,9.53,13755,0
3518,Europe,Influencer,Discount,3808,5466,1,19,2.39,4.05,798,0
3519,Asia,Social Media,Brand Awareness,2438,7656,37,54,2.25,9.87,17886,1
3520,Asia,Influencer,New Product Launch,4522,7084,25,6,2.75,2.2,2063,1
3521,Middle East,Influencer,New Product Launch,4490,1241,35,115,2.1,3.41,1748,0
3522,North America,Email,New Product Launch,3632,823,19,50,0.89,8.59,10435,1
3523,Middle East,Social Media,Brand Awareness,4885,1166,9,102,1.34,5.34,1307,0
3524,South America,Social Media,New Product Launch,188,5286,22,62,3.58,9.92,16699,1
3525,North America,Email,Discount,3162,1008,13,94,2.11,2.39,19846,0
3526,South America,Social Media,New Product Launch,1563,1517,4,10,3.47,11.04,17350,1
3527,Asia,Email,Brand Awareness,2211,7377,10,86,2.66,9.43,7660,1
3528,Europe,Google Ads,New Product Launch,2818,7812,10,77,1.1,5.54,15073,1
3529,Middle East,Influencer,Discount,337,6546,37,14,3.22,6.26,17048,0
3530,North America,TV Ads,New Product Launch,736,7425,5,16,0.98,10.43,17146,1
3531,Middle East,Email,New Product Launch,357,3999,19,28,1.81,9.66,10407,0
3532,North America,TV Ads,Discount,1763,2505,44,27,2.09,10.32,18763,1
3533,North America,Influencer,Discount,2474,4745,29,86,0.84,8.66,10215,1
3534,South America,TV Ads,Discount,4442,1706,7,36,2.65,1.97,14429,0
3535,Europe,Google Ads,Discount,1165,1144,43,49,0.5,9.93,11357,1
3536,Middle East,Email,Brand Awareness,2528,5256,6,23,2.06,8.55,5656,1
3537,Europe,Social Media,Brand Awareness,147,5924,47,111,0.67,3.54,6975,1
3538,Middle East,Influencer,Brand Awareness,620,4221,23,59,1.14,10.61,15251,0
3539,North America,Google Ads,Brand Awareness,3643,6327,9,91,0.84,4.18,8823,1
3540,Europe,Google Ads,Brand Awareness,3880,4631,13,82,0.91,10.87,7135,0
3541,North America,Social Media,Discount,532,6554,44,65,3.35,6.31,14549,1
3542,Middle East,Email,Discount,1452,6034,20,107,2.11,1.16,1557,1
3543,North America,TV Ads,Brand Awareness,4481,6936,22,54,0.67,10.08,3812,1
3544,North America,Influencer,New Product Launch,1497,3205,21,25,2.31,3.22,6384,1
3545,Middle East,Influencer,New Product Launch,4141,6868,5,91,3.23,3.29,9794,1
3546,Middle East,TV Ads,New Product Launch,992,4282,40,95,4.58,5.61,13610,1
3547,Europe,Google Ads,Brand Awareness,2485,2804,21,27,2.26,3.49,19734,1
3548,North America,Email,New Product Launch,4204,4002,48,55,1.77,4.92,17706,0
3549,South America,Influencer,Discount,4977,4377,46,91,2.01,5.09,2280,0
3550,South America,Google Ads,New Product Launch,1538,7994,47,69,1.31,5.59,19047,1
3551,Asia,Google Ads,Brand Awareness,2322,6461,15,110,1.7,2.51,14123,1
3552,Asia,Influencer,New Product Launch,4425,7370,39,104,3.48,8.2,4350,1
3553,North America,TV Ads,Brand Awareness,3536,5248,34,14,4.58,4.01,15482,1
3554,Asia,Social Media,Brand Awareness,3908,5586,40,96,1.18,11.0,10671,1
3555,Europe,Google Ads,New Product Launch,1999,6042,26,60,3.98,3.14,18314,0
3556,North America,Influencer,Brand Awareness,2328,2841,25,41,4.96,5.92,12894,1
3557,North America,Influencer,New Product Launch,2445,7233,14,98,1.66,11.17,3159,1
3558,North America,Influencer,Brand Awareness,2736,7289,16,83,2.14,9.87,11755,0
3559,Europe,Google Ads,New Product Launch,1783,8029,32,51,0.66,9.09,12564,1
3560,Middle East,Google Ads,Discount,4018,5575,21,16,1.17,5.65,16348,1
3561,Asia,Google Ads,Discount,1483,7031,33,49,1.92,9.64,19814,1
3562,South America,Social Media,Brand Awareness,1324,7864,49,96,1.21,4.52,11075,1
3563,North America,TV Ads,Brand Awareness,3270,671,29,44,1.83,6.82,3920,0
3564,Europe,Google Ads,Discount,2953,3845,32,6,4.28,9.51,18066,0
3565,Europe,TV Ads,Brand Awareness,2563,3299,15,19,3.57,3.17,14681,1
3566,Asia,Google Ads,Brand Awareness,715,3735,31,24,1.2,7.31,15557,0
3567,North America,Email,Discount,4041,8617,29,21,2.55,1.82,15859,0
3568,Middle East,Influencer,Brand Awareness,3377,2761,13,21,1.23,3.26,9069,1
3569,Asia,TV Ads,Brand Awareness,472,2883,36,40,0.72,6.6,10311,1
3570,South America,Google Ads,Brand Awareness,2016,4665,44,31,3.6,11.49,9745,1
3571,South America,Influencer,New Product Launch,737,2750,24,91,4.59,6.08,1763,1
3572,Asia,Social Media,Brand Awareness,4393,7673,24,97,1.82,6.43,9797,1
3573,North America,Email,Brand Awareness,4266,1319,33,99,4.52,3.26,11394,0
3574,South America,TV Ads,Discount,4056,1967,44,82,1.51,5.74,2975,1
3575,Middle East,Influencer,New Product Launch,3313,1538,5,92,1.04,2.28,13798,1
3576,South America,Social Media,New Product Launch,3068,6780,18,88,0.82,11.33,15063,1
3577,Middle East,Google Ads,New Product Launch,4359,6339,48,31,2.79,4.44,2280,1
3578,Middle East,Influencer,Discount,2647,7659,5,45,2.89,1.5,6733,1
3579,Middle East,Social Media,New Product Launch,320,7955,23,66,1.13,7.86,12869,0
3580,Europe,Social Media,Brand Awareness,4222,1406,47,113,3.55,2.47,11571,0
3581,Europe,Google Ads,Discount,3414,6923,38,108,0.97,7.08,14566,1
3582,North America,Social Media,Brand Awareness,4529,3709,47,114,1.09,11.84,18696,1
3583,Asia,Social Media,New Product Launch,2909,1089,25,97,1.46,3.9,10397,1
3584,Middle East,TV Ads,Discount,2655,3472,44,107,4.62,2.49,6870,1
3585,North America,Email,Brand Awareness,1612,8071,44,77,2.54,8.21,5057,0
3586,South America,Influencer,New Product Launch,1830,4113,47,23,4.05,6.21,7476,1
3587,North America,Influencer,Brand Awareness,4811,1692,13,13,3.96,6.34,2447,1
3588,North America,Influencer,New Product Launch,3274,4585,14,50,3.9,9.58,9991,1
3589,Europe,TV Ads,Discount,1307,4607,36,34,2.53,3.09,4612,1
3590,Asia,TV Ads,New Product Launch,3576,2140,45,111,0.57,11.64,2877,1
3591,Europe,TV Ads,Discount,3898,2429,23,108,1.3,6.83,19815,1
3592,Middle East,TV Ads,Discount,1642,1921,1,65,0.86,2.37,8278,1
3593,Europe,Social Media,New Product Launch,1894,6897,10,38,3.53,8.6,2694,1
3594,Europe,Influencer,Discount,1614,6912,29,95,4.46,8.23,2274,0
3595,Asia,Google Ads,Discount,1778,3395,38,12,4.55,4.55,3197,0
3596,Asia,Influencer,Brand Awareness,3908,6707,9,92,4.91,3.91,7680,1
3597,Middle East,Email,Discount,2772,6759,22,98,0.63,10.77,10707,1
3598,Europe,Email,Brand Awareness,2478,4396,19,68,0.92,2.83,19508,1
3599,Middle East,Google Ads,New Product Launch,3289,849,5,102,1.8,2.2,17045,1
3600,South America,Influencer,Brand Awareness,660,5796,37,26,2.72,11.53,14900,0
3601,Europe,Email,New Product Launch,748,844,48,62,4.6,5.72,19696,0
3602,Middle East,Email,Discount,3526,1393,20,114,2.77,10.69,6991,1
3603,North America,TV Ads,New Product Launch,2144,6034,31,21,3.19,2.5,16837,1
3604,Asia,Google Ads,New Product Launch,1641,4565,49,22,1.99,9.6,18057,1
3605,Europe,Influencer,Brand Awareness,703,899,17,55,2.61,5.53,11802,1
3606,Asia,Google Ads,New Product Launch,4942,5229,6,28,2.54,6.12,17091,1
3607,Asia,Google Ads,New Product Launch,4508,6547,46,78,0.98,4.55,16026,1
3608,Europe,Social Media,New Product Launch,1779,5863,7,22,2.46,4.77,3398,1
3609,Asia,Email,Discount,3330,2095,30,101,2.26,1.27,6744,1
3610,Asia,Influencer,New Product Launch,112,3346,32,66,1.7,3.67,19166,0
3611,South America,Influencer,New Product Launch,1863,750,31,6,1.22,3.31,6857,0
3612,Europe,Social Media,New Product Launch,2697,1207,37,74,4.25,4.78,14709,1
3613,Middle East,Influencer,Discount,2428,2694,31,33,3.85,9.99,3077,1
3614,South America,Influencer,New Product Launch,3937,5093,45,23,2.47,5.2,8477,1
3615,Asia,Social Media,Discount,1916,1207,12,113,3.57,3.14,5217,1
3616,North America,Influencer,New Product Launch,527,4503,49,110,4.63,5.49,10145,1
3617,Asia,Email,New Product Launch,3821,676,15,93,1.47,7.57,10499,0
3618,Europe,Influencer,Discount,3211,8107,8,27,3.57,5.9,15452,0
3619,Asia,Social Media,Discount,3070,1099,22,101,1.37,3.5,6737,0
3620,Europe,TV Ads,New Product Launch,4526,1829,22,64,2.78,6.87,8537,1
3621,North America,Email,Brand Awareness,2456,7970,7,88,2.29,1.91,11988,1
3622,South America,TV Ads,Discount,4659,8541,42,58,2.62,2.82,5190,1
3623,Europe,Influencer,Discount,4588,4957,37,61,4.31,5.27,19863,1
3624,South America,Social Media,Discount,3904,2751,3,25,4.72,10.78,4902,1
3625,Asia,Influencer,Brand Awareness,4727,4646,44,67,4.58,7.71,19809,1
3626,Asia,TV Ads,Discount,2291,4857,8,108,2.69,11.93,18656,1
3627,South America,Email,New Product Launch,4093,1135,37,97,2.82,4.74,2726,1
3628,Europe,Email,New Product Launch,4639,2696,45,118,1.03,5.52,19938,1
3629,South America,Social Media,New Product Launch,2775,6774,48,83,1.73,1.42,19181,0
3630,South America,Influencer,New Product Launch,3646,5298,30,92,0.61,1.4,2720,1
3631,South America,Social Media,Brand Awareness,4622,8064,20,38,0.8,4.3,18444,1
3632,North America,Influencer,Brand Awareness,4671,3604,36,113,4.34,6.64,4358,1
3633,South America,Google Ads,Discount,410,4131,44,80,4.08,2.06,6554,1
3634,Middle East,TV Ads,New Product Launch,1104,1653,47,82,3.85,1.55,11784,1
3635,Middle East,Email,Brand Awareness,154,7100,36,89,1.23,9.08,10089,0
3636,Europe,TV Ads,Discount,2533,7247,25,19,0.54,3.56,15622,1
3637,South America,Email,Discount,198,3613,22,27,4.3,6.96,16481,1
3638,Middle East,Influencer,Discount,4150,6781,20,26,1.49,2.84,2905,0
3639,South America,Email,Brand Awareness,2051,3894,14,113,4.39,5.68,1514,1
3640,Asia,Influencer,Discount,3378,3696,34,46,1.06,5.81,6222,0
3641,Asia,Influencer,Brand Awareness,4469,5431,40,99,1.7,4.86,8455,1
3642,Europe,Influencer,Brand Awareness,1146,4619,3,45,2.51,1.35,5268,1
3643,Europe,Social Media,New Product Launch,4351,5961,17,40,0.51,5.02,19955,1
3644,Asia,Email,New Product Launch,4272,564,12,39,1.51,9.53,622,1
3645,Europe,Social Media,Brand Awareness,2137,4565,20,116,2.88,10.12,5021,1
3646,South America,Email,Discount,293,6779,15,81,2.53,11.62,11380,1
3647,Middle East,Google Ads,Discount,1885,3610,28,78,1.98,8.7,13801,0
3648,South America,Google Ads,New Product Launch,2384,2096,40,5,2.25,3.72,19655,0
3649,North America,Influencer,New Product Launch,2309,7077,6,94,1.31,6.27,13688,1
3650,Asia,Email,Discount,4276,6891,31,33,1.39,3.7,8951,1
3651,South America,Social Media,Brand Awareness,789,260,22,30,3.03,4.32,4856,0
3652,Asia,Google Ads,Discount,1689,8765,23,34,1.52,10.43,13032,1
3653,Asia,Email,Brand Awareness,1127,1781,44,73,2.55,7.47,15270,1
3654,North America,Influencer,New Product Launch,744,3029,31,8,1.08,9.07,15426,1
3655,Middle East,Google Ads,Discount,1513,2289,22,103,4.57,1.37,18353,0
3656,Europe,TV Ads,New Product Launch,2191,6349,5,29,1.75,1.02,662,1
3657,Asia,Email,Brand Awareness,1342,5722,10,109,2.06,4.06,17114,0
3658,Asia,Email,New Product Launch,3440,5998,11,75,2.7,9.68,3114,1
3659,Middle East,Influencer,Brand Awareness,506,8874,15,9,3.06,10.81,7592,0
3660,Europe,Influencer,Brand Awareness,3072,2182,4,102,3.94,11.81,18479,1
3661,Middle East,Influencer,New Product Launch,1406,4082,48,94,3.37,9.1,14822,1
3662,Asia,Social Media,New Product Launch,2303,8942,29,38,3.19,4.23,6337,1
3663,South America,TV Ads,Discount,1381,8383,17,108,4.1,4.36,17991,0
3664,Asia,TV Ads,New Product Launch,2162,6770,37,60,1.52,4.08,2470,1
3665,North America,Social Media,New Product Launch,2661,7597,33,34,3.97,6.54,13214,0
3666,South America,TV Ads,Discount,4516,6201,35,29,2.53,7.31,8804,1
3667,South America,Google Ads,Discount,4340,5854,34,39,3.15,5.23,11103,0
3668,South America,Influencer,Brand Awareness,3979,6872,16,113,1.15,7.5,1709,0
3669,Middle East,Google Ads,New Product Launch,2818,5899,2,36,2.48,2.53,4502,1
3670,Asia,TV Ads,Discount,3319,1921,9,48,4.88,6.3,15409,1
3671,Asia,Social Media,New Product Launch,3260,8929,34,28,2.62,5.22,5020,1
3672,North America,Social Media,Discount,4172,3988,48,101,0.82,9.78,11556,1
3673,South America,TV Ads,Discount,224,786,12,26,3.26,6.18,9346,1
3674,South America,Social Media,Brand Awareness,3306,6697,40,93,4.9,12.0,12377,0
3675,North America,TV Ads,Brand Awareness,3092,1582,43,30,4.4,3.06,15330,1
3676,Middle East,TV Ads,Discount,3578,2432,18,42,1.51,6.31,3891,0
3677,South America,Influencer,New Product Launch,2210,5785,33,75,2.21,10.37,9976,0
3678,Asia,Social Media,New Product Launch,3631,4556,38,54,3.67,11.55,4402,1
3679,South America,Google Ads,New Product Launch,3004,2470,43,113,0.88,1.79,2695,1
3680,South America,TV Ads,Brand Awareness,3977,7488,47,34,1.11,3.15,15456,1
3681,North America,Influencer,New Product Launch,360,4787,35,37,3.24,6.73,6547,0
3682,South America,Social Media,New Product Launch,1337,3408,19,10,4.68,1.89,15487,0
3683,South America,Google Ads,Brand Awareness,3804,2156,18,83,1.27,11.01,1929,1
3684,North America,Google Ads,Discount,4592,8780,18,110,2.48,2.51,4228,1
3685,Middle East,TV Ads,Discount,3434,2725,8,32,4.71,1.4,19075,0
3686,South America,Email,Discount,2955,3567,46,51,3.51,10.14,7752,0
3687,Asia,Google Ads,New Product Launch,775,1973,9,114,1.28,6.29,11670,0
3688,North America,Email,Discount,767,7405,46,113,1.47,1.09,6129,0
3689,Asia,Google Ads,Brand Awareness,322,8679,36,85,2.81,10.72,8613,1
3690,South America,Email,New Product Launch,3238,810,21,59,3.29,8.52,7488,0
3691,North America,Google Ads,Brand Awareness,586,7218,34,76,4.15,10.68,9443,1
3692,North America,TV Ads,Brand Awareness,3418,7911,16,28,1.16,7.44,12594,1
3693,South America,Influencer,Brand Awareness,4311,7931,29,108,4.22,9.62,2859,1
3694,Europe,TV Ads,Discount,506,2057,39,92,2.95,4.02,19905,1
3695,South America,Google Ads,Discount,3968,7191,6,44,1.03,3.99,19902,1
3696,North America,Email,Brand Awareness,646,6803,6,69,2.99,8.0,9343,1
3697,Middle East,TV Ads,Brand Awareness,1592,3380,21,37,3.83,7.89,17760,1
3698,Europe,Influencer,Brand Awareness,2223,504,30,95,3.09,11.43,1752,1
3699,South America,Influencer,Brand Awareness,2067,4126,12,43,4.25,4.98,909,1
3700,Middle East,TV Ads,Discount,3170,593,47,89,1.64,2.52,4527,1
3701,South America,Google Ads,Brand Awareness,4014,3571,22,18,1.85,11.8,1833,1
3702,Europe,Email,Discount,230,6915,35,85,3.83,6.6,11316,1
3703,Europe,Email,Brand Awareness,4084,6802,27,26,1.42,5.2,13967,1
3704,Asia,TV Ads,Brand Awareness,1663,685,49,59,4.42,3.71,18214,1
3705,South America,Google Ads,New Product Launch,3602,8269,46,57,3.23,7.78,13387,1
3706,South America,Email,Discount,1846,594,23,32,3.93,7.24,13571,1
3707,Europe,Social Media,Discount,4013,4723,20,46,2.95,6.01,11530,1
3708,South America,Social Media,Discount,4237,2381,20,42,2.97,8.61,19812,1
3709,Middle East,Social Media,New Product Launch,2074,435,43,79,3.99,9.22,17926,0
3710,Europe,TV Ads,Discount,2634,3750,49,78,2.39,3.05,4836,1
3711,Asia,Influencer,New Product Launch,3942,7060,41,38,4.6,9.21,1631,0
3712,South America,Influencer,New Product Launch,2479,3002,18,115,3.88,9.28,3943,1
3713,Asia,TV Ads,New Product Launch,4945,4588,5,88,0.85,2.98,9514,1
3714,South America,TV Ads,Brand Awareness,2452,8124,13,119,1.73,9.38,3277,1
3715,Middle East,Influencer,New Product Launch,4951,7604,39,21,4.8,7.41,17973,1
3716,South America,Social Media,Discount,4714,4006,42,47,4.4,5.64,7598,1
3717,South America,Google Ads,New Product Launch,4041,2543,31,16,3.95,1.58,9977,0
3718,Europe,Social Media,Discount,2118,8619,48,83,2.6,2.35,4287,0
3719,Europe,Email,New Product Launch,1184,1929,9,93,1.16,5.04,14095,0
3720,Europe,Email,Brand Awareness,3127,5215,40,17,4.57,8.34,11447,1
3721,Europe,Social Media,Discount,3550,5482,46,119,3.75,4.61,19073,1
3722,North America,Google Ads,Discount,4014,6087,11,100,4.94,6.86,15360,1
3723,North America,Google Ads,Discount,958,4347,24,58,3.05,5.14,12444,1
3724,Middle East,TV Ads,Discount,4184,1249,16,39,2.19,7.55,2213,1
3725,Europe,Influencer,Brand Awareness,978,1139,26,97,2.49,9.29,17229,1
3726,South America,Social Media,Brand Awareness,1845,8036,8,83,1.31,10.81,17469,0
3727,Middle East,Google Ads,New Product Launch,885,227,36,44,2.37,8.54,10768,0
3728,Europe,Influencer,Brand Awareness,1220,7043,17,93,1.25,1.57,5959,1
3729,North America,Social Media,Discount,2509,4127,30,7,0.56,1.68,19159,1
3730,North America,Influencer,Discount,1721,732,5,108,3.91,4.95,19923,1
3731,Middle East,TV Ads,New Product Launch,1198,728,45,55,0.73,10.79,9318,1
3732,Asia,TV Ads,Discount,629,1691,32,13,3.88,8.9,8756,1
3733,Europe,TV Ads,Discount,278,5647,15,32,3.24,2.9,15371,1
3734,Middle East,Social Media,Brand Awareness,1302,3520,45,13,3.55,9.55,11217,1
3735,Asia,Social Media,Brand Awareness,1269,2525,13,33,0.62,10.71,15219,0
3736,North America,Email,Discount,1915,6272,33,72,2.2,5.94,16353,1
3737,North America,Social Media,Brand Awareness,2380,6899,34,87,1.92,8.88,14871,0
3738,South America,Email,Brand Awareness,4625,4513,33,61,4.41,1.83,13395,1
3739,Europe,TV Ads,Discount,2277,7275,23,54,3.21,3.76,3526,1
3740,South America,Email,New Product Launch,3199,5464,6,24,1.09,9.58,7576,1
3741,Asia,Social Media,Discount,1813,4072,47,44,3.56,9.94,3409,1
3742,Asia,Social Media,Discount,3085,2850,33,105,2.23,1.21,3399,1
3743,South America,Google Ads,Discount,4035,249,19,111,3.09,2.7,18368,1
3744,Europe,TV Ads,New Product Launch,290,3853,7,54,4.71,10.11,13737,1
3745,North America,Influencer,Discount,2400,1422,2,38,1.12,4.08,11070,1
3746,South America,Social Media,Brand Awareness,3045,2590,24,93,2.34,6.93,5407,0
3747,Middle East,Email,Brand Awareness,1035,4538,47,16,4.81,6.18,5697,1
3748,Europe,TV Ads,New Product Launch,4315,350,30,25,3.3,11.57,9082,1
3749,Asia,Influencer,Discount,245,7274,2,22,1.58,8.14,11571,1
3750,North America,Google Ads,Brand Awareness,2702,3509,7,96,1.28,8.73,6746,0
3751,South America,TV Ads,Discount,3235,4962,13,46,3.62,4.16,8132,1
3752,South America,Google Ads,Brand Awareness,4838,1796,18,76,1.89,3.29,8098,1
3753,Asia,Email,New Product Launch,4188,3466,23,51,2.65,10.88,1452,1
3754,North America,TV Ads,Brand Awareness,3099,6476,44,58,3.32,2.93,12920,1
3755,South America,Influencer,Discount,1492,3652,43,27,1.47,2.32,16728,1
3756,South America,TV Ads,Brand Awareness,1327,7733,12,14,3.46,9.61,10811,1
3757,South America,Social Media,Discount,4474,566,46,6,2.8,11.79,5690,0
3758,Asia,Email,Discount,4164,8083,22,66,4.33,1.93,18556,1
3759,North America,Email,New Product Launch,2773,5008,38,88,4.12,1.76,2304,1
3760,Asia,Google Ads,Discount,2709,6786,27,63,1.36,11.37,9296,1
3761,North America,Google Ads,New Product Launch,1792,6431,21,59,0.52,10.31,13402,0
3762,Europe,Influencer,Discount,1818,6213,27,41,0.72,9.97,11968,1
3763,North America,Google Ads,New Product Launch,3258,5816,37,26,3.68,8.62,18325,1
3764,North America,TV Ads,New Product Launch,2196,3668,12,13,3.3,11.67,7278,1
3765,Asia,Influencer,Discount,348,6888,41,37,3.9,11.05,4328,1
3766,North America,Influencer,Brand Awareness,1989,2433,15,13,2.02,1.62,6759,1
3767,North America,Influencer,Discount,581,6128,14,13,3.21,10.21,9146,1
3768,Middle East,Social Media,Discount,2982,8855,46,89,1.33,1.53,3775,1
3769,South America,Influencer,Discount,782,8191,37,14,3.12,5.45,7665,1
3770,Middle East,Influencer,Discount,3329,4123,28,59,1.71,11.27,19663,1
3771,Asia,Google Ads,New Product Launch,3367,8246,12,5,2.36,9.12,10760,0
3772,Asia,Google Ads,New Product Launch,4098,271,41,17,4.44,5.91,17659,1
3773,North America,Google Ads,Brand Awareness,3342,4944,4,55,3.26,2.76,7966,0
3774,Asia,Google Ads,Discount,1022,6863,31,58,0.52,3.86,16408,1
3775,Middle East,Email,Discount,3257,5216,25,57,4.92,10.37,10201,1
3776,Asia,Influencer,New Product Launch,254,4247,24,44,3.77,2.24,17520,1
3777,Asia,Google Ads,New Product Launch,1906,776,4,7,1.42,7.17,13262,1
3778,North America,Google Ads,New Product Launch,3287,5043,42,76,3.72,4.62,18248,0
3779,North America,Social Media,Discount,1050,4987,34,21,1.94,10.76,10027,1
3780,Asia,Email,Brand Awareness,2564,5922,32,88,3.3,8.43,15078,1
3781,North America,TV Ads,Brand Awareness,828,8104,26,108,0.99,1.7,9891,0
3782,North America,Email,Discount,4713,5993,45,98,2.67,7.9,15381,0
3783,South America,TV Ads,New Product Launch,3745,6295,1,59,2.84,7.87,1289,1
3784,Europe,Email,New Product Launch,129,1216,35,39,1.36,8.93,19234,0
3785,North America,Influencer,Discount,3699,6105,7,104,1.64,3.08,12183,0
3786,Europe,Google Ads,Brand Awareness,4031,7669,11,86,4.28,2.88,15020,0
3787,North America,Influencer,New Product Launch,4319,5520,19,18,3.75,4.91,3826,1
3788,South America,Google Ads,Brand Awareness,716,6690,33,83,4.75,11.46,18434,1
3789,Middle East,Influencer,New Product Launch,261,8107,43,68,1.74,5.57,17718,1
3790,North America,Influencer,Brand Awareness,4675,443,24,80,1.13,11.8,17932,1
3791,Europe,Influencer,New Product Launch,1215,8590,17,88,3.21,3.08,14071,1
3792,North America,Email,Brand Awareness,1426,465,17,13,1.02,4.84,6638,1
3793,Europe,Social Media,Brand Awareness,607,6231,8,108,2.65,2.85,2034,1
3794,Middle East,Email,Discount,1758,1765,2,75,1.21,2.62,10408,0
3795,Middle East,Social Media,New Product Launch,4957,6357,6,85,1.21,6.48,14321,1
3796,North America,Google Ads,Discount,475,3602,22,74,3.22,5.11,4369,0
3797,South America,Influencer,Discount,2470,5174,33,99,4.65,9.31,12006,0
3798,South America,Email,Brand Awareness,3412,5823,45,106,3.36,6.33,16295,1
3799,Middle East,Google Ads,Brand Awareness,1510,7152,26,67,2.59,4.33,1108,1
3800,Europe,Email,New Product Launch,4285,3131,10,51,0.91,1.33,15626,1
3801,Asia,Email,Brand Awareness,1648,6798,29,83,4.65,2.15,1764,1
3802,North America,TV Ads,Brand Awareness,3880,3046,8,75,1.33,2.14,19918,1
3803,South America,Social Media,New Product Launch,4991,3353,14,27,0.72,5.03,7479,0
3804,North America,Email,New Product Launch,2882,3163,49,43,4.41,5.01,16237,0
3805,North America,Influencer,New Product Launch,933,5029,35,60,2.81,11.92,2769,0
3806,Europe,Google Ads,Brand Awareness,4453,898,34,21,3.4,11.0,5738,0
3807,Middle East,Email,Brand Awareness,1693,8453,8,116,4.59,1.48,808,1
3808,Europe,TV Ads,New Product Launch,3194,3359,17,119,2.61,10.66,1673,0
3809,Asia,TV Ads,Brand Awareness,883,4910,34,73,0.53,9.45,16977,0
3810,North America,Google Ads,Discount,4922,3957,39,94,4.98,9.81,15952,1
3811,North America,Google Ads,New Product Launch,3731,7426,7,21,2.88,2.49,17849,1
3812,North America,Google Ads,Discount,1612,382,25,63,1.69,1.88,7070,0
3813,South America,Google Ads,New Product Launch,1004,5462,16,98,1.99,10.91,3915,1
3814,South America,Influencer,New Product Launch,1629,4425,44,86,4.48,9.36,797,1
3815,South America,Google Ads,Brand Awareness,924,3408,38,30,0.87,4.17,7689,1
3816,Middle East,Influencer,Discount,2780,1244,42,29,3.38,7.64,644,0
3817,South America,Email,New Product Launch,4964,1052,46,49,4.94,7.79,4538,1
3818,Europe,TV Ads,Brand Awareness,3251,3176,27,84,2.85,9.54,15266,1
3819,North America,Email,Discount,610,1891,46,107,2.08,8.97,4969,1
3820,Europe,Social Media,Brand Awareness,1478,7923,7,85,2.53,5.55,15581,0
3821,Middle East,Email,Discount,2260,8333,31,45,1.8,11.87,11157,0
3822,South America,Email,Discount,1877,1648,32,51,4.96,11.79,9087,1
3823,Middle East,Social Media,Discount,4530,2923,11,91,3.72,5.81,12656,0
3824,North America,Influencer,New Product Launch,3366,6281,15,75,0.68,7.41,1186,0
3825,Asia,Email,New Product Launch,2351,1185,28,85,3.44,3.53,14573,0
3826,South America,Social Media,Discount,843,2953,14,42,1.29,6.16,1392,1
3827,Asia,Social Media,New Product Launch,916,1182,23,93,4.55,8.77,13023,0
3828,North America,TV Ads,Brand Awareness,281,7216,10,93,2.32,9.1,13615,1
3829,Middle East,Influencer,Brand Awareness,4443,6533,28,119,3.42,8.85,9156,1
3830,Middle East,Influencer,Discount,4767,390,13,68,4.72,5.99,13429,1
3831,Europe,Email,New Product Launch,2086,6039,49,33,4.73,6.21,19656,0
3832,Europe,TV Ads,New Product Launch,2976,4772,48,51,0.5,1.45,8635,1
3833,Europe,Social Media,Brand Awareness,918,1591,16,78,4.91,6.63,15660,1
3834,North America,Social Media,New Product Launch,3082,8869,15,76,1.2,6.13,8907,0
3835,Middle East,Email,Brand Awareness,2769,8927,1,46,2.35,2.43,15763,1
3836,Asia,Google Ads,New Product Launch,635,4488,45,37,4.19,7.45,4332,1
3837,South America,TV Ads,Brand Awareness,490,4487,49,87,4.4,4.29,4556,1
3838,North America,Google Ads,Brand Awareness,1509,3006,5,118,1.89,3.23,18104,1
3839,Middle East,Email,New Product Launch,425,6559,47,65,1.26,1.28,17229,0
3840,North America,Google Ads,Discount,557,7576,14,69,4.05,2.68,15592,1
3841,North America,Google Ads,Discount,1241,4603,4,5,4.01,4.58,5730,0
3842,Europe,Influencer,New Product Launch,196,325,43,119,1.07,1.57,14610,1
3843,Middle East,TV Ads,Brand Awareness,1543,3904,5,32,4.9,1.1,13827,0
3844,South America,Influencer,Brand Awareness,4220,2710,9,36,3.8,11.05,7630,1
3845,Asia,Google Ads,New Product Launch,2926,922,4,24,2.21,9.61,11295,1
3846,Middle East,Email,New Product Launch,4925,4442,18,21,2.14,6.39,7102,0
3847,Middle East,Google Ads,Brand Awareness,863,3817,26,5,0.57,4.44,12779,1
3848,Europe,TV Ads,New Product Launch,3683,2928,26,65,3.3,7.74,9710,1
3849,South America,TV Ads,New Product Launch,4893,8994,28,115,4.95,9.35,10354,0
3850,Middle East,Influencer,Discount,910,7432,23,52,1.51,3.92,10315,1
3851,Asia,Google Ads,New Product Launch,4591,1213,7,11,4.32,6.29,2870,1
3852,North America,Social Media,New Product Launch,2120,8554,7,8,3.09,10.06,5520,0
3853,South America,Email,New Product Launch,506,3332,32,24,2.9,6.29,5687,0
3854,South America,Email,New Product Launch,2954,1794,11,50,0.8,4.62,11369,1
3855,Europe,Email,Brand Awareness,2059,6530,48,96,1.82,2.53,19654,1
3856,Middle East,Influencer,Discount,3991,6663,38,16,0.77,5.93,8423,1
3857,Europe,Social Media,Brand Awareness,4492,7888,38,23,4.82,9.67,5715,1
3858,Middle East,Social Media,Discount,4723,8869,1,88,1.7,7.4,568,1
3859,South America,Email,Brand Awareness,4725,6354,25,104,1.67,6.95,18227,0
3860,South America,Social Media,Brand Awareness,2941,5140,48,29,0.87,8.92,13036,0
3861,South America,Influencer,Brand Awareness,3363,8094,29,54,1.04,3.09,5478,1
3862,North America,Google Ads,Brand Awareness,2483,8366,24,83,4.67,4.97,17297,1
3863,South America,Influencer,New Product Launch,4771,6297,42,114,2.82,1.03,14749,1
3864,Europe,Social Media,Discount,3258,4671,27,30,4.32,1.22,6741,0
3865,Europe,Social Media,Discount,2311,3719,21,6,2.15,1.22,7032,0
3866,South America,Email,Brand Awareness,259,4751,37,99,4.06,3.63,17427,1
3867,Europe,Email,New Product Launch,3707,5820,8,72,2.32,11.35,14965,1
3868,Europe,TV Ads,New Product Launch,668,7767,18,33,4.8,3.93,1680,0
3869,Middle East,Influencer,Brand Awareness,1982,8255,30,119,4.23,11.69,2544,0
3870,South America,TV Ads,Discount,4882,7362,40,66,3.7,8.49,6833,1
3871,South America,Influencer,New Product Launch,1823,7380,35,95,3.43,11.88,5901,0
3872,South America,Influencer,New Product Launch,4226,1858,3,62,2.23,4.16,10439,1
3873,North America,Google Ads,Discount,2429,6261,28,71,4.99,1.34,8954,0
3874,Middle East,TV Ads,New Product Launch,2524,6308,19,47,1.49,7.85,10107,1
3875,South America,Influencer,New Product Launch,3081,385,20,50,2.88,11.57,3396,0
3876,North America,Social Media,New Product Launch,4847,8978,48,26,3.81,8.94,16056,1
3877,North America,TV Ads,Brand Awareness,2763,5405,25,57,3.0,7.39,3914,1
3878,South America,Social Media,Discount,1953,6533,20,83,4.07,11.68,8739,1
3879,Europe,Influencer,Brand Awareness,3161,5969,4,81,2.74,6.26,4281,0
3880,Middle East,Google Ads,New Product Launch,118,7809,27,9,0.91,4.1,14296,1
3881,Asia,TV Ads,Brand Awareness,3571,6091,40,105,2.3,5.66,4504,1
3882,North America,TV Ads,Discount,354,3733,45,47,1.1,2.51,17047,1
3883,Asia,Google Ads,Brand Awareness,996,2493,3,17,1.59,4.5,1918,1
3884,North America,Google Ads,Discount,749,6447,38,104,2.19,11.0,5610,1
3885,North America,TV Ads,Discount,939,3372,38,18,2.1,4.95,17545,1
3886,Europe,Influencer,New Product Launch,947,3144,29,115,2.05,1.01,7582,1
3887,Middle East,Email,Brand Awareness,3998,4143,4,102,2.8,2.26,14574,1
3888,North America,TV Ads,Discount,2263,8472,36,113,3.69,9.14,12694,1
3889,Europe,Social Media,Brand Awareness,108,4843,25,104,1.3,10.23,2575,1
3890,South America,Social Media,Discount,4522,8897,49,72,0.94,11.83,18182,1
3891,North America,Email,Discount,1878,7854,4,8,2.76,10.5,11587,1
3892,South America,Email,Discount,4484,6950,22,114,2.57,11.53,6484,0
3893,Europe,Google Ads,Brand Awareness,4625,2062,8,107,1.56,4.42,11120,0
3894,North America,TV Ads,New Product Launch,4570,2229,27,37,3.57,7.19,4099,1
3895,South America,Google Ads,New Product Launch,4927,2899,4,70,3.21,4.76,19822,1
3896,North America,Influencer,Discount,656,8970,32,72,0.94,10.68,16430,1
3897,North America,Google Ads,Brand Awareness,4440,3848,6,5,2.23,10.85,19049,1
3898,Middle East,TV Ads,Brand Awareness,4702,6852,5,51,3.23,7.0,16605,1
3899,Asia,Email,Discount,3737,4306,26,60,3.45,11.75,13478,1
3900,Middle East,Google Ads,Brand Awareness,4642,3715,46,65,2.68,4.52,3427,0
3901,South America,Influencer,New Product Launch,3061,278,11,115,2.52,8.49,11588,1
3902,Europe,Influencer,Brand Awareness,3716,1120,36,116,1.49,3.37,4935,1
3903,North America,Email,Discount,1002,2866,42,114,4.34,4.09,2098,0
3904,Europe,TV Ads,Discount,4892,3614,14,56,3.5,3.42,14769,1
3905,North America,Google Ads,Brand Awareness,3987,590,23,74,1.51,10.68,19768,1
3906,South America,Influencer,Brand Awareness,3644,953,43,113,1.98,3.44,2649,1
3907,North America,Google Ads,Discount,3433,2709,2,50,3.99,11.31,7228,0
3908,South America,Email,Brand Awareness,4414,8945,38,101,2.37,3.75,11655,0
3909,South America,TV Ads,New Product Launch,2418,8600,46,39,2.89,5.02,11985,0
3910,Asia,Email,Brand Awareness,4682,734,17,96,0.86,10.21,12161,0
3911,North America,TV Ads,Discount,4322,960,38,17,3.08,5.69,12502,1
3912,North America,Email,Brand Awareness,746,6895,42,106,1.75,7.08,6074,0
3913,South America,Email,New Product Launch,4417,2308,29,49,3.6,6.07,19649,1
3914,South America,TV Ads,Brand Awareness,126,335,9,26,1.29,5.8,11979,1
3915,Asia,Influencer,Discount,372,2924,20,114,1.93,8.36,19925,1
3916,Asia,Google Ads,Brand Awareness,4448,7461,27,27,2.68,2.11,3872,1
3917,Middle East,TV Ads,Brand Awareness,852,7231,13,53,4.2,9.51,19988,0
3918,North America,TV Ads,Discount,1551,1525,37,48,4.05,2.78,9352,0
3919,Middle East,Social Media,Discount,4787,6522,16,9,3.08,4.95,3571,1
3920,Asia,Google Ads,New Product Launch,2188,5847,5,79,1.82,2.33,17320,1
3921,North America,Social Media,Discount,1125,4899,6,92,4.37,1.22,9527,0
3922,South America,Google Ads,Brand Awareness,4991,4064,7,79,1.78,7.56,9059,1
3923,Asia,Email,New Product Launch,3125,4781,19,84,1.66,11.1,13899,1
3924,North America,Google Ads,New Product Launch,1122,3897,24,84,1.0,6.78,7933,0
3925,Middle East,Email,New Product Launch,4199,2911,17,68,3.83,1.9,9241,0
3926,North America,Influencer,Discount,2578,7032,16,96,1.98,5.17,18553,0
3927,Middle East,Influencer,Brand Awareness,3161,2110,42,18,3.91,6.08,5557,1
3928,Asia,Social Media,Brand Awareness,2232,5096,4,55,2.1,9.14,12263,0
3929,Asia,Google Ads,Brand Awareness,364,3900,41,58,0.83,10.64,15499,1
3930,South America,TV Ads,New Product Launch,3706,5840,44,94,4.84,4.57,11279,0
3931,Asia,Google Ads,New Product Launch,3693,4997,44,8,1.19,7.94,5050,1
3932,South America,Email,Discount,4390,990,39,24,3.35,9.37,14799,1
3933,South America,Social Media,Brand Awareness,1604,4404,12,118,2.7,3.27,19634,0
3934,North America,Google Ads,Discount,2263,655,43,32,3.79,1.9,2504,1
3935,Asia,Influencer,Discount,1720,2428,17,21,1.49,4.24,17866,1
3936,North America,Email,Discount,456,7151,37,16,2.26,11.77,19102,1
3937,Middle East,Email,New Product Launch,414,4288,16,25,3.57,4.56,13789,0
3938,Europe,TV Ads,Brand Awareness,3145,7296,37,57,3.7,11.75,7861,1
3939,Asia,Influencer,Brand Awareness,4988,5413,12,66,3.55,8.73,2700,1
3940,South America,Google Ads,Discount,4264,5411,34,88,0.86,11.16,16076,1
3941,North America,Email,Brand Awareness,4664,7610,1,109,2.31,2.88,11655,0
3942,South America,Influencer,Discount,1107,5726,12,10,4.26,9.27,5120,0
3943,Middle East,TV Ads,Discount,299,2246,27,88,2.76,3.02,3048,1
3944,Asia,Google Ads,New Product Launch,4332,7329,35,53,2.75,2.53,3650,1
3945,Asia,Influencer,Brand Awareness,4994,8190,30,53,3.09,4.93,3925,1
3946,Asia,Google Ads,Discount,743,2451,31,8,0.74,3.54,6238,1
3947,Europe,Email,Brand Awareness,2690,1225,46,12,4.19,10.62,4952,0
3948,South America,Social Media,Brand Awareness,486,3813,11,10,1.47,9.87,927,1
3949,Middle East,Social Media,Brand Awareness,209,4299,6,68,1.89,3.1,18512,1
3950,South America,TV Ads,Discount,499,8337,28,10,4.74,5.09,11454,0
3951,Middle East,Influencer,New Product Launch,1159,377,29,76,3.74,6.52,6712,1
3952,Asia,Influencer,Brand Awareness,4941,6131,2,117,4.23,2.1,13314,0
3953,South America,Email,New Product Launch,1207,7525,43,77,2.0,5.78,11113,1
3954,Asia,Email,Brand Awareness,3419,5287,3,19,1.04,9.65,11085,1
3955,Middle East,Google Ads,Brand Awareness,691,826,16,91,1.39,5.68,11209,1
3956,Middle East,Influencer,New Product Launch,735,3875,42,94,4.09,3.65,18244,1
3957,Middle East,Social Media,Brand Awareness,3474,8463,12,57,2.46,4.24,11169,1
3958,Asia,TV Ads,New Product Launch,2887,2466,42,16,4.75,8.91,19882,0
3959,South America,Influencer,Brand Awareness,488,3756,30,45,2.81,1.34,2455,1
3960,South America,TV Ads,New Product Launch,3157,2751,49,19,1.38,8.87,15272,1
3961,South America,Google Ads,Brand Awareness,4733,5856,20,43,0.76,11.0,4042,0
3962,Asia,Email,New Product Launch,143,3942,9,99,3.3,1.98,10541,1
3963,Middle East,Influencer,Brand Awareness,2551,5569,5,62,2.34,9.76,1789,1
3964,Asia,Influencer,Discount,876,4351,11,87,2.88,5.67,1880,0
3965,Asia,TV Ads,New Product Launch,4925,6101,5,103,2.32,8.64,9127,1
3966,North America,Google Ads,Brand Awareness,1207,4944,6,17,0.67,9.98,4860,1
3967,North America,Google Ads,New Product Launch,4469,4373,25,54,0.63,10.43,10717,1
3968,Europe,Email,Brand Awareness,1155,1220,21,94,0.55,5.58,4071,0
3969,Europe,Email,Brand Awareness,2783,5378,31,35,2.88,2.7,18302,0
3970,North America,Google Ads,Brand Awareness,1599,7638,24,83,1.49,4.91,12377,1
3971,Asia,TV Ads,Discount,1866,4983,19,119,1.52,8.32,5853,1
3972,Middle East,Google Ads,Discount,4749,5030,20,27,3.2,9.41,13316,0
3973,Europe,Social Media,Brand Awareness,4634,3300,40,105,1.7,10.81,6105,1
3974,Middle East,TV Ads,Brand Awareness,3123,6990,41,78,4.38,3.56,13296,1
3975,South America,Influencer,New Product Launch,2065,1805,33,50,1.32,2.91,7983,0
3976,South America,Google Ads,Discount,104,572,13,17,4.4,10.65,6161,1
3977,Asia,Google Ads,New Product Launch,4422,4391,14,18,2.39,1.46,14783,1
3978,North America,Social Media,Discount,4763,479,5,22,1.94,11.35,9358,0
3979,Europe,TV Ads,New Product Launch,3898,7502,6,58,3.37,7.61,9384,1
3980,Asia,Google Ads,Brand Awareness,2097,6054,19,37,0.99,6.98,10527,1
3981,Middle East,Social Media,Discount,4305,2944,13,114,1.68,1.77,7429,0
3982,North America,Google Ads,Discount,598,1355,35,89,2.37,10.45,6344,0
3983,North America,Social Media,Brand Awareness,463,7814,34,53,2.11,9.01,11818,1
3984,South America,Google Ads,Brand Awareness,4073,3009,40,67,4.25,9.78,19853,0
3985,South America,Google Ads,Discount,4928,4647,34,109,2.76,3.94,13189,1
3986,Middle East,Social Media,Discount,4637,8917,28,9,2.38,11.79,10995,1
3987,North America,Influencer,Discount,3031,7813,1,86,2.48,11.28,3813,1
3988,Middle East,Influencer,Discount,2348,4333,47,64,3.88,8.48,3690,1
3989,Asia,Google Ads,Brand Awareness,2602,345,14,39,2.0,5.93,3713,1
3990,South America,Email,New Product Launch,3813,635,39,7,1.43,4.12,19133,1
3991,Middle East,Email,New Product Launch,3289,5268,28,58,4.03,10.89,18877,1
3992,Europe,TV Ads,Brand Awareness,2473,2650,49,90,0.62,7.6,16748,1
3993,Middle East,TV Ads,New Product Launch,2900,8357,31,40,3.28,6.92,9037,1
3994,Europe,Email,New Product Launch,1118,5227,35,70,3.72,11.14,7208,1
3995,Middle East,Google Ads,Brand Awareness,3816,4841,33,6,3.26,10.93,13329,1
3996,Europe,TV Ads,New Product Launch,1997,6137,33,59,2.12,5.49,7664,1
3997,Middle East,Email,Discount,3490,7783,3,8,3.91,8.08,16610,1
3998,North America,Google Ads,New Product Launch,4386,6696,27,22,1.72,7.89,16718,1
3999,North America,TV Ads,Brand Awareness,1806,2120,42,57,2.02,6.62,11160,0
4000,North America,Email,Discount,480,7629,34,36,1.12,4.93,16062,1
4001,North America,Social Media,New Product Launch,3929,3965,17,33,4.16,11.53,17863,0
4002,South America,Influencer,Brand Awareness,4586,2771,14,95,4.98,6.39,16383,0
4003,South America,Email,Brand Awareness,2657,8204,12,78,3.65,6.59,8685,1
4004,Europe,Influencer,Brand Awareness,1328,5299,11,45,2.38,8.82,2264,0
4005,Europe,Influencer,Brand Awareness,1881,6574,29,67,2.23,4.06,10880,1
4006,North America,Social Media,Discount,3396,8416,36,110,4.66,1.9,18964,0
4007,Asia,Google Ads,Discount,3508,1125,23,56,4.23,10.56,7742,0
4008,North America,TV Ads,Brand Awareness,1047,960,24,85,0.68,7.9,12635,0
4009,Asia,Email,Discount,4982,7688,10,15,3.41,4.86,14642,1
4010,Europe,Social Media,Discount,2609,4284,5,47,3.82,8.65,12786,1
4011,Middle East,TV Ads,Brand Awareness,1202,3876,18,68,0.65,5.68,14839,1
4012,North America,Email,New Product Launch,1489,5713,17,80,3.28,5.08,17811,1
4013,Middle East,Google Ads,New Product Launch,424,6710,45,105,2.61,1.31,1353,0
4014,South America,TV Ads,Brand Awareness,4061,7272,10,88,3.35,4.9,14018,0
4015,Europe,Influencer,Discount,409,5280,46,45,2.05,3.72,5254,0
4016,Europe,Google Ads,Brand Awareness,2257,2255,38,18,4.04,5.15,6479,0
4017,North America,Influencer,Discount,3604,5507,35,90,3.75,5.92,17321,0
4018,Europe,Email,New Product Launch,162,6371,10,38,3.0,11.86,17442,1
4019,Europe,Influencer,New Product Launch,3382,614,21,82,1.24,8.54,637,1
4020,South America,Social Media,Brand Awareness,4490,4490,10,44,3.85,7.54,5175,0
4021,North America,Influencer,New Product Launch,2268,2756,40,119,1.99,5.28,12976,0
4022,Asia,Google Ads,New Product Launch,2510,8318,37,38,2.55,8.19,13245,1
4023,Europe,Influencer,New Product Launch,553,7704,40,56,1.16,3.96,16465,1
4024,Middle East,TV Ads,Brand Awareness,3833,5669,45,40,1.54,6.31,7305,0
4025,Middle East,TV Ads,Brand Awareness,510,3608,6,104,1.51,4.95,14032,0
4026,South America,Influencer,Discount,4788,2405,13,5,1.06,8.54,16197,0
4027,North America,Email,New Product Launch,2707,1847,44,91,4.18,4.28,18900,1
4028,Europe,Email,Brand Awareness,3783,946,18,30,3.55,11.15,12414,1
4029,Europe,Social Media,Discount,1389,5168,2,20,2.98,6.88,5760,1
4030,North America,Google Ads,New Product Launch,1164,2981,49,11,1.51,8.11,1135,1
4031,Asia,Email,New Product Launch,541,7858,39,89,2.62,2.34,4506,1
4032,Europe,Influencer,Discount,3156,7748,35,56,1.95,1.84,19220,0
4033,South America,Google Ads,New Product Launch,4033,2038,11,60,3.97,1.2,5939,1
4034,Europe,Social Media,Brand Awareness,2668,5971,25,97,1.02,5.98,8619,1
4035,Asia,Email,Discount,713,5938,24,99,4.12,1.66,16643,1
4036,Europe,TV Ads,Discount,3515,253,34,57,4.06,8.78,18704,1
4037,South America,Influencer,Brand Awareness,357,1182,13,40,3.15,5.9,17583,1
4038,Europe,Google Ads,Discount,1897,4220,10,21,2.76,7.61,4172,1
4039,South America,Email,New Product Launch,2521,5499,12,56,4.35,10.47,6516,0
4040,Europe,Google Ads,New Product Launch,4833,1251,29,83,3.81,1.09,2155,1
4041,Europe,Google Ads,Discount,2122,1121,47,29,2.77,5.48,7927,1
4042,Asia,Google Ads,Brand Awareness,1990,3076,17,76,1.75,2.97,16216,1
4043,Europe,Email,Discount,869,7236,27,52,0.61,6.86,16199,1
4044,Asia,Influencer,Discount,4734,8625,11,50,4.79,4.61,10152,1
4045,Middle East,TV Ads,New Product Launch,3181,4768,11,30,4.15,6.99,12317,1
4046,Asia,Influencer,Brand Awareness,1463,5426,10,22,3.48,9.07,1200,1
4047,South America,Email,Brand Awareness,1615,7963,22,111,4.67,4.77,15281,1
4048,Middle East,Google Ads,Discount,4946,6350,15,57,1.57,5.78,6010,1
4049,South America,Influencer,Brand Awareness,1851,4182,2,106,3.31,1.75,6992,1
4050,Middle East,Social Media,Brand Awareness,2012,8143,3,50,4.57,5.81,8750,1
4051,Middle East,Google Ads,New Product Launch,3707,8101,23,18,2.41,3.06,7351,0
4052,South America,TV Ads,New Product Launch,2891,8355,44,71,1.39,5.75,10044,1
4053,Middle East,Google Ads,Discount,1035,8447,41,77,3.01,11.76,5700,1
4054,Middle East,Google Ads,Brand Awareness,4634,4014,46,17,4.39,9.52,5610,0
4055,Asia,Google Ads,Brand Awareness,3920,1573,39,54,4.19,1.38,10530,1
4056,Europe,Influencer,Brand Awareness,1106,2361,5,96,3.59,2.83,18758,1
4057,South America,Social Media,New Product Launch,4530,3721,32,68,1.22,8.01,11112,1
4058,Asia,Influencer,Discount,4810,6788,24,101,1.75,4.83,19025,1
4059,Asia,TV Ads,Brand Awareness,4524,5963,43,109,2.16,11.71,4870,1
4060,Europe,Google Ads,Brand Awareness,348,6700,48,8,2.89,4.48,19404,1
4061,Asia,Social Media,Brand Awareness,3669,2388,1,62,3.94,5.17,7546,1
4062,Europe,Influencer,Discount,2286,3092,33,91,2.03,1.18,5169,1
4063,Middle East,Influencer,Discount,313,7006,21,6,1.09,9.2,17140,1
4064,North America,Social Media,Discount,231,4722,8,69,4.38,8.37,526,0
4065,Asia,Social Media,Discount,4722,8341,18,98,1.91,7.37,18796,0
4066,South America,TV Ads,Discount,2633,6179,6,56,4.8,2.19,11638,0
4067,North America,Influencer,New Product Launch,393,7927,29,22,0.96,6.28,653,0
4068,Middle East,Influencer,Discount,3887,8715,22,69,0.87,8.66,2714,0
4069,Asia,TV Ads,Discount,1952,2804,45,50,3.86,11.32,19648,1
4070,South America,TV Ads,Brand Awareness,4350,725,40,84,2.0,10.79,12912,1
4071,Asia,Social Media,Discount,887,6761,32,87,1.94,10.38,5042,1
4072,Middle East,Email,New Product Launch,1271,5451,25,13,1.83,3.58,4569,1
4073,Middle East,TV Ads,Discount,980,5591,1,84,2.1,1.84,9635,1
4074,North America,Email,New Product Launch,539,3186,2,65,2.77,7.19,19111,0
4075,North America,Social Media,New Product Launch,1555,8691,19,61,4.52,6.52,14835,1
4076,Middle East,Social Media,New Product Launch,537,2426,35,88,3.17,3.78,1718,1
4077,Europe,Influencer,Brand Awareness,3351,248,35,93,4.29,8.72,18700,1
4078,North America,Email,New Product Launch,1710,2650,24,53,4.83,11.29,11165,0
4079,South America,Google Ads,Discount,3584,1772,17,19,4.6,7.18,3485,1
4080,Asia,Influencer,Brand Awareness,709,1141,25,36,0.53,11.22,17711,0
4081,North America,TV Ads,Brand Awareness,4886,4349,21,84,1.15,10.52,14510,1
4082,North America,TV Ads,Brand Awareness,4245,6955,10,24,2.22,1.31,9664,1
4083,Asia,TV Ads,New Product Launch,2852,7094,25,69,4.41,8.22,5491,1
4084,South America,Google Ads,Discount,2785,4122,49,23,1.48,11.07,1906,1
4085,South America,Email,Discount,2183,7300,49,90,4.56,4.95,6006,0
4086,South America,TV Ads,Discount,2261,6376,33,60,0.7,6.77,14594,1
4087,Middle East,Email,Brand Awareness,4662,287,17,110,1.35,9.7,12749,1
4088,Asia,Influencer,New Product Launch,2718,1311,2,17,1.91,9.79,4778,1
4089,Asia,Google Ads,New Product Launch,778,7784,46,81,3.01,2.89,18138,0
4090,South America,Social Media,Brand Awareness,650,3840,47,59,1.96,6.41,4614,1
4091,North America,TV Ads,Discount,351,8971,6,95,4.14,10.38,10390,1
4092,Middle East,Influencer,New Product Launch,2096,8258,46,69,2.11,2.3,10623,0
4093,Europe,Influencer,Brand Awareness,377,948,17,57,2.33,5.16,8184,0
4094,Europe,Google Ads,Discount,860,6352,22,62,4.58,1.21,19980,1
4095,South America,Email,New Product Launch,4518,3155,23,34,0.92,5.15,12404,0
4096,North America,Influencer,Discount,1091,4461,14,53,4.67,1.76,4890,1
4097,North America,Google Ads,New Product Launch,4581,6900,16,68,1.52,9.14,15633,1
4098,Middle East,TV Ads,New Product Launch,3581,5294,15,44,1.37,6.25,1094,0
4099,Middle East,Influencer,Brand Awareness,4984,6990,43,107,1.43,4.45,7451,1
4100,Middle East,Google Ads,Brand Awareness,3416,1686,23,32,1.17,4.61,1373,1
4101,South America,Google Ads,Brand Awareness,4068,2727,28,75,1.29,9.26,6190,1
4102,Europe,Social Media,Brand Awareness,3045,2595,31,100,3.12,10.62,994,0
4103,Asia,Social Media,New Product Launch,2687,8396,10,108,3.22,8.41,5613,1
4104,South America,Email,New Product Launch,3892,8918,5,66,3.77,5.42,8436,1
4105,North America,Influencer,New Product Launch,4266,7513,45,23,0.66,2.66,16101,1
4106,South America,Email,Brand Awareness,667,6514,45,10,1.25,9.58,11400,0
4107,Europe,Email,New Product Launch,1959,668,22,109,2.82,4.82,16533,1
4108,Middle East,Google Ads,Brand Awareness,4816,671,3,67,1.85,6.18,6976,1
4109,North America,Email,Brand Awareness,2734,3844,18,12,4.12,4.1,1714,1
4110,Middle East,Google Ads,Brand Awareness,2130,603,37,15,0.88,8.13,15164,0
4111,Asia,Email,Brand Awareness,2914,6773,22,65,2.32,3.73,2315,1
4112,Middle East,Email,Discount,2954,5731,35,40,1.34,2.14,1940,1
4113,Middle East,Influencer,Brand Awareness,2499,1494,10,54,2.74,1.38,5631,0
4114,Europe,Google Ads,Discount,2552,3616,41,110,1.1,2.56,12742,1
4115,Middle East,Google Ads,Brand Awareness,4042,4912,35,109,4.71,11.23,10825,0
4116,Asia,Email,Brand Awareness,2208,784,21,52,0.76,10.03,9867,1
4117,Europe,Google Ads,Discount,1524,4785,24,81,3.95,1.37,13396,1
4118,Asia,TV Ads,Brand Awareness,4256,1355,44,44,3.73,11.97,16296,1
4119,North America,Google Ads,New Product Launch,1214,6084,48,36,1.8,11.56,8292,1
4120,Asia,TV Ads,Discount,1141,576,9,26,4.03,9.03,17765,0
4121,North America,TV Ads,Discount,3457,5317,43,66,4.63,8.96,13091,1
4122,South America,TV Ads,Brand Awareness,4816,1747,27,15,4.17,9.12,19074,0
4123,Europe,Social Media,New Product Launch,2159,7285,40,83,0.86,1.88,10502,1
4124,South America,Email,Brand Awareness,4042,1240,45,28,4.62,4.99,3252,1
4125,South America,Google Ads,Discount,2558,3398,16,89,0.7,1.31,19961,1
4126,Asia,TV Ads,New Product Launch,402,7000,45,44,4.83,10.43,4976,1
4127,North America,Google Ads,Discount,1885,5432,28,37,1.43,11.78,19321,1
4128,Middle East,Google Ads,Discount,688,4862,23,65,3.61,9.42,8547,1
4129,South America,Social Media,New Product Launch,4812,4581,25,57,4.86,11.98,19558,0
4130,Europe,Email,New Product Launch,3233,2608,35,51,0.75,8.73,14277,0
4131,North America,Influencer,New Product Launch,3916,5172,22,74,4.98,8.13,3370,0
4132,South America,Social Media,New Product Launch,3589,1428,9,70,2.1,1.13,13156,1
4133,Middle East,Social Media,New Product Launch,1318,7413,35,43,1.32,8.13,2139,1
4134,Europe,Social Media,Brand Awareness,4884,6310,11,104,2.49,1.56,16365,1
4135,Europe,Email,Brand Awareness,874,8016,25,113,3.03,3.0,2122,1
4136,Middle East,Influencer,Brand Awareness,4942,2451,21,79,0.84,10.04,1383,1
4137,North America,TV Ads,New Product Launch,4939,6336,41,8,3.15,5.03,9572,1
4138,South America,Social Media,Brand Awareness,3843,8261,13,85,2.49,10.99,8092,0
4139,Middle East,Influencer,New Product Launch,4056,4091,29,26,0.52,1.41,15220,0
4140,Europe,TV Ads,New Product Launch,3529,323,26,36,1.03,6.5,12451,1
4141,Asia,Google Ads,Brand Awareness,2740,1831,37,88,4.6,9.27,4205,1
4142,Middle East,Social Media,Brand Awareness,2791,7953,35,54,0.61,6.5,5569,1
4143,Middle East,Social Media,Discount,1463,4583,43,79,4.54,1.01,13201,0
4144,North America,Google Ads,Brand Awareness,3941,2954,5,32,2.88,10.33,9701,0
4145,Asia,TV Ads,Brand Awareness,251,6841,1,70,0.85,7.91,18520,0
4146,Middle East,Email,Brand Awareness,2067,8745,25,55,2.39,6.0,15992,0
4147,Middle East,Email,Brand Awareness,280,7666,5,12,0.56,3.49,17920,1
4148,South America,Google Ads,New Product Launch,3238,1385,24,45,1.49,1.13,3998,1
4149,South America,Influencer,Brand Awareness,4921,8754,40,17,2.34,6.4,13494,1
4150,Europe,Email,New Product Launch,2922,8213,22,65,2.02,5.44,13426,0
4151,Asia,TV Ads,New Product Launch,3452,7096,14,87,3.99,3.81,15446,0
4152,North America,Email,Brand Awareness,4795,2136,24,92,2.23,1.53,15047,1
4153,Asia,Social Media,Brand Awareness,587,7137,43,72,2.07,1.73,4467,1
4154,South America,Influencer,Brand Awareness,1128,6193,36,61,2.23,9.61,9328,1
4155,Middle East,Influencer,Discount,1744,2512,30,75,4.25,11.39,8798,0
4156,Asia,Social Media,Brand Awareness,2485,303,46,72,0.73,7.3,2818,1
4157,Europe,Google Ads,Brand Awareness,2719,3605,31,6,4.22,2.75,2545,1
4158,North America,Email,Discount,4236,295,11,98,1.7,6.9,14203,1
4159,Middle East,Email,New Product Launch,326,2558,22,54,2.68,10.79,15641,1
4160,South America,Social Media,New Product Launch,2314,2530,9,59,4.82,4.38,5678,1
4161,Asia,Social Media,Brand Awareness,3362,3961,19,39,1.05,8.65,18191,1
4162,North America,Email,Brand Awareness,2322,6731,8,112,3.09,10.47,15033,1
4163,Asia,Influencer,Brand Awareness,2812,1734,41,53,2.55,7.61,5295,0
4164,Europe,Social Media,Brand Awareness,3161,4404,33,91,0.6,2.17,18430,0
4165,South America,Email,New Product Launch,3421,6479,8,95,2.29,11.19,6009,1
4166,Asia,Google Ads,Brand Awareness,3196,2116,15,10,4.2,2.3,6080,1
4167,Europe,Social Media,Discount,4703,5505,34,77,1.98,1.93,18287,0
4168,North America,TV Ads,Brand Awareness,1674,5635,14,83,4.54,7.23,16520,0
4169,South America,Email,New Product Launch,1815,2411,2,113,2.83,4.69,4228,0
4170,North America,Influencer,New Product Launch,2309,1022,6,110,3.11,7.2,16619,1
4171,Europe,Email,Brand Awareness,3208,5328,6,80,4.21,5.55,9089,1
4172,South America,Email,New Product Launch,3229,428,38,44,1.04,2.19,10807,1
4173,Asia,Email,Brand Awareness,2831,7741,26,106,2.76,7.13,2092,1
4174,South America,Influencer,New Product Launch,1177,5484,15,22,4.6,1.88,11463,1
4175,North America,Email,Brand Awareness,1967,2514,5,111,4.18,8.35,13152,1
4176,North America,Google Ads,Discount,2935,300,40,59,0.79,7.79,7010,1
4177,Europe,Google Ads,New Product Launch,2468,6445,44,13,3.4,6.43,3851,1
4178,Asia,Social Media,Brand Awareness,109,3800,40,14,4.62,10.05,17580,0
4179,North America,Email,New Product Launch,1692,5113,38,97,4.52,2.68,13428,1
4180,South America,Influencer,New Product Launch,2580,1602,42,20,1.97,5.92,8081,0
4181,South America,Google Ads,Discount,4408,6966,15,89,3.34,6.87,12301,0
4182,South America,TV Ads,Discount,2540,2608,49,13,4.69,6.28,11328,0
4183,Middle East,Email,Discount,1691,4405,14,65,4.07,2.45,15925,1
4184,Asia,Influencer,Discount,3053,4248,44,6,3.35,5.29,9697,1
4185,Europe,Email,Discount,2058,8202,45,103,0.75,2.42,2531,0
4186,Europe,Google Ads,Brand Awareness,2423,8861,19,75,4.21,6.9,17870,1
4187,South America,Social Media,New Product Launch,106,6998,14,92,4.81,6.85,8381,1
4188,Europe,Email,Discount,3603,4134,29,38,3.88,1.21,7226,1
4189,South America,Google Ads,Brand Awareness,2225,2516,3,93,1.97,3.89,19030,1
4190,Middle East,TV Ads,Brand Awareness,4183,2710,46,91,3.82,8.29,12149,1
4191,South America,TV Ads,New Product Launch,3954,385,32,8,1.15,9.24,13771,0
4192,Asia,Social Media,Discount,2448,1117,5,64,4.97,2.82,18164,1
4193,North America,Email,New Product Launch,4950,2289,41,106,1.67,6.81,13557,1
4194,Asia,Google Ads,Brand Awareness,509,1655,15,89,1.31,1.66,11294,1
4195,Middle East,TV Ads,Brand Awareness,2434,6346,45,87,1.61,10.92,17794,1
4196,Asia,Email,Brand Awareness,1285,3199,27,104,1.81,4.21,6950,1
4197,Asia,Social Media,Brand Awareness,3846,5420,30,19,4.5,11.64,3383,0
4198,South America,Email,New Product Launch,3255,5177,10,26,2.57,3.64,13047,1
4199,South America,Email,New Product Launch,942,1760,22,38,1.71,11.73,7997,0
4200,Middle East,Email,Discount,2780,3023,15,21,1.15,8.61,12909,0
4201,North America,Social Media,Brand Awareness,558,2789,11,105,2.32,7.17,11608,1
4202,Europe,Influencer,New Product Launch,405,2705,10,5,4.16,8.28,16751,1
4203,Asia,Social Media,Brand Awareness,706,453,2,33,2.89,2.63,6721,1
4204,North America,Google Ads,New Product Launch,2242,6641,36,60,4.11,3.13,16352,1
4205,Middle East,TV Ads,New Product Launch,608,8553,32,47,0.55,1.83,12404,1
4206,Asia,Email,Discount,4918,5096,4,87,2.4,2.01,7017,1
4207,Europe,TV Ads,Brand Awareness,3829,4894,16,41,4.03,9.51,14944,0
4208,North America,TV Ads,New Product Launch,485,4188,42,20,1.11,1.24,8413,1
4209,Middle East,Influencer,New Product Launch,2487,8276,34,63,1.38,5.0,11356,1
4210,Middle East,Influencer,New Product Launch,1762,4670,26,29,0.84,2.29,9243,0
4211,Middle East,Email,Brand Awareness,884,8786,46,9,4.03,11.09,18630,0
4212,Europe,Influencer,New Product Launch,1648,3671,20,43,4.16,9.65,4294,0
4213,North America,Email,New Product Launch,4868,2074,45,17,0.56,2.48,10789,1
4214,North America,Email,New Product Launch,4467,2084,45,34,4.64,7.49,1057,1
4215,Asia,Influencer,New Product Launch,730,3720,18,7,0.61,3.33,9925,1
4216,Asia,Social Media,Brand Awareness,4908,5771,30,66,2.79,8.35,18447,1
4217,North America,Social Media,New Product Launch,4389,4964,7,86,0.71,6.84,12898,1
4218,Middle East,Email,Brand Awareness,4081,953,6,29,2.16,8.14,19771,1
4219,Middle East,Google Ads,Brand Awareness,2115,6560,35,87,1.98,1.07,18912,0
4220,Asia,Influencer,New Product Launch,4105,4548,24,59,1.21,5.17,17202,1
4221,South America,Google Ads,Brand Awareness,250,5632,18,96,0.53,5.32,19736,1
4222,South America,Email,New Product Launch,3720,7219,23,12,1.89,5.7,11636,0
4223,Europe,TV Ads,New Product Launch,1279,6799,31,39,0.67,7.96,7571,1
4224,Europe,TV Ads,Discount,1700,3175,45,76,4.45,9.46,1985,1
4225,North America,Google Ads,New Product Launch,3705,4292,24,24,2.98,8.25,15739,1
4226,North America,Influencer,New Product Launch,3840,8994,5,22,4.78,7.11,6050,1
4227,Asia,Influencer,Discount,1495,8362,18,118,4.4,7.76,1101,1
4228,South America,Social Media,New Product Launch,4605,6258,21,83,2.45,1.73,2156,1
4229,Europe,TV Ads,Brand Awareness,1539,4632,35,66,4.79,4.47,12014,1
4230,North America,Google Ads,New Product Launch,3532,3029,45,51,1.89,11.72,1119,0
4231,North America,TV Ads,New Product Launch,200,7471,44,91,1.95,11.01,5412,1
4232,Asia,TV Ads,Discount,673,4481,22,85,2.56,1.45,4706,1
4233,Middle East,Social Media,Discount,3906,5037,7,76,2.32,8.65,10297,1
4234,South America,Email,New Product Launch,2327,8906,35,58,3.68,6.86,7597,0
4235,Middle East,Google Ads,Brand Awareness,807,3111,35,87,2.5,6.78,7497,1
4236,North America,Email,Discount,2030,6506,30,43,2.65,4.64,12018,1
4237,North America,Email,Brand Awareness,3008,6505,47,51,3.59,10.85,1759,1
4238,Middle East,Influencer,New Product Launch,974,6943,22,96,4.18,2.32,15950,1
4239,North America,Social Media,Discount,1530,8809,17,15,3.09,4.57,10958,0
4240,Europe,Google Ads,Discount,1417,885,30,67,2.9,5.18,4386,1
4241,Asia,TV Ads,New Product Launch,4269,5764,8,55,0.54,2.09,1294,1
4242,Asia,Email,New Product Launch,2300,6098,33,13,2.12,10.12,19185,1
4243,Asia,Google Ads,Brand Awareness,4734,3619,43,57,2.04,5.66,13985,1
4244,North America,Influencer,Discount,425,1944,19,85,1.79,11.67,1292,1
4245,North America,Google Ads,New Product Launch,3437,3032,29,66,1.67,3.36,9415,1
4246,Europe,Google Ads,Discount,1387,5885,32,81,4.74,4.7,19511,0
4247,Asia,Influencer,Discount,627,8676,37,21,3.52,6.27,6870,0
4248,South America,Social Media,Discount,2141,3010,1,57,1.6,11.6,19931,1
4249,Middle East,Google Ads,New Product Launch,1580,3280,26,89,2.89,10.16,11296,1
4250,Middle East,TV Ads,Discount,1580,6654,3,64,0.92,9.34,3708,1
4251,Asia,TV Ads,Discount,2288,5663,30,90,4.5,4.3,2551,0
4252,Middle East,Email,Discount,1424,5527,48,40,2.04,9.3,9674,0
4253,Asia,TV Ads,Discount,3653,3781,11,49,1.51,11.04,2788,1
4254,Asia,Influencer,Brand Awareness,222,5564,40,65,3.09,7.3,1702,1
4255,South America,TV Ads,Discount,3647,1765,9,107,4.87,7.91,1296,1
4256,Asia,TV Ads,Discount,3568,6901,45,105,3.52,11.11,1503,1
4257,Middle East,Email,Discount,4025,4291,32,76,2.73,9.68,15197,0
4258,Middle East,Influencer,Brand Awareness,1841,8216,32,79,4.67,11.64,10328,1
4259,Middle East,TV Ads,Discount,3061,950,5,90,4.21,11.27,15031,0
4260,North America,Social Media,Discount,1436,2239,17,47,4.09,10.23,19861,1
4261,South America,Google Ads,Brand Awareness,2050,3407,3,37,4.25,7.66,10541,1
4262,Asia,Influencer,Brand Awareness,826,7829,7,41,4.03,9.18,9072,1
4263,South America,Influencer,New Product Launch,4124,7051,38,39,0.53,10.5,15252,1
4264,Europe,Influencer,Brand Awareness,3941,2482,16,17,3.25,1.99,8393,1
4265,South America,Social Media,New Product Launch,1313,5049,28,119,4.9,6.27,10411,1
4266,Asia,Influencer,Discount,2614,2278,7,7,2.88,2.33,8612,0
4267,North America,Email,Brand Awareness,1518,2207,41,60,1.94,2.09,5885,1
4268,Europe,Google Ads,Discount,1696,6069,49,51,1.41,1.82,6966,1
4269,Asia,TV Ads,Brand Awareness,4021,8331,48,99,2.88,10.28,5914,1
4270,North America,TV Ads,Brand Awareness,3895,1143,4,13,2.62,4.91,19965,0
4271,South America,TV Ads,Brand Awareness,731,7519,42,18,2.23,1.94,9746,1
4272,South America,Google Ads,New Product Launch,3514,8068,23,100,2.34,7.64,17564,0
4273,Asia,Google Ads,Brand Awareness,4148,7942,14,52,1.7,9.76,18656,1
4274,Middle East,Google Ads,Brand Awareness,4918,4858,29,75,4.11,10.95,17373,1
4275,Asia,Social Media,Brand Awareness,4205,5969,16,57,2.31,4.48,6306,0
4276,North America,TV Ads,Brand Awareness,2628,7557,41,33,0.92,4.17,3547,1
4277,North America,Social Media,Discount,4623,2472,1,104,3.82,4.39,9657,1
4278,Middle East,TV Ads,New Product Launch,2776,3795,4,70,1.16,9.62,2097,1
4279,Asia,Social Media,Brand Awareness,3766,7397,22,77,4.44,9.33,5344,0
4280,Asia,Email,New Product Launch,2047,8446,12,6,4.42,8.42,1049,0
4281,South America,Email,Brand Awareness,1629,7962,46,114,4.06,7.36,11698,1
4282,Asia,Influencer,Brand Awareness,3297,1409,31,96,2.4,7.96,12855,0
4283,Asia,Google Ads,Brand Awareness,1237,6484,4,80,4.58,5.18,2040,1
4284,North America,Social Media,Discount,2278,8615,33,51,2.28,7.3,18421,1
4285,Middle East,Influencer,Brand Awareness,2773,277,36,64,3.25,4.06,19714,1
4286,North America,Google Ads,New Product Launch,4428,3936,27,50,2.11,11.18,4345,1
4287,Middle East,Email,Brand Awareness,1527,8035,49,35,0.61,9.5,5403,1
4288,Europe,Influencer,Brand Awareness,2285,6274,11,117,2.76,4.48,11218,0
4289,Asia,Google Ads,New Product Launch,4050,7240,6,89,1.05,10.57,15162,0
4290,Europe,Google Ads,New Product Launch,1338,7761,18,117,0.65,9.91,12129,0
4291,North America,Influencer,Discount,875,7391,20,89,4.11,6.38,1360,1
4292,Europe,Google Ads,Brand Awareness,4887,2843,28,5,2.99,1.76,11412,1
4293,North America,Influencer,Discount,3150,8042,11,118,2.35,11.17,15503,0
4294,Middle East,Google Ads,Discount,3277,7118,28,118,2.69,6.78,14000,0
4295,Asia,Influencer,Discount,386,5102,42,41,4.14,4.64,9375,1
4296,Europe,Social Media,Brand Awareness,464,7421,38,118,3.31,4.94,9580,1
4297,North America,Google Ads,Discount,3095,2564,40,66,4.85,8.73,7725,0
4298,Europe,Social Media,Brand Awareness,3492,6717,39,36,0.99,8.29,3849,0
4299,Middle East,Email,Discount,1505,376,44,11,1.98,1.86,2145,0
4300,Asia,TV Ads,Brand Awareness,3537,2441,39,65,4.6,11.08,16541,1
4301,Europe,Google Ads,Discount,3142,1607,49,83,4.11,4.79,17400,1
4302,Europe,Email,Discount,1899,6860,14,41,3.05,2.44,10619,0
4303,Asia,Google Ads,New Product Launch,931,7677,31,67,1.41,5.82,5065,0
4304,North America,Social Media,Brand Awareness,3330,7947,33,8,4.83,4.04,13242,1
4305,Middle East,Influencer,New Product Launch,4218,4657,36,51,4.86,4.15,3055,1
4306,Europe,Influencer,Brand Awareness,4080,431,26,101,0.67,5.53,4886,1
4307,North America,Google Ads,New Product Launch,1305,3057,34,52,2.69,10.31,15042,1
4308,Middle East,Google Ads,Brand Awareness,726,7733,10,82,4.08,11.89,8081,0
4309,Europe,Google Ads,Brand Awareness,1778,3074,2,42,0.54,11.54,3025,1
4310,North America,Social Media,Brand Awareness,4174,3687,4,28,4.97,2.41,7521,0
4311,Middle East,TV Ads,New Product Launch,3741,7779,39,41,4.77,3.71,4426,1
4312,South America,Email,Brand Awareness,3235,1530,40,85,1.73,11.45,19623,1
4313,Middle East,Social Media,New Product Launch,481,614,9,25,1.77,4.84,5173,0
4314,South America,Google Ads,Brand Awareness,3610,238,39,49,1.49,7.22,5494,0
4315,Asia,Google Ads,Discount,1540,1943,16,16,0.55,3.56,6371,1
4316,Europe,Influencer,Discount,4192,8119,30,89,2.25,9.12,6332,0
4317,Middle East,Email,Discount,2636,8753,28,35,3.58,8.84,10215,0
4318,Asia,Google Ads,Discount,1550,3996,47,50,2.23,6.96,15297,1
4319,Asia,Email,Brand Awareness,3855,373,9,18,2.02,7.64,11263,1
4320,Middle East,TV Ads,New Product Launch,4048,3260,20,60,3.63,11.49,10955,1
4321,South America,Social Media,Brand Awareness,4363,4113,31,101,4.07,11.71,5099,1
4322,South America,Influencer,Discount,3596,8066,30,16,2.59,6.31,2085,0
4323,Middle East,Google Ads,New Product Launch,4715,6633,32,78,1.29,1.3,13250,0
4324,Middle East,Email,Brand Awareness,3547,5632,23,106,3.67,11.09,12561,1
4325,South America,Social Media,Brand Awareness,1040,2587,32,82,3.58,9.34,5435,0
4326,Asia,TV Ads,New Product Launch,3699,8121,41,101,0.68,9.01,8824,1
4327,South America,Influencer,New Product Launch,2294,8857,17,89,3.58,6.27,18185,0
4328,South America,TV Ads,Discount,3941,7816,11,23,1.21,7.64,10049,0
4329,South America,Email,New Product Launch,1697,7850,28,67,2.11,2.68,11863,1
4330,North America,Google Ads,Discount,1552,8565,13,71,0.98,9.53,11287,0
4331,South America,TV Ads,New Product Launch,4612,6051,40,100,3.23,11.51,1650,1
4332,North America,Email,Brand Awareness,2835,8611,28,119,2.98,9.78,16172,1
4333,North America,Influencer,Brand Awareness,4664,430,2,106,3.7,6.73,1264,0
4334,Asia,Google Ads,Discount,2649,5147,38,50,1.43,6.19,10307,1
4335,Middle East,Email,Discount,3503,1796,17,115,0.83,3.01,13109,1
4336,Middle East,Social Media,New Product Launch,2963,5071,29,82,4.16,1.05,2093,1
4337,North America,Google Ads,Brand Awareness,2005,1788,18,60,1.51,4.39,19869,1
4338,South America,Email,Brand Awareness,2402,1790,43,82,1.16,4.18,5985,1
4339,South America,TV Ads,Discount,2568,7696,45,91,3.78,7.33,15596,1
4340,North America,Social Media,Brand Awareness,3680,5453,43,30,2.63,5.01,12714,0
4341,Europe,Social Media,Discount,2512,5253,44,8,2.43,10.38,5304,0
4342,South America,Social Media,New Product Launch,2555,2648,29,29,2.77,6.06,2794,1
4343,Asia,Google Ads,New Product Launch,3593,3007,23,60,4.27,11.63,15022,1
4344,Asia,Google Ads,New Product Launch,953,3577,14,32,2.17,11.31,18685,1
4345,North America,TV Ads,Discount,4204,556,2,119,4.23,9.88,18319,1
4346,Middle East,Influencer,New Product Launch,4936,7263,27,98,2.42,10.85,5652,0
4347,Europe,TV Ads,New Product Launch,987,6048,2,52,1.12,6.82,1791,1
4348,North America,Influencer,New Product Launch,1594,6253,15,59,1.79,3.66,6261,0
4349,North America,Influencer,Discount,4375,358,40,109,3.62,8.44,2915,1
4350,Asia,Influencer,Brand Awareness,1074,3173,5,56,3.59,6.44,16301,0
4351,North America,Influencer,Discount,3195,3605,3,119,2.1,7.99,13429,1
4352,North America,Email,New Product Launch,4106,954,5,100,4.59,6.22,6376,1
4353,Asia,Social Media,Discount,3389,3473,12,29,2.83,1.78,18333,1
4354,Asia,TV Ads,Brand Awareness,548,8334,21,38,3.6,7.13,17489,0
4355,North America,Influencer,Discount,3083,7970,11,8,4.77,2.3,19985,1
4356,Middle East,Email,New Product Launch,3808,7544,25,81,0.93,5.28,19694,0
4357,Asia,Influencer,New Product Launch,4386,8548,32,13,1.87,4.41,1697,1
4358,South America,Email,Discount,288,850,42,93,2.1,7.56,19803,1
4359,South America,Email,Discount,3786,4050,10,94,4.85,6.3,3958,1
4360,Europe,TV Ads,New Product Launch,4927,1337,29,33,0.94,5.08,12393,1
4361,Asia,Social Media,Discount,2025,3556,19,66,3.4,4.78,13746,0
4362,South America,Google Ads,Brand Awareness,3438,7588,11,32,3.46,5.02,18224,1
4363,Europe,Email,New Product Launch,1698,691,12,41,2.67,9.41,10599,1
4364,South America,Influencer,Discount,2592,6805,1,89,4.46,11.17,16259,1
4365,Middle East,Social Media,Discount,955,5697,19,49,3.49,1.11,9369,1
4366,Asia,Email,Brand Awareness,1959,1355,45,35,4.36,11.97,6455,1
4367,Middle East,Social Media,Brand Awareness,2456,2483,12,101,1.68,7.47,16229,1
4368,South America,Influencer,Discount,924,7603,40,40,4.96,6.1,3097,1
4369,North America,Social Media,Discount,1798,6561,45,50,3.13,11.89,6082,0
4370,South America,Email,Brand Awareness,3478,3571,49,96,2.19,9.91,10230,1
4371,Asia,Influencer,Discount,1115,386,21,72,2.91,3.32,11897,0
4372,North America,Google Ads,Brand Awareness,2075,5512,30,49,1.21,5.63,11038,1
4373,North America,Google Ads,Brand Awareness,3920,4965,25,27,0.62,8.86,11861,1
4374,South America,Influencer,Discount,3063,644,14,6,3.9,9.05,13663,1
4375,South America,Google Ads,Brand Awareness,3613,2343,41,108,1.75,10.94,14723,1
4376,South America,Google Ads,New Product Launch,4772,2793,43,110,1.2,1.93,17110,1
4377,Middle East,Google Ads,Brand Awareness,2407,4712,15,58,4.52,3.96,13846,0
4378,Middle East,Google Ads,New Product Launch,870,6705,4,88,2.33,11.72,685,1
4379,Europe,Google Ads,New Product Launch,1246,8833,22,15,0.62,2.73,2377,1
4380,Middle East,Influencer,New Product Launch,1745,8040,48,101,1.83,5.61,2454,0
4381,Asia,Social Media,Discount,2514,7034,35,35,2.82,3.48,7929,0
4382,Europe,Influencer,New Product Launch,4585,3089,13,61,1.68,4.71,1050,1
4383,Europe,Social Media,Brand Awareness,194,5962,3,83,1.68,4.33,6651,1
4384,South America,Google Ads,Brand Awareness,2951,3144,26,65,1.7,3.58,15353,1
4385,Asia,TV Ads,New Product Launch,2439,2885,27,13,2.5,8.39,18249,1
4386,Europe,Email,New Product Launch,4475,8234,49,57,2.03,10.79,17293,1
4387,Asia,TV Ads,Discount,1235,2134,16,107,2.82,8.7,9324,1
4388,Asia,Influencer,Discount,138,7797,48,51,0.81,8.85,10933,1
4389,South America,Google Ads,Discount,1109,3486,33,48,2.53,7.85,5385,1
4390,Middle East,TV Ads,Discount,2004,4061,11,83,2.07,6.42,19764,1
4391,Middle East,Email,Brand Awareness,3946,8505,2,59,4.87,5.12,12065,1
4392,South America,Email,New Product Launch,4562,8676,25,45,3.81,7.05,3129,1
4393,North America,Google Ads,Discount,346,766,23,48,2.06,4.71,14756,0
4394,Asia,Google Ads,Brand Awareness,4052,653,23,60,1.26,10.25,7379,0
4395,Middle East,Social Media,Discount,3529,4432,14,74,2.02,4.21,16219,1
4396,South America,Social Media,Discount,3155,1151,45,88,3.9,3.81,9189,0
4397,South America,TV Ads,New Product Launch,4094,3218,47,96,3.53,4.68,924,1
4398,Middle East,Google Ads,Discount,1707,4680,37,56,4.78,1.3,6432,1
4399,Europe,Google Ads,Discount,1378,7241,32,79,4.74,6.71,11172,1
4400,Europe,TV Ads,Brand Awareness,3962,6405,8,23,4.77,8.88,3221,1
4401,North America,Google Ads,New Product Launch,2348,3501,27,53,0.55,6.36,17878,1
4402,North America,Email,Discount,3161,1441,18,88,4.07,11.92,18540,1
4403,Europe,TV Ads,Brand Awareness,4898,2669,19,71,0.86,8.07,5440,1
4404,Asia,Email,New Product Launch,913,3408,37,30,2.33,7.53,6336,0
4405,Middle East,Google Ads,Discount,4914,5142,9,22,1.14,8.72,1453,1
4406,North America,Email,Discount,4438,4798,46,51,2.7,11.36,15562,0
4407,Europe,TV Ads,Discount,4112,6559,12,20,2.45,5.77,17001,1
4408,Asia,Social Media,New Product Launch,4309,6536,17,13,3.6,4.33,6415,1
4409,North America,Email,New Product Launch,1072,3472,44,60,2.49,3.15,12622,1
4410,South America,Influencer,New Product Launch,4153,1714,4,19,1.57,4.07,7380,0
4411,Europe,Email,Brand Awareness,4742,7810,18,93,2.63,8.62,7351,0
4412,North America,Social Media,New Product Launch,4106,4172,47,117,3.49,3.34,9567,1
4413,Middle East,Email,New Product Launch,202,340,47,91,1.15,7.57,18859,0
4414,South America,Influencer,New Product Launch,1384,5577,14,24,0.83,1.12,3729,1
4415,Europe,Influencer,Brand Awareness,1011,6980,48,45,3.33,9.17,3059,1
4416,Asia,TV Ads,New Product Launch,1029,4423,33,24,0.98,7.06,14414,0
4417,South America,Influencer,New Product Launch,884,2813,41,78,3.88,3.13,1873,1
4418,North America,Influencer,Brand Awareness,4488,1770,2,95,1.55,1.66,19728,1
4419,South America,Google Ads,New Product Launch,4027,3342,31,10,1.31,5.3,2470,1
4420,Middle East,Social Media,Discount,2225,5320,27,110,2.14,5.39,7723,1
4421,South America,TV Ads,Discount,2464,7200,35,41,4.94,5.96,13100,0
4422,Middle East,Email,New Product Launch,4267,2314,47,37,1.93,8.0,7083,1
4423,South America,Social Media,Discount,2591,2181,14,9,3.12,3.34,6864,1
4424,Europe,Google Ads,Discount,3397,7882,29,82,4.72,5.03,8910,1
4425,Europe,Email,Brand Awareness,2392,6029,25,83,4.12,2.95,9854,1
4426,Asia,TV Ads,Brand Awareness,4502,7038,46,86,2.39,2.78,15641,1
4427,Asia,Social Media,New Product Launch,2694,1316,30,12,1.91,10.92,8629,0
4428,South America,Influencer,New Product Launch,2108,3425,3,62,0.9,4.14,5540,0
4429,Middle East,Email,Discount,3742,6664,15,10,0.97,10.07,6808,1
4430,South America,Social Media,Brand Awareness,4814,2751,41,77,3.78,9.64,12850,1
4431,South America,Influencer,New Product Launch,1290,6765,35,67,2.34,6.89,16872,0
4432,Middle East,Email,Discount,2528,6547,38,118,4.84,8.18,16260,0
4433,South America,Google Ads,Discount,1667,1869,46,11,5.0,6.9,12911,1
4434,Europe,TV Ads,Discount,2871,3401,17,74,4.48,11.03,14059,0
4435,Asia,Influencer,Discount,1441,5231,31,27,3.86,7.08,18457,1
4436,South America,TV Ads,New Product Launch,854,7739,16,105,3.58,5.26,4037,0
4437,Asia,Social Media,New Product Launch,1519,2296,14,117,4.17,7.7,3264,1
4438,Europe,Influencer,New Product Launch,502,7937,45,115,4.61,7.71,3756,0
4439,Asia,TV Ads,New Product Launch,1634,2619,31,23,4.42,7.0,2388,0
4440,North America,Google Ads,Brand Awareness,2293,3361,18,27,1.7,7.68,9419,1
4441,Europe,Google Ads,Brand Awareness,128,6834,1,111,1.45,6.19,11036,1
4442,North America,Google Ads,New Product Launch,3944,2065,1,38,1.88,9.5,7231,1
4443,South America,Email,Brand Awareness,1982,1440,32,65,3.43,7.65,13725,1
4444,Asia,Influencer,New Product Launch,4782,2174,22,69,3.16,11.04,16110,1
4445,Middle East,Influencer,Brand Awareness,379,5547,44,40,4.52,5.07,2109,1
4446,Middle East,Influencer,Discount,3718,3402,14,15,3.88,10.91,7571,1
4447,Asia,Influencer,Brand Awareness,2647,6598,14,59,1.78,1.58,3483,1
4448,Middle East,Influencer,Brand Awareness,3649,4498,21,11,1.75,8.58,4822,1
4449,Middle East,Google Ads,New Product Launch,3514,4695,41,110,0.78,6.95,1733,0
4450,North America,TV Ads,Brand Awareness,3843,6944,15,75,1.46,7.46,15694,1
4451,North America,Email,Brand Awareness,168,2080,42,82,3.97,6.56,6313,1
4452,Middle East,TV Ads,Brand Awareness,1297,2519,12,23,4.71,9.67,12188,0
4453,North America,Google Ads,New Product Launch,2537,2595,12,79,3.43,10.53,9865,1
4454,Middle East,Social Media,Brand Awareness,284,891,25,15,3.97,6.48,15805,1
4455,North America,Google Ads,New Product Launch,1463,7314,17,83,4.77,4.09,4103,1
4456,Middle East,TV Ads,New Product Launch,2089,1934,26,118,2.9,6.85,13054,1
4457,South America,Social Media,Discount,2743,3860,15,59,3.44,9.08,8602,1
4458,South America,Google Ads,Discount,4405,5073,23,9,1.09,11.87,8357,1
4459,North America,Google Ads,New Product Launch,4973,6941,7,39,1.33,8.05,13898,1
4460,North America,Email,Brand Awareness,2272,2339,45,64,2.91,5.83,2965,1
4461,Asia,Email,Brand Awareness,1108,1588,7,36,4.47,4.74,15476,1
4462,South America,Social Media,Discount,3157,4080,7,118,0.89,2.24,14309,0
4463,South America,Google Ads,Discount,1250,7937,36,37,4.55,3.25,19157,1
4464,South America,TV Ads,New Product Launch,1610,3675,39,37,3.8,3.63,13608,0
4465,North America,Google Ads,New Product Launch,1369,8593,22,109,3.03,10.72,19842,0
4466,Asia,Google Ads,Brand Awareness,3736,3107,5,37,3.66,7.57,15739,1
4467,Europe,Google Ads,Discount,1678,1541,11,96,0.96,4.5,16831,1
4468,Middle East,TV Ads,Discount,4373,3884,4,21,3.55,5.81,3103,1
4469,Middle East,Google Ads,Brand Awareness,515,4703,25,104,1.33,3.14,8536,1
4470,Middle East,TV Ads,Discount,3468,802,16,47,2.02,9.72,16220,0
4471,North America,TV Ads,New Product Launch,3213,612,20,92,4.06,1.84,1687,0
4472,Middle East,Social Media,Brand Awareness,2013,7782,28,68,4.82,8.25,4535,0
4473,Asia,Influencer,Brand Awareness,872,262,45,12,4.01,8.37,16650,1
4474,Middle East,Email,Discount,520,2714,49,85,3.02,3.02,11979,1
4475,South America,Google Ads,Discount,4712,5604,11,49,4.26,8.15,2143,1
4476,Asia,Social Media,New Product Launch,4634,5458,46,56,3.53,9.46,14919,0
4477,Middle East,TV Ads,New Product Launch,137,3581,16,90,2.39,3.17,15761,0
4478,North America,Google Ads,Brand Awareness,958,5300,8,15,1.21,2.07,4731,0
4479,Middle East,Social Media,New Product Launch,141,5078,47,35,4.53,11.81,13932,1
4480,Asia,Email,Brand Awareness,2848,6448,38,116,1.48,3.32,7700,1
4481,Middle East,Google Ads,Discount,1902,7211,7,78,0.56,6.31,17575,1
4482,North America,Email,Brand Awareness,650,7805,48,67,2.03,6.37,14779,1
4483,Europe,Influencer,New Product Launch,1702,6860,44,14,1.27,10.46,5042,1
4484,Asia,Email,New Product Launch,4492,8393,15,84,4.54,8.26,12061,1
4485,Asia,Google Ads,New Product Launch,4347,1790,30,10,3.55,11.58,866,1
4486,North America,Email,New Product Launch,1631,4434,24,114,2.01,9.71,3014,1
4487,North America,Influencer,Discount,2351,4834,27,37,1.01,11.38,4110,1
4488,Middle East,Email,Discount,2311,7825,16,115,3.9,5.35,10785,1
4489,Asia,TV Ads,Discount,4096,1830,40,97,0.57,7.78,667,1
4490,North America,Social Media,New Product Launch,2342,4462,48,53,4.88,8.94,8509,1
4491,Asia,Social Media,Brand Awareness,1797,776,13,27,4.49,8.42,16527,1
4492,Middle East,Social Media,Brand Awareness,3416,3148,32,65,2.42,3.2,18948,1
4493,Asia,Google Ads,Discount,4779,1999,43,100,3.51,11.46,6873,0
4494,North America,Email,Discount,2256,8518,28,33,2.73,8.62,14423,1
4495,North America,Influencer,Brand Awareness,4155,4281,39,117,1.19,10.06,14725,1
4496,Europe,Influencer,Discount,1908,7163,48,105,4.57,3.51,13748,0
4497,North America,Google Ads,Brand Awareness,2020,3193,24,84,2.23,1.29,19700,0
4498,Middle East,Social Media,New Product Launch,236,4104,46,41,2.8,7.66,15685,1
4499,North America,Email,New Product Launch,2412,8804,33,70,2.22,2.11,6949,1
4500,Asia,Social Media,Discount,2726,7083,29,70,0.52,4.53,19243,1
4501,Europe,Google Ads,Discount,2300,2569,33,15,1.21,10.63,16561,1
4502,Europe,Google Ads,Brand Awareness,2400,3929,38,79,2.04,3.9,11079,1
4503,South America,Influencer,Brand Awareness,2928,7410,49,90,0.94,5.71,1116,0
4504,South America,Social Media,Brand Awareness,4382,2542,38,42,4.66,5.6,15573,1
4505,Middle East,Google Ads,New Product Launch,2031,6901,23,23,2.77,9.46,18852,1
4506,Asia,TV Ads,Brand Awareness,882,5942,2,51,4.85,10.89,15332,1
4507,North America,Influencer,Discount,1440,1518,15,58,4.91,6.89,6840,0
4508,Europe,Email,New Product Launch,2197,3318,5,40,3.12,11.15,19752,1
4509,Asia,Social Media,Brand Awareness,2078,4749,33,74,3.59,3.5,8925,1
4510,Europe,Influencer,Brand Awareness,2573,3001,34,116,3.87,10.31,17521,0
4511,Europe,Email,Discount,1521,1053,7,27,3.16,9.42,1724,1
4512,South America,Google Ads,Brand Awareness,359,4154,36,55,1.28,8.35,14884,1
4513,Middle East,Email,New Product Launch,3456,6039,25,39,3.03,5.7,10463,0
4514,South America,Influencer,Discount,4727,817,3,47,1.37,11.46,10302,1
4515,Middle East,Social Media,Brand Awareness,4215,6181,35,74,2.79,2.71,18318,1
4516,North America,Email,Discount,2538,8591,10,104,3.75,3.41,17182,1
4517,Europe,Google Ads,New Product Launch,2322,5918,6,22,3.89,3.9,15835,1
4518,South America,TV Ads,Brand Awareness,4571,503,1,115,0.89,8.33,8769,1
4519,South America,Email,New Product Launch,310,5005,11,67,2.18,11.15,1189,1
4520,Middle East,Email,Brand Awareness,4199,5636,1,66,3.54,5.39,6143,1
4521,North America,Google Ads,Brand Awareness,1765,3130,36,49,2.78,3.16,18840,1
4522,South America,Social Media,Discount,282,665,6,78,3.24,2.6,17657,0
4523,Europe,TV Ads,Discount,2377,7215,26,71,2.0,2.68,17006,0
4524,Asia,Social Media,Discount,3378,8645,24,80,4.87,5.67,1535,1
4525,Europe,TV Ads,New Product Launch,2950,4960,31,24,1.99,8.55,7886,0
4526,Middle East,Google Ads,Discount,3115,501,44,18,2.06,6.82,17665,1
4527,North America,Email,Discount,4230,6864,41,115,2.06,5.9,4239,1
4528,Asia,TV Ads,New Product Launch,3493,5976,13,45,0.51,1.01,18182,0
4529,North America,Google Ads,Discount,4319,6725,48,35,2.96,3.06,3432,1
4530,Asia,Google Ads,Brand Awareness,849,5924,36,55,4.28,11.13,19100,1
4531,Middle East,TV Ads,New Product Launch,1389,1862,27,36,3.58,4.65,5133,1
4532,North America,TV Ads,Brand Awareness,4134,3794,19,116,3.99,1.77,15344,1
4533,North America,Google Ads,New Product Launch,2669,1595,2,56,1.7,1.93,15523,0
4534,North America,TV Ads,New Product Launch,4292,5101,40,88,4.42,8.96,8986,0
4535,North America,TV Ads,New Product Launch,2265,5671,3,39,1.64,11.46,11999,1
4536,Middle East,Email,Discount,860,6307,44,74,0.64,5.44,1363,1
4537,Europe,TV Ads,New Product Launch,2618,6056,3,59,3.12,9.13,14098,1
4538,Europe,Social Media,Discount,2667,3309,23,57,1.09,4.43,2960,1
4539,Asia,Social Media,Discount,4731,6210,49,88,3.8,4.78,17792,0
4540,Middle East,Email,Discount,4703,280,48,103,1.14,1.13,518,1
4541,South America,Social Media,New Product Launch,4660,2890,29,76,2.07,7.49,9549,1
4542,North America,Social Media,Discount,639,2917,11,12,1.86,5.69,8023,1
4543,Asia,Google Ads,Discount,2320,1409,15,95,1.86,3.8,9667,1
4544,Europe,Google Ads,New Product Launch,1289,2331,5,59,2.04,4.66,5052,1
4545,Middle East,Social Media,Discount,3769,8164,27,69,1.97,4.1,14649,1
4546,South America,Social Media,New Product Launch,884,2080,18,69,1.51,8.34,13539,1
4547,South America,Social Media,Brand Awareness,252,684,6,43,0.8,2.61,15133,1
4548,South America,TV Ads,Discount,425,5009,13,65,1.66,4.32,6851,1
4549,Middle East,Email,New Product Launch,385,8820,30,69,3.51,7.75,18799,1
4550,Asia,Google Ads,New Product Launch,3480,4430,45,64,3.86,9.05,2702,1
4551,Asia,Social Media,New Product Launch,3987,5568,38,96,2.62,8.62,5972,1
4552,Asia,Email,Brand Awareness,219,6608,8,110,2.3,7.75,5930,0
4553,Europe,TV Ads,Brand Awareness,2112,430,20,49,1.14,8.6,7891,0
4554,South America,Email,Discount,1273,8776,25,45,1.72,8.3,14316,1
4555,North America,Social Media,Discount,1902,3646,45,27,3.36,4.79,16178,1
4556,South America,Social Media,Discount,4009,3720,37,118,2.21,10.83,5164,1
4557,South America,Email,Brand Awareness,4880,1099,3,93,2.28,1.5,5161,1
4558,North America,Google Ads,Brand Awareness,3415,1211,35,30,0.99,8.48,5318,0
4559,Asia,Email,Brand Awareness,2520,5475,44,32,1.41,11.9,8380,1
4560,North America,TV Ads,New Product Launch,456,8587,7,94,2.36,7.83,2595,1
4561,South America,Influencer,New Product Launch,4799,4534,46,92,0.96,4.98,12099,0
4562,Asia,Influencer,New Product Launch,3585,8354,36,14,2.89,7.17,6789,1
4563,Middle East,Influencer,New Product Launch,1162,1227,14,43,2.76,2.23,13424,1
4564,Asia,Influencer,Brand Awareness,1178,5146,36,8,4.41,8.47,19046,0
4565,Europe,TV Ads,Discount,3711,3175,38,70,2.26,9.23,4900,0
4566,Middle East,Influencer,New Product Launch,1556,8140,28,90,1.34,8.33,10241,1
4567,Europe,Influencer,New Product Launch,942,2542,38,25,3.69,10.01,9556,1
4568,Asia,TV Ads,New Product Launch,536,8826,22,109,2.12,1.08,713,0
4569,Europe,Email,New Product Launch,1901,8888,49,78,3.45,10.59,19291,1
4570,Europe,TV Ads,Discount,4849,3100,1,64,3.61,5.57,4287,0
4571,Asia,Google Ads,Discount,1454,2367,5,103,1.77,7.47,5182,1
4572,Europe,Influencer,Discount,1754,3036,26,30,1.27,4.11,8902,1
4573,South America,Google Ads,Discount,1806,3623,20,67,4.26,8.62,8306,1
4574,Europe,TV Ads,Discount,2353,1434,4,40,3.7,12.0,15493,1
4575,Middle East,Google Ads,Discount,2289,318,30,96,1.42,11.52,11914,1
4576,Europe,TV Ads,Brand Awareness,3768,7271,18,53,3.47,6.3,9681,1
4577,Europe,Influencer,New Product Launch,799,1313,45,88,2.48,8.2,15320,1
4578,Middle East,TV Ads,New Product Launch,601,2793,40,102,0.62,11.01,8819,1
4579,Europe,Influencer,Brand Awareness,4077,2576,29,30,4.4,1.83,1538,1
4580,South America,Google Ads,Discount,1973,8249,37,13,1.63,8.5,9218,1
4581,Middle East,Influencer,Brand Awareness,848,4105,9,110,4.26,7.89,3229,1
4582,North America,TV Ads,New Product Launch,287,1973,44,86,3.62,10.1,5895,0
4583,Europe,Google Ads,Brand Awareness,3566,7196,28,105,3.24,1.22,12526,1
4584,Middle East,Influencer,Brand Awareness,2306,1409,19,35,3.5,4.09,3504,1
4585,North America,Google Ads,New Product Launch,3912,791,25,113,2.35,8.09,17803,1
4586,South America,Influencer,New Product Launch,2418,5672,14,83,2.92,1.15,18931,1
4587,Middle East,Google Ads,Brand Awareness,4067,2274,38,90,1.19,1.98,6578,1
4588,Middle East,Influencer,New Product Launch,4431,7308,18,70,3.39,7.63,5399,1
4589,Asia,TV Ads,New Product Launch,4807,7590,4,103,4.88,2.68,3334,1
4590,Asia,Email,Discount,923,583,19,45,2.53,5.33,18195,1
4591,Europe,TV Ads,Discount,1990,2037,39,6,4.24,9.8,3240,0
4592,South America,Social Media,Discount,2296,6782,20,76,2.64,11.36,1609,1
4593,Middle East,Social Media,Brand Awareness,3480,8424,33,67,4.67,5.9,4819,1
4594,South America,Social Media,New Product Launch,2843,1129,32,14,4.46,5.74,10711,1
4595,Europe,Email,Brand Awareness,1947,207,44,21,3.44,9.72,4823,1
4596,Middle East,Social Media,New Product Launch,4896,1218,32,8,1.29,9.59,6796,1
4597,South America,Social Media,Discount,4106,8853,12,47,4.13,4.22,6852,0
4598,Asia,Email,Discount,1202,4155,45,59,0.56,11.83,1531,1
4599,Middle East,Social Media,New Product Launch,2724,4931,48,80,2.06,8.14,4269,1
4600,Europe,Google Ads,New Product Launch,1979,7739,10,8,2.97,10.46,913,1
4601,South America,Influencer,Brand Awareness,2755,3862,1,38,0.76,6.95,9195,0
4602,South America,Google Ads,Discount,2894,5982,38,109,3.97,10.12,9344,0
4603,Asia,Influencer,Brand Awareness,1799,4049,19,86,4.34,11.98,8149,1
4604,Middle East,Social Media,New Product Launch,105,4932,39,52,4.74,1.07,13235,1
4605,South America,Google Ads,Discount,1178,892,7,41,4.68,7.64,4481,1
4606,Middle East,Email,Discount,1809,7698,29,62,0.65,7.03,1576,0
4607,Asia,TV Ads,New Product Launch,2553,8783,38,45,0.97,10.75,19021,1
4608,Middle East,Google Ads,Discount,1024,3579,24,44,0.77,7.73,16111,1
4609,North America,Google Ads,New Product Launch,3262,498,1,106,4.55,7.74,13191,1
4610,North America,Email,New Product Launch,164,2734,7,20,3.8,11.16,15401,1
4611,North America,Influencer,Discount,929,8164,9,46,4.75,2.05,7012,0
4612,Asia,TV Ads,New Product Launch,1971,5463,20,118,3.1,2.14,19370,1
4613,North America,Social Media,Discount,367,7190,13,7,2.13,4.88,11576,0
4614,Middle East,Influencer,Brand Awareness,3051,1765,11,83,3.85,2.62,9654,0
4615,Middle East,TV Ads,Brand Awareness,4064,7736,9,7,3.04,5.69,12534,0
4616,Middle East,TV Ads,New Product Launch,2661,7190,41,104,1.23,4.24,19775,1
4617,North America,Email,Discount,2785,585,47,33,2.38,1.72,18399,1
4618,South America,Google Ads,New Product Launch,2855,5327,18,7,2.46,3.98,7079,1
4619,Middle East,Social Media,New Product Launch,4061,5562,38,18,3.86,8.03,7098,1
4620,North America,Social Media,Discount,885,8309,28,115,3.59,10.27,17095,1
4621,Middle East,Google Ads,Brand Awareness,1990,1930,33,106,3.39,2.52,2528,0
4622,Europe,Google Ads,Discount,293,8083,3,96,1.78,8.2,9421,1
4623,South America,Influencer,New Product Launch,1229,4958,29,35,4.02,11.61,17018,1
4624,Middle East,Social Media,New Product Launch,3194,3400,29,102,2.09,11.11,4996,0
4625,Asia,Google Ads,Brand Awareness,938,8292,2,10,3.56,8.49,7025,1
4626,South America,Email,Discount,3045,3445,46,10,3.03,10.43,3757,1
4627,Asia,Google Ads,Discount,3742,621,18,110,2.3,1.39,8984,1
4628,Asia,Email,New Product Launch,778,968,6,119,2.87,1.12,13095,0
4629,Asia,Google Ads,New Product Launch,4583,2358,35,107,4.98,5.02,13863,1
4630,Europe,Social Media,Discount,3971,7856,31,62,5.0,2.07,9850,0
4631,Middle East,Social Media,Brand Awareness,2911,7251,8,35,1.69,7.39,6674,1
4632,Europe,Email,Discount,2763,1496,34,66,1.4,10.37,9577,1
4633,Asia,Email,Discount,1931,8964,48,76,3.08,5.94,1859,1
4634,South America,Social Media,Discount,2897,1518,23,73,4.09,4.15,4127,1
4635,North America,Social Media,Brand Awareness,4495,3972,5,97,2.57,7.61,2569,1
4636,North America,Email,Brand Awareness,1616,6410,29,60,2.9,7.4,13821,0
4637,South America,Google Ads,New Product Launch,4660,6698,15,69,3.84,5.9,11400,1
4638,North America,TV Ads,Brand Awareness,4571,2260,48,13,2.56,10.18,12010,0
4639,South America,Google Ads,Brand Awareness,2770,1220,41,10,2.62,5.26,17299,1
4640,Middle East,Google Ads,New Product Launch,3818,6019,16,118,4.95,6.32,6442,1
4641,Middle East,Email,Discount,3172,8999,35,71,4.24,7.08,8635,1
4642,Europe,Email,Discount,276,6138,24,23,4.02,4.88,10233,1
4643,Middle East,Influencer,New Product Launch,1952,982,10,107,2.44,7.63,4277,1
4644,South America,Social Media,Discount,4468,1365,45,89,4.41,9.84,3309,1
4645,Europe,TV Ads,Brand Awareness,2906,5475,11,34,2.08,7.11,9715,1
4646,Europe,Social Media,New Product Launch,3350,603,44,86,0.71,6.96,6656,1
4647,North America,Google Ads,Brand Awareness,1454,3547,39,26,4.06,4.21,16100,1
4648,Europe,TV Ads,New Product Launch,1633,4773,36,78,4.06,1.01,18507,1
4649,Europe,Google Ads,Brand Awareness,1855,4158,25,35,4.38,5.7,9875,0
4650,Asia,Google Ads,Brand Awareness,3262,4880,35,81,0.64,11.68,17942,1
4651,Europe,Social Media,Discount,405,5912,24,11,2.2,2.87,589,1
4652,Middle East,TV Ads,Discount,1300,201,3,85,2.42,5.53,5005,0
4653,Europe,Email,Discount,1834,4202,13,90,1.53,2.34,4027,0
4654,Middle East,Social Media,Brand Awareness,2632,8182,31,49,3.57,1.02,11139,1
4655,South America,Google Ads,Discount,1691,8704,6,92,4.55,2.76,19210,1
4656,Middle East,Influencer,Discount,3825,4894,42,15,0.55,6.17,17891,0
4657,Asia,Email,New Product Launch,2457,377,49,114,3.88,2.46,3515,0
4658,North America,TV Ads,Brand Awareness,3974,8130,23,92,3.1,1.3,11655,1
4659,South America,Email,Brand Awareness,2012,7026,7,38,2.94,3.85,1512,1
4660,North America,TV Ads,Brand Awareness,2472,8426,42,7,1.34,7.48,19702,1
4661,North America,Social Media,Brand Awareness,4639,1877,29,59,2.12,5.38,13171,1
4662,Asia,Social Media,Discount,4775,1051,1,56,1.24,8.84,12646,1
4663,North America,Influencer,Brand Awareness,198,6750,22,36,2.06,5.22,17497,1
4664,Europe,Google Ads,Discount,3833,4706,36,35,2.44,6.88,1059,1
4665,Middle East,TV Ads,New Product Launch,1348,6506,47,16,2.33,9.5,8586,0
4666,Europe,Google Ads,New Product Launch,1115,2216,48,32,2.65,5.69,16513,0
4667,Middle East,Influencer,Brand Awareness,814,7062,13,113,4.15,1.08,11095,1
4668,Europe,TV Ads,Brand Awareness,4282,226,16,32,2.61,11.57,16029,0
4669,South America,Influencer,Brand Awareness,3608,5878,36,16,2.38,4.57,13421,1
4670,South America,Google Ads,Brand Awareness,3956,1078,44,82,1.11,8.72,12892,1
4671,Asia,TV Ads,Discount,3179,4034,18,90,4.56,7.61,13268,1
4672,North America,Email,New Product Launch,2530,3668,33,66,3.54,8.91,3567,1
4673,Asia,Email,Brand Awareness,610,707,4,63,2.39,6.68,18113,1
4674,South America,TV Ads,Discount,1477,6141,2,46,1.91,11.59,6126,1
4675,Middle East,TV Ads,New Product Launch,421,6695,26,9,2.44,4.62,12868,1
4676,Europe,Google Ads,New Product Launch,807,2979,40,25,3.92,1.48,18791,0
4677,Middle East,Google Ads,Brand Awareness,408,7422,12,28,1.71,5.66,10408,1
4678,North America,Influencer,Discount,512,2494,11,27,2.2,2.91,1850,0
4679,Middle East,Email,Discount,1471,5729,42,51,3.6,7.13,3498,1
4680,Asia,Email,New Product Launch,1631,3382,31,57,1.72,1.68,3721,1
4681,Middle East,TV Ads,Discount,959,7985,30,25,4.06,4.95,9633,1
4682,Middle East,Influencer,Discount,1571,8247,39,34,3.78,11.69,7705,0
4683,North America,Google Ads,Discount,3390,7270,4,99,1.03,4.07,9292,1
4684,Europe,Google Ads,Brand Awareness,1016,7881,37,21,4.57,10.89,15084,1
4685,North America,Influencer,Brand Awareness,4382,465,1,68,0.71,2.04,9948,0
4686,Asia,Email,Brand Awareness,4830,2964,15,8,1.52,9.6,5767,1
4687,South America,Influencer,New Product Launch,4718,5400,23,107,0.78,5.23,2829,1
4688,Europe,Influencer,Discount,2982,7324,4,7,1.54,8.23,18965,0
4689,Europe,TV Ads,Discount,4864,8772,48,108,3.47,11.96,5891,1
4690,Asia,TV Ads,Brand Awareness,3828,7972,8,62,0.86,9.61,10522,1
4691,Asia,Email,Brand Awareness,4286,4101,44,10,1.29,11.26,12598,1
4692,Asia,Google Ads,Discount,3768,3587,31,28,4.83,3.65,19000,1
4693,Middle East,Email,Brand Awareness,581,5560,8,116,4.81,8.76,5148,0
4694,Asia,Influencer,Discount,4761,5472,29,61,3.89,7.43,17655,1
4695,Europe,Email,Discount,1485,4922,35,53,2.74,10.91,6492,1
4696,North America,Influencer,New Product Launch,1266,2032,14,58,2.5,4.82,1670,0
4697,South America,Email,Brand Awareness,3235,3925,22,91,2.53,11.2,16468,1
4698,Europe,Email,Brand Awareness,4070,5089,8,22,4.55,11.3,3652,1
4699,North America,Influencer,Brand Awareness,4318,2797,17,47,2.61,4.2,13013,1
4700,North America,TV Ads,New Product Launch,562,2316,23,81,3.59,8.19,13926,1
4701,Asia,Social Media,Brand Awareness,2692,8684,9,54,1.54,10.56,5976,1
4702,South America,Email,Brand Awareness,1145,3375,46,95,3.13,7.09,18304,0
4703,North America,TV Ads,New Product Launch,3299,3366,49,41,3.99,9.84,13422,1
4704,Asia,Influencer,Brand Awareness,1370,6935,45,71,1.44,4.01,15666,1
4705,Asia,TV Ads,New Product Launch,3514,7654,12,91,3.8,11.4,9406,1
4706,Asia,Social Media,Brand Awareness,866,200,18,105,3.42,1.48,17525,0
4707,Middle East,Social Media,Discount,4787,3151,5,5,2.55,8.5,11661,1
4708,Middle East,Influencer,Discount,4428,1688,45,109,1.77,8.63,5760,1
4709,South America,Google Ads,New Product Launch,2889,1610,27,63,3.22,9.04,12855,1
4710,Asia,TV Ads,Discount,1317,7545,27,74,4.09,10.84,3225,1
4711,Asia,Social Media,Discount,2437,4511,43,98,0.73,2.13,4438,1
4712,Europe,Email,Brand Awareness,2387,868,49,18,3.06,11.53,16728,1
4713,North America,Email,Brand Awareness,3383,6203,9,85,2.74,11.2,15395,1
4714,North America,Social Media,Discount,703,5683,41,66,2.3,9.51,760,1
4715,Middle East,Influencer,Brand Awareness,791,5912,25,77,0.63,3.12,12946,1
4716,North America,Influencer,Brand Awareness,2981,842,20,24,2.19,1.17,3041,1
4717,Middle East,Google Ads,New Product Launch,647,7905,11,56,4.69,9.23,3395,1
4718,North America,Email,Discount,975,282,49,12,1.24,7.83,10298,1
4719,Asia,Email,New Product Launch,3644,8199,27,102,2.44,3.94,16393,1
4720,North America,Social Media,Brand Awareness,3393,7121,29,70,2.57,9.05,15033,0
4721,Asia,Social Media,Discount,3917,8112,33,78,3.54,6.95,2546,1
4722,North America,Email,Discount,3015,507,42,29,3.78,8.87,19067,1
4723,South America,Influencer,New Product Launch,3599,1442,22,91,4.23,6.95,16346,1
4724,Asia,Influencer,Discount,4407,2937,5,10,1.79,1.65,14541,0
4725,North America,Influencer,Discount,3772,1837,42,14,0.76,11.63,4215,0
4726,Asia,Email,Discount,4053,931,42,29,4.82,8.96,3347,0
4727,South America,TV Ads,Brand Awareness,3904,3489,49,111,3.9,3.93,9628,1
4728,South America,Social Media,New Product Launch,420,8667,36,32,3.52,11.4,5388,1
4729,South America,TV Ads,Brand Awareness,1284,5947,37,11,3.46,5.56,5545,1
4730,Asia,Social Media,New Product Launch,4316,5570,38,58,2.95,5.57,11997,0
4731,Middle East,TV Ads,New Product Launch,709,3093,26,12,3.76,9.76,18058,1
4732,Europe,Google Ads,New Product Launch,3503,8538,20,11,4.46,5.16,11706,1
4733,Asia,Email,New Product Launch,1694,5694,35,19,4.49,8.17,15401,0
4734,North America,Google Ads,New Product Launch,3465,6890,16,79,2.36,7.22,2645,1
4735,South America,Social Media,Brand Awareness,1908,6283,35,27,3.02,6.28,2755,0
4736,South America,Email,Discount,324,3055,41,72,0.73,3.56,16330,1
4737,Asia,Email,Discount,250,1390,20,77,4.49,5.36,565,1
4738,Asia,Social Media,Brand Awareness,2899,4787,21,15,2.23,2.74,14118,1
4739,South America,Social Media,Discount,2071,566,13,66,2.25,7.44,12846,0
4740,South America,Email,Discount,1503,1646,14,60,3.28,7.65,17944,1
4741,Middle East,Google Ads,Brand Awareness,4973,4105,14,60,1.72,2.57,8241,1
4742,Middle East,Email,New Product Launch,1352,2410,36,65,3.44,7.72,6266,1
4743,Middle East,Social Media,Discount,4340,985,49,5,2.5,2.88,12321,1
4744,Europe,Email,Discount,3365,2808,20,106,2.95,10.64,12394,1
4745,North America,Google Ads,New Product Launch,3842,576,36,111,1.46,8.08,3918,1
4746,Asia,Influencer,Brand Awareness,4422,3261,20,74,3.23,4.87,7257,1
4747,Asia,Social Media,Discount,4874,6556,7,40,0.82,10.41,17017,1
4748,South America,TV Ads,Brand Awareness,3595,5296,23,50,0.53,5.96,4988,1
4749,North America,TV Ads,Discount,2039,7843,29,90,2.51,3.06,15816,1
4750,South America,Social Media,New Product Launch,1047,3614,39,63,3.74,6.83,8214,1
4751,South America,Google Ads,New Product Launch,1216,4996,41,29,4.31,4.41,16674,1
4752,North America,Email,Discount,4455,1004,11,31,0.66,3.69,940,0
4753,Europe,Influencer,Discount,4462,6652,13,79,3.54,7.26,862,1
4754,North America,Social Media,Discount,1571,4845,20,80,2.62,7.47,10761,1
4755,Asia,Influencer,Discount,3266,936,3,54,4.2,4.92,9391,1
4756,North America,Email,Discount,1114,1083,29,71,3.18,9.26,18784,0
4757,Middle East,TV Ads,Discount,4279,2457,29,111,4.92,7.94,7552,1
4758,North America,Influencer,New Product Launch,229,2066,6,89,4.21,8.35,6302,1
4759,Middle East,Google Ads,Discount,2099,542,42,38,1.53,5.79,15522,1
4760,Middle East,Email,New Product Launch,1294,5988,42,68,2.98,9.86,3945,1
4761,Asia,TV Ads,Brand Awareness,3262,1175,18,93,4.15,3.88,12335,0
4762,Middle East,Email,Discount,2257,999,8,79,3.39,7.55,6887,1
4763,Asia,Influencer,Discount,1700,4024,18,8,1.52,8.02,19413,1
4764,Europe,Influencer,Brand Awareness,1099,3002,14,32,4.31,9.83,4084,1
4765,Asia,TV Ads,Discount,2425,8475,46,95,3.88,7.79,5363,1
4766,Europe,Social Media,Brand Awareness,4909,7197,31,28,2.99,5.31,13072,1
4767,Europe,Email,New Product Launch,4444,3113,33,71,4.82,2.11,14240,1
4768,Middle East,Google Ads,Discount,558,3067,39,80,4.56,2.37,17331,1
4769,Asia,Influencer,New Product Launch,3325,1493,27,12,0.75,2.39,6463,1
4770,Asia,Influencer,New Product Launch,2306,7235,10,58,4.62,8.67,1208,1
4771,Europe,Google Ads,Discount,1532,6740,4,62,3.65,3.72,7615,1
4772,North America,Social Media,New Product Launch,4872,1943,46,87,3.25,8.69,15250,0
4773,North America,Influencer,Brand Awareness,2163,2991,16,73,0.58,3.46,8115,1
4774,South America,Social Media,Brand Awareness,2025,5404,43,80,2.53,10.06,6117,1
4775,Middle East,TV Ads,New Product Launch,3127,1123,29,65,0.94,5.78,18132,0
4776,Asia,Influencer,Brand Awareness,3062,2266,47,34,2.99,7.88,2760,0
4777,Europe,Influencer,Discount,3971,8250,28,42,3.35,9.53,11200,1
4778,Asia,Social Media,Brand Awareness,4012,6348,34,100,1.4,1.42,13370,1
4779,Europe,TV Ads,Discount,4788,1340,26,64,2.5,6.58,15280,0
4780,North America,Influencer,Discount,1797,6914,19,29,3.6,5.42,8690,1
4781,Middle East,Social Media,Brand Awareness,1526,5550,2,111,4.83,1.14,2866,1
4782,Asia,Google Ads,Brand Awareness,381,1699,33,42,2.19,7.59,11188,1
4783,Middle East,Influencer,Brand Awareness,625,4282,4,83,0.69,1.97,8875,1
4784,Middle East,TV Ads,New Product Launch,1886,4793,29,105,3.89,3.37,17435,0
4785,Europe,Google Ads,New Product Launch,982,5296,49,118,3.99,10.35,6028,1
4786,Middle East,TV Ads,Brand Awareness,4665,866,49,103,3.81,1.88,6420,1
4787,Europe,Influencer,Brand Awareness,192,6905,12,90,2.4,9.89,1555,1
4788,Europe,TV Ads,Brand Awareness,4747,3470,17,115,4.07,9.68,18513,1
4789,Europe,Social Media,New Product Launch,2613,4266,3,109,4.45,11.45,7954,1
4790,Europe,Google Ads,Discount,2749,6280,49,13,2.19,11.43,19181,1
4791,Asia,Google Ads,New Product Launch,3492,2638,18,76,3.28,1.11,14735,1
4792,Asia,Influencer,Discount,978,6126,16,105,1.71,11.56,12845,1
4793,South America,TV Ads,New Product Launch,1764,1668,48,95,2.83,9.89,19969,1
4794,Europe,Influencer,Discount,1550,7306,49,22,2.5,7.26,18413,0
4795,North America,Social Media,Brand Awareness,3834,324,29,104,2.7,5.89,15006,0
4796,Middle East,Social Media,Brand Awareness,1793,5064,7,37,2.66,9.11,9839,1
4797,North America,Email,New Product Launch,465,5271,4,111,4.41,11.65,10147,1
4798,South America,TV Ads,Discount,4171,8377,11,114,2.31,3.04,4591,0
4799,South America,TV Ads,Brand Awareness,1521,7738,15,42,3.31,3.39,18229,1
4800,Europe,Influencer,Brand Awareness,4847,1490,49,51,1.33,2.25,5166,1
4801,South America,Google Ads,New Product Launch,719,4792,45,60,0.99,3.71,4801,0
4802,Middle East,Email,New Product Launch,1153,7774,15,113,3.29,4.78,14355,0
4803,Asia,Google Ads,Brand Awareness,686,4557,13,45,3.56,3.45,19557,0
4804,South America,Email,New Product Launch,2751,7925,16,106,3.47,3.28,14067,1
4805,Europe,Social Media,Discount,2624,4433,36,56,1.69,3.7,6327,1
4806,Middle East,Social Media,Discount,3084,6820,26,25,3.99,3.75,7508,0
4807,North America,Email,Discount,1196,6397,1,48,4.82,8.42,6186,1
4808,Asia,Influencer,New Product Launch,4446,759,46,17,0.89,4.21,7590,0
4809,South America,Social Media,New Product Launch,4676,7616,4,76,4.52,1.36,7026,1
4810,South America,Google Ads,New Product Launch,1586,4491,4,108,0.54,6.17,2149,1
4811,North America,TV Ads,New Product Launch,4824,430,30,106,3.65,3.54,19223,0
4812,South America,Influencer,Brand Awareness,2677,7712,49,97,3.22,2.55,8776,0
4813,Europe,Influencer,Brand Awareness,676,3504,40,47,1.99,3.55,916,1
4814,North America,Google Ads,New Product Launch,2178,581,5,44,1.63,11.11,15978,1
4815,Asia,TV Ads,Brand Awareness,1266,7052,9,77,4.44,7.76,605,1
4816,Europe,TV Ads,Brand Awareness,4758,6392,1,94,1.2,1.14,7232,1
4817,Asia,Social Media,Brand Awareness,221,2531,30,48,4.36,11.45,1435,1
4818,Europe,Influencer,Discount,1280,3543,42,70,3.46,11.78,4283,1
4819,Asia,Email,Brand Awareness,3828,8216,24,74,1.75,2.05,5302,1
4820,North America,Social Media,Brand Awareness,2995,7314,13,109,3.73,1.86,18380,1
4821,South America,TV Ads,New Product Launch,2066,1769,31,25,1.87,7.6,1085,1
4822,Middle East,Influencer,Brand Awareness,3065,5439,38,76,0.88,8.19,19064,1
4823,Europe,Email,New Product Launch,3124,3000,35,22,1.29,4.08,12464,1
4824,Middle East,Influencer,Discount,2894,212,41,7,4.93,2.47,16875,1
4825,Europe,TV Ads,Brand Awareness,1699,3148,15,38,4.16,6.9,630,1
4826,Asia,Social Media,Brand Awareness,4408,2530,18,112,3.75,7.72,15190,0
4827,North America,Email,New Product Launch,3988,8821,13,101,4.28,9.6,15215,1
4828,Middle East,Influencer,Discount,3048,5944,11,63,2.07,4.23,968,1
4829,North America,Social Media,Discount,3505,5885,16,35,4.93,6.1,13830,1
4830,Asia,Email,New Product Launch,659,4322,28,21,1.01,9.84,8407,0
4831,North America,Influencer,Discount,4613,4091,21,43,2.24,1.9,11740,1
4832,Europe,Email,Discount,4708,1858,34,56,4.72,5.37,14694,1
4833,North America,Influencer,Brand Awareness,2128,6690,41,114,4.33,5.03,10146,1
4834,Asia,TV Ads,New Product Launch,1845,3165,24,113,4.91,8.8,2842,1
4835,South America,Social Media,Discount,2055,8623,47,63,3.08,1.18,725,0
4836,North America,Email,New Product Launch,2259,3375,4,49,1.89,5.51,5670,1
4837,South America,TV Ads,New Product Launch,246,4222,43,5,2.75,4.47,10829,0
4838,South America,Social Media,New Product Launch,4782,2429,42,76,2.69,10.44,12251,1
4839,Asia,TV Ads,New Product Launch,4593,4518,7,112,0.75,8.82,11575,1
4840,Middle East,Social Media,Discount,780,7344,38,6,3.41,8.06,4132,0
4841,Middle East,TV Ads,Discount,4593,2658,37,31,4.63,11.48,1492,1
4842,South America,Google Ads,Discount,2321,2221,5,20,0.63,1.73,10864,0
4843,South America,TV Ads,Brand Awareness,2433,7310,46,32,3.36,3.09,15003,1
4844,South America,TV Ads,New Product Launch,4743,4562,15,109,3.57,6.89,17918,1
4845,South America,Email,New Product Launch,4918,5693,35,46,3.23,5.04,15895,1
4846,South America,TV Ads,New Product Launch,1035,2591,31,25,4.64,10.94,4105,1
4847,Europe,Influencer,Discount,2848,4077,33,38,4.54,5.16,2185,1
4848,Europe,Google Ads,Brand Awareness,4677,6349,35,18,0.94,8.17,3971,1
4849,Asia,TV Ads,Brand Awareness,4787,6625,33,69,3.66,10.89,6874,1
4850,Middle East,Google Ads,Discount,2548,2362,22,16,4.03,11.59,1209,1
4851,Europe,Google Ads,New Product Launch,2353,6474,26,88,1.82,11.71,8544,0
4852,Asia,Influencer,Discount,486,5389,11,69,1.96,10.1,15487,1
4853,Asia,Social Media,Discount,2147,6840,46,30,2.48,1.67,8737,1
4854,South America,Google Ads,Brand Awareness,817,6377,3,85,1.6,10.39,8860,1
4855,Asia,Social Media,Brand Awareness,2729,2414,8,35,3.75,6.89,8458,1
4856,Asia,Google Ads,Brand Awareness,3873,8066,32,25,2.5,1.24,4524,1
4857,Europe,Google Ads,Discount,1545,3319,16,103,1.39,7.16,13394,0
4858,Middle East,Google Ads,Discount,2114,1249,6,101,1.99,9.87,1262,1
4859,Middle East,Google Ads,Discount,4522,3456,38,20,0.64,2.89,2190,1
4860,Europe,Influencer,Discount,1204,3352,41,45,1.77,11.26,19081,1
4861,South America,Google Ads,New Product Launch,4870,2223,46,107,0.56,5.76,19227,1
4862,South America,Influencer,Discount,494,1965,47,32,3.82,5.85,17510,0
4863,North America,Google Ads,Discount,2084,1914,34,92,1.0,10.17,4931,0
4864,Middle East,TV Ads,Brand Awareness,3353,5706,43,19,1.79,8.85,1300,1
4865,South America,Google Ads,Brand Awareness,3983,5008,35,94,3.67,3.32,2053,1
4866,Europe,Social Media,Brand Awareness,4774,7920,48,70,1.75,8.88,4547,0
4867,South America,TV Ads,New Product Launch,3044,2528,4,30,2.43,4.79,6831,1
4868,South America,Influencer,Discount,3588,8089,48,31,3.33,3.97,8198,1
4869,Europe,Social Media,Brand Awareness,4336,8931,16,18,4.73,4.99,5591,1
4870,South America,Google Ads,New Product Launch,3539,1060,15,110,3.4,9.56,17083,1
4871,Middle East,Social Media,Brand Awareness,1374,7928,48,78,1.2,7.73,13723,1
4872,Middle East,Social Media,Brand Awareness,2970,2604,16,86,4.41,7.15,2227,1
4873,North America,Social Media,Brand Awareness,2831,1479,40,119,0.79,1.58,4474,1
4874,North America,Influencer,Brand Awareness,2758,2524,9,34,3.51,9.37,6710,1
4875,Asia,Influencer,Discount,3735,8196,34,89,3.45,11.85,13902,1
4876,South America,TV Ads,Discount,643,5409,49,48,4.99,11.73,11768,0
4877,North America,TV Ads,Brand Awareness,1122,927,43,115,4.89,2.41,16684,1
4878,South America,Social Media,Discount,1503,1685,32,95,3.82,3.41,1256,1
4879,Europe,TV Ads,Brand Awareness,2173,2508,43,88,2.17,10.81,13852,0
4880,Europe,TV Ads,Discount,2230,4866,43,20,2.41,11.21,8554,1
4881,Europe,TV Ads,New Product Launch,3610,947,37,43,4.51,1.68,8253,0
4882,Asia,Email,New Product Launch,3801,8194,48,78,3.54,8.07,11125,1
4883,South America,Email,Discount,353,2069,18,54,3.52,6.79,10834,0
4884,Asia,Google Ads,Discount,951,3580,5,31,2.26,11.51,16578,1
4885,South America,Social Media,New Product Launch,2039,1215,35,58,3.39,3.73,4989,1
4886,Asia,Social Media,New Product Launch,4099,2052,35,28,3.32,2.83,17889,1
4887,South America,Social Media,New Product Launch,3790,4223,42,47,4.61,9.57,19934,0
4888,South America,Influencer,New Product Launch,3169,4109,11,70,3.65,6.01,2157,1
4889,North America,Email,Discount,2059,5730,36,54,4.1,4.59,19108,1
4890,South America,Google Ads,Discount,2125,3927,17,85,1.6,9.74,13827,0
4891,Europe,Email,New Product Launch,3878,3022,5,57,0.58,6.06,2347,1
4892,North America,Social Media,New Product Launch,3336,2939,42,62,1.51,10.76,4410,0
4893,Europe,Email,Brand Awareness,988,3393,7,8,1.08,9.11,7678,1
4894,Middle East,Email,Discount,4784,1684,31,44,3.57,5.86,1641,1
4895,North America,TV Ads,New Product Launch,1775,5149,32,38,4.68,8.9,19015,0
4896,North America,Email,New Product Launch,4587,1067,12,101,0.66,5.1,6751,1
4897,North America,Google Ads,New Product Launch,4050,3997,48,102,3.19,3.01,9246,1
4898,North America,Email,New Product Launch,1084,4499,49,93,3.53,1.43,11586,1
4899,Asia,TV Ads,Discount,3202,4221,8,18,1.92,3.14,10924,1
4900,North America,TV Ads,Discount,4841,2033,11,78,1.15,5.1,4932,1
4901,Middle East,Influencer,Brand Awareness,4048,5208,15,45,1.64,4.44,16705,1
4902,Europe,Google Ads,New Product Launch,1351,2310,27,81,4.58,8.85,9488,1
4903,Europe,TV Ads,Discount,4501,6250,44,46,0.58,7.14,4545,0
4904,Europe,Social Media,New Product Launch,2937,7965,25,61,4.82,4.85,19209,1
4905,Middle East,Google Ads,Discount,399,2992,48,22,2.19,5.38,15710,0
4906,Europe,Influencer,New Product Launch,493,7560,33,8,2.57,11.5,13947,0
4907,Europe,Email,Brand Awareness,1914,7882,46,73,2.48,2.97,19168,1
4908,Europe,Email,Discount,3386,6676,14,7,2.55,8.78,4901,1
4909,Europe,Email,New Product Launch,4487,6737,38,77,1.94,4.15,3427,1
4910,Europe,Email,Brand Awareness,3864,5634,29,5,4.98,3.66,12854,1
4911,North America,TV Ads,Discount,4435,3347,14,17,3.33,3.07,18264,1
4912,Europe,Social Media,Discount,1683,2243,37,82,4.88,1.01,17798,1
4913,South America,Email,New Product Launch,4485,659,6,46,3.77,2.17,4802,0
4914,North America,Email,Brand Awareness,897,1902,42,34,3.22,1.43,2771,0
4915,Asia,TV Ads,New Product Launch,1200,8398,14,90,2.74,4.37,11155,1
4916,Asia,Google Ads,Discount,1167,1918,33,92,3.14,11.95,10147,1
4917,Asia,Email,Discount,3407,4527,36,99,4.04,11.41,5948,1
4918,South America,TV Ads,New Product Launch,1168,2434,15,16,3.06,2.57,8246,1
4919,North America,Email,Brand Awareness,1036,8659,45,8,1.91,3.14,18864,1
4920,Asia,Google Ads,New Product Launch,551,1197,4,87,1.79,1.31,3917,1
4921,Middle East,Social Media,Brand Awareness,3885,5855,46,85,3.01,2.92,13365,1
4922,Middle East,Influencer,New Product Launch,2884,2657,20,77,4.71,9.61,13728,0
4923,Asia,Influencer,Discount,3865,3590,25,8,4.99,2.52,1582,1
4924,Asia,Influencer,Brand Awareness,2231,1895,39,54,1.08,2.19,6888,0
4925,South America,Social Media,Brand Awareness,4402,6996,1,68,4.05,4.57,5533,1
4926,North America,Email,Discount,2412,959,24,53,3.32,7.32,16124,1
4927,South America,Google Ads,Brand Awareness,3517,725,6,53,2.34,5.03,12534,1
4928,North America,Email,Discount,4232,4675,8,13,4.09,6.46,13094,1
4929,Europe,Influencer,Brand Awareness,4966,4668,46,84,4.3,2.45,4369,1
4930,North America,Social Media,New Product Launch,1848,3654,41,15,0.9,1.17,6473,1
4931,Europe,Email,Discount,1005,4270,49,69,2.53,11.5,6335,1
4932,Asia,Google Ads,Brand Awareness,2824,7720,17,45,1.96,2.88,9072,1
4933,Middle East,Email,New Product Launch,2027,8658,29,77,4.56,4.24,12603,1
4934,Asia,Influencer,Brand Awareness,1893,2295,29,18,4.02,7.28,5047,1
4935,Europe,TV Ads,Brand Awareness,2770,7932,33,56,1.08,1.65,18924,1
4936,Europe,Influencer,Brand Awareness,3937,6240,11,71,1.56,11.67,10729,0
4937,North America,Influencer,Brand Awareness,4595,4646,33,92,1.61,1.65,13742,1
4938,North America,Email,Brand Awareness,4782,3134,44,36,2.08,9.22,2903,0
4939,South America,Social Media,Brand Awareness,4213,3356,2,61,4.63,4.51,6390,0
4940,Asia,TV Ads,Brand Awareness,1327,1011,26,8,1.74,2.73,5630,1
4941,Middle East,Influencer,Discount,2677,6169,16,43,2.93,8.49,19483,1
4942,North America,Influencer,Brand Awareness,3585,1513,37,13,1.43,6.17,4449,1
4943,North America,TV Ads,New Product Launch,3962,3403,29,67,0.95,4.61,1904,1
4944,South America,Google Ads,New Product Launch,474,2154,41,13,2.41,9.6,16168,0
4945,Europe,Google Ads,Discount,2331,2589,16,49,4.26,2.25,2149,1
4946,Asia,Social Media,Brand Awareness,456,7368,15,39,0.84,1.29,15280,1
4947,South America,Google Ads,Brand Awareness,2604,4265,11,54,2.23,11.16,7303,1
4948,South America,Email,New Product Launch,4183,5679,42,59,4.01,6.61,7849,0
4949,Asia,Influencer,Discount,911,4200,17,38,1.09,8.01,5211,1
4950,South America,Email,Brand Awareness,360,4545,29,22,1.57,8.44,3683,1
4951,South America,Email,Discount,1711,3423,26,52,1.7,2.61,5769,1
4952,South America,Influencer,New Product Launch,744,4316,18,76,1.41,8.29,12453,0
4953,North America,Email,Brand Awareness,2911,7910,17,6,2.31,6.22,4878,0
4954,North America,Email,Discount,3480,4170,24,74,3.39,4.41,4099,1
4955,Europe,TV Ads,Brand Awareness,4874,3192,48,33,1.01,8.92,3867,0
4956,South America,Email,Brand Awareness,1641,6568,12,7,3.31,3.43,10748,1
4957,Asia,TV Ads,New Product Launch,3559,423,8,8,0.68,2.07,2518,1
4958,Asia,Social Media,New Product Launch,2422,256,42,51,1.16,7.52,5327,1
4959,South America,Influencer,Discount,4912,241,45,71,2.44,3.89,3920,0
4960,Europe,TV Ads,New Product Launch,199,2100,33,33,3.26,3.81,3604,1
4961,Europe,Influencer,Brand Awareness,3385,8692,10,71,4.11,4.06,19179,1
4962,South America,TV Ads,Brand Awareness,3703,3446,27,94,1.13,4.58,18426,1
4963,Europe,Influencer,New Product Launch,4460,1744,16,114,3.09,8.07,5613,0
4964,South America,Influencer,Discount,4747,4307,7,57,1.73,11.79,5173,0
4965,Europe,Influencer,New Product Launch,1886,7134,3,6,3.77,8.33,12976,1
4966,South America,Google Ads,Brand Awareness,1046,7658,22,44,2.72,2.26,14629,0
4967,North America,Google Ads,Brand Awareness,1681,1104,40,68,3.81,2.08,16486,1
4968,North America,Google Ads,Discount,2922,8539,11,92,1.78,7.7,3285,1
4969,Europe,Google Ads,Discount,1862,7525,37,111,1.63,2.81,17807,1
4970,Asia,TV Ads,Discount,507,2571,4,70,2.64,2.68,19051,1
4971,Europe,TV Ads,Discount,2290,6791,44,33,4.51,5.23,19532,1
4972,Europe,TV Ads,Brand Awareness,3292,5954,4,102,2.27,1.57,625,0
4973,Asia,TV Ads,Brand Awareness,2359,983,29,106,1.79,6.51,2517,0
4974,Europe,Influencer,Brand Awareness,4666,508,19,42,0.8,5.31,13730,1
4975,South America,TV Ads,New Product Launch,782,4609,5,74,4.65,6.16,2802,1
4976,Europe,Social Media,Discount,4278,2589,37,95,0.52,3.18,12269,0
4977,North America,Influencer,Discount,2832,8509,5,25,1.95,11.37,12692,1
4978,Asia,TV Ads,New Product Launch,3750,6628,42,17,2.21,1.08,5399,1
4979,North America,Influencer,Discount,3757,1857,5,77,2.6,9.86,7947,1
4980,Europe,Google Ads,Discount,1820,5649,24,118,3.93,8.14,1525,1
4981,Europe,Email,Discount,1845,2954,43,50,2.49,1.43,2069,0
4982,North America,Google Ads,Brand Awareness,2913,2011,5,5,3.56,8.49,15093,0
4983,Middle East,Email,Brand Awareness,2174,8764,29,107,2.92,7.01,3390,1
4984,Asia,Google Ads,Discount,2762,6562,42,32,3.32,1.84,6118,1
4985,Middle East,Social Media,New Product Launch,3179,4248,24,71,2.04,9.47,19941,1
4986,Asia,TV Ads,Brand Awareness,1940,1300,18,26,2.11,1.43,18097,1
4987,Middle East,Social Media,Discount,2729,6564,26,11,4.6,9.63,1163,0
4988,Asia,Email,Discount,2351,2360,45,6,3.92,6.98,5050,1
4989,South America,Google Ads,Brand Awareness,635,4556,29,94,4.6,11.4,12215,0
4990,South America,Influencer,Discount,481,5122,5,13,0.74,10.77,14164,1
4991,North America,Email,Discount,793,5110,24,37,4.43,3.98,9065,0
4992,Asia,Influencer,Brand Awareness,4202,5361,7,93,3.05,3.73,7648,1
4993,South America,Social Media,Discount,4751,3547,4,49,1.57,3.39,18506,1
4994,North America,Influencer,Discount,1685,652,25,9,1.35,6.93,3445,0
4995,Europe,Influencer,Brand Awareness,913,1986,22,92,2.52,4.92,18547,0
4996,North America,TV Ads,Brand Awareness,3694,1925,45,80,1.17,4.12,9022,1
4997,Europe,Influencer,New Product Launch,4344,5585,29,41,3.39,5.09,4082,1
4998,South America,Influencer,Discount,4353,491,26,58,2.57,6.39,13251,1
4999,South America,Google Ads,New Product Launch,942,2884,31,64,3.3,3.69,16118,1
5000,South America,TV Ads,New Product Launch,4069,5875,16,100,3.95,4.55,13974,1
5001,Middle East,Email,New Product Launch,4967,6231,32,27,3.75,8.66,17216,1
5002,North America,Email,Brand Awareness,2846,6463,23,52,3.33,1.04,16142,0
5003,Middle East,Google Ads,Discount,3076,1894,25,70,4.0,4.98,6656,1
5004,Asia,Social Media,Brand Awareness,526,3740,49,90,3.34,7.62,10512,1
5005,South America,TV Ads,New Product Launch,3264,5926,10,91,2.32,2.43,8603,1
5006,Asia,Email,New Product Launch,1894,3020,18,71,2.56,8.53,19388,1
5007,South America,Influencer,Brand Awareness,3355,4418,39,45,4.5,7.4,844,1
5008,South America,Social Media,Brand Awareness,2691,6413,9,97,3.94,4.22,1744,0
5009,North America,Google Ads,New Product Launch,214,4435,31,99,4.77,9.03,5459,1
5010,North America,TV Ads,Brand Awareness,3029,7336,1,116,2.8,3.59,7933,0
5011,Asia,Influencer,Discount,4290,2393,30,89,2.85,10.95,15392,1
5012,North America,TV Ads,Brand Awareness,657,4153,6,85,2.76,5.64,13745,1
5013,North America,Social Media,Brand Awareness,2685,6250,15,56,1.71,6.16,6057,0
5014,North America,Social Media,New Product Launch,3878,740,10,62,3.44,10.53,7563,1
5015,North America,TV Ads,Discount,1442,1840,25,34,1.01,6.13,11997,0
5016,Middle East,Influencer,New Product Launch,2770,3360,22,84,1.67,7.63,12126,1
5017,Asia,Influencer,New Product Launch,820,7668,10,13,4.15,8.78,5407,0
5018,Asia,Email,New Product Launch,3475,5693,16,74,2.53,5.38,7837,1
5019,South America,Social Media,Discount,4199,6282,35,22,2.08,10.39,9894,1
5020,North America,Google Ads,Discount,3882,7540,35,14,2.09,3.13,15667,0
5021,South America,Google Ads,New Product Launch,149,2085,19,111,1.5,2.9,5786,1
5022,North America,Social Media,Discount,3673,1036,12,117,0.51,8.25,6643,0
5023,Asia,Social Media,Discount,3833,4771,11,23,2.14,2.28,4981,0
5024,Middle East,Google Ads,Discount,3330,772,2,117,3.59,2.7,18737,1
5025,South America,Email,Discount,2185,8627,9,45,1.29,8.45,8044,1
5026,Middle East,TV Ads,New Product Launch,187,609,10,45,4.26,6.93,11596,0
5027,Middle East,TV Ads,New Product Launch,4550,7329,31,95,1.52,9.24,8909,1
5028,Asia,Email,Brand Awareness,2258,8071,3,11,0.59,9.1,1607,0
5029,Europe,Email,Discount,4364,2284,30,23,1.1,7.52,2971,1
5030,North America,Social Media,Discount,1947,8944,43,29,3.27,8.55,8048,1
5031,Europe,TV Ads,Discount,1101,8090,34,86,2.86,7.2,2041,0
5032,Europe,Social Media,Brand Awareness,1855,2636,41,112,3.87,3.14,14917,1
5033,Middle East,Social Media,Brand Awareness,4418,1320,34,21,1.11,5.78,996,1
5034,Europe,TV Ads,Brand Awareness,2227,1529,3,81,3.81,1.16,15823,0
5035,Europe,Influencer,Discount,393,3649,2,67,3.08,2.74,9468,1
5036,Europe,Email,New Product Launch,1654,5148,47,119,2.45,1.13,12235,1
5037,North America,TV Ads,Brand Awareness,1079,2737,32,13,2.43,5.01,19091,0
5038,South America,Google Ads,Discount,2927,1121,5,75,2.75,10.04,6851,1
5039,South America,Influencer,New Product Launch,1461,4606,8,106,3.2,5.34,14397,1
5040,Europe,Email,Brand Awareness,764,726,2,27,3.83,1.72,16980,0
5041,Europe,TV Ads,Discount,3316,4475,38,13,3.22,7.95,13420,0
5042,South America,Influencer,New Product Launch,1016,8339,26,54,4.74,8.2,7499,0
5043,South America,Email,Brand Awareness,3220,2562,35,25,3.17,2.27,8216,0
5044,Middle East,TV Ads,New Product Launch,3461,591,6,51,4.16,10.47,8141,1
5045,Asia,Influencer,Brand Awareness,2865,5349,35,71,2.14,4.16,12845,1
5046,North America,Google Ads,Brand Awareness,1150,7794,20,12,0.57,11.79,18454,0
5047,Asia,Social Media,Brand Awareness,2859,1665,3,36,2.9,7.79,1269,1
5048,Europe,Google Ads,Discount,1270,6390,11,22,3.17,4.8,1434,0
5049,Europe,TV Ads,Brand Awareness,839,1044,41,89,4.14,1.31,16233,0
5050,Middle East,Social Media,New Product Launch,4624,8185,1,40,1.95,5.45,917,1
5051,South America,Influencer,Brand Awareness,3877,2783,33,15,0.54,10.89,11654,1
5052,Europe,Social Media,New Product Launch,629,8973,19,56,3.8,4.93,19822,0
5053,Asia,Email,New Product Launch,155,8301,11,12,1.88,9.53,2052,1
5054,Asia,Email,Brand Awareness,666,923,49,108,3.51,11.59,8358,1
5055,Middle East,Social Media,Discount,3693,2466,16,41,2.31,2.05,2459,1
5056,North America,Influencer,Brand Awareness,1615,2303,35,11,4.95,1.38,1911,1
5057,North America,Google Ads,New Product Launch,1350,5311,7,100,4.44,1.15,9881,1
5058,Middle East,TV Ads,Brand Awareness,2487,7239,23,23,4.35,8.04,14353,1
5059,Europe,Email,New Product Launch,586,5457,12,27,1.71,7.31,15850,1
5060,Middle East,TV Ads,Brand Awareness,1527,5660,11,94,1.19,11.37,14887,1
5061,Europe,Influencer,Brand Awareness,2660,1576,4,9,3.9,2.75,14039,1
5062,North America,TV Ads,Brand Awareness,2381,2290,49,91,1.02,8.55,4200,0
5063,Europe,Email,Discount,3036,7800,41,46,4.39,5.46,14297,0
5064,Middle East,Influencer,Discount,3238,8150,31,69,3.15,10.89,17363,1
5065,Europe,Influencer,Discount,4205,2930,35,49,4.32,8.32,15755,0
5066,Europe,Google Ads,Brand Awareness,2400,1081,6,35,1.06,4.14,2631,1
5067,Asia,Google Ads,Discount,234,1347,43,34,2.38,1.7,19421,0
5068,North America,TV Ads,New Product Launch,3263,7276,46,88,3.07,4.28,18188,1
5069,North America,TV Ads,New Product Launch,4587,3947,20,23,0.53,7.27,3004,1
5070,Middle East,Influencer,Brand Awareness,3307,5960,21,11,2.35,11.86,9765,0
5071,Europe,Social Media,Brand Awareness,4599,7194,28,111,1.51,4.99,10294,1
5072,Asia,Influencer,New Product Launch,2122,209,26,73,1.15,2.79,14278,1
5073,South America,Influencer,New Product Launch,379,8721,44,12,0.53,6.26,8072,0
5074,South America,TV Ads,Brand Awareness,4724,3984,49,94,3.2,7.1,6285,1
5075,Asia,Email,Discount,882,5604,39,102,3.49,6.56,16558,1
5076,Asia,Google Ads,Discount,2538,603,32,40,4.05,2.1,15817,0
5077,Europe,Email,Brand Awareness,4106,6602,9,62,2.93,7.21,10287,1
5078,Europe,Email,New Product Launch,3344,3438,41,8,1.63,9.9,12000,1
5079,North America,Email,New Product Launch,3770,621,21,7,1.69,10.59,3649,1
5080,South America,Google Ads,Brand Awareness,3728,7562,10,30,4.7,6.39,12587,0
5081,Asia,Social Media,Brand Awareness,3150,4274,23,86,3.81,9.88,15114,1
5082,Europe,Email,New Product Launch,1574,8084,8,20,1.04,4.84,9568,0
5083,Middle East,Email,Discount,2244,1611,25,71,1.55,6.78,4427,0
5084,South America,Email,New Product Launch,2718,3749,42,81,1.45,9.72,10176,1
5085,South America,Google Ads,New Product Launch,3382,4380,34,69,1.38,11.43,3179,1
5086,Middle East,Influencer,New Product Launch,2797,2397,48,91,3.8,6.06,8567,1
5087,Middle East,Google Ads,Discount,563,6882,1,10,0.69,4.3,17994,0
5088,Middle East,TV Ads,Discount,2968,8217,45,8,2.61,6.15,7415,1
5089,South America,Influencer,Brand Awareness,2093,8139,14,44,0.7,7.71,14786,0
5090,Asia,Google Ads,New Product Launch,4361,1359,45,44,3.2,7.35,14202,0
5091,Middle East,Influencer,Discount,2005,5596,34,8,3.04,2.67,19258,0
5092,Europe,Google Ads,Brand Awareness,998,1372,21,31,1.57,8.97,5610,1
5093,North America,TV Ads,New Product Launch,1878,3939,1,86,1.68,2.41,2804,0
5094,South America,Google Ads,Brand Awareness,1509,865,21,84,1.72,3.45,11100,1
5095,Europe,Social Media,New Product Launch,1648,2758,18,30,2.03,7.45,11313,0
5096,Asia,Social Media,New Product Launch,361,1560,15,52,0.71,7.61,16249,1
5097,Middle East,TV Ads,New Product Launch,2692,925,22,35,2.9,2.57,3085,0
5098,North America,Google Ads,Brand Awareness,2597,7342,40,54,4.71,9.0,1065,1
5099,Europe,Google Ads,New Product Launch,171,5513,19,79,1.41,11.23,4004,1
5100,South America,Google Ads,Discount,3180,820,46,23,1.09,4.24,6813,1
5101,North America,Google Ads,New Product Launch,4441,5955,7,6,3.82,3.05,544,0
5102,Middle East,Social Media,New Product Launch,2589,2839,39,113,1.14,9.42,1041,0
5103,Europe,Email,Discount,715,4311,16,57,1.73,2.83,17158,1
5104,Asia,Google Ads,Brand Awareness,2275,5547,12,37,0.5,8.38,11333,0
5105,Europe,TV Ads,Discount,4173,7058,24,30,2.4,11.58,15874,1
5106,Middle East,Influencer,Brand Awareness,4424,6408,20,86,2.08,4.72,16625,0
5107,Europe,TV Ads,Discount,2753,7842,9,59,4.71,8.32,17395,1
5108,Europe,Email,Brand Awareness,337,6389,24,35,1.96,10.72,4220,1
5109,North America,Influencer,New Product Launch,923,2736,25,31,1.62,6.16,16501,1
5110,Europe,Social Media,New Product Launch,910,6725,42,48,2.88,1.59,7202,0
5111,Asia,Email,Brand Awareness,1283,5073,11,55,4.81,6.67,19584,1
5112,Europe,Influencer,New Product Launch,871,4964,41,66,2.01,11.41,12939,1
5113,Europe,Influencer,Brand Awareness,3166,5712,23,42,4.63,6.49,18115,1
5114,Asia,TV Ads,Brand Awareness,2719,7734,35,18,3.85,11.12,14003,1
5115,Europe,Social Media,Brand Awareness,2819,8237,42,13,1.43,9.17,7581,1
5116,North America,Social Media,Discount,3571,3559,25,21,3.11,7.4,5229,1
5117,Middle East,Google Ads,New Product Launch,4542,7756,12,80,4.72,3.85,9351,1
5118,Middle East,Influencer,Brand Awareness,3200,8376,39,111,2.62,4.03,17033,0
5119,Europe,Influencer,Discount,1112,3467,7,57,3.47,10.61,7243,1
5120,Europe,TV Ads,Brand Awareness,1510,3028,38,93,4.91,5.6,11034,1
5121,Asia,Google Ads,Discount,4110,2793,39,89,2.56,3.02,16880,1
5122,North America,Social Media,Discount,2494,5082,48,34,1.32,11.48,6126,1
5123,Europe,Social Media,Discount,1616,1672,13,116,4.79,1.58,10607,1
5124,South America,Social Media,Brand Awareness,1886,1165,5,42,1.28,1.32,18859,1
5125,Europe,Influencer,New Product Launch,3790,7780,13,35,0.91,11.54,11596,1
5126,Europe,TV Ads,Brand Awareness,1100,3700,4,92,2.5,3.11,5001,1
5127,Asia,TV Ads,New Product Launch,2197,2894,34,63,4.34,6.26,4233,1
5128,North America,Social Media,Brand Awareness,3648,1576,36,56,3.38,3.62,12299,1
5129,Europe,Email,Discount,3702,5352,30,10,2.59,2.5,10295,1
5130,Europe,TV Ads,Brand Awareness,422,5983,35,8,4.88,4.06,16499,1
5131,Middle East,Email,New Product Launch,3379,6615,40,98,3.12,7.42,10907,0
5132,Asia,Influencer,Brand Awareness,1760,251,3,27,3.15,1.9,15449,1
5133,Middle East,Email,New Product Launch,220,1569,49,52,1.61,7.06,722,1
5134,Europe,Influencer,New Product Launch,1180,2729,18,107,0.54,8.68,10707,1
5135,North America,Google Ads,New Product Launch,4663,3130,19,50,3.64,10.95,16334,1
5136,Middle East,Email,Discount,689,3417,12,7,3.66,10.69,7550,0
5137,South America,Google Ads,Brand Awareness,907,3166,17,94,2.12,6.26,9004,1
5138,South America,Social Media,Discount,4431,6222,29,48,3.16,1.47,12883,0
5139,North America,Influencer,New Product Launch,1025,2355,16,49,0.93,1.59,5077,1
5140,Asia,TV Ads,New Product Launch,4212,7336,14,11,4.79,11.12,17732,0
5141,Europe,Email,New Product Launch,4770,2182,33,74,2.53,3.39,9905,1
5142,Middle East,TV Ads,Discount,1844,1803,11,19,1.44,6.94,17618,1
5143,Asia,Influencer,New Product Launch,1829,2633,10,17,3.24,8.9,1832,1
5144,Asia,Social Media,Discount,3032,582,37,31,4.22,2.72,13486,0
5145,South America,Influencer,New Product Launch,1404,923,36,101,4.33,6.77,1421,1
5146,North America,Social Media,Brand Awareness,1793,2784,17,90,4.27,10.6,1119,0
5147,Middle East,Social Media,Discount,4909,2017,33,79,0.5,3.31,6266,0
5148,Asia,Google Ads,New Product Launch,287,8352,14,67,3.02,6.41,2543,1
5149,South America,Email,Discount,1624,5677,26,25,1.37,5.96,17836,1
5150,Asia,Google Ads,Discount,973,4171,19,46,4.41,2.13,18579,1
5151,North America,Influencer,Discount,105,8841,37,47,4.72,6.3,10518,1
5152,Middle East,TV Ads,Discount,1491,3913,17,31,3.04,8.83,17265,1
5153,Asia,TV Ads,Discount,1646,5741,8,29,4.08,11.73,2620,1
5154,Europe,Email,Discount,4580,8879,28,41,4.91,10.21,6379,1
5155,Asia,Email,Brand Awareness,840,865,49,103,4.76,7.64,1444,1
5156,Middle East,Influencer,Discount,1654,6817,45,8,0.7,5.01,10097,0
5157,Asia,Email,Discount,476,8960,34,57,4.63,4.17,13558,1
5158,Asia,Google Ads,Brand Awareness,2248,3065,14,94,1.4,6.98,2368,0
5159,Asia,TV Ads,Discount,2243,6328,21,83,4.87,10.68,4553,0
5160,Middle East,Influencer,Brand Awareness,726,2876,28,45,2.35,11.51,15188,1
5161,South America,Email,Discount,4984,1117,21,64,4.65,8.85,7510,1
5162,South America,Influencer,Discount,4153,3166,49,79,1.2,2.1,15520,1
5163,Europe,Email,Brand Awareness,905,7951,31,15,2.46,8.92,8387,1
5164,Europe,Google Ads,Discount,3563,3981,16,64,2.86,1.49,5049,1
5165,South America,TV Ads,Discount,3127,7095,30,106,3.06,1.84,13332,0
5166,Europe,Social Media,Discount,2253,6057,1,53,0.77,11.38,16960,0
5167,North America,Influencer,Discount,1510,7313,1,73,2.93,2.11,18557,1
5168,North America,TV Ads,Discount,1739,6400,24,14,1.58,5.39,6656,1
5169,South America,Influencer,New Product Launch,1682,4477,49,44,3.0,6.77,5111,0
5170,Asia,Email,Brand Awareness,3893,3501,15,38,3.74,3.52,9484,1
5171,Europe,Social Media,Discount,613,5611,19,107,4.29,4.75,9084,1
5172,Asia,Influencer,Discount,3598,5695,23,83,3.36,10.98,14243,1
5173,North America,Influencer,Brand Awareness,4328,6529,34,62,4.73,7.68,19832,1
5174,North America,TV Ads,New Product Launch,4644,8099,42,101,3.57,5.91,12883,1
5175,Middle East,TV Ads,Discount,940,6967,4,61,0.56,9.0,5761,1
5176,North America,TV Ads,Brand Awareness,4281,534,48,73,3.13,2.17,11423,1
5177,South America,Influencer,Brand Awareness,4192,3279,29,108,1.22,7.13,12041,1
5178,North America,Email,New Product Launch,3605,4417,46,80,4.4,4.35,3575,1
5179,Middle East,Google Ads,New Product Launch,2748,2970,41,9,2.13,6.4,17102,1
5180,South America,Influencer,New Product Launch,151,5826,15,107,1.32,5.43,16318,0
5181,North America,Social Media,New Product Launch,150,5636,17,29,4.81,5.73,798,1
5182,Middle East,TV Ads,Brand Awareness,1098,831,48,68,0.59,8.47,12477,1
5183,Europe,Social Media,Brand Awareness,3507,583,10,101,1.85,7.31,16046,1
5184,North America,Social Media,New Product Launch,1853,5830,44,72,2.81,1.38,11275,0
5185,Asia,Influencer,Brand Awareness,3922,4698,8,67,4.16,1.79,6863,1
5186,Asia,Social Media,Brand Awareness,1572,3848,29,85,0.75,7.79,18088,1
5187,South America,Google Ads,Brand Awareness,2917,5830,48,83,4.48,5.76,17724,1
5188,North America,TV Ads,Discount,451,2058,16,92,4.08,9.59,11351,1
5189,South America,Influencer,Discount,2799,5226,21,100,0.91,10.33,18972,1
5190,North America,Email,Brand Awareness,1541,1593,23,25,2.65,6.95,11724,1
5191,Europe,Social Media,New Product Launch,3334,8764,39,109,0.74,5.26,12688,0
5192,North America,Email,Brand Awareness,262,8917,18,18,2.64,3.73,13108,1
5193,North America,TV Ads,New Product Launch,4048,5050,32,48,4.4,11.74,14068,0
5194,North America,Social Media,Discount,3978,6662,40,111,3.56,9.97,10699,0
5195,Asia,Social Media,Brand Awareness,2306,5056,2,86,3.81,8.5,17090,0
5196,South America,Social Media,Discount,1980,5388,39,55,1.2,9.15,9376,1
5197,North America,Email,Discount,1459,4097,8,16,1.58,8.32,11086,1
5198,Middle East,Social Media,Brand Awareness,2463,4840,26,24,3.45,6.32,2969,0
5199,Asia,Influencer,New Product Launch,120,1676,28,27,2.29,6.79,885,1
5200,North America,Email,Brand Awareness,4813,2009,16,58,3.65,9.18,11061,0
5201,South America,Google Ads,New Product Launch,2154,5512,23,47,2.49,9.43,6166,1
5202,Asia,Google Ads,New Product Launch,1727,3866,10,37,3.36,3.63,12766,0
5203,Middle East,Google Ads,Brand Awareness,4975,7008,1,18,3.48,11.02,18564,0
5204,North America,Google Ads,Discount,2455,4249,34,92,3.54,10.36,4441,1
5205,Asia,Influencer,Brand Awareness,3908,3132,10,63,1.28,7.96,19601,1
5206,Asia,TV Ads,New Product Launch,4591,7553,23,40,1.25,5.58,2875,1
5207,Europe,Google Ads,New Product Launch,3081,4712,1,45,3.53,5.73,9943,0
5208,Europe,Influencer,Discount,4032,2596,38,43,1.31,6.99,9941,1
5209,Europe,TV Ads,Discount,1493,2231,3,93,2.61,3.55,6680,0
5210,North America,Social Media,New Product Launch,852,1362,1,101,2.82,3.16,3240,1
5211,Europe,Social Media,Discount,4708,4699,37,25,4.15,5.3,8422,1
5212,North America,Google Ads,New Product Launch,2489,5112,23,90,2.83,7.25,10681,1
5213,Asia,Google Ads,Brand Awareness,692,1194,35,28,3.08,8.91,13112,1
5214,Middle East,Email,Discount,1579,3635,23,59,3.87,8.21,9643,0
5215,South America,TV Ads,New Product Launch,4280,1851,5,80,4.98,9.19,3797,0
5216,Europe,Google Ads,Brand Awareness,3516,2130,5,93,1.58,5.35,2401,1
5217,Middle East,Social Media,Discount,4663,8425,41,55,0.8,9.25,17754,1
5218,Middle East,Social Media,New Product Launch,4263,8975,35,12,1.7,4.0,8508,0
5219,North America,Social Media,Discount,4671,5768,30,98,3.29,8.77,3504,0
5220,South America,Email,Discount,4027,1410,39,113,4.57,1.85,7877,1
5221,Middle East,Email,New Product Launch,3764,4423,19,77,3.5,9.3,1262,1
5222,North America,Google Ads,Discount,3888,3089,36,54,3.39,11.57,16181,1
5223,Middle East,TV Ads,Brand Awareness,1207,3529,39,108,3.88,2.7,16866,1
5224,Middle East,Email,Discount,3098,6259,34,40,3.91,3.82,15925,1
5225,Middle East,Google Ads,Brand Awareness,673,389,2,22,4.45,3.47,4537,1
5226,North America,Social Media,Brand Awareness,412,7956,25,51,4.52,2.31,9686,1
5227,Asia,Social Media,Brand Awareness,2998,1427,6,60,2.02,9.74,2267,1
5228,South America,Influencer,Discount,2319,8712,20,103,1.08,5.77,9921,1
5229,North America,Influencer,New Product Launch,348,235,33,17,1.32,2.47,5695,1
5230,Asia,Google Ads,Discount,3179,7650,48,43,4.78,4.88,1971,1
5231,Asia,Email,Brand Awareness,2052,3718,28,87,1.82,10.59,8172,1
5232,South America,Email,Brand Awareness,2083,8307,39,22,2.96,6.89,11436,0
5233,South America,Email,New Product Launch,2308,5201,38,49,1.04,1.7,6383,1
5234,North America,TV Ads,New Product Launch,3960,802,47,39,4.07,3.35,16607,1
5235,North America,Influencer,New Product Launch,2467,1248,38,61,3.17,11.37,10691,0
5236,North America,Influencer,Brand Awareness,938,6667,2,33,3.43,1.52,5478,0
5237,Asia,TV Ads,New Product Launch,2201,2370,41,110,2.81,6.13,5219,1
5238,Asia,Social Media,Discount,1768,228,43,71,4.97,4.48,19190,1
5239,Middle East,TV Ads,Brand Awareness,680,8327,39,22,1.1,7.89,15386,0
5240,North America,Influencer,New Product Launch,1139,6498,11,117,0.74,4.29,3228,0
5241,Asia,Google Ads,Discount,497,3213,17,94,2.53,11.8,7606,1
5242,Europe,Google Ads,Discount,1495,8774,9,42,0.67,8.27,7533,1
5243,Asia,Social Media,Brand Awareness,914,8568,49,19,3.51,1.32,17225,1
5244,North America,Google Ads,Discount,3292,3231,19,86,1.37,4.43,6204,0
5245,Middle East,Google Ads,Brand Awareness,830,5808,4,37,2.81,2.04,11956,0
5246,Europe,Influencer,Brand Awareness,182,7000,48,63,3.36,10.52,9973,1
5247,Middle East,TV Ads,Brand Awareness,1741,1775,45,26,4.54,7.13,8457,1
5248,South America,Influencer,Discount,4477,301,13,115,4.82,6.66,16150,1
5249,South America,TV Ads,Brand Awareness,1841,1546,28,63,4.51,4.45,16410,0
5250,North America,Google Ads,Discount,740,4044,14,68,3.31,2.5,4875,1
5251,Middle East,Social Media,New Product Launch,246,2189,20,89,4.84,4.1,14995,1
5252,North America,TV Ads,Discount,188,2905,42,110,4.18,2.19,17175,1
5253,Asia,Google Ads,Discount,2757,7056,46,83,4.37,3.62,19342,0
5254,North America,Email,Brand Awareness,1533,6027,24,117,4.01,7.59,8130,0
5255,Europe,Email,New Product Launch,118,6599,31,112,0.63,7.9,13761,1
5256,South America,TV Ads,Brand Awareness,123,5020,28,25,4.53,1.98,10015,1
5257,North America,TV Ads,Brand Awareness,2329,340,44,55,0.98,7.54,11948,1
5258,North America,Social Media,Brand Awareness,3174,4956,41,53,2.64,1.89,6517,0
5259,Europe,Email,Brand Awareness,3900,6280,29,9,0.69,5.97,18884,1
5260,South America,TV Ads,Discount,4237,1555,49,81,0.59,5.63,3160,1
5261,South America,Influencer,New Product Launch,3783,308,28,119,4.88,1.9,14888,1
5262,Asia,Social Media,Brand Awareness,114,3367,25,112,0.55,11.31,7716,0
5263,Europe,Google Ads,Brand Awareness,2141,8877,28,18,0.79,10.62,12097,1
5264,Asia,Social Media,New Product Launch,409,6917,24,24,3.25,6.52,4248,1
5265,South America,Social Media,New Product Launch,2655,6205,28,7,1.06,7.04,2502,0
5266,North America,Google Ads,Discount,199,2446,12,110,1.89,11.08,17428,0
5267,Middle East,Social Media,Discount,833,5728,48,105,0.89,2.64,11478,0
5268,Europe,Social Media,Discount,2914,4336,18,112,1.4,4.25,19101,0
5269,North America,Social Media,Brand Awareness,3913,7002,33,30,4.72,6.14,5509,0
5270,Europe,Influencer,Discount,1092,2214,36,12,2.48,11.56,5255,1
5271,South America,Email,New Product Launch,1295,4183,4,7,2.26,3.18,3606,1
5272,Europe,Influencer,New Product Launch,1115,1198,10,60,4.05,11.32,9020,1
5273,South America,Email,Brand Awareness,825,7158,44,21,2.06,5.71,10430,0
5274,South America,Social Media,Discount,2181,6482,40,98,4.42,3.54,720,0
5275,Asia,Google Ads,Brand Awareness,886,4271,42,71,2.3,9.14,19308,0
5276,South America,TV Ads,Brand Awareness,3254,5641,17,29,4.37,7.18,8366,0
5277,Middle East,Social Media,Brand Awareness,2583,8025,49,104,1.47,11.31,16071,0
5278,North America,TV Ads,New Product Launch,1167,605,15,29,4.07,6.06,13503,1
5279,Europe,Influencer,Discount,3707,8648,26,91,2.26,11.47,10108,1
5280,South America,Email,Brand Awareness,371,4594,41,22,2.98,7.31,12884,1
5281,Middle East,Influencer,Brand Awareness,1658,1881,43,8,4.71,3.26,3605,1
5282,Middle East,Email,Discount,2045,3558,3,58,3.05,10.17,2242,1
5283,Middle East,Social Media,Brand Awareness,2250,387,6,103,2.4,6.06,16983,1
5284,Middle East,Influencer,Discount,2214,2097,35,73,4.39,1.56,4027,1
5285,South America,Google Ads,Discount,3991,2309,19,19,2.85,11.99,15970,0
5286,Europe,Social Media,New Product Launch,1245,2863,47,75,1.36,6.59,7464,1
5287,South America,Email,New Product Launch,648,1253,23,68,4.4,2.14,15078,1
5288,Asia,TV Ads,Discount,1557,1784,38,34,1.34,4.4,13044,1
5289,North America,Email,Discount,3785,3444,38,12,2.32,1.34,12965,0
5290,North America,Google Ads,Brand Awareness,4983,2864,37,112,0.54,1.95,9740,0
5291,Middle East,Email,Discount,3291,4345,49,67,4.79,7.61,17458,1
5292,Asia,Influencer,Discount,4590,2266,37,9,1.46,10.1,3410,1
5293,North America,TV Ads,Brand Awareness,4826,3744,43,116,4.06,8.29,11323,0
5294,Middle East,Email,Discount,3316,5473,6,47,2.46,4.57,14379,1
5295,Europe,Email,Discount,4188,363,6,71,2.49,8.01,18265,0
5296,North America,Email,Brand Awareness,2995,5338,8,30,2.02,3.52,1580,0
5297,North America,TV Ads,Discount,1133,8456,33,108,1.0,11.23,7784,1
5298,South America,Email,Brand Awareness,1768,7553,24,73,1.51,11.5,2208,1
5299,North America,TV Ads,New Product Launch,156,5024,25,62,4.64,6.07,15747,0
5300,Middle East,Social Media,New Product Launch,3929,7467,15,49,4.1,7.24,13168,1
5301,South America,Google Ads,Discount,3083,5542,39,21,3.24,2.97,11116,1
5302,Europe,Google Ads,New Product Launch,1885,4736,17,117,4.98,3.85,17561,1
5303,Asia,Social Media,Discount,788,3365,11,108,3.73,10.61,13845,1
5304,Middle East,Email,Brand Awareness,1366,4581,15,55,2.94,7.46,12147,1
5305,Europe,Influencer,Brand Awareness,2114,4914,41,93,3.97,5.19,11681,1
5306,South America,Google Ads,Brand Awareness,2025,876,30,107,4.72,11.09,12520,1
5307,South America,Social Media,New Product Launch,4145,6677,13,21,3.47,5.99,15750,0
5308,North America,Influencer,New Product Launch,3536,4177,25,92,4.29,3.97,16089,1
5309,Middle East,Google Ads,New Product Launch,1359,1106,20,59,3.54,4.73,15263,0
5310,South America,Email,Discount,2056,5527,15,56,1.49,4.63,3333,1
5311,Middle East,Social Media,New Product Launch,3828,2216,37,113,1.24,2.11,17605,1
5312,Europe,Google Ads,Discount,2890,7856,46,31,1.17,7.2,5155,0
5313,North America,Google Ads,Brand Awareness,3260,7312,45,15,1.94,11.93,2076,0
5314,Asia,Email,New Product Launch,1701,4756,38,58,4.68,11.7,12885,1
5315,Middle East,TV Ads,Brand Awareness,545,7465,26,9,3.77,1.62,11035,0
5316,South America,Social Media,New Product Launch,3057,7214,41,105,1.82,9.01,15966,1
5317,Middle East,Social Media,Discount,136,1534,34,105,1.87,1.13,7274,0
5318,Europe,Social Media,Brand Awareness,1216,2442,45,24,3.37,7.22,15862,0
5319,South America,Social Media,Discount,1026,2749,19,63,2.49,8.34,8163,0
5320,Middle East,Google Ads,Brand Awareness,4368,4136,32,61,0.81,8.77,15110,1
5321,Middle East,Email,Discount,2396,6957,25,47,2.78,9.56,17319,1
5322,Europe,TV Ads,New Product Launch,4731,210,32,51,2.35,10.84,10424,1
5323,South America,TV Ads,Brand Awareness,689,5701,40,53,3.99,8.14,17578,0
5324,Asia,Social Media,Discount,2541,2967,27,80,1.57,6.13,6027,1
5325,Asia,Google Ads,Brand Awareness,3706,6475,12,93,3.67,10.51,15368,1
5326,Europe,Social Media,Discount,2824,1883,41,90,0.63,2.98,19886,0
5327,Middle East,Social Media,Brand Awareness,3213,480,12,75,2.31,11.78,4515,0
5328,Asia,Email,Discount,1620,7590,29,108,4.06,11.53,2076,1
5329,South America,Google Ads,Discount,2119,239,15,108,2.38,8.64,17349,1
5330,Europe,Social Media,New Product Launch,446,4840,27,110,2.35,1.95,771,0
5331,Europe,Influencer,Discount,738,764,10,38,1.75,2.5,11413,0
5332,Europe,Email,Brand Awareness,250,5768,37,55,4.21,3.23,8466,0
5333,Europe,Email,New Product Launch,2154,4646,2,10,1.84,10.15,9264,1
5334,Middle East,Email,Brand Awareness,2074,6277,46,28,3.9,1.37,1473,0
5335,South America,Google Ads,New Product Launch,1869,6291,28,51,1.67,11.08,7873,0
5336,South America,Influencer,New Product Launch,119,8772,40,74,3.92,8.61,15287,1
5337,South America,TV Ads,New Product Launch,4039,3970,11,30,4.4,1.52,7167,1
5338,Europe,TV Ads,New Product Launch,3342,2570,6,8,4.44,4.42,9536,1
5339,Middle East,TV Ads,New Product Launch,941,6450,13,31,2.71,9.28,10123,1
5340,Asia,TV Ads,Discount,3059,8629,3,91,2.79,9.91,17963,0
5341,South America,Influencer,Brand Awareness,1578,1860,47,50,2.88,6.13,17416,1
5342,Europe,Influencer,Brand Awareness,1411,3600,46,81,2.84,10.59,864,1
5343,North America,Social Media,Brand Awareness,3480,1780,17,45,3.34,3.71,15395,1
5344,Asia,Influencer,New Product Launch,4151,4717,29,51,1.71,8.0,5857,1
5345,Middle East,TV Ads,Brand Awareness,1093,7294,26,9,0.64,7.49,18469,1
5346,North America,Email,New Product Launch,445,5564,31,78,3.06,11.59,4922,0
5347,Asia,Social Media,Brand Awareness,3925,5094,28,37,2.56,6.93,4936,1
5348,Middle East,Influencer,New Product Launch,571,1964,29,45,1.63,8.13,6079,1
5349,Asia,Email,Brand Awareness,450,5860,22,94,0.99,2.09,12365,1
5350,Europe,Google Ads,Brand Awareness,512,1275,1,16,1.81,7.87,11128,1
5351,North America,Email,New Product Launch,3483,2668,9,84,3.07,6.47,917,0
5352,North America,Email,Discount,4679,6980,25,37,3.22,11.78,15453,1
5353,Europe,TV Ads,Brand Awareness,1882,1081,37,62,2.08,10.87,14435,0
5354,North America,Google Ads,Brand Awareness,3669,8955,48,89,0.69,11.81,8643,1
5355,Asia,Influencer,New Product Launch,3735,699,35,78,4.85,7.63,13954,0
5356,South America,Influencer,New Product Launch,2304,5667,1,78,3.79,11.0,7260,0
5357,South America,Social Media,Discount,2503,2511,30,58,0.59,3.67,17991,0
5358,Middle East,Email,Discount,1768,5666,21,89,2.43,4.12,8019,1
5359,South America,Social Media,Brand Awareness,4607,6125,22,113,0.98,6.47,2421,1
5360,Middle East,TV Ads,New Product Launch,129,8185,4,19,4.97,5.63,18268,1
5361,Asia,Email,Discount,572,8266,2,63,3.96,9.0,11538,0
5362,Asia,Influencer,New Product Launch,1472,8403,38,86,4.49,2.96,18419,1
5363,Middle East,Influencer,New Product Launch,1574,484,31,33,1.27,6.49,6587,0
5364,South America,Google Ads,New Product Launch,2290,6185,31,5,4.87,1.85,8869,1
5365,North America,Google Ads,Brand Awareness,141,7769,36,89,4.28,8.88,9361,1
5366,North America,Email,New Product Launch,159,655,39,24,0.67,5.02,17503,0
5367,Europe,Email,Discount,349,6291,14,99,4.96,9.44,937,1
5368,North America,Google Ads,New Product Launch,3941,1262,36,97,1.77,4.67,17929,1
5369,Middle East,TV Ads,New Product Launch,3495,7145,36,77,0.83,2.95,8942,0
5370,South America,TV Ads,Brand Awareness,1497,1759,25,6,2.02,6.3,1318,0
5371,Asia,TV Ads,Brand Awareness,2817,1334,32,102,1.29,7.69,9292,0
5372,North America,Email,New Product Launch,2570,4683,41,93,2.7,7.14,17628,1
5373,South America,Email,New Product Launch,4499,671,19,21,4.91,6.82,12579,0
5374,Asia,Influencer,Brand Awareness,768,8296,37,118,4.28,2.56,14015,1
5375,South America,Social Media,Discount,677,7484,42,56,2.21,10.44,4782,0
5376,North America,Influencer,Brand Awareness,4857,218,21,59,0.99,1.36,15157,1
5377,North America,Google Ads,Brand Awareness,4990,3925,39,89,1.05,5.06,8540,1
5378,North America,Social Media,Brand Awareness,1772,4194,5,10,4.61,3.86,9232,1
5379,South America,Email,Discount,3009,7721,22,44,1.1,2.15,9161,0
5380,Middle East,Social Media,Discount,4288,2445,39,17,3.82,11.59,14993,0
5381,Asia,Influencer,Brand Awareness,1959,5553,12,49,3.96,1.13,6105,1
5382,Europe,TV Ads,Brand Awareness,2701,5301,38,27,1.59,8.18,2247,1
5383,North America,Email,Discount,1867,3605,3,106,4.35,6.26,13125,1
5384,Asia,Email,Brand Awareness,2771,4872,47,47,2.85,9.6,16772,1
5385,South America,Social Media,Brand Awareness,2036,1081,3,52,4.45,2.66,12583,0
5386,North America,Google Ads,Discount,1600,8518,44,53,2.45,2.25,10395,0
5387,South America,Google Ads,Discount,192,8593,33,53,4.93,9.6,1705,1
5388,South America,Influencer,New Product Launch,4888,8600,23,45,1.84,6.23,8692,0
5389,Europe,Influencer,New Product Launch,548,6079,2,82,3.77,7.31,6816,1
5390,South America,TV Ads,Brand Awareness,2886,6211,37,21,4.71,1.14,2377,0
5391,North America,Influencer,Brand Awareness,2258,834,26,50,2.47,9.33,5912,1
5392,Asia,Google Ads,Discount,2093,4185,34,47,2.26,8.32,7875,1
5393,South America,TV Ads,Discount,3444,7161,39,110,4.7,7.89,19532,1
5394,Asia,Email,New Product Launch,2281,6011,24,51,4.95,6.33,17730,1
5395,North America,Google Ads,Brand Awareness,1940,7758,29,81,3.42,5.2,5430,1
5396,Europe,Social Media,New Product Launch,1851,3839,8,111,2.38,10.97,12390,0
5397,South America,Social Media,New Product Launch,3199,1685,40,71,2.67,1.66,14468,1
5398,Middle East,Influencer,New Product Launch,2999,1236,44,36,4.55,9.57,12059,0
5399,Middle East,Influencer,Discount,305,5204,21,56,3.55,3.49,6281,0
5400,Europe,Email,Discount,451,668,38,70,4.89,9.58,5161,1
5401,North America,Email,Brand Awareness,3695,6311,22,57,4.1,11.53,13178,1
5402,South America,Influencer,New Product Launch,2668,5020,23,117,1.95,4.43,6503,1
5403,Middle East,Google Ads,New Product Launch,2502,549,39,7,3.9,4.39,1633,1
5404,North America,Social Media,Brand Awareness,2359,481,25,111,0.98,4.79,4213,1
5405,Europe,Influencer,New Product Launch,4409,7799,11,39,4.73,3.49,3690,1
5406,Asia,Email,New Product Launch,2296,4319,35,107,1.71,7.28,12867,1
5407,South America,TV Ads,New Product Launch,3782,7975,18,49,1.41,2.08,18994,0
5408,North America,Social Media,New Product Launch,979,4859,46,63,1.43,6.01,14781,1
5409,Middle East,Social Media,New Product Launch,2378,5497,13,52,2.78,9.31,10587,1
5410,South America,Social Media,Brand Awareness,1914,7581,31,64,3.2,3.44,7018,1
5411,Asia,Influencer,New Product Launch,1576,8748,14,70,3.41,3.2,12646,1
5412,Middle East,Google Ads,Brand Awareness,3886,8751,40,72,1.36,1.06,4408,1
5413,South America,TV Ads,Brand Awareness,730,1379,49,39,1.57,3.76,10880,0
5414,Asia,Google Ads,New Product Launch,3635,4819,15,55,2.35,10.25,17393,1
5415,Middle East,Influencer,Discount,694,4126,7,54,0.62,5.72,9929,1
5416,Europe,TV Ads,Discount,1410,7658,2,111,3.5,4.39,680,0
5417,Asia,Social Media,Discount,3465,4426,26,18,3.46,8.26,16731,1
5418,Middle East,TV Ads,Discount,3561,6266,15,8,3.95,8.49,9582,1
5419,Asia,Google Ads,New Product Launch,2230,7695,4,46,1.94,5.39,10223,1
5420,South America,Email,Discount,4236,7876,19,49,4.29,5.23,7614,1
5421,Europe,TV Ads,Discount,1283,1706,9,12,0.65,8.09,11356,1
5422,Middle East,Google Ads,Brand Awareness,1584,7481,25,85,3.2,8.95,12903,1
5423,South America,Social Media,Brand Awareness,737,2525,33,111,4.53,7.5,16328,1
5424,Middle East,Influencer,New Product Launch,4694,1959,43,51,2.66,5.57,16122,1
5425,Middle East,Google Ads,New Product Launch,1447,7783,38,100,3.04,7.42,15775,1
5426,Middle East,Social Media,Brand Awareness,2737,6762,22,90,2.33,10.4,8950,1
5427,North America,TV Ads,New Product Launch,1745,8367,22,111,4.19,1.07,6897,0
5428,South America,Social Media,New Product Launch,1712,727,25,14,2.36,10.08,5207,1
5429,Asia,TV Ads,Discount,241,5454,13,113,3.71,4.17,13616,1
5430,Asia,Influencer,New Product Launch,1010,5858,45,44,4.44,5.8,3616,1
5431,Asia,Influencer,Brand Awareness,3571,703,27,85,0.87,8.5,5504,1
5432,North America,Social Media,New Product Launch,2739,1869,14,113,0.85,11.68,13407,1
5433,Middle East,Influencer,New Product Launch,1923,3602,23,118,2.77,4.49,17179,1
5434,Middle East,Google Ads,Discount,608,4024,49,6,3.02,4.53,11149,0
5435,Asia,Google Ads,Brand Awareness,1729,3484,48,51,4.13,11.5,3543,0
5436,North America,TV Ads,Discount,4955,7884,4,37,3.75,2.63,12745,0
5437,Europe,Social Media,Discount,590,3958,6,83,1.34,9.99,2009,0
5438,Asia,Social Media,Brand Awareness,4603,1314,36,9,3.75,1.06,9447,1
5439,Europe,Email,Discount,4643,2796,36,70,4.62,7.19,7197,0
5440,Middle East,Google Ads,New Product Launch,1122,7728,14,24,0.79,3.81,13375,1
5441,Middle East,Email,Discount,4296,7195,10,40,3.54,7.27,18902,1
5442,North America,TV Ads,Brand Awareness,302,2522,8,90,2.24,11.63,14776,1
5443,Europe,Influencer,Brand Awareness,4508,1842,13,10,3.71,7.93,5184,1
5444,South America,Google Ads,New Product Launch,1751,4084,26,70,3.47,6.41,9647,1
5445,South America,Google Ads,Brand Awareness,2798,2162,25,13,1.51,11.75,5318,0
5446,Asia,Influencer,Brand Awareness,1882,4363,26,75,2.61,9.94,16169,0
5447,Middle East,Email,Discount,4235,778,35,47,4.63,10.64,10675,0
5448,Middle East,TV Ads,Discount,2910,8161,16,79,4.7,6.75,8912,1
5449,North America,Social Media,Brand Awareness,4051,6922,37,98,2.31,11.89,6438,1
5450,South America,Social Media,New Product Launch,1120,838,26,93,4.74,2.78,4208,0
5451,North America,TV Ads,New Product Launch,1860,1902,38,90,1.0,7.26,2965,0
5452,Middle East,Google Ads,Discount,1390,5166,11,90,3.26,6.74,19683,1
5453,Middle East,TV Ads,Discount,1710,5815,36,23,2.17,4.15,4449,1
5454,Europe,Influencer,Discount,2568,5154,27,114,3.65,11.11,5626,1
5455,Europe,Influencer,Discount,3767,4926,36,6,4.24,7.82,7811,0
5456,Asia,Influencer,New Product Launch,1555,5868,30,62,2.54,10.61,19665,1
5457,Middle East,Google Ads,Brand Awareness,4107,3540,24,114,1.43,3.44,18401,1
5458,North America,Google Ads,Discount,741,4384,12,40,1.53,2.66,15267,1
5459,Middle East,Social Media,Brand Awareness,2022,4448,24,16,2.32,8.5,19353,1
5460,South America,Social Media,Brand Awareness,2474,8223,5,67,3.53,10.7,5457,1
5461,Middle East,Influencer,Brand Awareness,3273,3227,9,57,0.64,1.33,16908,1
5462,South America,TV Ads,Brand Awareness,1379,1770,18,54,3.84,5.12,12880,1
5463,Asia,Influencer,Discount,3049,7383,24,94,4.97,6.41,18569,1
5464,Europe,Google Ads,Discount,3914,1254,30,17,3.44,6.05,8809,0
5465,North America,Social Media,Discount,4963,8871,8,11,0.52,1.76,14780,1
5466,Europe,Google Ads,Brand Awareness,2674,8122,12,108,1.22,8.02,15788,1
5467,Asia,TV Ads,Brand Awareness,243,6868,12,71,2.47,4.48,11013,0
5468,Asia,Social Media,Discount,1330,5516,15,79,4.64,7.57,18212,0
5469,North America,Influencer,Brand Awareness,151,966,13,118,2.52,10.85,9091,1
5470,Middle East,Social Media,Discount,2473,1578,16,33,4.8,5.08,3139,1
5471,Asia,Google Ads,Brand Awareness,1679,1358,23,96,4.1,2.19,18244,0
5472,South America,Social Media,Discount,2711,8530,6,8,2.49,9.39,1088,1
5473,South America,TV Ads,Brand Awareness,1402,4465,29,8,3.86,10.03,17683,1
5474,Europe,Social Media,New Product Launch,2273,4946,43,104,0.68,5.62,16676,0
5475,Europe,Influencer,Discount,184,8232,32,81,0.56,7.49,18597,1
5476,North America,Email,Discount,1027,228,43,22,4.25,7.0,6433,0
5477,Middle East,Google Ads,Discount,567,2340,2,23,1.42,9.69,7108,0
5478,Asia,TV Ads,New Product Launch,4304,1995,46,23,2.26,2.06,11502,1
5479,Asia,TV Ads,New Product Launch,3327,5864,35,99,4.36,2.65,16064,1
5480,Europe,Influencer,Brand Awareness,1122,8045,32,22,0.82,9.79,2402,1
5481,North America,Google Ads,New Product Launch,3701,8295,21,12,1.35,1.19,5720,0
5482,Europe,Email,New Product Launch,3820,7243,10,84,2.25,11.03,19235,1
5483,Europe,Google Ads,Brand Awareness,2407,2403,26,78,4.83,5.13,12024,1
5484,Middle East,Influencer,Discount,1356,8200,3,19,1.83,6.78,3169,0
5485,Middle East,Social Media,Brand Awareness,4678,7489,26,7,3.18,3.8,14927,1
5486,Asia,Email,Discount,1106,508,38,67,3.28,9.71,4383,1
5487,Middle East,Influencer,Discount,548,7158,41,89,3.17,9.04,4666,1
5488,Middle East,Social Media,Brand Awareness,2693,2023,2,107,2.56,1.43,6579,0
5489,North America,TV Ads,Discount,4623,1471,18,103,2.75,7.96,4644,1
5490,South America,Social Media,New Product Launch,3221,2301,8,94,2.88,6.06,14801,0
5491,Europe,Influencer,New Product Launch,1848,7005,27,37,4.48,8.78,6444,1
5492,North America,TV Ads,New Product Launch,2380,8054,33,105,2.69,4.46,19019,0
5493,North America,TV Ads,New Product Launch,1435,3828,37,12,3.07,9.75,8966,0
5494,Middle East,Influencer,Brand Awareness,3836,5565,29,5,0.87,11.43,2479,1
5495,North America,Email,New Product Launch,3289,6684,33,61,1.24,5.72,3024,1
5496,South America,Email,New Product Launch,3586,1160,4,102,3.64,4.27,5218,1
5497,Middle East,Google Ads,Brand Awareness,1191,4789,36,33,0.72,4.78,5988,0
5498,North America,Influencer,New Product Launch,4832,6571,9,31,0.71,6.92,7620,1
5499,Middle East,Social Media,Discount,1344,7876,23,45,1.31,4.62,4709,1
5500,Middle East,TV Ads,New Product Launch,2572,8698,45,116,3.89,11.44,17249,0
5501,North America,TV Ads,New Product Launch,3013,2054,11,119,3.75,6.3,3246,1
5502,South America,Google Ads,Brand Awareness,314,983,46,23,3.4,6.55,10091,1
5503,Middle East,Google Ads,New Product Launch,2574,8325,17,70,2.36,7.27,14310,1
5504,Asia,Social Media,Discount,3255,4066,26,112,2.44,11.73,5066,1
5505,Middle East,Social Media,Brand Awareness,2412,8700,2,62,1.41,5.13,6766,0
5506,South America,Social Media,Discount,3415,4716,43,61,1.25,2.53,9390,1
5507,South America,TV Ads,Brand Awareness,2839,6828,2,17,4.2,2.49,13640,1
5508,North America,Google Ads,New Product Launch,4595,4468,45,15,2.7,2.28,12345,1
5509,Europe,Influencer,New Product Launch,3140,8599,22,84,4.13,6.01,6801,1
5510,Europe,Google Ads,Brand Awareness,4685,2793,18,47,2.41,3.72,15863,1
5511,Middle East,Email,Discount,356,2668,32,117,2.23,6.89,17496,0
5512,Asia,Influencer,Discount,992,7812,17,87,2.03,4.57,19950,1
5513,Asia,TV Ads,Discount,1116,349,10,79,2.61,8.67,8792,1
5514,South America,Social Media,Discount,596,6918,45,54,4.6,5.51,15496,1
5515,North America,Social Media,New Product Launch,198,7455,41,18,2.38,11.18,4633,1
5516,Europe,TV Ads,New Product Launch,4603,5428,15,23,4.75,8.87,9174,1
5517,Middle East,TV Ads,Brand Awareness,2544,4724,3,76,1.46,1.13,15613,1
5518,Asia,Influencer,Brand Awareness,4882,3193,16,62,1.77,10.29,1708,1
5519,North America,Influencer,Brand Awareness,3525,1772,32,108,0.93,2.37,10487,0
5520,South America,TV Ads,New Product Launch,1717,7136,31,107,1.68,1.75,8856,1
5521,Europe,Email,Discount,2629,8688,48,5,2.15,8.2,6076,0
5522,North America,Social Media,New Product Launch,3690,1554,26,72,3.6,7.43,11181,1
5523,Asia,TV Ads,Discount,3174,3287,34,45,1.3,3.35,7242,1
5524,South America,Google Ads,New Product Launch,3438,921,33,95,1.78,6.12,9926,1
5525,Europe,Google Ads,Brand Awareness,687,3108,16,87,2.11,9.65,8087,1
5526,North America,Google Ads,Discount,4115,1237,2,103,3.24,4.91,16846,0
5527,South America,Social Media,Brand Awareness,3438,476,39,44,1.84,10.69,6087,1
5528,North America,Email,New Product Launch,145,4121,41,119,0.86,11.57,1907,1
5529,North America,Social Media,New Product Launch,4053,740,41,109,4.6,11.29,4426,1
5530,South America,Google Ads,Discount,1906,4878,10,114,4.1,4.9,5242,1
5531,North America,Social Media,New Product Launch,4880,981,49,71,1.89,11.02,3894,0
5532,North America,Influencer,New Product Launch,4157,7069,13,24,2.53,9.32,14592,1
5533,Middle East,Email,Brand Awareness,1683,6028,13,117,1.09,11.59,17221,0
5534,Middle East,TV Ads,Discount,534,3000,40,90,4.02,1.63,10871,0
5535,Europe,Influencer,New Product Launch,162,6493,12,103,3.56,4.77,7486,0
5536,North America,TV Ads,Discount,4694,6634,30,87,3.05,6.33,2737,1
5537,North America,Influencer,New Product Launch,2038,8426,30,100,3.82,11.25,3343,1
5538,Asia,Google Ads,Discount,1134,1176,21,63,2.5,1.59,13353,0
5539,South America,TV Ads,Discount,3735,1889,37,93,1.48,8.59,12790,0
5540,Asia,TV Ads,Discount,1065,7070,21,99,2.16,8.11,14678,0
5541,Europe,Email,Brand Awareness,1605,3773,4,15,1.51,2.5,7086,1
5542,North America,TV Ads,Discount,1081,3931,21,17,1.64,2.3,1997,1
5543,South America,Influencer,New Product Launch,561,2991,9,86,2.15,5.86,5617,1
5544,Europe,Email,Brand Awareness,2342,8815,38,24,2.99,7.34,1217,1
5545,Middle East,Email,Brand Awareness,1970,8725,10,79,4.78,4.05,17966,0
5546,Europe,TV Ads,Brand Awareness,106,4390,23,84,2.08,4.85,8658,1
5547,South America,Email,Discount,297,5892,34,89,2.97,8.58,10607,1
5548,South America,Influencer,Discount,3791,7376,47,69,3.03,1.99,9413,1
5549,North America,Influencer,Brand Awareness,743,6226,43,28,1.48,11.54,8118,0
5550,Middle East,Influencer,Brand Awareness,3372,4596,24,39,3.49,6.27,4474,1
5551,South America,Social Media,Discount,3458,3739,37,82,3.27,1.08,17200,1
5552,North America,Email,New Product Launch,4722,2085,32,59,4.09,1.6,18471,0
5553,South America,Google Ads,Discount,1111,5908,29,80,2.11,9.15,9353,0
5554,North America,Social Media,Brand Awareness,2671,5044,15,73,4.28,10.99,2029,1
5555,North America,Google Ads,New Product Launch,2986,5699,13,65,2.21,6.47,15483,1
5556,Europe,Social Media,Brand Awareness,4032,5279,45,85,4.09,3.99,3700,0
5557,Europe,Email,Brand Awareness,238,2857,16,9,4.36,9.09,4437,1
5558,Europe,Email,Discount,2600,2213,11,69,4.65,4.74,19135,1
5559,Europe,Email,Brand Awareness,4089,7063,5,110,2.42,10.75,14600,0
5560,North America,Google Ads,Brand Awareness,2421,3088,4,57,2.24,7.96,17482,1
5561,Europe,TV Ads,New Product Launch,2767,4474,2,48,3.12,9.73,8443,1
5562,South America,Social Media,New Product Launch,4064,8535,19,28,2.14,10.53,4168,0
5563,Middle East,Social Media,Discount,3382,213,36,46,4.34,7.1,3252,1
5564,North America,Google Ads,Discount,4466,8968,8,115,1.15,11.24,18938,1
5565,Europe,TV Ads,Brand Awareness,3880,1833,9,104,4.57,3.3,10151,0
5566,Asia,Influencer,New Product Launch,4449,1558,34,79,4.11,9.99,14833,1
5567,North America,Google Ads,Discount,3942,8423,37,52,1.14,1.65,19858,1
5568,Europe,Social Media,Brand Awareness,616,2257,7,97,4.28,5.46,17477,1
5569,Middle East,Influencer,Discount,781,2785,37,20,1.08,6.88,12952,1
5570,Asia,TV Ads,New Product Launch,1561,2046,18,88,0.8,2.15,8122,1
5571,Asia,Google Ads,Discount,831,1919,21,52,0.78,1.69,11596,1
5572,Europe,Email,Discount,1273,2083,2,64,2.84,11.51,4943,1
5573,Asia,Google Ads,Discount,3282,3978,9,47,0.65,4.74,14969,1
5574,Asia,Social Media,New Product Launch,1861,7731,38,67,3.66,2.08,12114,1
5575,Middle East,Social Media,Discount,4631,950,42,44,2.11,1.02,11438,1
5576,South America,TV Ads,Brand Awareness,4495,4447,9,64,3.6,1.41,14056,1
5577,Asia,Email,Discount,2506,8145,26,14,2.65,4.36,10230,1
5578,North America,TV Ads,Brand Awareness,1708,1204,13,5,4.83,7.67,7152,1
5579,South America,Social Media,Brand Awareness,3549,7715,40,109,4.49,10.55,11287,1
5580,South America,Email,New Product Launch,811,7697,31,98,1.03,2.78,3812,0
5581,Europe,TV Ads,Discount,1353,4275,3,43,1.79,11.69,12456,1
5582,Asia,TV Ads,Discount,349,1508,16,35,2.0,10.66,11218,1
5583,Europe,Google Ads,Brand Awareness,3872,8968,30,5,3.79,8.8,8984,1
5584,South America,Social Media,Brand Awareness,4004,6037,39,65,3.62,6.58,7771,1
5585,Europe,Influencer,New Product Launch,3850,4252,39,116,3.91,1.5,17694,1
5586,Europe,Google Ads,Discount,3679,8131,19,30,3.26,7.75,6213,1
5587,South America,TV Ads,Brand Awareness,2355,3854,3,46,4.26,5.03,5806,0
5588,Middle East,TV Ads,New Product Launch,3908,717,28,109,0.81,6.33,5536,1
5589,Europe,TV Ads,Brand Awareness,3621,832,6,94,2.35,6.27,12961,1
5590,Middle East,Email,New Product Launch,1903,6087,24,90,0.71,2.95,8971,0
5591,Europe,Email,Brand Awareness,1370,6002,34,59,4.55,7.8,9402,1
5592,Middle East,Social Media,New Product Launch,4320,4523,42,92,3.62,3.78,7775,1
5593,South America,Influencer,Discount,4039,3868,14,56,3.26,3.21,5273,0
5594,North America,TV Ads,New Product Launch,3718,1532,28,12,2.46,8.91,18209,1
5595,North America,Email,Discount,2387,2433,3,105,4.51,9.04,18832,1
5596,Europe,Email,Brand Awareness,4193,3864,11,113,1.05,4.48,6510,1
5597,Middle East,Influencer,Brand Awareness,3211,3210,20,30,2.92,11.65,9427,0
5598,Asia,Influencer,Brand Awareness,1456,650,42,22,4.04,9.31,826,1
5599,Europe,Social Media,Brand Awareness,4215,6006,40,115,1.01,5.81,17304,1
5600,South America,Social Media,New Product Launch,1748,5208,6,78,1.48,9.06,11371,1
5601,Asia,Influencer,New Product Launch,4484,4027,28,29,0.72,9.36,8440,0
5602,Europe,Email,Brand Awareness,3534,1767,3,11,1.91,1.7,16237,1
5603,South America,Google Ads,Discount,1160,5633,46,91,0.73,8.61,963,0
5604,Middle East,Influencer,New Product Launch,3632,6740,25,22,2.43,9.08,15997,0
5605,Asia,TV Ads,Discount,3353,8502,7,103,3.46,11.24,7368,1
5606,Europe,Influencer,New Product Launch,625,586,37,61,1.02,4.2,5092,1
5607,North America,Influencer,Discount,724,7204,2,90,2.96,3.06,9871,0
5608,South America,Social Media,New Product Launch,3518,2769,17,111,2.99,2.14,7238,0
5609,North America,Influencer,New Product Launch,860,6622,2,48,4.84,7.95,3482,1
5610,Asia,Social Media,New Product Launch,4795,1157,40,32,2.5,1.24,10449,1
5611,North America,Google Ads,New Product Launch,4940,5474,12,23,1.39,10.27,10805,1
5612,North America,Social Media,Brand Awareness,3099,556,1,10,2.18,1.32,17151,1
5613,South America,TV Ads,Discount,749,8360,24,55,3.65,3.94,16502,1
5614,Middle East,TV Ads,New Product Launch,1952,4390,48,113,1.07,7.14,7535,0
5615,Asia,Google Ads,Discount,4822,4097,47,116,1.58,7.08,3370,0
5616,South America,Influencer,New Product Launch,156,1464,34,96,3.8,3.06,18456,1
5617,North America,Influencer,Discount,503,2394,33,45,1.27,5.0,11322,0
5618,North America,Social Media,Brand Awareness,2555,7896,23,14,1.08,10.22,1420,1
5619,Europe,Google Ads,New Product Launch,149,6838,39,30,2.04,6.38,10821,0
5620,Europe,Social Media,Brand Awareness,3884,566,39,18,3.0,4.49,2849,1
5621,South America,Social Media,Brand Awareness,4986,6760,42,59,4.18,6.79,5143,1
5622,South America,Google Ads,Discount,2290,4263,2,105,3.5,2.9,5442,1
5623,Europe,TV Ads,Brand Awareness,3361,5577,49,105,3.38,5.91,10105,1
5624,Europe,Google Ads,New Product Launch,916,4893,18,117,3.73,3.38,9346,0
5625,South America,Social Media,New Product Launch,338,2084,37,47,2.55,3.23,17081,0
5626,Middle East,Google Ads,New Product Launch,3493,1870,49,98,1.04,6.15,17898,0
5627,Europe,Social Media,Discount,2303,8290,35,42,3.92,2.32,17549,1
5628,Europe,Influencer,Discount,1782,6743,7,106,4.43,2.53,10822,1
5629,Asia,Influencer,Discount,135,2329,25,96,0.64,7.33,11970,1
5630,Middle East,Social Media,Discount,1529,5830,39,28,2.67,11.15,19243,1
5631,South America,Social Media,New Product Launch,2172,5997,6,109,1.59,11.86,8728,1
5632,South America,Google Ads,Discount,4587,7298,39,5,1.63,7.02,6309,1
5633,North America,Google Ads,New Product Launch,4973,919,7,55,1.16,5.46,17821,1
5634,Asia,Influencer,New Product Launch,4369,7236,48,48,2.8,10.15,4903,0
5635,South America,Influencer,New Product Launch,2594,1194,23,72,1.62,10.57,18908,0
5636,North America,Social Media,Brand Awareness,4806,3739,32,73,4.25,7.08,12463,0
5637,Middle East,Social Media,New Product Launch,2167,6520,23,29,1.14,7.32,10211,0
5638,Middle East,Influencer,Brand Awareness,4646,1494,20,31,2.07,2.38,2561,1
5639,Europe,TV Ads,Brand Awareness,2928,2157,14,9,2.1,1.16,12514,1
5640,Asia,Google Ads,New Product Launch,448,4543,39,87,1.55,11.56,19834,1
5641,North America,Email,Brand Awareness,1350,466,2,88,1.86,1.53,11851,1
5642,South America,Google Ads,Brand Awareness,3882,5231,25,56,1.7,4.28,10123,1
5643,Middle East,Influencer,New Product Launch,3588,753,7,84,3.08,4.07,1731,1
5644,North America,Social Media,Discount,3184,2215,41,60,4.17,11.81,3545,1
5645,Asia,Influencer,New Product Launch,2804,1109,24,106,1.33,5.49,13241,1
5646,South America,Google Ads,Brand Awareness,3842,8240,11,107,2.19,2.9,9437,1
5647,South America,TV Ads,New Product Launch,4967,7299,13,92,4.1,8.58,19957,1
5648,Asia,Social Media,New Product Launch,4860,3551,31,16,4.55,9.25,2639,1
5649,Europe,Influencer,Discount,3220,441,11,74,2.74,1.53,4587,1
5650,Asia,Social Media,Brand Awareness,2985,7923,15,71,4.8,10.81,19813,0
5651,North America,Influencer,Brand Awareness,1637,2646,23,106,3.41,10.09,17283,1
5652,North America,Email,New Product Launch,1962,8869,28,48,3.8,4.54,18612,1
5653,Middle East,Google Ads,Brand Awareness,2991,2912,20,93,3.01,10.13,3184,1
5654,South America,TV Ads,Discount,344,4389,33,34,0.95,10.12,7940,0
5655,North America,TV Ads,Discount,3055,1961,24,82,3.72,4.24,3942,0
5656,Asia,Social Media,New Product Launch,4543,4102,46,22,0.67,10.21,3600,1
5657,South America,Google Ads,Discount,2311,2186,33,78,1.73,6.24,8413,1
5658,South America,Social Media,Brand Awareness,4132,7136,11,6,0.99,4.07,1416,0
5659,Asia,Social Media,Discount,4446,3103,37,29,2.68,5.52,12637,1
5660,South America,Influencer,New Product Launch,579,3914,22,88,4.93,4.69,11495,1
5661,South America,Google Ads,Discount,3582,8528,42,9,1.57,10.53,17183,1
5662,Asia,Social Media,New Product Launch,3410,1661,40,106,1.15,11.34,19448,1
5663,Asia,Social Media,Brand Awareness,232,463,1,47,3.02,11.32,19120,0
5664,North America,Email,Discount,1218,8485,12,75,4.16,8.11,7606,1
5665,Middle East,TV Ads,Discount,481,1185,18,67,2.38,9.85,16844,1
5666,South America,Email,Brand Awareness,1331,8858,10,66,3.05,4.04,6234,0
5667,Middle East,Social Media,Brand Awareness,3426,7485,10,52,4.86,1.35,7709,0
5668,Europe,Influencer,New Product Launch,2048,7294,18,78,3.14,1.48,4169,0
5669,Europe,Google Ads,Discount,109,6817,19,111,3.3,10.54,6757,1
5670,North America,TV Ads,Brand Awareness,4713,5007,19,111,1.6,4.4,17621,0
5671,Middle East,Google Ads,New Product Launch,3274,771,12,59,3.81,9.47,7415,1
5672,South America,Google Ads,Discount,1639,3591,16,14,0.7,10.92,5824,1
5673,Asia,TV Ads,New Product Launch,2860,4722,48,96,1.11,10.4,1679,1
5674,Asia,Email,Discount,1816,5302,26,95,3.73,5.18,11058,1
5675,Europe,Email,Brand Awareness,1944,5086,24,18,0.97,11.49,13207,1
5676,South America,Social Media,Discount,2520,4291,8,7,0.9,5.23,16871,0
5677,Middle East,Google Ads,Discount,2275,8896,29,93,1.75,7.04,13624,0
5678,Middle East,Influencer,New Product Launch,523,1069,45,60,0.73,5.62,9600,1
5679,Asia,Social Media,Brand Awareness,4507,6557,44,27,1.28,6.44,5126,1
5680,Middle East,Social Media,Brand Awareness,4298,7456,23,36,3.55,9.52,3216,1
5681,Asia,Social Media,Brand Awareness,1444,7803,24,99,2.39,7.78,11266,0
5682,North America,Google Ads,Discount,1909,2501,6,70,4.84,9.1,5121,0
5683,Asia,Google Ads,Brand Awareness,3332,5252,41,112,4.12,7.49,13307,1
5684,Middle East,Email,Brand Awareness,1101,4545,3,61,4.68,8.15,12026,0
5685,South America,TV Ads,Brand Awareness,2385,2231,6,22,1.89,9.19,17321,0
5686,Asia,TV Ads,Discount,4320,613,47,111,2.1,7.04,16844,1
5687,North America,Social Media,Discount,1758,8090,48,99,1.04,3.7,13933,0
5688,Asia,Social Media,Brand Awareness,1682,2794,26,10,2.02,9.03,7860,0
5689,Europe,Social Media,New Product Launch,192,4868,38,115,2.65,11.67,2492,1
5690,South America,TV Ads,Discount,1316,2816,27,77,0.94,3.1,11461,1
5691,Europe,TV Ads,Brand Awareness,3413,4047,8,57,4.83,8.78,7101,1
5692,Middle East,Google Ads,New Product Launch,4474,1843,44,102,1.68,7.95,4179,1
5693,Europe,Influencer,New Product Launch,2205,7626,18,37,3.42,11.37,3444,1
5694,Middle East,Email,New Product Launch,1777,3441,14,91,2.51,2.94,2491,1
5695,Europe,Google Ads,Discount,4422,7727,38,49,0.5,3.38,11924,0
5696,Middle East,Influencer,Brand Awareness,4947,4663,29,13,3.97,8.8,15087,1
5697,Asia,TV Ads,Discount,2229,636,48,29,0.88,1.36,16511,0
5698,Europe,TV Ads,Brand Awareness,2019,1645,12,54,1.19,6.75,16455,1
5699,Asia,Social Media,Discount,4219,1104,12,7,3.16,11.59,2263,0
5700,Europe,Google Ads,New Product Launch,2397,5525,24,71,1.23,7.61,19632,1
5701,Asia,Social Media,Brand Awareness,880,3912,46,34,2.4,10.67,4826,1
5702,Asia,TV Ads,New Product Launch,4029,7734,8,48,2.81,1.38,5856,1
5703,North America,Influencer,Discount,3829,8938,11,5,0.71,3.1,15683,1
5704,Europe,Google Ads,Discount,2947,2192,3,59,2.22,9.78,7964,1
5705,Europe,Google Ads,New Product Launch,2476,293,44,79,2.38,2.55,5860,0
5706,Asia,Google Ads,Discount,3484,4435,11,95,3.62,2.29,15582,1
5707,Europe,Google Ads,Discount,327,6643,20,72,2.42,1.82,12804,0
5708,Middle East,Social Media,New Product Launch,2653,4996,24,102,3.4,10.76,2952,1
5709,Europe,Influencer,Discount,1275,7031,41,74,4.82,11.66,10906,1
5710,Asia,Influencer,Discount,893,4811,44,80,4.84,6.83,11030,1
5711,Middle East,Social Media,Brand Awareness,744,3879,23,54,1.79,9.79,6869,1
5712,North America,Influencer,Brand Awareness,4483,5764,35,39,0.62,3.86,18877,1
5713,South America,Email,Brand Awareness,2954,6809,31,118,3.13,7.6,14559,1
5714,Europe,Google Ads,Discount,878,7035,16,95,0.86,1.84,6149,1
5715,Europe,TV Ads,Brand Awareness,1228,3832,12,24,3.85,1.05,4208,1
5716,North America,Influencer,Discount,3914,540,23,92,4.11,8.51,9116,1
5717,South America,TV Ads,Discount,1214,1085,41,23,3.62,2.56,2937,1
5718,Middle East,TV Ads,Brand Awareness,1306,4571,3,106,3.16,2.38,8017,1
5719,Asia,TV Ads,Brand Awareness,4526,4787,14,100,3.24,11.41,9845,1
5720,North America,TV Ads,New Product Launch,3545,4299,2,82,4.05,9.79,7673,1
5721,Europe,TV Ads,New Product Launch,700,2780,13,81,4.28,8.67,2078,1
5722,North America,Email,Discount,1800,805,37,91,1.49,11.28,1576,1
5723,South America,Google Ads,Brand Awareness,4310,1731,10,6,2.71,10.38,6925,1
5724,Middle East,Email,New Product Launch,3569,8739,17,97,3.81,11.58,19071,0
5725,Europe,Email,Discount,979,3346,24,36,2.58,8.83,16322,1
5726,North America,TV Ads,New Product Launch,2212,2519,43,36,1.91,2.25,9134,1
5727,North America,TV Ads,Brand Awareness,3861,1914,14,17,2.67,3.27,7572,1
5728,Europe,Influencer,Brand Awareness,2175,2264,31,109,2.76,11.99,1571,1
5729,Asia,TV Ads,Discount,3339,4630,49,80,3.39,4.46,10458,1
5730,North America,TV Ads,Brand Awareness,3715,8854,29,14,1.57,2.78,9523,1
5731,Europe,Email,Discount,4587,430,23,85,1.27,10.13,13986,0
5732,South America,TV Ads,New Product Launch,4046,3412,5,111,2.66,2.77,5324,0
5733,Middle East,Google Ads,Brand Awareness,3825,6104,31,80,2.98,8.05,9342,0
5734,North America,TV Ads,Discount,3708,5129,19,74,1.46,1.84,17125,1
5735,Asia,Google Ads,New Product Launch,1719,8883,34,59,1.25,8.28,6315,1
5736,Asia,TV Ads,New Product Launch,2140,7736,10,47,2.98,6.33,10172,1
5737,Middle East,Google Ads,Discount,1997,5664,18,66,1.71,4.66,19567,0
5738,North America,Google Ads,Discount,1383,2886,24,18,2.79,6.67,3474,0
5739,Middle East,Google Ads,Brand Awareness,1604,8479,21,97,3.0,4.91,18141,1
5740,North America,TV Ads,New Product Launch,1571,5983,5,83,0.6,2.22,7587,1
5741,South America,TV Ads,Brand Awareness,2234,7468,30,57,2.09,7.23,17764,1
5742,North America,Email,Discount,1535,420,46,39,3.21,11.06,10997,0
5743,North America,Google Ads,New Product Launch,2670,3349,34,29,4.41,2.4,12299,1
5744,Asia,Social Media,Brand Awareness,2940,7536,48,73,4.2,5.46,10468,1
5745,Middle East,TV Ads,New Product Launch,2296,1469,6,23,4.18,5.41,12266,1
5746,Europe,TV Ads,Brand Awareness,309,8667,41,86,4.43,4.41,7155,1
5747,South America,Social Media,Brand Awareness,4368,1748,18,28,1.04,9.26,11738,0
5748,Europe,Influencer,Discount,163,7748,32,81,1.05,6.82,1496,0
5749,South America,TV Ads,New Product Launch,4094,7040,7,61,2.5,4.53,17248,0
5750,North America,TV Ads,Discount,3851,5206,6,83,4.88,9.93,7293,0
5751,Asia,TV Ads,Brand Awareness,4366,2259,36,48,2.75,7.33,4373,1
5752,Europe,Social Media,Brand Awareness,4239,6411,35,94,4.21,11.93,12017,1
5753,Middle East,Google Ads,Discount,371,5788,6,5,4.23,7.63,12389,1
5754,Asia,Influencer,New Product Launch,3020,2685,1,111,1.24,10.6,17549,0
5755,Asia,Google Ads,Brand Awareness,503,8987,14,67,4.67,4.62,5900,1
5756,Middle East,TV Ads,Discount,712,4878,48,102,4.19,3.14,18176,0
5757,South America,Email,Discount,1036,2702,44,88,4.14,3.28,19576,1
5758,South America,Google Ads,Discount,3512,5673,38,74,3.98,1.84,4416,0
5759,Asia,Email,Brand Awareness,3709,1085,3,88,2.01,10.95,1426,0
5760,North America,Social Media,New Product Launch,2100,8432,47,32,4.0,10.25,8588,0
5761,Middle East,Google Ads,New Product Launch,3488,5104,27,34,1.52,2.38,10102,1
5762,South America,Email,New Product Launch,2350,6016,4,9,3.9,5.9,7808,1
5763,North America,TV Ads,Brand Awareness,925,7670,45,31,4.52,9.65,3789,1
5764,Middle East,Social Media,New Product Launch,4194,5344,15,37,3.15,3.59,18894,1
5765,Asia,TV Ads,Brand Awareness,1342,8149,41,19,2.06,11.55,19629,1
5766,South America,TV Ads,New Product Launch,2288,5152,35,88,3.12,3.26,16787,0
5767,South America,Social Media,Brand Awareness,4324,8231,23,49,2.32,4.08,2339,1
5768,Asia,Influencer,Brand Awareness,4541,8506,15,20,1.11,9.84,5596,0
5769,North America,Email,Brand Awareness,2940,3054,48,93,1.38,3.23,16926,1
5770,Asia,Influencer,Discount,3295,8935,42,69,4.42,4.62,6023,1
5771,Europe,Social Media,Discount,3956,4575,12,108,4.34,5.66,11408,1
5772,Europe,Influencer,Discount,1180,1118,20,12,1.24,8.49,16540,0
5773,Asia,Social Media,Brand Awareness,4229,5561,49,9,2.02,7.53,8454,1
5774,South America,Email,New Product Launch,3954,8702,11,65,2.94,10.16,7079,0
5775,North America,Influencer,Brand Awareness,4451,813,27,61,1.58,2.78,3308,1
5776,North America,TV Ads,Discount,1311,4204,22,117,0.5,7.29,19483,1
5777,Middle East,Google Ads,Brand Awareness,4017,1183,15,12,3.2,1.88,13793,0
5778,Europe,Social Media,Brand Awareness,1898,7836,1,31,4.14,7.47,4308,0
5779,South America,TV Ads,New Product Launch,4003,1647,34,28,4.55,7.79,3258,1
5780,North America,Influencer,New Product Launch,1454,4722,29,23,3.63,11.31,3665,1
5781,Middle East,Google Ads,Discount,4646,1172,2,91,4.38,6.41,4049,1
5782,Asia,Influencer,Discount,3743,6585,10,59,1.55,3.11,1217,1
5783,South America,Social Media,Discount,527,5872,22,115,2.01,10.53,13104,1
5784,Middle East,Social Media,Brand Awareness,3750,201,42,60,0.88,6.09,6673,1
5785,Europe,TV Ads,New Product Launch,582,3587,36,18,3.76,10.96,15958,1
5786,Asia,TV Ads,New Product Launch,3519,1162,45,5,3.8,7.86,5565,1
5787,Middle East,Influencer,New Product Launch,1539,757,12,38,2.05,9.53,17616,1
5788,Asia,Influencer,Brand Awareness,1753,3350,18,117,1.89,3.37,6865,1
5789,South America,Email,New Product Launch,1861,8662,1,103,2.61,10.84,7225,1
5790,Europe,Social Media,Brand Awareness,4425,6838,39,109,3.86,6.53,15798,1
5791,South America,Email,New Product Launch,3519,1680,28,41,1.65,4.19,11537,1
5792,Europe,Google Ads,Brand Awareness,1587,8632,5,86,3.64,3.95,8986,1
5793,South America,TV Ads,New Product Launch,954,5095,19,47,1.12,2.82,3424,1
5794,North America,Email,Discount,4006,280,31,108,2.6,10.22,10504,1
5795,Middle East,Email,Brand Awareness,386,768,27,41,4.45,7.46,6282,0
5796,Europe,TV Ads,Discount,1439,4605,23,66,2.25,11.06,12075,0
5797,South America,Influencer,Discount,1625,7182,28,47,4.82,2.47,14607,0
5798,North America,TV Ads,New Product Launch,3643,629,20,11,2.33,4.67,13545,0
5799,North America,Email,Discount,1705,6502,11,111,4.49,2.61,9460,0
5800,South America,TV Ads,Discount,3229,4012,28,40,2.19,1.57,6448,1
5801,Middle East,Email,New Product Launch,4764,5031,27,86,4.44,8.1,4197,1
5802,Asia,Influencer,New Product Launch,1141,7358,41,20,2.91,4.86,11754,1
5803,North America,Influencer,Discount,4125,407,48,103,0.78,10.1,17162,1
5804,Europe,Influencer,Brand Awareness,3718,1393,22,44,1.38,3.41,18581,1
5805,South America,Google Ads,New Product Launch,3834,8315,21,53,3.06,4.05,3715,1
5806,Middle East,TV Ads,New Product Launch,2793,755,37,92,3.64,8.3,8122,1
5807,South America,Influencer,New Product Launch,205,1415,30,38,2.75,2.42,3547,1
5808,North America,Google Ads,Brand Awareness,2995,3055,19,111,1.76,8.79,19156,0
5809,Middle East,Google Ads,Discount,412,2912,29,43,1.3,9.9,11562,0
5810,Asia,Email,New Product Launch,1739,1119,32,82,2.52,1.87,7465,1
5811,Europe,Influencer,New Product Launch,2422,765,40,21,3.25,2.77,7897,0
5812,Asia,Influencer,New Product Launch,1288,7529,18,110,1.9,10.61,756,0
5813,North America,Social Media,New Product Launch,4343,7492,20,66,4.84,1.41,1122,0
5814,Middle East,TV Ads,New Product Launch,4019,8889,30,11,3.63,7.68,17365,1
5815,Europe,Google Ads,Discount,2180,2466,41,72,3.89,10.27,6920,1
5816,Middle East,Social Media,Discount,4877,8973,38,102,3.99,9.69,16355,1
5817,Middle East,Google Ads,Discount,3538,719,36,42,4.87,2.99,14902,1
5818,Asia,Google Ads,New Product Launch,2477,2585,25,109,3.92,5.77,16210,1
5819,North America,TV Ads,Discount,2652,6584,34,89,1.0,5.28,863,1
5820,Europe,Google Ads,Discount,2378,8712,37,38,4.29,6.27,16216,1
5821,Asia,TV Ads,New Product Launch,4388,1137,24,84,3.45,1.63,6708,1
5822,South America,TV Ads,Brand Awareness,3429,1259,40,19,3.31,9.08,13664,1
5823,Europe,Social Media,Discount,838,5529,21,65,2.45,4.28,16059,0
5824,Middle East,Influencer,Brand Awareness,1509,2028,42,61,3.93,1.36,4136,1
5825,Asia,Email,Brand Awareness,3746,2127,4,115,2.92,3.15,15884,1
5826,Europe,Email,Brand Awareness,1098,7594,26,47,4.45,6.95,11535,1
5827,South America,TV Ads,Brand Awareness,692,8460,31,17,1.41,2.51,2529,0
5828,North America,Influencer,Discount,683,2571,47,19,2.31,2.35,14279,1
5829,Asia,TV Ads,Brand Awareness,331,2075,10,81,3.15,10.4,6777,1
5830,Europe,Social Media,New Product Launch,4559,4376,43,16,3.92,11.33,17701,1
5831,North America,Email,New Product Launch,2397,7784,16,39,4.95,3.22,11541,1
5832,North America,Google Ads,New Product Launch,3570,207,11,109,1.96,10.58,19884,0
5833,Asia,TV Ads,Brand Awareness,3062,3966,37,99,0.51,1.99,16656,0
5834,Middle East,Social Media,New Product Launch,1604,964,15,21,0.94,4.96,14815,0
5835,Middle East,Google Ads,Discount,2002,7289,40,81,3.06,9.24,2497,1
5836,Middle East,Influencer,New Product Launch,3607,5716,40,26,3.29,9.97,6136,1
5837,Middle East,Google Ads,Brand Awareness,3648,599,36,74,2.59,11.03,7417,1
5838,Middle East,Google Ads,Discount,3560,7864,9,60,2.76,7.86,5792,1
5839,North America,Email,Discount,1309,8245,3,22,3.35,1.09,7816,1
5840,Asia,Email,Discount,793,8065,45,15,4.42,10.79,18807,0
5841,Middle East,TV Ads,Discount,4809,576,27,106,1.39,1.2,8539,1
5842,North America,Google Ads,Discount,4413,8827,24,6,3.45,3.18,15666,0
5843,North America,TV Ads,Brand Awareness,2286,2354,30,102,2.18,9.8,4245,1
5844,North America,Email,Discount,4660,4805,35,103,2.98,2.72,13798,1
5845,South America,TV Ads,Discount,3121,5052,37,49,1.91,1.49,6726,1
5846,South America,TV Ads,Discount,4837,7786,31,70,2.66,3.4,17477,0
5847,Middle East,Google Ads,Brand Awareness,605,2856,40,99,2.42,11.28,8478,1
5848,South America,TV Ads,Discount,785,3362,10,71,1.81,2.52,5163,1
5849,North America,Google Ads,Brand Awareness,3617,7244,43,57,3.16,11.06,10503,1
5850,Europe,Google Ads,New Product Launch,849,2656,25,92,4.54,9.64,12736,1
5851,Asia,Email,Brand Awareness,4941,725,12,83,2.75,11.66,664,1
5852,Middle East,TV Ads,Brand Awareness,289,2702,35,54,1.09,7.31,9934,1
5853,Middle East,Social Media,New Product Launch,4865,809,46,26,4.09,8.95,2610,1
5854,Europe,TV Ads,New Product Launch,1819,1480,33,79,4.71,7.13,10051,1
5855,Asia,TV Ads,New Product Launch,118,5939,30,35,3.85,8.55,16599,0
5856,North America,Social Media,New Product Launch,2586,7595,33,44,1.9,7.73,19159,0
5857,Europe,Social Media,Discount,734,7132,33,82,3.19,3.16,10699,0
5858,South America,Google Ads,Discount,133,6278,43,33,3.55,4.37,11293,0
5859,North America,Influencer,Brand Awareness,3740,683,48,5,4.66,8.73,12401,1
5860,Europe,TV Ads,New Product Launch,651,3063,45,55,0.93,9.71,10351,0
5861,Europe,Email,Brand Awareness,842,1357,10,39,2.55,1.38,16198,1
5862,Asia,Email,New Product Launch,3358,4443,25,19,1.77,4.31,6685,1
5863,Europe,Influencer,Brand Awareness,977,7473,22,96,2.73,10.28,17366,1
5864,North America,Influencer,Discount,376,8948,22,27,3.88,4.77,5810,0
5865,Asia,TV Ads,Brand Awareness,299,6030,16,6,3.0,5.64,15320,1
5866,Europe,Social Media,Discount,4170,2933,19,114,4.91,8.43,4040,1
5867,Middle East,Google Ads,Brand Awareness,3002,2365,27,8,0.95,1.67,10972,1
5868,Middle East,Social Media,Discount,2304,358,9,97,4.86,1.96,3110,1
5869,North America,Google Ads,New Product Launch,1529,5018,36,35,3.38,8.95,6573,1
5870,North America,Influencer,Brand Awareness,3901,5617,31,5,3.22,10.61,3311,1
5871,South America,Social Media,Discount,2358,712,5,84,3.27,7.54,11437,1
5872,Asia,Social Media,New Product Launch,1952,6822,40,84,1.78,9.59,1166,1
5873,Europe,Influencer,New Product Launch,2826,3411,3,86,3.75,3.02,8739,1
5874,Asia,TV Ads,Brand Awareness,3597,8603,22,24,2.0,1.87,8000,1
5875,Middle East,Influencer,Discount,4095,8794,19,43,1.82,3.99,12393,1
5876,Europe,TV Ads,Discount,146,7109,32,116,4.35,1.81,6814,0
5877,North America,Social Media,Brand Awareness,2307,5093,17,96,1.61,8.92,2259,1
5878,North America,Influencer,New Product Launch,2390,2057,40,49,4.67,8.62,7849,1
5879,Middle East,TV Ads,Discount,2608,5073,49,96,1.46,1.57,6242,1
5880,Europe,Social Media,New Product Launch,1835,2846,13,45,3.64,7.27,11581,1
5881,North America,Google Ads,Discount,3708,1079,16,7,0.92,10.4,6902,1
5882,Middle East,Influencer,New Product Launch,1616,5950,13,73,3.71,10.5,1662,1
5883,South America,Influencer,Brand Awareness,664,4726,4,91,0.58,4.0,19211,1
5884,North America,Social Media,New Product Launch,3328,8840,43,77,4.2,11.34,15420,1
5885,Europe,TV Ads,Discount,477,4616,13,78,2.95,1.4,7300,1
5886,North America,Influencer,New Product Launch,4193,2820,47,9,3.06,2.6,12815,1
5887,Asia,Social Media,Discount,359,3416,20,107,4.37,9.67,11806,1
5888,Asia,Social Media,Discount,4433,5712,47,92,3.13,3.98,8876,1
5889,Middle East,Email,New Product Launch,4735,2756,20,19,2.4,11.56,4960,0
5890,South America,Email,Brand Awareness,4872,4581,36,38,2.42,11.27,1501,1
5891,Asia,Google Ads,Brand Awareness,3016,3675,19,89,2.92,2.16,13712,1
5892,North America,Google Ads,Discount,4951,5421,25,52,4.23,11.91,8646,1
5893,Asia,Influencer,New Product Launch,3468,1705,34,64,0.75,2.14,2553,0
5894,Europe,Social Media,New Product Launch,4391,1088,48,25,4.76,6.71,8306,1
5895,Asia,Influencer,New Product Launch,4858,6684,42,78,2.15,9.12,2187,1
5896,South America,Influencer,Brand Awareness,2805,5637,49,106,0.53,9.93,6208,0
5897,Middle East,Influencer,New Product Launch,2431,8623,48,82,4.07,1.74,5517,0
5898,Middle East,TV Ads,Discount,4127,5054,37,44,1.03,5.38,3358,0
5899,North America,Email,Brand Awareness,3803,6376,47,101,3.08,1.12,19518,0
5900,Asia,Google Ads,Brand Awareness,2166,2133,48,31,2.6,1.76,2455,0
5901,North America,Email,Brand Awareness,3500,3413,11,66,4.58,9.94,16684,0
5902,Middle East,Email,New Product Launch,888,4337,48,49,1.04,3.85,14784,0
5903,Asia,Influencer,Brand Awareness,4123,1671,3,43,0.75,8.52,4457,1
5904,Europe,Google Ads,Discount,402,2270,4,65,1.59,4.4,4907,1
5905,Asia,Email,Brand Awareness,1097,3057,39,103,3.13,10.23,1433,1
5906,Europe,Social Media,Discount,1278,3463,21,52,2.81,10.85,12884,1
5907,Middle East,Social Media,Discount,1067,3702,12,83,4.43,8.13,13961,0
5908,Asia,Google Ads,Discount,3584,5653,41,67,1.36,7.03,19714,1
5909,Middle East,Influencer,Brand Awareness,3324,1962,4,25,0.66,2.4,11742,1
5910,Europe,Google Ads,Brand Awareness,4795,6893,5,48,3.54,3.4,19507,0
5911,Europe,Influencer,Discount,1047,6836,19,50,3.73,5.25,19041,0
5912,Asia,TV Ads,New Product Launch,4878,8579,22,83,2.88,4.67,6061,1
5913,Middle East,Social Media,Brand Awareness,1676,671,7,36,1.6,6.53,17024,1
5914,North America,TV Ads,New Product Launch,1676,1383,36,11,0.92,5.01,10874,0
5915,Europe,TV Ads,Brand Awareness,3792,4560,31,75,2.74,1.11,11062,1
5916,Middle East,Social Media,New Product Launch,1120,5626,28,105,1.46,2.03,18986,0
5917,Europe,Influencer,New Product Launch,3768,5663,13,60,3.76,5.38,17541,1
5918,Middle East,Google Ads,Brand Awareness,4628,6323,41,99,2.82,8.27,2639,1
5919,North America,Email,Brand Awareness,313,2802,33,42,1.69,6.58,2117,0
5920,Middle East,TV Ads,New Product Launch,563,3719,36,115,1.27,5.44,5631,1
5921,Asia,Google Ads,Brand Awareness,4310,8487,46,29,2.73,9.41,15419,0
5922,North America,Influencer,Discount,1531,5976,38,23,4.2,3.21,2889,0
5923,Middle East,Google Ads,Discount,4587,3399,1,119,1.04,6.12,1822,0
5924,Middle East,Email,Brand Awareness,1116,4083,14,7,3.03,1.75,4488,1
5925,South America,TV Ads,Discount,1780,289,44,33,4.48,4.5,1326,0
5926,Asia,Email,Brand Awareness,3706,5962,13,112,2.26,7.03,9990,1
5927,Middle East,Influencer,New Product Launch,1694,3398,29,21,4.51,1.22,16264,0
5928,Asia,Influencer,Brand Awareness,2667,3030,15,87,4.72,2.23,3967,1
5929,South America,TV Ads,Discount,4475,2876,8,37,0.65,5.6,8502,1
5930,South America,TV Ads,Brand Awareness,4985,6523,12,113,2.99,9.74,2375,1
5931,Asia,Social Media,Brand Awareness,3490,5109,12,46,0.85,4.48,16876,1
5932,Europe,Google Ads,New Product Launch,4674,8237,42,57,4.06,2.74,15155,1
5933,South America,Social Media,Brand Awareness,299,4172,2,32,2.8,5.98,12960,1
5934,South America,Google Ads,New Product Launch,4346,2103,11,72,3.3,5.28,10407,1
5935,Asia,TV Ads,New Product Launch,2017,4699,7,42,3.7,7.86,1797,1
5936,Asia,Social Media,Brand Awareness,4631,8270,29,33,2.79,5.29,11729,1
5937,South America,TV Ads,Brand Awareness,3412,484,37,61,3.33,5.94,1490,0
5938,North America,Influencer,Discount,4097,3634,31,77,2.38,9.69,17325,0
5939,North America,TV Ads,Discount,1486,267,20,31,1.08,10.77,7354,0
5940,Middle East,Google Ads,Brand Awareness,4341,8277,8,32,3.63,9.21,743,0
5941,Asia,Email,Discount,3636,1110,32,104,2.06,6.88,10570,1
5942,North America,Google Ads,Discount,1635,1718,16,103,4.3,8.49,1681,1
5943,Europe,Email,Discount,2393,6141,9,5,2.34,10.54,16912,0
5944,South America,Influencer,Brand Awareness,1810,6567,8,61,4.16,6.92,752,1
5945,South America,Social Media,Discount,1640,5096,28,92,4.03,8.18,15654,1
5946,Europe,TV Ads,Brand Awareness,469,6479,22,30,2.07,6.87,15813,1
5947,South America,TV Ads,New Product Launch,3957,2901,31,41,2.0,9.28,18648,1
5948,North America,Influencer,Discount,540,342,45,65,0.6,5.35,10140,1
5949,Asia,Social Media,Brand Awareness,424,4747,40,9,3.0,10.28,9018,1
5950,Europe,Influencer,Discount,667,4850,38,90,2.13,9.55,7799,1
5951,North America,Influencer,Brand Awareness,368,3644,49,39,0.56,5.56,13184,1
5952,Asia,Google Ads,Discount,2663,407,33,40,1.19,7.14,1764,0
5953,Europe,TV Ads,New Product Launch,1590,1766,42,76,0.57,11.69,12730,1
5954,North America,TV Ads,Brand Awareness,3177,1201,6,106,0.65,7.69,2590,1
5955,Asia,Google Ads,Discount,3143,2883,6,114,3.45,6.16,3976,1
5956,Middle East,TV Ads,Brand Awareness,2703,5085,13,49,4.33,2.74,19736,0
5957,Asia,Influencer,Brand Awareness,3991,3894,45,102,0.63,3.61,16115,1
5958,North America,TV Ads,Brand Awareness,360,6352,10,28,2.81,2.59,10617,1
5959,Middle East,Email,Brand Awareness,1608,1781,33,27,1.58,1.64,1093,1
5960,Asia,Social Media,Discount,1916,6935,36,60,3.11,6.79,15667,0
5961,Asia,Influencer,New Product Launch,973,5086,3,115,2.83,10.47,927,1
5962,Middle East,Influencer,Brand Awareness,3003,5114,43,71,1.81,5.54,4425,1
5963,Middle East,Influencer,Discount,2723,7902,2,24,1.92,6.67,11338,1
5964,South America,Influencer,Discount,1827,5863,26,28,3.87,1.88,12421,1
5965,Middle East,TV Ads,Discount,395,8115,22,75,3.39,7.52,15845,1
5966,Europe,Google Ads,Brand Awareness,1297,6813,16,42,2.41,5.66,16323,0
5967,South America,TV Ads,New Product Launch,2105,3466,18,27,3.49,7.02,9430,1
5968,Middle East,Influencer,Discount,2278,4636,32,27,1.6,7.24,2246,1
5969,Europe,TV Ads,New Product Launch,1468,8534,47,55,1.26,4.89,2593,0
5970,Europe,Email,Brand Awareness,314,3346,32,110,2.14,1.32,2507,1
5971,Europe,TV Ads,Discount,3458,7117,25,82,1.22,4.7,13279,0
5972,South America,Social Media,Discount,4990,6685,36,99,4.56,10.59,1421,1
5973,Middle East,TV Ads,Brand Awareness,796,957,3,9,0.7,9.13,13100,1
5974,Europe,Email,Discount,1366,5752,49,27,2.75,10.8,8707,1
5975,North America,TV Ads,Brand Awareness,4691,2309,41,119,2.5,5.53,14663,1
5976,North America,Social Media,Discount,4497,2862,28,94,3.44,2.18,11413,1
5977,Asia,TV Ads,New Product Launch,4161,4623,18,38,0.88,8.47,10980,1
5978,South America,TV Ads,Discount,3909,5742,20,107,1.6,5.58,18843,0
5979,Asia,Influencer,Discount,1355,258,20,86,3.58,9.28,8862,0
5980,Middle East,Email,New Product Launch,957,7010,15,46,3.51,7.93,4082,1
5981,Middle East,TV Ads,Brand Awareness,4379,2986,35,108,4.48,10.9,17042,1
5982,Asia,Google Ads,New Product Launch,1709,3102,1,114,0.58,5.05,567,1
5983,North America,Social Media,Brand Awareness,4367,3537,15,111,2.17,3.17,13182,1
5984,South America,Influencer,Brand Awareness,320,7009,27,49,1.13,8.24,1603,1
5985,Europe,Email,Discount,3462,8407,46,48,3.99,5.82,10274,1
5986,North America,Social Media,New Product Launch,4094,5067,33,118,2.96,6.04,11987,1
5987,North America,TV Ads,Brand Awareness,2120,2492,41,25,4.69,9.2,7348,1
5988,North America,Email,New Product Launch,456,1296,41,97,3.39,6.96,17948,1
5989,North America,Google Ads,New Product Launch,1230,3851,26,56,2.46,8.25,15799,1
5990,Middle East,Google Ads,Discount,4899,454,10,58,1.78,8.39,4921,0
5991,Asia,Google Ads,New Product Launch,1830,6014,7,48,1.87,9.38,10124,1
5992,North America,Influencer,New Product Launch,2878,7399,49,37,1.03,3.8,14156,1
5993,Asia,TV Ads,New Product Launch,4145,8044,3,48,1.75,11.12,7665,1
5994,Asia,Email,Discount,2573,3546,21,103,3.76,8.96,9687,1
5995,Europe,Social Media,Brand Awareness,2725,2637,7,21,2.14,2.71,6229,1
5996,Europe,Email,Brand Awareness,4583,8691,8,30,3.9,9.28,18179,1
5997,South America,Social Media,New Product Launch,587,8382,39,33,0.7,6.72,4741,1
5998,Europe,Social Media,Brand Awareness,4336,7624,23,97,4.16,2.71,1449,1
5999,Europe,Email,Discount,3164,6947,25,90,1.91,6.61,3640,1
6000,Asia,Email,Brand Awareness,1002,8173,28,113,3.91,4.83,692,0
6001,Middle East,Google Ads,New Product Launch,4857,4116,31,8,1.59,10.97,1763,1
6002,Europe,TV Ads,Discount,2079,8080,23,82,0.89,8.24,9571,1
6003,South America,Influencer,Brand Awareness,4043,5839,3,6,3.7,7.15,19198,1
6004,North America,Email,Brand Awareness,282,8895,23,67,3.46,9.26,10128,0
6005,North America,Email,Brand Awareness,3598,4588,19,35,3.88,2.74,2949,1
6006,North America,Influencer,Brand Awareness,3691,3024,3,97,1.74,5.61,4409,1
6007,North America,Google Ads,New Product Launch,4857,565,9,19,3.24,3.08,17483,1
6008,Asia,Influencer,New Product Launch,2570,360,20,84,3.64,1.27,11693,1
6009,Asia,Social Media,Discount,1203,8193,38,43,2.49,4.6,575,0
6010,Europe,Social Media,New Product Launch,4541,363,29,49,0.6,8.21,1445,1
6011,Europe,Google Ads,Brand Awareness,3019,5765,19,28,1.82,11.74,4802,1
6012,North America,Email,Brand Awareness,1723,3651,6,44,1.12,4.21,17689,1
6013,South America,Social Media,New Product Launch,3636,1766,35,95,2.49,5.28,5318,1
6014,South America,TV Ads,Discount,1799,2312,26,6,3.6,1.05,2548,0
6015,North America,Influencer,New Product Launch,1175,247,6,101,4.86,6.05,17511,1
6016,South America,Google Ads,New Product Launch,486,4414,34,26,4.94,11.39,14420,1
6017,North America,TV Ads,Brand Awareness,852,3944,28,65,4.95,3.03,14738,0
6018,Europe,Google Ads,Discount,1919,8871,33,45,1.65,10.08,6751,1
6019,South America,Google Ads,Brand Awareness,3978,8735,45,101,0.68,6.53,11373,0
6020,North America,Social Media,Discount,2942,4307,24,59,2.1,4.76,12246,1
6021,North America,Google Ads,Brand Awareness,3314,3525,4,74,3.63,8.27,19789,1
6022,Middle East,Influencer,New Product Launch,1327,5560,33,59,1.1,4.7,18519,1
6023,Europe,Email,Discount,4012,4214,48,107,3.27,7.65,9775,0
6024,Middle East,Influencer,Brand Awareness,2209,5911,1,65,0.86,8.41,4445,0
6025,Europe,Email,Brand Awareness,3401,5003,41,103,4.62,11.91,11280,1
6026,North America,TV Ads,Brand Awareness,4614,8022,9,84,2.72,5.1,7546,0
6027,Middle East,TV Ads,New Product Launch,1799,8288,46,72,0.94,5.53,15610,0
6028,Middle East,Email,New Product Launch,771,454,1,84,2.45,6.95,8356,0
6029,North America,TV Ads,Discount,3960,6005,28,91,1.13,11.66,15712,1
6030,Middle East,TV Ads,Brand Awareness,800,2571,23,46,2.77,10.41,19988,0
6031,Europe,Influencer,Discount,3638,1358,35,83,1.82,2.55,11652,0
6032,Asia,Email,Discount,4081,5133,48,79,3.48,10.14,12565,0
6033,Middle East,Influencer,Brand Awareness,3012,5907,5,28,4.69,4.09,12844,1
6034,South America,Email,New Product Launch,3141,3810,11,32,4.61,9.82,12327,1
6035,South America,Email,Brand Awareness,1397,3338,29,64,4.81,5.33,7819,1
6036,South America,Email,Brand Awareness,3212,1604,38,13,3.15,2.27,14032,1
6037,South America,Social Media,Discount,790,7482,11,99,0.91,11.88,12426,1
6038,South America,Influencer,Discount,1405,5718,30,113,1.74,11.71,8271,0
6039,South America,TV Ads,Discount,3113,7683,27,45,2.67,2.26,6831,1
6040,Asia,Influencer,New Product Launch,868,4129,12,85,2.96,11.41,8581,1
6041,North America,TV Ads,Discount,3431,5430,38,45,2.88,9.26,1296,0
6042,North America,Social Media,New Product Launch,420,6300,42,109,4.13,5.06,13140,1
6043,Middle East,Google Ads,New Product Launch,3842,8892,34,60,1.64,10.86,19106,0
6044,South America,Email,Brand Awareness,2811,630,24,78,4.53,8.01,13607,1
6045,Asia,Influencer,Brand Awareness,2700,4369,12,9,1.9,5.75,15965,1
6046,Asia,Email,New Product Launch,3876,3411,7,104,1.77,4.13,16486,1
6047,Asia,Google Ads,Brand Awareness,4590,3943,17,13,3.36,2.55,4658,1
6048,North America,TV Ads,Brand Awareness,2840,6690,46,23,2.62,8.43,2937,1
6049,Europe,TV Ads,Discount,2781,1042,36,37,2.64,2.66,14904,0
6050,North America,TV Ads,Brand Awareness,4526,5343,48,40,3.74,4.64,16181,1
6051,South America,Influencer,Brand Awareness,2626,6626,44,42,3.59,7.43,9914,0
6052,North America,Google Ads,New Product Launch,2218,5260,8,51,4.28,8.82,6525,0
6053,Middle East,TV Ads,Discount,390,5586,48,10,4.35,1.87,8563,0
6054,South America,TV Ads,Discount,2850,8821,8,81,3.74,4.16,14940,1
6055,Middle East,Social Media,Discount,4506,2175,14,61,3.41,3.65,10078,0
6056,South America,Google Ads,Discount,4583,7311,4,46,2.24,1.72,12835,1
6057,Asia,Email,Discount,1519,7426,9,34,1.27,10.72,7581,0
6058,Asia,Influencer,Brand Awareness,4783,261,33,31,3.72,2.64,12229,1
6059,South America,Social Media,Brand Awareness,3117,2504,43,22,4.6,3.28,19897,1
6060,Europe,Influencer,Discount,2057,5008,23,93,4.5,3.99,6743,1
6061,Asia,Google Ads,New Product Launch,2380,1451,43,22,1.39,7.74,1455,1
6062,North America,TV Ads,Brand Awareness,2927,6737,36,71,0.84,6.57,6304,1
6063,Asia,Social Media,New Product Launch,4853,5299,40,11,4.21,4.34,11906,0
6064,Asia,Google Ads,Brand Awareness,2585,5974,8,110,3.87,4.08,9072,1
6065,Middle East,Social Media,New Product Launch,2602,4491,12,21,3.79,4.43,9563,1
6066,Middle East,Influencer,Brand Awareness,409,921,4,17,3.33,10.67,12834,1
6067,North America,Influencer,Brand Awareness,3438,7198,16,12,5.0,4.96,18700,1
6068,North America,Social Media,Brand Awareness,3942,8432,17,10,3.15,9.49,10546,1
6069,North America,Influencer,New Product Launch,3444,3406,1,25,3.68,5.62,18386,1
6070,Europe,TV Ads,New Product Launch,1995,6751,7,37,3.79,6.6,16532,1
6071,Asia,Google Ads,Discount,4813,3597,26,28,2.63,4.79,4268,1
6072,Middle East,TV Ads,Discount,1465,7914,15,86,4.32,1.73,9926,1
6073,Europe,Google Ads,Brand Awareness,107,3810,42,81,2.46,10.22,5081,0
6074,South America,TV Ads,New Product Launch,4304,7622,16,72,4.12,2.61,6751,0
6075,Middle East,Social Media,New Product Launch,2959,5157,26,65,2.38,7.4,18671,1
6076,Europe,Google Ads,Discount,2819,607,9,74,0.97,7.1,10577,1
6077,Middle East,Social Media,New Product Launch,1781,3906,18,27,3.71,6.01,11487,1
6078,Asia,Social Media,Brand Awareness,3591,8576,12,80,3.04,11.01,5533,1
6079,Middle East,TV Ads,Discount,3056,2369,8,47,2.64,6.32,19356,1
6080,South America,Email,Brand Awareness,4752,3250,15,59,1.43,11.22,8166,0
6081,Europe,Social Media,Discount,2531,2986,3,68,3.41,4.51,3909,1
6082,Europe,Influencer,Brand Awareness,488,612,35,49,1.35,11.97,16007,1
6083,North America,Influencer,Brand Awareness,388,2688,44,118,3.01,4.75,11689,1
6084,North America,Influencer,Discount,3493,8213,17,8,4.53,4.81,11625,1
6085,Asia,Social Media,Discount,4097,7302,17,109,2.21,1.27,11408,1
6086,North America,Social Media,New Product Launch,318,7267,49,19,1.07,3.68,19997,0
6087,Middle East,Influencer,Brand Awareness,4167,3520,40,57,1.12,4.12,12239,0
6088,South America,Email,New Product Launch,4709,633,1,32,2.03,8.15,17766,1
6089,South America,Social Media,Discount,2288,2347,4,65,2.1,7.82,3858,1
6090,Asia,Google Ads,Discount,4802,8215,36,29,0.88,1.07,17843,1
6091,Europe,Google Ads,New Product Launch,1042,4843,44,83,4.11,4.76,7782,1
6092,Europe,Social Media,New Product Launch,3225,5420,7,44,0.93,6.9,10093,1
6093,Asia,Social Media,New Product Launch,1827,740,36,5,3.43,6.3,11636,1
6094,Europe,Google Ads,Discount,1298,7377,8,81,1.32,8.37,6705,1
6095,South America,Email,Brand Awareness,988,3513,42,116,4.88,6.36,6737,1
6096,Middle East,Social Media,Brand Awareness,135,672,21,61,4.29,3.32,14345,1
6097,Europe,Email,Discount,3703,3739,41,44,1.53,3.48,4726,1
6098,North America,Influencer,Discount,1958,6053,9,106,2.77,6.02,11888,0
6099,Europe,Google Ads,Brand Awareness,2278,5492,38,117,0.86,4.2,16862,1
6100,North America,Email,New Product Launch,4859,6754,7,89,2.74,8.49,1239,1
6101,Middle East,TV Ads,New Product Launch,1713,1993,30,111,2.53,10.04,6461,0
6102,Asia,TV Ads,New Product Launch,453,7100,24,13,2.64,9.26,14021,1
6103,Asia,TV Ads,Brand Awareness,404,5366,32,114,4.28,6.84,6659,0
6104,South America,Social Media,Discount,3128,7815,30,61,3.34,3.08,4962,0
6105,Europe,Influencer,Discount,4002,4987,47,95,3.06,8.78,16447,1
6106,Europe,Influencer,New Product Launch,4532,4902,8,38,4.87,1.01,14111,1
6107,South America,TV Ads,Discount,3993,920,12,31,4.53,3.71,6691,1
6108,South America,TV Ads,New Product Launch,2164,8453,43,13,4.63,10.43,6434,1
6109,North America,Social Media,Brand Awareness,2409,7854,24,35,4.75,8.78,18901,0
6110,North America,Google Ads,Brand Awareness,3239,3466,14,34,3.68,1.45,19409,1
6111,South America,TV Ads,New Product Launch,432,4473,5,91,4.25,1.13,2394,1
6112,Middle East,Social Media,Brand Awareness,306,504,49,42,2.31,4.75,9935,1
6113,Asia,Influencer,Discount,4041,4122,1,24,1.71,11.52,10721,1
6114,South America,TV Ads,New Product Launch,220,742,45,22,2.14,6.38,19358,1
6115,Asia,Google Ads,Discount,3173,4784,34,109,4.83,4.4,1241,1
6116,Middle East,TV Ads,Discount,131,3225,26,111,1.32,9.25,7702,1
6117,North America,Social Media,New Product Launch,4647,8105,29,62,3.61,5.13,647,0
6118,Asia,Social Media,Discount,4557,769,48,65,3.3,2.45,5500,1
6119,Europe,TV Ads,Discount,1592,336,7,113,1.03,5.85,2965,0
6120,Asia,Social Media,New Product Launch,3879,2627,37,94,1.09,7.16,992,1
6121,Asia,TV Ads,Brand Awareness,3056,6151,36,23,1.34,11.34,8939,0
6122,North America,Email,New Product Launch,544,4286,13,98,2.24,5.75,5024,0
6123,Asia,TV Ads,Discount,1249,6655,18,29,1.8,11.9,2546,1
6124,North America,Social Media,New Product Launch,3734,7773,23,33,2.54,3.36,19257,1
6125,Asia,TV Ads,New Product Launch,599,2291,48,14,4.93,2.8,18141,0
6126,North America,Google Ads,Brand Awareness,2006,2762,31,91,0.55,3.65,1307,1
6127,Middle East,Social Media,Discount,584,6399,21,31,3.21,6.89,8682,0
6128,Middle East,TV Ads,New Product Launch,934,5265,38,79,0.87,6.59,17776,0
6129,Asia,TV Ads,Brand Awareness,1869,8156,28,50,3.9,3.46,13513,1
6130,Europe,Influencer,Discount,2645,8121,10,14,4.66,3.69,16097,0
6131,Europe,Social Media,Discount,3623,3660,49,90,1.73,9.65,3180,0
6132,North America,Email,Discount,4564,3751,26,79,4.48,1.29,9636,0
6133,Asia,Influencer,New Product Launch,3060,3490,49,96,2.24,10.96,17215,1
6134,South America,Email,Discount,268,5808,32,59,0.87,9.67,5390,1
6135,North America,Influencer,Discount,3166,1013,3,45,2.15,7.47,669,1
6136,South America,Email,New Product Launch,4636,8044,24,94,1.78,11.07,5756,1
6137,Asia,TV Ads,New Product Launch,1108,5648,25,117,4.18,5.42,10442,1
6138,North America,Influencer,Discount,2777,4261,34,89,4.22,10.78,15005,1
6139,South America,Social Media,Discount,114,5520,5,49,4.34,8.77,14178,1
6140,Asia,TV Ads,Brand Awareness,496,5500,47,118,2.21,10.03,19340,1
6141,Europe,Social Media,Discount,1568,5719,14,54,1.32,6.55,5614,1
6142,South America,Google Ads,Brand Awareness,3761,6940,35,58,2.69,10.98,8211,1
6143,Asia,Email,Discount,2496,7684,30,88,2.64,10.22,10658,0
6144,South America,Google Ads,New Product Launch,2006,7569,20,85,2.36,2.96,11219,1
6145,Asia,TV Ads,Brand Awareness,3137,4664,31,19,2.87,7.88,1827,1
6146,Middle East,TV Ads,New Product Launch,2336,3683,48,13,4.03,7.05,15836,1
6147,North America,Social Media,Brand Awareness,2399,4823,33,83,4.63,10.81,19981,1
6148,Middle East,Influencer,Brand Awareness,601,272,14,116,4.7,9.95,5191,1
6149,Europe,Email,Discount,352,5269,21,30,3.35,11.41,4520,0
6150,Middle East,Influencer,Discount,1871,2470,25,16,3.98,10.67,19830,1
6151,North America,Influencer,Brand Awareness,3041,1591,23,82,1.1,3.58,17032,1
6152,Asia,TV Ads,Discount,540,790,49,30,1.63,2.44,2796,1
6153,Europe,Social Media,Discount,1458,796,12,87,3.04,10.28,12351,1
6154,Europe,TV Ads,Discount,273,6580,22,79,4.71,4.59,18613,1
6155,North America,Social Media,Brand Awareness,2040,6590,45,17,1.62,8.18,1421,1
6156,Middle East,Google Ads,Discount,1106,7874,18,95,2.18,9.41,13656,1
6157,Europe,Social Media,Brand Awareness,1988,7700,20,85,0.91,5.88,10222,1
6158,Asia,Google Ads,Brand Awareness,204,1347,9,61,2.22,9.87,18618,0
6159,Middle East,TV Ads,New Product Launch,2295,7093,29,65,3.46,9.2,11850,1
6160,South America,Email,New Product Launch,3843,2129,47,63,0.71,2.03,15584,1
6161,Asia,Influencer,New Product Launch,2167,5522,41,53,4.32,4.41,6197,0
6162,North America,Email,Brand Awareness,4064,2312,34,66,4.81,9.94,9452,1
6163,Asia,Social Media,New Product Launch,2350,3663,24,48,0.81,2.52,17103,1
6164,North America,Influencer,Brand Awareness,1475,2485,9,38,2.08,6.18,14500,1
6165,Middle East,TV Ads,Discount,3691,6972,30,62,4.21,11.91,16065,0
6166,Europe,Influencer,Brand Awareness,1738,4694,25,6,0.66,6.05,9101,1
6167,North America,Email,New Product Launch,1198,4482,47,57,4.6,10.21,11337,1
6168,South America,TV Ads,Discount,4584,5092,26,36,1.76,2.87,7854,1
6169,Middle East,Influencer,Discount,1838,6528,27,110,3.05,1.28,15862,1
6170,Europe,Social Media,Discount,4067,7290,9,10,4.27,3.72,19862,1
6171,Middle East,Influencer,Discount,3872,3123,16,50,4.66,7.06,14574,1
6172,Middle East,Email,New Product Launch,2370,3407,6,28,1.99,3.2,16159,1
6173,Middle East,TV Ads,New Product Launch,4787,6535,10,17,1.28,3.2,2126,0
6174,Middle East,TV Ads,Discount,2232,7501,47,78,3.55,11.39,14194,1
6175,Europe,TV Ads,Brand Awareness,1358,8754,10,49,1.22,6.71,2762,0
6176,Asia,Email,Brand Awareness,354,7671,16,95,2.56,1.77,6405,1
6177,Europe,Influencer,New Product Launch,1016,1049,22,84,3.37,10.4,18349,0
6178,Middle East,Email,Brand Awareness,4177,6076,37,15,4.97,10.16,4745,0
6179,Europe,Influencer,Discount,191,6913,7,17,3.66,6.64,9291,1
6180,Europe,TV Ads,New Product Launch,4663,439,48,61,1.79,3.19,13417,1
6181,Middle East,Social Media,Brand Awareness,424,7603,7,73,4.33,4.88,10576,0
6182,Europe,Google Ads,Discount,2234,2278,40,50,3.46,11.99,17460,1
6183,Europe,TV Ads,Discount,1729,7008,3,22,4.55,8.83,16455,1
6184,Asia,Email,Discount,540,6562,22,7,3.62,4.48,15400,1
6185,Middle East,TV Ads,New Product Launch,4127,5104,36,8,3.69,4.72,19361,1
6186,North America,Google Ads,Brand Awareness,520,6851,7,58,1.93,3.29,939,0
6187,North America,TV Ads,New Product Launch,3425,4945,13,105,3.2,11.43,9057,0
6188,South America,Email,New Product Launch,3520,5729,25,88,2.29,1.01,11261,1
6189,Asia,Influencer,Brand Awareness,1978,8028,41,19,1.21,5.91,10590,1
6190,Asia,Google Ads,New Product Launch,301,7316,27,52,1.05,9.67,3277,1
6191,Europe,Social Media,New Product Launch,1419,2950,25,24,3.66,5.21,18919,1
6192,Asia,Google Ads,Discount,1124,7479,25,82,2.69,2.24,5926,1
6193,Middle East,Email,Brand Awareness,1142,6219,10,60,1.11,2.75,17334,1
6194,North America,Influencer,Discount,2125,7543,33,9,3.61,8.52,3581,1
6195,Europe,Influencer,Brand Awareness,1618,4968,25,87,1.16,1.52,16586,1
6196,South America,Email,New Product Launch,2742,1107,38,22,4.16,4.44,13811,1
6197,Europe,Email,Brand Awareness,3514,2502,17,50,4.09,1.7,4778,0
6198,North America,Influencer,Brand Awareness,1231,400,40,80,1.27,3.47,14218,1
6199,Middle East,TV Ads,Discount,3818,1581,30,41,4.41,10.84,13159,1
6200,Middle East,Email,Brand Awareness,388,1520,25,97,2.8,10.46,11578,1
6201,Europe,Email,Discount,3456,4673,30,47,3.61,8.83,9674,1
6202,Middle East,TV Ads,New Product Launch,2434,8447,39,81,0.95,1.92,19436,0
6203,Europe,TV Ads,Brand Awareness,177,5799,6,69,2.61,3.6,19450,1
6204,Asia,Influencer,Discount,1795,6539,19,95,4.91,8.86,14605,0
6205,Europe,Influencer,Discount,4746,978,17,47,3.71,3.7,17932,1
6206,Middle East,Email,Discount,633,8909,16,53,0.88,1.99,17390,1
6207,Asia,Social Media,New Product Launch,166,7201,7,106,3.55,7.22,17001,0
6208,North America,TV Ads,Discount,767,1595,16,32,1.36,9.79,14094,1
6209,South America,Social Media,Discount,109,4300,32,30,3.32,2.58,15379,1
6210,Europe,Social Media,Brand Awareness,1701,4561,17,39,4.37,4.3,7318,1
6211,Middle East,TV Ads,New Product Launch,858,2132,35,15,2.97,8.5,19529,1
6212,Europe,Email,Discount,4169,5664,30,85,3.34,3.02,14219,0
6213,South America,Email,Brand Awareness,557,790,27,92,1.11,6.58,11328,0
6214,Middle East,Influencer,Discount,2925,2873,43,14,1.0,3.05,13011,0
6215,South America,Email,Brand Awareness,3770,8447,13,47,2.62,8.14,18296,1
6216,South America,TV Ads,Discount,2071,8666,29,60,3.75,7.07,7627,1
6217,Asia,TV Ads,Discount,3617,4354,24,37,1.22,11.05,11297,1
6218,Middle East,Email,Brand Awareness,2973,2788,37,16,2.84,8.8,12986,1
6219,North America,Email,New Product Launch,167,3074,39,113,4.0,4.71,16644,0
6220,Asia,TV Ads,Brand Awareness,3730,8893,34,109,3.63,1.28,16653,0
6221,Asia,Influencer,Discount,3327,6114,7,111,4.79,4.61,19441,1
6222,South America,Influencer,Brand Awareness,331,7495,4,83,2.76,8.42,8281,0
6223,Europe,TV Ads,New Product Launch,2627,2745,34,5,3.2,1.28,19889,1
6224,Middle East,Google Ads,Discount,4564,7328,9,13,4.83,7.99,4733,1
6225,Middle East,Email,New Product Launch,2347,4733,7,117,3.59,8.12,11620,1
6226,South America,TV Ads,Discount,4669,3873,3,11,2.07,3.39,10977,1
6227,North America,Email,Brand Awareness,847,5687,41,59,0.53,7.61,5836,1
6228,Middle East,Social Media,New Product Launch,4640,8499,11,21,3.83,2.27,16366,0
6229,Asia,Email,Brand Awareness,2017,4246,41,25,0.87,3.79,12207,0
6230,North America,Google Ads,Discount,1907,7469,5,101,1.44,1.32,8150,0
6231,Europe,Email,New Product Launch,694,6652,29,104,4.06,4.7,14575,1
6232,Asia,TV Ads,New Product Launch,1558,6097,45,25,3.28,1.87,10112,1
6233,Asia,TV Ads,Brand Awareness,3548,7380,21,52,3.78,6.38,638,1
6234,Asia,Influencer,Discount,1494,5376,34,57,4.76,11.73,17059,0
6235,Asia,TV Ads,Brand Awareness,3232,1302,37,23,0.75,5.94,14519,0
6236,Europe,TV Ads,Discount,2736,5890,43,104,3.41,6.44,11000,0
6237,North America,Social Media,Brand Awareness,3918,1431,28,65,2.6,3.97,14601,1
6238,Europe,Email,Brand Awareness,888,6299,18,86,1.24,6.23,9131,1
6239,Europe,Influencer,Discount,4363,1762,32,31,1.32,3.75,9092,1
6240,Middle East,Email,New Product Launch,1971,2521,18,74,2.64,9.48,3679,1
6241,Asia,Google Ads,New Product Launch,3065,7718,8,115,1.93,8.18,4675,1
6242,Asia,Social Media,Discount,3712,7529,27,58,2.44,5.04,1558,0
6243,Middle East,Social Media,Brand Awareness,4786,6710,13,101,2.72,4.55,19146,1
6244,Middle East,TV Ads,Discount,3855,3362,19,95,1.75,3.84,5382,1
6245,North America,TV Ads,Brand Awareness,2088,1983,7,107,0.78,2.65,8933,1
6246,South America,Influencer,Brand Awareness,2649,4571,13,11,3.1,2.99,14338,0
6247,Asia,Influencer,Brand Awareness,4727,802,16,81,3.06,1.8,855,1
6248,Asia,Email,New Product Launch,2765,2961,3,40,0.98,9.58,8306,0
6249,South America,Google Ads,Discount,4685,1607,30,52,4.33,5.05,11663,1
6250,Europe,Google Ads,Discount,822,3265,2,13,2.89,9.32,9906,0
6251,Europe,Email,Brand Awareness,3359,2030,38,33,0.7,2.38,11156,0
6252,Middle East,TV Ads,New Product Launch,2119,7630,22,82,0.73,9.84,3967,1
6253,South America,Social Media,New Product Launch,4340,2071,4,82,2.18,3.18,18686,0
6254,Europe,Social Media,Brand Awareness,2271,4036,1,104,1.59,10.27,682,1
6255,Europe,Email,Brand Awareness,2783,7543,34,71,2.6,9.39,5175,1
6256,Asia,Social Media,Discount,3399,3587,14,44,4.47,11.94,10192,0
6257,Asia,Email,New Product Launch,3060,833,14,111,2.65,11.41,16031,1
6258,Middle East,Social Media,New Product Launch,1799,6172,18,27,5.0,7.66,14313,0
6259,Asia,Influencer,New Product Launch,2187,8568,14,44,4.23,3.49,17410,1
6260,South America,Google Ads,Discount,4200,3231,17,67,3.6,5.26,3161,0
6261,Middle East,Email,Discount,1853,8970,14,28,3.84,7.11,12150,1
6262,South America,Influencer,New Product Launch,3828,4407,36,40,2.58,1.35,17859,1
6263,North America,Influencer,Discount,4899,3668,29,68,2.82,3.33,17317,0
6264,Europe,Social Media,Brand Awareness,4204,5300,3,33,2.35,9.24,17443,1
6265,North America,TV Ads,New Product Launch,1700,7892,23,110,1.08,10.07,13555,1
6266,Europe,TV Ads,Discount,1927,7152,17,58,2.57,2.41,9884,1
6267,South America,Email,New Product Launch,1887,8800,21,56,2.95,2.07,11153,0
6268,North America,Social Media,Brand Awareness,1831,2337,17,12,4.04,2.78,19859,1
6269,Asia,Influencer,Discount,1033,5128,47,55,4.15,9.64,12676,0
6270,North America,Google Ads,Brand Awareness,3807,2027,18,30,4.07,4.5,2882,1
6271,Europe,Google Ads,New Product Launch,1010,975,34,56,3.58,11.72,17243,1
6272,Middle East,Influencer,Brand Awareness,1703,7861,17,95,2.53,4.31,8543,0
6273,Asia,Social Media,Brand Awareness,3057,8443,7,20,3.77,6.74,12803,0
6274,Asia,Influencer,Discount,2669,5210,15,103,4.7,7.17,7285,1
6275,North America,Email,Brand Awareness,3791,7625,32,26,3.74,6.71,10872,1
6276,Europe,Influencer,New Product Launch,761,3975,11,84,1.53,10.68,17448,1
6277,North America,TV Ads,New Product Launch,3414,3203,48,116,0.93,9.54,8437,0
6278,Asia,Google Ads,Brand Awareness,1415,1652,14,54,1.8,1.92,5005,1
6279,Asia,Influencer,Brand Awareness,3941,373,1,84,2.32,4.73,13754,1
6280,South America,Email,Discount,2016,2970,2,102,0.52,8.75,9417,0
6281,Asia,Email,New Product Launch,2088,3745,26,83,0.71,11.77,10407,0
6282,South America,Social Media,Brand Awareness,1476,7615,38,110,0.54,10.07,15215,1
6283,North America,Email,New Product Launch,2047,1779,41,92,1.59,11.29,4303,1
6284,Asia,Email,Discount,2198,5898,6,100,3.79,1.23,15688,1
6285,Middle East,Email,New Product Launch,3943,1505,36,103,4.64,10.91,16082,1
6286,Europe,Influencer,New Product Launch,2948,5356,16,30,0.76,10.22,17211,1
6287,Middle East,Google Ads,Discount,4683,7092,45,83,3.63,9.9,14073,1
6288,Asia,TV Ads,New Product Launch,4301,2621,46,46,2.34,11.09,15622,1
6289,Asia,TV Ads,Brand Awareness,4624,6256,19,107,0.8,10.91,2340,0
6290,South America,Email,Discount,3316,3952,8,52,1.22,2.23,1519,1
6291,Asia,Email,New Product Launch,3379,637,16,115,1.31,10.51,17569,1
6292,South America,TV Ads,New Product Launch,1978,1025,49,10,4.48,10.51,5615,0
6293,Middle East,Email,Brand Awareness,1410,5661,26,98,3.1,8.89,8599,1
6294,North America,Influencer,Brand Awareness,3720,6084,44,84,2.27,10.86,11793,1
6295,North America,Social Media,New Product Launch,2954,2254,4,73,4.28,9.74,19045,1
6296,Asia,Social Media,New Product Launch,1940,719,10,29,2.8,6.3,17417,0
6297,North America,TV Ads,Brand Awareness,631,1811,22,75,3.78,5.9,14874,0
6298,North America,Influencer,Discount,1141,7831,48,75,3.46,5.11,15212,0
6299,Asia,Email,New Product Launch,4552,1417,6,91,4.55,2.29,19341,1
6300,Middle East,Influencer,Discount,3187,1842,4,21,2.39,1.67,5746,1
6301,Europe,Email,New Product Launch,2570,3647,16,81,3.45,3.22,2050,0
6302,South America,Influencer,Brand Awareness,3605,5249,44,27,1.33,6.46,11929,1
6303,North America,Google Ads,Brand Awareness,3779,2328,18,117,4.01,1.7,11674,1
6304,Middle East,Influencer,Discount,2588,3427,41,15,3.9,1.56,12737,0
6305,Europe,Email,Brand Awareness,333,4967,33,62,1.06,9.96,18543,1
6306,Europe,Email,Brand Awareness,4834,7573,43,101,4.83,5.04,17864,1
6307,South America,Email,Brand Awareness,3669,6842,28,84,4.87,2.19,6015,0
6308,North America,Social Media,Brand Awareness,993,8380,8,14,3.2,1.46,14957,1
6309,South America,TV Ads,Brand Awareness,898,6631,9,65,2.25,10.27,6651,1
6310,Asia,Social Media,Brand Awareness,995,4699,33,57,1.15,10.89,3166,1
6311,Asia,Email,New Product Launch,2130,5033,30,86,2.46,7.14,4151,1
6312,Asia,TV Ads,Discount,2507,2811,1,34,1.71,6.06,10562,1
6313,Middle East,TV Ads,Brand Awareness,138,805,34,73,0.91,7.21,8063,1
6314,Middle East,Google Ads,Discount,365,4781,36,11,0.91,2.66,11582,1
6315,South America,TV Ads,Discount,3986,2972,36,110,3.41,10.2,821,1
6316,North America,Email,Brand Awareness,4323,6670,13,84,4.32,2.14,7408,1
6317,South America,Google Ads,Brand Awareness,4573,3004,2,69,3.58,8.83,6044,1
6318,Europe,TV Ads,Discount,3265,3423,19,55,2.63,3.33,16121,1
6319,Asia,TV Ads,Brand Awareness,4683,512,31,59,4.16,2.54,4456,1
6320,Middle East,Email,Brand Awareness,3669,819,6,13,2.61,7.72,11387,1
6321,Asia,Google Ads,Discount,2095,2860,33,110,0.74,3.89,9408,0
6322,Europe,Email,Brand Awareness,4205,6736,32,94,3.0,8.56,6462,0
6323,Middle East,Google Ads,Discount,4702,5281,15,97,3.33,3.67,6513,1
6324,North America,Influencer,New Product Launch,4175,3752,11,60,3.02,6.51,16798,0
6325,Europe,TV Ads,Discount,3045,4342,36,10,4.46,11.54,15153,1
6326,North America,Google Ads,New Product Launch,3428,2813,43,67,2.01,10.46,16463,1
6327,North America,TV Ads,Discount,3105,7527,5,19,0.56,2.65,8849,0
6328,North America,Email,New Product Launch,4093,3651,7,47,2.63,2.89,12211,1
6329,Middle East,Social Media,Brand Awareness,2319,8362,38,86,3.58,7.6,11826,0
6330,Asia,Google Ads,Discount,4284,1095,26,8,4.26,11.27,7008,0
6331,Middle East,Social Media,Brand Awareness,4185,6285,46,55,2.48,1.71,5172,0
6332,South America,Google Ads,Discount,3985,6619,3,102,2.63,8.64,7868,1
6333,South America,Social Media,New Product Launch,1006,4054,14,86,3.11,8.68,9619,1
6334,North America,Influencer,Brand Awareness,909,2606,14,54,1.62,7.25,14475,1
6335,North America,Influencer,Brand Awareness,910,4813,40,14,3.67,8.19,9071,1
6336,Europe,Influencer,Discount,2969,900,15,6,3.22,11.3,10010,0
6337,North America,Influencer,New Product Launch,3498,4874,13,30,2.64,11.5,18972,1
6338,Europe,Influencer,Brand Awareness,2749,6666,6,118,4.18,5.47,14100,1
6339,North America,Google Ads,New Product Launch,3048,8342,36,58,0.88,11.9,11403,0
6340,South America,Social Media,New Product Launch,4913,1323,29,62,4.25,11.4,948,1
6341,Middle East,Google Ads,Discount,1184,1591,29,40,1.33,9.78,11840,1
6342,South America,Social Media,Discount,607,2344,40,36,3.32,11.07,1931,0
6343,Europe,Influencer,Discount,4469,7599,4,11,2.21,8.03,9116,0
6344,North America,Influencer,Discount,725,332,24,70,3.54,7.35,11683,0
6345,North America,Social Media,Discount,995,6913,10,83,0.62,3.99,10862,1
6346,Asia,TV Ads,New Product Launch,206,3036,8,17,4.25,7.26,18857,1
6347,North America,Google Ads,New Product Launch,4514,4090,21,96,0.55,6.93,8499,1
6348,North America,Email,Discount,1058,3960,14,39,0.62,4.49,4277,1
6349,North America,Email,Discount,440,556,12,55,3.45,2.06,9122,0
6350,Middle East,Influencer,Discount,935,7455,35,39,1.88,2.44,19434,1
6351,Middle East,Social Media,New Product Launch,3224,1496,27,45,3.82,3.3,18044,1
6352,North America,Email,New Product Launch,2819,1687,10,31,1.28,3.12,14829,0
6353,Middle East,Social Media,Brand Awareness,4767,4722,9,83,4.73,7.32,10697,0
6354,North America,Google Ads,New Product Launch,2973,7313,34,25,3.78,10.58,7326,0
6355,Europe,Email,Brand Awareness,3506,1670,36,38,2.71,11.99,4100,1
6356,South America,TV Ads,New Product Launch,2672,4540,41,47,2.37,1.02,16018,1
6357,Asia,Social Media,New Product Launch,1561,3769,8,51,1.18,9.45,6605,1
6358,South America,Social Media,Brand Awareness,1481,6676,9,70,1.73,5.04,11036,1
6359,Europe,TV Ads,New Product Launch,2087,444,18,57,2.52,3.34,15300,1
6360,Europe,Social Media,Discount,3366,822,11,118,1.81,8.99,6272,1
6361,Asia,Influencer,Brand Awareness,2602,2030,38,36,3.56,8.14,6519,1
6362,Middle East,Email,Discount,4459,5124,2,92,2.46,3.7,6403,1
6363,North America,Google Ads,New Product Launch,1078,4836,45,108,1.82,9.11,9589,0
6364,Middle East,TV Ads,Discount,4903,5836,3,82,0.57,4.25,5660,0
6365,North America,Google Ads,Discount,2867,1677,28,64,1.09,11.39,8987,0
6366,North America,Influencer,Discount,491,1909,24,86,2.88,2.38,9528,1
6367,Asia,Email,New Product Launch,967,6414,38,80,1.72,4.7,14691,1
6368,Middle East,Email,New Product Launch,3869,1984,47,45,4.7,9.3,5501,0
6369,Europe,Influencer,New Product Launch,635,7835,15,5,1.09,5.72,9326,1
6370,Europe,Google Ads,Discount,3591,6983,46,44,2.82,1.09,15744,1
6371,Asia,TV Ads,Discount,133,4859,3,35,1.62,3.03,11365,1
6372,Middle East,Influencer,Discount,1032,5216,29,38,3.0,6.07,1862,1
6373,South America,Email,New Product Launch,1734,5513,43,52,1.65,9.94,17249,1
6374,South America,Influencer,Brand Awareness,3314,4922,26,15,3.05,2.71,4575,0
6375,Europe,Google Ads,Brand Awareness,2911,1809,37,16,1.67,8.23,16539,1
6376,Asia,Social Media,Discount,2277,7070,28,116,1.31,11.1,824,1
6377,South America,TV Ads,New Product Launch,4157,5272,24,7,3.02,11.06,4420,1
6378,Middle East,Google Ads,Brand Awareness,222,4331,44,70,1.57,6.36,13213,1
6379,Europe,Influencer,New Product Launch,2898,5929,26,28,0.61,7.06,1409,1
6380,South America,Google Ads,Discount,145,3406,13,89,4.55,3.49,1859,1
6381,Middle East,Social Media,Discount,4401,5275,21,9,0.77,9.66,13853,1
6382,South America,TV Ads,New Product Launch,2828,1710,23,44,1.66,10.45,13307,1
6383,South America,Influencer,Brand Awareness,2504,1039,19,79,4.93,8.86,2908,1
6384,Europe,Influencer,Brand Awareness,2222,6429,5,32,4.95,2.46,19100,0
6385,Europe,TV Ads,New Product Launch,4863,7258,12,96,2.87,3.0,19003,1
6386,Asia,Social Media,Brand Awareness,1897,8988,26,77,4.13,7.94,18941,0
6387,Middle East,Influencer,Discount,4415,5138,36,70,4.69,10.27,19360,0
6388,South America,Social Media,Discount,4468,3608,7,119,2.05,2.34,19950,1
6389,Middle East,Email,New Product Launch,254,4124,21,32,2.95,7.44,4886,0
6390,South America,Social Media,Brand Awareness,4325,7466,25,28,4.75,2.03,6232,0
6391,Europe,TV Ads,Brand Awareness,4273,1636,3,14,4.75,3.2,16503,1
6392,Europe,TV Ads,Discount,2894,1681,29,18,0.71,6.51,9233,1
6393,North America,TV Ads,Discount,3284,4868,33,119,4.68,6.25,19882,1
6394,North America,TV Ads,Brand Awareness,2127,1338,34,117,4.65,4.58,10727,1
6395,South America,TV Ads,Discount,1554,5530,39,8,1.87,4.8,8886,0
6396,Asia,Social Media,Brand Awareness,1962,8535,22,8,4.45,1.91,6461,1
6397,Middle East,Social Media,New Product Launch,1033,2368,19,51,1.55,5.53,12268,0
6398,North America,Email,Discount,1537,3529,47,21,3.11,4.47,12994,1
6399,Europe,Influencer,Brand Awareness,1472,3012,29,115,4.39,5.33,5685,1
6400,Middle East,Google Ads,New Product Launch,572,2809,36,80,3.93,3.98,4737,0
6401,Asia,Social Media,Brand Awareness,4169,4156,30,77,2.13,8.58,11114,1
6402,North America,TV Ads,New Product Launch,2221,6490,31,100,2.26,6.41,1561,1
6403,Europe,Influencer,New Product Launch,4792,7791,30,76,3.97,5.29,16288,1
6404,North America,Influencer,Brand Awareness,4067,3544,35,89,3.26,4.19,5610,0
6405,North America,Influencer,Discount,4209,8151,24,31,3.52,9.48,16900,1
6406,Middle East,Influencer,New Product Launch,1017,2387,45,79,4.61,2.79,4751,1
6407,Europe,Influencer,Discount,3557,7027,36,74,3.43,11.77,12925,0
6408,Asia,TV Ads,Brand Awareness,2358,2669,23,10,2.18,11.29,7651,1
6409,Middle East,Social Media,Brand Awareness,3291,6267,28,76,3.14,11.33,10356,1
6410,South America,Influencer,New Product Launch,4952,4089,36,74,2.36,8.13,10393,1
6411,Asia,Influencer,New Product Launch,3943,3230,7,82,4.8,9.24,19883,0
6412,Europe,Email,New Product Launch,4831,8958,14,67,2.29,8.25,7048,0
6413,North America,Email,Discount,4564,5512,31,77,1.01,7.1,18228,1
6414,Europe,TV Ads,New Product Launch,1508,7685,9,76,3.37,10.13,11730,0
6415,Europe,Google Ads,Discount,3817,5548,33,64,3.66,5.67,18723,1
6416,Europe,TV Ads,Brand Awareness,3903,4510,20,64,1.78,3.95,18785,0
6417,Asia,TV Ads,Discount,811,6825,31,115,3.65,2.28,14125,0
6418,North America,TV Ads,Brand Awareness,3240,2269,35,45,1.51,11.64,9526,1
6419,North America,Social Media,New Product Launch,4142,3697,12,27,4.39,1.16,4528,1
6420,Europe,Google Ads,Brand Awareness,4961,3501,9,58,2.8,4.4,5678,1
6421,South America,Email,Discount,3190,4097,32,72,4.07,7.75,5875,1
6422,South America,Influencer,Brand Awareness,4624,2839,24,100,1.3,8.08,6228,1
6423,Asia,Google Ads,Brand Awareness,4208,1807,30,35,0.73,6.67,4555,0
6424,South America,Influencer,Discount,526,5488,41,43,2.51,7.97,13700,1
6425,South America,Google Ads,Discount,2276,1251,31,31,0.5,1.3,10451,1
6426,North America,Email,Brand Awareness,3161,2609,28,94,1.3,8.25,19910,1
6427,Europe,Social Media,Brand Awareness,1241,5739,49,32,2.63,8.95,16773,1
6428,South America,Google Ads,Discount,3060,4920,6,5,4.04,6.57,18914,0
6429,North America,TV Ads,Brand Awareness,3494,5544,42,41,3.82,11.57,2139,0
6430,Asia,TV Ads,Discount,687,6252,48,115,1.11,5.61,13249,1
6431,Asia,Influencer,Discount,3434,2305,28,15,2.68,7.16,19235,0
6432,Asia,Email,Brand Awareness,4502,1230,46,31,3.17,2.35,13889,1
6433,South America,Google Ads,New Product Launch,3096,2832,27,57,4.07,10.1,14149,1
6434,Europe,TV Ads,Discount,3235,7535,41,83,2.75,7.89,19842,0
6435,North America,Email,Brand Awareness,3098,8136,42,52,4.72,1.54,4430,0
6436,South America,Social Media,Discount,2182,4343,24,81,4.19,3.9,4503,1
6437,North America,Google Ads,New Product Launch,2178,4539,24,21,4.09,4.54,9740,0
6438,North America,Social Media,New Product Launch,1794,1401,27,108,1.76,7.37,5581,1
6439,Europe,Google Ads,New Product Launch,4511,6821,48,46,4.47,5.97,4848,1
6440,South America,Email,New Product Launch,3104,3397,40,69,3.29,7.39,14897,0
6441,Europe,Email,Brand Awareness,3092,1739,12,5,1.05,10.0,18436,1
6442,South America,Influencer,New Product Launch,1011,8734,24,56,3.8,5.53,13920,1
6443,Middle East,Social Media,Brand Awareness,1161,753,9,79,2.01,9.43,14735,1
6444,Asia,Google Ads,Discount,1680,5904,30,83,4.54,2.72,12488,1
6445,Asia,Social Media,Discount,4828,6338,25,74,2.47,2.4,19926,1
6446,Asia,Influencer,Discount,2615,6732,5,41,4.47,8.35,18161,1
6447,Middle East,Social Media,New Product Launch,353,2027,14,107,2.47,4.14,19121,1
6448,Middle East,Influencer,New Product Launch,3881,8272,4,102,1.13,10.21,9744,1
6449,South America,Email,Discount,1221,5454,6,79,1.41,8.98,19884,1
6450,South America,Influencer,New Product Launch,2487,6468,39,44,2.92,9.13,18689,0
6451,North America,TV Ads,Brand Awareness,3639,1715,34,15,4.98,4.78,17260,0
6452,Middle East,Google Ads,Discount,2136,463,12,15,3.72,8.73,3034,0
6453,Europe,Email,Discount,3213,7544,38,46,1.14,6.63,9021,1
6454,North America,Social Media,Discount,1938,2295,22,93,3.36,6.39,10663,1
6455,Asia,Email,New Product Launch,4777,5883,24,94,0.7,11.87,12448,1
6456,North America,Google Ads,New Product Launch,547,5133,3,61,2.73,8.38,11954,1
6457,Middle East,Email,New Product Launch,3254,2749,36,46,3.31,3.12,10742,1
6458,North America,Google Ads,New Product Launch,4578,8732,16,94,4.0,2.04,13999,1
6459,South America,Google Ads,New Product Launch,4223,6570,20,68,4.92,5.94,9439,1
6460,Asia,TV Ads,Brand Awareness,4440,8004,46,77,2.56,4.55,16861,1
6461,Europe,TV Ads,Discount,1271,3274,11,70,3.8,2.78,1790,1
6462,North America,Email,New Product Launch,2765,453,12,109,2.32,5.81,7859,1
6463,North America,Email,New Product Launch,2014,8286,40,60,3.66,6.01,17485,0
6464,North America,Google Ads,Brand Awareness,1115,8389,25,99,0.68,2.43,4827,0
6465,Europe,Email,Brand Awareness,1157,1808,47,13,3.65,3.32,1329,1
6466,North America,TV Ads,Discount,2634,2246,45,16,1.4,11.34,717,1
6467,Middle East,Influencer,New Product Launch,1362,7926,43,31,2.49,6.77,8685,1
6468,Asia,Social Media,Discount,1759,5847,43,82,4.81,2.15,4541,1
6469,Asia,Email,Brand Awareness,291,3366,17,50,2.29,8.19,11112,1
6470,North America,Social Media,New Product Launch,2754,320,11,114,0.6,11.14,6180,1
6471,South America,Social Media,Discount,1902,1368,35,41,2.37,4.42,2642,1
6472,Asia,Google Ads,Brand Awareness,2795,1414,21,33,3.26,11.86,18244,0
6473,Asia,TV Ads,Brand Awareness,448,1256,35,98,2.49,7.11,10142,0
6474,Middle East,TV Ads,New Product Launch,1057,589,29,105,4.75,2.15,8854,1
6475,South America,TV Ads,Discount,1056,1956,4,115,4.63,6.55,8090,0
6476,Asia,Influencer,New Product Launch,843,4748,27,78,4.41,5.28,16866,1
6477,South America,Google Ads,Discount,423,906,10,92,3.19,10.0,1553,1
6478,Europe,Google Ads,Discount,1321,5268,13,17,3.91,5.14,9681,1
6479,Europe,Google Ads,Brand Awareness,296,4877,6,35,1.44,7.42,9435,1
6480,Europe,Influencer,Discount,3551,1796,10,26,0.97,8.78,13784,1
6481,Europe,TV Ads,New Product Launch,4227,7527,14,18,1.85,4.74,12488,1
6482,Asia,Email,Brand Awareness,3339,3508,38,102,3.8,10.5,13380,0
6483,South America,TV Ads,New Product Launch,3955,5876,26,90,4.42,4.33,1758,0
6484,South America,Email,Discount,2392,5939,48,30,3.62,8.29,884,1
6485,Asia,Email,New Product Launch,4705,3122,15,47,4.98,5.45,16707,1
6486,North America,Google Ads,Brand Awareness,1709,8330,7,87,4.84,11.63,2756,1
6487,North America,Google Ads,Brand Awareness,3364,2288,4,47,3.5,9.86,19037,1
6488,South America,Google Ads,Discount,608,5005,21,97,1.04,8.12,12150,1
6489,Middle East,TV Ads,Brand Awareness,1999,1008,35,35,2.01,2.83,2840,1
6490,Europe,Social Media,New Product Launch,3120,526,43,36,2.66,2.51,2302,0
6491,Europe,TV Ads,New Product Launch,2839,7895,8,27,4.65,2.26,11807,1
6492,Europe,Google Ads,Discount,1692,8607,35,78,1.03,5.42,6582,1
6493,Asia,Email,Brand Awareness,2474,6660,29,8,1.61,5.58,5100,0
6494,Middle East,TV Ads,New Product Launch,2906,862,22,34,4.39,11.45,15457,1
6495,South America,Google Ads,Brand Awareness,157,7705,24,22,4.5,9.39,1348,1
6496,North America,Google Ads,New Product Launch,4612,8092,7,83,0.86,6.04,12730,1
6497,Middle East,Influencer,Brand Awareness,471,8394,7,86,4.79,2.97,11245,1
6498,Asia,Google Ads,New Product Launch,2038,877,10,89,0.75,1.61,11593,0
6499,North America,Email,New Product Launch,2571,1305,22,13,4.77,1.4,14606,1
6500,Europe,Influencer,New Product Launch,2426,8198,16,7,0.72,5.79,8442,0
6501,Middle East,Influencer,New Product Launch,1642,7940,4,30,2.56,2.24,15177,0
6502,Middle East,Social Media,Brand Awareness,2493,7026,44,25,1.04,8.59,2253,0
6503,Europe,Email,Discount,978,4856,36,23,1.71,11.13,14197,0
6504,Middle East,Influencer,New Product Launch,2729,4470,49,95,2.02,3.11,18254,0
6505,Middle East,TV Ads,Discount,1596,6285,32,58,4.63,3.43,13580,1
6506,Middle East,Social Media,Discount,3069,2207,29,101,3.66,1.78,6605,1
6507,Europe,Social Media,Brand Awareness,4166,7609,39,18,3.63,9.74,4381,1
6508,North America,Email,Brand Awareness,4919,6818,22,87,2.16,2.13,8453,1
6509,South America,TV Ads,Discount,2509,3276,44,115,2.57,4.7,18561,0
6510,Europe,Google Ads,Discount,3708,2647,27,27,3.39,1.11,18613,1
6511,North America,TV Ads,Brand Awareness,460,1298,30,9,2.03,1.96,5378,1
6512,Asia,Influencer,Discount,4681,3690,33,116,4.64,8.21,19507,1
6513,Middle East,Social Media,Discount,712,5320,4,78,4.76,5.23,12389,1
6514,Asia,Email,Discount,2380,5345,8,11,0.83,1.15,14022,1
6515,Europe,Google Ads,Brand Awareness,3845,818,43,42,2.27,3.12,19803,1
6516,North America,Influencer,New Product Launch,4737,776,12,76,1.33,2.66,5183,1
6517,Middle East,Social Media,Brand Awareness,2346,6894,26,39,2.78,6.93,16751,0
6518,Middle East,Google Ads,New Product Launch,1067,6291,37,11,4.4,11.91,7573,1
6519,North America,Google Ads,Discount,2529,4856,21,70,4.51,7.89,961,1
6520,Europe,Google Ads,Discount,3085,3238,44,6,2.87,10.39,19162,0
6521,North America,Influencer,Discount,916,4672,45,70,2.54,5.62,6358,1
6522,North America,TV Ads,Brand Awareness,4279,6586,25,83,2.11,9.96,18021,1
6523,South America,Influencer,Discount,3677,8307,40,119,2.35,3.39,16754,1
6524,North America,Social Media,New Product Launch,2137,1736,26,89,2.43,1.13,8884,1
6525,North America,Social Media,Discount,1723,8540,2,46,4.83,7.07,6331,1
6526,South America,Influencer,New Product Launch,1992,6682,41,33,2.35,3.89,8778,1
6527,Middle East,Influencer,Brand Awareness,1543,4604,46,119,4.14,4.64,3366,1
6528,Middle East,Google Ads,Brand Awareness,2840,4256,16,91,0.63,6.21,5503,1
6529,Middle East,TV Ads,Discount,4024,2035,33,109,4.76,6.32,19143,1
6530,South America,Influencer,Brand Awareness,4122,8123,30,14,1.88,9.98,17171,1
6531,South America,Influencer,Brand Awareness,4772,2143,20,48,2.3,4.24,14746,1
6532,Europe,Google Ads,New Product Launch,4980,3518,16,54,1.44,11.37,7565,1
6533,Europe,Influencer,Discount,1181,4588,6,9,3.14,7.42,898,1
6534,Middle East,TV Ads,New Product Launch,1517,2054,15,104,0.6,6.29,15018,1
6535,Europe,Social Media,New Product Launch,4691,1695,21,72,3.55,4.22,19532,1
6536,North America,TV Ads,Brand Awareness,3132,4893,22,95,2.67,7.44,16531,1
6537,Europe,Email,Brand Awareness,1729,5130,24,76,0.51,4.94,6409,1
6538,South America,Email,Discount,3064,3015,36,29,0.55,5.6,8703,0
6539,Asia,Google Ads,Discount,2249,2940,15,114,1.92,10.58,10708,1
6540,Asia,Social Media,Discount,189,4848,45,58,2.07,6.34,1771,0
6541,North America,TV Ads,Discount,518,7729,32,28,3.31,10.54,17652,1
6542,South America,Email,Discount,1138,6345,28,40,3.44,9.35,2785,1
6543,Asia,Google Ads,New Product Launch,3626,3933,7,103,3.12,1.83,1208,1
6544,Europe,TV Ads,Brand Awareness,195,1805,5,35,3.26,8.57,3038,0
6545,Middle East,Email,Brand Awareness,3631,5115,35,5,1.55,1.51,5493,1
6546,Asia,Email,Discount,3285,3354,6,52,1.86,2.97,11224,0
6547,Middle East,Social Media,Discount,409,7798,37,6,0.73,1.88,2534,1
6548,Europe,TV Ads,Brand Awareness,2473,4059,8,75,1.33,3.4,13340,1
6549,Europe,Google Ads,Brand Awareness,2546,7847,2,61,3.76,6.15,6645,1
6550,Asia,Influencer,Discount,3041,7102,48,6,2.47,8.37,17948,0
6551,Middle East,Google Ads,New Product Launch,383,2712,2,40,0.74,7.81,3575,0
6552,Asia,Google Ads,Discount,3115,3280,17,31,1.01,2.05,1503,1
6553,Europe,TV Ads,New Product Launch,4004,4948,6,8,1.61,7.56,9216,1
6554,Europe,Email,Discount,1960,8433,44,15,4.82,6.44,11756,0
6555,Asia,Influencer,Discount,2400,5314,26,103,1.46,4.66,19484,0
6556,Europe,TV Ads,Discount,1598,4246,3,8,3.01,10.88,13922,1
6557,Asia,Social Media,Discount,1657,6428,29,48,3.81,4.44,17681,1
6558,Middle East,TV Ads,Discount,3026,2478,38,115,1.95,2.75,19828,0
6559,Europe,TV Ads,New Product Launch,2855,4844,27,74,2.82,4.17,8910,0
6560,Europe,Influencer,Discount,589,6665,18,102,3.87,4.29,17239,1
6561,Asia,Influencer,Brand Awareness,3501,8164,18,28,3.27,5.64,1436,1
6562,Middle East,Social Media,New Product Launch,337,2553,12,45,4.61,10.37,6098,1
6563,Asia,TV Ads,Discount,3159,8371,39,79,4.17,2.62,2288,0
6564,Asia,Email,Brand Awareness,4137,3186,21,86,0.63,11.08,6900,1
6565,South America,TV Ads,New Product Launch,4128,4408,5,118,2.47,8.79,16802,1
6566,Europe,Social Media,New Product Launch,4155,6449,14,71,2.68,6.14,18169,1
6567,Europe,Google Ads,Discount,2967,2371,32,73,4.98,8.37,17155,1
6568,Middle East,Influencer,Brand Awareness,4876,3642,9,73,3.94,6.06,14887,1
6569,South America,Influencer,Brand Awareness,2420,3591,38,86,2.73,11.62,5614,0
6570,South America,Email,New Product Launch,4036,2920,32,46,3.79,6.68,11220,0
6571,Europe,Social Media,Brand Awareness,4151,4193,10,23,2.11,10.03,12756,0
6572,Asia,Influencer,New Product Launch,3216,1809,30,85,4.31,5.73,16438,1
6573,Europe,Social Media,Discount,4218,6077,41,39,3.86,8.89,15173,0
6574,South America,Social Media,Brand Awareness,664,8777,19,14,2.6,4.61,3505,1
6575,Europe,TV Ads,Discount,528,7390,7,80,3.29,1.58,12176,0
6576,Europe,Google Ads,Brand Awareness,3951,8792,12,10,3.28,1.41,19966,0
6577,South America,Email,Discount,4248,7806,46,101,4.72,5.22,716,0
6578,North America,Social Media,Brand Awareness,2168,3609,49,41,2.48,7.8,10051,1
6579,South America,Google Ads,Brand Awareness,1112,866,34,68,2.25,1.43,13117,1
6580,Middle East,Influencer,New Product Launch,4753,6764,16,95,2.76,7.76,7109,0
6581,Europe,TV Ads,Discount,4058,3617,3,107,2.89,8.93,16281,0
6582,Europe,Google Ads,Brand Awareness,1216,1176,26,15,1.78,6.34,1988,1
6583,Europe,Influencer,Brand Awareness,818,7228,38,88,2.12,11.69,13435,1
6584,South America,Social Media,Brand Awareness,1303,7775,22,30,1.73,3.24,16803,1
6585,Europe,Google Ads,New Product Launch,3832,4490,48,77,1.25,3.62,19503,1
6586,Europe,Google Ads,Brand Awareness,873,2534,13,82,1.98,6.36,15738,1
6587,North America,TV Ads,Brand Awareness,267,2882,12,111,3.35,2.14,1651,0
6588,North America,Influencer,Discount,176,2913,19,71,2.72,7.81,15297,0
6589,South America,Google Ads,Brand Awareness,2501,8607,8,89,2.38,3.03,2109,1
6590,Asia,Social Media,Brand Awareness,3554,5269,3,114,1.38,7.09,14482,1
6591,Europe,Google Ads,Discount,1322,4092,40,24,2.48,2.06,11589,1
6592,Europe,TV Ads,Discount,3053,6970,10,93,1.4,3.58,5218,1
6593,Middle East,Email,New Product Launch,495,7940,41,20,1.7,4.81,1010,1
6594,South America,Google Ads,New Product Launch,133,2031,45,54,3.21,9.5,5675,1
6595,North America,Influencer,New Product Launch,2555,1935,36,98,2.14,11.86,10913,0
6596,Middle East,TV Ads,Brand Awareness,2157,6131,41,74,4.16,9.28,793,1
6597,South America,Influencer,Brand Awareness,509,2703,29,12,1.58,5.97,7869,0
6598,North America,TV Ads,Brand Awareness,4135,6432,27,113,4.28,9.35,3154,0
6599,Europe,TV Ads,New Product Launch,3491,8839,12,28,4.31,5.06,4408,1
6600,North America,Google Ads,Discount,788,7470,10,90,1.38,3.55,5674,1
6601,Europe,Email,Discount,1473,8571,29,42,4.35,10.79,9161,0
6602,Middle East,TV Ads,Discount,364,8365,37,87,4.45,3.47,17517,0
6603,Asia,Social Media,Brand Awareness,3796,3828,14,113,3.87,4.98,17301,1
6604,Asia,Email,New Product Launch,3499,2219,5,64,1.5,4.56,15864,1
6605,North America,Influencer,Discount,4719,6444,34,30,1.11,1.17,3942,0
6606,Middle East,Influencer,New Product Launch,2516,4729,44,22,1.58,7.61,13208,1
6607,Middle East,TV Ads,Brand Awareness,4837,8403,10,114,2.41,1.98,18137,1
6608,Asia,Influencer,New Product Launch,1722,2882,10,37,3.77,5.75,16600,0
6609,North America,Email,New Product Launch,3376,2091,48,26,4.43,11.17,6576,0
6610,Middle East,Social Media,Discount,4581,2856,14,43,2.93,2.65,14114,1
6611,Asia,Influencer,New Product Launch,4455,7644,20,12,3.37,4.45,5838,0
6612,Asia,Social Media,Discount,3844,835,17,42,3.97,3.54,9615,1
6613,Middle East,Social Media,Brand Awareness,2760,4284,30,35,0.69,3.32,11577,0
6614,Asia,TV Ads,Discount,3201,8567,14,39,3.8,4.11,4394,1
6615,Asia,Google Ads,Discount,1691,7354,38,8,0.96,11.66,16325,1
6616,Asia,Google Ads,New Product Launch,654,1195,14,60,4.78,3.35,12566,1
6617,Middle East,Google Ads,Brand Awareness,2592,7578,16,82,2.55,11.58,13452,1
6618,North America,Google Ads,Discount,317,2469,32,118,2.49,7.35,14521,1
6619,Asia,Email,Discount,2543,3978,7,49,4.66,11.12,2291,1
6620,Europe,TV Ads,Brand Awareness,2015,412,35,61,4.14,6.31,7140,0
6621,Europe,TV Ads,Brand Awareness,1831,2795,31,12,4.59,1.71,14340,1
6622,Asia,Email,New Product Launch,1423,6003,14,116,3.74,3.15,19531,1
6623,North America,Google Ads,New Product Launch,391,5065,37,22,2.32,10.55,10274,1
6624,Middle East,Email,Discount,4367,1453,20,57,2.16,10.85,5034,1
6625,South America,Email,Discount,1478,2869,35,114,0.65,8.87,19091,1
6626,Middle East,Social Media,New Product Launch,3732,2632,37,40,2.88,11.61,5654,1
6627,Middle East,Social Media,Brand Awareness,1648,6972,35,83,4.36,9.03,12984,1
6628,Europe,Influencer,Brand Awareness,3754,883,14,66,3.46,10.22,13502,0
6629,North America,TV Ads,Brand Awareness,580,6361,48,90,3.86,3.6,19059,1
6630,Asia,Influencer,Discount,411,1540,22,80,2.26,2.92,5953,1
6631,South America,Email,Discount,901,1589,26,40,1.46,10.41,14869,0
6632,Asia,Email,New Product Launch,1846,3283,15,89,2.65,11.96,4620,0
6633,Europe,TV Ads,New Product Launch,447,6364,20,67,3.23,8.48,14583,0
6634,Asia,Google Ads,New Product Launch,3155,8749,1,86,1.9,10.59,2649,1
6635,Europe,Influencer,Discount,1313,8752,22,53,2.51,1.55,12136,0
6636,South America,Social Media,Brand Awareness,4515,4761,3,22,3.28,1.63,13014,1
6637,Europe,Social Media,Discount,3098,7223,43,38,0.66,10.96,5452,1
6638,Europe,Influencer,Brand Awareness,372,7034,43,119,3.65,8.25,5167,1
6639,North America,Influencer,Discount,4783,8020,43,77,1.68,9.95,19830,0
6640,Asia,Influencer,New Product Launch,2626,5688,3,65,2.42,6.61,10052,1
6641,Middle East,TV Ads,Discount,3013,1421,46,75,3.24,10.98,7651,1
6642,Asia,Email,Brand Awareness,691,3942,22,34,4.31,7.55,11737,1
6643,Europe,Social Media,New Product Launch,3133,7721,5,66,4.64,5.37,10173,1
6644,South America,Social Media,New Product Launch,2002,4101,7,15,2.0,7.79,18014,0
6645,Middle East,Google Ads,New Product Launch,1485,2886,39,116,3.6,9.34,18809,1
6646,Europe,Email,Brand Awareness,1697,5683,12,117,3.35,3.77,8532,1
6647,South America,Social Media,Discount,922,8445,42,44,4.25,4.34,11608,1
6648,North America,Influencer,Discount,4420,5141,23,116,2.93,6.06,18158,1
6649,Middle East,Social Media,New Product Launch,784,3538,28,28,2.29,1.25,9185,1
6650,Asia,Influencer,New Product Launch,2472,936,30,29,3.14,4.71,15217,1
6651,Asia,Social Media,Brand Awareness,2934,6030,7,43,1.69,10.64,15895,0
6652,North America,Influencer,Discount,3242,7033,13,83,0.52,10.15,13900,1
6653,North America,TV Ads,Discount,3470,2742,10,26,3.68,5.52,7235,1
6654,Asia,Google Ads,Brand Awareness,3191,5060,46,58,4.35,5.19,1710,1
6655,Middle East,Influencer,Brand Awareness,166,6500,28,61,4.07,6.52,5977,1
6656,Asia,Influencer,New Product Launch,3800,5276,8,15,3.85,8.88,18428,1
6657,Middle East,Google Ads,New Product Launch,1733,2379,7,27,4.31,3.12,3590,1
6658,North America,Google Ads,New Product Launch,135,5799,15,15,0.57,4.25,555,1
6659,North America,TV Ads,New Product Launch,2700,7477,45,98,2.08,8.4,7426,0
6660,North America,Email,New Product Launch,2383,7604,18,8,0.85,2.38,14722,1
6661,Middle East,Google Ads,New Product Launch,2486,4386,49,104,3.69,2.36,17040,1
6662,Asia,TV Ads,New Product Launch,3622,1194,23,83,4.58,2.95,12128,0
6663,North America,Email,Discount,118,7983,49,55,3.73,8.65,19698,1
6664,South America,Social Media,New Product Launch,2639,3745,40,105,1.53,6.57,4859,1
6665,Europe,Social Media,Discount,3135,4693,8,14,2.61,10.15,7532,1
6666,South America,Google Ads,New Product Launch,2662,5661,8,99,2.66,5.04,19603,1
6667,Europe,Google Ads,Brand Awareness,3762,4164,3,88,3.77,2.37,6217,0
6668,North America,Email,Discount,3936,2798,29,34,1.8,1.27,10755,0
6669,North America,Email,New Product Launch,2820,1550,21,77,4.82,2.6,9654,0
6670,Middle East,Influencer,New Product Launch,728,971,19,114,0.68,3.53,18950,1
6671,Europe,Influencer,New Product Launch,4219,1063,5,34,0.84,11.38,19735,1
6672,South America,Influencer,Brand Awareness,1373,8588,28,115,1.47,11.76,3968,1
6673,North America,Email,Discount,4319,1874,16,11,1.01,9.14,6542,1
6674,North America,Influencer,Discount,1566,8289,11,69,2.43,10.13,15055,0
6675,North America,TV Ads,Discount,785,7855,47,65,2.55,2.63,15547,0
6676,North America,Email,Brand Awareness,1838,673,10,74,4.82,4.77,7266,1
6677,North America,TV Ads,Discount,212,8176,29,79,2.33,9.58,5818,1
6678,Middle East,TV Ads,Brand Awareness,4785,5196,10,8,1.17,10.62,8713,1
6679,Europe,Influencer,Brand Awareness,2356,3227,5,5,4.75,3.71,16409,1
6680,North America,Email,New Product Launch,3541,7883,20,21,1.93,5.15,7833,0
6681,North America,Email,Discount,4554,2876,35,5,4.43,8.0,19799,1
6682,Middle East,Influencer,New Product Launch,533,5188,25,86,2.44,9.72,9651,1
6683,Asia,Google Ads,Discount,4194,5640,27,59,3.3,9.73,9820,1
6684,South America,TV Ads,New Product Launch,2791,1523,46,28,4.26,10.68,1164,0
6685,North America,Social Media,Discount,4709,8612,43,115,2.03,10.24,6059,0
6686,North America,Social Media,Discount,3396,8817,27,68,4.15,10.56,17470,1
6687,South America,Email,New Product Launch,1891,887,2,108,3.9,6.49,12860,1
6688,South America,Google Ads,New Product Launch,582,7812,14,98,1.91,9.58,5906,1
6689,South America,Influencer,Discount,123,3263,27,39,3.37,4.81,17635,1
6690,North America,Email,New Product Launch,1466,8853,16,75,2.6,10.37,16784,1
6691,North America,Social Media,Discount,1897,7523,3,46,2.86,11.92,5229,1
6692,South America,Google Ads,New Product Launch,333,3007,44,50,4.52,3.05,17613,1
6693,Europe,Google Ads,Discount,1720,6125,32,89,3.39,7.22,2604,1
6694,Middle East,Influencer,Brand Awareness,141,3033,40,59,2.86,8.76,19709,1
6695,Middle East,Google Ads,New Product Launch,2911,1878,5,32,1.58,2.64,12051,1
6696,Asia,Email,New Product Launch,1260,1270,5,22,4.67,2.4,13875,0
6697,Europe,Google Ads,New Product Launch,584,582,36,55,3.58,7.01,15855,1
6698,Europe,Google Ads,Discount,3649,7855,38,102,1.54,10.18,12773,0
6699,North America,Google Ads,New Product Launch,212,8874,40,78,4.07,3.67,897,1
6700,North America,Social Media,New Product Launch,532,5483,46,114,2.2,4.48,14118,1
6701,Europe,Influencer,Discount,1144,4150,20,65,2.8,7.61,18840,1
6702,Middle East,Influencer,New Product Launch,4166,2948,13,112,2.96,8.8,17364,1
6703,Middle East,Social Media,Discount,1892,1531,34,62,3.87,8.7,15166,1
6704,Middle East,Google Ads,Brand Awareness,377,3707,6,47,2.31,3.33,11293,1
6705,Europe,TV Ads,Brand Awareness,136,5447,12,17,4.88,9.72,9216,1
6706,Asia,TV Ads,New Product Launch,908,2181,8,19,3.96,5.64,8074,1
6707,South America,Email,New Product Launch,2814,4166,4,40,4.68,6.65,7030,0
6708,Europe,Google Ads,New Product Launch,1330,8148,32,86,4.14,7.47,9109,1
6709,Middle East,Social Media,Brand Awareness,1053,953,28,105,2.94,10.99,9287,0
6710,Middle East,Google Ads,New Product Launch,1268,883,11,109,0.7,6.86,6186,1
6711,South America,TV Ads,New Product Launch,3988,6394,37,88,2.1,3.67,11485,0
6712,Middle East,TV Ads,New Product Launch,1711,1536,12,15,2.68,6.5,15941,1
6713,Middle East,TV Ads,Discount,4628,7966,13,71,3.87,2.51,9738,0
6714,Europe,Influencer,Discount,1502,5236,15,10,0.58,1.29,6130,1
6715,South America,Google Ads,New Product Launch,1926,3850,30,75,1.05,3.47,9115,1
6716,South America,Influencer,Discount,3636,5235,14,36,4.13,4.0,8644,0
6717,North America,Influencer,Brand Awareness,572,6996,23,50,3.04,6.0,3873,1
6718,South America,TV Ads,Brand Awareness,2238,4184,7,68,2.81,8.81,2078,1
6719,Middle East,Social Media,Brand Awareness,4467,2791,1,68,1.4,7.2,19808,1
6720,North America,Google Ads,Discount,567,8808,32,26,0.58,1.92,7187,0
6721,South America,Influencer,Discount,4635,3592,6,60,3.63,8.43,12506,1
6722,South America,Email,Brand Awareness,1391,5307,1,53,3.5,10.91,5816,1
6723,North America,Influencer,New Product Launch,1312,6843,21,68,4.08,8.4,6793,1
6724,Middle East,Social Media,Brand Awareness,1176,8755,16,53,1.47,6.96,10792,1
6725,South America,Email,Brand Awareness,1077,6289,36,46,3.0,9.18,13172,1
6726,Asia,Social Media,Brand Awareness,1693,4711,27,37,1.75,4.6,5964,1
6727,North America,Google Ads,Discount,4053,5474,38,31,4.23,7.65,3415,1
6728,Asia,Influencer,New Product Launch,1743,2525,46,94,3.01,5.47,7052,1
6729,Middle East,TV Ads,New Product Launch,4814,2303,30,88,1.78,3.63,6296,1
6730,Asia,TV Ads,New Product Launch,1138,553,36,75,3.03,9.2,13751,0
6731,Europe,Email,New Product Launch,1046,6612,8,67,0.95,3.36,14497,1
6732,Asia,Email,Discount,1852,3827,2,43,4.04,10.57,16208,0
6733,Middle East,Influencer,New Product Launch,1444,8121,25,61,3.03,2.43,9735,1
6734,Asia,Google Ads,Brand Awareness,526,3925,14,76,1.69,8.56,14455,1
6735,Middle East,Social Media,Discount,1407,4130,6,43,3.53,2.33,907,1
6736,North America,Social Media,Discount,482,1648,9,50,2.46,7.98,12187,0
6737,South America,Email,Brand Awareness,4112,7095,17,13,1.89,5.61,3111,1
6738,Middle East,Influencer,New Product Launch,139,1454,2,58,4.45,10.83,15370,0
6739,South America,Social Media,New Product Launch,2557,2987,45,33,2.09,10.71,5503,1
6740,North America,TV Ads,Brand Awareness,1631,3590,29,96,2.53,8.16,12373,1
6741,North America,Influencer,Brand Awareness,1777,6718,40,33,3.02,9.48,7083,1
6742,Asia,TV Ads,New Product Launch,578,5177,5,15,1.12,2.99,15296,0
6743,Asia,Email,Brand Awareness,3256,5145,33,72,4.99,7.26,8266,1
6744,Europe,Influencer,Brand Awareness,1168,6745,1,48,0.59,9.59,4527,0
6745,Middle East,TV Ads,Brand Awareness,1762,2215,30,49,3.36,6.69,10477,1
6746,Europe,Social Media,New Product Launch,2747,2747,36,44,2.23,5.78,10931,1
6747,Europe,TV Ads,Discount,3027,2900,46,10,4.22,5.53,2067,1
6748,South America,Social Media,Discount,4055,5982,12,8,2.46,11.27,11376,1
6749,Europe,Social Media,Discount,243,7980,36,63,3.9,2.06,16561,0
6750,South America,Social Media,Brand Awareness,4443,3014,13,116,4.71,2.06,7819,1
6751,North America,Email,New Product Launch,4858,421,48,6,2.01,4.77,11088,1
6752,North America,Google Ads,New Product Launch,4416,3943,23,86,3.26,8.07,10672,0
6753,South America,Google Ads,New Product Launch,909,6123,16,83,3.26,8.95,6445,1
6754,Asia,Influencer,Brand Awareness,758,5607,44,5,1.52,11.74,9681,0
6755,Europe,Google Ads,New Product Launch,1445,7118,42,103,1.59,2.01,4587,1
6756,South America,TV Ads,New Product Launch,4423,3535,7,8,1.6,9.89,17926,1
6757,South America,Email,New Product Launch,3953,5160,44,31,4.8,2.43,13868,1
6758,Middle East,Email,Discount,1582,4035,22,58,1.4,2.13,2566,0
6759,Middle East,Social Media,Brand Awareness,4289,8695,42,118,2.31,10.58,15988,1
6760,Europe,Google Ads,New Product Launch,4877,5874,39,66,4.83,6.33,19853,1
6761,Middle East,Google Ads,New Product Launch,1081,6257,18,115,4.96,5.01,14108,0
6762,Middle East,TV Ads,New Product Launch,1654,4377,3,28,4.07,11.3,5758,1
6763,North America,Google Ads,Discount,526,2012,46,49,0.58,9.62,3154,1
6764,Middle East,Email,New Product Launch,3966,6457,2,45,1.08,2.15,14094,1
6765,Europe,Google Ads,New Product Launch,3018,7367,16,33,4.55,6.27,6608,1
6766,Middle East,Email,Discount,3649,6170,7,94,0.57,7.56,4973,1
6767,Middle East,Google Ads,New Product Launch,3605,6258,41,31,1.14,3.44,8591,1
6768,Asia,TV Ads,Discount,3186,2825,17,114,2.36,11.32,15521,0
6769,Asia,Social Media,Discount,4844,5013,35,67,2.85,6.06,16905,1
6770,Europe,Social Media,Brand Awareness,4294,7041,47,66,2.51,3.71,11975,0
6771,Europe,Google Ads,Discount,230,8053,12,95,4.0,3.2,10968,1
6772,Middle East,Email,New Product Launch,1375,8246,9,26,3.69,10.14,741,1
6773,Asia,Influencer,Brand Awareness,3136,600,29,73,2.06,10.55,14103,0
6774,North America,Google Ads,Brand Awareness,1094,3434,22,22,4.65,3.88,9089,1
6775,North America,Google Ads,New Product Launch,4663,8149,31,97,2.55,10.88,19425,1
6776,North America,TV Ads,Brand Awareness,2488,3554,9,108,4.95,5.36,1289,0
6777,North America,Email,Brand Awareness,184,5917,30,17,1.95,1.07,3574,1
6778,North America,Social Media,New Product Launch,533,4194,36,113,3.93,11.75,3035,1
6779,South America,Social Media,Discount,3378,1859,34,26,4.07,4.94,11832,0
6780,Asia,Email,Brand Awareness,431,2541,36,9,0.61,6.12,3271,1
6781,Europe,Influencer,New Product Launch,3632,6706,5,109,0.76,3.68,10370,0
6782,Europe,Social Media,New Product Launch,2901,3495,6,61,4.16,2.27,16017,1
6783,Middle East,Google Ads,Brand Awareness,1775,2991,36,63,3.97,2.14,7676,0
6784,Middle East,Email,Discount,3182,6111,36,104,3.86,5.88,4386,1
6785,North America,Social Media,New Product Launch,3820,3680,10,101,0.95,2.3,17541,1
6786,South America,Google Ads,Brand Awareness,3344,8893,38,65,1.21,11.31,16423,0
6787,Europe,Email,Discount,655,4295,48,22,3.9,4.4,4108,1
6788,Europe,TV Ads,New Product Launch,536,7793,40,71,3.84,2.43,13537,1
6789,Europe,Email,Brand Awareness,1132,5759,30,63,2.11,2.12,16770,1
6790,South America,Email,Brand Awareness,4636,5887,33,67,3.79,6.24,6138,1
6791,Europe,Google Ads,Discount,691,1225,12,22,1.05,3.77,2017,1
6792,North America,TV Ads,Discount,1629,8578,33,5,4.45,1.59,3408,1
6793,North America,Email,New Product Launch,2503,7292,18,52,1.9,5.29,16680,0
6794,South America,Influencer,New Product Launch,4237,4593,7,106,2.86,9.99,12740,0
6795,Asia,Social Media,Discount,1342,391,11,76,1.01,7.39,13033,0
6796,Europe,Influencer,Brand Awareness,1297,822,18,116,1.58,11.77,16818,1
6797,South America,TV Ads,New Product Launch,2529,1721,44,89,1.62,4.38,19497,1
6798,North America,Influencer,New Product Launch,3153,2394,24,113,2.52,6.98,3247,0
6799,Europe,Email,New Product Launch,3376,4651,43,63,2.3,7.53,3009,0
6800,North America,Influencer,Discount,1674,4009,33,57,1.9,1.86,12365,0
6801,North America,TV Ads,New Product Launch,3820,4409,33,89,1.52,9.61,3343,1
6802,South America,TV Ads,Discount,3192,5878,49,32,0.71,11.76,14505,0
6803,Asia,TV Ads,Brand Awareness,1166,1462,18,112,1.69,6.31,16860,0
6804,Asia,Google Ads,Discount,2042,7479,45,56,4.44,1.35,19330,1
6805,Middle East,Social Media,Discount,2095,8455,27,5,0.94,9.1,16078,1
6806,Europe,Influencer,Brand Awareness,3121,7502,29,41,0.74,3.62,10931,1
6807,Middle East,Influencer,Discount,4216,5468,25,109,4.22,9.35,3505,1
6808,Asia,Google Ads,Brand Awareness,4636,8418,41,46,4.93,7.19,2104,1
6809,South America,Social Media,New Product Launch,3954,8065,27,46,0.56,6.29,18675,1
6810,North America,Social Media,Brand Awareness,4921,4471,11,33,0.58,6.68,8697,1
6811,Middle East,Google Ads,New Product Launch,3346,5662,5,85,1.7,6.26,4957,1
6812,North America,Influencer,New Product Launch,243,6929,32,94,2.62,5.35,17850,0
6813,Asia,Google Ads,Discount,2880,5751,7,11,4.15,6.35,14167,1
6814,South America,TV Ads,Brand Awareness,4808,3422,29,72,2.68,6.64,3865,1
6815,South America,Email,Discount,4907,5270,4,13,4.32,7.37,19223,1
6816,Asia,Google Ads,Discount,4684,2044,32,6,4.89,3.36,4840,1
6817,Europe,Google Ads,Brand Awareness,2271,1647,35,20,2.8,11.53,14508,1
6818,Asia,Email,New Product Launch,1333,6778,21,9,4.98,2.19,15925,0
6819,North America,Influencer,New Product Launch,3148,6123,15,47,3.49,7.49,3405,1
6820,South America,Google Ads,Discount,4939,3086,10,75,3.63,2.04,18940,0
6821,Europe,TV Ads,Brand Awareness,432,6783,6,42,3.78,7.19,6045,0
6822,Asia,TV Ads,New Product Launch,170,7116,2,26,1.89,3.7,13975,1
6823,South America,Influencer,New Product Launch,4677,2461,44,60,3.37,9.14,14129,1
6824,Middle East,Google Ads,Discount,4494,396,43,79,1.5,9.83,14163,1
6825,Middle East,TV Ads,New Product Launch,2321,539,2,110,3.51,10.43,8223,1
6826,North America,Influencer,Discount,1592,8353,31,45,1.59,8.23,4558,1
6827,Middle East,Google Ads,Discount,2818,3765,49,101,4.18,4.85,11346,0
6828,Middle East,Google Ads,New Product Launch,4912,1230,20,90,4.79,6.47,19417,0
6829,North America,TV Ads,Discount,4269,2524,46,119,3.55,9.83,16599,1
6830,Asia,Social Media,Discount,1851,5268,26,35,4.64,9.93,14170,0
6831,Asia,TV Ads,Brand Awareness,3556,4223,7,38,4.27,9.45,12357,0
6832,Europe,TV Ads,Discount,2943,4186,4,27,1.86,6.76,10221,0
6833,Europe,Google Ads,Brand Awareness,106,261,13,115,3.21,4.31,6118,1
6834,Europe,Influencer,Brand Awareness,713,7397,38,20,3.96,8.86,15862,0
6835,Europe,TV Ads,Brand Awareness,2355,5763,1,77,2.93,6.34,6690,0
6836,South America,TV Ads,Brand Awareness,3066,3258,1,89,3.72,3.98,2068,0
6837,North America,Social Media,Brand Awareness,547,3055,27,67,4.87,2.0,5505,0
6838,Europe,Social Media,Discount,2881,3854,35,116,2.98,5.45,1092,1
6839,Europe,Email,Brand Awareness,1899,485,36,34,4.6,11.53,18615,1
6840,Europe,Google Ads,Discount,1301,3342,17,54,3.66,9.32,4948,1
6841,Middle East,TV Ads,Discount,3884,4667,34,59,3.98,9.26,16977,1
6842,South America,Influencer,New Product Launch,751,6140,12,84,4.85,11.22,1071,0
6843,Asia,Google Ads,New Product Launch,1173,7131,16,99,1.01,6.64,13336,1
6844,South America,Influencer,New Product Launch,3314,7480,40,104,3.08,3.75,14201,1
6845,Europe,Email,Brand Awareness,4526,8200,37,89,0.9,5.95,4296,1
6846,South America,TV Ads,Discount,4425,4642,7,69,1.01,4.16,1350,1
6847,Asia,Influencer,Brand Awareness,4004,4871,13,5,4.11,10.36,758,0
6848,North America,Google Ads,New Product Launch,3083,3340,4,85,2.4,7.98,1514,0
6849,Europe,Google Ads,New Product Launch,4795,2217,17,5,4.56,6.43,17754,1
6850,Middle East,Email,Brand Awareness,3344,7032,15,84,1.61,9.21,2165,0
6851,North America,Influencer,New Product Launch,3179,5322,17,47,4.62,4.04,15226,1
6852,North America,Email,New Product Launch,4195,7982,23,59,3.13,5.38,15732,0
6853,Middle East,Social Media,Discount,3158,1465,3,61,4.19,5.72,16837,1
6854,North America,Google Ads,Brand Awareness,2572,2230,42,43,2.74,11.22,15085,1
6855,South America,TV Ads,Discount,2245,4376,1,42,1.26,11.62,7274,0
6856,Middle East,Influencer,Discount,1739,8380,12,18,3.86,11.95,13055,1
6857,South America,Email,Discount,416,4418,4,100,1.31,9.08,11418,1
6858,Asia,Email,New Product Launch,4402,4051,27,22,0.97,4.21,6776,1
6859,Asia,Google Ads,Discount,3983,8474,48,17,2.66,7.46,12723,1
6860,Europe,Social Media,New Product Launch,2266,7956,21,100,0.95,10.27,7577,1
6861,Middle East,TV Ads,Brand Awareness,3230,913,14,95,2.76,2.18,5832,1
6862,Asia,Influencer,Brand Awareness,940,7437,24,72,2.22,3.6,13291,0
6863,Asia,Social Media,New Product Launch,4752,5734,6,37,0.83,9.4,9002,1
6864,South America,Social Media,New Product Launch,2358,6795,2,89,0.73,4.75,11921,1
6865,Asia,Google Ads,Discount,4504,3904,20,108,0.57,11.68,12154,0
6866,North America,Social Media,Discount,3206,8409,41,103,1.41,5.41,17610,1
6867,Asia,Email,Brand Awareness,3157,5516,24,66,1.73,11.21,6604,1
6868,Middle East,Influencer,Brand Awareness,4862,2901,23,28,1.4,10.63,517,1
6869,Europe,Influencer,Brand Awareness,142,4360,46,117,2.63,9.37,13989,1
6870,North America,Influencer,New Product Launch,4443,8433,6,119,1.3,1.25,9163,0
6871,Asia,Social Media,Brand Awareness,552,2163,18,19,1.73,4.73,19797,1
6872,Middle East,Google Ads,New Product Launch,2502,1266,5,5,4.67,2.14,6600,1
6873,North America,Social Media,Discount,3850,4618,11,114,2.33,1.15,5418,1
6874,Europe,Email,Discount,3450,5226,48,67,4.92,4.51,6197,1
6875,South America,TV Ads,Discount,231,8350,34,79,1.02,10.36,13357,0
6876,Asia,Influencer,Brand Awareness,1083,1112,19,38,3.9,4.79,7918,1
6877,South America,TV Ads,Brand Awareness,1091,1613,28,73,4.85,8.15,15872,1
6878,Asia,Influencer,New Product Launch,1266,7062,2,69,1.88,11.36,19971,1
6879,South America,Email,Brand Awareness,1225,6966,33,58,2.56,7.01,10926,1
6880,South America,Email,Discount,1782,8233,43,56,2.7,5.92,6738,1
6881,South America,Email,Brand Awareness,3300,6560,25,48,3.97,7.88,15960,0
6882,South America,Google Ads,Brand Awareness,1335,522,28,32,4.68,5.38,15932,1
6883,South America,Social Media,Brand Awareness,3877,8890,43,83,3.98,2.94,4666,0
6884,South America,Social Media,New Product Launch,4733,8956,7,62,1.61,11.15,9093,0
6885,Europe,Email,Brand Awareness,3242,5953,16,67,1.63,10.83,13333,0
6886,Asia,Influencer,Brand Awareness,260,1403,4,9,4.9,1.2,7845,0
6887,Asia,Email,New Product Launch,694,711,4,90,4.29,1.22,4443,1
6888,North America,Google Ads,Discount,4075,8693,17,61,2.32,6.39,12462,0
6889,North America,Google Ads,New Product Launch,3176,509,48,7,2.5,10.25,2018,0
6890,North America,Social Media,Brand Awareness,3497,5377,24,5,2.75,5.35,18957,1
6891,Europe,Influencer,New Product Launch,4818,5490,11,50,1.83,11.09,8397,0
6892,North America,Google Ads,Discount,2068,1372,47,43,1.51,3.87,16395,1
6893,South America,Google Ads,Brand Awareness,446,3956,19,103,2.88,4.78,8298,1
6894,South America,Influencer,New Product Launch,3605,625,3,102,2.07,11.01,19392,1
6895,Middle East,TV Ads,New Product Launch,3525,3774,43,86,3.21,11.96,4579,1
6896,South America,Social Media,New Product Launch,2383,5780,41,67,1.12,11.38,4800,1
6897,Middle East,Influencer,New Product Launch,4422,4827,16,67,1.8,8.45,10638,1
6898,Asia,Google Ads,Brand Awareness,724,4804,7,84,1.16,11.2,19934,0
6899,Middle East,TV Ads,New Product Launch,4593,263,3,8,4.15,8.23,17030,1
6900,South America,Influencer,Brand Awareness,185,5474,45,101,2.41,10.63,15806,1
6901,Middle East,Email,Brand Awareness,2758,5932,15,47,0.87,1.57,9524,0
6902,South America,Email,Discount,768,6926,10,63,3.56,10.12,13867,1
6903,Europe,Influencer,Brand Awareness,1360,1028,43,39,3.72,10.73,8133,1
6904,Asia,TV Ads,New Product Launch,1398,5822,22,77,3.01,8.84,7217,0
6905,North America,Email,Brand Awareness,3531,3453,35,74,2.05,11.4,4827,0
6906,Europe,TV Ads,New Product Launch,3651,7321,23,30,0.92,6.45,14831,1
6907,Middle East,Influencer,New Product Launch,1079,6199,32,48,1.06,1.45,15635,1
6908,Middle East,Influencer,Brand Awareness,488,244,31,33,3.99,3.01,6735,1
6909,Middle East,Email,Brand Awareness,4409,8930,21,107,2.12,2.05,8419,1
6910,Asia,Email,New Product Launch,1819,4402,37,6,1.38,9.27,19525,1
6911,South America,Social Media,Discount,1975,2669,28,92,1.43,7.03,9708,1
6912,Asia,Google Ads,New Product Launch,2727,4823,24,77,4.78,11.13,1497,1
6913,Middle East,Google Ads,Brand Awareness,3356,6270,42,109,1.65,4.03,1659,1
6914,Middle East,Email,Discount,3376,7302,47,24,3.03,5.81,15663,0
6915,Asia,Email,Discount,1809,7720,33,54,2.88,7.78,16606,1
6916,South America,Google Ads,New Product Launch,4020,1966,12,13,2.81,5.26,18951,1
6917,South America,Email,New Product Launch,1365,2147,2,58,3.82,5.81,4768,1
6918,North America,Influencer,Brand Awareness,3676,8164,9,96,2.85,1.34,18605,1
6919,South America,TV Ads,Discount,2616,6899,40,33,1.78,6.72,9527,0
6920,Middle East,Google Ads,New Product Launch,2541,4505,38,31,3.26,3.85,12493,1
6921,Europe,TV Ads,New Product Launch,2586,3136,17,91,0.62,11.63,18265,0
6922,Middle East,Email,Discount,4900,5972,23,107,3.16,10.29,12603,1
6923,North America,TV Ads,New Product Launch,817,638,3,42,4.04,3.09,16075,0
6924,South America,TV Ads,Brand Awareness,2415,2475,33,41,0.58,7.79,10900,0
6925,North America,Social Media,Discount,857,3152,45,50,4.22,10.97,17154,1
6926,South America,Influencer,Discount,1900,6313,49,107,3.08,9.15,6003,1
6927,Europe,Google Ads,Brand Awareness,4497,3582,22,98,1.25,6.83,17470,1
6928,Asia,Google Ads,New Product Launch,2526,7630,34,50,4.22,10.76,3045,1
6929,Middle East,Influencer,New Product Launch,2819,1592,25,16,2.93,2.77,5341,1
6930,Europe,TV Ads,Discount,2150,1173,36,93,5.0,4.76,11035,1
6931,North America,Influencer,Discount,832,1693,40,45,1.45,10.84,16187,0
6932,Asia,Influencer,New Product Launch,2886,3006,9,118,1.92,7.51,6185,0
6933,North America,Email,Discount,2900,6794,22,33,3.98,9.06,11926,1
6934,North America,Influencer,New Product Launch,4256,1075,36,96,3.23,11.27,3169,1
6935,South America,Social Media,Discount,2465,1848,12,58,2.05,7.05,1554,1
6936,Europe,Influencer,Brand Awareness,1041,8634,38,21,4.47,6.89,5745,0
6937,Asia,Email,Brand Awareness,3639,2739,12,93,2.12,9.07,18176,1
6938,South America,Email,New Product Launch,3165,1726,27,99,1.76,3.36,1294,1
6939,South America,TV Ads,New Product Launch,1785,5972,33,87,3.4,9.39,13768,0
6940,Europe,Social Media,New Product Launch,148,1205,10,87,2.03,2.44,2572,0
6941,South America,Email,Brand Awareness,4080,1543,19,94,2.17,7.29,13693,0
6942,Europe,Social Media,Brand Awareness,3796,627,29,110,1.48,9.88,13320,1
6943,South America,TV Ads,Brand Awareness,2331,248,42,19,0.71,4.97,6425,0
6944,South America,Influencer,Brand Awareness,915,909,42,77,2.81,8.55,18349,0
6945,North America,Influencer,Discount,348,4126,14,6,4.91,8.56,18548,1
6946,North America,TV Ads,Brand Awareness,1126,2037,41,42,2.98,7.38,12527,1
6947,Europe,Influencer,Brand Awareness,951,1949,7,89,2.29,4.22,14537,0
6948,Middle East,Google Ads,New Product Launch,716,8857,6,9,4.9,4.71,18528,0
6949,Europe,Email,Brand Awareness,1359,3298,18,66,4.82,10.11,17235,1
6950,Asia,TV Ads,New Product Launch,3393,1186,2,72,3.96,5.83,4253,0
6951,Europe,Email,Brand Awareness,1611,6654,45,56,0.96,8.41,8969,1
6952,Middle East,Influencer,New Product Launch,931,8290,12,112,4.39,1.43,8180,1
6953,Middle East,Email,New Product Launch,2419,4275,14,117,0.69,6.94,9563,1
6954,North America,Social Media,Brand Awareness,4614,6129,8,72,1.29,2.94,17109,1
6955,Europe,Google Ads,Discount,4840,4361,27,60,4.28,8.83,15820,1
6956,South America,Email,Discount,1602,2181,13,89,4.77,4.31,4203,0
6957,Middle East,Google Ads,Brand Awareness,4454,7185,45,86,2.02,5.77,1789,1
6958,Europe,Google Ads,New Product Launch,2193,2766,48,88,1.19,2.65,10031,1
6959,Europe,Google Ads,Discount,334,3906,7,22,2.4,11.82,11230,1
6960,Asia,Email,New Product Launch,4888,8821,42,81,3.38,11.74,13555,1
6961,North America,TV Ads,Discount,2905,4336,43,32,0.84,5.46,11717,1
6962,South America,Email,Discount,570,2820,23,17,0.51,1.34,10890,1
6963,Middle East,Influencer,New Product Launch,4082,8749,13,89,0.65,1.05,5966,1
6964,Europe,TV Ads,Brand Awareness,3359,1651,32,37,2.25,9.73,4497,0
6965,South America,Email,Brand Awareness,4128,1777,7,20,4.03,3.25,13135,0
6966,Middle East,Email,New Product Launch,2177,5898,49,46,4.0,4.81,12208,1
6967,Europe,Email,Discount,1541,5703,9,86,0.89,1.95,17632,0
6968,North America,Google Ads,Discount,919,4853,48,94,1.34,9.48,12193,1
6969,Europe,Email,Brand Awareness,369,807,48,57,1.51,8.67,10570,1
6970,Middle East,Email,Discount,382,6491,27,46,1.4,10.61,15661,0
6971,Middle East,Social Media,New Product Launch,2156,3602,38,27,3.81,10.57,18965,1
6972,North America,Email,Discount,4224,8794,36,63,2.59,8.82,19861,0
6973,South America,Influencer,New Product Launch,411,6723,31,84,2.35,4.45,784,1
6974,Europe,Influencer,Discount,311,8527,9,90,1.46,10.81,8053,0
6975,South America,TV Ads,Brand Awareness,925,2084,3,113,4.01,11.86,6967,1
6976,Europe,Email,New Product Launch,2020,5496,23,12,2.57,2.66,2953,0
6977,South America,Google Ads,New Product Launch,4538,527,26,79,1.08,1.94,10091,0
6978,Middle East,Influencer,Discount,1934,6544,47,29,3.93,3.69,12612,0
6979,Asia,Social Media,New Product Launch,3639,3416,36,47,4.65,7.92,6242,1
6980,Asia,Social Media,Brand Awareness,1501,7727,22,108,0.97,11.74,13243,1
6981,Middle East,TV Ads,Discount,763,3010,13,65,1.92,11.8,18104,1
6982,Asia,Email,Brand Awareness,4760,5457,19,29,4.74,8.11,596,0
6983,South America,Social Media,Brand Awareness,3891,7613,17,15,3.93,9.86,17473,1
6984,Asia,TV Ads,Discount,1575,4948,44,105,3.95,10.53,11790,1
6985,Europe,Email,Brand Awareness,1673,4212,12,12,3.19,9.54,9388,1
6986,Middle East,Social Media,Brand Awareness,1104,505,41,101,3.81,7.23,5650,0
6987,South America,Social Media,Discount,4029,5219,40,115,4.2,9.42,9208,0
6988,North America,Google Ads,New Product Launch,4901,8682,31,59,2.7,9.29,13168,1
6989,North America,TV Ads,Discount,3316,4943,29,59,0.89,4.5,8913,1
6990,South America,TV Ads,Brand Awareness,3673,202,12,20,1.89,6.46,12116,1
6991,Europe,Google Ads,Brand Awareness,1066,1927,9,95,3.71,11.0,16399,1
6992,South America,Email,Brand Awareness,3310,5005,14,50,1.86,8.64,12284,0
6993,South America,Email,Brand Awareness,3014,3134,21,56,2.77,6.6,14919,0
6994,South America,Influencer,Discount,1559,5645,5,19,3.89,3.29,2531,0
6995,Europe,Influencer,New Product Launch,3500,4076,16,58,2.83,2.39,5226,0
6996,North America,Social Media,Discount,3946,3285,31,46,3.02,2.49,595,0
6997,Europe,Email,Discount,470,4151,26,74,3.9,8.87,7342,1
6998,Europe,Social Media,Discount,2887,1267,10,60,3.11,7.25,13287,1
6999,Asia,TV Ads,New Product Launch,4928,8438,42,94,3.94,11.46,16696,1
7000,South America,Google Ads,Brand Awareness,2009,2545,38,42,2.44,5.93,15355,1
7001,Middle East,Social Media,Brand Awareness,2186,1299,42,74,3.11,4.41,11280,0
7002,Asia,TV Ads,Brand Awareness,3615,1052,31,49,2.23,11.31,19158,1
7003,Middle East,Email,New Product Launch,2331,2741,21,22,4.61,9.07,4220,1
7004,Asia,TV Ads,New Product Launch,3985,4264,14,83,4.88,11.15,5101,0
7005,South America,TV Ads,Discount,4527,5164,41,25,4.03,6.93,18510,1
7006,South America,Social Media,Brand Awareness,4169,5347,12,115,0.53,1.75,7670,1
7007,Europe,Google Ads,Brand Awareness,2915,1829,12,24,0.53,3.51,13659,1
7008,Europe,Social Media,Discount,2720,1849,22,73,0.98,5.67,3141,1
7009,Middle East,Social Media,Discount,2213,3080,32,114,3.63,4.57,2642,0
7010,Middle East,Social Media,Brand Awareness,1675,3383,28,13,4.88,1.64,14651,1
7011,Asia,TV Ads,Discount,3058,1794,35,79,2.5,9.56,15829,1
7012,Europe,TV Ads,Brand Awareness,2321,4638,5,64,3.11,8.36,17469,1
7013,Asia,Google Ads,New Product Launch,1387,4678,40,29,4.01,4.82,9334,0
7014,Asia,Email,Brand Awareness,2976,2052,36,112,1.1,6.93,5011,1
7015,South America,Email,Discount,4685,7692,4,86,4.18,7.78,1172,1
7016,South America,TV Ads,Discount,1108,3543,16,100,3.55,8.33,3299,1
7017,South America,Google Ads,Discount,858,7746,30,11,4.35,4.25,15331,0
7018,South America,Influencer,Discount,3206,6476,43,89,3.77,9.01,12595,1
7019,Middle East,TV Ads,Brand Awareness,3640,4281,49,54,4.84,1.2,6850,1
7020,North America,TV Ads,Brand Awareness,2991,8037,47,98,3.62,6.45,14926,1
7021,Middle East,Google Ads,New Product Launch,1593,2502,29,110,2.51,4.39,9220,1
7022,Middle East,Influencer,Brand Awareness,388,6056,14,109,3.61,3.72,2345,1
7023,Asia,Influencer,Discount,774,4962,12,25,1.25,11.0,16952,0
7024,Europe,Google Ads,Discount,2077,6676,19,109,1.82,4.0,2452,1
7025,Middle East,Email,New Product Launch,891,5014,47,46,3.61,7.27,8478,1
7026,South America,Social Media,Brand Awareness,2492,8779,14,12,0.99,7.97,12272,1
7027,South America,Email,Discount,753,8179,2,103,1.24,3.03,5367,0
7028,South America,Google Ads,Discount,3612,1345,24,46,3.34,6.49,15095,1
7029,North America,Influencer,Brand Awareness,2419,1785,40,65,2.56,8.38,8610,1
7030,Asia,Influencer,Discount,1410,6585,48,59,4.12,2.95,15987,0
7031,Europe,Google Ads,Brand Awareness,3285,4465,20,15,2.49,4.69,16364,1
7032,Middle East,Influencer,Brand Awareness,3767,6525,40,32,1.53,2.61,1259,0
7033,Europe,Social Media,Brand Awareness,268,8110,27,86,1.1,10.2,2743,1
7034,South America,TV Ads,Discount,4764,2878,1,78,3.33,4.06,12719,0
7035,Asia,TV Ads,New Product Launch,3631,1097,23,117,0.98,5.2,13944,1
7036,Asia,Social Media,Brand Awareness,4573,7460,49,31,3.98,1.57,1543,1
7037,Europe,TV Ads,New Product Launch,3736,4527,19,77,2.93,11.33,1250,1
7038,Asia,TV Ads,Discount,1780,1918,2,13,4.32,5.31,19212,1
7039,Asia,Email,Discount,3129,6747,35,38,0.68,5.93,3048,1
7040,North America,TV Ads,Discount,2428,2708,21,54,1.59,9.07,1600,1
7041,Asia,Influencer,New Product Launch,3012,1621,4,81,3.55,2.48,2449,1
7042,Europe,Social Media,New Product Launch,511,459,48,85,0.7,10.12,5061,1
7043,North America,Influencer,Discount,1288,7803,36,15,3.1,6.97,14946,0
7044,Asia,Influencer,New Product Launch,3735,2393,12,5,2.35,3.17,9888,1
7045,North America,Email,Brand Awareness,2199,561,4,106,2.1,6.03,15775,1
7046,Middle East,Email,Brand Awareness,559,8456,27,118,1.0,6.05,13044,1
7047,Asia,Social Media,Discount,1380,5009,36,33,2.13,5.49,17623,1
7048,Asia,TV Ads,Brand Awareness,2740,6591,43,59,3.56,6.77,1983,0
7049,North America,Google Ads,New Product Launch,1209,5087,2,62,3.04,1.93,17692,1
7050,Asia,Social Media,Brand Awareness,4458,6578,44,106,2.72,11.06,6405,1
7051,Asia,Influencer,Discount,159,2033,21,84,4.4,9.99,17455,0
7052,Europe,Google Ads,Discount,713,6853,25,92,1.22,8.53,18647,0
7053,South America,Google Ads,Brand Awareness,4427,7013,30,105,4.8,8.89,17793,1
7054,Europe,Google Ads,Brand Awareness,4144,3985,41,68,4.14,9.7,16013,0
7055,South America,Influencer,Brand Awareness,4198,8922,11,8,3.33,1.99,15765,1
7056,Europe,Google Ads,New Product Launch,3814,3710,12,106,2.86,2.51,4792,1
7057,South America,TV Ads,New Product Launch,2247,3320,48,85,0.52,5.38,12974,0
7058,Middle East,Social Media,New Product Launch,2558,7804,22,12,3.92,3.26,4052,1
7059,Middle East,Social Media,Discount,931,7510,8,31,4.08,2.13,9741,1
7060,Asia,TV Ads,Brand Awareness,1207,1237,26,22,3.99,2.08,6431,0
7061,North America,Google Ads,Discount,849,2556,34,85,3.07,6.16,5212,1
7062,South America,Email,Brand Awareness,2995,822,3,71,3.06,10.96,14732,0
7063,Europe,Social Media,Brand Awareness,818,490,26,101,3.35,11.09,2154,1
7064,Europe,Google Ads,Discount,3829,6325,18,112,3.41,5.22,11376,1
7065,Europe,Email,Discount,4813,2294,44,57,3.61,10.71,16681,1
7066,North America,Google Ads,Brand Awareness,4845,4414,37,95,3.81,2.9,15068,1
7067,Asia,Influencer,New Product Launch,441,2388,36,12,2.83,9.97,15160,1
7068,Europe,Influencer,Brand Awareness,1249,5263,16,7,4.23,4.76,7730,1
7069,Europe,Google Ads,Discount,683,2335,42,37,2.41,3.1,5901,1
7070,Europe,Social Media,Discount,2335,2199,38,80,4.61,7.3,2787,1
7071,Europe,Social Media,Brand Awareness,4879,8527,13,41,1.03,4.3,15419,1
7072,Asia,Email,New Product Launch,4532,635,44,8,1.16,8.97,14191,1
7073,South America,Influencer,Brand Awareness,3109,2723,25,78,1.44,6.41,11567,1
7074,Asia,TV Ads,Discount,557,4491,34,62,2.91,8.25,2119,1
7075,South America,Social Media,New Product Launch,1631,2031,27,72,2.45,9.23,10782,1
7076,Europe,Google Ads,Discount,286,2782,29,105,4.75,2.82,5064,1
7077,Asia,Social Media,Brand Awareness,1391,6072,1,14,2.83,7.91,17416,1
7078,Europe,Social Media,Discount,1763,3979,11,82,0.76,5.52,2304,1
7079,North America,Social Media,Discount,4999,7042,41,15,3.8,8.91,8438,0
7080,North America,Google Ads,New Product Launch,425,4028,6,47,1.18,9.73,12739,0
7081,Asia,Social Media,Brand Awareness,1741,6984,3,15,1.47,10.89,17401,1
7082,Asia,Social Media,New Product Launch,3196,3773,35,109,3.12,9.82,11687,1
7083,North America,Google Ads,Brand Awareness,2849,901,18,59,4.86,10.46,12391,1
7084,Middle East,Email,Discount,2463,2781,3,58,0.67,6.57,9394,0
7085,North America,Social Media,Brand Awareness,1546,5128,18,73,4.39,9.48,12257,0
7086,Asia,Email,Brand Awareness,613,4019,8,81,2.97,8.18,2673,1
7087,South America,TV Ads,Discount,4809,6360,5,110,1.81,1.09,16219,1
7088,South America,Social Media,Brand Awareness,672,8533,42,65,2.6,5.54,3172,1
7089,North America,Influencer,Discount,3934,3078,31,94,2.35,4.93,6788,1
7090,Asia,Email,Discount,611,2732,33,14,1.46,3.27,11561,1
7091,Asia,Influencer,New Product Launch,2109,6087,41,115,4.07,3.99,11493,1
7092,South America,Social Media,Discount,4801,5424,30,78,3.35,5.86,14346,1
7093,South America,Influencer,New Product Launch,2918,7761,35,38,2.22,7.64,18122,0
7094,South America,Influencer,New Product Launch,4902,1364,43,51,4.99,11.8,10299,0
7095,Middle East,Email,Discount,3089,7185,12,55,3.31,11.25,10973,1
7096,Asia,Google Ads,New Product Launch,1158,1339,4,97,0.61,1.72,9663,1
7097,Middle East,Social Media,Discount,3457,7905,30,16,1.0,3.72,10534,1
7098,Europe,Google Ads,Brand Awareness,3133,2814,4,112,0.7,3.01,2822,0
7099,North America,Social Media,Discount,4456,8527,3,35,2.32,4.59,1404,1
7100,South America,TV Ads,New Product Launch,2478,402,18,111,1.78,3.02,12456,1
7101,Asia,Social Media,New Product Launch,4388,1441,4,17,1.04,10.82,1306,1
7102,Europe,Google Ads,Discount,1733,3396,49,65,2.26,1.42,19580,1
7103,Middle East,TV Ads,Discount,3320,1097,18,95,3.1,10.42,5004,1
7104,Asia,Influencer,New Product Launch,4355,1361,7,69,0.83,9.74,19239,1
7105,South America,Email,Brand Awareness,3978,4916,8,79,1.13,9.35,7329,1
7106,North America,Google Ads,Brand Awareness,105,8088,44,46,1.57,4.7,13079,0
7107,Europe,Social Media,Discount,4412,3209,14,56,3.07,9.06,9563,1
7108,North America,Google Ads,Discount,3557,7489,19,82,4.55,1.54,18203,1
7109,North America,Google Ads,Brand Awareness,2335,8818,5,53,3.1,8.0,16690,1
7110,North America,Email,Brand Awareness,2340,8461,21,103,2.96,1.99,8104,0
7111,South America,TV Ads,Discount,4448,418,34,43,0.76,4.69,5178,1
7112,Middle East,Influencer,New Product Launch,4184,6979,21,96,3.37,9.78,16743,1
7113,Europe,Influencer,Brand Awareness,777,5550,13,43,4.9,11.4,15951,1
7114,Middle East,TV Ads,Discount,2223,5870,37,110,1.94,7.84,6512,1
7115,Middle East,Email,New Product Launch,4438,6441,29,67,2.82,2.96,2128,0
7116,South America,Social Media,Brand Awareness,387,6817,12,41,3.13,2.62,10725,0
7117,South America,Google Ads,Discount,588,2931,14,16,4.42,6.95,13485,1
7118,Asia,Social Media,Brand Awareness,1694,3817,36,40,3.79,7.25,8805,1
7119,Middle East,Influencer,New Product Launch,1374,1756,38,39,2.21,2.85,9823,0
7120,Europe,TV Ads,Brand Awareness,1000,7067,5,119,2.08,2.27,2586,1
7121,Middle East,Google Ads,New Product Launch,102,4378,38,26,3.03,4.19,10584,1
7122,North America,Google Ads,Brand Awareness,3401,4559,49,33,1.32,11.35,18797,0
7123,South America,Influencer,Brand Awareness,987,7008,21,45,0.9,4.53,12786,0
7124,North America,Email,Discount,3857,7523,28,103,2.39,5.57,2377,1
7125,Middle East,Google Ads,Discount,230,4644,3,94,1.29,4.68,10929,1
7126,North America,Social Media,Discount,2183,2956,27,90,4.45,1.29,19194,1
7127,Middle East,Email,New Product Launch,4999,5209,14,113,1.29,9.44,7832,1
7128,South America,Influencer,New Product Launch,4225,479,1,104,1.59,8.38,18563,1
7129,North America,Email,Brand Awareness,1640,8463,33,83,0.54,9.91,5987,0
7130,North America,Social Media,Brand Awareness,3682,1491,20,40,3.33,8.42,8840,0
7131,Europe,TV Ads,New Product Launch,2205,3974,1,39,2.86,9.3,2826,0
7132,Europe,Email,New Product Launch,1763,7902,1,109,1.39,10.81,1956,1
7133,Europe,Email,New Product Launch,4276,7864,8,77,1.28,6.38,14987,1
7134,Europe,Influencer,New Product Launch,3086,6053,17,100,2.43,11.28,14902,1
7135,Asia,Google Ads,New Product Launch,2750,5630,36,12,3.39,11.8,3800,1
7136,Middle East,TV Ads,Brand Awareness,3719,3626,48,96,2.55,6.78,2159,1
7137,North America,TV Ads,Discount,142,7808,44,85,1.02,7.3,13347,1
7138,South America,Influencer,Discount,244,3213,18,16,0.89,11.72,8990,1
7139,Europe,Social Media,Discount,1050,988,24,40,3.07,2.56,1205,0
7140,North America,Influencer,Brand Awareness,4003,3969,44,30,2.02,7.71,13447,1
7141,Middle East,Email,New Product Launch,2600,5202,26,107,2.72,6.41,14735,1
7142,North America,Email,New Product Launch,4051,1806,43,66,2.64,9.59,12125,0
7143,Asia,Email,Brand Awareness,2402,5206,22,15,2.78,1.05,6164,1
7144,South America,Email,Brand Awareness,1146,5047,20,62,4.43,8.43,6288,0
7145,North America,Google Ads,New Product Launch,934,4811,40,98,3.84,3.89,9867,1
7146,Europe,Influencer,Brand Awareness,4484,7937,16,44,1.24,10.54,2944,1
7147,North America,Influencer,Brand Awareness,1754,5844,2,30,4.08,3.28,15899,1
7148,Asia,Google Ads,New Product Launch,2336,7565,49,62,1.86,6.93,2061,1
7149,Asia,Influencer,Brand Awareness,1877,4493,7,46,0.65,7.02,5465,1
7150,Middle East,Influencer,Discount,2240,4883,47,33,2.74,10.25,13696,0
7151,North America,Social Media,New Product Launch,3187,6646,23,16,2.52,6.12,17454,1
7152,South America,Email,New Product Launch,3917,4537,44,26,3.3,8.51,6823,1
7153,South America,Email,Brand Awareness,2193,652,40,119,3.94,10.21,3178,1
7154,North America,Influencer,Brand Awareness,3633,1488,1,55,4.72,4.0,9917,1
7155,Asia,TV Ads,Discount,2816,5334,2,31,4.6,3.89,12309,1
7156,South America,Influencer,Discount,1465,294,48,9,3.86,9.52,15472,1
7157,North America,TV Ads,New Product Launch,2870,6868,26,18,1.75,7.69,7458,1
7158,Middle East,Google Ads,Discount,575,6028,10,80,2.64,10.64,831,0
7159,North America,Influencer,Discount,4030,2189,41,96,2.07,10.6,14116,1
7160,North America,TV Ads,Discount,2645,6419,16,9,2.91,1.71,14813,1
7161,North America,Google Ads,New Product Launch,2400,2067,12,104,3.49,11.77,1534,1
7162,Europe,Google Ads,Brand Awareness,1837,749,15,63,4.27,5.86,1922,1
7163,Europe,Social Media,New Product Launch,4210,8123,5,14,1.28,9.85,8981,1
7164,Middle East,Influencer,New Product Launch,2086,2643,6,18,3.82,3.41,8571,1
7165,Middle East,Influencer,New Product Launch,3947,1943,38,30,2.49,3.19,7434,1
7166,Europe,Social Media,Discount,1876,1769,26,69,3.54,6.37,8277,1
7167,South America,Influencer,Discount,4528,8669,24,54,1.82,10.34,13585,1
7168,North America,Email,Brand Awareness,4687,835,22,63,4.7,1.49,17463,1
7169,Middle East,TV Ads,New Product Launch,1637,6270,34,12,2.12,7.64,6390,1
7170,Europe,Google Ads,Discount,2186,4028,1,44,1.75,2.21,17239,1
7171,Europe,TV Ads,Discount,830,3946,47,78,2.94,10.8,1036,1
7172,Europe,Influencer,New Product Launch,100,6941,28,89,3.97,8.18,5753,1
7173,Middle East,Google Ads,Brand Awareness,3681,8928,34,73,4.56,4.58,15294,1
7174,Middle East,Influencer,Brand Awareness,4477,3907,13,19,4.64,6.55,2346,1
7175,Middle East,Influencer,Discount,4442,7025,45,87,0.56,5.82,10048,1
7176,South America,TV Ads,New Product Launch,3835,4330,3,20,0.63,11.85,15641,0
7177,Middle East,Social Media,Brand Awareness,1278,5834,37,73,2.09,8.93,1824,1
7178,Europe,Social Media,Brand Awareness,3792,1838,41,83,3.09,9.34,5355,1
7179,North America,Social Media,Brand Awareness,868,706,22,8,1.08,1.63,7570,0
7180,Europe,TV Ads,Brand Awareness,4828,2264,12,45,4.53,3.98,17882,1
7181,North America,Google Ads,Discount,2263,4327,12,45,4.47,2.32,10111,0
7182,South America,Influencer,Discount,2945,4448,29,67,2.59,2.8,18326,1
7183,Europe,TV Ads,Discount,836,1630,12,55,3.71,6.17,8297,1
7184,Asia,Email,New Product Launch,4147,3481,3,71,2.4,8.38,19289,1
7185,South America,Google Ads,Brand Awareness,2361,4511,37,76,1.62,3.84,9419,1
7186,Middle East,TV Ads,Discount,4333,6718,31,48,0.93,2.44,2633,1
7187,Middle East,Google Ads,Discount,4186,585,43,25,0.77,2.35,15302,0
7188,North America,Social Media,Discount,3423,7271,38,21,2.4,8.52,10314,1
7189,Middle East,TV Ads,New Product Launch,2296,6665,37,21,2.27,2.55,19867,1
7190,Europe,Influencer,New Product Launch,2605,5110,8,80,1.81,8.97,1058,1
7191,Europe,Email,New Product Launch,2387,6497,49,91,2.46,11.41,8546,1
7192,Middle East,Email,Brand Awareness,4570,5369,31,83,2.63,5.94,9596,1
7193,Asia,Email,New Product Launch,2395,8957,9,108,4.48,7.45,5649,1
7194,Asia,Influencer,Discount,2552,8376,37,70,4.71,9.41,1953,1
7195,South America,TV Ads,Brand Awareness,308,3028,47,27,3.13,6.39,9414,0
7196,Middle East,Email,Brand Awareness,2544,5717,18,26,0.53,7.52,11245,1
7197,Asia,Google Ads,New Product Launch,416,1404,19,87,2.7,9.02,8003,0
7198,Middle East,Influencer,Brand Awareness,4767,4154,24,94,0.83,11.33,4835,1
7199,South America,Influencer,Discount,2294,1564,30,75,3.37,10.36,5320,0
7200,Middle East,Email,Discount,3111,5359,29,20,3.82,9.76,4827,0
7201,North America,TV Ads,Brand Awareness,1468,1439,48,59,2.86,3.45,19926,0
7202,Middle East,TV Ads,Brand Awareness,2939,7166,37,111,2.82,5.43,12332,1
7203,Europe,TV Ads,Brand Awareness,1367,4610,26,7,1.77,8.91,13481,1
7204,Asia,Influencer,Discount,4311,5495,36,15,3.67,1.29,19946,1
7205,North America,Email,New Product Launch,4328,3504,47,26,4.46,6.03,19583,1
7206,North America,Social Media,Brand Awareness,2918,7967,4,110,2.56,9.25,5346,1
7207,Europe,Influencer,Brand Awareness,2384,2555,18,86,1.67,7.86,2070,1
7208,Europe,Social Media,Discount,1380,8590,2,54,4.26,7.89,3793,0
7209,North America,Google Ads,Brand Awareness,4353,8108,17,97,2.58,1.63,10246,1
7210,Europe,Google Ads,Brand Awareness,3872,6166,35,82,3.13,1.93,4686,0
7211,North America,Google Ads,Brand Awareness,4961,2396,20,8,1.4,7.77,18397,1
7212,Asia,Email,Brand Awareness,427,2743,36,60,2.75,9.1,9888,0
7213,Middle East,Social Media,New Product Launch,555,2491,44,97,4.72,5.92,9155,1
7214,North America,Email,Discount,540,8066,28,9,1.93,7.27,3592,1
7215,South America,TV Ads,Discount,4634,3040,14,90,2.39,4.34,16957,0
7216,Middle East,Google Ads,New Product Launch,209,446,27,25,2.04,7.87,14070,0
7217,South America,Influencer,Discount,672,3943,16,70,2.25,11.63,4905,0
7218,Europe,Google Ads,Brand Awareness,3380,6976,47,29,1.53,8.12,11701,1
7219,North America,Social Media,New Product Launch,2905,420,11,98,3.48,8.23,7755,1
7220,Middle East,Social Media,New Product Launch,1830,2960,47,77,2.87,4.88,9330,1
7221,North America,Email,Discount,1989,3990,10,19,0.5,10.05,12566,1
7222,South America,Social Media,Brand Awareness,424,505,47,101,4.32,10.93,6786,1
7223,Asia,TV Ads,Discount,3737,5209,40,66,3.74,10.88,11979,0
7224,North America,Social Media,Brand Awareness,4873,8320,7,79,2.94,7.61,1649,1
7225,Middle East,Influencer,New Product Launch,1531,3641,14,66,4.97,4.72,10649,0
7226,Europe,Influencer,Discount,4699,1565,24,99,2.56,7.5,10525,1
7227,Middle East,Influencer,New Product Launch,239,3295,32,53,0.69,4.62,4334,1
7228,Asia,Google Ads,New Product Launch,924,2738,6,64,1.16,7.5,17879,1
7229,Asia,Google Ads,Discount,2718,6664,44,25,1.38,11.0,13045,0
7230,South America,Influencer,New Product Launch,1219,3613,13,111,3.71,6.19,8375,0
7231,Asia,Google Ads,Discount,1283,1441,27,13,1.38,1.88,18882,1
7232,North America,Influencer,Brand Awareness,1826,7164,16,76,3.05,1.38,10312,1
7233,South America,Influencer,New Product Launch,2391,5029,29,110,4.73,10.34,18186,1
7234,Europe,Google Ads,Discount,1609,7449,13,65,3.37,5.84,4904,1
7235,South America,Email,Discount,1934,6004,34,43,3.52,6.69,17410,1
7236,North America,Influencer,Discount,1500,4206,26,93,4.02,7.06,18252,1
7237,South America,Email,Brand Awareness,2291,5212,34,56,3.4,4.28,4021,1
7238,Asia,TV Ads,Discount,3443,8314,32,76,1.47,8.13,1667,1
7239,Middle East,Google Ads,New Product Launch,4483,8874,11,118,1.94,8.48,14747,1
7240,Europe,Social Media,New Product Launch,2912,1465,15,32,3.53,7.01,18753,0
7241,Asia,Google Ads,New Product Launch,960,7279,35,106,4.96,3.19,11089,0
7242,Europe,Social Media,New Product Launch,317,4171,9,91,1.82,4.48,12072,1
7243,Middle East,TV Ads,New Product Launch,2872,6713,7,69,3.31,8.8,18626,1
7244,Asia,TV Ads,Discount,1801,5396,38,54,1.32,9.01,18543,1
7245,North America,Influencer,Brand Awareness,3754,3105,25,90,0.52,7.92,3923,1
7246,North America,Google Ads,Discount,775,2923,19,44,3.97,2.04,2781,0
7247,Europe,Social Media,New Product Launch,1122,6776,37,70,0.76,10.26,5257,0
7248,North America,Email,Brand Awareness,2628,4980,9,112,3.27,10.23,12830,1
7249,Middle East,Influencer,Discount,803,3674,13,34,2.2,11.72,12903,1
7250,North America,Social Media,Discount,3043,6911,27,90,4.4,5.22,18994,1
7251,Asia,TV Ads,New Product Launch,1444,1877,17,89,3.04,3.07,15670,1
7252,Asia,Email,Brand Awareness,3277,6007,30,111,3.4,4.26,9630,1
7253,Middle East,Email,Discount,4475,8833,35,41,2.98,10.8,3726,1
7254,Asia,TV Ads,Discount,2405,4693,44,40,2.57,5.59,3766,1
7255,Asia,Influencer,Brand Awareness,1869,2197,29,62,3.51,11.66,15892,1
7256,Asia,TV Ads,Discount,3868,8454,27,46,2.82,10.22,5436,1
7257,Asia,Social Media,Brand Awareness,1038,3444,37,10,2.99,9.87,7743,1
7258,Europe,TV Ads,Discount,1461,1529,29,102,2.25,2.36,6538,1
7259,Europe,TV Ads,New Product Launch,3379,997,18,32,4.94,1.16,2102,1
7260,Europe,Influencer,New Product Launch,2559,7108,37,10,3.44,3.87,12541,1
7261,South America,Social Media,Discount,587,973,29,27,3.84,8.38,5364,1
7262,North America,Google Ads,New Product Launch,4750,824,24,59,0.64,4.65,15517,1
7263,Middle East,Social Media,Discount,3454,4850,25,26,4.08,2.92,14893,1
7264,North America,TV Ads,Discount,4304,2338,19,56,2.54,5.37,4342,1
7265,Middle East,Google Ads,New Product Launch,4313,1780,17,46,0.59,4.93,3142,0
7266,Asia,Email,Brand Awareness,1146,4600,23,91,3.94,7.45,14475,1
7267,North America,Influencer,New Product Launch,3077,6752,3,90,4.07,3.95,11935,1
7268,Europe,TV Ads,Brand Awareness,443,7087,2,14,3.63,2.76,12343,0
7269,Middle East,Google Ads,Brand Awareness,4835,5770,46,86,3.63,2.61,9720,1
7270,Asia,Email,Brand Awareness,293,8095,22,98,2.69,3.77,18180,0
7271,North America,Email,Discount,343,244,31,20,2.2,11.02,5509,1
7272,Asia,TV Ads,Discount,4362,6527,32,30,1.31,8.61,16005,1
7273,Europe,Social Media,Discount,4785,7708,45,31,1.75,6.37,6297,1
7274,Asia,Email,Brand Awareness,4506,5153,37,108,0.72,7.93,11731,1
7275,Middle East,Google Ads,Discount,2117,8250,15,17,2.08,9.67,18977,1
7276,Middle East,Influencer,Discount,4050,6647,24,35,3.94,9.01,5083,1
7277,Middle East,TV Ads,New Product Launch,1190,4401,14,66,1.66,11.4,2035,1
7278,North America,Social Media,Discount,3923,6736,40,23,1.83,9.48,6844,1
7279,South America,Email,Brand Awareness,3468,2515,48,85,1.8,6.46,10516,0
7280,Asia,Google Ads,New Product Launch,3026,6613,31,65,4.13,3.14,13665,1
7281,North America,Influencer,Brand Awareness,2845,6096,28,72,1.42,6.33,2553,1
7282,North America,Influencer,Brand Awareness,1309,1515,17,71,2.93,11.84,2293,1
7283,Asia,Influencer,Brand Awareness,1120,8850,27,71,0.5,9.87,15611,1
7284,Middle East,Social Media,Brand Awareness,1229,4553,37,9,3.95,10.33,10512,1
7285,South America,Google Ads,Brand Awareness,2783,8385,28,62,4.91,10.17,4870,1
7286,South America,Email,New Product Launch,4389,5488,26,67,3.26,5.18,17667,1
7287,North America,Influencer,Discount,4250,5049,26,84,1.21,1.86,19400,0
7288,Middle East,Social Media,New Product Launch,4887,1633,31,33,3.9,8.0,12079,1
7289,South America,Influencer,New Product Launch,1638,3603,21,38,3.62,10.59,9751,1
7290,Asia,Influencer,New Product Launch,2913,3827,16,76,2.3,7.92,12890,1
7291,Europe,Email,Discount,782,7225,44,100,2.47,7.23,17410,0
7292,Middle East,Social Media,Brand Awareness,1309,6783,43,29,1.66,6.3,609,0
7293,Asia,Social Media,Discount,4832,4034,4,84,4.34,4.25,725,1
7294,Asia,Social Media,Discount,4604,593,13,114,3.46,8.43,18945,0
7295,North America,Social Media,New Product Launch,250,4269,48,76,3.69,5.31,2557,1
7296,Asia,Email,Discount,3187,4850,33,88,1.52,10.14,12295,1
7297,Middle East,TV Ads,Brand Awareness,1687,8447,10,113,4.41,4.43,7341,1
7298,Middle East,Social Media,Discount,592,5517,18,29,3.3,9.09,7125,1
7299,Middle East,Google Ads,Discount,4388,8267,26,17,1.3,1.63,10680,1
7300,Middle East,Social Media,New Product Launch,262,2086,36,41,2.16,9.3,9140,1
7301,North America,Email,New Product Launch,3364,701,25,97,3.66,2.73,19776,1
7302,North America,Influencer,New Product Launch,779,6152,44,109,1.38,5.7,6557,0
7303,Asia,Google Ads,Discount,3249,2098,44,106,2.35,8.99,18191,1
7304,Europe,Google Ads,New Product Launch,2169,5408,4,72,0.8,6.41,10148,0
7305,Asia,Email,Brand Awareness,3589,1718,47,99,1.26,1.53,2231,0
7306,Asia,Google Ads,Brand Awareness,4574,4282,40,22,1.45,10.15,16947,0
7307,South America,TV Ads,New Product Launch,1198,1669,1,47,1.7,9.08,2426,0
7308,Europe,Influencer,Brand Awareness,3364,3274,40,96,3.42,5.45,9870,0
7309,Europe,Social Media,Brand Awareness,2295,3482,45,30,4.99,2.04,10255,0
7310,South America,Influencer,Discount,3333,6493,47,116,1.53,6.72,8207,1
7311,South America,Influencer,Discount,4889,5125,4,30,2.64,6.9,713,1
7312,North America,Social Media,Brand Awareness,1245,3630,36,28,4.59,11.79,9642,0
7313,Middle East,Email,Brand Awareness,1120,8489,47,95,4.61,8.43,4099,1
7314,Europe,Google Ads,Brand Awareness,1437,7710,41,77,2.24,6.5,11831,0
7315,Asia,Influencer,Brand Awareness,817,4337,12,91,1.36,7.13,2194,0
7316,Middle East,Influencer,New Product Launch,4774,5349,21,71,3.69,7.15,2707,1
7317,Asia,Influencer,New Product Launch,2154,4178,5,49,2.48,4.02,2640,0
7318,Asia,Influencer,New Product Launch,1249,4673,12,40,2.45,6.51,8723,0
7319,South America,Influencer,Discount,4569,2095,37,54,0.83,10.21,19903,1
7320,South America,Social Media,Discount,4326,6088,23,87,0.93,10.24,1053,1
7321,Middle East,Google Ads,Brand Awareness,3545,2081,15,58,1.34,7.18,18554,1
7322,Middle East,Influencer,Discount,1413,5869,22,49,4.45,8.14,9342,0
7323,Europe,TV Ads,Brand Awareness,1105,399,41,78,2.08,10.48,9360,0
7324,Europe,Email,Brand Awareness,3873,2254,7,41,1.01,3.23,4191,1
7325,Middle East,Social Media,New Product Launch,4312,8822,12,117,3.21,9.9,3642,1
7326,South America,Email,Brand Awareness,4345,3062,27,80,1.62,4.43,10993,0
7327,South America,Email,Discount,2957,7122,38,24,2.27,9.93,2089,0
7328,Europe,TV Ads,Brand Awareness,2125,971,35,76,1.4,10.71,12295,0
7329,Middle East,TV Ads,Brand Awareness,3666,3832,5,89,2.99,11.14,4710,1
7330,North America,TV Ads,Brand Awareness,569,8291,5,99,1.12,2.16,4141,1
7331,Asia,TV Ads,Discount,745,3616,18,110,0.78,7.81,15236,1
7332,Asia,Email,Brand Awareness,2858,5292,24,107,1.43,10.09,1941,1
7333,Asia,Influencer,Brand Awareness,4917,2921,10,9,3.21,4.35,17711,1
7334,Asia,Social Media,New Product Launch,513,2973,18,112,4.68,1.87,1558,1
7335,Europe,Email,Discount,4089,3343,35,42,3.67,6.91,1641,0
7336,North America,Influencer,Brand Awareness,633,6900,9,103,2.75,4.61,17742,1
7337,Middle East,Social Media,New Product Launch,269,5997,42,44,1.93,8.46,12718,1
7338,Asia,Email,Brand Awareness,1159,5595,17,107,2.46,8.02,14598,1
7339,Middle East,Google Ads,Brand Awareness,277,3449,26,21,2.42,4.91,3349,1
7340,North America,Google Ads,New Product Launch,4833,8739,17,38,2.22,9.35,3901,0
7341,Asia,Influencer,Discount,285,3392,22,33,0.51,2.51,18257,0
7342,Middle East,Influencer,Discount,2399,7480,33,114,3.78,2.27,17876,1
7343,Middle East,Google Ads,Brand Awareness,3550,6774,37,83,2.73,7.93,16304,1
7344,South America,Google Ads,Brand Awareness,1865,1410,7,38,1.03,2.25,8317,1
7345,Europe,Influencer,Discount,1048,4076,35,18,2.76,11.9,10592,1
7346,South America,Social Media,Discount,4592,7543,37,109,1.44,3.0,16625,1
7347,North America,Email,Brand Awareness,1250,1519,23,31,4.97,5.49,8215,1
7348,Asia,TV Ads,New Product Launch,3307,8759,12,89,2.89,8.27,11110,1
7349,South America,Google Ads,Discount,1628,5302,17,13,1.94,8.8,16401,0
7350,Asia,Email,Brand Awareness,3627,369,16,85,0.94,2.3,12998,1
7351,Middle East,Google Ads,Discount,3852,6463,13,116,0.6,10.58,11658,1
7352,Europe,Influencer,New Product Launch,700,2593,8,88,2.47,8.7,14077,0
7353,Asia,Influencer,New Product Launch,4966,5753,20,50,4.21,11.06,3295,1
7354,North America,Social Media,Brand Awareness,714,6870,43,116,4.39,9.03,16945,1
7355,Middle East,Influencer,Discount,1095,7347,26,76,1.47,10.72,3181,1
7356,Europe,Influencer,Brand Awareness,4150,1363,35,54,4.51,2.38,3702,1
7357,South America,Email,Brand Awareness,1686,1972,25,97,4.77,3.61,11530,1
7358,South America,Influencer,New Product Launch,2944,8597,14,75,4.81,10.3,7112,1
7359,North America,Social Media,Discount,3449,3710,48,44,4.6,5.14,8902,1
7360,Europe,Influencer,Brand Awareness,4908,8342,17,95,4.13,3.06,5992,0
7361,South America,Influencer,Discount,2358,5652,15,71,4.99,9.6,4286,0
7362,Asia,TV Ads,Brand Awareness,857,478,46,92,2.09,8.8,10234,1
7363,South America,Google Ads,Discount,153,7995,45,62,0.56,10.22,13327,1
7364,Middle East,Social Media,Brand Awareness,3603,6482,24,10,0.64,6.79,15845,1
7365,Middle East,Influencer,Discount,2930,3475,36,8,2.78,1.89,14808,0
7366,North America,Influencer,Brand Awareness,902,1950,39,80,2.17,5.07,4128,1
7367,South America,Email,Brand Awareness,3597,3743,20,49,3.15,4.63,15157,1
7368,Europe,Social Media,Brand Awareness,1801,8885,12,59,1.28,4.79,939,0
7369,South America,Email,Brand Awareness,4774,1771,6,18,2.51,2.52,19903,1
7370,Middle East,Google Ads,New Product Launch,362,7680,23,58,1.34,10.3,2012,1
7371,North America,TV Ads,New Product Launch,1035,1433,36,63,1.36,2.33,13393,1
7372,Europe,Email,New Product Launch,4921,5042,40,59,2.93,4.43,13858,1
7373,South America,Google Ads,Discount,2429,778,6,46,2.88,5.03,11129,0
7374,Middle East,Influencer,Discount,905,6917,38,73,2.74,4.96,19126,1
7375,South America,Influencer,Brand Awareness,4979,3795,19,7,1.34,9.49,16150,1
7376,Asia,TV Ads,Discount,290,4822,35,114,0.84,10.54,12833,1
7377,South America,TV Ads,Discount,2324,3105,38,81,0.76,4.8,11897,1
7378,South America,Email,Discount,4592,4804,34,62,2.72,11.68,4886,1
7379,South America,Google Ads,New Product Launch,112,5723,2,78,2.17,9.6,7263,0
7380,North America,Email,New Product Launch,4680,4222,4,41,0.68,7.93,2409,1
7381,Europe,Google Ads,New Product Launch,453,4816,33,80,3.77,9.16,16039,1
7382,Middle East,Google Ads,Brand Awareness,1646,6436,47,14,0.6,4.59,9611,1
7383,Asia,Influencer,New Product Launch,2811,6516,43,59,2.66,7.04,9822,1
7384,North America,Influencer,New Product Launch,3836,5355,47,100,3.3,9.38,10997,0
7385,Europe,Google Ads,New Product Launch,1047,2928,16,113,0.86,11.48,2562,1
7386,North America,Influencer,New Product Launch,240,2846,7,104,2.97,6.77,12956,1
7387,Europe,TV Ads,New Product Launch,2373,1766,26,98,3.23,6.71,8322,0
7388,North America,TV Ads,New Product Launch,4438,1674,18,24,2.09,4.74,9725,1
7389,Asia,Social Media,New Product Launch,4098,2426,45,77,2.08,3.96,9779,1
7390,South America,Influencer,New Product Launch,3697,5205,23,111,4.74,5.66,15429,0
7391,Europe,Email,New Product Launch,2301,3659,22,53,4.29,9.93,6937,0
7392,Asia,Google Ads,Brand Awareness,2103,5947,44,83,1.1,11.76,8567,1
7393,Europe,Influencer,Discount,2078,4282,25,112,2.92,4.26,8680,1
7394,Middle East,Google Ads,Discount,756,7537,5,37,4.44,9.53,11875,1
7395,South America,TV Ads,Brand Awareness,1518,646,49,83,2.64,2.83,19583,1
7396,South America,Email,New Product Launch,2780,7430,18,22,2.7,3.49,6453,1
7397,Europe,Influencer,New Product Launch,2841,6486,10,101,3.82,11.99,18262,1
7398,Middle East,Influencer,New Product Launch,1235,5645,1,11,3.45,10.53,13937,0
7399,Europe,Social Media,Brand Awareness,1651,2850,28,39,1.97,1.22,2967,1
7400,North America,Social Media,Brand Awareness,2326,8363,20,108,3.52,6.44,1597,1
7401,Europe,Social Media,Brand Awareness,4068,3015,20,93,2.71,9.4,11160,1
7402,Europe,Social Media,Discount,3899,7208,22,44,1.94,4.21,4825,0
7403,South America,TV Ads,Discount,4952,5471,5,27,4.07,3.67,3037,1
7404,South America,TV Ads,New Product Launch,4826,1055,25,42,4.06,7.76,4964,1
7405,Asia,TV Ads,Discount,1392,8762,34,10,2.2,3.87,3836,1
7406,South America,Influencer,New Product Launch,2007,2187,20,90,2.89,10.8,9746,1
7407,Middle East,Email,Discount,2733,2224,10,107,2.18,8.06,15108,1
7408,Asia,Social Media,Discount,2430,6498,17,75,4.98,8.49,10390,1
7409,Asia,Influencer,New Product Launch,4375,2338,48,23,3.51,6.88,11479,0
7410,North America,Email,Discount,995,5562,35,96,0.9,2.53,14932,1
7411,Europe,TV Ads,New Product Launch,1179,2170,15,117,3.39,4.51,15546,1
7412,Asia,TV Ads,New Product Launch,1768,1263,18,113,4.23,5.06,6924,1
7413,Asia,Google Ads,New Product Launch,2408,3675,13,6,0.82,8.1,6522,0
7414,South America,Google Ads,Brand Awareness,1725,3313,6,17,1.54,7.26,15103,1
7415,South America,Influencer,New Product Launch,284,4156,39,24,1.37,2.24,6818,1
7416,North America,Google Ads,Discount,4835,1841,29,100,2.77,5.39,784,0
7417,Middle East,Influencer,New Product Launch,1391,1755,47,62,4.67,10.44,15227,1
7418,South America,Influencer,Brand Awareness,2565,2887,14,30,1.3,7.87,11831,0
7419,Europe,Influencer,Discount,2368,8645,18,88,2.31,7.38,3887,1
7420,Europe,TV Ads,Discount,2441,3243,11,46,3.2,3.37,13755,0
7421,North America,Google Ads,New Product Launch,2494,7049,35,100,2.61,8.56,16823,1
7422,Europe,Influencer,New Product Launch,2279,3992,16,91,1.98,8.19,6538,0
7423,South America,Social Media,Brand Awareness,4560,7072,17,79,2.16,6.66,2405,1
7424,North America,Social Media,New Product Launch,2014,8555,1,76,2.82,6.68,7481,1
7425,North America,Influencer,Discount,4684,1424,46,90,4.75,10.09,10280,1
7426,Asia,Influencer,Brand Awareness,900,6709,18,118,2.19,6.47,7242,1
7427,Middle East,Social Media,New Product Launch,521,3321,7,99,4.09,2.08,7627,1
7428,Europe,Google Ads,Brand Awareness,4315,673,6,53,1.39,7.53,1222,1
7429,North America,Google Ads,New Product Launch,3932,8401,2,60,1.12,10.43,11111,0
7430,Asia,Social Media,New Product Launch,3437,3240,15,70,1.05,1.46,5568,0
7431,North America,Google Ads,Discount,3666,5668,45,83,4.62,10.61,9136,1
7432,Middle East,Email,Discount,4133,5687,27,93,1.32,1.33,18685,1
7433,Middle East,Email,New Product Launch,3992,1920,20,68,2.57,8.44,15635,1
7434,Europe,TV Ads,Discount,3538,4943,31,91,1.19,5.51,6251,1
7435,Europe,Social Media,Discount,2146,2149,43,60,1.36,4.92,743,0
7436,North America,TV Ads,New Product Launch,1086,613,23,119,0.96,2.84,6026,1
7437,Middle East,Social Media,Discount,2111,4206,31,75,3.51,7.81,9107,0
7438,Asia,TV Ads,Brand Awareness,4069,6531,15,91,1.75,7.63,1205,1
7439,Asia,Influencer,New Product Launch,2251,1984,19,88,4.79,6.37,2639,1
7440,Middle East,Influencer,Discount,205,4599,12,23,2.55,4.34,11027,0
7441,North America,Email,Discount,3967,2544,35,28,2.52,3.22,5075,1
7442,Asia,Google Ads,Discount,3036,3211,11,68,2.41,3.05,8795,1
7443,Asia,Social Media,Brand Awareness,2342,633,28,63,2.52,10.05,13946,1
7444,South America,TV Ads,Brand Awareness,3883,1978,12,98,2.61,5.93,14173,1
7445,Asia,Social Media,Brand Awareness,2467,6888,1,45,2.17,7.96,12822,1
7446,Europe,Google Ads,Brand Awareness,1300,5820,28,118,2.7,10.68,11301,1
7447,Europe,Google Ads,Brand Awareness,3064,6945,5,91,0.6,4.88,19068,1
7448,South America,Influencer,New Product Launch,2246,7214,30,66,2.17,4.73,18945,0
7449,Europe,Email,New Product Launch,504,3990,2,42,2.25,5.01,9905,1
7450,North America,Google Ads,Brand Awareness,3984,5505,37,48,1.66,1.9,15845,1
7451,Europe,Influencer,New Product Launch,483,1889,23,112,0.94,8.33,13027,1
7452,Asia,Email,Brand Awareness,4539,2154,8,33,4.61,5.33,16598,1
7453,Europe,Email,Brand Awareness,305,5360,27,101,2.51,2.36,9066,1
7454,Europe,TV Ads,Discount,3872,8452,37,119,2.92,4.45,2471,1
7455,Europe,TV Ads,Brand Awareness,4728,2416,18,56,2.5,5.68,11738,0
7456,South America,Influencer,Brand Awareness,4748,2670,36,96,4.65,8.04,14887,1
7457,Middle East,Google Ads,Discount,3928,1137,18,78,2.76,9.87,15938,0
7458,Asia,Social Media,Discount,677,2615,46,103,2.49,9.37,15196,1
7459,Middle East,Google Ads,Discount,1440,5052,29,103,3.52,1.7,7546,1
7460,South America,Influencer,New Product Launch,3397,2272,21,28,2.76,2.31,19366,1
7461,Europe,Email,Brand Awareness,4870,2897,6,93,2.29,5.27,10112,0
7462,South America,Google Ads,New Product Launch,3846,4916,4,30,4.24,4.74,13204,1
7463,Middle East,Google Ads,Brand Awareness,4420,1293,23,29,1.9,10.09,7689,1
7464,Middle East,Influencer,New Product Launch,4972,8656,42,59,1.86,9.88,16132,0
7465,Middle East,Social Media,New Product Launch,4983,7837,1,97,2.73,2.12,18395,1
7466,South America,Influencer,Brand Awareness,3806,1603,28,84,3.14,3.6,921,1
7467,Middle East,Social Media,Discount,3684,1999,49,101,4.51,7.01,19690,0
7468,Asia,Email,New Product Launch,1558,7546,34,63,1.69,8.26,4515,1
7469,Europe,Email,Discount,677,1432,12,79,0.93,6.14,856,0
7470,Asia,Google Ads,Discount,3014,5377,14,91,0.9,2.11,2826,0
7471,South America,TV Ads,Brand Awareness,2781,6270,31,31,3.4,2.45,19280,0
7472,Middle East,Google Ads,Brand Awareness,4863,264,43,109,0.97,11.42,3886,1
7473,South America,Google Ads,Discount,771,2535,36,30,0.73,4.98,6698,0
7474,Asia,Email,Brand Awareness,4879,3235,26,105,1.49,9.7,7388,1
7475,Asia,Influencer,Discount,4297,3925,12,6,0.66,10.97,8804,1
7476,South America,TV Ads,New Product Launch,4766,5968,40,46,3.59,9.64,18653,1
7477,Middle East,Influencer,New Product Launch,4956,6945,46,13,3.74,11.99,18461,1
7478,South America,TV Ads,Discount,1133,2031,6,81,2.54,6.16,13417,1
7479,South America,Influencer,Brand Awareness,2400,3152,19,60,0.93,2.37,9327,1
7480,South America,TV Ads,Brand Awareness,394,2282,44,74,2.62,6.53,14957,1
7481,North America,Social Media,Brand Awareness,2490,8518,35,8,2.86,11.58,14198,0
7482,North America,Influencer,Discount,2414,2670,42,68,1.77,2.64,17295,1
7483,Asia,Google Ads,Discount,284,5030,36,106,2.57,8.74,15147,1
7484,Asia,Influencer,Discount,1403,7680,40,11,3.9,4.58,16182,0
7485,Middle East,Influencer,Discount,4060,5238,20,81,2.01,6.89,2645,0
7486,North America,Social Media,New Product Launch,4702,1911,41,67,3.59,9.08,7326,0
7487,North America,TV Ads,New Product Launch,4344,5702,48,78,3.51,7.7,1783,1
7488,Asia,Influencer,Discount,4955,2397,35,111,3.4,6.09,10337,1
7489,South America,Email,New Product Launch,1081,836,32,47,0.95,3.17,2590,1
7490,Europe,Google Ads,New Product Launch,918,7937,30,91,2.57,9.55,3936,1
7491,Europe,TV Ads,Discount,2422,8871,14,74,1.35,4.26,12026,0
7492,North America,Google Ads,Brand Awareness,1313,5103,40,27,2.97,11.75,2850,1
7493,Europe,TV Ads,Brand Awareness,4225,3310,1,118,3.83,8.35,1696,1
7494,Europe,Social Media,Brand Awareness,4717,5474,1,47,4.44,7.53,2888,1
7495,North America,Social Media,New Product Launch,4519,4250,19,86,0.54,3.46,2046,1
7496,South America,Email,Brand Awareness,3258,7027,49,104,4.41,2.27,14404,0
7497,Europe,TV Ads,New Product Launch,4906,8520,28,102,1.6,3.25,19071,1
7498,Asia,Influencer,Discount,3639,6203,46,65,2.97,3.63,2132,1
7499,South America,Influencer,New Product Launch,3820,787,47,44,2.0,4.48,10845,1
7500,South America,TV Ads,Discount,1522,1702,10,39,1.29,2.77,11934,1
7501,North America,TV Ads,New Product Launch,4029,1368,30,35,4.24,11.85,8183,1
7502,North America,TV Ads,Brand Awareness,2216,6406,48,107,1.73,3.69,18963,1
7503,Europe,TV Ads,Brand Awareness,229,2316,49,49,1.35,6.69,4176,1
7504,North America,TV Ads,Brand Awareness,4247,3748,44,84,4.75,5.96,19727,0
7505,Asia,Google Ads,Brand Awareness,1438,7186,44,5,0.73,7.0,1647,1
7506,North America,Email,Discount,429,8929,16,119,3.12,8.18,18791,1
7507,North America,TV Ads,New Product Launch,1175,8146,49,64,0.61,5.11,15971,0
7508,North America,Social Media,New Product Launch,2460,396,27,7,3.98,1.32,1176,1
7509,Middle East,Google Ads,Discount,1718,7730,46,117,0.53,5.55,15865,1
7510,Asia,Social Media,New Product Launch,2193,7541,12,109,4.53,1.53,7035,0
7511,North America,Google Ads,New Product Launch,333,8155,41,118,2.67,7.15,12941,1
7512,Asia,Social Media,Brand Awareness,3654,3625,44,103,1.31,3.76,9793,0
7513,Middle East,TV Ads,Discount,694,7959,35,55,4.13,6.35,4598,1
7514,Asia,TV Ads,Discount,1107,1234,45,74,1.33,7.28,11472,1
7515,Asia,Google Ads,Discount,2230,5201,44,109,1.41,6.71,5734,1
7516,Middle East,Influencer,New Product Launch,1265,6273,28,5,1.93,6.87,2101,0
7517,Europe,TV Ads,New Product Launch,1928,1062,41,14,1.32,6.46,13438,1
7518,North America,Google Ads,Discount,2295,1404,10,56,3.21,6.55,19797,1
7519,Europe,Email,Discount,4119,2579,4,85,2.22,5.46,18913,1
7520,Europe,Influencer,Discount,1263,8800,29,47,3.16,1.6,19825,1
7521,Middle East,Influencer,New Product Launch,4895,3535,31,46,4.64,1.41,2140,0
7522,North America,Email,Discount,560,6547,41,85,2.1,8.37,4851,1
7523,North America,Email,New Product Launch,4222,1269,49,107,1.49,8.24,14307,1
7524,Middle East,Email,Brand Awareness,2263,4608,15,31,0.69,5.93,965,1
7525,Asia,Social Media,New Product Launch,4818,6450,14,31,3.6,6.3,7630,1
7526,Asia,TV Ads,New Product Launch,4446,582,21,77,4.14,1.44,3320,1
7527,South America,Email,Discount,1031,809,48,69,1.06,6.16,19062,1
7528,Europe,Email,New Product Launch,3021,627,28,50,2.57,6.05,15430,0
7529,Asia,Email,New Product Launch,983,2926,41,112,2.73,6.43,6674,1
7530,Middle East,Social Media,Discount,901,7573,47,100,1.96,10.74,11763,1
7531,South America,Email,Brand Awareness,117,3616,33,116,1.98,3.65,6745,0
7532,Middle East,Email,Discount,3759,2820,39,97,4.68,4.55,13374,1
7533,Europe,Google Ads,Discount,1076,5293,40,60,1.78,4.13,13950,0
7534,North America,Google Ads,Brand Awareness,3496,2230,29,50,2.44,1.04,18505,1
7535,Europe,TV Ads,New Product Launch,3216,6023,1,29,2.48,8.5,1529,1
7536,Asia,Google Ads,New Product Launch,1932,5393,18,115,4.15,5.0,8928,0
7537,Middle East,Email,New Product Launch,2809,2645,13,38,2.66,8.58,15832,1
7538,North America,Google Ads,New Product Launch,3132,659,45,15,1.95,11.61,7196,1
7539,North America,Influencer,New Product Launch,2538,7943,20,55,1.75,4.34,15968,0
7540,North America,Influencer,Discount,1173,8470,15,39,1.96,6.66,17172,1
7541,Europe,Influencer,Discount,687,4500,41,115,4.99,8.79,9984,1
7542,South America,Influencer,Discount,1787,8337,22,66,2.66,5.68,17956,1
7543,Middle East,Email,New Product Launch,4166,1670,40,34,4.45,9.29,9538,1
7544,Asia,Email,Discount,2672,7432,30,23,2.1,5.57,4647,1
7545,Asia,Influencer,New Product Launch,3489,8387,10,83,0.53,11.82,17115,1
7546,Asia,TV Ads,Brand Awareness,2355,2648,4,42,2.27,11.13,17280,1
7547,Europe,Google Ads,New Product Launch,3443,5835,40,95,3.33,5.91,14385,0
7548,South America,Social Media,New Product Launch,1616,1114,2,14,4.49,9.15,18203,0
7549,South America,TV Ads,Discount,2036,2526,37,53,2.85,3.51,10997,1
7550,Asia,TV Ads,Discount,671,1041,11,53,1.39,6.91,2904,1
7551,Asia,Influencer,Discount,4616,6125,16,117,1.45,7.03,16637,1
7552,Asia,TV Ads,New Product Launch,3370,6589,46,24,0.84,4.52,4278,0
7553,Asia,Social Media,New Product Launch,1955,6567,17,44,1.75,9.26,803,1
7554,Middle East,Influencer,Discount,2308,4568,45,104,3.1,6.01,4168,1
7555,South America,Social Media,New Product Launch,1811,4127,5,33,1.17,2.71,10075,1
7556,Asia,Google Ads,Brand Awareness,4293,1995,23,53,4.93,10.59,16997,0
7557,Middle East,Influencer,Brand Awareness,2575,1696,29,105,1.65,3.08,6007,0
7558,Asia,Email,Discount,2039,6328,44,101,2.12,5.38,7828,1
7559,Europe,Email,Brand Awareness,3714,1936,5,78,3.1,8.41,10443,0
7560,Middle East,Email,Discount,545,6993,6,80,4.63,2.48,18102,1
7561,Europe,Google Ads,Discount,2208,8907,22,25,2.52,2.54,12023,0
7562,Europe,Influencer,Discount,1635,6572,27,89,4.05,2.87,17624,0
7563,Middle East,Influencer,Discount,3950,2354,37,71,3.94,4.75,1577,1
7564,South America,Email,Discount,3698,8933,25,111,3.15,1.31,16206,0
7565,Asia,TV Ads,New Product Launch,3524,1460,47,85,1.85,11.55,11201,0
7566,South America,Email,Discount,1352,2306,24,107,2.73,8.22,13940,1
7567,South America,Influencer,Discount,3290,438,37,94,4.01,7.4,4825,1
7568,North America,Social Media,Discount,1181,7820,16,103,1.76,5.88,6342,1
7569,Europe,Google Ads,New Product Launch,4950,1539,43,33,1.11,11.99,12587,1
7570,Europe,Influencer,Discount,1308,3229,21,7,3.39,5.95,6943,1
7571,Europe,Email,Discount,1610,2139,19,38,1.57,4.95,12988,1
7572,Middle East,Email,Brand Awareness,4314,2219,45,59,4.33,1.38,19147,1
7573,Middle East,Email,New Product Launch,1217,4163,9,58,4.92,2.92,5355,1
7574,Europe,Google Ads,Brand Awareness,1451,8434,22,80,4.98,7.51,17431,1
7575,North America,TV Ads,Brand Awareness,3305,4675,8,10,3.9,10.67,12809,0
7576,Asia,Google Ads,Brand Awareness,3276,4498,1,40,2.7,7.3,16661,0
7577,Asia,Google Ads,Brand Awareness,3435,2717,49,49,1.77,9.53,5017,0
7578,South America,Google Ads,Discount,4067,4065,26,116,4.84,6.76,8099,1
7579,Asia,TV Ads,Brand Awareness,2165,1642,47,91,3.81,10.84,13241,1
7580,Europe,Influencer,New Product Launch,4511,7885,17,42,3.17,10.29,5730,1
7581,Europe,Google Ads,Brand Awareness,2457,6180,15,50,3.11,9.54,12542,1
7582,South America,Google Ads,Brand Awareness,2198,1148,46,113,1.61,8.87,11334,1
7583,South America,Google Ads,Brand Awareness,4219,5746,3,39,3.69,1.98,2630,1
7584,North America,Google Ads,Discount,869,5516,18,50,0.77,11.98,15454,0
7585,Asia,Google Ads,Brand Awareness,210,1574,26,42,4.35,6.33,17548,0
7586,Middle East,Google Ads,Brand Awareness,2229,2712,12,119,4.22,5.06,15282,1
7587,Europe,TV Ads,Discount,3494,4339,39,113,4.0,5.46,18983,1
7588,Asia,Email,New Product Launch,3856,8289,49,44,1.76,9.83,14407,1
7589,Middle East,Social Media,New Product Launch,3058,3382,24,18,2.25,6.32,9069,1
7590,North America,Influencer,New Product Launch,628,1702,34,31,3.59,2.71,12892,0
7591,South America,TV Ads,Brand Awareness,3394,8981,7,105,3.2,11.53,9518,1
7592,Middle East,Influencer,New Product Launch,3693,3002,8,67,3.37,10.27,10009,1
7593,Europe,Email,Discount,1383,3783,12,69,3.89,1.12,1685,1
7594,Middle East,Influencer,Brand Awareness,3142,3498,32,52,4.4,3.54,8226,1
7595,Middle East,Google Ads,Brand Awareness,4526,6555,27,19,2.65,4.6,17510,0
7596,Asia,TV Ads,New Product Launch,3610,5423,40,24,2.64,9.18,9829,1
7597,Europe,Influencer,New Product Launch,1656,6475,28,107,2.89,7.95,2546,1
7598,Asia,Social Media,New Product Launch,4207,4308,4,94,2.49,8.51,619,1
7599,Middle East,Influencer,Brand Awareness,1168,5726,40,49,3.18,4.95,1119,1
7600,North America,Influencer,Discount,2959,8450,11,79,4.16,9.98,19965,1
7601,North America,Email,Discount,3711,8441,48,19,2.1,3.43,632,1
7602,Asia,TV Ads,Brand Awareness,4278,8562,34,110,0.52,6.99,6738,1
7603,South America,Influencer,Brand Awareness,1642,5518,49,72,3.59,3.33,9774,1
7604,Europe,Influencer,Discount,105,2075,41,69,3.48,8.94,19385,1
7605,Europe,Email,New Product Launch,3122,1833,7,100,0.84,10.01,14341,1
7606,South America,Influencer,New Product Launch,3006,5911,41,36,2.52,9.5,3484,1
7607,South America,TV Ads,Brand Awareness,1105,1861,44,102,4.04,10.29,5908,1
7608,South America,TV Ads,Brand Awareness,1009,1780,15,77,1.07,4.13,17849,1
7609,South America,Social Media,Discount,2881,3426,15,62,3.75,2.72,8330,1
7610,Asia,TV Ads,New Product Launch,2580,6898,7,84,4.99,6.25,9144,1
7611,North America,TV Ads,New Product Launch,3675,7932,42,18,1.27,2.26,19904,1
7612,South America,Social Media,Brand Awareness,3238,4590,24,50,0.61,5.88,12150,1
7613,South America,Email,Brand Awareness,4445,3594,6,55,3.49,3.32,18995,1
7614,Asia,Influencer,New Product Launch,2133,8208,3,82,2.01,4.65,16492,0
7615,Asia,Email,New Product Launch,2633,6093,16,29,1.56,9.97,14935,1
7616,North America,Social Media,New Product Launch,104,8405,49,98,1.55,10.72,17896,1
7617,North America,TV Ads,Brand Awareness,3179,916,12,31,3.64,10.12,1206,1
7618,South America,Social Media,Brand Awareness,3206,7302,18,109,4.54,5.89,17779,1
7619,Middle East,Social Media,New Product Launch,3000,6266,16,84,1.33,7.68,9537,1
7620,South America,TV Ads,Discount,2461,1315,45,106,3.75,2.98,8324,1
7621,Europe,TV Ads,New Product Launch,1941,773,5,22,2.16,5.65,1771,1
7622,Asia,TV Ads,New Product Launch,3987,3590,31,104,1.06,10.42,1313,1
7623,Middle East,Email,New Product Launch,3584,8410,7,97,4.93,7.43,19750,1
7624,Middle East,TV Ads,Discount,1608,3705,23,24,2.24,10.22,9131,0
7625,Europe,Social Media,Discount,1454,5404,44,84,2.87,8.76,6475,1
7626,Middle East,TV Ads,Brand Awareness,184,5590,9,52,2.42,2.68,7815,0
7627,Asia,Social Media,Discount,1905,8309,23,70,4.28,2.02,16245,1
7628,South America,TV Ads,Discount,4086,7354,7,35,3.95,5.42,8723,1
7629,North America,TV Ads,Discount,1100,8462,45,39,2.08,3.11,15695,0
7630,South America,Email,New Product Launch,1979,6899,21,34,3.05,3.94,18839,1
7631,Middle East,Influencer,Brand Awareness,4387,1250,14,50,0.51,7.31,18886,1
7632,Middle East,TV Ads,New Product Launch,805,3537,11,17,1.83,5.27,13374,1
7633,South America,TV Ads,New Product Launch,3714,2726,24,14,4.0,3.58,18866,1
7634,South America,Google Ads,New Product Launch,1347,7902,46,16,3.19,1.45,18684,1
7635,South America,Social Media,Brand Awareness,2906,6131,16,45,3.06,4.69,1407,1
7636,North America,Google Ads,Discount,4125,2671,37,51,4.07,8.28,17317,1
7637,South America,Social Media,Brand Awareness,2511,653,25,104,3.18,9.26,19726,1
7638,North America,Influencer,New Product Launch,902,2635,9,31,2.69,1.66,19478,0
7639,Asia,Social Media,Brand Awareness,2190,8956,15,38,4.96,2.22,10684,1
7640,Middle East,TV Ads,Brand Awareness,1678,7134,16,16,1.44,9.67,934,1
7641,Europe,Social Media,Discount,745,3370,43,5,4.16,9.07,1505,1
7642,Europe,Google Ads,New Product Launch,698,320,20,114,4.21,1.28,2481,1
7643,Middle East,Email,Brand Awareness,3916,8136,27,68,3.31,1.27,14867,1
7644,Europe,Email,New Product Launch,4026,5091,10,41,0.76,6.78,15734,1
7645,Middle East,TV Ads,Brand Awareness,3662,3937,32,107,0.9,8.53,18098,0
7646,Asia,TV Ads,New Product Launch,3713,8056,22,54,4.86,1.36,19736,0
7647,Asia,TV Ads,Discount,1279,2238,7,62,1.5,4.93,14752,1
7648,Middle East,Social Media,New Product Launch,4100,1299,42,48,4.45,6.63,4034,1
7649,Asia,TV Ads,Discount,2544,6198,43,65,3.58,9.54,16223,1
7650,Europe,Google Ads,Discount,1292,8933,38,94,2.71,5.93,19060,1
7651,Europe,Email,Discount,835,6489,49,93,1.65,4.84,8471,1
7652,Middle East,TV Ads,New Product Launch,1425,620,36,70,1.2,10.85,11379,0
7653,Europe,Email,New Product Launch,2157,8797,37,107,1.54,4.31,13680,1
7654,North America,Email,Brand Awareness,1983,7604,48,86,3.16,2.89,6468,1
7655,Middle East,Email,Brand Awareness,4794,2859,14,115,2.4,1.83,1182,0
7656,Europe,TV Ads,Discount,3567,7620,11,20,1.11,7.28,17609,1
7657,Asia,TV Ads,Brand Awareness,2649,600,23,42,2.14,10.21,10011,1
7658,North America,TV Ads,Discount,1112,5695,44,86,4.4,11.38,13349,1
7659,Middle East,Influencer,Brand Awareness,2869,5208,33,35,4.84,6.56,3209,1
7660,Middle East,TV Ads,New Product Launch,1434,7249,22,16,5.0,7.53,2432,1
7661,Asia,TV Ads,New Product Launch,4599,1499,13,63,4.23,9.49,5331,1
7662,Europe,TV Ads,Brand Awareness,1300,7232,36,97,4.18,4.11,6146,1
7663,Asia,Email,Discount,2035,7046,8,39,3.72,1.11,15163,1
7664,Middle East,Google Ads,New Product Launch,3474,5005,27,62,0.83,8.05,7556,1
7665,Middle East,TV Ads,Brand Awareness,2024,3728,15,90,4.54,4.0,11495,1
7666,Asia,Google Ads,Brand Awareness,139,7173,35,35,4.06,10.56,19751,1
7667,Europe,Google Ads,New Product Launch,1374,1372,32,99,4.57,8.13,6660,1
7668,Europe,Social Media,Discount,4997,4260,26,52,0.71,10.95,4941,1
7669,Asia,Google Ads,Brand Awareness,2697,3875,5,35,3.36,9.4,19574,1
7670,North America,TV Ads,Discount,4614,1181,18,92,2.74,8.4,15073,0
7671,South America,Email,Discount,1013,258,20,19,3.29,9.33,11522,1
7672,Europe,Influencer,New Product Launch,4434,2624,28,40,4.38,1.62,7017,1
7673,South America,Influencer,Brand Awareness,3166,817,30,72,1.05,9.21,3902,0
7674,Europe,Social Media,New Product Launch,3437,4760,36,104,2.9,7.41,12286,1
7675,Asia,Social Media,New Product Launch,1605,7546,25,69,4.17,3.43,10475,0
7676,Asia,Email,Brand Awareness,1389,7456,49,57,0.5,11.47,11843,1
7677,Europe,Influencer,Discount,4670,3571,4,45,4.33,3.97,4319,1
7678,Middle East,Email,Discount,1700,5649,10,50,4.54,7.82,12629,1
7679,Middle East,Email,Brand Awareness,1477,5528,3,112,1.08,4.02,3764,0
7680,Middle East,Social Media,New Product Launch,1586,5956,26,8,4.95,8.73,5727,0
7681,North America,Social Media,Brand Awareness,2116,3436,32,57,0.77,10.33,5139,1
7682,South America,Google Ads,Discount,3350,2887,17,86,3.16,9.09,13005,0
7683,Europe,Social Media,Discount,4508,5260,28,64,3.23,8.12,2096,1
7684,Middle East,Social Media,Brand Awareness,270,8614,26,17,4.57,6.17,2878,0
7685,Asia,Influencer,New Product Launch,3278,1104,47,52,3.1,9.86,13887,1
7686,Asia,Email,Discount,744,7265,35,9,2.7,2.7,2155,1
7687,South America,Google Ads,Discount,3969,4936,6,47,1.44,2.02,7937,1
7688,North America,Social Media,Brand Awareness,1998,468,38,29,1.33,11.32,4614,0
7689,Middle East,Social Media,Brand Awareness,4344,4673,13,114,2.14,9.69,14094,1
7690,Asia,Social Media,Brand Awareness,3951,6681,14,58,2.97,2.99,6404,0
7691,Europe,Email,Brand Awareness,4222,6939,28,32,4.0,2.95,6692,1
7692,Europe,TV Ads,Discount,1827,8436,23,92,0.69,2.44,18020,0
7693,Middle East,TV Ads,Brand Awareness,3586,7494,9,91,2.51,4.3,3144,1
7694,South America,Social Media,Brand Awareness,1747,2489,13,28,1.62,1.65,15153,1
7695,Europe,Influencer,Brand Awareness,3239,2901,22,115,1.49,3.83,1034,0
7696,North America,TV Ads,Brand Awareness,117,1406,22,58,0.58,3.51,14450,1
7697,South America,Google Ads,Discount,469,5557,9,22,1.01,6.99,14472,0
7698,Middle East,Email,Discount,4922,247,6,112,3.85,5.79,8823,1
7699,Middle East,Email,Discount,2984,1383,16,46,2.81,9.43,1203,0
7700,South America,Influencer,Discount,4608,7764,2,71,3.66,10.61,11240,0
7701,North America,Social Media,New Product Launch,1452,6269,1,96,0.55,10.92,15244,1
7702,South America,Google Ads,Brand Awareness,201,3523,33,88,3.36,11.87,5208,1
7703,Middle East,TV Ads,New Product Launch,2612,205,38,17,3.57,2.92,7817,1
7704,North America,Google Ads,Brand Awareness,1797,708,18,77,2.91,1.09,7887,0
7705,Middle East,Email,Discount,888,2153,12,10,1.0,7.5,5954,1
7706,Middle East,Google Ads,Brand Awareness,1428,1974,6,109,1.61,10.59,16745,0
7707,South America,Influencer,Discount,2007,6195,2,52,0.81,6.21,9115,1
7708,Asia,Influencer,Discount,3343,3352,5,57,3.01,4.59,14435,1
7709,Middle East,Email,New Product Launch,1592,1383,49,89,1.83,10.07,2370,1
7710,Middle East,Google Ads,Brand Awareness,4145,6077,28,46,0.87,9.92,6512,1
7711,South America,Google Ads,Discount,2835,8805,43,115,3.12,8.79,19149,1
7712,Europe,Email,Brand Awareness,229,5300,46,56,0.67,4.41,18735,1
7713,South America,Social Media,Brand Awareness,3687,6427,1,94,4.75,8.92,19482,1
7714,Middle East,Social Media,Brand Awareness,4281,239,15,62,2.7,8.96,9204,1
7715,Europe,TV Ads,New Product Launch,1512,6105,18,34,1.23,9.73,6106,0
7716,South America,Google Ads,Brand Awareness,4823,3583,18,24,2.52,8.34,16364,0
7717,Europe,Email,Brand Awareness,3550,5303,19,119,1.86,10.61,2241,1
7718,Europe,TV Ads,New Product Launch,2887,5240,12,6,0.79,2.89,2807,1
7719,Europe,TV Ads,Brand Awareness,4589,3439,2,112,2.21,10.81,13828,1
7720,Middle East,Social Media,Discount,154,1570,35,53,4.76,11.46,12255,1
7721,Asia,Google Ads,Discount,2869,1805,19,68,0.67,1.06,13324,1
7722,North America,TV Ads,Brand Awareness,399,2533,7,24,3.5,11.09,2997,1
7723,Asia,Google Ads,Brand Awareness,4885,2016,6,20,3.58,8.5,13120,1
7724,Middle East,Email,New Product Launch,3851,3156,22,88,4.06,7.99,11167,1
7725,South America,Influencer,Brand Awareness,1086,8899,28,48,0.87,4.21,19547,1
7726,South America,Influencer,Brand Awareness,1172,6474,3,57,0.58,11.61,15200,1
7727,Asia,TV Ads,Brand Awareness,3581,3675,44,44,0.96,6.07,6864,0
7728,Asia,TV Ads,New Product Launch,4131,1046,11,111,2.75,11.1,15087,1
7729,South America,Social Media,Discount,1583,7006,10,37,4.86,1.47,14580,1
7730,Europe,TV Ads,Discount,1028,8642,30,12,0.8,8.59,13025,0
7731,Asia,Social Media,Brand Awareness,3634,1630,14,33,4.37,2.28,10975,1
7732,North America,TV Ads,Brand Awareness,3771,3342,33,118,2.83,6.28,2360,1
7733,South America,Google Ads,Discount,2228,6463,25,86,4.61,7.92,8570,1
7734,Middle East,TV Ads,Discount,2771,8973,24,67,1.55,7.51,870,1
7735,North America,Email,Brand Awareness,4825,6289,1,82,1.82,9.31,9078,1
7736,North America,Social Media,Discount,1538,3387,23,73,1.02,8.98,3605,1
7737,Middle East,Influencer,Discount,476,3059,21,71,4.09,7.52,8206,0
7738,Europe,Social Media,Discount,4529,6534,31,24,4.19,10.27,3072,1
7739,Asia,TV Ads,New Product Launch,2912,3239,46,44,4.87,7.04,13250,1
7740,Middle East,Social Media,Discount,1284,7387,1,18,0.51,5.08,16986,1
7741,Europe,Google Ads,Brand Awareness,2339,3279,46,12,3.72,9.21,15311,1
7742,North America,Google Ads,Brand Awareness,1777,2305,32,26,3.68,7.73,776,1
7743,Europe,Social Media,New Product Launch,1690,2094,35,101,1.11,7.7,17444,1
7744,Asia,Social Media,Discount,348,2299,12,37,4.16,8.4,17389,1
7745,Asia,Email,Discount,3142,728,30,80,2.47,6.48,5195,1
7746,South America,Influencer,Discount,4499,949,13,70,4.43,9.51,13336,1
7747,Asia,Influencer,New Product Launch,1988,1202,8,117,3.64,1.25,4334,1
7748,Europe,Social Media,New Product Launch,3689,7226,18,19,3.27,7.23,18815,1
7749,South America,Social Media,New Product Launch,4562,4854,31,86,3.38,8.26,4867,1
7750,South America,Influencer,Brand Awareness,3750,2578,27,43,3.26,8.22,9720,0
7751,Europe,Email,Discount,3576,4118,42,54,4.0,4.57,9374,0
7752,North America,Influencer,Discount,4507,1998,45,22,3.33,10.31,14109,0
7753,Middle East,TV Ads,Brand Awareness,1020,6000,26,25,3.61,11.76,3499,1
7754,Middle East,Influencer,Discount,1291,8580,29,43,2.79,11.06,10677,1
7755,Asia,Social Media,Brand Awareness,1021,3491,20,24,3.76,7.76,7768,1
7756,Asia,TV Ads,New Product Launch,594,5988,17,23,1.56,2.44,540,1
7757,South America,Google Ads,Brand Awareness,2292,8124,32,59,0.92,5.2,9992,1
7758,Asia,Social Media,Brand Awareness,281,562,45,74,4.07,6.56,6975,0
7759,Europe,TV Ads,New Product Launch,4940,3239,12,18,2.44,4.79,11229,1
7760,North America,Social Media,New Product Launch,1162,8870,44,51,1.67,9.2,11658,1
7761,Middle East,Influencer,Brand Awareness,3524,6726,25,117,0.63,8.31,2362,0
7762,North America,TV Ads,Brand Awareness,4569,314,9,80,4.71,7.33,7194,1
7763,South America,Social Media,New Product Launch,740,6117,14,118,1.53,3.78,15462,1
7764,Europe,Google Ads,New Product Launch,3519,8334,27,115,0.62,1.8,19211,1
7765,North America,Google Ads,Discount,1343,3501,36,55,4.62,2.58,14603,1
7766,Middle East,Google Ads,New Product Launch,2947,6047,46,102,1.79,11.05,16511,1
7767,South America,TV Ads,Discount,2644,8147,14,59,0.9,8.51,16182,1
7768,North America,Google Ads,Brand Awareness,4637,1996,22,114,1.09,4.89,3539,1
7769,South America,Google Ads,Discount,3748,3722,10,73,1.19,8.78,3592,1
7770,South America,Google Ads,Brand Awareness,3729,819,41,45,1.8,9.19,1542,1
7771,South America,Google Ads,New Product Launch,1059,5139,48,101,3.38,9.11,17125,1
7772,South America,Social Media,Brand Awareness,2679,6813,24,34,0.53,4.48,2536,0
7773,South America,Email,Brand Awareness,895,6508,13,9,0.74,1.33,15098,0
7774,North America,Influencer,Brand Awareness,3400,256,2,22,4.91,2.75,6946,1
7775,South America,Google Ads,New Product Launch,3842,4364,16,49,2.93,4.32,4358,1
7776,Europe,TV Ads,Discount,2937,7753,5,15,3.54,5.69,7271,1
7777,Asia,TV Ads,New Product Launch,2862,3175,9,67,2.36,9.65,1940,1
7778,Asia,Influencer,New Product Launch,349,443,36,34,1.04,9.4,9143,0
7779,North America,Influencer,New Product Launch,4665,257,28,96,4.81,7.68,8141,1
7780,Europe,Email,New Product Launch,4104,4316,13,64,0.93,6.81,8348,0
7781,Middle East,Social Media,New Product Launch,2607,4483,27,9,3.76,11.47,15780,1
7782,Asia,TV Ads,New Product Launch,2130,1996,29,9,2.6,5.7,5453,1
7783,Europe,Google Ads,New Product Launch,739,3911,10,107,3.81,5.84,9819,1
7784,Middle East,Influencer,Brand Awareness,1744,3981,31,76,4.76,4.42,10971,1
7785,Europe,TV Ads,Discount,3934,4511,6,104,4.99,11.47,15821,1
7786,Europe,Social Media,Discount,4275,4667,8,62,3.51,5.01,13840,1
7787,North America,TV Ads,Brand Awareness,184,548,35,31,1.28,1.56,9231,1
7788,South America,Influencer,Discount,2504,790,19,83,1.37,10.26,5123,0
7789,Middle East,TV Ads,New Product Launch,3950,8133,36,23,0.97,5.04,1555,1
7790,Asia,Social Media,Discount,2284,4144,14,61,1.37,5.05,590,0
7791,Asia,Social Media,New Product Launch,4729,7373,44,35,1.73,6.75,19593,0
7792,North America,Social Media,Discount,3136,2605,4,55,2.37,6.99,7384,1
7793,North America,Email,Brand Awareness,3341,7969,7,51,1.16,3.74,17939,1
7794,Europe,Influencer,Discount,392,5354,41,111,3.54,3.86,5279,1
7795,Europe,Influencer,Discount,781,1765,48,95,1.23,11.19,17131,0
7796,Middle East,Social Media,Discount,3619,6949,27,99,3.17,10.04,7556,0
7797,Europe,Google Ads,New Product Launch,4324,6758,45,111,2.97,6.97,4995,1
7798,Europe,Email,Discount,1473,3357,3,102,3.14,9.23,12287,1
7799,South America,Influencer,Discount,2409,8508,25,12,1.38,1.52,11443,1
7800,North America,Influencer,New Product Launch,4118,3542,41,65,2.29,6.7,17609,0
7801,Middle East,Influencer,Brand Awareness,3189,4670,36,102,3.43,6.98,16469,1
7802,Europe,Social Media,Discount,718,5720,27,115,2.67,1.84,11900,1
7803,South America,Email,Brand Awareness,2075,1652,22,100,4.06,1.41,10910,1
7804,Middle East,Social Media,New Product Launch,2166,6257,35,18,3.33,11.22,14454,0
7805,North America,Social Media,Brand Awareness,919,8776,38,30,4.25,8.57,3078,1
7806,Asia,TV Ads,Brand Awareness,3916,8850,36,116,4.61,6.53,8257,1
7807,Europe,Google Ads,New Product Launch,1427,1145,15,65,0.75,5.95,15265,1
7808,Middle East,Social Media,New Product Launch,2821,7996,19,101,3.46,11.72,504,0
7809,Middle East,Influencer,Discount,1455,2264,28,96,2.18,1.63,11983,0
7810,North America,TV Ads,New Product Launch,3510,5174,39,74,1.66,9.39,5843,1
7811,South America,Social Media,New Product Launch,770,2547,14,23,2.49,1.04,4696,1
7812,South America,Google Ads,New Product Launch,2881,1150,21,45,4.98,5.2,6647,0
7813,Middle East,Social Media,Brand Awareness,694,3635,32,112,4.13,5.88,7063,1
7814,Middle East,Google Ads,New Product Launch,3325,2380,28,26,0.93,3.83,12456,0
7815,North America,Google Ads,Discount,1810,5458,11,65,2.14,10.56,2267,0
7816,Middle East,Email,Discount,2916,5477,19,48,1.79,7.13,11175,1
7817,Asia,TV Ads,New Product Launch,1047,2758,16,20,4.08,6.94,7023,1
7818,Europe,Email,Discount,2214,4412,37,14,1.3,6.08,6442,0
7819,South America,Email,New Product Launch,4245,7631,22,6,4.4,9.86,6646,1
7820,North America,Influencer,Discount,903,8615,1,23,2.72,1.62,4105,0
7821,South America,TV Ads,Brand Awareness,869,5249,12,81,4.99,6.01,4296,1
7822,Europe,Influencer,Brand Awareness,1438,479,30,42,0.95,11.8,14363,1
7823,Europe,Email,Brand Awareness,2270,3405,37,89,1.09,3.41,3390,0
7824,Middle East,TV Ads,Discount,4200,7033,41,93,2.74,8.62,2434,0
7825,Asia,Social Media,New Product Launch,1751,478,33,106,2.02,3.43,7865,0
7826,Europe,Google Ads,Discount,1738,4045,35,56,1.14,6.04,16981,1
7827,South America,Influencer,Brand Awareness,2262,5439,36,56,1.31,1.11,1438,0
7828,North America,Google Ads,Brand Awareness,3532,7814,46,81,3.6,3.97,13596,1
7829,South America,Google Ads,Brand Awareness,4856,3869,15,61,2.48,10.66,6093,1
7830,South America,TV Ads,Discount,1510,3910,10,97,2.89,6.53,19821,1
7831,Asia,Google Ads,New Product Launch,1692,7110,23,89,4.84,4.95,1185,0
7832,Europe,Social Media,Brand Awareness,2161,3599,34,71,2.36,6.72,17635,1
7833,Asia,Social Media,Brand Awareness,2839,3632,41,8,4.91,7.2,7508,1
7834,Middle East,Email,Brand Awareness,3408,5310,7,17,3.85,3.93,10663,1
7835,Europe,Email,Brand Awareness,1627,6126,41,95,1.68,4.81,18105,1
7836,Asia,Influencer,Brand Awareness,2763,6013,29,43,4.32,10.97,16474,1
7837,North America,Influencer,Brand Awareness,689,4832,5,62,4.97,11.37,12869,1
7838,North America,Google Ads,Discount,4714,1245,14,109,4.8,5.42,18211,1
7839,North America,TV Ads,Discount,2374,7414,13,29,3.44,11.69,2226,1
7840,North America,Influencer,Brand Awareness,2297,7412,24,17,1.1,6.12,13885,1
7841,Middle East,Email,New Product Launch,3049,5722,11,5,3.67,6.88,871,1
7842,North America,Influencer,Brand Awareness,2025,8622,10,105,3.57,4.81,3159,1
7843,Europe,Social Media,Brand Awareness,3542,1678,37,101,4.21,1.71,16489,1
7844,Asia,Social Media,New Product Launch,2444,3510,9,108,2.92,9.49,19047,1
7845,Europe,Influencer,New Product Launch,2414,5324,21,14,1.82,2.9,963,0
7846,South America,Email,Brand Awareness,1613,8996,36,5,0.73,2.12,2539,1
7847,Middle East,Google Ads,New Product Launch,101,762,47,7,4.14,7.67,15370,1
7848,Asia,Social Media,Discount,343,3589,41,113,2.06,7.28,5599,1
7849,North America,TV Ads,Discount,479,3616,13,41,3.71,1.06,9576,1
7850,South America,Social Media,Brand Awareness,268,4677,36,84,3.86,2.77,18445,1
7851,North America,Influencer,Discount,2318,4124,4,50,1.29,8.48,17577,0
7852,Europe,TV Ads,Discount,2923,1451,48,67,4.91,11.7,18848,0
7853,South America,Google Ads,Discount,4444,736,49,77,2.87,3.3,14342,0
7854,South America,TV Ads,New Product Launch,3134,961,5,101,1.6,8.3,7644,1
7855,South America,Google Ads,Brand Awareness,4361,1269,22,95,0.68,6.2,15768,1
7856,North America,Google Ads,Discount,2972,6778,41,16,2.83,7.98,15893,1
7857,Middle East,TV Ads,Discount,2396,3036,49,114,3.25,7.09,14186,1
7858,Middle East,Google Ads,Brand Awareness,1438,7636,14,49,1.6,11.24,6247,1
7859,North America,TV Ads,Discount,206,8461,2,33,4.42,1.23,8332,1
7860,Middle East,Google Ads,Discount,2395,6510,32,47,2.59,6.13,5133,1
7861,South America,Google Ads,Discount,671,5321,9,93,4.14,8.2,16419,1
7862,Asia,Google Ads,Brand Awareness,4455,7888,47,81,2.57,5.46,11944,1
7863,North America,Influencer,Brand Awareness,1640,5321,8,32,1.99,5.33,1233,1
7864,South America,Google Ads,Brand Awareness,1512,4194,43,37,2.64,9.76,5999,1
7865,Asia,TV Ads,Discount,1048,5449,32,60,3.59,9.41,3895,1
7866,Middle East,Influencer,Brand Awareness,2375,7823,45,30,3.39,2.44,2402,1
7867,Middle East,Email,Discount,3579,7902,32,62,1.68,4.75,953,1
7868,South America,Influencer,Discount,1432,2101,45,11,3.31,8.11,5044,0
7869,Middle East,Email,New Product Launch,3412,5258,38,104,4.91,3.1,15878,1
7870,North America,Google Ads,Discount,4792,8474,38,71,4.21,10.32,4613,1
7871,Asia,Influencer,New Product Launch,4291,251,34,36,2.39,1.84,17621,1
7872,North America,Social Media,Discount,2062,4351,3,67,3.5,2.06,7763,1
7873,North America,Influencer,New Product Launch,763,322,25,72,1.66,11.23,16540,0
7874,Asia,Influencer,New Product Launch,3264,727,40,69,3.1,2.91,14816,1
7875,Middle East,Email,Discount,4530,1626,31,57,2.35,11.21,13396,1
7876,South America,Social Media,Discount,2199,6763,8,84,4.38,7.96,14884,0
7877,South America,Influencer,Discount,2191,8617,4,15,0.99,8.58,16948,1
7878,Europe,Google Ads,Discount,441,8121,48,28,1.87,9.29,8727,1
7879,Asia,Google Ads,Brand Awareness,4202,8057,16,36,4.57,2.79,5427,1
7880,Middle East,Social Media,Brand Awareness,670,7889,23,103,4.56,6.3,5782,1
7881,Europe,Email,Discount,1411,2725,40,81,4.82,4.45,15237,0
7882,Asia,Email,Discount,1707,5454,3,29,2.59,4.84,3992,1
7883,North America,Influencer,Brand Awareness,2413,1173,42,118,0.72,8.9,19296,0
7884,South America,Social Media,Discount,4296,1330,13,72,3.24,10.89,16456,1
7885,North America,Google Ads,Brand Awareness,3712,7913,13,96,4.34,3.15,2745,0
7886,North America,Google Ads,New Product Launch,1233,6575,22,30,1.79,2.08,19711,1
7887,South America,TV Ads,New Product Launch,3005,1806,2,14,1.25,2.91,5902,1
7888,North America,Google Ads,New Product Launch,4465,8406,41,6,0.61,4.47,14640,1
7889,Asia,Email,New Product Launch,1155,1910,41,88,0.78,1.83,3869,1
7890,Middle East,Google Ads,Discount,3072,4092,13,113,0.73,10.74,16868,1
7891,South America,Email,New Product Launch,1858,3745,46,85,3.47,2.81,11620,1
7892,South America,Google Ads,Discount,4303,5341,45,117,4.79,6.26,18027,1
7893,North America,Email,New Product Launch,1467,3394,35,68,1.13,11.34,14986,1
7894,North America,Social Media,Discount,3042,7843,27,97,1.51,7.88,19539,1
7895,Middle East,TV Ads,Brand Awareness,1240,3725,10,62,4.99,10.15,11451,1
7896,Asia,Influencer,New Product Launch,919,1615,37,21,0.64,10.43,17500,0
7897,North America,Social Media,Brand Awareness,3592,2166,9,86,1.95,1.34,15927,1
7898,South America,Email,Discount,3747,486,4,63,4.57,9.32,7415,1
7899,Asia,Influencer,Brand Awareness,558,5249,4,20,3.14,8.32,3591,1
7900,Middle East,TV Ads,New Product Launch,2767,7486,4,76,2.02,7.52,4683,0
7901,South America,TV Ads,Brand Awareness,1958,7956,7,44,3.31,3.89,853,1
7902,Middle East,Google Ads,Discount,595,6989,26,28,3.65,1.42,6879,1
7903,South America,Social Media,Brand Awareness,4477,5305,36,42,3.89,5.97,4863,1
7904,North America,TV Ads,Discount,4639,325,39,72,4.54,2.82,7133,1
7905,Middle East,Social Media,Discount,3352,2332,42,63,3.88,2.58,1567,1
7906,Asia,Social Media,Discount,923,334,27,92,1.7,6.15,13471,1
7907,Middle East,Influencer,Brand Awareness,3435,6117,20,36,3.16,11.91,11080,1
7908,Asia,TV Ads,Discount,2883,708,14,61,1.36,5.04,18216,1
7909,Middle East,Social Media,New Product Launch,3909,6865,10,33,0.95,8.56,18259,1
7910,Middle East,Google Ads,New Product Launch,2594,4032,7,104,2.32,2.01,17620,1
7911,Middle East,Influencer,New Product Launch,2597,5102,3,62,1.33,1.75,5121,1
7912,North America,Social Media,Brand Awareness,4913,8572,16,41,1.82,10.45,17233,1
7913,South America,Social Media,Brand Awareness,4473,3631,48,68,3.96,9.73,16919,1
7914,South America,TV Ads,Brand Awareness,3372,1277,2,112,1.23,5.88,3114,1
7915,North America,TV Ads,New Product Launch,3851,1555,48,49,3.19,1.45,18654,1
7916,South America,Influencer,Discount,1133,6475,8,55,4.69,5.21,13068,0
7917,Asia,Google Ads,Discount,859,4718,19,55,3.43,11.29,661,0
7918,Asia,Google Ads,Discount,2707,6823,44,113,1.17,7.54,16007,1
7919,Europe,Influencer,New Product Launch,1064,2512,47,20,2.82,7.6,8141,0
7920,Europe,Social Media,Discount,1713,1784,27,74,4.56,9.1,18508,1
7921,South America,Email,Brand Awareness,2431,4365,31,93,4.72,11.45,3537,1
7922,Middle East,Influencer,New Product Launch,4622,5030,29,72,2.43,4.66,5294,1
7923,Europe,Social Media,New Product Launch,1123,6160,35,58,1.56,7.73,3252,0
7924,Europe,Social Media,Brand Awareness,2715,7862,35,39,1.13,3.81,15970,1
7925,South America,Influencer,New Product Launch,1867,6871,34,114,1.37,10.75,19662,1
7926,Asia,TV Ads,New Product Launch,734,8714,22,88,3.19,9.88,2044,0
7927,North America,Influencer,New Product Launch,2395,6453,10,66,1.13,3.58,13051,1
7928,Asia,TV Ads,New Product Launch,4012,7765,7,107,3.57,6.16,3620,0
7929,South America,Influencer,Brand Awareness,3752,1289,39,18,4.05,9.28,10169,1
7930,Europe,TV Ads,Brand Awareness,484,7110,10,99,2.24,11.22,1551,1
7931,North America,TV Ads,New Product Launch,4111,3473,31,31,2.99,8.38,9448,1
7932,Europe,Influencer,Brand Awareness,2710,1182,25,26,3.58,1.6,1618,1
7933,Asia,Email,New Product Launch,4248,1349,20,7,3.98,8.98,11121,1
7934,Asia,Influencer,New Product Launch,1649,1756,46,119,1.64,6.62,11678,0
7935,South America,TV Ads,Brand Awareness,3917,5349,27,112,1.7,1.29,1380,1
7936,Middle East,TV Ads,Brand Awareness,4770,6923,14,7,1.04,4.37,4371,1
7937,Middle East,Influencer,Brand Awareness,918,1853,45,44,3.54,10.38,12786,0
7938,South America,TV Ads,New Product Launch,3166,1424,21,95,1.92,2.77,15439,1
7939,South America,TV Ads,New Product Launch,370,6135,38,23,1.89,10.97,6731,1
7940,Asia,Influencer,Discount,554,4436,16,22,1.46,8.55,5318,1
7941,North America,Email,New Product Launch,2595,1963,42,37,2.5,3.4,3175,1
7942,South America,Influencer,New Product Launch,2044,1207,2,25,2.68,7.33,3100,1
7943,North America,Google Ads,Brand Awareness,2388,8324,15,103,3.61,2.57,6422,0
7944,Asia,Influencer,Discount,1220,4247,35,63,2.06,10.72,8186,1
7945,Asia,Email,New Product Launch,3954,1360,39,93,1.26,8.73,9879,1
7946,South America,Email,Brand Awareness,435,8550,29,108,1.59,8.4,13803,1
7947,Asia,Google Ads,Brand Awareness,1258,6675,14,118,4.27,9.91,4833,1
7948,Europe,Influencer,Discount,539,715,26,27,1.87,6.99,1727,1
7949,Middle East,Social Media,Brand Awareness,1292,3200,33,48,1.56,10.72,7761,1
7950,Asia,Google Ads,New Product Launch,2584,8285,12,42,3.95,6.56,2880,1
7951,South America,TV Ads,Discount,3750,978,16,16,1.72,2.27,12925,1
7952,North America,TV Ads,Brand Awareness,2788,5795,6,104,1.01,3.89,17814,0
7953,Asia,Email,New Product Launch,550,3074,36,61,4.95,10.73,5480,1
7954,Asia,Google Ads,Brand Awareness,3266,2750,38,55,2.41,3.42,3830,1
7955,Asia,TV Ads,New Product Launch,4434,6345,31,42,1.45,5.37,6905,0
7956,Europe,Influencer,Discount,4070,6614,4,87,4.12,5.1,5782,0
7957,North America,Google Ads,Brand Awareness,4112,6971,3,47,3.39,7.0,8119,1
7958,North America,Influencer,Brand Awareness,1998,2708,47,15,2.96,11.65,818,1
7959,Middle East,Influencer,Brand Awareness,813,7065,15,118,2.35,5.85,3912,1
7960,Middle East,Google Ads,Brand Awareness,2330,3765,31,15,4.79,5.04,19826,0
7961,Middle East,TV Ads,Brand Awareness,1894,2207,38,99,4.15,5.96,18286,1
7962,Europe,Google Ads,Brand Awareness,3550,2623,5,98,2.68,6.11,15802,1
7963,Asia,Email,New Product Launch,3976,8082,12,24,4.05,1.31,4362,1
7964,Asia,TV Ads,New Product Launch,3502,1580,27,9,1.03,7.92,3607,1
7965,North America,Email,Discount,3577,3554,26,52,0.8,6.23,4012,1
7966,South America,Social Media,Brand Awareness,3710,1133,9,28,1.58,10.6,18274,1
7967,Asia,Google Ads,Brand Awareness,3004,5874,30,73,4.6,4.47,1976,0
7968,North America,Social Media,Brand Awareness,3378,8141,14,42,3.18,7.62,13668,1
7969,Middle East,TV Ads,Discount,670,4541,3,63,1.35,8.81,16282,1
7970,Asia,Google Ads,New Product Launch,2933,776,29,89,1.53,2.4,5024,1
7971,South America,Influencer,Brand Awareness,1573,5259,29,115,1.98,4.67,9486,1
7972,Asia,TV Ads,Discount,2077,7913,6,88,2.21,3.77,10272,0
7973,South America,Email,Discount,4236,1684,39,102,4.95,9.85,10058,1
7974,Europe,Google Ads,Brand Awareness,2776,2540,27,74,2.87,9.8,18698,1
7975,Asia,Social Media,New Product Launch,1262,5497,18,33,4.58,6.08,15478,0
7976,North America,Google Ads,New Product Launch,1425,6227,42,119,1.69,7.27,570,1
7977,Asia,Influencer,Discount,2965,6478,29,78,3.29,9.93,7396,1
7978,South America,Google Ads,New Product Launch,1059,1665,8,95,3.91,9.97,13630,0
7979,Middle East,Email,Discount,4374,8186,19,43,3.19,7.75,11761,0
7980,Middle East,Google Ads,Discount,4619,7594,12,33,1.45,6.05,4586,1
7981,South America,Email,Discount,3911,4040,9,70,0.58,1.48,17635,1
7982,Middle East,Google Ads,Discount,1471,967,36,81,4.19,7.49,13016,1
7983,Asia,Google Ads,Discount,2651,218,30,95,2.78,8.51,9847,0
7984,Middle East,Influencer,Brand Awareness,1668,2878,32,12,4.67,10.1,13588,0
7985,Europe,Influencer,New Product Launch,4325,6352,2,89,2.95,7.16,17054,1
7986,South America,Social Media,New Product Launch,1824,2243,6,100,4.51,5.94,15134,1
7987,North America,Google Ads,Brand Awareness,2818,6531,5,35,2.51,6.94,9273,1
7988,South America,Google Ads,Brand Awareness,3459,7578,3,82,1.69,2.93,16624,0
7989,North America,Email,Brand Awareness,1891,8334,22,30,1.6,3.34,9611,1
7990,Asia,Google Ads,Discount,4894,2416,49,5,4.13,4.21,5545,1
7991,Europe,Social Media,Brand Awareness,4346,7392,43,58,0.99,6.43,13458,1
7992,South America,Email,Brand Awareness,1102,5786,4,27,2.27,9.13,6705,0
7993,Europe,Influencer,Discount,433,5836,13,23,3.78,1.68,18857,1
7994,Middle East,Influencer,New Product Launch,4289,8417,20,56,4.77,3.0,18162,1
7995,North America,TV Ads,New Product Launch,3223,7932,12,17,1.94,10.43,12222,1
7996,Middle East,Email,Discount,1649,6723,20,68,4.22,3.47,7915,0
7997,Middle East,Google Ads,Brand Awareness,1295,3491,31,97,3.22,4.16,8850,1
7998,South America,TV Ads,Brand Awareness,4986,8566,42,107,1.34,5.69,11809,0
7999,Europe,Social Media,Brand Awareness,3689,6023,12,84,3.31,1.1,15916,0
8000,North America,TV Ads,Brand Awareness,1416,4750,5,28,0.53,5.77,14726,1
8001,Europe,Email,New Product Launch,4658,3075,10,25,2.71,3.76,1584,1
8002,Asia,Influencer,New Product Launch,1096,858,11,103,2.87,3.65,19573,1
8003,North America,Google Ads,Brand Awareness,182,1930,42,72,2.87,4.22,7820,0
8004,Middle East,Email,Discount,3302,8960,6,101,3.88,3.59,3608,1
8005,South America,Influencer,Brand Awareness,2833,6660,14,77,3.43,8.9,1815,0
8006,Asia,Social Media,Brand Awareness,3322,3410,17,32,3.03,3.56,9723,1
8007,Europe,Email,Brand Awareness,4899,7341,9,63,2.56,4.2,18875,1
8008,North America,Email,Brand Awareness,3945,3716,7,58,2.99,7.86,9549,1
8009,Asia,Google Ads,Discount,3075,1620,3,105,3.88,5.96,15772,1
8010,North America,Influencer,Brand Awareness,3675,4515,24,76,3.06,5.04,7611,0
8011,South America,TV Ads,New Product Launch,4903,439,20,67,3.24,4.36,14563,0
8012,North America,TV Ads,New Product Launch,4968,7753,31,94,4.9,3.8,9410,0
8013,Middle East,Social Media,Discount,1901,6383,49,42,3.82,8.24,16210,0
8014,Europe,Influencer,Discount,4397,7360,12,83,0.82,3.0,2570,1
8015,South America,Email,Discount,3223,3293,22,97,3.91,4.12,16064,1
8016,Asia,Influencer,Brand Awareness,2769,7669,13,95,1.87,3.83,17759,1
8017,South America,TV Ads,Brand Awareness,316,6573,44,68,0.79,2.8,630,0
8018,Asia,Social Media,New Product Launch,2962,4794,5,21,1.94,2.88,4909,1
8019,North America,Email,Brand Awareness,4488,509,40,88,1.65,7.39,18421,1
8020,Europe,Google Ads,Discount,106,5787,46,15,1.19,7.53,1346,1
8021,Asia,TV Ads,Brand Awareness,2257,679,41,17,3.04,6.09,6849,0
8022,North America,Influencer,Discount,1360,4492,42,11,2.2,2.51,8984,0
8023,Europe,Social Media,Discount,1813,4029,12,13,4.03,4.42,6330,0
8024,North America,Influencer,Discount,3129,8421,37,69,0.56,11.26,6480,1
8025,North America,TV Ads,New Product Launch,3130,5072,40,26,3.4,5.03,13326,1
8026,South America,Google Ads,New Product Launch,3310,5104,4,74,3.32,2.52,13097,0
8027,Asia,TV Ads,Brand Awareness,1687,1516,45,60,3.93,7.23,9831,1
8028,Europe,TV Ads,Discount,269,6666,44,79,3.67,5.54,6152,1
8029,Middle East,Email,Brand Awareness,2928,2062,21,20,3.37,9.87,11457,1
8030,Middle East,TV Ads,New Product Launch,4552,1743,38,54,4.84,11.9,12158,1
8031,South America,Google Ads,Brand Awareness,2148,4965,19,29,4.8,4.02,10013,1
8032,North America,Influencer,New Product Launch,3291,6963,21,76,0.74,2.35,1942,1
8033,North America,Influencer,Discount,2391,8807,44,28,0.85,7.14,3968,0
8034,South America,Influencer,Brand Awareness,230,3273,23,95,4.67,9.42,3058,1
8035,North America,Influencer,Discount,1843,4364,19,98,3.8,6.93,9994,1
8036,Asia,Social Media,Brand Awareness,2247,8644,26,21,4.51,4.86,15175,1
8037,Middle East,Social Media,Brand Awareness,4515,3757,19,91,1.92,3.06,19013,1
8038,Middle East,TV Ads,Brand Awareness,707,2887,14,48,3.19,4.96,4784,1
8039,Middle East,TV Ads,Discount,265,2238,29,109,4.85,8.33,2254,1
8040,Middle East,TV Ads,Discount,972,813,47,17,0.92,1.85,2750,1
8041,South America,Google Ads,Discount,2845,6241,34,101,2.07,4.81,6162,0
8042,Middle East,Influencer,Brand Awareness,3254,6746,35,19,0.86,7.09,1223,1
8043,Middle East,Email,Discount,2904,2103,3,118,3.75,5.93,8623,1
8044,Middle East,Email,Discount,159,7932,10,107,0.65,1.39,12853,1
8045,Asia,Email,Discount,2642,791,27,38,1.64,11.45,7420,0
8046,South America,Social Media,New Product Launch,4786,8483,19,9,2.71,4.98,15945,1
8047,South America,TV Ads,Brand Awareness,3089,2128,35,119,3.99,3.73,15799,0
8048,Asia,TV Ads,New Product Launch,949,6484,11,68,0.74,7.78,14344,1
8049,North America,Email,Brand Awareness,2821,3754,8,83,2.26,1.34,6326,0
8050,Europe,Social Media,Discount,3556,4541,46,17,2.54,11.29,19870,0
8051,Middle East,Email,Brand Awareness,754,5823,14,82,1.71,2.5,13632,1
8052,Asia,TV Ads,New Product Launch,574,2217,40,116,0.55,6.42,10717,1
8053,South America,TV Ads,New Product Launch,4456,7788,29,24,4.23,2.97,14851,1
8054,Asia,Influencer,Brand Awareness,3233,1531,10,86,2.86,6.64,17963,1
8055,North America,Influencer,Discount,1280,1042,21,46,1.56,5.06,4577,0
8056,North America,Social Media,Brand Awareness,1290,938,35,84,0.85,2.91,1480,1
8057,North America,Email,Brand Awareness,1541,5094,41,18,3.36,8.43,10237,1
8058,Asia,Email,Discount,2947,354,15,103,4.03,6.82,11857,0
8059,Europe,Google Ads,Discount,4308,7280,17,55,2.12,2.85,3816,0
8060,Asia,Social Media,Discount,926,3247,20,94,3.36,5.8,19051,0
8061,Middle East,Social Media,Brand Awareness,1196,7463,49,38,2.43,10.67,5891,1
8062,North America,TV Ads,Brand Awareness,4574,8641,49,33,0.59,7.72,14741,1
8063,Europe,TV Ads,Brand Awareness,1119,7083,17,39,3.36,4.89,6669,1
8064,Middle East,TV Ads,Discount,2829,7420,14,46,1.94,9.86,19651,1
8065,Middle East,Influencer,Brand Awareness,2197,2212,33,62,0.65,8.42,8111,1
8066,Asia,TV Ads,Brand Awareness,4729,4574,41,31,1.63,8.07,14147,0
8067,South America,Google Ads,Brand Awareness,3371,4302,24,68,4.81,5.75,15455,1
8068,Middle East,Influencer,Discount,3882,8543,44,39,3.55,1.72,12939,1
8069,North America,TV Ads,New Product Launch,2349,4433,41,104,4.94,3.92,15668,1
8070,Middle East,TV Ads,New Product Launch,3502,4045,28,14,3.9,9.92,16997,1
8071,Europe,Email,Brand Awareness,3901,8912,7,51,4.55,2.4,15532,1
8072,Asia,TV Ads,New Product Launch,3351,265,17,13,4.31,2.39,17616,1
8073,Asia,Google Ads,Brand Awareness,4568,773,5,17,1.44,3.71,9639,1
8074,Asia,Social Media,Brand Awareness,3477,215,42,83,2.55,2.35,12537,1
8075,South America,Influencer,New Product Launch,848,6047,41,55,2.55,9.98,18424,1
8076,Europe,Google Ads,Discount,3986,1750,44,25,4.46,3.08,6158,1
8077,South America,Social Media,Discount,1450,6764,8,74,1.55,1.94,3592,0
8078,South America,Email,Discount,2775,4245,36,42,4.12,2.6,12911,1
8079,Europe,Email,Brand Awareness,4470,5141,16,50,1.4,6.16,1571,1
8080,Europe,Social Media,New Product Launch,3658,3903,21,111,2.85,8.78,17770,0
8081,North America,Social Media,New Product Launch,3009,5811,33,38,0.62,9.25,18848,0
8082,Europe,TV Ads,Brand Awareness,153,8714,24,109,4.72,6.66,8232,0
8083,Europe,Influencer,Discount,943,5669,33,28,3.84,11.97,7568,1
8084,Middle East,Email,Discount,1204,8423,45,34,3.63,8.93,5651,0
8085,North America,Google Ads,Discount,4796,4832,30,41,1.92,6.32,4049,0
8086,Europe,Email,New Product Launch,4724,7951,37,76,0.55,7.13,13340,1
8087,Asia,Social Media,Brand Awareness,3730,6839,34,60,2.79,3.7,16054,1
8088,Europe,TV Ads,New Product Launch,4932,2241,19,110,4.82,1.31,11712,1
8089,South America,Email,Discount,1384,1591,9,108,3.37,11.65,6030,1
8090,Middle East,Google Ads,Brand Awareness,4822,2479,2,69,4.07,11.24,15298,1
8091,South America,TV Ads,Discount,1245,7106,16,119,3.37,5.78,16739,1
8092,Europe,Influencer,Discount,366,4158,22,97,0.61,10.18,15536,1
8093,Europe,Influencer,Brand Awareness,4935,3282,38,29,4.21,2.39,12683,1
8094,North America,Google Ads,Discount,2932,1304,46,111,0.62,2.08,14608,1
8095,South America,TV Ads,New Product Launch,307,8034,46,58,4.94,1.78,9410,1
8096,Middle East,Influencer,Discount,105,5500,3,29,2.92,6.62,14335,1
8097,South America,Email,Brand Awareness,1132,5152,15,47,1.76,1.35,7294,1
8098,Middle East,Influencer,New Product Launch,501,548,4,16,4.31,9.86,2850,0
8099,Middle East,TV Ads,Brand Awareness,2883,4877,27,72,1.98,1.69,9516,0
8100,Asia,Social Media,New Product Launch,3427,8258,37,22,4.64,11.97,9753,1
8101,North America,TV Ads,Brand Awareness,402,6270,3,13,1.39,2.22,3342,1
8102,South America,Influencer,Discount,3841,5706,32,110,3.62,9.79,2535,0
8103,North America,TV Ads,Brand Awareness,325,6255,6,23,1.97,8.39,19710,1
8104,Europe,Email,Discount,653,1296,12,76,0.71,4.71,578,0
8105,Middle East,Email,Brand Awareness,302,4987,40,77,3.11,8.22,14964,0
8106,North America,Google Ads,New Product Launch,1739,4347,25,70,0.55,10.81,10442,1
8107,Middle East,Email,Brand Awareness,4655,8099,18,14,1.25,7.12,14922,1
8108,North America,Social Media,Discount,3105,5189,34,65,3.0,2.73,1548,1
8109,South America,Social Media,New Product Launch,3619,4519,27,80,3.71,10.94,4755,1
8110,South America,Email,New Product Launch,2164,3474,14,54,3.38,2.76,19401,1
8111,Europe,TV Ads,Brand Awareness,3984,5293,25,45,2.08,8.9,12219,0
8112,Europe,TV Ads,Discount,1708,794,43,113,1.3,10.4,3915,0
8113,Middle East,Influencer,New Product Launch,1935,1741,44,45,2.78,7.53,13408,0
8114,South America,Influencer,Brand Awareness,361,1533,44,47,3.28,6.5,19872,1
8115,South America,Google Ads,Brand Awareness,2265,5485,25,92,1.16,8.1,8166,1
8116,Asia,Influencer,New Product Launch,824,3971,19,27,1.28,1.74,19258,1
8117,North America,Google Ads,New Product Launch,4700,3673,20,17,4.07,4.73,8135,0
8118,Middle East,Influencer,New Product Launch,4547,8235,40,21,4.53,4.63,1260,1
8119,Europe,Google Ads,Brand Awareness,866,8751,31,60,4.71,7.79,1727,1
8120,Middle East,Social Media,New Product Launch,4725,535,47,90,4.3,5.08,18663,1
8121,Europe,Google Ads,New Product Launch,1880,7175,48,15,2.69,3.82,3228,0
8122,Europe,Social Media,New Product Launch,370,4923,25,88,4.72,10.11,9940,0
8123,Middle East,Social Media,New Product Launch,1730,5629,32,115,3.57,1.78,3022,0
8124,Europe,TV Ads,Brand Awareness,2680,8749,29,79,3.44,6.91,6664,1
8125,Middle East,Google Ads,Discount,833,3252,44,91,1.14,3.84,8050,1
8126,North America,Email,Discount,2084,4694,16,43,2.52,4.06,1211,0
8127,Asia,TV Ads,Discount,780,6760,41,41,4.34,2.29,10564,1
8128,South America,Google Ads,New Product Launch,629,2065,15,97,2.5,9.68,16452,1
8129,South America,Social Media,New Product Launch,2383,6460,43,9,2.31,7.11,15889,1
8130,North America,Social Media,New Product Launch,773,5328,26,100,2.37,11.91,8427,0
8131,South America,Google Ads,Brand Awareness,4602,4277,6,69,4.21,3.57,10272,1
8132,Middle East,TV Ads,Brand Awareness,3149,7756,18,6,2.49,5.28,11732,1
8133,North America,Influencer,Brand Awareness,2834,1357,3,63,0.84,1.32,5168,1
8134,Middle East,Email,Discount,339,2547,47,69,2.0,11.68,7726,1
8135,Asia,Social Media,Brand Awareness,4867,4691,30,61,4.92,8.75,6802,0
8136,Asia,TV Ads,Discount,574,1608,42,10,2.0,2.63,3665,1
8137,North America,Email,New Product Launch,448,5805,3,73,4.06,4.38,13552,1
8138,Europe,Social Media,New Product Launch,1335,8626,25,102,4.48,3.04,1755,1
8139,Europe,TV Ads,Brand Awareness,2212,7103,3,118,2.8,2.34,3240,0
8140,Asia,Google Ads,Brand Awareness,4803,6024,1,16,3.39,10.27,11445,1
8141,North America,Influencer,New Product Launch,2068,1602,11,88,1.69,2.45,5041,1
8142,Asia,Google Ads,Discount,2809,2071,39,17,1.44,3.58,10391,1
8143,Europe,TV Ads,Discount,873,8254,19,68,3.56,5.86,19144,1
8144,Europe,Email,Brand Awareness,1209,4192,11,89,4.79,8.84,18172,0
8145,Europe,Google Ads,Brand Awareness,2824,5301,8,97,4.57,8.2,5221,0
8146,South America,Email,Discount,3906,6255,27,54,2.53,8.35,8078,1
8147,Europe,Social Media,Brand Awareness,604,2311,35,79,1.66,10.53,3211,1
8148,Middle East,TV Ads,New Product Launch,3176,8520,9,64,2.95,11.5,16200,0
8149,Middle East,Email,Brand Awareness,4856,8716,20,62,2.42,7.28,4584,1
8150,South America,Social Media,Brand Awareness,3802,2090,37,52,1.31,10.82,17838,1
8151,Asia,Email,Discount,4634,858,11,23,1.38,9.28,10883,0
8152,Asia,Google Ads,New Product Launch,4077,8013,16,24,1.34,9.83,10819,1
8153,South America,Email,Discount,1414,5978,18,81,4.55,1.69,10808,1
8154,South America,Email,New Product Launch,869,3402,19,91,3.69,1.75,8161,1
8155,Middle East,Influencer,Brand Awareness,3663,7522,9,59,4.33,6.41,2899,0
8156,Middle East,Email,Discount,3822,4348,23,36,1.09,5.04,5778,1
8157,South America,Google Ads,Discount,2896,945,37,100,1.13,1.82,8571,0
8158,Asia,Social Media,New Product Launch,4422,3883,22,25,0.56,3.62,18344,1
8159,Asia,TV Ads,Discount,1196,4849,9,93,0.91,11.57,4109,0
8160,North America,Influencer,Discount,1290,5628,29,18,2.83,5.31,16200,1
8161,Asia,Google Ads,Discount,3978,1755,25,107,4.45,11.95,17953,1
8162,Asia,Influencer,Discount,1838,7457,33,15,1.48,4.25,6589,1
8163,Middle East,TV Ads,Discount,1227,4463,19,88,2.32,11.76,1579,1
8164,Asia,Influencer,New Product Launch,4615,1703,2,55,3.65,11.23,10182,0
8165,Middle East,Influencer,Brand Awareness,4837,4786,28,103,1.71,6.8,17152,0
8166,Middle East,Social Media,Brand Awareness,3032,4459,16,85,1.36,1.97,18449,1
8167,Asia,Influencer,New Product Launch,2499,1384,3,93,3.64,5.7,11609,1
8168,Europe,TV Ads,Brand Awareness,3025,4135,41,73,1.24,9.22,13652,1
8169,South America,Influencer,Brand Awareness,1026,7275,32,96,2.85,1.11,10991,1
8170,South America,Google Ads,New Product Launch,4443,1977,7,109,4.77,6.29,12206,1
8171,North America,TV Ads,New Product Launch,4003,5185,28,71,1.32,8.56,10865,1
8172,Europe,Influencer,New Product Launch,1206,2999,29,71,2.07,7.68,18774,0
8173,Middle East,Influencer,Discount,1750,571,16,43,3.94,3.22,12024,1
8174,North America,TV Ads,New Product Launch,1472,8100,22,58,4.01,10.68,1800,1
8175,Middle East,Google Ads,Discount,2512,6252,39,75,1.52,7.51,13214,1
8176,North America,Google Ads,Discount,3742,5838,42,83,1.61,1.4,17439,1
8177,Middle East,Email,Brand Awareness,1958,1384,45,65,2.96,9.79,4948,1
8178,Europe,Google Ads,Brand Awareness,4537,8924,25,98,4.9,10.01,7734,0
8179,Europe,Google Ads,Discount,3019,6483,45,79,1.25,11.84,15948,1
8180,Middle East,Influencer,Discount,3470,4782,46,113,3.17,4.63,2739,0
8181,South America,Email,Discount,894,4503,1,65,2.9,8.82,17360,0
8182,Asia,Email,Brand Awareness,324,550,29,17,4.8,9.71,1424,0
8183,Middle East,TV Ads,New Product Launch,1326,4265,2,56,3.01,4.89,3494,1
8184,Asia,Social Media,New Product Launch,3960,3565,39,98,2.21,1.27,16895,1
8185,Asia,TV Ads,New Product Launch,2902,1294,11,93,1.88,10.47,7260,1
8186,North America,Google Ads,New Product Launch,4956,2514,13,8,1.95,2.3,2074,0
8187,North America,Google Ads,Brand Awareness,3274,1773,2,16,1.32,9.56,13079,0
8188,South America,Google Ads,New Product Launch,2255,3285,27,29,1.94,10.1,5579,0
8189,Asia,Email,New Product Launch,2367,602,15,55,2.07,2.85,5702,0
8190,North America,TV Ads,Brand Awareness,4876,8034,45,12,1.89,5.71,16181,0
8191,Europe,TV Ads,New Product Launch,2712,6545,6,61,3.16,4.2,12039,1
8192,Middle East,TV Ads,New Product Launch,1565,4064,43,35,4.33,5.79,615,0
8193,Asia,Influencer,Brand Awareness,2876,3008,24,50,1.64,5.74,1932,1
8194,North America,Influencer,Discount,4752,6532,30,34,1.2,8.23,12150,1
8195,Asia,Email,Brand Awareness,4845,6400,9,88,3.74,2.82,7724,0
8196,Europe,TV Ads,Brand Awareness,263,2858,6,58,0.51,8.94,10928,1
8197,Asia,Influencer,Discount,2983,7382,21,52,2.2,5.91,6042,1
8198,South America,TV Ads,New Product Launch,869,5333,47,78,4.69,8.54,12329,1
8199,North America,Social Media,Brand Awareness,4603,5326,16,114,2.73,1.16,3092,0
8200,Asia,Google Ads,Brand Awareness,3594,7733,24,91,2.68,1.46,9075,1
8201,Asia,Email,Brand Awareness,1759,1750,1,72,3.86,8.68,19891,1
8202,Europe,Email,Discount,2737,4354,11,107,1.73,5.7,13798,1
8203,South America,Google Ads,Discount,2184,2260,24,48,4.48,2.91,12815,0
8204,Middle East,Email,Discount,4287,7902,25,31,2.71,2.34,10989,1
8205,North America,Google Ads,New Product Launch,1310,1401,16,70,1.08,7.15,7759,1
8206,Middle East,Social Media,Discount,4329,3532,14,65,4.77,6.66,16700,1
8207,South America,Social Media,Discount,1468,456,42,81,1.14,3.94,2159,1
8208,Middle East,Social Media,New Product Launch,4896,3074,17,63,3.11,7.87,14402,1
8209,Asia,Email,New Product Launch,1463,2599,29,39,4.06,7.49,4410,0
8210,Middle East,Social Media,Discount,1536,3206,15,16,4.64,5.63,4803,0
8211,Europe,Email,Brand Awareness,4332,5009,25,38,2.27,3.64,13317,0
8212,Middle East,Google Ads,New Product Launch,4094,805,35,95,1.93,1.59,12773,0
8213,Asia,Social Media,Discount,1373,3200,33,77,0.58,9.72,5522,1
8214,Asia,Influencer,New Product Launch,3772,6236,21,20,2.13,3.83,16335,1
8215,Asia,Email,New Product Launch,3162,886,33,96,1.22,6.99,19810,1
8216,North America,Social Media,Brand Awareness,2085,6638,30,45,2.2,12.0,9866,1
8217,Asia,Social Media,Discount,2044,3526,13,55,3.94,3.58,13455,1
8218,Europe,Influencer,Brand Awareness,2115,7977,6,26,0.72,2.92,1817,0
8219,Europe,TV Ads,Brand Awareness,112,5147,35,105,4.11,5.63,11387,1
8220,Asia,Email,Discount,122,532,26,48,1.63,1.2,11750,1
8221,Asia,Email,New Product Launch,1110,1663,41,73,1.36,7.13,7465,1
8222,North America,Google Ads,Discount,2348,8961,33,25,0.62,7.56,4852,1
8223,North America,Influencer,Brand Awareness,2966,2040,1,48,1.45,8.79,19637,1
8224,Middle East,Google Ads,Discount,1821,1474,40,86,3.85,2.72,19718,1
8225,South America,Email,New Product Launch,3348,5406,11,79,4.04,8.16,17325,0
8226,Asia,Google Ads,New Product Launch,1647,3645,12,66,2.68,9.65,15823,1
8227,Middle East,Influencer,Discount,226,3052,31,97,3.94,2.24,12487,0
8228,Asia,TV Ads,Discount,2762,1989,44,116,0.55,3.05,12136,0
8229,North America,Influencer,Brand Awareness,1359,7558,19,93,4.59,9.32,17584,0
8230,South America,Email,New Product Launch,2245,7764,45,108,3.61,5.96,10895,0
8231,North America,Influencer,Discount,4830,5239,35,9,2.93,9.3,15524,1
8232,North America,Email,Discount,3176,2517,2,38,2.18,7.78,6365,1
8233,Asia,Social Media,Brand Awareness,2117,4822,37,20,0.59,1.61,11741,1
8234,Asia,Influencer,Discount,1814,5048,20,60,4.99,9.79,19817,1
8235,Middle East,Email,New Product Launch,4908,7338,16,112,0.98,7.84,4625,0
8236,Middle East,Influencer,Brand Awareness,2807,803,34,58,0.6,9.3,5494,1
8237,Asia,Influencer,Brand Awareness,2035,6229,36,72,0.95,8.26,4307,1
8238,Asia,Google Ads,Discount,1750,5147,22,59,2.67,3.93,2962,1
8239,North America,Social Media,New Product Launch,1318,1734,12,6,0.87,10.47,1043,0
8240,North America,Email,New Product Launch,1592,4950,40,97,4.38,7.99,15787,1
8241,South America,Google Ads,New Product Launch,540,8823,49,29,1.29,3.79,919,1
8242,Europe,Influencer,New Product Launch,329,3661,20,99,1.88,1.67,6562,1
8243,North America,Google Ads,Discount,2294,5787,32,86,2.31,6.06,6339,1
8244,Asia,TV Ads,Brand Awareness,3484,6482,8,51,2.68,11.83,15430,0
8245,Middle East,Influencer,New Product Launch,1390,3330,10,50,1.87,3.91,5671,1
8246,Europe,Google Ads,Brand Awareness,938,7331,26,108,2.34,9.44,11081,1
8247,Middle East,Influencer,New Product Launch,3339,3395,5,18,2.18,8.32,4865,0
8248,Europe,Email,Discount,2506,2422,14,19,4.42,8.43,10125,0
8249,North America,TV Ads,New Product Launch,2549,2761,8,62,1.24,6.08,6428,1
8250,Asia,Email,New Product Launch,2781,1888,25,35,4.7,1.43,6010,0
8251,South America,TV Ads,Brand Awareness,4914,2006,17,105,1.3,8.19,19810,1
8252,Middle East,TV Ads,Discount,4112,3800,45,94,3.17,1.68,5853,1
8253,Europe,TV Ads,Brand Awareness,1981,7335,25,67,4.55,2.95,15176,1
8254,Middle East,Email,Brand Awareness,354,5000,38,13,1.87,7.5,19667,0
8255,Asia,Social Media,Discount,3644,5809,10,80,2.98,8.0,3565,0
8256,Europe,Google Ads,New Product Launch,1569,1405,44,55,1.75,3.07,13120,1
8257,Asia,Email,New Product Launch,3826,4284,14,50,4.76,9.15,1895,1
8258,North America,Influencer,Brand Awareness,2550,1825,19,60,3.07,7.2,15819,1
8259,Middle East,Social Media,New Product Launch,3851,8229,36,113,2.34,10.41,16755,1
8260,Europe,Social Media,Discount,1507,8961,7,78,3.9,10.04,17759,1
8261,Europe,Google Ads,Discount,4187,4092,35,118,4.87,10.3,8202,1
8262,Europe,Email,New Product Launch,2443,6059,42,116,4.84,3.29,4818,0
8263,Europe,Email,New Product Launch,4627,2980,27,74,1.93,3.41,14715,1
8264,North America,Social Media,New Product Launch,819,5495,46,55,4.04,11.0,19343,1
8265,South America,Influencer,Discount,886,977,6,50,2.42,7.7,12871,0
8266,Middle East,Email,Brand Awareness,3707,3912,15,59,2.81,6.58,5612,1
8267,Middle East,Email,Discount,3654,543,39,34,1.35,7.95,3485,0
8268,Europe,Email,Discount,1461,6565,49,115,4.22,5.35,1361,0
8269,North America,TV Ads,Discount,4653,6635,14,83,3.64,8.37,1321,0
8270,Middle East,Influencer,Brand Awareness,122,4936,44,28,1.3,5.45,8159,0
8271,Asia,TV Ads,Discount,604,4487,47,35,2.45,7.24,19060,1
8272,Europe,Email,New Product Launch,4768,3720,28,52,1.86,1.14,16932,1
8273,North America,Social Media,Brand Awareness,2519,6946,10,79,2.24,7.63,2779,0
8274,South America,TV Ads,Discount,297,6796,33,77,1.28,6.3,17070,0
8275,Middle East,TV Ads,New Product Launch,4669,3764,4,71,4.71,11.93,6749,1
8276,Asia,Email,New Product Launch,2555,607,15,10,2.61,6.59,19910,1
8277,Middle East,Google Ads,New Product Launch,2201,8911,4,85,3.35,9.1,10753,1
8278,Middle East,Influencer,New Product Launch,1920,6838,44,10,2.01,2.78,2396,1
8279,Asia,Influencer,New Product Launch,1851,6323,11,12,2.03,2.65,9360,1
8280,South America,Google Ads,New Product Launch,3868,2425,32,42,1.99,5.34,10689,1
8281,South America,TV Ads,Discount,4851,2365,8,42,0.87,3.55,10084,0
8282,South America,Google Ads,New Product Launch,1160,6722,42,96,2.66,4.81,14107,0
8283,South America,TV Ads,New Product Launch,1512,3527,35,9,1.63,1.28,4471,1
8284,Asia,Google Ads,New Product Launch,797,4049,9,90,3.43,11.87,10244,0
8285,Middle East,Social Media,Discount,4757,6937,35,109,3.96,3.6,17852,1
8286,Europe,TV Ads,Brand Awareness,1236,8799,15,80,4.55,7.43,9510,1
8287,Middle East,Social Media,New Product Launch,1176,3155,15,72,1.79,1.72,898,0
8288,Asia,Influencer,Brand Awareness,1485,1102,18,93,3.81,1.76,5345,0
8289,Middle East,TV Ads,Discount,3330,8149,40,65,4.03,4.46,5521,1
8290,Middle East,Google Ads,Discount,2529,8933,37,83,0.78,9.19,16886,1
8291,Europe,Influencer,New Product Launch,2401,7756,25,63,1.38,2.97,2890,1
8292,Asia,Social Media,New Product Launch,2360,5456,43,66,3.13,2.4,5413,0
8293,Middle East,Email,Discount,3450,8312,32,47,4.33,7.97,14390,0
8294,Europe,Google Ads,Brand Awareness,2950,4855,36,40,1.05,6.71,6093,1
8295,Asia,Google Ads,New Product Launch,295,6395,7,41,1.89,10.87,15984,1
8296,Asia,TV Ads,Discount,1736,3582,14,64,0.9,10.55,14056,0
8297,Europe,Influencer,Brand Awareness,1247,3781,27,27,2.14,8.04,18029,0
8298,Europe,Social Media,Brand Awareness,159,883,23,10,2.99,7.34,12252,0
8299,South America,Email,Discount,3908,5667,10,65,3.7,4.07,6412,1
8300,North America,TV Ads,Brand Awareness,1359,1856,26,97,2.58,8.49,11617,1
8301,South America,Email,Brand Awareness,3576,8847,31,114,2.72,11.22,4884,0
8302,Europe,Social Media,New Product Launch,886,2495,36,117,2.76,4.49,8113,1
8303,North America,Google Ads,Brand Awareness,707,3997,49,75,3.82,3.81,10747,1
8304,North America,Influencer,Discount,2808,7177,5,90,3.85,10.29,13778,1
8305,South America,Influencer,Discount,2463,3018,11,62,0.97,5.79,12442,0
8306,Europe,Social Media,Brand Awareness,994,7783,42,55,3.14,3.72,6121,1
8307,North America,Google Ads,Brand Awareness,919,7329,48,21,1.68,10.08,3359,1
8308,Middle East,Influencer,Brand Awareness,1459,4698,36,63,0.63,11.98,2036,1
8309,Middle East,TV Ads,Brand Awareness,1005,4437,37,45,3.61,4.54,1469,1
8310,North America,TV Ads,Discount,2932,4249,39,115,1.24,1.99,14836,0
8311,North America,Email,Brand Awareness,2532,8426,42,65,0.93,8.74,16832,1
8312,Middle East,TV Ads,Brand Awareness,1188,6345,11,35,4.73,1.07,11881,1
8313,North America,Social Media,Discount,2511,3292,44,113,1.99,3.48,16560,1
8314,Asia,Google Ads,Brand Awareness,3324,6114,37,61,3.04,6.48,17875,1
8315,Asia,TV Ads,Discount,1191,8395,42,55,1.07,9.06,12139,0
8316,South America,Influencer,New Product Launch,2502,2628,13,82,3.49,11.97,11639,1
8317,South America,TV Ads,Brand Awareness,222,4252,35,92,3.06,3.06,15766,1
8318,Asia,Social Media,New Product Launch,2079,8116,31,106,1.96,5.14,19891,0
8319,North America,TV Ads,Brand Awareness,321,4760,34,105,4.69,8.95,13786,0
8320,Asia,Influencer,Brand Awareness,483,715,22,18,2.88,6.4,12778,1
8321,South America,TV Ads,New Product Launch,2954,7888,9,14,3.79,6.62,4796,1
8322,South America,Email,New Product Launch,4793,5964,42,19,1.39,4.73,12589,0
8323,Europe,Google Ads,Discount,4872,681,24,52,1.54,7.6,2316,0
8324,Middle East,Social Media,Brand Awareness,1831,8377,17,59,4.35,4.06,10624,1
8325,Europe,Social Media,Discount,1323,643,35,55,4.7,5.69,8307,0
8326,North America,Google Ads,Brand Awareness,2083,3209,30,78,1.13,4.03,11030,1
8327,South America,Google Ads,Brand Awareness,3908,2533,21,92,1.2,5.43,9742,1
8328,Middle East,Google Ads,Brand Awareness,897,1517,14,86,2.5,7.04,10207,1
8329,North America,Google Ads,Discount,3778,7031,10,26,4.62,11.54,5371,0
8330,Asia,Email,New Product Launch,585,8064,43,30,1.96,5.68,16805,1
8331,Asia,Social Media,New Product Launch,1533,265,43,73,4.55,10.35,9623,1
8332,South America,Social Media,New Product Launch,3523,3816,30,112,4.06,8.59,17837,0
8333,North America,Email,Discount,329,5657,13,21,1.23,7.47,14492,0
8334,Asia,Google Ads,Discount,1488,3584,38,57,4.8,7.1,3684,1
8335,Middle East,Social Media,Discount,4855,2421,8,44,4.77,6.3,18885,1
8336,South America,TV Ads,Discount,3546,7949,20,5,1.71,11.93,4709,1
8337,South America,Google Ads,Discount,111,4236,42,20,1.24,9.11,12788,0
8338,Asia,TV Ads,Brand Awareness,3674,7669,16,96,0.59,1.71,12881,0
8339,South America,Influencer,Discount,2836,4584,23,81,0.65,7.83,9321,0
8340,Asia,Email,New Product Launch,3342,1694,17,105,2.9,8.3,12233,0
8341,Europe,Influencer,Brand Awareness,1474,1827,41,74,3.48,1.49,8449,0
8342,Europe,Influencer,Brand Awareness,4988,4994,24,18,1.69,4.44,11658,1
8343,Middle East,Influencer,New Product Launch,1395,7212,2,102,4.57,6.71,17347,1
8344,Middle East,Email,New Product Launch,3272,3423,46,80,4.72,3.19,10742,1
8345,Asia,Google Ads,Discount,3605,3640,37,35,3.7,10.13,1745,1
8346,Europe,Google Ads,Brand Awareness,4707,2235,29,113,3.42,7.25,5432,1
8347,North America,Social Media,New Product Launch,2936,2403,17,52,3.09,10.73,8326,0
8348,South America,Email,Brand Awareness,808,1321,44,83,3.76,9.74,12576,0
8349,North America,TV Ads,Discount,1538,3455,39,9,4.41,5.44,12787,1
8350,South America,TV Ads,Brand Awareness,4163,2505,12,112,4.58,9.71,19897,1
8351,North America,Influencer,Discount,3070,1564,46,100,0.63,3.65,3763,1
8352,Europe,Social Media,New Product Launch,3901,7279,8,112,3.24,2.41,1235,1
8353,North America,Google Ads,Discount,4969,4066,33,23,1.78,7.12,5644,1
8354,South America,Google Ads,Discount,4992,5629,18,32,4.25,8.28,10846,1
8355,North America,Email,Brand Awareness,2254,4208,17,86,4.03,7.33,7466,0
8356,Europe,Google Ads,Discount,4897,7625,24,61,4.57,7.18,16079,1
8357,Asia,TV Ads,Brand Awareness,2822,7750,18,25,2.39,11.77,3274,0
8358,South America,Google Ads,Brand Awareness,191,3047,6,31,3.17,4.42,4270,1
8359,South America,Influencer,New Product Launch,2129,8049,13,89,0.93,5.92,8928,1
8360,South America,Email,Discount,3405,5287,11,29,4.03,7.3,9566,1
8361,Asia,Social Media,Discount,4736,859,14,109,0.87,9.98,17068,0
8362,Asia,TV Ads,Brand Awareness,4692,4588,47,118,3.19,11.81,5151,0
8363,South America,Google Ads,Discount,4270,1038,34,60,1.52,1.09,860,1
8364,North America,Google Ads,Brand Awareness,2677,6465,16,9,3.17,6.36,12288,1
8365,Asia,TV Ads,Brand Awareness,1270,1345,46,107,4.46,5.69,3151,0
8366,North America,TV Ads,New Product Launch,4597,3288,45,35,2.76,11.23,19326,1
8367,Europe,Email,New Product Launch,1653,6327,48,28,3.55,6.99,19925,1
8368,South America,TV Ads,Discount,1103,4729,26,38,4.28,7.79,3854,0
8369,South America,Influencer,Discount,4968,1005,27,29,0.72,3.52,6380,1
8370,Asia,Social Media,Discount,1374,7347,45,27,0.91,4.29,11459,1
8371,Middle East,TV Ads,New Product Launch,4388,7121,29,84,1.63,11.71,5195,0
8372,Middle East,Social Media,New Product Launch,739,2622,34,107,4.23,2.74,10765,1
8373,Europe,Social Media,Brand Awareness,3289,5557,37,100,0.68,11.79,17039,0
8374,North America,TV Ads,Discount,1996,3190,37,78,0.69,6.29,5928,0
8375,North America,Influencer,Brand Awareness,1351,934,48,54,4.41,11.82,6297,1
8376,North America,TV Ads,Discount,2051,6167,30,23,1.4,11.86,4204,0
8377,South America,Influencer,Brand Awareness,2490,1732,43,79,3.59,2.09,11444,1
8378,Asia,TV Ads,New Product Launch,862,2866,27,32,0.75,3.17,3451,0
8379,Asia,TV Ads,Discount,2171,6330,6,65,1.84,9.73,3096,1
8380,North America,TV Ads,Discount,4977,2027,11,106,4.34,2.15,4652,1
8381,South America,TV Ads,Brand Awareness,2997,6729,23,100,4.85,9.38,17373,0
8382,Middle East,TV Ads,Brand Awareness,4465,6315,2,23,2.04,7.15,4594,1
8383,Middle East,Email,New Product Launch,4098,6585,35,78,4.05,3.55,18880,1
8384,Europe,Social Media,New Product Launch,2206,5180,49,100,2.11,5.89,16220,1
8385,North America,Social Media,Discount,915,7097,23,106,3.78,3.22,18354,0
8386,Middle East,Google Ads,Discount,4652,5718,28,66,1.98,9.2,809,1
8387,North America,Social Media,Discount,1848,907,28,99,3.98,8.86,1560,1
8388,South America,Influencer,New Product Launch,991,4678,38,33,4.97,8.29,5444,1
8389,North America,Email,New Product Launch,560,4925,6,42,1.31,7.03,1509,1
8390,South America,Influencer,Discount,984,5943,11,63,1.96,9.2,14412,1
8391,Middle East,Social Media,Discount,3981,5742,14,29,3.8,5.2,3351,0
8392,Middle East,Influencer,Brand Awareness,2176,7552,24,105,4.03,5.42,1035,1
8393,South America,Influencer,Brand Awareness,546,5196,6,85,3.31,6.86,7665,1
8394,South America,Google Ads,Brand Awareness,2747,1558,43,49,4.05,6.33,12285,1
8395,Middle East,TV Ads,Discount,2224,8865,5,66,4.92,6.61,6084,0
8396,Asia,Influencer,Discount,637,5995,8,23,3.13,10.38,14576,0
8397,Asia,Email,Discount,3001,7241,9,11,4.61,11.31,11457,1
8398,Asia,TV Ads,Brand Awareness,2678,455,47,21,1.31,11.27,8710,1
8399,Middle East,Google Ads,Discount,3595,5588,49,71,3.45,2.3,1653,1
8400,Asia,Social Media,New Product Launch,1487,8068,18,117,2.83,1.23,15184,1
8401,Europe,Email,Brand Awareness,1609,6175,16,28,4.96,10.72,9367,1
8402,Middle East,TV Ads,Discount,3138,1460,33,103,0.8,11.12,4991,1
8403,Europe,Email,Discount,210,2338,11,74,4.68,4.45,15416,1
8404,Middle East,TV Ads,Brand Awareness,3014,2706,6,56,3.44,10.22,7110,0
8405,North America,Influencer,Brand Awareness,2149,6528,22,103,1.95,8.04,10664,1
8406,Asia,Social Media,Brand Awareness,4698,6585,26,108,3.66,6.32,14416,0
8407,South America,Google Ads,Discount,1074,8972,11,40,0.89,11.21,5513,1
8408,Europe,Google Ads,New Product Launch,3707,4329,10,46,3.88,3.5,4909,1
8409,Europe,TV Ads,Brand Awareness,1534,7185,7,100,4.71,8.83,11937,1
8410,South America,TV Ads,Discount,376,6758,25,110,4.57,3.95,10832,0
8411,Middle East,Social Media,Discount,3913,547,47,90,4.78,5.79,19338,0
8412,South America,Email,Discount,2647,8907,33,81,2.74,9.86,1239,1
8413,Europe,Social Media,Discount,3235,1463,47,72,3.66,5.07,19531,1
8414,Europe,Influencer,New Product Launch,1025,4772,29,80,4.48,7.96,13730,0
8415,North America,Social Media,Brand Awareness,1462,7524,41,98,3.74,8.8,11633,0
8416,Europe,Influencer,New Product Launch,2819,5379,31,90,0.72,6.26,16271,0
8417,South America,Email,New Product Launch,1751,8387,45,27,2.03,8.08,15959,1
8418,South America,Influencer,New Product Launch,4693,1405,4,106,4.65,9.72,19887,1
8419,North America,Influencer,New Product Launch,4491,8809,44,29,0.85,2.63,6974,0
8420,Asia,Influencer,New Product Launch,498,4713,11,42,2.13,6.41,17005,0
8421,North America,Email,New Product Launch,1257,2947,23,25,4.41,10.67,19758,0
8422,North America,Google Ads,New Product Launch,3880,1469,23,25,3.34,5.89,17509,1
8423,Europe,Email,Brand Awareness,4008,7927,15,32,4.87,11.3,4482,0
8424,Europe,Email,New Product Launch,4929,8518,5,46,2.67,1.37,4873,0
8425,Europe,TV Ads,Discount,1330,2578,23,24,2.53,1.92,15893,0
8426,Middle East,Influencer,Brand Awareness,3696,5889,31,93,1.3,2.86,9651,1
8427,Asia,Google Ads,Brand Awareness,352,1490,5,94,2.15,3.67,17518,1
8428,South America,TV Ads,Brand Awareness,1080,258,6,25,1.44,8.33,15323,1
8429,North America,Influencer,New Product Launch,4298,4294,3,54,3.88,9.46,3800,1
8430,Middle East,TV Ads,Brand Awareness,4494,8194,11,80,1.46,3.1,10705,1
8431,North America,Influencer,Discount,4479,5005,2,34,1.14,7.24,8355,1
8432,Middle East,Influencer,New Product Launch,1818,2637,16,45,4.17,8.68,16087,1
8433,Europe,Social Media,New Product Launch,2557,2579,4,35,1.94,3.72,1096,0
8434,Europe,Social Media,Discount,3921,7518,40,92,4.18,6.14,7312,0
8435,Asia,Google Ads,Discount,1210,5394,42,68,1.34,6.41,13790,1
8436,Middle East,Google Ads,Brand Awareness,2554,8518,36,37,4.81,2.74,606,1
8437,South America,Email,Brand Awareness,392,8203,7,31,2.37,11.55,6001,1
8438,Middle East,Google Ads,Discount,2519,5287,46,22,4.76,4.18,10980,1
8439,Europe,TV Ads,Discount,1149,1744,15,37,3.12,7.4,7958,1
8440,Asia,Social Media,Brand Awareness,2656,2542,10,55,2.1,3.52,14089,1
8441,Europe,Google Ads,New Product Launch,4509,8377,13,46,1.7,2.3,12488,0
8442,Middle East,Influencer,New Product Launch,3040,3932,20,44,4.82,11.21,4168,1
8443,Asia,Google Ads,New Product Launch,4190,8417,35,78,3.88,4.32,12869,0
8444,Middle East,Email,Discount,3131,3756,29,77,0.72,8.43,8227,0
8445,South America,Email,New Product Launch,607,1003,1,63,4.9,9.74,1971,1
8446,Europe,Social Media,New Product Launch,3502,295,28,107,1.58,9.72,10631,1
8447,Europe,Google Ads,Brand Awareness,4869,7109,28,77,4.68,5.63,18007,1
8448,Middle East,TV Ads,New Product Launch,4412,3948,12,111,4.06,7.35,7845,1
8449,Middle East,Email,New Product Launch,2214,3867,30,52,4.34,1.25,13612,1
8450,Middle East,TV Ads,Discount,3492,2020,35,72,2.83,5.12,18734,1
8451,Europe,Influencer,Discount,2810,4922,30,23,3.2,4.03,2461,1
8452,North America,TV Ads,Discount,4670,4216,19,69,3.18,5.61,6887,1
8453,Middle East,Email,Brand Awareness,236,8264,5,119,0.87,2.61,11766,1
8454,Middle East,Influencer,Discount,3057,2562,48,112,0.86,1.41,14195,1
8455,North America,Influencer,New Product Launch,987,2160,37,119,0.69,10.89,4514,1
8456,Asia,Social Media,Discount,3566,1073,45,26,4.64,5.78,1534,1
8457,Europe,Google Ads,Brand Awareness,4025,3294,13,58,2.16,11.28,4514,0
8458,South America,Influencer,Discount,3075,7342,8,45,3.27,10.46,4534,1
8459,Europe,Email,Brand Awareness,1973,7834,6,64,1.39,3.87,7341,1
8460,North America,Email,New Product Launch,2975,2238,2,87,0.76,11.81,12644,1
8461,North America,Social Media,Discount,379,539,36,19,1.68,7.34,15192,1
8462,Middle East,Google Ads,Brand Awareness,3981,7345,5,16,3.03,2.05,11253,0
8463,Middle East,Email,Brand Awareness,934,3521,28,89,3.0,4.22,16881,1
8464,Middle East,Social Media,Discount,1971,607,40,110,3.88,6.7,16960,1
8465,North America,Social Media,Brand Awareness,1300,8340,11,12,3.13,6.54,19259,1
8466,North America,Google Ads,New Product Launch,2734,5874,2,110,4.79,6.69,3981,0
8467,South America,TV Ads,Brand Awareness,1641,5359,26,56,2.62,5.6,18688,1
8468,South America,Social Media,New Product Launch,4327,2361,48,57,3.35,7.43,3796,1
8469,Asia,TV Ads,Brand Awareness,2571,1813,28,48,0.57,2.32,17188,1
8470,Europe,TV Ads,Discount,2904,7396,37,52,0.81,5.66,13096,1
8471,North America,Email,Brand Awareness,2485,3285,42,19,4.64,2.34,706,1
8472,Middle East,TV Ads,Brand Awareness,1386,1109,16,81,4.51,3.48,2541,1
8473,Asia,Influencer,Discount,628,2075,45,31,0.73,2.65,10210,1
8474,South America,Google Ads,Brand Awareness,4992,217,14,32,3.24,7.89,6609,0
8475,Europe,TV Ads,Brand Awareness,2388,5880,5,108,0.98,1.22,16208,0
8476,Middle East,Google Ads,New Product Launch,4022,3757,9,96,4.2,7.55,2757,1
8477,North America,Influencer,Discount,1829,5443,7,100,2.35,3.61,4920,1
8478,Europe,Social Media,New Product Launch,4398,2060,4,36,0.64,4.22,14761,0
8479,South America,Email,New Product Launch,2226,3242,36,56,4.16,2.88,3284,1
8480,South America,Email,Brand Awareness,1344,8791,33,113,4.56,6.94,13838,1
8481,Europe,Email,Brand Awareness,3666,1657,47,90,3.98,5.92,1251,1
8482,South America,Email,New Product Launch,1759,2865,11,47,0.59,11.86,9224,1
8483,South America,Social Media,Discount,4571,1684,6,40,1.44,10.65,18602,1
8484,Europe,Social Media,Brand Awareness,4561,4268,16,119,2.19,9.11,7240,1
8485,South America,Google Ads,Brand Awareness,4448,5411,38,48,1.51,10.4,17129,0
8486,Asia,Social Media,Brand Awareness,2222,1067,26,32,3.9,9.54,9402,1
8487,Middle East,Social Media,Discount,4802,794,8,37,3.15,10.46,13705,1
8488,Asia,Email,Brand Awareness,784,8238,9,82,2.51,1.46,19752,1
8489,Asia,Google Ads,Discount,3068,3201,14,118,1.11,6.1,8622,1
8490,Asia,TV Ads,Discount,2244,5771,16,76,3.45,7.3,5809,0
8491,Europe,Email,New Product Launch,4608,3523,21,117,0.56,3.67,3884,1
8492,South America,TV Ads,Brand Awareness,4449,4341,33,94,0.51,10.15,14724,0
8493,Europe,Influencer,Brand Awareness,573,4441,42,32,4.77,10.73,6092,0
8494,Asia,TV Ads,Brand Awareness,2595,8849,3,89,2.9,1.6,8946,0
8495,South America,Google Ads,New Product Launch,2734,6549,24,17,0.67,6.91,3044,1
8496,Europe,Influencer,New Product Launch,1304,5847,27,105,2.62,7.71,11124,0
8497,North America,Google Ads,New Product Launch,1817,3978,44,107,2.75,9.19,17950,1
8498,Europe,Influencer,Discount,3085,7723,2,114,4.88,6.97,14499,1
8499,Asia,Influencer,Discount,3203,5340,37,33,1.49,6.86,15799,1
8500,Middle East,Social Media,Brand Awareness,672,7359,26,37,3.69,8.88,17290,1
8501,North America,TV Ads,Brand Awareness,2737,7912,40,87,2.68,6.27,8630,0
8502,Middle East,Email,New Product Launch,364,4047,32,109,3.36,4.17,18109,1
8503,Asia,Influencer,Brand Awareness,592,1529,38,20,2.58,11.43,17637,1
8504,Asia,Social Media,Discount,3536,7764,39,55,4.06,1.96,14612,0
8505,South America,TV Ads,Discount,2837,7603,21,61,2.42,2.35,8604,0
8506,Middle East,Email,Brand Awareness,963,4127,4,46,0.63,2.44,11527,0
8507,Asia,TV Ads,Discount,3495,4566,44,58,4.76,3.23,8457,1
8508,Middle East,Social Media,Brand Awareness,2780,7776,49,89,4.74,3.46,984,1
8509,South America,Social Media,Brand Awareness,2935,673,14,86,4.87,1.95,1613,1
8510,Europe,TV Ads,Brand Awareness,4961,4170,14,109,2.99,8.97,11951,1
8511,Middle East,Social Media,Brand Awareness,769,6892,44,35,3.9,7.42,5901,1
8512,Asia,TV Ads,Discount,580,2982,22,87,1.6,6.38,11216,0
8513,Europe,Google Ads,New Product Launch,3840,5239,38,68,2.07,9.89,12586,1
8514,Asia,TV Ads,Brand Awareness,3537,7881,7,10,3.6,7.49,3406,1
8515,Asia,Influencer,Brand Awareness,3606,4490,18,41,4.24,3.17,17888,1
8516,South America,TV Ads,Brand Awareness,4291,7403,9,74,3.95,7.38,16950,1
8517,Asia,TV Ads,Brand Awareness,3843,6514,23,78,4.99,3.98,12986,1
8518,South America,Social Media,Discount,3674,2549,42,31,4.67,5.77,2476,1
8519,South America,Google Ads,Discount,1379,1226,37,79,4.58,7.45,11057,0
8520,North America,Influencer,Brand Awareness,4763,6221,10,34,2.63,3.03,13494,0
8521,Europe,TV Ads,New Product Launch,3553,8252,29,76,0.8,7.23,12201,1
8522,Asia,Influencer,Brand Awareness,2334,7767,26,76,3.29,8.93,16123,1
8523,Asia,Google Ads,New Product Launch,3507,804,3,59,4.28,9.34,504,1
8524,North America,TV Ads,Discount,230,8358,17,64,0.53,2.97,14943,0
8525,Asia,TV Ads,New Product Launch,2051,1794,27,21,2.56,4.7,15920,0
8526,Europe,TV Ads,Brand Awareness,346,849,12,111,3.33,10.3,16137,1
8527,Asia,Email,New Product Launch,2295,7689,3,80,2.64,1.82,5615,0
8528,Middle East,Social Media,New Product Launch,675,2786,38,9,3.18,3.65,11595,1
8529,Asia,TV Ads,New Product Launch,1362,2914,6,35,1.49,3.66,7200,1
8530,Middle East,Influencer,Discount,2994,3786,40,96,1.27,6.41,18020,0
8531,Middle East,Email,Discount,4512,8767,11,98,3.28,11.89,7619,1
8532,North America,Email,New Product Launch,1752,5284,42,66,4.82,9.71,6311,0
8533,North America,Google Ads,Discount,408,2918,29,31,2.71,10.14,4553,1
8534,Europe,TV Ads,New Product Launch,2453,1751,2,117,2.69,11.23,9675,1
8535,North America,Social Media,Discount,2725,4768,28,87,1.63,1.95,19308,1
8536,Middle East,Email,New Product Launch,3004,6130,3,98,1.41,11.6,7973,0
8537,Middle East,Influencer,New Product Launch,2241,958,6,87,2.44,3.5,6680,1
8538,Europe,TV Ads,New Product Launch,4084,389,41,102,2.42,4.04,5045,1
8539,Asia,Google Ads,Discount,2901,7543,19,80,2.22,7.7,14523,0
8540,South America,Google Ads,Discount,1978,2372,10,7,0.72,5.19,18947,0
8541,North America,Email,New Product Launch,4598,4180,4,96,2.48,8.51,11161,1
8542,North America,Influencer,Discount,3798,6215,45,37,1.48,9.25,15228,1
8543,Asia,Email,Brand Awareness,4757,4460,48,106,2.56,5.11,3600,1
8544,Europe,Social Media,Brand Awareness,4568,3479,22,15,4.19,4.59,17564,1
8545,Europe,TV Ads,Brand Awareness,1150,1910,23,92,2.5,7.61,6761,1
8546,North America,Social Media,New Product Launch,4214,4362,38,7,2.74,10.41,16449,1
8547,South America,Social Media,New Product Launch,3058,2970,49,118,2.61,7.87,4924,1
8548,Asia,Influencer,Discount,3949,7307,6,90,2.41,2.19,5158,1
8549,Europe,Influencer,Brand Awareness,268,3589,26,58,3.43,11.22,7261,1
8550,Middle East,Social Media,Discount,4030,5922,11,79,2.67,5.29,6277,0
8551,North America,Google Ads,New Product Launch,4713,1073,38,48,4.42,8.62,11340,1
8552,Middle East,Influencer,Brand Awareness,423,8349,15,74,0.71,9.17,15525,1
8553,Europe,TV Ads,New Product Launch,3116,7117,24,77,2.29,4.92,16502,1
8554,Asia,TV Ads,New Product Launch,3859,6922,41,51,3.47,3.73,820,0
8555,South America,Social Media,New Product Launch,503,6432,25,113,3.91,7.65,11503,1
8556,North America,TV Ads,New Product Launch,1866,473,40,6,1.31,5.59,19057,1
8557,Europe,TV Ads,Brand Awareness,1619,4133,45,35,1.13,10.24,16679,1
8558,Middle East,TV Ads,New Product Launch,2724,1453,8,114,0.83,10.93,10458,1
8559,Europe,Email,Brand Awareness,1891,2184,33,52,2.68,8.15,18787,1
8560,North America,Influencer,Brand Awareness,622,8326,39,75,1.85,6.13,9801,1
8561,Asia,Influencer,New Product Launch,4609,1464,25,36,4.19,10.4,17056,1
8562,North America,Email,Discount,4720,3674,14,18,1.16,6.48,3686,0
8563,Asia,Social Media,New Product Launch,1173,7484,42,36,4.32,2.8,11292,1
8564,North America,Influencer,Brand Awareness,1249,8634,2,17,3.44,6.85,10219,1
8565,Middle East,TV Ads,Discount,3171,6393,33,66,0.84,1.72,9333,1
8566,South America,Google Ads,Discount,3961,8846,21,70,3.43,4.48,17070,1
8567,North America,Email,New Product Launch,4483,6591,29,11,1.32,9.23,728,0
8568,Middle East,Google Ads,Brand Awareness,3109,5813,4,14,3.04,5.55,2023,1
8569,South America,Google Ads,Brand Awareness,4486,7755,17,21,2.23,11.27,10566,1
8570,Middle East,Google Ads,New Product Launch,4966,1820,34,66,1.5,1.75,9720,1
8571,South America,Google Ads,New Product Launch,4442,5939,45,43,3.07,8.07,10145,1
8572,North America,Social Media,Discount,2107,5200,41,91,2.08,11.94,9600,1
8573,Asia,Influencer,New Product Launch,3740,5003,34,98,1.33,10.64,14048,1
8574,Middle East,Google Ads,Brand Awareness,4743,500,7,46,4.35,6.31,10027,1
8575,North America,Social Media,New Product Launch,4961,3238,45,11,2.18,11.26,9912,0
8576,Middle East,Google Ads,Discount,1726,7478,23,19,4.82,6.16,10261,1
8577,Asia,Email,New Product Launch,3143,7056,41,114,4.19,4.87,3892,1
8578,Europe,Influencer,New Product Launch,3678,6444,16,83,2.47,2.09,14263,1
8579,Europe,Social Media,Brand Awareness,4967,3740,15,104,4.11,9.67,16918,1
8580,Asia,Influencer,Discount,2455,3222,26,6,1.77,5.54,13234,1
8581,Middle East,Influencer,Brand Awareness,875,910,26,47,0.83,2.63,16364,0
8582,South America,TV Ads,New Product Launch,4015,5863,42,111,4.14,5.94,4094,0
8583,Asia,Google Ads,New Product Launch,4252,2657,49,9,1.84,4.08,18527,0
8584,North America,TV Ads,Discount,2511,5012,38,42,3.59,6.32,15676,1
8585,Asia,Influencer,Brand Awareness,4638,2549,35,88,4.84,10.24,13077,1
8586,Asia,TV Ads,Brand Awareness,607,3970,33,99,0.68,4.49,15019,0
8587,Asia,Email,Discount,3471,5462,49,19,4.88,11.89,13627,0
8588,Europe,Google Ads,Discount,361,3274,44,81,4.99,1.71,19348,1
8589,Middle East,Social Media,Discount,1191,6823,46,98,0.9,10.74,12645,1
8590,North America,Google Ads,New Product Launch,2647,2053,32,83,3.42,9.57,14174,1
8591,North America,Social Media,Brand Awareness,1124,8651,19,49,1.51,4.12,7338,1
8592,North America,Email,Discount,3647,3648,10,12,1.71,1.32,12986,1
8593,North America,Email,Discount,2930,7347,38,52,1.17,10.38,3881,1
8594,North America,Google Ads,Discount,787,5665,8,56,2.23,4.21,6018,0
8595,Asia,TV Ads,New Product Launch,1569,2880,8,64,2.77,2.11,15306,1
8596,Europe,TV Ads,Brand Awareness,1397,5762,4,96,3.04,7.72,11094,1
8597,Europe,Influencer,Brand Awareness,4093,2676,37,103,3.37,9.95,7983,0
8598,South America,Influencer,Discount,3640,6253,47,24,3.83,4.15,15928,0
8599,North America,TV Ads,Discount,554,4697,7,88,0.81,11.59,3134,1
8600,Europe,Email,Brand Awareness,909,2312,3,97,2.8,11.04,3699,1
8601,Europe,Social Media,Discount,3184,917,22,96,1.76,9.82,12345,1
8602,Middle East,TV Ads,Discount,1870,1347,24,60,4.66,3.17,17281,1
8603,Middle East,Social Media,Discount,1888,5382,29,13,0.53,9.76,8329,0
8604,South America,Email,Discount,1313,7840,17,28,2.0,9.34,7969,1
8605,Europe,Influencer,Discount,2317,1744,15,106,3.76,4.01,13834,0
8606,Asia,Google Ads,Brand Awareness,1598,1104,45,72,1.07,4.87,18431,1
8607,North America,Google Ads,Brand Awareness,3724,7309,45,115,2.69,1.93,757,1
8608,North America,Influencer,Brand Awareness,2400,8602,14,65,4.06,4.82,7274,1
8609,Europe,Social Media,Brand Awareness,4118,4196,36,10,2.4,2.75,8887,1
8610,Asia,Influencer,Brand Awareness,1773,5061,35,85,1.6,1.99,13350,1
8611,North America,Social Media,Discount,3075,2553,34,103,3.14,4.74,19239,0
8612,South America,TV Ads,Brand Awareness,398,2799,22,40,3.11,7.96,4358,1
8613,Asia,Influencer,New Product Launch,1217,1322,31,27,3.49,3.21,11108,1
8614,South America,Social Media,New Product Launch,304,1246,49,48,3.04,5.32,18019,1
8615,South America,TV Ads,Brand Awareness,1862,2559,42,96,3.99,8.13,1585,0
8616,South America,Social Media,Discount,993,2669,20,115,3.92,5.49,15165,0
8617,North America,Email,Discount,805,4260,40,30,1.54,11.67,6449,1
8618,South America,Social Media,Brand Awareness,2692,1158,5,76,2.18,11.38,15526,1
8619,Asia,Email,Discount,424,8345,43,31,3.17,2.6,3596,0
8620,Europe,Influencer,Discount,2395,6597,13,70,3.99,8.35,7511,1
8621,Asia,Social Media,Brand Awareness,4334,6659,41,116,2.6,7.07,10395,1
8622,South America,Influencer,Discount,4773,6344,9,94,3.97,11.98,8938,0
8623,South America,Social Media,Brand Awareness,2820,4764,8,105,0.71,5.92,18232,1
8624,North America,Google Ads,New Product Launch,438,6054,30,109,4.78,3.7,5417,1
8625,North America,Influencer,Brand Awareness,496,4719,5,73,2.48,1.66,6049,0
8626,North America,Email,Brand Awareness,1095,7436,47,24,3.51,4.67,10948,1
8627,Europe,Social Media,Discount,3410,2375,27,37,1.18,9.13,5739,1
8628,North America,Google Ads,Brand Awareness,3384,8138,28,77,2.81,3.09,3037,0
8629,Europe,Google Ads,Discount,2141,8926,16,32,2.99,11.33,3041,0
8630,Middle East,Influencer,Discount,897,1783,11,50,4.16,10.61,10848,1
8631,South America,Email,Discount,4247,362,20,30,2.65,1.21,2765,1
8632,Middle East,Google Ads,New Product Launch,1083,2135,17,17,0.8,1.12,16849,1
8633,Middle East,Email,New Product Launch,1830,2382,25,95,3.71,1.16,6120,1
8634,Asia,Social Media,New Product Launch,1527,7835,43,54,1.5,7.93,18989,0
8635,Europe,TV Ads,Discount,2422,4820,47,13,0.61,2.78,18567,1
8636,Europe,Google Ads,Discount,172,7616,20,63,0.8,11.72,904,0
8637,Asia,TV Ads,Discount,1159,777,13,5,2.62,3.99,6794,1
8638,Middle East,Email,Discount,802,8215,24,44,3.5,4.16,8751,1
8639,South America,Social Media,Discount,3770,1836,20,83,3.54,11.92,14141,1
8640,North America,Social Media,New Product Launch,1797,1241,45,80,3.6,7.92,11948,0
8641,Middle East,Social Media,New Product Launch,2068,3449,21,53,1.57,10.35,12284,1
8642,North America,Email,Discount,1895,451,9,51,4.55,8.77,13396,0
8643,Asia,Email,Brand Awareness,3905,2609,30,54,0.88,1.77,893,1
8644,Asia,Email,Brand Awareness,4803,7491,12,48,3.25,4.89,5404,1
8645,Middle East,Social Media,Discount,4348,7379,11,34,1.38,9.23,8502,0
8646,Asia,Social Media,New Product Launch,4564,4668,26,97,2.75,10.64,17443,0
8647,Asia,Influencer,New Product Launch,4756,2413,34,67,3.73,3.8,10965,0
8648,Asia,Social Media,Discount,1595,7035,11,22,4.43,9.43,1651,1
8649,North America,Influencer,New Product Launch,2084,3646,11,91,4.55,10.51,18206,1
8650,Middle East,Social Media,New Product Launch,3287,8730,44,23,2.22,9.58,9153,0
8651,South America,Influencer,Brand Awareness,1848,1989,46,44,3.65,5.89,18659,1
8652,Asia,Google Ads,Discount,2236,2652,35,99,3.02,1.53,13026,0
8653,North America,Google Ads,Discount,1342,2700,39,99,2.26,4.77,19363,0
8654,Middle East,TV Ads,Brand Awareness,4871,3186,18,60,2.63,7.32,10413,1
8655,Asia,Email,Discount,702,6219,25,24,1.5,3.83,16089,0
8656,South America,Google Ads,Brand Awareness,686,941,8,76,1.72,5.18,5302,0
8657,Europe,Influencer,Brand Awareness,3997,222,45,28,1.83,11.51,4641,0
8658,South America,TV Ads,Discount,3455,6575,44,105,4.15,4.98,11888,1
8659,North America,Influencer,Discount,1371,3069,43,103,4.7,5.07,11421,0
8660,Asia,Social Media,Discount,3978,5597,14,27,0.86,4.27,13142,0
8661,Asia,Email,New Product Launch,1616,6578,35,16,4.89,7.13,12862,0
8662,Europe,Email,Discount,3008,987,20,71,3.59,9.58,15064,1
8663,Asia,TV Ads,Discount,1056,1229,28,12,3.0,4.66,10360,0
8664,Europe,Google Ads,New Product Launch,1335,2075,1,88,1.45,2.91,13149,0
8665,North America,Social Media,New Product Launch,3662,6163,9,7,3.33,7.98,2403,1
8666,Middle East,Email,Discount,2776,3546,33,16,2.76,7.72,13453,0
8667,Middle East,Social Media,Discount,3476,7451,47,13,1.53,10.68,5971,1
8668,South America,Email,New Product Launch,4408,3740,25,43,2.04,6.11,12119,1
8669,Middle East,Email,New Product Launch,707,2571,30,57,1.99,8.09,3057,1
8670,North America,Email,New Product Launch,3995,980,28,94,3.17,7.52,12876,1
8671,Asia,Social Media,New Product Launch,2767,6545,33,7,1.33,3.43,5108,0
8672,Middle East,Social Media,Discount,4744,3291,46,41,4.47,6.34,19821,1
8673,Asia,TV Ads,Discount,4978,3670,11,91,2.76,11.79,5315,1
8674,Middle East,Social Media,New Product Launch,2742,6391,11,53,0.55,4.93,5523,0
8675,Europe,Email,Brand Awareness,2952,5535,42,65,4.27,1.98,16803,1
8676,Europe,Social Media,Brand Awareness,3401,2129,30,37,1.43,8.79,19541,1
8677,North America,Social Media,Brand Awareness,3436,5875,32,85,3.94,8.33,10662,1
8678,North America,Email,New Product Launch,295,5336,17,91,2.83,4.24,19236,1
8679,South America,TV Ads,Discount,4327,961,43,82,2.6,2.07,15250,0
8680,North America,Social Media,New Product Launch,4070,6720,5,65,4.12,8.42,9278,1
8681,Asia,TV Ads,Brand Awareness,2187,1895,14,95,1.51,7.18,10476,1
8682,Asia,Influencer,Brand Awareness,1674,851,35,67,1.72,9.53,9627,1
8683,Asia,Social Media,New Product Launch,4104,3827,33,78,3.48,6.05,4720,1
8684,Asia,TV Ads,Discount,2286,4363,9,18,1.29,6.36,11605,0
8685,Middle East,TV Ads,Brand Awareness,3458,276,1,73,0.98,10.72,15652,1
8686,Asia,Social Media,Discount,4282,1524,11,8,1.34,2.26,15957,1
8687,North America,TV Ads,Brand Awareness,4515,4131,47,56,0.95,3.0,7720,0
8688,North America,Email,Brand Awareness,2849,7512,39,80,0.69,1.8,7459,1
8689,Middle East,TV Ads,New Product Launch,4813,7767,46,27,4.14,7.72,11346,0
8690,Middle East,Email,New Product Launch,2931,3903,37,34,1.32,9.62,5849,1
8691,Middle East,Influencer,Discount,2729,3531,39,87,3.58,2.58,18757,1
8692,North America,Influencer,New Product Launch,2385,8807,2,56,0.63,7.29,9058,1
8693,Europe,Email,New Product Launch,1736,2351,11,57,1.8,1.59,15484,1
8694,Europe,Google Ads,Discount,4269,7068,11,39,4.41,1.91,19881,1
8695,North America,Email,Discount,1403,5105,12,34,3.62,6.43,5324,1
8696,Asia,Google Ads,Discount,4540,2408,6,114,3.49,11.43,16553,1
8697,Asia,Influencer,New Product Launch,4777,8958,18,81,4.47,5.87,3410,1
8698,Asia,Google Ads,Brand Awareness,4136,7980,37,97,3.68,6.24,19960,0
8699,Europe,Google Ads,New Product Launch,2913,1033,22,76,4.99,8.58,7641,1
8700,Europe,Social Media,Discount,4628,2335,38,47,2.37,7.67,1787,1
8701,Europe,TV Ads,Brand Awareness,144,6882,36,114,2.42,3.4,14613,1
8702,South America,Influencer,New Product Launch,314,4815,36,24,2.13,3.65,13412,1
8703,Asia,Social Media,Discount,4895,2898,18,41,4.46,10.16,6946,1
8704,Middle East,Google Ads,Discount,3638,1435,46,58,0.63,9.85,14970,0
8705,Middle East,Email,New Product Launch,1529,8414,20,48,3.27,6.43,15137,1
8706,Europe,Google Ads,Discount,4039,794,14,28,3.87,7.71,2060,1
8707,Middle East,Google Ads,Brand Awareness,2768,5828,11,89,4.18,10.23,13362,1
8708,North America,Influencer,New Product Launch,3100,4921,14,51,3.91,3.44,4820,0
8709,Asia,Email,New Product Launch,3896,2590,36,86,2.09,7.45,8197,1
8710,South America,TV Ads,Brand Awareness,4183,6047,41,9,1.61,6.89,672,1
8711,North America,TV Ads,Discount,561,4811,23,60,3.23,10.46,8416,0
8712,Europe,Social Media,Brand Awareness,918,7311,3,114,4.52,6.03,18972,0
8713,North America,Email,New Product Launch,4022,4210,21,19,0.78,10.07,12456,1
8714,Asia,Influencer,Discount,3795,7430,40,33,0.72,8.79,3716,1
8715,Asia,TV Ads,New Product Launch,4131,1126,8,82,1.77,2.11,8555,1
8716,North America,Social Media,New Product Launch,153,540,29,72,1.26,4.95,3855,1
8717,South America,Social Media,New Product Launch,4617,533,38,34,3.63,6.94,6143,1
8718,North America,Email,Brand Awareness,462,3060,26,18,3.08,7.46,9952,1
8719,Asia,Influencer,New Product Launch,4246,5350,7,111,4.43,4.8,10663,0
8720,Asia,Google Ads,Discount,1230,8233,42,24,1.54,9.85,9612,1
8721,Europe,Email,Discount,3016,1769,8,13,2.54,8.41,11605,0
8722,Middle East,Influencer,Brand Awareness,4016,1070,46,76,4.71,6.93,10184,1
8723,Middle East,Influencer,Discount,971,2071,24,68,4.0,1.15,13367,1
8724,North America,TV Ads,Discount,2694,7980,37,54,3.56,10.54,19365,1
8725,Europe,TV Ads,Brand Awareness,1809,5405,31,89,4.03,9.05,19287,1
8726,Asia,Social Media,Discount,2430,4453,18,102,1.55,7.1,3816,0
8727,North America,Social Media,New Product Launch,2479,3278,8,26,2.41,1.68,990,1
8728,Europe,Google Ads,Discount,806,4082,25,57,4.99,2.47,6522,0
8729,Europe,Social Media,Discount,1588,8273,42,47,3.17,11.89,6966,1
8730,South America,Social Media,New Product Launch,4407,8761,9,91,4.03,6.24,8896,1
8731,North America,Influencer,Brand Awareness,4598,3127,7,53,3.08,5.53,4882,1
8732,Middle East,Google Ads,New Product Launch,2987,5797,22,117,1.56,5.68,512,1
8733,North America,TV Ads,Brand Awareness,2644,3430,23,105,1.49,7.58,9670,1
8734,Asia,Email,New Product Launch,534,1200,31,15,4.3,3.43,16705,0
8735,South America,TV Ads,New Product Launch,3439,2756,10,18,2.35,3.46,2126,0
8736,North America,Google Ads,Discount,2449,6011,17,10,3.62,6.32,1866,1
8737,North America,TV Ads,Discount,3908,7803,40,100,4.39,10.82,17128,1
8738,South America,Influencer,Brand Awareness,2338,7950,41,47,4.66,3.58,19584,1
8739,South America,Email,Discount,302,3036,15,108,2.76,2.83,2261,0
8740,Middle East,Email,Discount,3208,8825,15,54,2.8,5.58,5801,1
8741,South America,TV Ads,Brand Awareness,2536,3036,44,6,4.47,7.73,17063,1
8742,Middle East,Influencer,New Product Launch,3497,5184,43,104,1.93,5.3,6651,1
8743,Europe,Influencer,Discount,670,864,10,108,2.41,11.0,6035,1
8744,Asia,Social Media,Discount,4061,1680,5,105,1.54,4.7,18865,0
8745,Middle East,Social Media,Discount,4498,5367,26,98,1.6,11.75,12617,0
8746,Europe,Social Media,Discount,3335,2356,31,91,2.81,10.63,4056,1
8747,Middle East,Google Ads,Discount,292,4282,46,19,2.15,3.75,19931,1
8748,South America,TV Ads,New Product Launch,1238,6210,22,89,2.91,1.58,12507,1
8749,Middle East,Google Ads,Discount,2885,5325,35,9,4.34,5.8,13925,1
8750,Asia,Google Ads,Brand Awareness,2987,1555,31,41,4.15,4.94,19350,1
8751,Asia,Influencer,Discount,429,5914,39,119,4.81,7.91,14740,1
8752,Middle East,Email,New Product Launch,733,7801,38,73,3.43,9.9,6471,0
8753,Asia,Google Ads,Discount,2417,2865,12,113,3.18,2.62,13491,0
8754,Asia,Influencer,New Product Launch,399,6493,44,114,4.83,3.47,14845,1
8755,North America,Email,Discount,2820,5181,46,61,2.49,3.09,16474,1
8756,Asia,TV Ads,Discount,345,3119,25,13,3.82,1.14,13590,0
8757,South America,Google Ads,Brand Awareness,2384,3855,32,64,1.46,2.37,6619,1
8758,Europe,Social Media,New Product Launch,4257,4340,24,48,4.23,2.39,18280,1
8759,Asia,Email,Brand Awareness,1579,8375,41,54,1.75,6.23,1771,1
8760,North America,Google Ads,Discount,4368,410,15,13,4.12,2.0,3325,1
8761,South America,Influencer,New Product Launch,407,4657,17,27,1.66,9.98,3262,1
8762,North America,Google Ads,New Product Launch,2845,7936,5,35,4.04,7.82,12557,1
8763,Middle East,Google Ads,Discount,3575,3957,41,95,1.59,5.44,10105,0
8764,South America,Google Ads,New Product Launch,2356,2689,40,116,4.24,11.8,13225,0
8765,Middle East,Influencer,Brand Awareness,1840,1165,44,97,3.1,1.02,18970,1
8766,Europe,Social Media,Discount,1591,5891,36,44,4.74,2.09,5731,1
8767,Europe,Google Ads,Discount,4650,3152,39,95,4.8,10.74,13525,1
8768,South America,Social Media,Discount,1105,5246,12,53,0.87,3.0,9321,1
8769,Europe,Google Ads,Discount,1957,1258,42,92,0.7,10.63,15724,1
8770,Middle East,TV Ads,Discount,807,7659,6,99,3.23,3.39,19098,0
8771,North America,TV Ads,New Product Launch,230,4214,23,106,3.74,10.98,913,0
8772,Europe,Google Ads,New Product Launch,706,4900,29,92,1.68,3.21,8801,0
8773,North America,Social Media,Brand Awareness,2182,5708,5,12,3.12,7.77,3642,1
8774,Europe,Social Media,New Product Launch,220,1799,40,111,2.67,6.14,2822,1
8775,Middle East,Social Media,New Product Launch,2276,1239,15,66,1.29,3.75,3156,0
8776,Europe,Influencer,Brand Awareness,2202,840,35,19,4.24,5.96,12173,1
8777,Europe,TV Ads,Discount,3268,6487,23,23,2.09,5.47,5731,0
8778,North America,Google Ads,Brand Awareness,4007,4175,13,101,4.96,11.94,9041,1
8779,South America,Email,New Product Launch,4903,6317,47,9,4.26,5.7,12807,1
8780,South America,Email,Discount,505,6472,24,16,4.76,2.5,15308,1
8781,Europe,TV Ads,New Product Launch,4595,349,25,42,2.25,2.09,17495,1
8782,South America,Social Media,Discount,4556,4756,34,76,2.17,1.25,5475,0
8783,South America,Google Ads,Brand Awareness,1344,7304,29,68,4.18,3.32,7833,1
8784,Asia,TV Ads,Brand Awareness,1485,5785,44,51,3.7,2.49,10363,1
8785,North America,Influencer,Discount,794,3729,13,45,0.65,7.05,17952,1
8786,South America,TV Ads,New Product Launch,800,8188,21,24,4.44,5.18,13440,0
8787,Europe,Influencer,Discount,233,278,4,69,4.95,5.66,7503,1
8788,Asia,Influencer,New Product Launch,2788,7501,24,89,4.76,6.24,11698,0
8789,South America,TV Ads,Brand Awareness,2699,1209,41,111,2.77,10.39,1646,1
8790,Middle East,Influencer,Discount,3587,1218,43,64,1.55,2.12,16328,1
8791,Europe,Influencer,Brand Awareness,1495,1362,3,17,3.93,7.73,4880,1
8792,Asia,Influencer,Brand Awareness,4751,3183,29,94,4.88,8.48,14497,0
8793,Asia,Email,Brand Awareness,3654,6299,22,61,2.64,8.64,5061,1
8794,Europe,Influencer,Brand Awareness,200,7985,49,42,4.37,11.2,3754,1
8795,Asia,TV Ads,Discount,3113,6749,15,102,1.99,9.89,10852,1
8796,Europe,Google Ads,Discount,3344,1793,37,58,1.08,11.86,9845,0
8797,North America,Social Media,New Product Launch,2767,529,22,77,3.51,6.69,18169,1
8798,Asia,Influencer,New Product Launch,1011,3209,37,5,1.67,1.56,7805,1
8799,Middle East,Email,Discount,1438,7681,29,115,4.44,9.13,12849,0
8800,North America,Email,Brand Awareness,4951,6623,14,25,1.81,5.17,4725,1
8801,South America,TV Ads,Brand Awareness,1197,8737,37,22,3.93,1.05,1812,1
8802,North America,TV Ads,New Product Launch,3419,5140,16,101,2.19,11.93,9327,1
8803,North America,Influencer,New Product Launch,2107,6718,9,43,2.44,9.28,14179,1
8804,Middle East,TV Ads,New Product Launch,1119,2810,28,27,2.52,9.19,18050,1
8805,Europe,Email,New Product Launch,3604,1939,26,83,4.07,6.24,7041,1
8806,North America,Email,New Product Launch,707,3184,41,55,0.57,3.55,18653,0
8807,South America,Google Ads,Discount,960,1688,10,59,2.92,1.42,929,1
8808,Europe,Social Media,Discount,1138,1442,30,78,0.91,4.98,16984,1
8809,Middle East,Influencer,New Product Launch,1014,4804,27,42,0.97,9.23,666,1
8810,Middle East,Social Media,Brand Awareness,2661,2455,40,62,2.65,3.71,12973,1
8811,North America,TV Ads,New Product Launch,3842,3953,25,39,4.47,9.76,5689,1
8812,Middle East,Influencer,Discount,3558,3627,42,15,1.93,2.03,1667,1
8813,North America,TV Ads,New Product Launch,3345,4695,1,38,2.2,1.29,15850,1
8814,Europe,TV Ads,Discount,832,8386,21,68,1.49,4.22,13249,0
8815,Asia,Email,New Product Launch,1089,8976,32,53,1.73,8.74,9660,0
8816,Middle East,Google Ads,New Product Launch,2618,6745,17,102,3.27,4.39,10208,1
8817,Asia,Influencer,Discount,3773,921,7,66,2.99,6.49,2995,1
8818,South America,Google Ads,New Product Launch,2165,8046,36,105,4.91,6.8,14394,1
8819,Middle East,Social Media,New Product Launch,720,6674,25,29,3.8,5.6,18114,1
8820,South America,TV Ads,Brand Awareness,3992,2616,13,42,3.71,1.36,17421,1
8821,Asia,Social Media,New Product Launch,2585,2933,31,25,4.36,8.12,6366,0
8822,Europe,TV Ads,New Product Launch,902,1426,7,77,4.52,2.31,17191,1
8823,Asia,TV Ads,Discount,4324,8649,17,73,2.11,5.88,9372,0
8824,Europe,Email,Discount,2865,4623,49,43,1.63,5.39,4919,0
8825,Asia,Google Ads,New Product Launch,4537,2652,20,48,2.96,5.09,18128,0
8826,Middle East,Google Ads,New Product Launch,1830,7520,14,47,4.83,6.39,9819,1
8827,North America,Email,Discount,3667,6918,44,106,4.82,11.34,3488,0
8828,North America,Influencer,Brand Awareness,3876,7454,46,117,0.58,2.95,4605,1
8829,North America,Google Ads,New Product Launch,2463,4599,22,98,1.34,8.56,12842,1
8830,North America,TV Ads,Brand Awareness,1879,443,49,24,1.37,9.42,14999,0
8831,South America,Social Media,New Product Launch,2185,2961,15,45,4.22,11.73,5323,0
8832,Middle East,TV Ads,Brand Awareness,2036,202,43,14,4.29,7.21,12963,0
8833,Europe,Social Media,Brand Awareness,4845,3651,10,38,1.49,8.17,7172,0
8834,North America,Email,Brand Awareness,1041,6441,44,26,2.06,5.22,17223,0
8835,Europe,TV Ads,Brand Awareness,3450,4896,19,110,5.0,8.7,6325,0
8836,Asia,Influencer,New Product Launch,1970,8736,20,80,0.59,8.49,18430,1
8837,South America,Social Media,Brand Awareness,1939,3254,42,51,0.7,8.86,17305,0
8838,Middle East,Social Media,New Product Launch,1946,7985,16,9,2.85,7.51,16201,1
8839,Asia,Social Media,Brand Awareness,2720,4194,40,33,1.66,11.3,6484,1
8840,Asia,TV Ads,Brand Awareness,880,5230,16,18,1.12,8.08,4906,0
8841,Middle East,TV Ads,New Product Launch,4945,1119,13,108,0.58,8.81,1916,0
8842,North America,Email,New Product Launch,2445,8271,40,39,3.55,6.0,11768,0
8843,Asia,Influencer,Brand Awareness,2905,7515,14,99,4.27,11.71,11491,1
8844,Middle East,TV Ads,Discount,2175,5403,26,64,1.04,1.58,18559,1
8845,Europe,TV Ads,Discount,3017,2905,3,115,2.74,2.92,9601,1
8846,Middle East,TV Ads,Brand Awareness,4345,669,39,11,3.05,3.38,5292,1
8847,Europe,Social Media,New Product Launch,2360,3926,22,32,1.74,10.67,4198,0
8848,Asia,Google Ads,Discount,4128,1763,40,89,3.25,2.98,18569,1
8849,Middle East,Influencer,Brand Awareness,3091,7462,4,103,3.74,4.93,1106,1
8850,Asia,Email,New Product Launch,2250,5525,19,60,4.62,2.07,14452,1
8851,Asia,Email,Discount,3452,2174,41,50,3.68,3.56,12605,1
8852,Asia,Social Media,Discount,2386,3175,17,113,1.25,11.14,8774,1
8853,Asia,Influencer,Discount,760,4911,9,109,4.48,4.79,4071,1
8854,Middle East,Google Ads,Discount,817,1659,20,37,1.49,8.59,15291,1
8855,North America,Email,New Product Launch,856,5575,16,82,1.54,2.79,13682,0
8856,Middle East,Email,Brand Awareness,3339,1595,1,5,1.18,9.2,13702,1
8857,South America,Google Ads,Discount,3232,7288,27,13,2.36,11.04,17578,1
8858,Asia,TV Ads,Brand Awareness,368,794,1,63,3.82,11.67,3169,1
8859,North America,Email,Discount,4785,8562,37,52,4.77,8.49,2331,1
8860,Middle East,Influencer,Brand Awareness,2618,3947,16,53,2.56,5.5,5738,1
8861,Europe,Email,Brand Awareness,4467,2497,22,105,2.95,2.4,18164,1
8862,Europe,Social Media,Discount,3125,8070,24,36,3.88,5.94,15044,0
8863,Europe,Google Ads,Brand Awareness,1059,5718,35,81,1.32,11.63,9580,1
8864,North America,Social Media,New Product Launch,3633,3455,20,21,4.41,6.26,17774,1
8865,Middle East,Email,Brand Awareness,4962,1693,18,46,4.1,2.1,13333,0
8866,South America,Social Media,New Product Launch,577,7292,4,76,3.21,9.16,19813,1
8867,North America,TV Ads,Brand Awareness,4496,6713,15,71,3.55,9.24,18974,1
8868,Europe,TV Ads,Brand Awareness,3228,6372,28,26,2.1,10.64,7987,1
8869,South America,Google Ads,Discount,4280,1545,5,11,0.84,2.47,6957,1
8870,Europe,TV Ads,Discount,2857,8298,28,64,4.96,3.23,4353,1
8871,North America,Email,New Product Launch,2770,5391,37,60,4.91,4.23,19550,1
8872,North America,Influencer,New Product Launch,1092,5843,19,58,4.43,6.64,12669,1
8873,Asia,Google Ads,Brand Awareness,3988,7615,37,85,3.86,4.3,12465,1
8874,South America,Email,New Product Launch,1627,5376,6,44,4.1,4.82,12497,0
8875,Europe,Email,New Product Launch,4767,3639,32,18,1.79,3.9,6118,1
8876,Europe,Email,Brand Awareness,856,2786,11,81,2.7,8.76,19563,0
8877,Middle East,TV Ads,New Product Launch,677,2436,7,31,2.52,1.99,1313,1
8878,South America,Influencer,Brand Awareness,1382,5750,35,33,3.48,3.9,11833,0
8879,Europe,Influencer,New Product Launch,508,2284,27,30,0.83,9.42,11256,1
8880,Asia,TV Ads,Brand Awareness,4034,6938,17,115,1.54,4.15,643,0
8881,Europe,Google Ads,New Product Launch,4842,3367,30,88,1.47,5.86,3906,1
8882,Middle East,TV Ads,Discount,3107,2755,43,59,1.53,10.13,17267,1
8883,South America,Google Ads,New Product Launch,4671,7311,6,65,0.72,11.22,14478,1
8884,South America,Email,New Product Launch,1875,8231,22,9,2.19,5.72,17565,0
8885,Middle East,Social Media,Brand Awareness,1810,7827,2,80,1.92,8.39,12780,0
8886,Europe,Email,Discount,2473,341,44,20,4.85,9.44,16756,0
8887,Asia,Email,Brand Awareness,4469,2886,8,25,1.84,3.57,1189,1
8888,Middle East,Google Ads,Discount,1661,2125,8,105,2.1,3.52,13490,1
8889,North America,Influencer,Discount,1223,323,6,84,3.85,4.39,5776,0
8890,South America,TV Ads,Brand Awareness,3437,8776,1,51,2.81,9.5,8235,1
8891,Europe,Social Media,New Product Launch,1285,535,11,114,3.68,5.41,2262,1
8892,Middle East,TV Ads,New Product Launch,1499,2256,32,13,2.82,7.55,12308,1
8893,Asia,Social Media,Discount,3312,7438,1,13,2.09,9.32,4592,0
8894,Europe,Google Ads,Discount,3109,2333,20,15,3.3,5.26,15527,0
8895,Asia,Social Media,Brand Awareness,1607,446,3,91,0.89,10.33,2425,0
8896,South America,Email,Brand Awareness,2715,1630,44,61,2.9,3.8,7024,1
8897,South America,Influencer,Discount,2790,825,26,109,4.41,8.29,16770,1
8898,Middle East,TV Ads,Brand Awareness,556,8500,21,77,1.98,4.44,19382,1
8899,Asia,Email,Discount,2779,351,19,7,0.77,8.66,7639,0
8900,Asia,Social Media,New Product Launch,3435,8662,43,63,1.45,2.51,8567,1
8901,Asia,Google Ads,Discount,217,3633,9,94,3.68,8.48,14934,1
8902,South America,Google Ads,Discount,625,5049,22,118,1.98,5.71,13594,1
8903,Europe,Influencer,Discount,2915,5364,10,71,1.17,9.3,2777,1
8904,Middle East,TV Ads,New Product Launch,831,6650,41,105,1.98,9.19,18814,0
8905,North America,Google Ads,Brand Awareness,1056,3805,35,100,1.2,6.26,2862,1
8906,South America,Social Media,New Product Launch,2752,4579,34,83,4.91,7.82,5931,1
8907,Middle East,Social Media,Discount,1391,2795,38,59,2.4,7.8,18845,0
8908,North America,Email,New Product Launch,3358,3071,30,32,1.73,1.71,1438,0
8909,Middle East,Social Media,New Product Launch,4156,8082,30,6,3.61,8.9,2534,1
8910,Asia,Google Ads,New Product Launch,1200,2422,35,15,4.66,3.24,7303,1
8911,Middle East,Social Media,Discount,3882,8619,45,104,3.34,4.25,11428,1
8912,North America,Email,Discount,636,6144,12,51,1.1,4.9,4984,1
8913,North America,Email,Discount,3058,582,39,30,0.71,5.74,5429,0
8914,Middle East,Email,Brand Awareness,4729,8960,30,75,0.68,3.79,7706,1
8915,South America,TV Ads,Discount,1999,8265,3,55,1.6,10.12,960,1
8916,North America,Email,New Product Launch,4053,3468,12,24,0.88,9.32,13693,1
8917,South America,Social Media,Discount,2009,2814,4,77,1.25,8.76,6274,1
8918,Asia,Social Media,Discount,2721,3492,13,11,1.94,8.95,14445,1
8919,South America,Email,New Product Launch,2373,7051,33,110,0.9,2.17,2589,1
8920,Europe,Google Ads,New Product Launch,1913,1045,26,29,3.35,3.52,6186,1
8921,Asia,Google Ads,Discount,3549,3495,36,100,0.96,9.92,9973,1
8922,South America,Social Media,New Product Launch,306,3756,25,109,4.19,5.83,2016,1
8923,Europe,Email,New Product Launch,2940,2116,42,60,3.56,11.33,17050,1
8924,Europe,Email,Brand Awareness,2224,7062,39,69,4.13,10.58,5186,1
8925,Europe,Email,Discount,4363,4661,4,38,4.05,5.6,15955,1
8926,North America,Email,Discount,4755,8290,40,56,3.0,7.87,10401,1
8927,North America,Social Media,Discount,739,3872,10,94,3.84,10.45,543,0
8928,South America,Influencer,New Product Launch,4661,1291,26,100,0.98,2.71,15768,1
8929,Europe,TV Ads,New Product Launch,3071,2684,47,115,3.09,11.63,6162,1
8930,Asia,Google Ads,Discount,3270,8077,30,110,4.18,8.45,4599,1
8931,Middle East,Google Ads,Brand Awareness,3385,8704,21,83,4.21,11.95,10662,1
8932,North America,Influencer,Brand Awareness,2027,3774,7,86,2.62,1.15,1357,1
8933,Asia,Email,Discount,990,4381,42,11,2.75,9.15,17522,0
8934,North America,Email,Discount,187,3322,22,74,4.95,3.46,5511,0
8935,North America,Influencer,New Product Launch,1175,7635,18,48,3.65,6.06,17470,0
8936,North America,TV Ads,New Product Launch,2290,6624,7,44,4.94,7.23,18737,1
8937,North America,Email,New Product Launch,2418,6290,6,54,2.08,4.14,10547,1
8938,Asia,Email,Brand Awareness,4573,2976,9,102,2.74,5.67,4903,1
8939,Europe,Social Media,New Product Launch,1781,1903,15,29,4.57,9.43,5877,0
8940,South America,Google Ads,Discount,3803,3793,15,15,4.45,5.58,9707,0
8941,Asia,Email,New Product Launch,291,4623,9,44,2.16,6.99,10925,1
8942,Europe,Social Media,Discount,2223,6545,7,5,1.27,7.82,7391,1
8943,Europe,Email,New Product Launch,4777,7606,44,47,4.6,6.91,14677,1
8944,Europe,TV Ads,New Product Launch,1416,8728,34,15,0.79,9.38,11114,1
8945,North America,Influencer,Discount,3956,6567,43,109,3.11,4.89,8514,0
8946,Europe,Google Ads,New Product Launch,4321,3376,20,113,1.92,11.8,15874,1
8947,Asia,TV Ads,Discount,2147,2244,25,57,0.51,2.95,11273,0
8948,Europe,TV Ads,New Product Launch,1279,7165,31,100,3.86,10.7,9437,1
8949,North America,Google Ads,Discount,3578,1713,3,93,3.16,10.65,8258,1
8950,Middle East,Google Ads,Discount,1825,1727,23,90,3.93,8.67,15772,1
8951,North America,Email,New Product Launch,2294,2521,3,62,4.38,9.62,15486,1
8952,North America,Email,Discount,1483,5140,38,102,4.19,1.38,1245,1
8953,Asia,TV Ads,Discount,484,8161,47,35,1.07,3.51,15239,1
8954,Asia,Influencer,Discount,442,3320,28,6,2.22,8.33,10100,1
8955,Europe,Social Media,Brand Awareness,2454,1665,23,33,3.82,9.88,12281,1
8956,Middle East,Email,Discount,509,6237,45,17,3.8,5.56,2877,1
8957,North America,Social Media,Brand Awareness,1888,6917,33,58,3.41,10.58,15564,1
8958,North America,Social Media,Brand Awareness,1268,2804,25,78,2.8,7.5,5191,1
8959,South America,Social Media,Discount,3146,7597,17,91,1.2,4.9,14698,1
8960,South America,Influencer,New Product Launch,4377,5956,31,68,0.81,9.95,15221,1
8961,Middle East,Influencer,Discount,4171,7204,41,20,4.53,6.51,1343,1
8962,Middle East,TV Ads,New Product Launch,4205,8337,23,8,4.34,3.79,6608,1
8963,Asia,Email,New Product Launch,618,1845,18,85,1.24,6.57,3205,0
8964,Middle East,Email,Brand Awareness,2561,541,27,105,2.78,1.15,14203,1
8965,Asia,Influencer,Brand Awareness,1006,6932,11,30,2.06,11.42,16929,1
8966,Europe,TV Ads,Brand Awareness,4285,484,42,41,2.95,6.23,7967,0
8967,North America,Social Media,Brand Awareness,423,3612,13,98,4.87,10.22,16475,1
8968,Europe,Influencer,Discount,3427,3523,35,98,4.03,1.51,7983,0
8969,Asia,Social Media,New Product Launch,2808,7760,9,6,0.7,6.43,4708,1
8970,Middle East,Social Media,Brand Awareness,219,1437,39,119,2.64,8.89,18130,1
8971,South America,Email,Discount,4341,4011,22,11,1.74,5.04,10693,0
8972,South America,TV Ads,Brand Awareness,2044,7466,47,13,2.83,3.15,12703,1
8973,South America,Email,Brand Awareness,4027,6615,42,82,1.68,8.76,9951,0
8974,Europe,Email,Brand Awareness,2502,607,1,74,3.1,6.61,3267,1
8975,North America,Social Media,New Product Launch,3737,3261,27,54,1.47,3.24,9087,1
8976,Asia,TV Ads,New Product Launch,373,6403,7,91,1.75,7.04,13957,1
8977,Europe,Google Ads,New Product Launch,1791,5420,13,92,1.24,7.41,17694,1
8978,Middle East,Google Ads,New Product Launch,2229,3638,23,38,3.22,11.12,13611,1
8979,Middle East,Social Media,Discount,4175,4792,7,74,0.65,10.85,5837,1
8980,Asia,Social Media,Brand Awareness,1087,7296,28,105,3.25,9.56,13163,1
8981,Asia,Social Media,New Product Launch,330,2821,23,100,1.7,7.92,6013,1
8982,Europe,Social Media,Brand Awareness,3190,8153,2,63,0.88,6.53,3428,1
8983,Middle East,TV Ads,New Product Launch,4079,8937,16,103,4.48,7.16,13769,1
8984,North America,Email,New Product Launch,1758,3842,37,112,1.62,1.72,15352,0
8985,Europe,Google Ads,New Product Launch,4972,7556,4,28,3.61,10.95,2780,1
8986,Europe,Social Media,Discount,1353,1289,34,23,0.8,4.19,8434,1
8987,Europe,Google Ads,Brand Awareness,4642,6326,38,92,2.43,8.58,11391,1
8988,Middle East,Social Media,New Product Launch,2338,1105,37,82,0.93,1.74,8526,0
8989,Asia,Social Media,New Product Launch,4494,6907,34,63,1.56,3.86,680,1
8990,Middle East,Influencer,Brand Awareness,1236,5441,7,21,0.96,6.1,4087,1
8991,Middle East,TV Ads,Discount,365,3321,34,94,4.07,1.48,9088,0
8992,Asia,Influencer,Brand Awareness,2764,7279,16,83,2.55,7.59,7236,1
8993,Middle East,Google Ads,Discount,596,2924,44,75,0.64,6.08,16954,0
8994,Europe,Influencer,New Product Launch,620,1119,11,18,4.51,10.18,14516,1
8995,North America,Social Media,New Product Launch,3373,2153,27,23,1.9,1.57,5035,1
8996,North America,Influencer,Discount,899,8979,47,36,0.72,9.74,2445,1
8997,Asia,Social Media,New Product Launch,366,5546,46,78,2.27,6.36,3262,0
8998,Middle East,Social Media,New Product Launch,636,8658,25,103,1.22,2.07,2300,1
8999,South America,Email,New Product Launch,4480,977,39,33,1.1,3.11,8565,1
9000,North America,Influencer,Discount,465,4447,24,69,3.74,4.96,4517,0
9001,Middle East,Email,Brand Awareness,2144,3928,12,107,3.05,8.38,2924,1
9002,Middle East,Google Ads,New Product Launch,1848,369,25,47,2.06,7.6,2802,1
9003,Asia,Google Ads,Discount,4773,4522,26,53,4.77,11.45,9626,1
9004,North America,TV Ads,Discount,434,3692,21,30,4.88,6.88,6737,1
9005,South America,Influencer,Discount,3439,7816,47,113,1.21,11.94,12737,0
9006,Europe,Google Ads,New Product Launch,4562,4073,7,73,2.63,9.74,2658,1
9007,Europe,TV Ads,Brand Awareness,4626,6979,38,62,2.67,4.62,14159,0
9008,Europe,Influencer,Brand Awareness,3585,4593,24,16,1.6,11.23,12797,0
9009,Asia,Influencer,New Product Launch,1739,4392,18,40,4.77,6.04,10147,0
9010,Middle East,Influencer,Discount,2731,6401,27,69,4.58,6.02,1461,0
9011,North America,TV Ads,New Product Launch,683,8508,4,99,3.11,3.83,2949,0
9012,Europe,Email,Discount,4887,1596,46,30,1.97,11.56,16767,1
9013,North America,Social Media,New Product Launch,3824,3355,35,82,3.13,5.06,17547,1
9014,Middle East,Google Ads,Discount,322,3027,6,61,2.21,1.74,12270,1
9015,North America,TV Ads,Brand Awareness,4906,7486,44,35,3.11,1.82,12272,1
9016,South America,Social Media,New Product Launch,296,2102,37,114,2.46,11.5,14041,1
9017,Middle East,Email,New Product Launch,3191,1352,24,109,1.55,7.87,16731,1
9018,South America,Google Ads,Brand Awareness,1948,5958,16,76,4.85,6.9,4830,1
9019,South America,Email,Brand Awareness,765,4737,33,56,2.76,4.76,3625,0
9020,Asia,Influencer,New Product Launch,3975,4287,14,46,3.1,6.2,4686,1
9021,South America,Influencer,Brand Awareness,1167,1585,7,65,2.92,11.11,15246,0
9022,Asia,Social Media,New Product Launch,3268,5037,8,113,3.56,3.54,19612,1
9023,Asia,Influencer,Brand Awareness,4709,1588,21,54,3.78,7.6,11780,0
9024,Middle East,Google Ads,Brand Awareness,485,5743,21,81,1.38,2.42,1663,1
9025,Europe,Google Ads,New Product Launch,157,3528,28,67,4.42,4.09,4020,1
9026,Europe,Social Media,Discount,2494,7880,4,107,4.97,2.34,1146,1
9027,North America,Social Media,Brand Awareness,737,6924,32,72,2.71,7.47,1364,0
9028,South America,Email,Discount,118,7389,19,112,2.44,9.61,14457,1
9029,South America,Email,New Product Launch,1672,7517,41,76,2.3,10.53,14901,0
9030,Europe,Social Media,Discount,106,929,48,58,2.44,5.6,13304,1
9031,South America,Social Media,New Product Launch,1599,7868,36,61,2.39,2.98,9313,0
9032,Middle East,Google Ads,Brand Awareness,1674,8055,11,74,0.62,8.67,16192,1
9033,South America,Google Ads,Discount,155,6635,36,45,2.36,1.0,19322,1
9034,South America,Social Media,Brand Awareness,2575,3590,41,12,2.11,1.94,10744,0
9035,Asia,Email,New Product Launch,2850,1564,13,19,2.03,11.93,2950,0
9036,North America,Google Ads,Brand Awareness,4901,7247,8,94,0.94,11.58,3594,1
9037,South America,Email,New Product Launch,4064,7340,49,51,3.21,10.21,4058,1
9038,Asia,Social Media,Discount,3553,3134,23,48,1.46,11.27,7342,1
9039,South America,Email,Brand Awareness,2226,3712,18,36,1.58,7.74,6035,1
9040,Middle East,Google Ads,New Product Launch,2921,6306,14,38,3.8,6.13,11956,0
9041,Asia,Social Media,New Product Launch,3110,887,12,112,3.26,4.3,15626,1
9042,Middle East,Google Ads,Brand Awareness,3569,8575,20,102,0.67,1.84,15258,1
9043,South America,TV Ads,New Product Launch,3461,1584,15,32,1.16,5.82,3937,1
9044,South America,TV Ads,Discount,3476,3844,47,71,3.77,8.67,16697,1
9045,Middle East,Google Ads,New Product Launch,3701,4591,18,18,2.17,1.89,8000,0
9046,South America,TV Ads,New Product Launch,272,1282,43,17,4.66,7.5,5360,1
9047,North America,Email,Discount,2021,7455,4,35,4.94,1.61,19190,1
9048,South America,Google Ads,Discount,3661,2179,35,103,4.4,4.91,8330,1
9049,Middle East,Email,Brand Awareness,2197,1619,23,78,4.8,3.44,17435,1
9050,Middle East,Google Ads,Discount,121,2016,30,113,2.99,9.28,13367,1
9051,North America,Google Ads,Discount,657,7907,41,18,4.49,4.99,19077,1
9052,South America,Email,Discount,3084,6666,26,19,3.82,10.82,13595,1
9053,North America,Social Media,Brand Awareness,1997,7007,34,19,1.13,11.76,8699,1
9054,North America,Google Ads,New Product Launch,4939,8705,20,65,3.68,4.68,14219,0
9055,North America,Social Media,Discount,1565,1816,15,49,2.37,3.04,17790,1
9056,North America,Influencer,New Product Launch,4196,3950,39,105,3.56,9.49,3225,1
9057,North America,Email,Brand Awareness,3584,8833,11,78,1.2,10.26,8841,1
9058,North America,Influencer,Brand Awareness,1419,2689,36,69,3.7,10.72,19872,1
9059,North America,TV Ads,Discount,3957,1251,48,103,3.72,5.43,19276,1
9060,Asia,Google Ads,Brand Awareness,1792,1625,5,84,0.66,4.84,12320,1
9061,Europe,Google Ads,Discount,1063,4752,16,7,2.01,7.52,9424,1
9062,Asia,Social Media,New Product Launch,1490,7178,45,99,4.89,2.86,12409,0
9063,South America,Google Ads,Discount,1201,631,16,63,4.97,3.89,19524,1
9064,Europe,Email,Discount,1248,790,48,53,1.52,3.73,6633,0
9065,Asia,TV Ads,Discount,2848,4077,13,53,2.83,8.79,16314,0
9066,Europe,Email,Brand Awareness,1165,838,1,91,1.47,11.57,5695,1
9067,Middle East,TV Ads,Brand Awareness,316,1147,1,38,2.93,1.6,10093,0
9068,Middle East,TV Ads,New Product Launch,2838,6465,28,39,4.25,10.39,714,1
9069,Europe,Google Ads,Discount,1952,5718,23,90,0.61,2.03,7686,0
9070,Middle East,Google Ads,Brand Awareness,3790,5323,43,33,1.38,8.4,1719,1
9071,South America,Social Media,Brand Awareness,162,5132,3,97,3.91,5.59,1769,1
9072,Asia,Influencer,Brand Awareness,1483,3223,3,109,4.69,7.31,19962,0
9073,Asia,Google Ads,Discount,822,4057,37,53,1.16,8.67,16968,0
9074,South America,Google Ads,Brand Awareness,2633,4181,18,112,1.84,5.48,4797,1
9075,Asia,Email,Brand Awareness,3621,2144,28,98,4.99,5.4,15001,1
9076,Middle East,Email,Brand Awareness,444,4369,43,91,3.91,7.71,19995,0
9077,Europe,Google Ads,Brand Awareness,163,1201,29,95,0.54,2.1,17125,1
9078,Asia,TV Ads,New Product Launch,1770,2876,45,11,4.18,3.99,18231,1
9079,Asia,Google Ads,Brand Awareness,1051,2336,24,87,1.29,10.54,17033,1
9080,South America,Social Media,Brand Awareness,4229,6946,4,99,0.56,5.44,5484,1
9081,Asia,Influencer,Discount,4427,1998,28,21,4.85,6.93,14765,1
9082,Europe,Email,Discount,1964,6106,45,69,4.09,9.12,17177,1
9083,South America,Influencer,Brand Awareness,2541,3884,3,82,1.98,2.86,14166,0
9084,South America,Influencer,Brand Awareness,495,2562,24,83,2.37,8.83,16006,0
9085,Europe,Influencer,New Product Launch,3373,1620,9,99,2.23,10.34,12220,1
9086,South America,Email,Discount,2274,8565,22,92,3.82,10.43,3566,0
9087,South America,TV Ads,New Product Launch,3126,1113,12,97,0.98,2.52,18523,1
9088,North America,Google Ads,Discount,3922,2129,45,57,0.76,6.66,19187,0
9089,Middle East,TV Ads,Discount,147,5715,33,65,1.28,9.84,13074,0
9090,South America,TV Ads,Discount,1757,8113,34,118,4.11,3.81,7217,0
9091,Europe,Social Media,New Product Launch,2031,582,15,90,1.38,8.06,2703,0
9092,Asia,Influencer,Brand Awareness,1348,6237,13,7,2.37,3.8,7827,0
9093,North America,Google Ads,Discount,3492,8755,48,48,3.14,4.56,1984,0
9094,South America,Social Media,New Product Launch,3286,830,21,90,0.59,3.25,19825,1
9095,North America,Social Media,Discount,4209,4316,33,47,3.93,1.49,13711,1
9096,South America,Email,Discount,3887,2599,13,67,2.31,1.71,10860,0
9097,North America,TV Ads,New Product Launch,2596,8904,18,29,3.87,7.02,19667,1
9098,North America,Social Media,New Product Launch,1750,5074,5,114,2.76,6.62,7515,1
9099,Middle East,Social Media,Discount,3848,5805,18,43,0.95,8.33,7761,1
9100,Europe,Social Media,Discount,1091,1874,35,33,1.66,7.84,13874,1
9101,Asia,Influencer,Discount,944,5909,13,29,4.42,4.41,17607,1
9102,Europe,Influencer,Discount,2078,6290,40,19,4.97,2.36,7676,0
9103,Middle East,Influencer,Brand Awareness,332,7093,37,36,4.83,1.27,14736,1
9104,South America,Google Ads,Discount,3214,5988,1,113,2.57,8.34,19244,0
9105,North America,Email,Brand Awareness,1818,2399,15,47,0.98,2.86,4954,1
9106,Middle East,Social Media,Discount,3772,2967,3,111,0.91,10.93,10943,1
9107,Europe,Google Ads,Discount,4986,7302,3,96,1.65,8.01,15508,1
9108,North America,Email,Brand Awareness,3804,1714,9,114,2.82,2.73,1734,0
9109,Middle East,Influencer,Brand Awareness,557,8028,13,37,3.63,8.37,12470,1
9110,Europe,Influencer,Brand Awareness,795,407,26,41,4.32,7.84,8869,0
9111,Middle East,Social Media,Discount,484,4144,28,18,3.21,11.44,4909,0
9112,Middle East,Email,New Product Launch,4892,7134,5,37,0.58,6.3,16944,0
9113,Asia,Google Ads,Discount,1182,3659,45,12,4.57,4.35,9469,1
9114,South America,Influencer,Brand Awareness,2037,7151,19,102,3.1,10.95,7054,0
9115,Middle East,Email,New Product Launch,4114,7617,15,92,3.51,4.93,19149,1
9116,South America,TV Ads,New Product Launch,2495,4008,33,79,2.95,11.88,18771,0
9117,North America,Google Ads,Discount,1765,4898,43,57,1.13,11.52,6835,1
9118,Europe,Email,Discount,1063,6005,17,74,4.05,8.61,3016,1
9119,Middle East,Influencer,New Product Launch,2847,7386,49,84,4.57,11.36,10984,1
9120,Middle East,Google Ads,Brand Awareness,3830,8478,7,115,3.01,8.22,1039,1
9121,Middle East,TV Ads,Discount,1717,5271,1,75,4.55,11.99,4064,1
9122,Middle East,Google Ads,Discount,3655,3885,15,29,4.11,2.47,16634,1
9123,North America,Social Media,New Product Launch,1057,2595,17,23,4.63,3.26,8594,1
9124,North America,TV Ads,Brand Awareness,4024,4468,15,26,2.88,4.94,10732,1
9125,North America,Google Ads,Discount,3500,7933,43,47,3.8,10.71,10846,1
9126,North America,Influencer,Brand Awareness,3067,4104,32,11,2.42,3.01,17927,1
9127,South America,Influencer,Discount,978,2525,2,54,4.46,4.72,19178,1
9128,South America,Google Ads,Discount,164,8824,43,5,3.72,7.28,4533,1
9129,South America,Influencer,New Product Launch,4416,3646,40,34,2.18,5.71,15696,1
9130,South America,Google Ads,New Product Launch,4566,7111,19,23,0.89,2.43,16885,1
9131,North America,Email,Brand Awareness,4376,2011,31,80,2.79,5.37,1556,1
9132,North America,Social Media,Brand Awareness,4437,358,26,53,3.3,4.94,4435,0
9133,Middle East,Email,Brand Awareness,2833,1488,36,84,2.28,9.39,11500,1
9134,South America,Social Media,Discount,2209,2316,28,65,1.69,3.57,11928,0
9135,Asia,Social Media,Discount,1649,4795,31,12,4.0,10.7,4415,1
9136,South America,Google Ads,New Product Launch,4732,3740,6,12,4.7,7.57,4901,1
9137,Europe,Email,New Product Launch,4567,864,17,22,4.09,5.7,5981,0
9138,North America,TV Ads,Discount,3634,3220,47,89,1.59,3.88,13939,1
9139,South America,Influencer,Discount,4184,2184,18,67,3.06,7.35,18764,1
9140,Europe,Influencer,New Product Launch,2716,5663,25,44,1.98,10.74,17442,1
9141,Asia,Influencer,Brand Awareness,2754,6643,30,27,4.75,5.78,1721,1
9142,North America,Social Media,Discount,1695,966,27,58,4.47,1.18,15191,0
9143,Europe,Email,Brand Awareness,4018,7706,38,61,4.33,8.63,14012,1
9144,Europe,Influencer,New Product Launch,1014,2290,3,37,1.49,7.21,9865,0
9145,Europe,Social Media,New Product Launch,4628,1226,22,113,2.14,2.25,17247,1
9146,Middle East,TV Ads,Discount,4511,1797,36,26,0.95,5.42,17533,1
9147,South America,Influencer,Brand Awareness,2461,5359,30,19,0.73,8.63,19772,0
9148,South America,Social Media,Brand Awareness,1971,419,16,29,1.18,2.15,2190,1
9149,South America,Email,Discount,1673,6154,25,40,4.92,4.43,5740,1
9150,North America,Influencer,Brand Awareness,4194,4979,40,63,3.07,7.27,6418,0
9151,Middle East,TV Ads,Discount,1305,2455,9,69,1.79,8.83,16503,1
9152,Europe,TV Ads,New Product Launch,4310,1271,43,116,1.06,6.56,7324,1
9153,North America,Google Ads,Brand Awareness,3413,1043,17,69,1.87,1.6,13243,1
9154,South America,Influencer,Discount,4432,6169,33,11,0.56,1.88,7810,1
9155,Middle East,Influencer,Brand Awareness,3168,343,42,96,3.75,1.55,7876,1
9156,Middle East,Email,Discount,2698,5785,36,76,1.5,11.04,667,1
9157,Europe,Influencer,New Product Launch,4649,2480,43,118,0.74,3.37,18319,1
9158,South America,Influencer,Brand Awareness,4431,2390,40,66,4.65,11.13,8671,1
9159,Asia,TV Ads,New Product Launch,1170,6658,36,112,1.51,5.32,12361,0
9160,Europe,Google Ads,Brand Awareness,2975,3274,42,16,3.46,7.27,7963,0
9161,Europe,TV Ads,Brand Awareness,3840,2501,10,65,4.17,11.06,9656,1
9162,North America,TV Ads,Brand Awareness,4304,6796,16,45,3.48,11.87,11200,1
9163,Europe,Google Ads,Brand Awareness,4430,7203,19,73,4.67,7.39,13024,1
9164,Asia,Email,Discount,2131,584,25,75,1.87,9.55,10088,1
9165,Europe,Social Media,Brand Awareness,4566,6896,34,108,0.51,5.82,8808,1
9166,North America,TV Ads,Discount,4346,1361,40,94,2.32,2.34,11994,1
9167,Middle East,Google Ads,Brand Awareness,1911,1054,17,15,2.18,10.53,11741,1
9168,North America,Social Media,Brand Awareness,2332,1399,18,28,0.8,11.92,19775,1
9169,Europe,Google Ads,Brand Awareness,1509,7602,3,87,2.3,11.55,13995,1
9170,Middle East,TV Ads,New Product Launch,2367,7535,37,11,3.48,10.08,3708,0
9171,South America,Google Ads,Discount,4266,6564,10,78,4.43,9.29,19874,1
9172,Middle East,Email,Brand Awareness,4389,8053,31,117,1.13,6.33,10096,0
9173,South America,Google Ads,Discount,144,6139,32,52,1.22,8.85,14428,0
9174,South America,TV Ads,Discount,3031,2962,31,76,4.8,6.14,1381,1
9175,Middle East,Influencer,Brand Awareness,4078,4709,17,54,3.53,11.21,13805,1
9176,Asia,Google Ads,Brand Awareness,2870,3437,38,73,4.36,2.88,728,1
9177,Middle East,Email,Brand Awareness,3396,7341,22,31,1.2,1.96,12554,0
9178,Middle East,Email,New Product Launch,3028,8184,14,30,4.93,1.0,16556,1
9179,North America,Google Ads,New Product Launch,1556,8878,1,14,2.6,4.05,12809,0
9180,North America,Email,Discount,3484,7041,39,113,3.45,1.0,4236,1
9181,Middle East,Social Media,New Product Launch,1922,847,6,91,2.77,3.88,12310,0
9182,Europe,Social Media,Discount,607,6666,28,32,3.57,7.46,4791,0
9183,Europe,Google Ads,Discount,2470,7527,35,108,4.02,7.19,8691,1
9184,South America,Email,New Product Launch,628,1795,24,56,0.63,6.88,5084,1
9185,Europe,Social Media,Brand Awareness,3886,4052,3,99,3.58,1.14,19244,1
9186,Middle East,TV Ads,Discount,464,6615,4,75,2.61,11.76,14919,1
9187,Europe,Email,Brand Awareness,3084,649,19,115,2.63,8.77,2090,1
9188,Asia,Google Ads,Brand Awareness,2515,2130,21,38,3.31,2.56,6040,1
9189,South America,TV Ads,Discount,1500,3693,20,21,2.3,10.92,4123,0
9190,Asia,TV Ads,Discount,3033,2152,48,37,2.53,9.76,16080,1
9191,Middle East,Google Ads,Discount,4678,5398,21,11,4.72,2.42,17799,1
9192,South America,Influencer,New Product Launch,3766,4347,24,118,4.41,1.51,4029,0
9193,South America,Influencer,Discount,387,737,4,119,1.44,11.81,5250,1
9194,Asia,Social Media,Brand Awareness,4351,8766,6,53,1.11,4.27,19015,0
9195,North America,Influencer,Discount,2043,6781,27,75,2.6,2.51,1353,1
9196,Europe,Social Media,New Product Launch,1242,316,45,53,2.25,7.33,16797,1
9197,Middle East,Influencer,Brand Awareness,1852,8477,24,83,2.73,5.05,15621,1
9198,Middle East,Influencer,Brand Awareness,3727,3979,22,6,3.0,8.94,1364,0
9199,Asia,Email,Brand Awareness,407,858,34,117,2.46,11.78,4603,1
9200,Middle East,Google Ads,New Product Launch,1540,1956,8,40,2.82,4.43,15074,1
9201,Europe,Email,Brand Awareness,1710,7571,22,70,3.94,6.06,1648,0
9202,Middle East,Google Ads,Discount,1539,7155,24,115,2.0,6.33,14756,0
9203,Europe,Google Ads,Brand Awareness,2749,433,22,17,2.88,11.95,1418,1
9204,Middle East,Email,Brand Awareness,4314,1153,16,36,1.15,3.88,3504,1
9205,North America,Influencer,New Product Launch,2642,3275,23,113,4.83,11.47,5307,1
9206,Middle East,TV Ads,New Product Launch,1747,3041,9,16,2.82,4.71,504,0
9207,South America,Influencer,Brand Awareness,3697,2525,49,104,4.73,3.97,17045,1
9208,Europe,TV Ads,Brand Awareness,1250,6547,46,115,2.32,1.96,11529,0
9209,North America,TV Ads,Brand Awareness,1901,1851,32,95,0.78,4.26,17156,1
9210,Asia,Email,New Product Launch,2660,6330,17,27,2.22,4.33,10203,1
9211,Asia,Social Media,New Product Launch,3979,8698,4,13,3.91,9.69,6770,0
9212,North America,Influencer,Brand Awareness,1917,5547,44,102,2.72,11.11,4340,0
9213,South America,TV Ads,Discount,3527,6135,29,91,2.88,11.97,2885,1
9214,North America,Google Ads,Discount,1311,1830,12,21,1.09,7.03,1294,1
9215,Asia,Influencer,Discount,1743,6240,39,33,4.07,3.39,14552,1
9216,Middle East,Influencer,New Product Launch,4708,5811,13,72,4.67,7.53,18584,1
9217,Middle East,Influencer,Discount,3006,1192,28,47,1.74,11.35,4761,1
9218,Middle East,Google Ads,Discount,1432,1661,37,14,1.62,5.13,15569,1
9219,Asia,Social Media,New Product Launch,4526,5060,41,64,0.57,3.01,18820,1
9220,South America,Influencer,Discount,2214,2918,42,60,2.46,5.91,10562,0
9221,Middle East,Email,New Product Launch,2420,4070,18,89,2.72,1.39,15053,1
9222,Middle East,TV Ads,New Product Launch,738,6847,31,102,2.03,4.43,8170,1
9223,Middle East,Influencer,New Product Launch,2376,5010,29,83,1.56,10.64,7835,1
9224,Middle East,TV Ads,New Product Launch,749,1921,6,96,1.15,9.68,10014,0
9225,Europe,Influencer,New Product Launch,4915,3541,35,114,2.14,4.6,19956,1
9226,Middle East,Social Media,Brand Awareness,1611,4822,11,32,4.62,3.18,15600,1
9227,Asia,Google Ads,New Product Launch,4767,3162,39,74,1.93,11.71,19920,0
9228,Asia,Google Ads,New Product Launch,3291,6045,28,22,3.8,1.21,16333,1
9229,South America,Google Ads,New Product Launch,3434,4361,1,5,0.73,9.63,17021,0
9230,North America,Social Media,Brand Awareness,1651,3171,43,30,0.63,11.61,15311,1
9231,Asia,TV Ads,Brand Awareness,2758,4570,16,44,2.37,2.59,18021,1
9232,Europe,TV Ads,New Product Launch,206,4948,30,79,0.88,5.69,14025,1
9233,Europe,Google Ads,Brand Awareness,1832,7912,19,55,0.75,11.31,13691,1
9234,Europe,Email,Brand Awareness,3059,3409,37,77,1.42,8.76,7341,1
9235,Asia,Influencer,Discount,238,321,9,27,4.92,7.96,6486,1
9236,Europe,Email,New Product Launch,153,1895,27,40,3.16,2.58,2917,1
9237,Middle East,TV Ads,Discount,4873,5899,18,53,2.55,10.48,4713,1
9238,South America,Google Ads,New Product Launch,2074,1091,16,107,2.48,8.67,12743,0
9239,Asia,Google Ads,Brand Awareness,3255,1538,32,91,4.31,4.62,11401,1
9240,Middle East,Influencer,New Product Launch,1374,1813,30,83,0.65,3.72,17927,1
9241,Asia,Social Media,New Product Launch,1082,3974,35,24,4.21,5.66,11951,0
9242,South America,Social Media,New Product Launch,2569,3571,8,65,4.7,9.56,14268,1
9243,Middle East,Email,New Product Launch,451,5119,48,98,4.04,6.51,14969,1
9244,Europe,TV Ads,New Product Launch,1601,1543,4,92,2.95,10.43,19966,1
9245,North America,Social Media,Brand Awareness,2197,8350,37,5,2.8,1.97,12924,1
9246,South America,Influencer,Brand Awareness,953,1836,2,28,2.63,2.22,18701,1
9247,North America,Influencer,Discount,2937,7779,14,52,2.03,1.63,2334,0
9248,Europe,Google Ads,Discount,4952,2673,45,42,1.32,3.17,6689,1
9249,North America,Google Ads,New Product Launch,4348,6046,5,79,3.88,5.72,3012,1
9250,Middle East,Social Media,Brand Awareness,4829,5581,17,14,4.37,4.71,11211,1
9251,Middle East,Google Ads,New Product Launch,391,453,4,23,3.19,7.31,13096,1
9252,South America,Social Media,Discount,1685,2977,33,101,2.75,6.81,15475,1
9253,Middle East,Influencer,Discount,3870,7023,18,60,1.99,3.5,5771,1
9254,North America,Social Media,Discount,1129,206,14,104,0.51,6.89,12353,1
9255,South America,Social Media,Discount,2988,1414,30,14,2.28,1.92,15962,1
9256,Asia,Influencer,Discount,1475,8710,22,103,3.44,4.57,4346,1
9257,North America,Influencer,Brand Awareness,1734,8971,37,20,2.74,5.73,9972,0
9258,Asia,Email,New Product Launch,1339,3316,4,63,4.53,4.68,3832,1
9259,South America,Influencer,Discount,2676,975,12,100,3.59,7.73,8536,1
9260,Asia,Email,New Product Launch,3380,3846,27,87,3.6,4.41,15039,1
9261,Europe,Google Ads,Discount,2839,4671,6,79,0.58,8.95,19019,1
9262,Middle East,Google Ads,New Product Launch,3725,7913,47,99,2.59,1.14,17509,1
9263,North America,TV Ads,New Product Launch,4139,5713,10,23,2.18,3.24,3055,1
9264,Asia,Influencer,New Product Launch,2793,8114,49,59,1.1,1.97,6171,1
9265,Asia,TV Ads,Discount,2983,1509,29,15,3.16,3.41,14682,0
9266,North America,TV Ads,Discount,2912,7157,37,61,4.52,9.26,19921,1
9267,North America,Influencer,Brand Awareness,3967,6362,44,58,4.18,7.52,6461,1
9268,North America,Influencer,Discount,2542,6079,34,48,3.48,8.46,4289,0
9269,Europe,Influencer,Brand Awareness,1466,7497,5,39,4.18,9.48,13867,1
9270,Asia,Social Media,Discount,725,4914,9,64,4.57,6.0,2378,1
9271,Europe,TV Ads,Brand Awareness,777,1095,30,35,3.26,5.78,2835,0
9272,Middle East,Influencer,Discount,3593,8277,11,80,4.57,6.25,19412,1
9273,Europe,TV Ads,Brand Awareness,4994,2304,34,49,4.7,3.47,19207,1
9274,Europe,TV Ads,New Product Launch,4019,1168,37,47,2.55,11.23,15396,1
9275,Asia,TV Ads,Discount,161,2500,27,11,2.41,7.8,5637,1
9276,Europe,Google Ads,Brand Awareness,3831,516,44,116,4.38,1.07,912,1
9277,North America,Social Media,Discount,4082,5527,17,93,3.63,6.35,3317,1
9278,North America,Social Media,New Product Launch,2433,4007,8,9,1.19,5.53,8879,1
9279,Middle East,TV Ads,Brand Awareness,805,599,30,83,1.88,3.99,18259,1
9280,Europe,Google Ads,Brand Awareness,339,8793,29,100,0.7,7.39,14814,0
9281,Asia,Email,New Product Launch,388,2693,19,87,4.2,5.8,17097,1
9282,North America,Social Media,Discount,3254,443,9,114,4.88,10.5,5765,0
9283,North America,Email,New Product Launch,4954,524,5,19,2.73,10.5,11445,0
9284,Europe,Influencer,Brand Awareness,4096,3427,48,116,1.34,5.26,19657,1
9285,South America,Google Ads,Discount,4255,6437,42,15,4.56,8.14,19172,1
9286,South America,TV Ads,Brand Awareness,3854,6080,25,40,1.57,6.64,12175,0
9287,South America,Influencer,Brand Awareness,946,640,31,42,1.05,8.14,14835,0
9288,Europe,Google Ads,Brand Awareness,3497,7662,2,11,2.04,7.79,19960,1
9289,Middle East,Social Media,New Product Launch,3337,5535,45,57,0.78,9.46,4782,1
9290,Asia,Email,New Product Launch,4045,2277,34,94,2.04,5.27,3743,1
9291,North America,Influencer,Discount,659,5698,41,93,4.79,11.21,2324,0
9292,Asia,Google Ads,Discount,687,7249,42,53,4.43,5.19,16938,1
9293,North America,Google Ads,Discount,4982,2107,39,68,4.43,6.78,10693,1
9294,Middle East,Email,New Product Launch,349,5389,40,85,2.86,5.45,4669,1
9295,Asia,Social Media,New Product Launch,3390,8167,1,62,1.0,6.46,690,0
9296,Europe,Email,Discount,2576,3312,17,85,4.49,7.8,2227,0
9297,Europe,Email,Brand Awareness,108,474,13,80,0.98,4.51,18422,1
9298,Asia,Email,Discount,3668,3141,37,59,2.21,2.32,1917,1
9299,North America,Influencer,Discount,4428,586,19,71,1.35,8.51,2841,1
9300,Asia,Influencer,Brand Awareness,4345,6330,23,80,0.86,4.2,12475,1
9301,North America,TV Ads,New Product Launch,4551,2137,32,75,3.17,3.44,5735,1
9302,Asia,TV Ads,Discount,3244,1918,45,57,0.77,8.79,9765,1
9303,Europe,Google Ads,Brand Awareness,931,7832,30,21,2.13,10.33,18397,1
9304,Europe,Google Ads,New Product Launch,3322,613,32,44,4.02,5.93,8707,1
9305,South America,Social Media,New Product Launch,3149,4383,42,100,3.07,10.12,15679,1
9306,Asia,Influencer,Brand Awareness,3315,7252,19,53,2.05,6.72,12037,1
9307,Asia,TV Ads,Brand Awareness,2244,7368,16,35,4.22,11.45,7157,0
9308,North America,Google Ads,Discount,4962,2191,38,50,1.55,7.23,10456,1
9309,Europe,Influencer,New Product Launch,131,2149,19,32,0.51,9.19,13722,0
9310,South America,Google Ads,Brand Awareness,4794,268,8,28,3.26,1.01,13507,1
9311,Asia,TV Ads,New Product Launch,3526,6621,17,18,3.91,4.53,7679,1
9312,South America,Social Media,Discount,1036,5334,13,57,2.28,6.4,17761,1
9313,Europe,Social Media,New Product Launch,4018,1388,48,85,4.91,2.4,2809,1
9314,North America,Influencer,New Product Launch,814,1046,5,79,1.71,10.47,3709,1
9315,South America,Google Ads,New Product Launch,1445,7589,9,112,1.48,5.37,744,1
9316,North America,Google Ads,Brand Awareness,2509,4178,37,31,3.0,10.85,6543,1
9317,North America,Influencer,Discount,261,481,6,49,1.79,3.57,6823,0
9318,North America,TV Ads,Brand Awareness,1722,4540,31,115,4.1,3.79,1694,1
9319,Europe,Influencer,Discount,2913,6507,32,57,4.43,2.79,5710,1
9320,North America,Social Media,Brand Awareness,3301,921,23,54,4.44,10.54,18497,1
9321,Middle East,Influencer,Discount,4975,3693,19,84,1.25,6.93,18770,1
9322,South America,Email,New Product Launch,3491,7801,20,15,4.84,9.14,3739,0
9323,Middle East,Google Ads,Discount,2690,4496,12,22,2.63,1.98,11038,0
9324,Europe,Email,New Product Launch,2445,7990,33,97,2.85,3.23,19558,1
9325,South America,TV Ads,Brand Awareness,4458,5271,31,62,0.9,5.41,14349,1
9326,North America,Email,Discount,2938,6771,9,80,1.72,10.57,18491,0
9327,Asia,Email,New Product Launch,562,517,14,109,3.94,10.6,18146,1
9328,Asia,Social Media,New Product Launch,317,2984,16,101,2.59,5.43,16186,0
9329,Europe,Social Media,Brand Awareness,4784,288,18,112,3.08,7.95,1271,1
9330,North America,Social Media,New Product Launch,4866,8814,25,54,4.08,11.47,14109,0
9331,Europe,Influencer,Brand Awareness,3049,8531,31,83,0.86,3.72,15394,1
9332,Europe,Email,Discount,4990,5636,24,113,2.38,6.12,3218,1
9333,North America,Influencer,New Product Launch,1556,3952,17,44,4.58,5.09,12522,0
9334,South America,TV Ads,Discount,2321,6650,8,112,1.69,1.48,17219,1
9335,Asia,Social Media,New Product Launch,2277,2376,11,56,2.85,1.19,1179,0
9336,Middle East,Influencer,Discount,4163,6541,36,33,2.76,6.68,16038,0
9337,South America,Email,New Product Launch,3418,5703,31,113,1.44,1.79,9081,1
9338,Europe,Influencer,New Product Launch,3881,6087,5,27,1.24,11.26,1949,1
9339,Europe,Influencer,Brand Awareness,4218,3961,18,109,1.73,3.26,12927,1
9340,North America,Influencer,Brand Awareness,3354,4374,22,64,2.0,4.53,3922,1
9341,North America,Influencer,Brand Awareness,2475,608,43,62,1.19,5.73,18428,1
9342,South America,TV Ads,New Product Launch,3882,1357,25,97,4.49,7.49,2507,1
9343,Asia,Influencer,Discount,1648,6510,18,44,1.22,10.01,4012,1
9344,North America,Social Media,Brand Awareness,2051,7656,17,119,3.3,6.43,6755,0
9345,North America,Google Ads,Discount,4909,6898,8,57,4.61,1.41,17523,1
9346,Middle East,Google Ads,New Product Launch,2634,7807,35,48,4.5,11.72,16224,0
9347,Europe,Email,Brand Awareness,3121,4315,7,118,2.0,2.32,15706,1
9348,Asia,Google Ads,Discount,2692,4165,41,77,2.41,3.66,12353,0
9349,South America,Social Media,New Product Launch,1617,7793,46,28,3.06,2.97,656,0
9350,Asia,Influencer,New Product Launch,4172,2455,40,72,1.12,6.16,15558,1
9351,Europe,Influencer,New Product Launch,1117,6942,48,28,4.82,10.4,7953,0
9352,Europe,Influencer,Discount,3037,5550,16,82,2.43,7.81,14424,1
9353,Middle East,Google Ads,Brand Awareness,4667,1176,13,71,4.72,11.93,6595,0
9354,South America,Google Ads,Brand Awareness,3535,8409,20,51,3.16,9.43,16132,1
9355,Europe,TV Ads,Brand Awareness,1940,8633,19,97,1.64,5.23,13960,0
9356,South America,Social Media,Brand Awareness,715,7489,11,9,2.62,10.04,10248,0
9357,Middle East,TV Ads,Brand Awareness,3437,724,13,61,4.39,8.69,10174,1
9358,Middle East,Influencer,New Product Launch,596,442,29,7,1.72,11.69,19334,1
9359,Middle East,Email,Discount,1129,3737,3,88,0.86,3.16,17480,1
9360,South America,Influencer,Brand Awareness,670,2210,19,52,2.53,9.12,7406,1
9361,Asia,Google Ads,Discount,2466,8576,48,21,3.71,2.43,9852,1
9362,North America,TV Ads,Discount,1473,6882,15,65,4.19,3.93,9540,1
9363,North America,Email,Discount,3073,3046,29,112,0.62,2.92,513,1
9364,Asia,Google Ads,Brand Awareness,1124,7537,27,33,2.04,6.6,6306,0
9365,Middle East,TV Ads,Discount,459,4003,17,33,0.6,1.88,18709,1
9366,Middle East,Google Ads,Brand Awareness,382,6721,35,106,4.96,2.13,18579,0
9367,North America,Social Media,Discount,2804,7398,39,70,2.93,5.85,9087,1
9368,Asia,Influencer,Brand Awareness,3735,5066,26,30,3.63,11.54,18060,0
9369,Asia,Influencer,Brand Awareness,2273,3777,38,118,0.52,9.65,2671,1
9370,Middle East,TV Ads,Brand Awareness,2273,8826,42,50,3.0,8.25,15795,1
9371,Middle East,Influencer,Brand Awareness,1719,297,17,95,2.73,7.45,15518,1
9372,Europe,Google Ads,Brand Awareness,4957,2299,12,16,4.44,11.92,11953,0
9373,South America,TV Ads,Discount,1899,2229,29,115,4.86,7.04,1504,1
9374,Europe,Social Media,Brand Awareness,3732,8040,17,100,0.68,7.01,14988,1
9375,South America,TV Ads,New Product Launch,1540,7048,20,63,3.84,5.62,3895,1
9376,Asia,Social Media,Brand Awareness,1585,4206,48,71,2.92,2.23,14761,1
9377,Europe,TV Ads,Brand Awareness,4968,7488,1,118,2.68,7.17,16174,0
9378,Asia,Email,Discount,3439,5040,49,48,2.2,7.33,4911,1
9379,Asia,TV Ads,Discount,132,4894,12,14,0.57,1.72,10242,1
9380,Europe,Influencer,New Product Launch,3279,4815,30,35,1.61,5.72,12442,0
9381,South America,Email,Brand Awareness,4612,8212,1,102,3.06,11.06,843,1
9382,North America,TV Ads,New Product Launch,3536,8972,31,62,1.96,11.73,4066,0
9383,North America,Google Ads,Discount,3183,6898,24,69,1.83,1.27,1290,0
9384,North America,Email,Discount,142,5138,4,56,4.88,10.14,11606,0
9385,Europe,Influencer,Brand Awareness,2090,6938,38,27,4.16,7.09,16666,1
9386,Europe,Influencer,New Product Launch,4954,341,29,6,4.23,4.19,14432,1
9387,North America,Google Ads,Discount,401,8985,43,24,1.04,1.62,17845,0
9388,South America,Social Media,Brand Awareness,4889,8871,38,26,1.17,9.42,13998,0
9389,Asia,Google Ads,Brand Awareness,721,8026,3,86,0.91,1.94,1624,0
9390,Asia,Influencer,New Product Launch,3415,2139,32,19,1.87,8.82,14106,1
9391,Europe,Social Media,New Product Launch,3183,3693,18,15,4.29,7.94,16975,1
9392,Asia,Google Ads,Brand Awareness,3049,277,12,58,3.96,7.23,8498,1
9393,South America,Influencer,New Product Launch,3986,8267,7,92,2.95,9.81,13590,0
9394,Middle East,Influencer,New Product Launch,1397,2451,44,22,1.32,5.9,15200,0
9395,Europe,TV Ads,New Product Launch,3413,4973,26,71,3.98,1.5,2636,0
9396,North America,Email,Discount,4840,6253,12,29,2.59,3.4,19149,1
9397,Asia,TV Ads,Discount,1215,7619,37,99,2.96,9.02,1457,1
9398,Asia,Email,Discount,511,539,48,95,3.0,2.32,12201,1
9399,Asia,Email,New Product Launch,3402,7628,29,105,4.73,5.06,18779,0
9400,Asia,TV Ads,Discount,1889,3888,39,52,2.19,6.18,9655,1
9401,Europe,Email,Brand Awareness,2904,8208,22,52,1.65,3.47,1620,1
9402,Asia,Email,New Product Launch,1599,8477,30,48,1.61,3.88,10725,0
9403,Asia,Influencer,Discount,283,1485,42,110,4.46,5.54,19940,0
9404,South America,Social Media,Discount,3443,8492,49,117,0.86,3.89,13204,1
9405,Europe,Google Ads,Brand Awareness,742,7963,37,38,3.0,9.36,10473,0
9406,Middle East,Social Media,New Product Launch,3260,7913,33,35,1.34,3.22,514,1
9407,North America,Email,Brand Awareness,1895,7030,48,44,2.47,10.47,4697,1
9408,Middle East,Email,Brand Awareness,1524,833,20,89,4.93,1.9,6223,1
9409,Asia,TV Ads,New Product Launch,3677,4400,23,44,2.47,6.28,1488,0
9410,North America,Google Ads,Brand Awareness,3609,8475,44,28,0.99,10.14,7899,0
9411,North America,Influencer,Discount,1379,5927,46,86,4.72,8.58,12923,0
9412,North America,Google Ads,Brand Awareness,2988,6751,7,55,1.23,10.42,625,1
9413,Middle East,Google Ads,Discount,3937,7723,5,66,0.93,2.25,17536,1
9414,Middle East,TV Ads,Brand Awareness,2790,2586,14,20,1.03,7.35,19591,1
9415,North America,Influencer,New Product Launch,3153,8154,12,87,4.72,3.42,17503,0
9416,Asia,Email,Discount,2423,7616,38,83,1.79,1.29,12031,1
9417,Middle East,Influencer,Brand Awareness,1295,7915,31,79,3.16,11.3,7360,0
9418,North America,Email,Brand Awareness,2891,6969,44,115,4.33,6.14,9438,0
9419,North America,Social Media,Brand Awareness,2651,7696,29,71,4.24,10.21,13646,1
9420,North America,Email,Discount,3839,6976,2,78,2.97,4.99,19472,1
9421,North America,Email,Brand Awareness,439,1731,7,21,3.41,5.14,18127,1
9422,North America,Social Media,Discount,3939,8088,39,113,2.6,7.27,18325,0
9423,Middle East,Influencer,Discount,595,5571,13,99,3.57,10.1,19237,1
9424,Asia,Google Ads,Brand Awareness,1185,8678,38,18,1.02,1.38,17125,0
9425,South America,TV Ads,Brand Awareness,251,2010,21,118,4.68,1.03,1490,0
9426,Europe,TV Ads,New Product Launch,792,1770,12,80,2.46,11.0,4524,1
9427,Europe,TV Ads,Discount,421,6718,22,96,4.48,1.06,16215,0
9428,Middle East,Google Ads,Discount,4200,2689,23,93,3.84,8.19,16534,0
9429,North America,TV Ads,New Product Launch,4057,3856,36,88,3.19,6.8,3145,1
9430,Asia,Influencer,Discount,1777,6666,4,6,0.71,7.05,14656,1
9431,Asia,TV Ads,Brand Awareness,3443,3246,14,17,4.64,8.35,10779,1
9432,Europe,TV Ads,Discount,3543,1383,14,91,4.19,2.76,4740,1
9433,South America,TV Ads,New Product Launch,1910,4152,8,39,1.89,7.05,9259,0
9434,Europe,Google Ads,New Product Launch,3494,1047,32,85,4.38,9.91,2068,1
9435,South America,Google Ads,New Product Launch,1092,8486,17,87,2.69,11.73,12613,1
9436,Asia,Email,Discount,3065,3847,30,84,4.48,7.25,7630,1
9437,North America,Influencer,New Product Launch,3131,8307,34,55,4.01,1.97,15630,1
9438,Middle East,Email,Brand Awareness,3270,2407,18,99,0.66,10.25,10164,1
9439,North America,TV Ads,Brand Awareness,3139,2887,42,69,4.16,2.86,13910,1
9440,Europe,TV Ads,Discount,1442,5001,32,45,4.83,9.94,14826,1
9441,North America,TV Ads,Brand Awareness,2009,217,32,53,1.0,6.51,4551,0
9442,Europe,TV Ads,Brand Awareness,2942,8892,2,63,1.9,7.59,12323,1
9443,Asia,Email,Brand Awareness,3543,1397,23,102,1.65,10.54,15767,1
9444,South America,Social Media,Brand Awareness,3284,5846,49,48,4.66,8.68,5193,1
9445,North America,Google Ads,Brand Awareness,3504,7876,7,80,3.83,6.36,10413,0
9446,North America,Influencer,New Product Launch,3263,6577,13,27,4.51,5.95,9881,1
9447,North America,Email,Brand Awareness,504,1958,32,113,1.87,10.0,17313,0
9448,Middle East,Influencer,New Product Launch,4577,2584,36,24,4.71,10.52,7249,1
9449,North America,Google Ads,Discount,1361,2979,35,89,2.53,6.95,18140,1
9450,Europe,Influencer,Discount,2682,6657,45,33,4.14,10.34,9233,1
9451,South America,TV Ads,New Product Launch,4872,333,3,16,3.28,1.09,9538,1
9452,North America,Social Media,Discount,1101,3689,26,81,2.97,5.93,9732,1
9453,South America,Google Ads,Brand Awareness,3260,2791,10,86,2.42,6.62,4069,1
9454,North America,Email,Discount,1961,5254,33,37,2.37,6.18,7642,0
9455,Middle East,Social Media,Brand Awareness,4054,7779,43,88,2.71,8.16,7581,0
9456,Europe,Influencer,Brand Awareness,736,6796,9,50,0.92,10.5,14281,0
9457,Middle East,Social Media,New Product Launch,1863,8993,32,113,2.83,2.64,14794,1
9458,Asia,Google Ads,Brand Awareness,3155,3846,40,84,1.92,6.84,16556,0
9459,Asia,Social Media,New Product Launch,1698,7186,43,59,0.85,9.99,6841,1
9460,South America,Email,Brand Awareness,3305,4854,32,38,3.82,11.31,17928,0
9461,South America,Google Ads,Brand Awareness,2563,1396,33,23,4.94,2.01,13402,1
9462,Europe,TV Ads,Discount,3761,8832,4,102,1.71,4.49,12618,0
9463,South America,Email,New Product Launch,3132,3365,39,69,1.41,10.32,4983,0
9464,South America,Google Ads,New Product Launch,2551,7141,4,104,1.27,11.33,545,1
9465,South America,Social Media,Brand Awareness,1085,811,45,85,3.75,6.97,7784,1
9466,Asia,Influencer,New Product Launch,1712,4634,13,42,3.07,5.27,1267,0
9467,Europe,Google Ads,Discount,1983,3558,21,93,3.44,6.9,12807,0
9468,Europe,Social Media,New Product Launch,2525,293,14,105,4.11,7.85,5371,1
9469,Middle East,TV Ads,Brand Awareness,883,1582,14,90,1.06,10.25,2863,0
9470,Asia,Google Ads,Brand Awareness,1252,7821,12,62,4.32,10.24,11012,1
9471,North America,TV Ads,New Product Launch,838,6558,19,38,0.94,7.6,16660,1
9472,South America,Influencer,Discount,912,2762,13,13,2.64,4.61,18150,1
9473,Asia,Email,New Product Launch,4162,4896,49,18,2.85,5.7,17005,0
9474,Middle East,Email,Brand Awareness,134,5690,1,65,1.98,1.38,566,1
9475,North America,TV Ads,New Product Launch,3050,8816,48,100,1.63,1.08,14834,0
9476,Middle East,Google Ads,New Product Launch,4791,3255,47,97,1.37,10.94,4731,1
9477,Asia,Google Ads,Brand Awareness,2996,6443,11,57,0.98,3.86,8745,1
9478,North America,Influencer,Brand Awareness,2908,1780,2,23,3.01,5.6,8734,1
9479,Middle East,Google Ads,Discount,2061,6015,6,69,2.57,10.48,4290,0
9480,Asia,Social Media,New Product Launch,467,5561,45,104,2.05,7.59,17213,1
9481,Middle East,Google Ads,Discount,4128,7253,36,52,3.82,4.36,13034,1
9482,North America,Email,Discount,2345,1082,33,113,4.65,10.46,8490,0
9483,North America,Email,Discount,4854,6483,41,118,2.71,3.08,11090,1
9484,North America,Email,Brand Awareness,918,4788,5,69,4.02,6.97,19253,0
9485,Asia,Google Ads,New Product Launch,2030,3616,26,14,4.78,6.2,6451,1
9486,South America,Influencer,Brand Awareness,1719,8852,39,5,3.54,10.42,3780,1
9487,Europe,Email,Discount,380,7176,1,72,4.87,7.07,19481,1
9488,Asia,Influencer,Brand Awareness,803,5776,48,7,4.12,1.23,14052,1
9489,North America,Social Media,New Product Launch,4273,4683,48,107,3.51,10.04,4158,1
9490,Europe,Email,Brand Awareness,4679,8577,36,11,0.8,9.03,2106,0
9491,Middle East,TV Ads,Discount,1891,8882,22,21,4.42,7.5,12799,1
9492,North America,TV Ads,Discount,2222,1887,14,7,2.36,9.06,18537,1
9493,South America,Google Ads,Brand Awareness,4116,6303,25,67,3.63,9.95,6435,1
9494,South America,Influencer,Discount,4696,4915,19,110,3.77,3.72,12861,1
9495,Asia,Google Ads,Discount,2055,3294,32,47,4.83,1.05,10839,1
9496,North America,Email,New Product Launch,2303,4900,11,91,4.0,2.86,1005,0
9497,South America,TV Ads,Discount,2733,3661,31,49,3.27,2.23,7758,1
9498,South America,Google Ads,Brand Awareness,3596,8717,32,56,0.6,5.07,12683,1
9499,Europe,Influencer,New Product Launch,4174,3278,4,89,5.0,8.27,12551,1
9500,Asia,TV Ads,Discount,3257,8178,41,83,3.39,5.22,18596,1
9501,Europe,Google Ads,Brand Awareness,1406,1300,41,102,4.42,9.14,19472,1
9502,Asia,Email,Discount,4505,4235,1,15,2.04,1.3,8288,1
9503,Asia,TV Ads,Discount,571,3279,25,65,1.83,5.94,1979,1
9504,Asia,TV Ads,New Product Launch,2644,1980,14,105,0.72,10.47,2288,0
9505,Asia,Influencer,Brand Awareness,4818,2044,27,9,3.4,5.4,12625,1
9506,Asia,Email,Brand Awareness,4649,8880,4,93,4.73,11.02,2678,0
9507,Middle East,TV Ads,Brand Awareness,937,4003,11,82,2.25,9.8,2241,1
9508,Asia,TV Ads,New Product Launch,4193,6356,35,60,1.57,2.67,4182,1
9509,South America,Email,Brand Awareness,3873,1233,22,22,1.12,9.44,10262,1
9510,Asia,Social Media,Brand Awareness,2032,4326,5,95,1.01,6.33,7468,0
9511,North America,Social Media,Brand Awareness,3477,6829,22,106,2.97,3.54,13935,0
9512,South America,Email,Discount,3909,5462,3,56,4.68,8.26,4909,1
9513,South America,TV Ads,New Product Launch,3328,8853,37,13,2.19,2.96,19584,0
9514,North America,Influencer,Brand Awareness,744,6690,41,32,3.23,8.53,8154,1
9515,Asia,Social Media,Discount,3643,5659,43,79,1.73,9.32,781,1
9516,Europe,Email,Discount,2547,1339,33,78,3.4,6.15,8880,0
9517,North America,TV Ads,Discount,1855,1061,31,48,1.75,1.99,9987,1
9518,Europe,Email,New Product Launch,3966,6385,7,92,1.31,4.47,11773,1
9519,North America,Google Ads,New Product Launch,212,5184,43,110,4.87,8.87,4159,0
9520,Europe,Email,New Product Launch,1932,6819,30,116,1.74,1.69,2276,0
9521,Europe,TV Ads,New Product Launch,4748,2417,42,60,2.72,11.41,12051,0
9522,Europe,Influencer,Discount,2102,5765,13,113,4.21,6.28,11431,1
9523,Middle East,Email,Discount,3798,8932,41,22,2.21,9.45,904,1
9524,North America,TV Ads,Brand Awareness,168,5120,10,48,4.09,4.0,11887,1
9525,Europe,TV Ads,Discount,4023,1555,39,50,1.9,5.52,11172,0
9526,Europe,Influencer,Brand Awareness,3460,5930,49,54,3.48,11.89,19781,1
9527,South America,Influencer,Brand Awareness,2150,6282,5,63,0.86,6.29,1704,1
9528,Europe,TV Ads,Brand Awareness,1978,2102,4,66,4.0,9.17,11463,1
9529,Middle East,Google Ads,Brand Awareness,3769,1534,47,20,2.51,5.25,6214,1
9530,Asia,Email,Brand Awareness,3258,3334,33,20,3.27,6.74,15858,0
9531,Middle East,Social Media,New Product Launch,2170,6889,7,28,0.76,4.83,12722,1
9532,Asia,Influencer,New Product Launch,1071,6750,15,104,3.48,3.77,13233,0
9533,Asia,Email,Brand Awareness,3867,3448,33,50,0.61,10.61,17526,0
9534,Europe,Google Ads,Discount,3434,4583,14,93,2.58,2.78,7569,1
9535,North America,Email,Discount,3121,8577,11,5,4.29,9.9,1847,0
9536,North America,Email,Discount,4912,5703,3,73,3.84,2.55,4514,1
9537,Asia,Influencer,Brand Awareness,706,6955,23,115,4.92,4.39,6567,1
9538,Middle East,Google Ads,Discount,1016,7408,14,25,1.68,7.29,5509,1
9539,Middle East,Social Media,Brand Awareness,4236,5147,22,81,1.08,10.95,11299,1
9540,Asia,Google Ads,Brand Awareness,2531,4852,38,77,3.83,5.06,1769,0
9541,North America,Google Ads,Brand Awareness,3790,3515,11,41,1.49,3.95,18873,0
9542,Middle East,Social Media,Brand Awareness,3109,6887,10,40,2.75,9.82,4126,0
9543,Europe,Email,Brand Awareness,833,4335,5,41,2.71,10.03,9255,1
9544,Asia,Email,Discount,410,1203,24,88,1.7,3.67,18915,1
9545,North America,Influencer,Discount,4034,7748,21,44,2.06,2.22,984,1
9546,Middle East,Email,New Product Launch,2788,718,16,73,3.44,2.3,8979,0
9547,Europe,Influencer,New Product Launch,1940,7160,16,103,4.43,11.69,19049,0
9548,North America,Social Media,New Product Launch,3091,8551,10,99,1.03,9.14,3738,1
9549,Asia,Influencer,New Product Launch,3392,3361,17,54,1.12,3.61,4515,0
9550,North America,Social Media,Brand Awareness,4464,675,7,98,0.94,2.05,17987,1
9551,South America,Email,New Product Launch,2903,1134,7,96,3.38,2.49,13791,0
9552,North America,Social Media,New Product Launch,1162,4412,10,82,1.8,5.01,16325,1
9553,Middle East,Social Media,Brand Awareness,2058,1772,16,65,0.89,10.28,1814,1
9554,South America,Google Ads,Brand Awareness,4589,6346,2,82,1.42,1.92,9456,1
9555,North America,Email,Brand Awareness,393,4886,28,99,2.3,4.3,14352,1
9556,Middle East,Influencer,Brand Awareness,364,2256,3,109,4.83,7.54,6905,1
9557,South America,Social Media,Brand Awareness,828,6384,32,66,0.96,6.37,980,1
9558,Europe,Email,New Product Launch,2838,1615,26,109,4.46,5.59,14623,1
9559,North America,Influencer,Brand Awareness,4455,3165,22,18,0.61,5.84,10698,1
9560,Asia,TV Ads,New Product Launch,2247,6177,19,78,3.65,6.61,2143,1
9561,North America,Google Ads,Brand Awareness,3081,2202,33,44,3.31,3.29,4289,1
9562,North America,TV Ads,Discount,4233,8951,2,30,2.84,3.28,16771,1
9563,South America,Google Ads,New Product Launch,1114,6620,12,48,2.95,6.28,18084,0
9564,South America,Google Ads,Brand Awareness,471,6220,1,108,1.83,3.52,5874,1
9565,Europe,Social Media,Discount,2477,2495,45,61,3.87,9.56,6576,1
9566,Asia,Social Media,Brand Awareness,3151,5529,11,43,3.26,2.88,6651,1
9567,South America,Social Media,Discount,4467,6837,42,74,0.5,5.92,19390,0
9568,Asia,Social Media,Brand Awareness,1796,3107,49,113,2.37,4.51,11778,1
9569,South America,Social Media,Brand Awareness,4022,684,3,11,2.24,7.18,10355,1
9570,Middle East,TV Ads,New Product Launch,587,204,48,6,2.95,5.49,8685,1
9571,South America,Google Ads,Brand Awareness,1416,4793,15,33,2.43,10.7,17922,1
9572,Asia,TV Ads,Brand Awareness,4850,6401,17,113,2.19,7.9,5752,0
9573,South America,Email,New Product Launch,4377,3901,48,105,1.5,8.05,11810,1
9574,Asia,Google Ads,Discount,3110,427,14,44,1.06,5.36,10903,1
9575,Europe,TV Ads,Discount,1045,7102,16,71,0.91,3.23,862,1
9576,North America,Social Media,Discount,2483,6477,9,17,0.87,2.77,11727,0
9577,North America,Email,Brand Awareness,4534,3138,32,95,2.16,6.98,17253,1
9578,North America,Influencer,Discount,2072,8170,39,81,0.75,11.54,3548,1
9579,Middle East,TV Ads,Brand Awareness,1564,3748,7,82,1.86,10.72,6079,1
9580,Europe,Email,Discount,3127,2676,39,19,4.59,11.43,1847,0
9581,Europe,Google Ads,New Product Launch,4854,963,30,32,1.47,5.47,1500,0
9582,Asia,Google Ads,New Product Launch,1525,5144,22,19,3.91,9.77,8707,0
9583,South America,Email,Brand Awareness,3587,5643,44,71,2.84,6.5,12398,1
9584,North America,TV Ads,Discount,526,2707,23,15,0.78,1.79,17505,1
9585,South America,Google Ads,Brand Awareness,1168,3612,35,22,0.97,6.18,17792,1
9586,Middle East,Google Ads,Brand Awareness,4310,6271,39,38,4.96,11.86,2937,1
9587,South America,Google Ads,Brand Awareness,3496,8554,22,95,3.66,6.49,11428,1
9588,Middle East,Social Media,Discount,3419,1407,18,96,2.63,2.76,14726,1
9589,Asia,Social Media,New Product Launch,4359,3013,35,108,2.89,3.53,8751,0
9590,South America,Influencer,Discount,4869,5617,12,89,2.28,6.86,12490,1
9591,Asia,TV Ads,New Product Launch,807,2207,47,73,3.48,10.38,14133,1
9592,North America,Influencer,New Product Launch,1635,925,49,91,3.55,2.53,9586,1
9593,Europe,Google Ads,Brand Awareness,2637,1853,47,74,1.36,5.96,16914,1
9594,Middle East,TV Ads,Brand Awareness,184,5623,28,21,2.97,8.68,16296,1
9595,Europe,TV Ads,New Product Launch,4625,4559,2,112,4.63,7.98,4429,0
9596,Asia,Google Ads,Brand Awareness,4029,6537,45,21,3.57,2.32,18019,1
9597,Middle East,Google Ads,Discount,2452,2069,1,96,0.69,9.27,14464,1
9598,North America,Email,Brand Awareness,2820,2612,3,95,2.3,1.32,16870,1
9599,Middle East,Social Media,Discount,4156,2646,16,6,0.94,7.12,2576,1
9600,Middle East,Email,New Product Launch,602,7554,4,66,1.37,8.47,4018,1
9601,Asia,TV Ads,Brand Awareness,4567,743,3,58,2.55,2.17,7681,1
9602,South America,Influencer,New Product Launch,3951,5364,48,112,4.56,10.32,11193,1
9603,Asia,Social Media,New Product Launch,1562,510,46,78,3.23,1.01,4858,1
9604,Middle East,Email,Brand Awareness,4423,564,14,67,1.57,9.39,10348,1
9605,Asia,Influencer,Discount,4192,4500,8,119,2.08,9.44,18614,1
9606,Europe,Email,Discount,3787,6834,46,69,4.79,5.44,3536,1
9607,Middle East,Influencer,Brand Awareness,1371,6488,19,26,1.34,4.06,13114,0
9608,North America,TV Ads,Discount,4127,3262,44,46,4.4,1.36,19469,1
9609,Asia,Social Media,Brand Awareness,3272,3973,28,37,2.95,9.15,4229,1
9610,Asia,Influencer,New Product Launch,1168,8926,28,45,2.28,1.55,6954,1
9611,North America,Email,Discount,2717,1986,21,70,4.09,10.59,15930,0
9612,South America,Google Ads,Discount,3466,6044,37,93,3.67,11.44,13196,1
9613,Europe,Social Media,Discount,2365,5438,25,116,1.67,9.68,15071,1
9614,Asia,TV Ads,Brand Awareness,2902,1204,16,12,3.56,4.21,18299,0
9615,Middle East,Google Ads,Brand Awareness,764,7246,21,95,4.76,1.07,14218,0
9616,Middle East,TV Ads,Brand Awareness,1967,4362,34,49,1.44,8.13,5948,1
9617,Middle East,Influencer,New Product Launch,4111,676,46,86,3.83,7.28,13556,1
9618,Europe,TV Ads,Brand Awareness,3378,1630,46,51,2.54,11.55,18130,0
9619,Middle East,Google Ads,Discount,1814,7781,47,51,3.02,10.22,12816,1
9620,Asia,Social Media,Brand Awareness,3134,1997,5,40,3.93,8.02,11582,1
9621,Asia,Email,Brand Awareness,305,8615,37,94,2.9,11.23,9707,0
9622,South America,Influencer,Brand Awareness,3968,2312,15,19,0.86,2.34,2258,1
9623,North America,Email,New Product Launch,3663,592,26,48,3.01,2.48,15983,0
9624,Middle East,TV Ads,Brand Awareness,3815,2544,1,93,4.07,2.98,8647,0
9625,Asia,TV Ads,Brand Awareness,2620,2914,30,82,1.1,9.78,11800,1
9626,Asia,Google Ads,Discount,3763,2583,45,110,2.52,11.43,15272,1
9627,Asia,TV Ads,New Product Launch,2845,6649,16,95,2.66,2.85,12888,1
9628,North America,Google Ads,New Product Launch,1179,3473,40,28,3.29,2.46,10925,0
9629,Middle East,Google Ads,New Product Launch,1554,7514,45,20,4.96,10.86,2094,1
9630,Europe,Email,Brand Awareness,1709,7476,5,96,0.56,5.21,13305,1
9631,North America,Social Media,New Product Launch,1283,2996,30,28,0.67,4.77,2800,1
9632,South America,Email,Brand Awareness,331,3240,16,97,2.59,4.77,19589,1
9633,Asia,Email,Brand Awareness,2771,6890,29,106,3.28,4.53,5165,1
9634,North America,TV Ads,Brand Awareness,4661,8472,9,98,0.8,2.22,6050,1
9635,North America,Social Media,Discount,204,8789,43,27,1.79,2.38,10631,1
9636,Europe,Influencer,Discount,4533,6532,22,104,3.76,10.76,8920,1
9637,Europe,Social Media,Discount,4093,4933,30,29,2.41,1.19,12014,1
9638,Middle East,Email,Brand Awareness,4783,5934,3,42,2.47,10.01,14355,1
9639,South America,Influencer,New Product Launch,1745,1814,17,13,4.73,11.18,13431,1
9640,Asia,Social Media,New Product Launch,1873,5965,41,7,2.03,5.81,10676,1
9641,Europe,Email,Discount,2893,3213,6,50,4.99,10.3,9485,1
9642,North America,Social Media,Discount,3568,3982,34,67,0.55,9.12,2070,1
9643,Europe,Social Media,Brand Awareness,3690,7832,33,80,3.41,3.76,12134,0
9644,North America,TV Ads,Brand Awareness,1874,7634,22,5,0.61,1.17,7551,1
9645,South America,Email,Discount,4199,5592,46,35,2.54,6.13,8378,0
9646,Europe,Google Ads,Brand Awareness,2933,2744,8,86,1.53,11.42,876,0
9647,Asia,Email,New Product Launch,2287,1927,1,74,2.55,9.98,13699,0
9648,Asia,TV Ads,New Product Launch,4991,7006,14,6,4.71,9.09,10990,1
9649,North America,Email,New Product Launch,2090,2252,33,50,4.48,4.27,1130,0
9650,Middle East,Social Media,Brand Awareness,3331,3991,5,51,0.78,6.44,5045,0
9651,South America,Email,Discount,1637,2820,29,29,4.32,2.71,4248,1
9652,North America,Google Ads,Discount,1386,3677,29,13,1.83,7.15,8707,0
9653,North America,Google Ads,Discount,862,451,31,67,2.94,5.46,3419,1
9654,South America,Social Media,Brand Awareness,674,3442,10,84,1.45,7.77,11144,1
9655,South America,Social Media,Discount,1260,6802,47,113,3.8,10.61,8793,0
9656,South America,TV Ads,Brand Awareness,1789,2226,21,81,2.18,2.6,18449,1
9657,North America,Social Media,Discount,4645,7965,49,70,0.99,10.08,11946,1
9658,Europe,Influencer,New Product Launch,1503,3016,39,74,2.9,2.03,18445,0
9659,Middle East,TV Ads,New Product Launch,2459,6529,25,79,4.88,9.12,11700,1
9660,Middle East,Google Ads,New Product Launch,3604,6700,4,96,1.96,4.77,1461,1
9661,Middle East,Social Media,Brand Awareness,4984,8332,6,93,3.75,11.91,4471,1
9662,Middle East,TV Ads,Discount,2637,4732,12,113,4.21,11.37,15959,1
9663,North America,TV Ads,New Product Launch,3727,6336,38,85,3.99,6.86,4660,0
9664,Middle East,Email,Brand Awareness,1878,607,10,33,1.26,1.51,18982,1
9665,Asia,Influencer,New Product Launch,2467,986,33,102,0.94,2.75,13248,0
9666,Middle East,Social Media,New Product Launch,4081,8713,25,72,3.95,2.33,6119,1
9667,North America,Email,Discount,426,5382,39,37,1.34,5.32,2748,0
9668,Middle East,TV Ads,Discount,945,5435,11,69,4.94,8.74,17984,0
9669,South America,Google Ads,Discount,3289,3067,2,70,4.94,7.3,7833,1
9670,Middle East,TV Ads,New Product Launch,519,5371,26,114,3.43,6.37,15282,1
9671,Middle East,Social Media,New Product Launch,177,6672,8,53,2.02,7.49,14219,0
9672,North America,Social Media,Discount,2001,3918,48,74,4.64,3.68,5056,1
9673,North America,Google Ads,Discount,3515,7276,18,75,4.63,4.54,12898,1
9674,South America,Email,New Product Launch,3293,5991,10,16,2.08,11.86,6476,1
9675,South America,TV Ads,Discount,788,646,3,23,1.43,1.37,2436,1
9676,Asia,Email,Discount,3750,1278,16,70,2.13,11.15,803,1
9677,South America,Social Media,Brand Awareness,323,7940,40,40,2.17,11.56,4708,1
9678,South America,Google Ads,New Product Launch,3149,2841,42,111,3.62,10.57,8295,1
9679,Europe,Influencer,New Product Launch,2833,7980,9,82,0.71,1.81,15750,0
9680,North America,Social Media,Brand Awareness,1740,1046,5,66,3.61,8.25,4718,1
9681,Europe,Influencer,Discount,3344,4395,12,83,3.52,10.95,16194,1
9682,North America,TV Ads,Discount,4869,2564,5,53,4.8,1.43,6484,0
9683,Europe,Google Ads,Brand Awareness,773,1818,41,30,0.89,8.49,18480,1
9684,Asia,TV Ads,Discount,2410,2774,11,47,1.04,5.14,9177,0
9685,Middle East,TV Ads,New Product Launch,3465,7597,17,23,3.42,7.47,12164,1
9686,Europe,TV Ads,New Product Launch,1251,7782,34,65,4.7,5.42,13069,1
9687,North America,Influencer,Discount,4263,6071,25,66,3.35,7.2,3177,1
9688,North America,Google Ads,New Product Launch,4653,597,10,19,4.06,8.28,17799,1
9689,South America,Influencer,Brand Awareness,3122,439,21,7,1.74,4.76,13627,1
9690,North America,Google Ads,New Product Launch,4012,6376,49,22,2.46,2.02,12242,1
9691,Europe,Google Ads,Brand Awareness,1452,8689,21,61,1.24,4.87,650,0
9692,Asia,Email,Discount,3093,5355,43,26,0.58,11.39,16583,1
9693,North America,Google Ads,Discount,3629,5343,1,118,0.8,8.42,16179,1
9694,South America,Google Ads,New Product Launch,953,5200,49,117,1.44,2.62,12753,1
9695,Asia,Influencer,New Product Launch,4443,3724,9,113,4.2,7.19,11926,0
9696,Middle East,Social Media,Brand Awareness,2876,6581,27,119,3.22,9.76,12042,1
9697,Asia,Influencer,Brand Awareness,2478,3794,37,60,2.34,6.72,16963,1
9698,South America,Google Ads,Discount,4062,7938,48,13,2.3,8.83,3979,0
9699,North America,TV Ads,Brand Awareness,4548,5493,41,62,1.26,7.11,19302,0
9700,Middle East,Influencer,Discount,4459,7353,35,60,1.18,9.23,17907,1
9701,Europe,Influencer,Brand Awareness,3013,7079,2,20,0.71,3.3,14105,1
9702,Europe,Social Media,New Product Launch,4051,6262,34,65,1.67,5.78,1887,1
9703,Europe,TV Ads,Discount,3990,7303,2,100,2.6,5.74,5949,1
9704,Europe,Social Media,Brand Awareness,784,8806,2,98,1.15,4.8,5959,0
9705,North America,Social Media,Brand Awareness,4377,2281,30,32,4.92,7.07,5749,0
9706,Middle East,Email,Brand Awareness,4688,8886,44,30,4.22,11.5,6819,1
9707,South America,Google Ads,New Product Launch,1841,7350,42,38,2.18,10.79,5619,1
9708,Europe,Google Ads,New Product Launch,1329,6766,17,30,4.67,2.68,16731,1
9709,Europe,TV Ads,Brand Awareness,4040,3830,13,82,3.19,7.8,833,1
9710,South America,Google Ads,New Product Launch,2154,1330,37,83,4.28,6.44,1131,1
9711,North America,Google Ads,Brand Awareness,1337,5879,46,118,1.74,1.88,16992,1
9712,Europe,Social Media,New Product Launch,1289,2624,37,36,4.23,4.35,5744,1
9713,Asia,Email,Brand Awareness,3978,1714,47,76,1.82,3.98,2521,1
9714,Middle East,Google Ads,Discount,113,8657,46,12,0.68,6.12,12378,0
9715,North America,TV Ads,Discount,2846,8648,8,87,4.14,3.06,13536,0
9716,North America,Social Media,Brand Awareness,973,3771,36,67,3.7,9.34,13140,0
9717,Middle East,TV Ads,Discount,1355,3289,14,81,2.07,7.21,11363,1
9718,South America,Email,Brand Awareness,2154,1044,24,63,4.58,5.43,16420,0
9719,Asia,TV Ads,Discount,1493,6708,20,79,1.46,7.06,4540,0
9720,Middle East,Social Media,Brand Awareness,3071,766,26,49,2.89,10.96,6713,1
9721,Asia,TV Ads,Brand Awareness,3531,8733,38,32,3.97,1.89,4212,1
9722,Middle East,Social Media,Brand Awareness,1001,2512,2,106,2.06,10.51,15226,1
9723,North America,TV Ads,Brand Awareness,1258,4446,5,101,4.95,2.52,9767,1
9724,Middle East,Email,New Product Launch,1573,7176,29,21,0.75,4.89,13693,1
9725,Europe,Email,Discount,1137,1752,24,105,0.9,1.81,10665,0
9726,North America,Email,New Product Launch,3381,640,18,42,2.73,1.28,16854,1
9727,Asia,Google Ads,Discount,2333,3120,7,99,4.23,8.03,13705,1
9728,North America,Influencer,New Product Launch,2914,8926,39,84,2.17,7.65,10818,1
9729,Asia,Google Ads,Brand Awareness,4387,1591,19,45,4.58,8.9,8453,1
9730,Asia,Google Ads,New Product Launch,241,6469,2,60,1.57,5.6,9630,1
9731,Europe,Social Media,New Product Launch,1334,1381,29,105,4.13,4.75,10129,1
9732,South America,Social Media,Discount,2061,2277,43,114,2.37,9.96,17046,0
9733,Asia,TV Ads,New Product Launch,3722,6941,12,70,3.93,9.01,19388,0
9734,South America,Influencer,New Product Launch,4708,1726,15,111,4.95,3.45,10998,1
9735,South America,TV Ads,Discount,3327,2137,17,33,1.88,9.13,15514,1
9736,North America,Social Media,Brand Awareness,764,254,31,12,4.78,6.7,2863,1
9737,Europe,Influencer,Discount,2891,5495,17,46,2.65,8.07,4702,1
9738,North America,TV Ads,New Product Launch,419,2726,37,7,0.93,8.5,6588,0
9739,South America,TV Ads,New Product Launch,3916,1947,3,75,0.56,4.47,19028,0
9740,Middle East,TV Ads,Brand Awareness,2743,6116,12,40,0.99,11.12,19322,1
9741,Europe,Google Ads,Brand Awareness,1658,1917,2,65,1.33,3.31,5699,1
9742,Middle East,Email,New Product Launch,4047,3707,25,76,1.16,11.89,7623,1
9743,Europe,TV Ads,New Product Launch,1186,4793,36,58,3.59,10.97,19847,1
9744,South America,Social Media,Brand Awareness,3852,6133,2,19,2.61,3.72,16502,1
9745,Middle East,Social Media,New Product Launch,2739,8016,40,5,4.28,5.9,2488,1
9746,North America,Google Ads,Brand Awareness,2638,503,12,103,4.84,7.39,4336,1
9747,South America,Social Media,Discount,2596,366,41,41,3.89,2.68,5871,1
9748,Middle East,Influencer,Brand Awareness,2285,6435,43,41,2.98,10.89,5950,0
9749,Middle East,TV Ads,New Product Launch,4701,8306,2,80,2.4,6.92,19872,1
9750,Europe,Social Media,New Product Launch,1298,3543,24,88,1.91,1.72,10485,0
9751,Middle East,Social Media,Discount,3113,5791,12,11,1.38,10.52,19420,0
9752,North America,Influencer,New Product Launch,2751,2649,33,40,3.06,2.4,1039,0
9753,South America,Email,Brand Awareness,4179,2432,2,96,4.2,3.9,17096,1
9754,Europe,TV Ads,Discount,336,1488,25,71,4.93,9.62,7447,1
9755,Asia,TV Ads,Brand Awareness,2492,6564,31,119,3.55,5.17,16012,0
9756,North America,Email,New Product Launch,1732,5172,41,108,2.72,11.44,15009,1
9757,Europe,Influencer,New Product Launch,3209,8672,18,41,1.96,5.46,19782,1
9758,Europe,TV Ads,Brand Awareness,1379,4688,44,93,3.51,5.12,8158,0
9759,Middle East,Email,New Product Launch,3660,4275,34,27,1.85,7.18,7243,0
9760,Europe,Email,Discount,365,5849,2,73,1.15,7.04,14935,1
9761,Middle East,Email,New Product Launch,4912,5170,11,5,4.07,2.31,17220,1
9762,North America,Email,New Product Launch,3301,4954,31,24,2.22,1.79,1337,0
9763,Middle East,Email,New Product Launch,1869,7714,2,83,1.37,9.05,3279,0
9764,North America,Influencer,Discount,1090,2256,44,18,0.61,8.25,15429,1
9765,Middle East,Social Media,New Product Launch,4001,6896,48,118,3.32,2.4,6187,1
9766,Middle East,Social Media,Discount,2213,6736,14,96,2.49,11.47,18876,0
9767,South America,Email,Brand Awareness,3072,485,36,60,3.14,7.85,5240,0
9768,North America,Social Media,Discount,2216,3615,12,6,2.66,9.0,14818,1
9769,North America,Email,New Product Launch,4228,5418,13,21,3.72,3.56,15054,1
9770,South America,Google Ads,New Product Launch,1693,8735,7,62,2.86,9.79,18617,0
9771,Asia,TV Ads,New Product Launch,1006,7153,30,72,1.7,2.42,741,1
9772,North America,Email,Discount,3799,6228,42,57,4.11,3.5,17537,1
9773,Asia,TV Ads,New Product Launch,2561,2092,48,17,2.8,7.71,16528,1
9774,Asia,Email,New Product Launch,305,2694,21,63,1.97,3.12,17543,1
9775,Asia,Google Ads,Discount,3270,4724,33,55,2.1,6.58,10260,1
9776,Asia,Email,New Product Launch,1336,778,41,81,3.58,2.52,7750,1
9777,Middle East,Influencer,Discount,2846,1347,2,89,1.94,7.21,15724,1
9778,North America,Social Media,Brand Awareness,4016,8032,47,40,2.29,3.23,3194,1
9779,South America,TV Ads,New Product Launch,4919,7350,19,57,0.7,2.07,9096,1
9780,Middle East,Social Media,New Product Launch,2396,4036,40,108,1.56,11.23,7750,1
9781,Middle East,TV Ads,New Product Launch,3564,5650,13,12,1.66,9.99,9840,0
9782,South America,Influencer,Brand Awareness,1655,5205,4,55,0.71,8.82,8905,1
9783,Asia,Social Media,New Product Launch,817,4853,22,28,2.8,3.98,17660,0
9784,Middle East,TV Ads,Brand Awareness,198,6789,9,102,2.02,11.32,13196,1
9785,Europe,Google Ads,New Product Launch,3017,8039,6,70,4.54,10.46,8734,1
9786,Middle East,Google Ads,New Product Launch,134,7610,14,91,3.3,6.76,19831,1
9787,Asia,Email,New Product Launch,209,6806,45,12,2.13,2.98,17966,1
9788,North America,Influencer,Discount,3920,5864,24,88,4.1,6.24,10875,1
9789,Middle East,Social Media,Discount,4262,4801,42,78,4.82,1.8,11940,0
9790,South America,Email,New Product Launch,284,279,22,61,0.72,8.3,2071,1
9791,Middle East,Social Media,New Product Launch,4552,8712,5,88,4.87,1.83,830,1
9792,Asia,TV Ads,New Product Launch,4703,3715,40,70,3.44,5.29,8910,1
9793,South America,Influencer,Brand Awareness,3480,7259,30,18,2.66,9.08,1544,1
9794,North America,Social Media,New Product Launch,4605,6870,9,8,4.64,9.76,19114,0
9795,North America,Influencer,Brand Awareness,2757,1864,18,114,1.3,7.85,9997,0
9796,Middle East,TV Ads,Brand Awareness,4497,351,43,90,3.53,1.31,9938,1
9797,Asia,TV Ads,Brand Awareness,2709,6382,37,67,3.84,8.66,4159,0
9798,North America,Google Ads,New Product Launch,1109,1724,42,60,4.96,1.86,7263,0
9799,Middle East,Social Media,Brand Awareness,3867,6436,32,59,3.31,4.51,1656,1
9800,Middle East,Email,New Product Launch,1779,6185,22,60,4.01,5.07,3752,1
9801,Middle East,Influencer,Brand Awareness,3357,3577,25,22,4.3,8.55,6063,0
9802,Middle East,TV Ads,Discount,217,4141,19,28,1.2,2.21,9806,1
9803,Middle East,Email,Discount,1376,6111,25,119,1.25,6.38,11458,1
9804,South America,TV Ads,New Product Launch,3566,4429,41,8,1.83,6.71,11855,1
9805,North America,TV Ads,Discount,421,2008,37,5,0.81,6.9,17848,1
9806,Middle East,Email,Discount,4682,7510,27,74,3.5,7.39,4889,1
9807,South America,Email,New Product Launch,1530,5869,35,103,1.97,4.93,18149,1
9808,Asia,Google Ads,New Product Launch,1739,6932,15,74,4.77,3.68,16147,0
9809,Middle East,Google Ads,New Product Launch,2884,4668,29,52,1.31,10.69,3514,1
9810,Asia,Social Media,Brand Awareness,1843,7171,6,74,1.77,2.37,1124,1
9811,Middle East,Influencer,Discount,4782,5965,42,118,0.96,3.23,8403,1
9812,Middle East,Google Ads,Discount,1712,823,19,29,0.65,9.71,11723,1
9813,Middle East,Social Media,Discount,712,8267,15,8,4.19,2.76,16617,1
9814,North America,TV Ads,Brand Awareness,3894,4190,5,97,3.92,9.51,14275,1
9815,Europe,Influencer,New Product Launch,3439,8155,17,27,0.71,5.74,2260,1
9816,North America,TV Ads,Brand Awareness,3911,6569,39,57,2.31,2.56,8980,1
9817,Asia,Email,Discount,278,5906,43,10,2.87,2.79,14601,1
9818,South America,TV Ads,New Product Launch,2774,8042,2,45,3.02,5.73,7348,0
9819,North America,Email,Discount,4431,1247,20,42,1.63,3.49,16593,1
9820,North America,Google Ads,New Product Launch,3802,2999,21,62,3.2,5.49,9517,0
9821,Asia,Google Ads,Discount,3844,1431,32,19,4.37,3.51,2967,1
9822,Asia,Influencer,New Product Launch,4651,1645,21,44,4.55,6.04,2479,1
9823,Asia,Google Ads,Discount,615,8832,23,32,4.39,8.37,2476,1
9824,South America,Email,New Product Launch,2496,1421,25,17,3.78,11.71,2876,0
9825,Europe,TV Ads,Discount,1445,4444,1,61,3.91,11.13,19949,0
9826,Europe,Email,Discount,2487,6359,39,104,2.37,7.3,11057,1
9827,South America,TV Ads,New Product Launch,4769,8340,21,16,4.5,9.79,14971,0
9828,Europe,Google Ads,New Product Launch,3904,6855,33,80,1.85,1.24,16132,1
9829,South America,TV Ads,New Product Launch,4627,8945,40,27,1.33,9.21,4226,1
9830,Middle East,TV Ads,Brand Awareness,2229,6318,46,47,4.81,7.87,10642,0
9831,North America,Influencer,Brand Awareness,869,8456,8,102,3.73,10.82,5883,0
9832,North America,Influencer,Brand Awareness,4359,7868,10,53,1.83,4.61,5915,1
9833,North America,Social Media,Discount,1691,8842,15,73,2.13,2.93,2735,1
9834,South America,TV Ads,New Product Launch,3035,4636,49,40,3.33,4.24,13441,0
9835,Asia,Google Ads,New Product Launch,3777,6696,35,35,4.95,5.27,16529,1
9836,North America,Email,New Product Launch,2959,6667,33,37,3.76,1.1,7274,1
9837,Middle East,Influencer,Brand Awareness,1428,5898,25,63,0.73,9.41,1365,1
9838,Middle East,Social Media,Discount,858,2842,24,22,3.42,4.71,617,0
9839,North America,TV Ads,Discount,3990,7603,47,32,1.36,7.68,4498,1
9840,North America,Influencer,Brand Awareness,2138,5732,12,30,1.62,2.28,10966,0
9841,Europe,Influencer,Brand Awareness,996,1594,11,60,1.99,3.37,2819,0
9842,South America,Email,Discount,377,2173,21,29,1.18,4.61,19089,1
9843,Middle East,Social Media,New Product Launch,3054,7329,9,7,3.79,2.72,18598,1
9844,Middle East,Google Ads,Brand Awareness,4249,3900,6,60,2.37,2.12,18365,0
9845,North America,TV Ads,Discount,4133,8291,10,70,3.12,2.59,17536,1
9846,Middle East,Google Ads,New Product Launch,1667,6807,38,33,0.6,3.76,11994,1
9847,South America,Social Media,New Product Launch,644,3488,48,92,2.09,3.98,5608,1
9848,North America,Influencer,Discount,3110,3450,28,28,1.31,4.94,16079,0
9849,South America,Email,Brand Awareness,3892,4457,26,31,4.8,6.03,15319,1
9850,North America,TV Ads,Discount,945,1107,32,14,4.3,6.69,14539,0
9851,Asia,Social Media,Brand Awareness,2030,8564,31,114,4.42,10.39,15955,1
9852,Middle East,Social Media,Discount,4497,8614,23,109,3.05,9.97,10935,0
9853,Middle East,Google Ads,Discount,4750,8259,26,81,1.06,1.47,13405,1
9854,Middle East,Social Media,Brand Awareness,1047,1897,49,75,1.15,1.33,16633,0
9855,Europe,Social Media,Discount,4695,5309,5,78,4.68,7.35,11940,0
9856,South America,TV Ads,New Product Launch,2021,1401,48,24,3.82,8.92,10809,1
9857,Middle East,Influencer,Brand Awareness,2891,2558,29,15,2.17,3.47,11220,1
9858,Asia,Email,Discount,4188,213,28,71,3.95,7.75,6828,1
9859,Middle East,Google Ads,New Product Launch,3394,1407,3,99,3.43,10.77,14488,1
9860,South America,Google Ads,Discount,591,6479,48,100,4.74,3.79,17973,1
9861,North America,Influencer,Discount,1362,4692,34,69,0.5,1.34,13405,0
9862,North America,Email,Discount,490,1863,26,10,2.49,3.4,18043,0
9863,Europe,Email,New Product Launch,985,1006,34,118,2.63,6.54,19517,1
9864,North America,Social Media,New Product Launch,2198,5604,39,6,2.26,2.27,11814,1
9865,Middle East,Email,New Product Launch,2242,1424,19,92,4.84,1.08,10182,1
9866,Middle East,Google Ads,Discount,1555,8564,11,113,1.64,3.56,2724,1
9867,Middle East,Influencer,New Product Launch,2981,5422,2,88,3.98,3.09,19251,0
9868,Middle East,Social Media,New Product Launch,525,6057,8,35,1.55,8.91,11676,1
9869,Asia,Google Ads,New Product Launch,3194,8064,11,38,3.49,9.27,4039,1
9870,Middle East,Social Media,Brand Awareness,132,6275,4,46,0.97,1.16,11803,0
9871,Asia,Social Media,New Product Launch,1589,737,38,5,4.12,2.76,19114,1
9872,North America,Social Media,Discount,211,2441,13,84,2.1,11.12,13909,1
9873,Europe,TV Ads,Brand Awareness,2889,5355,19,15,4.41,5.46,7279,0
9874,Asia,Social Media,Brand Awareness,4007,628,33,95,3.79,4.81,7147,0
9875,Europe,Social Media,New Product Launch,4713,497,33,79,0.81,9.91,8531,0
9876,South America,Email,New Product Launch,594,3014,32,87,0.89,8.45,11175,1
9877,Middle East,TV Ads,Discount,1244,421,36,19,4.12,7.84,13346,1
9878,Asia,Influencer,New Product Launch,2627,6480,21,118,2.52,5.75,14512,1
9879,South America,Social Media,Brand Awareness,558,6041,24,81,3.07,8.41,4523,1
9880,South America,Social Media,Discount,4215,4761,47,18,3.64,11.38,13514,0
9881,North America,Influencer,Discount,981,1107,33,72,3.25,8.71,16868,1
9882,Europe,Email,Discount,4077,8228,28,29,4.7,10.2,7065,1
9883,South America,Email,Brand Awareness,2098,5002,31,74,0.69,3.31,11823,1
9884,South America,TV Ads,New Product Launch,4938,6893,35,80,1.98,1.65,3822,1
9885,South America,Social Media,New Product Launch,4707,1516,11,48,2.62,4.24,9987,0
9886,Middle East,TV Ads,Discount,3450,2791,18,71,2.45,5.31,16594,1
9887,Middle East,Google Ads,New Product Launch,1990,5427,29,92,3.76,9.66,6595,1
9888,South America,TV Ads,Discount,1825,5249,14,80,4.55,6.63,18943,0
9889,North America,Influencer,New Product Launch,3079,3574,19,68,2.54,9.63,16938,1
9890,Europe,Influencer,Discount,2439,8317,29,12,1.84,9.51,3941,1
9891,Europe,Google Ads,New Product Launch,4043,7321,26,105,4.75,7.81,5446,1
9892,Middle East,Social Media,Discount,1972,6869,13,36,2.58,9.0,11072,1
9893,Middle East,Email,Discount,3632,2831,29,85,3.3,3.02,18243,1
9894,North America,Google Ads,New Product Launch,1653,2808,37,21,1.5,11.59,5215,1
9895,South America,Influencer,Brand Awareness,4253,3629,38,74,3.88,2.55,15117,1
9896,Asia,Email,Discount,3428,1767,46,84,3.77,8.77,18520,1
9897,Asia,TV Ads,Discount,3451,2490,26,65,1.88,11.4,15052,1
9898,Asia,Google Ads,New Product Launch,3699,2256,5,24,1.67,2.04,7842,1
9899,South America,Influencer,Brand Awareness,3777,5662,33,43,3.37,1.45,5364,1
9900,Middle East,Influencer,Discount,4361,2204,13,21,4.56,8.59,15097,0
9901,Middle East,Google Ads,Brand Awareness,3407,2067,41,116,3.46,7.95,15633,0
9902,Asia,Google Ads,Discount,2994,6371,41,24,1.29,8.04,6347,0
9903,Middle East,TV Ads,New Product Launch,3935,870,33,73,0.75,11.26,5951,1
9904,North America,Google Ads,Discount,2837,8868,14,111,1.77,7.78,16626,0
9905,Europe,Google Ads,Brand Awareness,2591,5699,33,87,1.92,3.72,12283,1
9906,Asia,Social Media,Brand Awareness,1698,3943,22,87,2.16,11.1,10412,1
9907,North America,TV Ads,New Product Launch,4842,8076,20,89,0.54,11.02,16005,0
9908,North America,Email,Brand Awareness,926,5670,8,105,2.26,8.47,4174,1
9909,South America,Influencer,Brand Awareness,4552,3004,9,12,2.87,8.15,8546,1
9910,Europe,TV Ads,Brand Awareness,4185,2891,28,5,2.89,7.09,2144,1
9911,North America,Social Media,Brand Awareness,2544,3115,37,88,3.29,10.3,3434,0
9912,Asia,Social Media,Discount,4461,8464,38,96,4.28,3.99,15006,0
9913,Asia,Influencer,Discount,1688,1388,7,81,1.93,4.67,4209,0
9914,Middle East,TV Ads,Brand Awareness,103,4579,35,29,0.89,6.59,14040,1
9915,North America,Social Media,New Product Launch,3109,3015,9,49,4.04,6.93,15111,1
9916,Europe,Email,Brand Awareness,659,3868,21,26,3.43,10.36,13852,0
9917,North America,Email,New Product Launch,120,1594,25,22,3.81,9.94,9483,1
9918,Asia,Google Ads,Discount,3067,2711,23,42,0.66,3.7,17109,1
9919,Middle East,Google Ads,Discount,2668,4558,18,119,1.73,7.65,541,1
9920,Asia,TV Ads,Discount,3863,687,14,6,1.62,5.47,16073,1
9921,Asia,Influencer,New Product Launch,1325,375,30,90,0.62,7.83,5615,0
9922,Asia,TV Ads,Discount,1002,2569,19,112,2.37,7.23,18325,1
9923,Asia,Social Media,Brand Awareness,3963,2385,25,53,3.64,6.59,3767,1
9924,Middle East,Influencer,New Product Launch,125,1004,46,7,4.04,4.03,14515,0
9925,Asia,Email,Discount,4666,7417,22,27,1.51,1.07,4553,1
9926,South America,Social Media,New Product Launch,804,2614,14,39,3.25,7.64,2710,1
9927,South America,Google Ads,Discount,514,2025,5,69,0.84,6.91,10622,1
9928,North America,Google Ads,Discount,1726,4860,19,109,4.7,6.84,2935,0
9929,Europe,Social Media,Brand Awareness,4890,4837,30,56,3.94,6.76,13867,0
9930,Asia,Email,Discount,2855,8468,49,110,4.93,7.83,2700,1
9931,South America,Influencer,Brand Awareness,1882,2348,25,97,3.06,6.52,14702,1
9932,Europe,Influencer,Brand Awareness,4397,1029,40,79,4.41,2.82,17696,1
9933,Middle East,Email,New Product Launch,1438,3200,20,43,4.8,3.45,14136,1
9934,South America,Social Media,Brand Awareness,2645,7235,21,22,3.27,2.01,9840,1
9935,Middle East,Google Ads,Discount,1114,1348,6,32,3.43,11.89,11749,1
9936,Asia,Social Media,Discount,2846,3198,15,58,2.42,6.9,16073,0
9937,North America,TV Ads,Brand Awareness,3144,8417,2,95,3.87,7.9,2665,0
9938,South America,Social Media,New Product Launch,4296,3721,5,59,2.64,2.76,7288,0
9939,Europe,Google Ads,New Product Launch,2565,5769,25,113,4.18,9.53,979,0
9940,South America,TV Ads,New Product Launch,3946,8519,4,70,0.89,6.22,12415,1
9941,North America,Google Ads,New Product Launch,3243,6552,42,35,4.86,2.84,8926,1
9942,South America,Email,Discount,2624,1374,42,115,4.12,6.27,16107,0
9943,South America,Google Ads,Discount,4711,4866,13,111,1.54,6.72,914,0
9944,Asia,Social Media,Brand Awareness,3272,4941,19,20,0.7,8.02,2394,1
9945,North America,Influencer,Discount,560,7864,26,52,1.16,3.45,6008,1
9946,Middle East,TV Ads,Discount,2314,8158,35,57,0.75,1.32,18432,0
9947,Middle East,Google Ads,Discount,2030,1104,41,22,4.17,5.45,3797,1
9948,Europe,Influencer,Discount,3033,5158,29,34,4.11,7.32,19867,1
9949,Middle East,Influencer,Brand Awareness,363,4744,34,115,4.95,5.65,6690,1
9950,Middle East,Influencer,Discount,3334,4219,23,73,0.94,2.67,1768,1
9951,Middle East,Influencer,Discount,930,7231,16,86,2.2,1.78,12241,0
9952,Asia,TV Ads,Brand Awareness,512,8332,9,13,4.39,10.89,13084,1
9953,Middle East,Email,Discount,493,6029,19,81,4.02,11.49,9091,0
9954,Europe,Google Ads,New Product Launch,1903,2705,49,55,2.79,3.51,2695,0
9955,North America,Google Ads,Discount,464,3382,14,22,3.22,4.3,12354,0
9956,North America,Social Media,Discount,418,6242,10,20,3.11,7.09,759,1
9957,Europe,Google Ads,New Product Launch,4287,5839,17,11,3.69,3.27,13035,1
9958,Europe,Google Ads,Discount,3025,935,49,102,4.17,7.66,1667,1
9959,Europe,Google Ads,Discount,1648,6688,16,71,3.39,7.1,9857,0
9960,South America,TV Ads,Brand Awareness,300,8254,2,83,3.12,6.29,1950,0
9961,South America,Email,New Product Launch,653,6935,29,65,3.86,6.61,3982,1
9962,North America,Email,Discount,3698,6136,47,86,0.77,3.68,5809,0
9963,North America,Social Media,Brand Awareness,2080,350,35,56,3.97,5.87,17986,1
9964,Europe,TV Ads,New Product Launch,4422,7274,40,42,3.83,2.6,7268,0
9965,Middle East,TV Ads,New Product Launch,2754,7465,20,113,1.21,8.42,4246,1
9966,Asia,Email,New Product Launch,2421,3584,21,102,3.79,8.63,16717,1
9967,South America,Google Ads,New Product Launch,3662,3818,24,91,3.71,8.43,957,1
9968,North America,Email,New Product Launch,3756,1922,32,65,4.88,6.81,4504,1
9969,Middle East,Influencer,New Product Launch,194,7850,2,110,2.89,7.64,16240,1
9970,Asia,TV Ads,New Product Launch,2320,4149,42,94,0.71,7.72,845,1
9971,Asia,Social Media,New Product Launch,299,7269,9,31,3.29,3.0,8329,1
9972,Europe,Social Media,Brand Awareness,2690,3999,20,106,1.18,3.04,9453,0
9973,North America,Influencer,New Product Launch,2710,8325,29,69,0.78,11.89,1526,1
9974,Europe,TV Ads,Brand Awareness,1778,8377,1,58,1.54,7.12,7543,1
9975,Middle East,TV Ads,Discount,4640,6246,45,47,0.9,11.94,9238,1
9976,North America,Google Ads,New Product Launch,833,6143,39,40,1.21,1.96,17659,1
9977,Europe,TV Ads,Discount,4797,7860,44,21,4.9,2.05,17790,1
9978,Middle East,Google Ads,Brand Awareness,2302,5059,26,118,4.35,4.65,11348,1
9979,North America,Social Media,Discount,1931,1012,25,71,0.68,10.42,10929,1
9980,Middle East,TV Ads,Discount,1765,582,31,60,0.96,10.05,11879,1
9981,North America,Influencer,Brand Awareness,3506,6642,4,37,4.48,7.24,7840,1
9982,Europe,TV Ads,Brand Awareness,3222,6498,32,83,2.18,5.94,6257,1
9983,Asia,Email,New Product Launch,4310,3645,5,95,4.68,4.89,14088,1
9984,Europe,Google Ads,Discount,1569,8251,22,67,4.3,5.97,10338,1
9985,North America,Email,New Product Launch,3272,6792,28,119,2.07,3.04,6364,1
9986,Europe,Google Ads,New Product Launch,2151,2660,9,62,2.1,6.01,3023,1
9987,Middle East,TV Ads,Discount,1763,1722,48,89,1.34,10.69,10488,1
9988,South America,Google Ads,New Product Launch,4788,489,5,101,4.35,7.45,16182,0
9989,North America,Social Media,New Product Launch,4281,8773,6,103,1.73,7.14,1582,0
9990,North America,Google Ads,Brand Awareness,4845,6474,34,89,0.73,5.88,15385,1
9991,Middle East,Influencer,New Product Launch,2197,5192,27,57,2.93,6.48,13059,0
9992,Europe,Social Media,Brand Awareness,4407,6811,41,66,3.96,1.99,14404,0
9993,Europe,Google Ads,New Product Launch,1187,1066,15,49,3.04,5.46,12258,1
9994,South America,Influencer,Discount,1506,7076,2,10,4.44,3.14,7786,0
9995,South America,Google Ads,New Product Launch,737,8124,24,19,2.33,4.04,10090,1
9996,South America,Email,Brand Awareness,1731,6906,31,88,4.25,1.29,19472,1
9997,Asia,Google Ads,Discount,3638,8214,40,68,1.09,3.77,16407,1
9998,Europe,Email,New Product Launch,3388,2773,8,102,2.98,3.91,7217,1
9999,Asia,TV Ads,New Product Launch,2459,6916,8,98,2.87,11.53,6186,0
10000,Middle East,Google Ads,Brand Awareness,2416,730,2,92,3.61,11.51,681,1
10001,North America,Influencer,Discount,3237,2700,43,56,2.47,7.08,7760,0
10002,Europe,Social Media,Discount,1272,7165,12,116,1.11,5.61,4577,0
10003,South America,Social Media,New Product Launch,2982,7722,40,57,1.16,2.39,19287,1
10004,Middle East,Email,New Product Launch,4314,3469,25,98,1.82,6.93,18905,1
10005,South America,TV Ads,New Product Launch,2737,7966,12,90,4.63,6.94,8515,0
10006,Middle East,Social Media,Discount,2321,534,19,97,4.69,5.27,13551,0
10007,Asia,Email,New Product Launch,149,4734,29,92,3.53,7.79,17762,0
10008,Middle East,Google Ads,New Product Launch,4993,7410,33,105,1.27,2.25,9362,1
10009,Europe,Email,Brand Awareness,931,2655,28,115,2.51,4.7,3743,0
10010,Asia,Influencer,Discount,2261,1731,46,110,1.11,10.47,6764,1
10011,Europe,Influencer,Discount,3331,8077,10,68,4.11,7.09,16564,1
10012,North America,Email,Discount,1465,3621,26,33,3.58,5.52,9264,1
10013,Asia,Social Media,Brand Awareness,1143,1624,17,53,4.37,4.35,2229,1
10014,Europe,Email,Brand Awareness,104,3278,31,82,1.03,7.14,6169,1
10015,North America,Google Ads,Brand Awareness,2769,8039,45,64,0.94,1.69,8848,0
10016,Middle East,Influencer,Brand Awareness,1328,1810,49,90,3.7,7.01,3706,0
10017,Europe,TV Ads,Discount,3267,880,43,33,2.35,11.9,1588,0
10018,Asia,Influencer,Brand Awareness,3745,5844,39,117,4.86,10.53,13936,0
10019,North America,Social Media,Brand Awareness,4296,5381,14,16,4.93,2.25,19939,1
10020,Middle East,TV Ads,Discount,1378,5758,1,19,3.45,4.3,15247,1
10021,South America,Google Ads,Discount,492,6463,33,19,4.33,1.44,1275,0
10022,Asia,Email,Brand Awareness,4953,6141,30,88,3.52,2.35,16233,1
10023,Europe,Google Ads,Discount,4397,2763,37,102,4.66,6.4,9084,1
10024,Middle East,TV Ads,Brand Awareness,4838,8137,29,26,1.17,8.46,8358,1
10025,Middle East,TV Ads,Brand Awareness,818,6016,13,41,2.43,7.95,8249,1
10026,Asia,TV Ads,Brand Awareness,3435,2321,48,12,2.06,2.98,4685,0
10027,North America,Google Ads,Brand Awareness,1881,4116,40,17,2.22,9.23,17289,1
10028,South America,TV Ads,Discount,3689,3881,16,91,0.52,1.52,19623,1
10029,Europe,Social Media,Discount,1351,1406,15,61,3.47,8.24,1392,1
10030,North America,Google Ads,Brand Awareness,3448,1664,6,22,2.28,4.39,12374,1
10031,Europe,Google Ads,New Product Launch,917,440,1,71,2.45,8.39,10791,1
10032,South America,TV Ads,Brand Awareness,914,7991,30,52,1.11,7.39,17544,1
10033,Middle East,Google Ads,New Product Launch,541,981,36,69,2.85,4.54,1623,1
10034,North America,Social Media,New Product Launch,670,4681,38,91,3.0,5.18,13066,0
10035,South America,Social Media,New Product Launch,1709,444,3,62,3.33,6.95,17076,0
10036,Asia,Email,Brand Awareness,4746,4373,32,33,1.7,8.67,13438,1
10037,Asia,Email,Discount,357,6416,19,113,1.82,1.41,10560,1
10038,Asia,Influencer,New Product Launch,3377,6961,25,63,3.07,2.69,1084,0
10039,North America,TV Ads,Brand Awareness,3015,2177,28,67,1.46,3.89,6320,1
10040,Asia,Email,Discount,3573,1130,47,110,4.61,11.64,18593,0
10041,South America,Google Ads,Discount,4639,4416,48,102,1.58,7.31,564,0
10042,Middle East,Social Media,Discount,2898,2618,18,95,3.34,6.45,4902,1
10043,South America,TV Ads,Discount,755,392,32,104,2.07,1.38,6513,1
10044,Asia,TV Ads,New Product Launch,2026,1165,37,79,3.75,9.11,6171,1
10045,North America,Email,Brand Awareness,3620,7798,20,64,3.99,10.44,15965,1
10046,South America,Google Ads,New Product Launch,3193,3555,14,21,4.84,3.0,6244,1
10047,Asia,Influencer,Discount,652,7777,25,100,3.41,9.24,5395,1
10048,Asia,Google Ads,Discount,3466,6592,17,30,4.41,7.37,1603,1
10049,South America,Google Ads,New Product Launch,2255,2111,38,94,2.92,4.2,18367,1
10050,North America,Google Ads,Brand Awareness,2252,6510,38,10,1.41,4.35,10136,0
10051,Middle East,Social Media,Brand Awareness,2277,7438,44,25,4.77,7.45,19416,1
10052,Middle East,Google Ads,Brand Awareness,784,263,40,76,3.43,3.37,6216,1
10053,Middle East,Influencer,Discount,4077,4723,17,24,4.33,9.5,2713,1
10054,South America,Google Ads,Discount,3793,2334,28,31,4.44,9.87,15163,0
10055,South America,Email,New Product Launch,1397,495,9,78,2.59,1.43,16843,0
10056,Middle East,Influencer,Discount,4663,4173,3,97,1.76,8.29,5870,0
10057,South America,Influencer,Discount,3212,6007,46,18,1.54,10.97,5050,0
10058,North America,Google Ads,Brand Awareness,2670,8314,16,32,1.58,9.38,16495,1
10059,South America,Google Ads,Brand Awareness,2815,8887,31,39,2.27,9.68,2500,1
10060,North America,Google Ads,Discount,460,2334,13,66,1.87,3.4,6131,1
10061,North America,Email,Brand Awareness,1392,2230,13,108,2.11,9.79,13142,1
10062,Asia,Influencer,Discount,2917,1207,31,41,3.62,5.19,8445,0
10063,Europe,Google Ads,Brand Awareness,2082,6690,10,92,1.53,2.17,17617,1
10064,Europe,Google Ads,Brand Awareness,2691,3947,2,40,1.58,9.99,5652,1
10065,Asia,Email,New Product Launch,3324,6499,27,111,3.86,2.56,2000,1
10066,Middle East,Google Ads,Discount,4389,1503,38,96,4.93,5.43,18429,1
10067,Asia,Influencer,Brand Awareness,4398,5307,15,67,3.86,2.54,9467,1
10068,Europe,Google Ads,Discount,1361,611,46,106,2.99,10.93,4782,0
10069,Asia,Influencer,Brand Awareness,201,1753,27,97,0.68,7.4,7820,0
10070,South America,Google Ads,Brand Awareness,2320,4728,28,21,3.33,2.21,18019,0
10071,Europe,TV Ads,Brand Awareness,1360,2835,5,69,3.35,9.05,6887,1
10072,Middle East,Email,New Product Launch,4722,3501,43,105,3.43,7.59,12596,1
10073,Middle East,Influencer,New Product Launch,4250,1427,13,78,1.86,2.02,17782,1
10074,South America,Google Ads,Discount,2020,2078,48,28,3.47,7.6,15662,0
10075,South America,Influencer,New Product Launch,3306,3207,48,76,3.34,4.47,2096,1
10076,North America,Influencer,Brand Awareness,2644,2990,37,6,2.52,7.82,17332,1
10077,South America,Google Ads,Discount,4679,4576,27,67,2.15,9.9,18436,0
10078,South America,Google Ads,New Product Launch,3030,6180,26,23,3.84,3.55,7440,1
10079,Middle East,TV Ads,Discount,189,4406,30,52,3.69,8.73,5123,1
10080,North America,Email,Discount,4436,3281,45,62,4.65,2.46,15588,1
10081,North America,TV Ads,New Product Launch,789,2758,15,48,1.67,1.12,5066,1
10082,Asia,Social Media,Discount,312,1334,40,57,2.95,1.81,16712,1
10083,South America,Influencer,Brand Awareness,2275,2711,29,86,4.84,4.59,12044,0
10084,Asia,Google Ads,Discount,115,6023,3,62,3.94,8.8,10229,1
10085,Asia,Email,Brand Awareness,3421,1305,43,72,0.52,8.16,14065,1
10086,Asia,Influencer,New Product Launch,4843,5627,21,89,3.4,2.04,18204,1
10087,North America,Social Media,Discount,3954,1475,13,62,4.59,2.84,19345,1
10088,North America,Influencer,Brand Awareness,344,1563,21,25,2.02,6.38,5220,1
10089,South America,Google Ads,New Product Launch,4567,2138,23,112,3.11,7.35,9238,1
10090,Asia,Social Media,Discount,122,7612,41,87,2.93,6.89,17756,1
10091,Europe,Google Ads,New Product Launch,3505,7957,39,6,3.03,5.66,4398,1
10092,Europe,Google Ads,Brand Awareness,1167,459,31,45,3.57,1.53,17621,0
10093,Asia,Google Ads,New Product Launch,3950,210,32,37,0.76,7.85,18576,0
10094,North America,Google Ads,Discount,4853,2720,2,101,0.71,2.13,5329,1
10095,Middle East,TV Ads,New Product Launch,1038,341,4,115,3.08,5.93,12896,0
10096,North America,Social Media,New Product Launch,2612,1017,21,47,4.96,4.1,16066,1
10097,Asia,TV Ads,Brand Awareness,4684,8611,49,87,4.25,2.08,3985,1
10098,North America,Influencer,New Product Launch,214,3594,40,114,2.24,5.93,3823,1
10099,Middle East,Email,New Product Launch,3874,3814,22,100,4.97,1.41,18125,1
10100,Asia,Email,Brand Awareness,4956,6349,4,81,2.86,2.2,14515,0
10101,South America,Social Media,Brand Awareness,4688,1423,42,31,4.6,3.69,19283,0
10102,South America,Google Ads,New Product Launch,439,7243,13,94,0.91,6.97,844,0
10103,Asia,Social Media,Brand Awareness,1305,7929,38,108,2.31,8.8,18268,1
10104,South America,Google Ads,Discount,2543,1140,33,67,0.68,3.42,10906,1
10105,Asia,Google Ads,Brand Awareness,1757,2062,7,71,2.49,2.35,11130,0
10106,South America,TV Ads,Brand Awareness,1011,8485,6,46,2.38,6.42,19653,0
10107,North America,Email,Brand Awareness,4041,1660,22,35,1.56,5.6,12882,1
10108,Asia,Social Media,Brand Awareness,4221,1155,9,81,0.89,6.83,11448,0
10109,Middle East,Email,New Product Launch,414,5438,13,89,0.9,10.18,4932,0
10110,North America,Google Ads,New Product Launch,3747,7699,36,77,3.84,11.02,12409,1
10111,North America,TV Ads,New Product Launch,4506,5849,12,16,1.09,7.49,13540,1
10112,Middle East,TV Ads,Discount,3490,6240,2,34,1.8,3.93,16342,1
10113,Europe,Email,New Product Launch,3025,1907,15,77,1.39,8.21,12537,1
10114,South America,Email,Discount,959,6697,49,16,1.48,8.98,10269,1
10115,Middle East,Google Ads,Brand Awareness,698,723,45,89,2.16,1.19,11682,0
10116,Middle East,Email,Discount,2654,6272,17,10,3.5,9.44,18398,1
10117,Europe,Influencer,Brand Awareness,2224,1424,20,32,3.96,10.87,18073,1
10118,Europe,TV Ads,Discount,2432,5892,3,97,3.64,9.38,19498,1
10119,Europe,TV Ads,Discount,1682,2906,41,77,0.92,3.67,15952,0
10120,Europe,Social Media,Brand Awareness,4017,5036,20,32,3.19,8.5,4415,1
10121,Europe,Influencer,Discount,4211,1096,6,5,2.44,6.78,17534,1
10122,South America,Influencer,New Product Launch,2947,6851,15,48,1.0,1.23,10704,1
10123,Middle East,Google Ads,New Product Launch,3654,2327,10,51,2.42,11.18,17299,1
10124,North America,Social Media,Discount,2210,4612,30,80,3.52,1.19,13494,0
10125,Middle East,Influencer,Brand Awareness,1431,4853,23,70,0.59,9.47,4467,1
10126,Middle East,TV Ads,Brand Awareness,1769,7322,3,22,1.84,9.53,6350,0
10127,Asia,Influencer,Discount,2473,2362,18,101,0.91,1.44,14462,1
10128,Middle East,Social Media,New Product Launch,4399,2858,45,115,4.43,1.66,16461,1
10129,Europe,Influencer,New Product Launch,369,7069,15,59,3.57,4.38,16470,1
10130,Middle East,TV Ads,New Product Launch,4500,723,41,67,2.09,9.06,10717,0
10131,Middle East,TV Ads,New Product Launch,2577,1860,32,69,4.89,3.82,13448,1
10132,Europe,Email,New Product Launch,4383,5719,33,89,3.72,10.6,3520,0
10133,North America,TV Ads,Brand Awareness,2200,7593,38,72,3.86,7.96,8812,1
10134,Europe,Social Media,Brand Awareness,520,8126,33,90,3.28,8.59,17801,0
10135,Middle East,Google Ads,Discount,1871,1817,15,56,2.95,4.82,13207,0
10136,Asia,Email,New Product Launch,3589,3472,30,18,3.6,7.8,18165,0
10137,Asia,Email,New Product Launch,202,2078,41,53,0.86,5.26,2936,0
10138,Middle East,TV Ads,Discount,2043,5790,45,21,2.4,9.93,1290,0
10139,North America,Social Media,New Product Launch,4458,7405,2,105,2.01,1.12,18860,1
10140,North America,Google Ads,Discount,668,1167,14,118,3.5,7.93,19925,0
10141,Asia,Email,New Product Launch,471,5792,33,37,1.88,7.73,18394,1
10142,South America,Email,New Product Launch,3037,1646,21,5,1.86,3.15,8858,0
10143,South America,TV Ads,Discount,3388,4952,47,11,3.39,11.65,3520,1
10144,North America,Influencer,Discount,4665,300,19,71,1.3,11.67,8914,1
10145,Asia,Social Media,New Product Launch,1149,2649,34,68,2.54,7.15,15925,1
10146,Middle East,Email,Discount,1750,4184,19,41,4.24,10.25,11356,0
10147,North America,Email,New Product Launch,403,6148,30,18,2.28,8.23,1727,1
10148,South America,Social Media,Discount,1605,1719,20,109,4.07,5.2,17137,1
10149,South America,Email,Brand Awareness,2567,7162,18,72,2.81,6.81,3793,0
10150,Asia,TV Ads,Discount,3394,8121,24,31,2.94,6.09,7600,1
10151,Europe,Email,Brand Awareness,1930,565,39,57,4.35,11.45,18418,1
10152,South America,Google Ads,Brand Awareness,462,8657,11,47,1.71,2.59,12865,1
10153,Middle East,TV Ads,Brand Awareness,3634,6668,48,49,3.65,3.73,4071,0
10154,Europe,Influencer,Discount,4703,7416,3,62,2.97,11.48,19753,0
10155,Europe,Social Media,Brand Awareness,2728,812,30,71,3.56,4.04,9539,1
10156,South America,Email,New Product Launch,3338,4246,5,57,0.51,12.0,1512,1
10157,Middle East,Influencer,Brand Awareness,4622,5798,32,12,4.75,6.04,6509,1
10158,South America,Email,Brand Awareness,1936,1498,12,109,1.3,5.12,12124,1
10159,Europe,TV Ads,New Product Launch,4382,8057,4,110,0.83,9.74,12231,1
10160,South America,Email,New Product Launch,1313,5364,9,93,4.36,5.77,3514,0
10161,Middle East,TV Ads,Discount,2232,5223,32,89,2.49,3.46,16629,1
10162,South America,TV Ads,New Product Launch,2504,3660,48,15,3.02,6.26,10143,1
10163,Europe,Social Media,Discount,4820,4132,12,89,2.68,11.62,16204,1
10164,Europe,Social Media,Discount,983,8627,26,65,4.15,6.77,18448,1
10165,South America,TV Ads,New Product Launch,1104,283,32,108,4.1,7.18,17912,1
10166,Europe,TV Ads,Brand Awareness,919,5740,43,27,0.72,4.67,979,1
10167,South America,Social Media,Brand Awareness,200,3794,19,114,1.33,9.07,14828,0
10168,Middle East,Social Media,New Product Launch,3131,1804,19,116,4.34,4.22,14306,1
10169,South America,Email,New Product Launch,1386,6110,49,90,4.73,10.13,6681,1
10170,North America,Email,Discount,4214,1219,15,6,2.48,8.16,19190,0
10171,Asia,Google Ads,New Product Launch,3215,4086,8,33,2.88,5.12,10582,1
10172,South America,Influencer,Discount,1439,4854,14,21,4.61,9.29,2935,1
10173,South America,Google Ads,New Product Launch,3719,355,41,47,1.58,11.98,18651,1
10174,North America,Influencer,Discount,3577,5352,41,62,4.41,6.7,16730,1
10175,South America,Google Ads,Discount,1644,4535,14,92,1.25,1.79,2794,1
10176,South America,Google Ads,New Product Launch,2069,5551,24,17,0.8,11.44,8389,1
10177,Asia,Influencer,Brand Awareness,2002,6136,10,94,2.77,7.32,18976,1
10178,Asia,Social Media,Discount,483,2130,30,34,2.57,9.7,8938,0
10179,North America,Influencer,Brand Awareness,1605,3528,12,78,4.28,1.21,17600,1
10180,Europe,Email,Discount,4601,5279,44,114,2.18,2.17,10993,1
10181,South America,TV Ads,New Product Launch,1517,4111,4,102,0.91,9.35,11550,1
10182,North America,Social Media,Discount,253,4918,32,99,0.9,2.19,2765,1
10183,Middle East,Social Media,Discount,1080,3077,33,118,0.66,3.99,5010,1
10184,South America,TV Ads,Brand Awareness,2158,3497,29,55,1.78,3.98,7244,1
10185,North America,Google Ads,Brand Awareness,2584,811,20,109,2.88,6.01,6166,0
10186,North America,Social Media,Discount,603,6081,15,27,3.59,6.85,17086,0
10187,Middle East,Email,Brand Awareness,4203,5961,22,33,2.73,3.43,18818,1
10188,Asia,Email,Discount,516,4147,32,65,2.22,8.14,7216,1
10189,Europe,Google Ads,Discount,2160,1116,16,118,1.72,4.29,19651,1
10190,South America,Email,Discount,1980,5806,32,53,2.75,6.61,4340,0
10191,Europe,Influencer,New Product Launch,801,6669,31,14,1.9,8.52,2453,1
10192,Asia,Google Ads,New Product Launch,4548,6234,7,46,3.02,7.96,4267,0
10193,Asia,Email,New Product Launch,2264,8650,21,115,3.2,3.76,2110,1
10194,North America,TV Ads,Brand Awareness,1052,2446,11,95,4.98,9.59,14129,1
10195,North America,Influencer,New Product Launch,2824,2218,41,38,2.66,3.7,12298,1
10196,Middle East,TV Ads,New Product Launch,3704,467,42,52,2.98,9.58,13059,1
10197,Middle East,Google Ads,New Product Launch,3095,2934,5,8,1.25,5.7,8788,1
10198,North America,Social Media,New Product Launch,1019,5281,4,84,3.32,6.17,2317,1
10199,Asia,Google Ads,New Product Launch,4910,2673,13,45,3.67,5.77,4180,0
10200,North America,TV Ads,New Product Launch,2829,7035,7,85,1.25,6.27,15255,1
10201,South America,Social Media,Discount,985,6764,38,90,1.74,4.68,19927,1
10202,Asia,TV Ads,New Product Launch,2995,5102,45,111,1.71,11.14,16645,0
10203,Europe,Email,Discount,4300,7889,43,11,3.01,9.78,4785,1
10204,Middle East,TV Ads,Discount,2087,4057,38,33,3.86,8.42,6478,1
10205,North America,TV Ads,Brand Awareness,369,7561,48,40,4.26,5.69,3422,1
10206,North America,Email,Brand Awareness,1411,3696,8,6,1.9,10.22,4244,1
10207,Europe,TV Ads,Brand Awareness,2322,1287,10,79,3.64,2.72,17677,1
10208,North America,Email,New Product Launch,2944,1129,14,95,4.57,11.0,12603,1
10209,South America,TV Ads,Brand Awareness,4495,2250,13,63,4.37,8.65,7666,0
10210,Asia,Google Ads,Discount,4939,6519,27,61,4.82,7.48,9535,0
10211,South America,Email,Brand Awareness,193,674,35,48,1.45,5.21,5750,0
10212,Asia,Google Ads,New Product Launch,510,2350,20,51,2.14,8.13,3928,1
10213,Middle East,Influencer,Brand Awareness,520,6984,23,30,2.8,10.23,13388,1
10214,North America,Google Ads,Brand Awareness,1596,4690,20,101,4.7,4.97,11968,0
10215,Europe,Google Ads,Brand Awareness,3927,3754,20,26,2.44,8.81,10880,1
10216,North America,Influencer,New Product Launch,4768,4597,8,109,4.31,10.1,18255,1
10217,Europe,Google Ads,Discount,1256,3435,33,32,2.84,5.72,10096,1
10218,Middle East,Influencer,New Product Launch,2723,8094,40,9,3.42,10.83,15871,1
10219,Middle East,Email,New Product Launch,2105,2441,31,90,1.4,6.14,9150,1
10220,South America,Influencer,Discount,4321,1636,12,30,1.43,6.88,16889,1
10221,Asia,Social Media,Brand Awareness,3102,616,10,109,1.81,4.17,11419,1
10222,Asia,Google Ads,Brand Awareness,214,2288,27,16,5.0,10.96,5603,1
10223,Asia,Google Ads,New Product Launch,3383,6995,29,109,4.7,4.89,15951,0
10224,Middle East,Social Media,Discount,2600,7736,21,117,2.46,10.76,1867,1
10225,South America,TV Ads,Brand Awareness,4932,7220,43,49,0.61,5.55,12210,0
10226,Middle East,Email,Discount,3435,8784,5,106,1.15,7.39,2434,1
10227,Europe,Social Media,Brand Awareness,2514,2332,25,13,4.6,8.74,3775,1
10228,Europe,Influencer,New Product Launch,3672,7657,11,60,1.74,9.46,16280,0
10229,South America,TV Ads,Discount,4065,4448,25,69,0.94,5.72,8213,0
10230,Europe,Google Ads,Brand Awareness,4506,4372,5,75,3.77,1.76,16756,1
10231,South America,Email,New Product Launch,2514,1816,14,95,3.81,5.15,8828,0
10232,Europe,Social Media,Discount,1053,539,39,71,3.37,6.1,2066,1
10233,South America,Influencer,Discount,4938,2026,33,111,2.22,10.4,11243,0
10234,Europe,Social Media,New Product Launch,3652,3091,11,117,0.65,1.22,19668,1
10235,North America,TV Ads,Discount,1538,2326,18,57,3.58,2.75,7784,1
10236,Middle East,Influencer,Discount,969,4987,1,23,1.12,10.5,19698,1
10237,Europe,Email,Discount,172,8797,30,102,2.51,7.53,8990,0
10238,South America,Email,Discount,4463,5110,3,31,4.51,7.96,13336,0
10239,Asia,Influencer,New Product Launch,1073,8098,8,28,3.41,1.89,6293,1
10240,Europe,Google Ads,Discount,3932,7693,33,87,3.51,8.47,13845,1
10241,North America,Email,Discount,130,6980,39,78,2.63,6.04,4157,0
10242,North America,Google Ads,Brand Awareness,1261,5493,28,97,2.29,2.3,4828,1
10243,Europe,Social Media,Brand Awareness,2622,7531,45,5,3.54,10.27,9606,1
10244,Asia,Email,New Product Launch,2245,8779,49,37,0.67,7.65,16168,0
10245,North America,Google Ads,Discount,371,4122,47,39,1.53,11.11,14073,1
10246,Asia,Social Media,New Product Launch,2337,2881,17,48,2.12,5.93,11057,1
10247,Asia,Influencer,Discount,595,6614,15,35,3.24,10.35,3298,1
10248,Asia,Email,New Product Launch,1119,6118,16,98,2.25,1.14,19882,1
10249,Europe,TV Ads,New Product Launch,2432,5666,47,89,4.41,3.04,11284,1
10250,Asia,Social Media,Brand Awareness,1577,8863,29,96,1.82,6.39,14825,1
10251,Asia,Influencer,Brand Awareness,1323,1586,20,62,4.51,2.87,6263,1
10252,Asia,Influencer,Discount,432,1920,19,7,0.88,4.43,5860,0
10253,Middle East,Social Media,Discount,751,7347,14,44,1.41,10.29,7253,1
10254,South America,Social Media,New Product Launch,2031,7152,40,39,4.35,11.6,10478,1
10255,North America,Email,Brand Awareness,3550,2781,47,76,3.95,4.07,963,0
10256,Middle East,Google Ads,Brand Awareness,4458,3355,4,32,4.8,1.39,2006,0
10257,Middle East,Social Media,Discount,931,3815,49,90,1.11,4.0,19727,1
10258,South America,Email,Brand Awareness,4175,2948,41,24,1.36,7.02,8228,1
10259,Asia,Email,New Product Launch,3712,2231,38,61,3.22,11.03,4959,1
10260,Middle East,Google Ads,Brand Awareness,4174,4425,46,97,4.72,8.83,6909,0
10261,Europe,Email,Discount,2547,8026,32,25,3.05,8.09,4402,0
10262,Asia,Influencer,New Product Launch,3387,5408,9,42,2.02,7.88,6685,0
10263,North America,Social Media,Discount,2482,8670,33,12,4.95,10.3,7768,1
10264,South America,TV Ads,New Product Launch,2721,5175,5,103,3.92,4.51,8302,1
10265,North America,TV Ads,New Product Launch,3399,6433,28,72,1.68,7.85,1282,1
10266,Europe,Influencer,Brand Awareness,3970,6630,34,27,2.56,8.57,8261,1
10267,Asia,Email,Discount,1976,932,35,57,4.74,10.58,14602,1
10268,Europe,Influencer,Brand Awareness,2623,5968,25,23,4.17,8.09,12928,1
10269,North America,TV Ads,Discount,4706,4893,3,8,3.11,9.7,2680,0
10270,Middle East,Google Ads,Discount,3874,4559,48,45,1.86,11.34,1145,0
10271,Middle East,Social Media,Brand Awareness,542,355,40,76,4.63,4.74,545,1
10272,Asia,Google Ads,New Product Launch,3446,3775,11,5,1.78,4.18,7114,1
10273,Middle East,Social Media,New Product Launch,2749,5571,15,48,1.58,4.62,16441,1
10274,North America,TV Ads,Brand Awareness,4324,7139,39,24,0.95,6.85,18462,0
10275,South America,Google Ads,New Product Launch,244,7731,1,96,0.64,3.69,16005,1
10276,Asia,Influencer,Discount,3453,599,24,59,3.63,5.95,9374,1
10277,North America,Google Ads,Discount,660,405,45,36,1.31,2.24,19713,1
10278,Europe,Influencer,Brand Awareness,4509,1321,5,72,3.32,7.98,4796,0
10279,South America,Social Media,Discount,3097,5095,36,82,2.94,7.69,12450,1
10280,Europe,Email,Discount,1826,2438,10,84,0.91,8.43,5511,0
10281,South America,Google Ads,New Product Launch,1392,1810,29,117,4.12,9.48,11089,1
10282,North America,Influencer,Discount,3435,6459,35,92,2.8,7.82,12181,1
10283,Middle East,Social Media,New Product Launch,685,513,40,11,2.52,7.85,6977,1
10284,Europe,Email,Discount,2038,712,14,40,1.51,1.17,6412,1
10285,Asia,Email,Discount,326,5254,47,8,1.37,7.45,5727,1
10286,Middle East,Social Media,Discount,1596,3786,6,33,1.87,10.8,14024,1
10287,North America,Email,New Product Launch,4079,6131,34,72,2.41,9.09,9544,1
10288,Middle East,TV Ads,Brand Awareness,4373,4686,43,104,1.73,3.46,5059,0
10289,Europe,Email,New Product Launch,2688,4607,47,7,2.88,7.91,19846,0
10290,Europe,Google Ads,New Product Launch,1737,1487,30,26,3.83,10.11,15062,0
10291,South America,TV Ads,Discount,4990,1524,13,110,4.16,6.07,14708,1
10292,Europe,Email,New Product Launch,3577,2192,9,78,4.29,7.18,19159,1
10293,Middle East,Email,Discount,1425,6903,30,117,0.71,5.41,1588,1
10294,Asia,TV Ads,New Product Launch,3833,6955,32,89,3.95,8.51,9093,1
10295,South America,Email,Discount,2152,8778,14,107,4.62,3.81,1686,1
10296,South America,Social Media,Brand Awareness,318,4447,19,36,2.56,8.44,11714,1
10297,Europe,Email,New Product Launch,4046,3566,5,31,3.53,11.38,15810,0
10298,Middle East,Email,New Product Launch,1488,588,1,28,1.13,4.54,10823,1
10299,Asia,Social Media,Brand Awareness,1454,2755,22,83,3.84,1.14,5818,0
10300,Middle East,TV Ads,New Product Launch,2170,7745,33,28,0.83,1.9,18529,0
10301,Middle East,TV Ads,Brand Awareness,3565,7196,40,77,4.21,7.53,17757,0
10302,Asia,Social Media,Brand Awareness,3458,5206,23,51,4.84,9.55,11883,0
10303,South America,Email,Brand Awareness,3183,5688,21,64,3.55,2.16,11243,1
10304,North America,Social Media,Discount,2516,7501,39,85,0.87,4.44,17641,1
10305,Europe,Influencer,Discount,2884,8010,34,72,1.96,8.58,3345,1
10306,Middle East,Google Ads,Brand Awareness,894,6611,27,14,1.03,11.98,10262,1
10307,North America,Google Ads,New Product Launch,2833,693,28,114,4.82,6.7,3116,1
10308,Europe,Email,New Product Launch,2765,6743,5,49,3.35,10.97,1004,0
10309,Asia,Social Media,Discount,551,8673,4,94,0.73,1.33,8223,0
10310,Europe,Influencer,Discount,467,1546,8,104,1.92,10.19,12001,0
10311,South America,Influencer,Brand Awareness,1203,802,34,111,0.78,5.97,19783,1
10312,Europe,Email,Discount,4362,1211,2,78,3.95,6.52,8935,1
10313,Middle East,TV Ads,New Product Launch,881,7854,4,16,3.73,9.16,16085,1
10314,Middle East,Google Ads,Discount,4070,4432,29,80,0.72,6.27,10384,0
10315,North America,Social Media,Discount,810,3574,15,57,4.96,4.73,19886,0
10316,Europe,Social Media,Discount,2985,7004,12,57,4.16,10.86,12671,0
10317,South America,TV Ads,Discount,4491,7974,21,95,2.27,7.0,5691,1
10318,Middle East,Google Ads,New Product Launch,4257,8183,4,95,0.91,10.18,16172,1
10319,South America,Social Media,New Product Launch,1145,1552,22,88,2.38,8.76,934,1
10320,North America,Google Ads,New Product Launch,186,7390,20,97,1.85,5.93,13990,0
10321,North America,Influencer,New Product Launch,1353,3938,36,83,3.89,10.25,11009,1
10322,Middle East,Google Ads,Discount,816,799,9,103,4.17,4.38,6190,1
10323,Asia,Influencer,New Product Launch,1220,4901,18,112,2.06,2.01,18998,1
10324,North America,TV Ads,Discount,1164,8681,19,19,1.19,2.27,9423,1
10325,Middle East,Social Media,Discount,1542,3519,40,27,4.53,10.92,16572,1
10326,North America,Google Ads,Discount,3379,6919,24,101,2.84,2.43,8344,1
10327,Middle East,Influencer,New Product Launch,2572,4843,33,8,3.69,3.47,5499,0
10328,South America,TV Ads,New Product Launch,3999,475,46,63,2.66,11.9,15096,1
10329,Europe,Google Ads,Discount,2119,6853,41,88,0.69,8.13,18647,0
10330,North America,Social Media,Brand Awareness,3708,2774,32,52,5.0,11.67,17929,1
10331,Middle East,Google Ads,Brand Awareness,3523,3585,11,78,3.99,1.17,14098,1
10332,South America,Google Ads,New Product Launch,1780,7953,48,50,1.48,10.72,8595,1
10333,Asia,Influencer,New Product Launch,1503,7669,27,27,1.36,9.12,5617,1
10334,South America,TV Ads,Brand Awareness,4924,2051,26,78,4.04,4.31,12915,1
10335,Europe,Social Media,New Product Launch,3248,2278,5,80,4.67,4.35,14649,0
10336,Europe,TV Ads,Discount,4477,448,47,57,3.63,6.66,12894,1
10337,North America,Google Ads,Brand Awareness,3146,3397,6,64,0.96,4.1,8705,1
10338,North America,Google Ads,Discount,1042,2845,29,103,0.63,7.94,8356,1
10339,North America,Social Media,New Product Launch,3278,8004,27,80,1.92,11.4,9259,1
10340,Asia,Google Ads,New Product Launch,1938,3782,33,15,3.31,1.72,6441,1
10341,South America,Google Ads,Brand Awareness,447,3877,12,65,2.77,4.18,14962,0
10342,Europe,Email,Brand Awareness,3281,7756,18,94,3.97,8.65,15964,1
10343,Europe,Google Ads,Brand Awareness,900,1576,33,37,0.93,11.76,15548,1
10344,Asia,Social Media,New Product Launch,4240,616,11,39,1.32,10.97,11331,0
10345,Asia,Influencer,Discount,567,4712,17,71,2.38,9.01,18265,1
10346,South America,Social Media,New Product Launch,2150,467,8,81,0.72,8.86,14313,0
10347,Asia,Google Ads,Brand Awareness,3057,6381,49,60,1.74,7.89,8566,1
10348,Europe,Social Media,Discount,3026,7779,48,81,2.24,3.16,8394,1
10349,South America,Influencer,Discount,3920,3700,21,56,0.72,6.0,8630,0
10350,North America,Social Media,Brand Awareness,611,4593,12,44,1.29,7.9,7303,0
10351,North America,Email,Brand Awareness,1549,2308,27,119,3.1,11.29,3270,0
10352,North America,Email,New Product Launch,1946,7398,41,20,3.62,7.89,1582,0
10353,Middle East,Social Media,Brand Awareness,315,5654,21,30,4.75,5.3,9843,1
10354,Europe,Email,Discount,1647,6544,45,107,4.38,9.86,790,0
10355,Europe,Email,Brand Awareness,1721,7365,7,73,4.27,10.19,16349,1
10356,Asia,Google Ads,New Product Launch,4739,6094,31,32,4.09,7.32,11049,0
10357,North America,Social Media,Discount,2741,5741,28,18,4.2,2.06,15064,1
10358,South America,Google Ads,Discount,3700,458,1,41,2.04,6.22,15391,1
10359,South America,Influencer,New Product Launch,2456,8789,35,87,2.3,5.49,748,1
10360,Europe,Email,New Product Launch,2029,7672,7,56,1.96,2.34,773,1
10361,Asia,Social Media,New Product Launch,2588,7179,11,51,3.42,4.91,19036,0
10362,Asia,Social Media,Discount,2525,6266,7,36,2.15,7.58,17050,1
10363,Europe,Google Ads,New Product Launch,1064,6768,20,49,2.88,1.54,13921,0
10364,Middle East,TV Ads,Brand Awareness,3766,323,41,118,3.06,5.65,14843,1
10365,Europe,TV Ads,Discount,2406,1149,14,119,1.18,4.05,11259,1
10366,South America,Email,Discount,1794,1751,10,111,2.8,1.62,2447,0
10367,Middle East,Google Ads,New Product Launch,1385,4715,48,65,2.53,3.75,1257,1
10368,South America,Email,Brand Awareness,450,4313,27,6,1.17,6.72,984,1
10369,Asia,Google Ads,New Product Launch,2551,4888,11,59,4.89,6.89,4920,0
10370,Europe,Social Media,Discount,2313,5738,43,57,1.26,5.02,12412,0
10371,Middle East,Social Media,Discount,3818,4940,37,19,4.22,5.03,18681,1
10372,Middle East,Social Media,Brand Awareness,4525,3182,4,50,2.24,8.41,5631,1
10373,Middle East,Google Ads,New Product Launch,3812,4988,6,73,0.96,6.89,9113,1
10374,Europe,TV Ads,New Product Launch,4041,307,37,37,2.34,10.51,17605,1
10375,Asia,Email,New Product Launch,3282,4332,2,28,1.37,11.98,4000,0
10376,North America,Influencer,Brand Awareness,4323,6809,4,58,2.64,6.04,11077,1
10377,North America,Social Media,Discount,4015,5098,18,22,1.52,1.97,4906,1
10378,Asia,Social Media,Brand Awareness,3613,7741,7,18,1.1,9.38,12496,1
10379,Europe,TV Ads,Brand Awareness,2756,7798,23,70,0.81,3.71,14969,0
10380,South America,Influencer,Discount,4462,6848,46,49,3.55,11.9,18264,1
10381,Europe,Influencer,Discount,3864,8392,22,26,2.3,5.28,12663,0
10382,Middle East,TV Ads,New Product Launch,3946,6923,31,100,3.17,4.04,1441,1
10383,South America,Email,Brand Awareness,628,2062,29,106,3.99,4.65,18173,0
10384,South America,Social Media,Brand Awareness,2069,1741,9,35,3.16,9.85,9613,1
10385,Middle East,Google Ads,Discount,3177,4199,14,67,3.69,3.57,10393,0
10386,Middle East,Influencer,Brand Awareness,2867,8881,3,81,2.29,10.86,13163,1
10387,Asia,Social Media,New Product Launch,1594,231,29,37,3.6,1.74,14057,1
10388,South America,Google Ads,Discount,3907,2711,18,64,1.01,4.55,14572,1
10389,Asia,Google Ads,Brand Awareness,1706,7739,15,65,2.07,6.38,6530,1
10390,Asia,Social Media,New Product Launch,1104,2972,22,63,4.16,2.24,5587,1
10391,Europe,TV Ads,Brand Awareness,3518,6357,9,115,4.53,2.05,12514,0
10392,North America,Google Ads,Discount,1664,3477,23,83,0.78,10.66,6644,1
10393,Europe,Email,Brand Awareness,891,8535,33,19,4.76,8.86,13462,1
10394,Middle East,Email,Discount,1224,5396,27,57,3.82,1.46,16821,0
10395,Europe,Google Ads,Discount,3599,5537,5,105,1.34,10.49,13833,1
10396,Asia,TV Ads,New Product Launch,3660,1149,13,104,0.58,2.18,4266,1
10397,South America,Influencer,New Product Launch,2318,8671,35,117,2.52,8.25,12322,0
10398,Europe,Influencer,Discount,328,289,35,65,4.5,5.84,3462,0
10399,North America,Social Media,New Product Launch,224,2491,14,24,2.15,7.05,2325,1
10400,North America,Influencer,Brand Awareness,3412,4301,42,29,2.38,4.77,13180,1
10401,Europe,Influencer,New Product Launch,3530,5793,6,38,0.97,10.86,8170,0
10402,Europe,Influencer,New Product Launch,728,7678,48,46,3.29,9.0,6357,1
10403,Middle East,Google Ads,Discount,2195,5357,10,56,0.96,8.53,14774,1
10404,South America,TV Ads,Discount,1590,3536,12,93,1.51,6.32,18344,0
10405,Middle East,Social Media,Discount,1138,2837,26,67,2.07,4.36,8951,1
10406,Europe,Influencer,Discount,4735,668,20,47,0.63,7.91,14492,1
10407,Asia,Email,New Product Launch,4449,1077,37,10,3.42,10.72,12395,1
10408,Europe,Google Ads,Brand Awareness,1374,1926,36,70,1.48,10.07,11453,1
10409,Middle East,Influencer,Brand Awareness,1888,4934,13,17,1.79,1.92,4321,1
10410,Asia,TV Ads,Discount,1492,5461,10,24,3.05,5.62,19231,1
10411,Europe,Email,Brand Awareness,1405,7980,10,92,3.15,11.54,6861,1
10412,Asia,TV Ads,Discount,1049,8789,42,45,1.05,6.98,16784,0
10413,North America,Email,New Product Launch,181,5711,5,64,4.21,2.36,11484,1
10414,North America,Email,New Product Launch,720,8032,42,112,1.62,4.45,9388,1
10415,Asia,TV Ads,Discount,3067,7419,20,50,2.78,10.28,10189,1
10416,Asia,Social Media,Discount,2688,1069,44,29,2.01,11.95,3791,1
10417,North America,Social Media,New Product Launch,2592,818,30,72,1.4,7.69,10161,0
10418,Europe,Influencer,Discount,4187,3285,25,81,2.28,9.22,6735,1
10419,South America,Email,New Product Launch,3031,679,29,27,4.33,9.0,13249,1
10420,Europe,Influencer,Brand Awareness,2867,3966,22,27,3.3,11.59,2837,0
10421,Middle East,Google Ads,Brand Awareness,2779,8529,45,31,2.5,6.22,4130,1
10422,Middle East,TV Ads,New Product Launch,529,1424,44,23,1.59,9.01,9334,1
10423,Asia,Influencer,Discount,4926,600,39,47,4.03,5.04,2386,0
10424,Asia,Email,Brand Awareness,2367,4991,22,112,2.65,8.14,1292,1
10425,Middle East,Influencer,New Product Launch,1603,3199,13,46,3.0,2.34,17194,1
10426,South America,Google Ads,New Product Launch,1088,1038,48,6,2.18,11.43,12417,1
10427,South America,TV Ads,Brand Awareness,835,4156,13,47,0.98,8.53,15417,0
10428,North America,TV Ads,Discount,3315,7404,39,21,4.11,6.64,18790,1
10429,South America,Email,Discount,4141,3969,11,108,4.72,2.4,7930,1
10430,South America,TV Ads,Brand Awareness,2532,1244,39,27,2.37,3.54,2156,1
10431,Europe,Google Ads,New Product Launch,1981,7304,47,76,1.18,7.11,2546,1
10432,Europe,Email,New Product Launch,2720,867,23,101,2.86,5.29,15313,1
10433,Europe,Influencer,Brand Awareness,1890,6461,8,6,2.97,8.74,9369,1
10434,Middle East,Email,Brand Awareness,2971,6183,32,8,1.18,4.76,8642,1
10435,North America,Email,Brand Awareness,3641,445,6,18,4.34,3.89,13867,1
10436,South America,TV Ads,New Product Launch,2316,4652,9,86,1.45,6.75,19976,1
10437,Asia,TV Ads,Discount,2942,2689,48,67,3.5,4.46,3123,1
10438,South America,Google Ads,Discount,4207,4603,20,91,2.76,6.71,16905,0
10439,Europe,TV Ads,New Product Launch,1252,2106,4,111,4.82,2.55,914,1
10440,South America,Email,New Product Launch,1784,6390,20,73,5.0,5.93,13953,1
10441,Middle East,Email,Brand Awareness,4320,454,17,5,1.82,7.56,18009,0
10442,Asia,Google Ads,New Product Launch,3456,3045,40,82,1.74,4.43,4388,0
10443,North America,Google Ads,Discount,4466,8319,46,16,1.32,4.68,2740,1
10444,Europe,Influencer,New Product Launch,2099,5449,49,109,4.61,3.78,10412,0
10445,South America,Influencer,Brand Awareness,3545,6294,34,105,2.0,6.95,11182,1
10446,Europe,Social Media,New Product Launch,348,2890,9,12,1.48,1.73,6593,1
10447,Europe,Google Ads,New Product Launch,2417,853,33,95,1.74,5.87,4770,0
10448,South America,Email,Brand Awareness,1162,8796,9,63,4.14,3.01,3216,0
10449,South America,Social Media,Discount,4245,3430,6,8,2.81,9.66,16061,0
10450,South America,Google Ads,Discount,774,603,46,29,4.45,11.09,14744,1
10451,Middle East,Google Ads,Brand Awareness,4134,2370,47,17,0.68,5.5,10864,1
10452,North America,Email,Brand Awareness,492,8597,3,62,2.34,2.78,7753,1
10453,Europe,Email,Discount,4966,1249,27,19,3.95,10.75,13557,0
10454,North America,Email,Brand Awareness,2628,8523,36,119,3.73,7.05,825,0
10455,Middle East,Influencer,New Product Launch,2337,4472,9,94,2.41,2.95,16106,0
10456,South America,Influencer,New Product Launch,1447,4503,10,77,2.4,6.37,13230,1
10457,Europe,TV Ads,Discount,2218,5640,42,77,2.21,10.36,9515,0
10458,Europe,Email,New Product Launch,3271,830,3,118,4.34,11.3,19088,1
10459,Middle East,Influencer,New Product Launch,4678,2410,38,26,3.24,10.88,7914,1
10460,Middle East,Google Ads,New Product Launch,1770,1576,40,32,3.97,3.52,8485,1
10461,Asia,Social Media,Discount,2900,2668,27,107,2.41,4.74,1392,0
10462,Europe,Influencer,New Product Launch,1224,5477,8,108,2.63,7.21,8506,0
10463,North America,TV Ads,Discount,3413,2323,7,118,3.38,6.41,16349,1
10464,South America,Google Ads,Brand Awareness,2548,7222,12,39,4.09,2.97,6496,1
10465,South America,Email,New Product Launch,2692,2242,28,55,3.04,8.39,2937,1
10466,South America,Email,Brand Awareness,872,2370,42,73,4.08,8.51,4868,1
10467,Europe,Email,Discount,3894,2284,33,7,0.76,7.76,14473,0
10468,North America,Google Ads,Brand Awareness,3020,3297,17,47,3.27,9.02,8057,1
10469,Asia,Social Media,Discount,3948,833,16,118,2.84,4.04,7043,1
10470,Europe,TV Ads,New Product Launch,1301,8154,26,97,4.66,2.85,17754,1
10471,North America,Google Ads,Discount,2735,7490,15,105,1.06,1.4,1763,1
10472,Europe,TV Ads,Brand Awareness,4960,2424,46,33,1.93,10.34,9791,1
10473,Middle East,Influencer,Brand Awareness,4397,7581,33,118,1.62,4.92,4109,0
10474,Middle East,Social Media,Brand Awareness,188,3439,36,22,3.65,7.77,4015,1
10475,Middle East,TV Ads,New Product Launch,4678,8648,7,69,2.28,1.79,3251,1
10476,Asia,Social Media,Brand Awareness,652,5909,15,38,1.77,11.58,19797,0
10477,South America,Social Media,Brand Awareness,4609,5561,25,62,1.07,5.46,19615,1
10478,Middle East,Google Ads,New Product Launch,2520,6205,47,51,2.0,10.83,14064,1
10479,Middle East,Influencer,New Product Launch,4142,6234,48,115,1.52,6.0,8061,1
10480,North America,Social Media,Discount,554,3027,23,41,3.29,3.36,8262,1
10481,Middle East,TV Ads,Brand Awareness,1428,2252,27,53,4.26,8.39,8539,0
10482,Asia,Google Ads,New Product Launch,4276,4256,9,23,1.41,9.2,10591,0
10483,Asia,Social Media,Brand Awareness,3399,5064,1,63,3.51,7.33,8692,0
10484,South America,Google Ads,Discount,1402,7549,10,96,3.91,9.84,3469,1
10485,South America,Google Ads,Brand Awareness,999,3041,44,69,4.37,7.46,13162,1
10486,Middle East,Google Ads,Brand Awareness,3934,4147,16,31,0.6,2.66,986,0
10487,Middle East,Email,New Product Launch,4414,8787,45,7,2.01,11.44,10480,1
10488,Europe,Google Ads,New Product Launch,440,1640,38,113,3.79,6.11,2388,1
10489,Europe,TV Ads,Discount,2437,4277,20,25,1.78,2.85,18140,0
10490,South America,Influencer,Brand Awareness,3701,1141,13,6,2.89,6.92,18948,0
10491,Europe,Email,New Product Launch,1549,2234,45,25,2.7,5.54,18531,1
10492,Asia,TV Ads,New Product Launch,4056,1854,33,96,4.63,9.05,16598,1
10493,North America,TV Ads,New Product Launch,505,6085,28,90,0.78,5.49,8783,1
10494,North America,Google Ads,Discount,4362,4231,20,46,4.22,8.37,1812,1
10495,South America,Google Ads,New Product Launch,3720,8622,10,100,1.79,3.43,15631,0
10496,Asia,Email,Discount,3628,7195,48,100,4.13,2.13,11882,0
10497,South America,Social Media,Discount,3874,638,10,48,4.69,7.31,5606,1
10498,Asia,TV Ads,Brand Awareness,1950,2385,44,89,1.49,7.12,5196,1
10499,North America,Google Ads,Discount,355,1521,4,40,2.38,8.24,1283,1
10500,South America,Social Media,Brand Awareness,3210,6873,4,57,3.94,9.88,5022,1
10501,Asia,Influencer,Discount,2293,8473,43,88,1.28,3.23,10628,1
10502,Asia,Social Media,Brand Awareness,3289,537,49,77,2.89,8.5,18138,1
10503,North America,Influencer,Discount,3549,7122,23,85,2.32,3.49,14746,1
10504,South America,Email,Brand Awareness,2772,5029,1,81,4.56,7.99,14508,1
10505,North America,Influencer,Brand Awareness,4559,4849,15,83,0.77,4.07,5117,1
10506,Asia,Social Media,New Product Launch,1292,6975,10,37,2.8,8.24,3874,1
10507,Asia,Social Media,Brand Awareness,101,2616,11,31,0.85,10.92,6895,1
10508,Europe,Social Media,Discount,4758,3870,44,81,4.5,4.49,7759,1
10509,Middle East,TV Ads,Brand Awareness,2159,2709,35,32,3.07,6.28,3264,1
10510,Asia,Email,Discount,2945,8215,43,100,2.51,4.2,850,1
10511,North America,Social Media,New Product Launch,4186,635,11,20,3.42,3.3,17913,0
10512,Middle East,TV Ads,Discount,4334,5983,17,22,0.51,6.99,4382,1
10513,Europe,Google Ads,New Product Launch,3070,297,40,91,2.81,9.56,14432,0
10514,North America,Social Media,Brand Awareness,530,4743,1,100,4.7,6.68,17862,1
10515,North America,TV Ads,New Product Launch,4270,6901,31,72,4.39,10.39,1631,1
10516,Middle East,Social Media,Discount,4462,484,10,78,1.6,4.48,18924,1
10517,Europe,Google Ads,Brand Awareness,459,8921,40,27,3.55,8.58,16359,0
10518,South America,Social Media,Discount,1193,8807,6,55,3.33,1.68,14330,1
10519,South America,Social Media,New Product Launch,4544,2187,28,14,2.9,1.47,9329,0
10520,North America,Influencer,New Product Launch,3366,2229,43,33,3.32,8.31,10779,0
10521,Middle East,Google Ads,New Product Launch,3139,6715,48,59,1.28,6.83,6472,0
10522,Europe,Social Media,Brand Awareness,2468,995,6,30,3.03,5.34,3136,1
10523,Middle East,Email,Brand Awareness,676,7254,33,117,0.89,8.58,4495,0
10524,North America,TV Ads,New Product Launch,2272,4463,31,112,4.13,7.38,17401,1
10525,North America,Google Ads,Brand Awareness,4558,8170,42,88,0.66,5.08,3314,1
10526,Europe,TV Ads,Brand Awareness,3595,6438,11,25,2.25,3.08,19390,1
10527,Europe,TV Ads,New Product Launch,2491,5468,31,101,3.98,11.71,665,0
10528,Europe,Social Media,Discount,786,3249,9,10,2.13,1.91,13943,0
10529,South America,Social Media,New Product Launch,917,5185,2,50,2.14,3.15,16077,0
10530,North America,Email,Brand Awareness,3381,803,18,60,2.08,9.87,4859,1
10531,Asia,Influencer,Brand Awareness,1433,987,6,104,3.44,5.47,10662,1
10532,North America,Google Ads,New Product Launch,1730,5817,4,11,3.7,10.74,11724,0
10533,Europe,Email,New Product Launch,3470,4128,9,58,4.02,8.68,6983,1
10534,South America,TV Ads,New Product Launch,1525,3374,44,14,1.85,6.02,8105,1
10535,North America,Google Ads,Brand Awareness,3546,2587,16,18,1.94,5.43,11748,1
10536,Asia,Google Ads,New Product Launch,3599,4544,5,114,0.6,1.48,12233,0
10537,Europe,Influencer,New Product Launch,2907,7048,29,44,4.47,3.02,15190,0
10538,South America,Influencer,Discount,1299,5220,44,110,2.75,1.75,7330,1
10539,Middle East,Influencer,New Product Launch,950,1607,15,5,3.38,11.17,2275,1
10540,Europe,Google Ads,Brand Awareness,2804,4655,26,31,2.38,7.89,16624,1
10541,Europe,Influencer,New Product Launch,3252,3423,35,87,2.28,10.53,2576,0
10542,Middle East,Social Media,Discount,3843,6227,6,18,3.51,4.77,2580,1
10543,Asia,Social Media,Discount,215,8213,11,59,3.57,5.63,14657,0
10544,Europe,Influencer,Discount,2173,4614,19,50,0.52,2.01,6234,1
10545,North America,TV Ads,New Product Launch,3682,1731,10,25,2.67,1.9,4348,1
10546,South America,TV Ads,New Product Launch,4317,2400,23,119,0.74,7.43,18989,0
10547,Europe,Social Media,New Product Launch,434,5166,23,59,2.68,4.9,7441,1
10548,North America,Email,Brand Awareness,2550,730,4,92,4.47,5.65,6218,1
10549,Asia,Email,New Product Launch,190,8783,24,118,2.66,3.41,19342,1
10550,Asia,Email,New Product Launch,1197,1805,16,119,4.18,9.33,18126,1
10551,Europe,Social Media,Discount,3868,3913,40,77,2.21,8.13,17243,0
10552,North America,Social Media,Brand Awareness,4526,6977,31,12,3.63,5.1,3125,1
10553,Asia,Influencer,Brand Awareness,4317,4420,15,81,4.24,5.17,18315,0
10554,North America,TV Ads,New Product Launch,468,7546,11,93,1.04,11.13,11230,0
10555,South America,Influencer,New Product Launch,981,5350,42,44,0.98,5.41,17728,1
10556,North America,Influencer,Brand Awareness,1570,1606,10,95,1.61,1.67,19260,1
10557,Middle East,Email,Discount,567,419,9,85,2.8,3.77,1654,1
10558,North America,Social Media,Brand Awareness,4879,8654,34,109,1.2,3.7,13349,0
10559,South America,Google Ads,New Product Launch,1831,552,16,18,4.33,2.51,4502,1
10560,South America,Influencer,Discount,1589,1746,42,36,4.69,4.4,5710,0
10561,North America,Google Ads,Discount,2656,3618,8,94,2.51,10.75,1725,1
10562,North America,TV Ads,New Product Launch,4118,4094,46,6,2.47,9.04,17784,0
10563,Asia,Email,New Product Launch,2828,6548,19,68,1.92,5.16,11156,1
10564,South America,Influencer,Discount,1476,6629,22,37,4.36,5.71,8906,1
10565,North America,TV Ads,Discount,857,336,20,7,1.13,3.55,7084,1
10566,South America,TV Ads,Discount,2456,2186,30,75,4.94,6.69,18722,1
10567,Asia,Google Ads,New Product Launch,1848,3335,31,26,1.95,11.83,10579,0
10568,Europe,Social Media,Discount,914,659,40,55,3.46,7.32,11494,1
10569,South America,TV Ads,Brand Awareness,1370,5076,26,27,1.48,7.55,5406,1
10570,Europe,Influencer,New Product Launch,1454,8343,13,52,1.5,6.0,7370,1
10571,South America,Social Media,Brand Awareness,3967,6099,21,10,3.85,11.61,5676,1
10572,North America,Social Media,Discount,3031,4318,13,112,0.55,3.52,17680,0
10573,North America,Email,New Product Launch,2787,3875,41,86,2.16,9.43,10926,1
10574,South America,Influencer,Discount,519,4987,20,95,4.1,2.63,17000,0
10575,Middle East,Influencer,New Product Launch,2545,7085,8,109,1.14,2.44,17319,1
10576,Asia,Social Media,New Product Launch,3605,1130,34,73,4.62,7.21,16258,1
10577,Europe,TV Ads,Discount,3746,4522,11,103,4.29,11.41,9740,0
10578,Europe,Social Media,Discount,884,2677,11,57,3.41,4.8,12565,1
10579,North America,Social Media,Discount,3513,1600,22,95,0.51,9.2,1128,1
10580,Middle East,TV Ads,Discount,3158,2183,7,13,2.15,4.98,12331,1
10581,North America,Google Ads,Brand Awareness,2856,5580,32,66,2.34,2.86,6662,1
10582,North America,Email,New Product Launch,228,5570,32,72,1.3,10.18,10072,1
10583,North America,Google Ads,Discount,194,1201,28,88,2.4,2.97,19001,1
10584,Asia,Email,Brand Awareness,2451,6604,47,95,1.8,1.33,3118,1
10585,Asia,Influencer,Discount,4743,7377,15,20,1.0,1.95,16916,0
10586,Middle East,Google Ads,Discount,316,7390,2,50,2.86,4.68,701,1
10587,South America,Social Media,New Product Launch,2000,2033,42,88,3.08,6.36,5047,1
10588,South America,TV Ads,New Product Launch,3325,4412,38,95,1.84,3.47,7096,1
10589,Middle East,Email,Discount,1239,8709,23,48,2.71,3.33,12033,0
10590,Middle East,Email,Discount,869,4622,6,91,3.81,9.04,5593,1
10591,Asia,TV Ads,New Product Launch,3532,758,46,55,2.37,7.41,14709,1
10592,South America,TV Ads,Brand Awareness,2506,897,23,88,2.28,11.69,16107,1
10593,North America,Email,New Product Launch,3529,8821,20,33,2.33,4.17,12797,1
10594,Europe,Influencer,Brand Awareness,640,705,22,71,3.71,9.06,11166,1
10595,Middle East,Google Ads,Discount,3945,6278,36,25,1.38,11.12,10529,1
10596,Middle East,Influencer,New Product Launch,3507,3765,5,94,4.13,1.14,5977,1
10597,South America,Social Media,New Product Launch,405,2893,42,92,4.32,7.62,4251,1
10598,Middle East,TV Ads,New Product Launch,4537,6008,3,80,3.97,9.74,10224,0
10599,South America,Influencer,New Product Launch,2474,6406,30,7,1.31,6.64,1951,0
10600,Asia,Influencer,Discount,351,1171,17,99,2.25,2.66,1423,0
10601,South America,Email,Brand Awareness,923,7935,22,83,2.28,10.77,18185,0
10602,Middle East,Social Media,Discount,1464,6196,22,19,3.81,8.42,3451,0
10603,Middle East,TV Ads,Brand Awareness,1270,1217,1,11,0.61,11.81,1980,1
10604,Europe,Email,Brand Awareness,4792,3778,6,18,4.88,7.18,3719,1
10605,Asia,TV Ads,New Product Launch,1008,1912,44,36,2.42,6.61,2289,0
10606,South America,Email,Brand Awareness,4044,6803,29,31,3.44,1.3,11416,1
10607,Asia,Email,Brand Awareness,697,6633,2,65,2.6,11.5,9243,0
10608,South America,TV Ads,Brand Awareness,2241,7776,34,75,0.6,1.0,4332,0
10609,Europe,Google Ads,Discount,1032,7673,19,25,4.79,5.02,19848,1
10610,Middle East,Google Ads,New Product Launch,3229,1069,23,109,3.96,5.59,9476,1
10611,South America,Google Ads,Brand Awareness,1317,527,44,56,2.36,11.09,13682,1
10612,South America,Influencer,Brand Awareness,1536,6272,8,70,2.34,2.34,2026,1
10613,Asia,TV Ads,New Product Launch,1882,8994,31,17,3.73,10.94,16198,1
10614,Middle East,Google Ads,Discount,4206,2676,44,26,0.8,7.86,4286,1
10615,Europe,Google Ads,Brand Awareness,4836,6894,26,25,0.74,2.1,2354,1
10616,North America,Social Media,Brand Awareness,2722,7467,38,55,1.79,5.69,788,1
10617,South America,Influencer,Brand Awareness,4460,508,29,37,3.82,11.43,13674,0
10618,Middle East,TV Ads,New Product Launch,697,5182,35,68,1.76,10.5,8264,1
10619,Europe,Google Ads,Brand Awareness,1800,6147,39,73,3.71,10.3,19077,1
10620,Middle East,Social Media,Brand Awareness,1056,3092,45,39,4.68,10.55,13490,1
10621,North America,TV Ads,New Product Launch,1768,238,30,43,0.52,8.38,2393,1
10622,Middle East,Social Media,Brand Awareness,1563,1871,12,112,3.25,8.54,2869,1
10623,Europe,Email,Brand Awareness,3181,8516,24,9,3.13,10.95,8250,0
10624,South America,Email,New Product Launch,3623,7406,31,19,3.91,11.34,10745,1
10625,Middle East,Email,Brand Awareness,3252,2226,26,50,1.49,8.11,1986,1
10626,North America,TV Ads,New Product Launch,1209,4666,19,100,2.55,1.5,9821,1
10627,Asia,Email,Discount,2288,4902,17,98,4.22,3.77,19717,1
10628,South America,Email,Brand Awareness,987,6918,2,66,3.05,4.69,5517,1
10629,Middle East,TV Ads,New Product Launch,1616,8636,5,29,0.84,5.8,3545,0
10630,South America,Email,Discount,2563,472,42,42,4.95,8.05,3297,0
10631,Asia,Google Ads,Brand Awareness,1734,4951,35,19,1.51,9.2,3068,0
10632,Middle East,Google Ads,Brand Awareness,940,8100,39,74,1.56,8.38,13569,1
10633,North America,Google Ads,Brand Awareness,1370,8338,34,24,2.56,10.4,16855,0
10634,Asia,Google Ads,Discount,2327,1732,18,56,3.16,7.81,8756,0
10635,Asia,TV Ads,Discount,1342,5017,31,72,4.78,1.33,4078,0
10636,South America,Google Ads,Discount,1432,8063,37,72,2.95,11.94,3051,1
10637,North America,Social Media,Discount,3224,4741,47,38,3.34,10.35,18590,0
10638,Middle East,Social Media,Discount,702,4091,26,76,1.3,2.74,19031,1
10639,Asia,TV Ads,Brand Awareness,983,2077,11,118,4.99,4.95,3009,1
10640,Middle East,Social Media,Discount,583,5540,18,24,2.86,2.5,3856,1
10641,Europe,Social Media,Discount,925,6003,15,44,3.22,11.91,6022,0
10642,North America,Email,Brand Awareness,2630,8176,3,80,3.73,9.16,13175,1
10643,Asia,Social Media,Discount,4718,5771,41,115,2.71,4.3,18036,0
10644,North America,Email,Brand Awareness,4013,6550,17,110,0.87,5.29,6293,1
10645,Europe,TV Ads,New Product Launch,4546,410,21,114,2.12,1.61,13452,1
10646,Europe,Influencer,New Product Launch,3086,899,35,32,1.62,7.37,961,1
10647,Europe,Google Ads,Brand Awareness,4800,569,19,31,4.93,6.05,9584,0
10648,North America,Social Media,Discount,3723,3945,17,106,4.81,4.28,5625,1
10649,Europe,Google Ads,Brand Awareness,4940,5398,34,82,2.44,5.26,8600,0
10650,Asia,Email,Discount,4792,891,26,91,3.81,11.27,6041,0
10651,Europe,TV Ads,New Product Launch,4624,5267,28,66,2.75,8.94,3990,1
10652,Middle East,Social Media,Brand Awareness,2243,3747,15,82,3.21,6.04,10436,1
10653,Middle East,Google Ads,Brand Awareness,3152,2527,43,119,1.9,6.51,5278,0
10654,Europe,Social Media,Discount,224,2124,38,59,0.51,11.76,14431,1
10655,Middle East,TV Ads,Brand Awareness,4129,7302,41,19,3.37,1.97,5137,1
10656,North America,Social Media,New Product Launch,1421,3679,1,33,1.0,2.01,18820,1
10657,Asia,TV Ads,Discount,1839,4317,32,44,1.91,8.35,1480,1
10658,South America,Email,New Product Launch,469,7175,38,18,2.55,11.79,7811,0
10659,North America,Email,New Product Launch,1260,6941,41,69,3.37,1.62,12461,1
10660,Europe,Social Media,Brand Awareness,3965,8218,27,102,4.26,9.59,13847,0
10661,North America,Social Media,New Product Launch,592,4241,1,50,4.22,2.77,2832,0
10662,Middle East,Social Media,Discount,442,3341,38,64,4.93,4.74,12163,1
10663,Asia,Social Media,Discount,3814,4169,18,35,3.0,3.74,9415,0
10664,South America,Google Ads,Discount,3553,1708,32,28,4.48,11.74,2352,1
10665,North America,Email,New Product Launch,1417,8284,41,106,3.81,3.91,2947,0
10666,Europe,Email,Brand Awareness,4090,5213,47,106,2.45,10.23,11184,0
10667,Middle East,Google Ads,Discount,3686,3434,27,55,2.35,6.57,6780,0
10668,Middle East,Email,Brand Awareness,1748,1298,16,74,1.92,1.19,7263,1
10669,Middle East,Influencer,Brand Awareness,2232,5970,29,31,4.89,1.29,7199,1
10670,Asia,Social Media,Discount,2053,3121,3,15,2.64,7.76,4757,0
10671,Asia,Social Media,Discount,1162,6695,35,35,3.16,7.93,19093,1
10672,Asia,Influencer,Brand Awareness,891,7045,47,43,2.66,5.01,13124,0
10673,North America,Email,Discount,1906,7770,48,22,2.9,5.73,4238,0
10674,Asia,Influencer,Brand Awareness,2693,5421,24,41,1.86,11.45,5941,0
10675,Middle East,Social Media,New Product Launch,276,760,22,41,3.88,5.1,5992,1
10676,Asia,Social Media,Discount,2653,3349,37,91,2.79,9.23,4319,0
10677,North America,TV Ads,Brand Awareness,4286,6337,31,51,4.41,9.45,7462,1
10678,Asia,Google Ads,New Product Launch,3162,1271,35,58,4.83,9.04,11513,1
10679,Europe,Influencer,Discount,2200,7625,16,119,4.48,2.21,8189,1
10680,Middle East,Google Ads,New Product Launch,783,4472,26,62,2.12,2.97,12620,1
10681,Europe,Email,New Product Launch,2057,7237,47,90,3.09,1.64,11158,0
10682,North America,Social Media,Brand Awareness,1546,8589,41,104,4.75,7.93,5256,1
10683,Asia,Email,Discount,2849,8026,16,42,1.93,11.93,5199,1
10684,Middle East,Social Media,New Product Launch,1389,4135,48,10,1.03,2.45,10487,0
10685,Asia,Email,Brand Awareness,834,7325,3,48,4.32,8.68,12445,0
10686,Europe,Influencer,New Product Launch,2518,4385,16,42,2.55,1.26,10089,1
10687,Europe,TV Ads,Discount,2504,4713,35,97,3.64,3.97,13156,0
10688,South America,Influencer,New Product Launch,4041,1280,25,89,2.19,5.17,2375,0
10689,Europe,Social Media,New Product Launch,3209,8158,30,105,3.97,11.53,15601,1
10690,North America,TV Ads,New Product Launch,2711,3755,3,10,3.34,4.24,1252,1
10691,Europe,TV Ads,New Product Launch,2272,3626,36,104,0.78,5.22,1347,0
10692,Asia,Social Media,Brand Awareness,3683,6426,46,16,1.26,10.55,6987,1
10693,North America,Social Media,New Product Launch,1563,5215,17,24,2.23,3.76,13791,0
10694,Asia,Google Ads,Brand Awareness,4433,5074,30,97,1.33,4.48,18438,0
10695,Middle East,Influencer,New Product Launch,954,2425,31,119,4.88,7.77,5775,1
10696,Europe,Influencer,New Product Launch,4702,6823,45,86,4.07,8.99,13630,1
10697,North America,TV Ads,Brand Awareness,1362,8752,19,35,4.88,3.79,13784,1
10698,Asia,Google Ads,New Product Launch,4155,2746,43,24,3.01,11.3,6347,1
10699,Middle East,TV Ads,Brand Awareness,4720,5157,22,115,3.03,10.24,13889,1
10700,North America,TV Ads,New Product Launch,370,3643,15,19,4.61,8.87,6199,1
10701,Middle East,TV Ads,New Product Launch,3733,871,27,21,3.74,6.69,2570,0
10702,Middle East,Influencer,Brand Awareness,2362,413,41,41,3.43,2.48,7661,1
10703,South America,Influencer,Brand Awareness,4012,3143,6,94,4.57,1.57,15284,1
10704,Asia,Influencer,Brand Awareness,3183,3409,11,83,4.64,10.16,2470,1
10705,Middle East,Email,New Product Launch,1996,7725,36,32,2.87,4.92,15589,1
10706,North America,Email,Discount,655,655,1,69,3.32,2.86,6106,1
10707,Middle East,Email,Discount,453,2541,22,96,4.89,10.68,18870,1
10708,Asia,TV Ads,New Product Launch,2747,5696,47,107,1.72,1.45,3597,1
10709,North America,Influencer,Discount,645,1169,34,101,3.49,10.72,4928,1
10710,Europe,Social Media,Brand Awareness,2276,1255,4,23,1.5,2.95,674,1
10711,Asia,Influencer,New Product Launch,2986,6931,23,43,4.78,10.69,9390,1
10712,Europe,TV Ads,New Product Launch,2655,5658,5,21,1.41,3.96,6231,0
10713,South America,Social Media,Brand Awareness,363,5841,21,6,3.35,1.91,2032,0
10714,North America,Email,Brand Awareness,1180,6503,10,43,4.46,10.27,7429,1
10715,Europe,TV Ads,Brand Awareness,3890,4862,40,104,1.86,9.56,5837,1
10716,Europe,Social Media,New Product Launch,4321,4382,4,28,3.0,4.74,10027,1
10717,Middle East,Email,Discount,2061,8467,19,33,1.22,5.16,15206,1
10718,Asia,Influencer,Brand Awareness,698,5241,1,56,4.58,4.93,8821,1
10719,Asia,TV Ads,New Product Launch,2815,8908,15,35,0.92,8.59,19863,1
10720,Asia,Email,New Product Launch,2274,2581,26,90,0.91,1.78,12172,1
10721,Europe,Email,New Product Launch,4613,2996,45,7,4.5,9.1,17568,1
10722,Asia,TV Ads,Discount,697,1930,8,13,1.49,7.38,14021,1
10723,North America,Email,Brand Awareness,4410,8885,44,60,1.73,8.11,1321,0
10724,North America,Email,New Product Launch,3405,2925,8,45,3.12,8.05,15556,1
10725,Europe,TV Ads,Brand Awareness,3507,6788,43,74,3.51,2.04,18811,1
10726,Europe,Influencer,Discount,1598,7985,17,11,0.84,1.28,5880,1
10727,Asia,Email,New Product Launch,2297,5490,17,113,3.81,1.14,18412,0
10728,North America,Google Ads,Brand Awareness,4286,4082,8,91,3.24,6.86,19817,1
10729,Europe,TV Ads,Brand Awareness,4103,4467,38,29,0.96,4.34,4810,1
10730,Europe,TV Ads,Discount,1763,2947,48,39,3.65,5.69,13021,1
10731,Middle East,Social Media,Brand Awareness,2485,3848,8,107,1.45,3.41,2882,1
10732,Europe,Social Media,Brand Awareness,1019,8983,40,104,4.46,3.52,3917,1
10733,Asia,Social Media,Brand Awareness,652,1296,2,108,2.1,5.9,1090,1
10734,Europe,Social Media,Discount,3605,3555,3,67,1.2,8.72,14197,0
10735,Asia,Email,New Product Launch,1589,5638,39,105,3.02,8.4,17941,1
10736,North America,Social Media,New Product Launch,206,5565,2,47,2.63,2.56,7943,1
10737,North America,Google Ads,Discount,1786,7279,6,52,4.07,4.91,18683,1
10738,South America,TV Ads,New Product Launch,594,4193,13,64,3.16,5.95,8412,0
10739,North America,TV Ads,Brand Awareness,1306,212,13,69,4.09,6.6,5093,0
10740,Middle East,TV Ads,New Product Launch,378,1769,7,24,3.55,11.35,12002,0
10741,South America,TV Ads,Discount,4605,1538,23,88,3.14,11.61,9857,1
10742,Asia,Email,Brand Awareness,2891,3226,21,82,3.74,10.77,7254,0
10743,Middle East,TV Ads,Discount,3984,2163,32,15,1.33,6.91,12701,0
10744,South America,Email,New Product Launch,1197,2633,30,31,3.5,8.49,5282,1
10745,Europe,Social Media,New Product Launch,1728,2873,40,18,2.13,4.53,19695,1
10746,Europe,Email,Discount,2781,3852,19,39,1.61,11.0,18778,1
10747,North America,Google Ads,New Product Launch,3908,2765,24,82,3.99,4.97,1141,1
10748,South America,Social Media,Discount,192,808,33,93,2.35,7.83,13176,0
10749,South America,Influencer,New Product Launch,3548,4687,43,66,1.81,7.1,4650,1
10750,Asia,TV Ads,Brand Awareness,1617,1924,13,31,2.61,10.93,12921,1
10751,Middle East,TV Ads,New Product Launch,513,3012,30,107,3.85,11.24,2415,0
10752,Middle East,Influencer,Discount,612,8234,23,81,3.63,8.05,4030,0
10753,Asia,Email,New Product Launch,3340,6545,5,17,3.73,3.31,6789,1
10754,Middle East,Influencer,Discount,216,2738,11,44,3.7,3.98,3522,0
10755,North America,Email,Discount,3749,1316,47,29,0.73,6.22,10816,1
10756,Middle East,Email,New Product Launch,1688,1768,24,79,0.75,11.09,689,0
10757,Europe,Influencer,Brand Awareness,121,3993,49,96,3.64,8.04,11579,1
10758,Middle East,Influencer,Discount,4888,285,24,101,4.55,5.58,12491,0
10759,Middle East,Email,New Product Launch,900,4595,44,23,0.83,1.17,7056,0
10760,Middle East,TV Ads,New Product Launch,472,609,48,27,2.72,6.03,7844,1
10761,Middle East,Influencer,Discount,4850,5996,16,30,1.17,11.66,7774,0
10762,North America,Influencer,Discount,1328,7566,13,41,4.46,5.38,4404,1
10763,Middle East,Influencer,Brand Awareness,2928,4321,33,13,0.73,2.93,2583,0
10764,South America,TV Ads,New Product Launch,4899,1226,8,47,1.63,4.15,11806,0
10765,North America,Social Media,Discount,1890,7667,10,28,1.47,1.17,8003,1
10766,Asia,Google Ads,New Product Launch,2020,2075,41,20,4.56,11.82,17269,0
10767,South America,TV Ads,New Product Launch,3729,5380,38,92,4.64,11.2,720,1
10768,North America,TV Ads,Discount,955,5282,28,67,1.26,5.83,2812,0
10769,South America,Email,Discount,925,4740,17,103,1.06,9.95,12909,1
10770,Middle East,Influencer,Brand Awareness,2096,2364,31,10,3.4,3.38,7692,1
10771,Middle East,Social Media,Discount,2011,3605,11,19,0.76,9.53,4232,0
10772,South America,Google Ads,Brand Awareness,3639,6174,20,99,4.42,4.17,1704,1
10773,Middle East,TV Ads,New Product Launch,4805,6832,25,14,3.77,4.39,7957,1
10774,Middle East,Influencer,Discount,3192,4680,23,17,1.06,1.62,6042,1
10775,North America,Google Ads,Discount,939,2391,39,92,1.13,10.26,10254,1
10776,North America,Google Ads,Brand Awareness,3631,7455,45,64,3.23,4.86,13454,1
10777,Europe,Email,Discount,4632,8774,6,107,3.31,6.41,9085,0
10778,South America,Influencer,New Product Launch,3731,6107,23,50,4.9,4.49,1032,1
10779,South America,Influencer,Brand Awareness,118,5710,2,17,0.79,7.53,14058,0
10780,North America,Google Ads,New Product Launch,2949,2348,10,52,2.0,8.38,13757,1
10781,North America,Email,Discount,2724,8055,17,95,1.79,1.71,6741,1
10782,South America,Social Media,New Product Launch,2778,1151,41,25,1.98,1.85,9179,0
10783,Europe,TV Ads,New Product Launch,2758,6375,39,12,1.35,5.98,14754,1
10784,Middle East,Email,Brand Awareness,2356,3577,29,71,2.75,11.32,2248,1
10785,Europe,Email,New Product Launch,4722,2444,45,70,1.89,6.18,6353,1
10786,Asia,Email,Discount,1292,4550,47,67,4.24,6.45,19180,1
10787,South America,Social Media,New Product Launch,4958,221,21,109,2.72,5.94,5332,1
10788,South America,TV Ads,Brand Awareness,2734,262,28,13,2.82,9.51,16044,1
10789,Europe,Google Ads,New Product Launch,1359,253,24,119,4.42,7.6,9648,1
10790,Asia,Social Media,Brand Awareness,2722,7866,48,30,2.8,11.5,7077,0
10791,Europe,Email,Brand Awareness,1321,1185,24,12,2.25,8.41,6028,1
10792,Middle East,Social Media,Brand Awareness,4227,6932,11,26,0.75,1.4,19901,1
10793,North America,TV Ads,New Product Launch,1101,6550,49,26,2.6,9.32,13094,0
10794,Middle East,TV Ads,Brand Awareness,3822,4446,38,16,2.97,11.66,18115,1
10795,Middle East,Email,Discount,4399,796,49,69,4.2,11.18,10722,1
10796,Europe,Influencer,New Product Launch,3491,6818,18,83,0.6,1.15,5173,0
10797,Europe,Google Ads,New Product Launch,2969,7824,28,73,4.28,5.42,2110,1
10798,Asia,Social Media,Discount,3965,6168,15,14,2.53,3.99,13018,1
10799,South America,Google Ads,New Product Launch,4818,1843,17,74,4.79,7.98,7334,0
10800,Europe,Google Ads,Discount,3013,7798,14,89,0.67,7.14,8588,0
10801,Asia,Influencer,Discount,2209,2831,24,65,2.93,5.29,6839,1
10802,Europe,Social Media,New Product Launch,2150,4542,44,79,3.19,2.06,18960,1
10803,Europe,Google Ads,Discount,4595,2812,43,29,3.1,3.39,16337,0
10804,South America,Influencer,Discount,3284,4822,32,83,0.93,10.43,19930,1
10805,Europe,Social Media,New Product Launch,2590,6573,1,53,4.17,7.23,10586,0
10806,Middle East,TV Ads,Brand Awareness,3901,8580,31,21,1.38,5.08,8029,1
10807,Asia,Email,Brand Awareness,3231,1924,37,64,3.29,8.75,2823,1
10808,North America,Email,New Product Launch,3872,5106,49,106,0.52,2.86,2312,0
10809,South America,Influencer,Brand Awareness,4939,3669,6,21,4.86,4.62,10045,1
10810,Middle East,Influencer,New Product Launch,4396,2563,26,119,3.74,9.93,1561,0
10811,North America,Social Media,Brand Awareness,1394,7894,11,119,2.75,11.86,2797,1
10812,Europe,Email,Discount,2787,5742,23,83,1.41,11.65,18968,0
10813,Asia,Influencer,New Product Launch,1917,7088,15,42,2.23,8.89,16539,1
10814,South America,Social Media,Brand Awareness,4646,2251,13,40,3.37,2.35,15530,1
10815,North America,Email,Brand Awareness,4183,532,48,84,4.37,8.56,4740,1
10816,Middle East,Google Ads,Discount,270,3489,49,33,1.96,7.99,16397,1
10817,South America,Email,New Product Launch,3071,6954,19,12,3.17,7.34,18591,1
10818,Europe,Email,Brand Awareness,4486,6662,4,35,4.92,1.52,1305,1
10819,South America,Email,Discount,1763,8987,29,112,0.58,4.3,13751,1
10820,Middle East,Social Media,Discount,214,7420,12,109,0.9,5.7,9975,1
10821,South America,Influencer,Brand Awareness,2120,5583,23,110,3.89,5.91,12303,0
10822,North America,TV Ads,Discount,1762,7488,23,83,0.62,8.87,11967,1
10823,South America,Social Media,New Product Launch,3675,3984,12,22,2.08,8.91,13973,1
10824,Asia,TV Ads,New Product Launch,2237,3388,30,66,1.83,5.49,19338,1
10825,Asia,TV Ads,New Product Launch,3925,4450,35,8,3.68,1.38,2851,0
10826,South America,Social Media,Discount,2371,6114,1,83,2.99,4.72,3781,1
10827,Europe,TV Ads,Brand Awareness,585,3870,28,50,3.76,9.34,5701,0
10828,Asia,Email,New Product Launch,3590,3080,24,31,3.81,6.53,16456,1
10829,Asia,Social Media,Brand Awareness,3340,6457,38,36,4.57,10.73,3983,0
10830,Asia,TV Ads,Brand Awareness,2634,4972,29,51,2.81,11.01,2535,1
10831,Asia,Google Ads,Brand Awareness,4911,2805,21,55,3.52,3.91,4409,1
10832,Europe,Email,Brand Awareness,3872,8222,23,117,3.77,4.99,16572,1
10833,Asia,Email,Discount,1855,5477,4,88,4.13,5.2,17602,1
10834,Asia,Social Media,Discount,3984,6034,18,114,3.64,6.3,15938,0
10835,Europe,Influencer,Discount,1192,5002,6,7,1.36,3.53,6903,1
10836,Middle East,Social Media,New Product Launch,2411,8787,28,68,2.7,3.99,13925,1
10837,Europe,Social Media,Brand Awareness,4848,7456,9,75,2.68,2.6,4978,1
10838,South America,Google Ads,New Product Launch,1911,5527,3,54,0.88,7.54,9620,0
10839,Asia,Social Media,New Product Launch,4116,5125,45,36,1.3,8.68,5803,1
10840,Europe,Social Media,New Product Launch,290,4513,37,80,4.62,8.1,524,0
10841,South America,Social Media,Brand Awareness,565,2070,28,95,3.65,4.21,7948,1
10842,South America,Social Media,Discount,1387,1169,27,63,3.2,9.93,5899,1
10843,South America,TV Ads,Discount,252,7532,11,31,3.69,10.8,1638,0
10844,Middle East,Email,Discount,1742,6661,39,102,3.8,7.38,9027,1
10845,South America,Google Ads,Discount,2058,6050,33,104,2.97,7.91,15956,0
10846,Middle East,TV Ads,Brand Awareness,1113,4651,42,66,0.97,9.37,4830,0
10847,Middle East,Email,Brand Awareness,203,6108,16,21,1.3,6.4,14583,1
10848,Europe,Social Media,Brand Awareness,1472,1239,39,78,3.02,2.04,4963,0
10849,South America,Social Media,Brand Awareness,1542,8655,41,94,2.21,8.96,4705,1
10850,North America,Email,Brand Awareness,3788,3891,14,119,3.92,8.54,15023,1
10851,South America,Email,New Product Launch,4802,3333,26,111,1.58,10.04,19672,0
10852,Middle East,TV Ads,Brand Awareness,4449,5478,3,8,4.39,1.83,4373,1
10853,Asia,TV Ads,Brand Awareness,3256,6825,30,61,0.78,1.42,1785,1
10854,Europe,Email,Brand Awareness,4550,6646,20,93,3.65,5.75,7464,1
10855,South America,Google Ads,Discount,569,8334,43,7,2.52,3.74,3823,0
10856,Asia,Influencer,New Product Launch,1572,8914,41,102,4.88,4.86,3489,1
10857,South America,Influencer,New Product Launch,2396,3593,6,45,3.52,1.67,13938,1
10858,Middle East,Google Ads,New Product Launch,122,4313,36,41,4.98,8.8,17565,1
10859,Asia,Social Media,Discount,4496,6042,3,14,1.04,9.58,17066,1
10860,Asia,Google Ads,New Product Launch,4244,591,30,79,3.35,5.58,11325,1
10861,Europe,Influencer,Brand Awareness,1728,7563,39,19,0.98,11.06,16893,0
10862,Middle East,Email,Brand Awareness,1369,3305,6,64,4.24,1.5,13785,1
10863,South America,Social Media,Discount,171,6211,35,43,3.18,11.18,9557,0
10864,South America,Influencer,Brand Awareness,980,6929,18,116,4.84,11.76,12609,1
10865,Middle East,Email,New Product Launch,3215,5477,34,67,1.16,11.85,15104,1
10866,North America,Influencer,New Product Launch,3000,5368,29,40,3.94,5.44,17558,1
10867,Asia,Google Ads,Brand Awareness,3079,5526,13,93,2.81,6.24,10915,1
10868,North America,Google Ads,Discount,268,2848,14,60,1.49,1.68,11690,0
10869,North America,Influencer,Discount,634,8181,38,64,3.07,5.48,10923,1
10870,Middle East,Google Ads,Discount,2553,5220,3,9,3.55,3.53,5914,1
10871,North America,Email,New Product Launch,2973,8795,45,62,1.78,5.59,11212,1
10872,Europe,TV Ads,New Product Launch,4292,6845,4,116,3.09,5.07,11422,1
10873,Asia,Email,Brand Awareness,3081,7245,34,103,2.4,4.52,19729,0
10874,Asia,TV Ads,Discount,629,6838,26,63,3.01,2.26,18673,1
10875,Asia,Google Ads,Brand Awareness,643,7431,6,6,2.59,10.82,1808,1
10876,North America,Social Media,New Product Launch,902,8710,23,54,1.48,7.9,911,1
10877,North America,Social Media,Discount,2579,8533,5,108,0.6,6.15,2619,1
10878,Middle East,TV Ads,New Product Launch,1545,6716,12,91,1.1,3.64,10666,1
10879,North America,Google Ads,Discount,889,8917,37,16,3.7,7.42,1162,1
10880,South America,Google Ads,New Product Launch,3210,8891,7,12,2.25,1.41,6638,1
10881,South America,Social Media,Brand Awareness,148,880,8,74,2.93,6.43,8987,1
10882,Middle East,Influencer,New Product Launch,3181,1975,47,9,2.47,11.9,7158,1
10883,Asia,TV Ads,Discount,1006,3700,18,105,4.81,6.33,5387,1
10884,South America,TV Ads,Brand Awareness,151,969,20,112,4.12,5.6,6487,0
10885,Middle East,Influencer,Brand Awareness,2350,7361,44,7,0.54,5.71,17798,1
10886,Europe,Google Ads,Brand Awareness,2675,5785,5,28,3.35,5.32,6522,1
10887,Middle East,TV Ads,Brand Awareness,4860,4449,24,85,2.16,2.3,19564,0
10888,Middle East,TV Ads,Discount,3541,7562,7,81,3.74,2.15,3260,0
10889,Europe,Influencer,Discount,4976,7929,34,39,0.54,9.42,17632,1
10890,South America,Social Media,Brand Awareness,3125,4248,34,47,3.11,8.56,10529,1
10891,Asia,Influencer,Brand Awareness,4434,3305,24,31,3.61,11.51,14059,0
10892,Middle East,Email,New Product Launch,3348,6929,18,17,4.86,8.73,17853,0
10893,Middle East,Google Ads,Brand Awareness,2867,665,26,36,0.62,2.4,1967,1
10894,Asia,TV Ads,Discount,3646,2170,25,61,1.58,2.4,936,1
10895,Europe,Influencer,Brand Awareness,763,4941,21,48,2.34,7.85,2326,1
10896,North America,TV Ads,New Product Launch,4781,4108,12,113,1.1,5.41,18793,1
10897,North America,Google Ads,Discount,2805,5460,21,40,0.63,6.29,11355,1
10898,South America,Google Ads,New Product Launch,611,2298,24,116,3.35,10.96,10733,1
10899,Asia,Influencer,Brand Awareness,2567,1737,16,29,1.6,4.06,571,1
10900,Asia,TV Ads,New Product Launch,3511,6636,26,103,4.49,11.18,9412,1
10901,Europe,TV Ads,New Product Launch,3276,2710,9,21,3.34,3.97,12358,1
10902,Asia,Social Media,New Product Launch,1440,1910,14,97,3.77,8.32,16575,1
10903,Middle East,Influencer,New Product Launch,1053,581,2,105,4.82,5.36,11120,1
10904,North America,Google Ads,Discount,1194,4738,9,36,4.98,1.3,8787,1
10905,South America,TV Ads,Discount,1588,4992,46,74,3.05,5.47,8161,0
10906,Middle East,Social Media,New Product Launch,2379,2656,8,104,4.89,8.64,620,1
10907,Middle East,TV Ads,Brand Awareness,3846,2739,20,20,2.44,4.72,6611,1
10908,Europe,Email,New Product Launch,4978,8255,32,117,2.24,1.69,2188,1
10909,North America,Social Media,New Product Launch,2493,7583,48,76,3.66,1.54,2010,1
10910,South America,Email,Discount,1013,3330,9,64,0.84,7.38,7099,1
10911,North America,Email,New Product Launch,435,2689,38,82,3.86,8.15,7352,1
10912,South America,Social Media,Brand Awareness,3608,985,32,87,0.72,2.43,17012,1
10913,North America,Influencer,Discount,3103,428,40,88,3.68,1.35,11637,1
10914,Europe,TV Ads,Brand Awareness,608,2494,19,102,2.74,11.35,16179,1
10915,North America,Google Ads,Brand Awareness,4838,6631,33,94,0.96,10.04,18195,1
10916,South America,Social Media,Discount,1751,7118,35,27,3.2,2.56,18980,1
10917,South America,Google Ads,New Product Launch,934,1324,11,51,3.81,8.46,2273,1
10918,Asia,TV Ads,Discount,4582,266,4,39,2.72,10.71,2826,1
10919,North America,Email,New Product Launch,2291,5838,42,85,3.8,5.95,14131,0
10920,Europe,Email,New Product Launch,2202,7327,48,30,3.54,2.13,7642,1
10921,Middle East,Email,Discount,2635,4440,2,15,4.39,4.41,5641,0
10922,Middle East,Email,Brand Awareness,2833,7735,40,99,1.21,2.82,12377,1
10923,North America,Email,New Product Launch,1259,5101,36,23,0.8,6.01,7247,1
10924,Europe,Email,Discount,2955,1454,40,88,0.88,8.33,12569,1
10925,North America,TV Ads,Brand Awareness,469,4624,36,32,4.39,5.65,13783,1
10926,Middle East,TV Ads,Brand Awareness,4436,2108,18,25,0.89,9.65,8536,0
10927,North America,TV Ads,Brand Awareness,1227,6685,34,72,3.76,11.85,1297,0
10928,Europe,TV Ads,Brand Awareness,4622,5401,3,85,1.56,1.71,1127,1
10929,Europe,Social Media,Discount,4577,6396,19,63,1.05,8.84,2872,1
10930,North America,Email,New Product Launch,4640,249,7,70,2.7,2.1,8298,1
10931,Middle East,Email,Discount,3312,2817,41,72,2.91,4.94,11171,0
10932,Europe,Google Ads,Brand Awareness,1890,7595,22,8,1.87,6.13,19972,1
10933,North America,TV Ads,Discount,4032,5079,35,119,1.56,2.3,19426,1
10934,North America,Social Media,New Product Launch,1507,5584,21,50,1.65,7.47,6453,1
10935,South America,Influencer,Discount,2619,1223,48,47,4.11,4.13,15181,0
10936,Asia,Influencer,Brand Awareness,4075,3132,40,82,4.52,2.79,7052,1
10937,Middle East,Social Media,Discount,4684,679,49,33,1.58,10.4,16900,1
10938,South America,Google Ads,Brand Awareness,4507,5466,42,30,2.05,8.96,10200,1
10939,Middle East,Google Ads,Brand Awareness,4264,1577,45,40,0.66,1.69,11230,0
10940,South America,TV Ads,Discount,4119,6803,31,105,2.81,8.31,16112,0
10941,Europe,Social Media,New Product Launch,666,3761,47,24,3.77,1.88,1803,1
10942,South America,TV Ads,New Product Launch,1822,3730,4,94,1.66,7.76,12361,1
10943,Europe,Email,Discount,665,7373,19,56,2.65,5.46,19858,1
10944,Middle East,Google Ads,Brand Awareness,1407,981,34,70,4.6,2.66,19461,1
10945,South America,Social Media,New Product Launch,379,2199,34,115,1.7,10.56,10548,1
10946,Middle East,Google Ads,Brand Awareness,3972,2707,30,72,4.81,2.74,11673,1
10947,Europe,Social Media,New Product Launch,3063,1537,49,62,3.16,5.39,18705,1
10948,South America,Email,Brand Awareness,4295,6351,46,38,4.93,9.45,8273,0
10949,South America,Social Media,Brand Awareness,3658,7886,36,88,3.1,2.47,9979,1
10950,Asia,Influencer,Discount,2965,8641,20,42,2.54,5.77,10237,0
10951,Europe,Google Ads,New Product Launch,2651,7956,34,50,4.14,7.48,4747,1
10952,Asia,Google Ads,Brand Awareness,4762,5546,42,34,2.62,1.18,3581,1
10953,Europe,Social Media,New Product Launch,4039,8968,31,90,2.21,6.41,14053,1
10954,Asia,Google Ads,Discount,2912,712,25,40,2.07,5.9,11007,0
10955,Asia,Influencer,New Product Launch,1006,941,14,92,3.05,11.04,14119,1
10956,Asia,TV Ads,Brand Awareness,1795,2427,12,16,3.25,9.7,19717,1
10957,South America,Email,Discount,2166,4900,22,49,2.68,8.4,12962,1
10958,Asia,Influencer,New Product Launch,3375,3062,49,36,2.6,4.91,19016,1
10959,Europe,Influencer,New Product Launch,1412,1333,46,78,3.49,5.29,19903,1
10960,Asia,TV Ads,New Product Launch,4957,1787,21,22,4.34,11.01,2356,1
10961,North America,Email,Discount,1504,2383,35,105,3.57,1.24,884,1
10962,Europe,Influencer,New Product Launch,1755,5538,43,9,4.53,2.75,14025,0
10963,Europe,Email,Discount,3853,7853,28,32,4.34,2.44,9242,1
10964,Asia,Google Ads,Brand Awareness,501,3300,27,25,3.13,3.94,8892,1
10965,Asia,Email,New Product Launch,2193,244,39,55,1.76,5.28,1945,1
10966,South America,Email,Discount,973,3084,46,40,4.24,1.75,7011,0
10967,Europe,TV Ads,Discount,2446,8541,16,14,3.54,10.65,11931,1
10968,South America,Email,New Product Launch,959,5867,37,115,4.46,1.54,2136,1
10969,Asia,Email,Discount,656,5775,47,41,3.78,2.56,19790,1
10970,Europe,Email,New Product Launch,4789,6872,42,104,4.07,10.34,5773,1
10971,Asia,Social Media,Brand Awareness,518,7899,38,9,2.2,4.54,8435,1
10972,South America,Google Ads,New Product Launch,1041,722,42,76,2.33,11.81,9887,0
10973,Asia,Social Media,New Product Launch,817,8870,37,47,4.63,1.98,19636,1
10974,South America,TV Ads,New Product Launch,4421,2584,45,42,1.54,6.53,4664,1
10975,Europe,Social Media,Discount,2362,8632,39,101,4.12,2.44,11623,1
10976,South America,Email,New Product Launch,3152,8373,17,116,3.27,8.3,3787,1
10977,North America,TV Ads,Brand Awareness,587,4450,27,58,4.04,8.95,18702,0
10978,Middle East,Email,Discount,2522,6627,1,48,1.45,9.75,12632,0
10979,Middle East,Google Ads,Discount,3179,2820,41,36,1.48,10.28,19415,1
10980,Middle East,TV Ads,Brand Awareness,4342,8472,39,42,2.97,2.7,18859,1
10981,North America,Email,New Product Launch,323,3723,19,90,3.49,7.44,16193,0
10982,Middle East,TV Ads,Brand Awareness,2596,8606,32,57,3.21,2.68,9896,0
10983,North America,Influencer,Discount,3731,4042,8,81,1.95,6.59,2190,1
10984,Asia,Influencer,Discount,1966,677,31,86,2.5,2.85,653,1
10985,Asia,Email,New Product Launch,3878,7283,38,5,4.67,11.72,8809,1
10986,Asia,Social Media,New Product Launch,921,1458,33,19,3.71,2.18,18432,1
10987,Asia,Social Media,Discount,4171,3099,43,9,4.06,2.75,3949,1
10988,North America,Google Ads,Brand Awareness,2357,1999,30,30,3.22,4.9,13034,1
10989,Asia,Social Media,New Product Launch,4651,8313,34,15,2.59,2.05,18963,1
10990,Asia,Influencer,Brand Awareness,1203,1119,26,68,1.73,4.2,12137,1
10991,Asia,Google Ads,Discount,4747,3402,49,119,4.95,9.74,907,1
10992,Middle East,Google Ads,New Product Launch,1909,340,37,28,1.17,2.98,15085,0
10993,Asia,Email,New Product Launch,4890,3113,6,101,1.23,7.3,10014,1
10994,South America,Influencer,New Product Launch,3675,534,38,108,1.31,7.1,15330,1
10995,North America,TV Ads,New Product Launch,1977,7825,41,8,2.6,3.21,19987,1
10996,Asia,Google Ads,New Product Launch,1855,4065,26,117,4.52,6.85,4631,1
10997,South America,Influencer,Discount,3921,3472,23,76,2.53,11.58,1940,0
10998,Europe,Email,Discount,1318,1044,38,79,2.63,2.99,17151,1
10999,Europe,TV Ads,New Product Launch,1482,4217,38,12,1.8,3.51,11466,0
11000,Middle East,Influencer,New Product Launch,3371,1727,27,45,3.7,7.59,10574,1
11001,Asia,Social Media,Discount,4502,4946,6,28,4.09,4.6,2114,1
11002,Asia,Google Ads,New Product Launch,658,1724,35,37,2.6,7.44,5985,1
11003,North America,Google Ads,Brand Awareness,1656,2865,3,88,1.13,11.67,11711,1
11004,North America,Email,Brand Awareness,3992,857,39,28,0.87,7.91,13347,1
11005,Middle East,Influencer,Brand Awareness,1563,766,40,104,2.3,8.11,17904,1
11006,Europe,Google Ads,New Product Launch,420,6307,26,102,4.3,10.98,1551,1
11007,Middle East,Google Ads,Discount,1844,8055,28,70,4.72,8.21,2498,1
11008,Asia,Social Media,Discount,565,1062,49,70,1.06,2.62,11324,1
11009,Middle East,TV Ads,New Product Launch,748,1656,14,47,4.64,9.6,5671,1
11010,Europe,Influencer,Brand Awareness,2030,7165,42,53,4.26,5.79,3755,1
11011,South America,Influencer,Brand Awareness,2828,3472,38,87,2.26,7.42,15947,1
11012,South America,Google Ads,New Product Launch,4521,641,28,16,4.28,6.49,1983,0
11013,Middle East,Email,Discount,1835,6514,12,72,3.18,2.46,14128,1
11014,Middle East,Email,Brand Awareness,1253,4101,34,110,0.62,7.08,14697,0
11015,Middle East,Email,Discount,3952,2409,23,50,2.41,8.07,19485,1
11016,South America,Email,Discount,3872,1798,14,17,3.88,11.34,4473,0
11017,Europe,Email,Discount,4624,3064,41,85,3.68,4.07,18299,1
11018,Asia,Email,New Product Launch,212,1464,13,105,0.6,5.28,2113,0
11019,North America,Influencer,Brand Awareness,4218,7199,2,12,2.98,4.94,19413,0
11020,North America,Google Ads,Brand Awareness,1895,7071,1,61,0.81,2.57,6278,1
11021,Middle East,TV Ads,New Product Launch,2875,1213,34,13,1.46,7.02,6406,1
11022,Asia,Google Ads,New Product Launch,1289,392,18,83,1.39,4.56,14309,1
11023,South America,Influencer,Brand Awareness,3899,1192,46,111,0.67,7.99,6189,1
11024,South America,Email,Brand Awareness,3505,6839,44,53,2.0,10.49,3053,1
11025,North America,Email,Brand Awareness,2482,8527,46,30,3.28,3.8,15421,1
11026,Asia,Email,New Product Launch,3317,6417,47,116,4.6,1.3,9179,0
11027,Middle East,Social Media,Discount,114,5121,31,79,2.12,8.33,8351,1
11028,Middle East,TV Ads,New Product Launch,2999,781,4,9,3.4,10.47,8885,1
11029,Europe,Email,New Product Launch,2127,1666,17,102,4.89,4.83,9198,0
11030,Asia,TV Ads,New Product Launch,4311,8344,14,47,1.05,8.57,4255,1
11031,Europe,TV Ads,New Product Launch,3195,676,34,70,3.13,6.53,2360,0
11032,Europe,Social Media,Discount,2785,3362,1,94,2.78,8.77,19103,1
11033,Europe,Social Media,Brand Awareness,750,7525,28,78,4.12,4.12,6669,1
11034,Asia,Social Media,New Product Launch,2725,1410,11,59,4.64,5.18,3393,0
11035,Asia,TV Ads,Brand Awareness,3717,709,23,48,1.17,9.57,10688,1
11036,Middle East,Influencer,Brand Awareness,2767,4525,45,71,2.69,1.23,3965,1
11037,Middle East,Google Ads,New Product Launch,1517,3538,37,13,1.78,1.0,3367,1
11038,North America,Influencer,Brand Awareness,3180,5164,18,106,4.8,9.44,13292,1
11039,South America,Google Ads,Discount,2492,8612,12,88,4.56,6.54,6329,1
11040,Middle East,Email,New Product Launch,2489,4614,44,70,4.37,11.47,17823,1
11041,Middle East,Influencer,Discount,1420,4038,25,45,1.61,5.63,3911,0
11042,North America,Social Media,Brand Awareness,1419,1585,43,62,2.18,4.17,16564,0
11043,North America,Email,Brand Awareness,2616,2780,46,106,2.36,8.48,12939,1
11044,Europe,Social Media,Brand Awareness,1822,6127,4,72,1.21,5.56,1524,1
11045,South America,Email,Brand Awareness,1458,2215,9,115,3.47,11.49,8101,1
11046,South America,TV Ads,Discount,1211,6581,16,37,3.28,10.12,12357,0
11047,North America,Influencer,Discount,1513,499,45,80,3.0,4.7,10394,1
11048,Europe,Email,New Product Launch,107,3115,32,44,3.01,8.86,10466,0
11049,Middle East,Social Media,Discount,4468,8459,14,116,1.23,6.26,19040,1
11050,Asia,TV Ads,New Product Launch,4319,2500,25,72,1.85,7.21,3992,1
11051,Asia,Influencer,Brand Awareness,2984,8465,24,64,4.59,11.89,11254,1
11052,Middle East,Influencer,New Product Launch,4759,4851,24,44,2.25,7.58,13187,0
11053,North America,Influencer,Discount,2299,5509,6,111,2.99,11.39,6900,1
11054,South America,Google Ads,Discount,1851,3337,18,13,0.96,10.4,1816,1
11055,South America,Google Ads,New Product Launch,1344,2609,18,25,3.53,10.53,19825,1
11056,Middle East,Influencer,New Product Launch,2312,1020,40,43,4.95,7.61,3750,1
11057,Middle East,Influencer,New Product Launch,4503,3728,48,43,3.01,11.59,2449,0
11058,Middle East,Social Media,Brand Awareness,4295,6558,25,112,1.94,4.06,14131,1
11059,Middle East,Influencer,Discount,4585,4480,3,75,2.47,7.82,18176,0
11060,Middle East,Influencer,New Product Launch,3777,6635,5,96,0.53,11.02,2067,1
11061,North America,TV Ads,New Product Launch,3916,8543,33,81,3.95,6.41,16350,1
11062,North America,Google Ads,Brand Awareness,376,8705,42,95,3.67,10.98,17573,1
11063,South America,Google Ads,Discount,4293,5144,30,42,2.83,4.23,15377,1
11064,Middle East,Google Ads,Brand Awareness,488,5838,34,32,4.97,5.79,982,1
11065,Asia,Influencer,Brand Awareness,282,3922,22,12,4.21,11.77,3007,1
11066,South America,Influencer,Discount,4479,5614,22,65,4.72,8.04,792,1
11067,Middle East,Email,Discount,4453,5607,8,41,3.47,1.96,13933,1
11068,South America,TV Ads,Brand Awareness,2228,4214,29,64,4.8,5.21,5896,1
11069,Europe,TV Ads,Brand Awareness,4994,8872,14,35,4.34,8.7,9004,1
11070,South America,TV Ads,New Product Launch,4572,5377,49,69,4.27,1.53,11294,1
11071,North America,TV Ads,Brand Awareness,2782,5860,22,118,2.68,2.27,15621,0
11072,North America,TV Ads,Discount,1225,2906,47,59,0.51,2.99,8742,0
11073,Middle East,Google Ads,Brand Awareness,1906,3929,9,15,2.35,8.24,1824,1
11074,Asia,Google Ads,Brand Awareness,3809,1942,49,69,2.9,9.69,9356,1
11075,North America,TV Ads,Brand Awareness,1730,1450,41,91,2.35,2.59,4733,1
11076,Europe,Google Ads,Brand Awareness,1365,653,17,10,4.17,7.8,14171,1
11077,South America,TV Ads,Discount,2406,8674,9,112,1.46,5.43,5567,1
11078,Asia,TV Ads,Discount,1655,8657,41,36,3.52,1.06,5618,1
11079,South America,Social Media,Discount,4915,4775,29,45,1.24,3.62,1310,0
11080,Middle East,Social Media,New Product Launch,4453,2517,20,15,4.9,3.25,15557,0
11081,South America,Influencer,New Product Launch,4667,659,2,55,1.6,3.73,2857,1
11082,Asia,Influencer,New Product Launch,561,667,12,46,3.58,4.81,15916,1
11083,Europe,Google Ads,New Product Launch,625,5522,40,84,2.22,11.05,15868,1
11084,Asia,Social Media,Discount,3902,2938,42,69,4.78,6.66,11330,0
11085,South America,Influencer,Brand Awareness,2239,2837,30,62,4.1,1.97,7620,1
11086,South America,Email,New Product Launch,1009,563,17,95,3.91,3.02,1116,1
11087,Europe,Google Ads,Discount,2398,3188,7,87,2.56,1.95,9615,1
11088,Europe,Google Ads,Discount,1829,4546,11,17,4.65,9.42,12508,0
11089,North America,TV Ads,New Product Launch,1330,3569,21,87,1.02,11.45,18863,1
11090,South America,Email,Brand Awareness,651,7019,30,51,1.23,11.85,3769,1
11091,Europe,Influencer,New Product Launch,2941,3239,38,96,4.9,2.06,2555,0
11092,South America,Social Media,Discount,2368,2758,20,55,4.43,6.83,4633,1
11093,Asia,Influencer,Brand Awareness,2629,3213,15,74,0.91,4.13,11558,1
11094,Asia,TV Ads,New Product Launch,1770,7055,40,29,3.62,11.48,6784,1
11095,Asia,Email,Brand Awareness,1360,5555,17,69,1.55,10.29,13535,1
11096,North America,Social Media,Brand Awareness,4710,670,6,101,1.24,5.34,18217,0
11097,Europe,TV Ads,Discount,4044,7973,27,91,3.49,2.28,1177,0
11098,South America,TV Ads,Brand Awareness,2580,4165,28,11,2.11,4.72,3561,0
11099,North America,Social Media,Discount,2213,4844,45,55,4.53,4.91,2312,1
11100,South America,Google Ads,Discount,426,8108,18,94,3.1,8.82,13858,1
11101,Europe,Influencer,New Product Launch,2560,497,11,98,2.8,8.27,9791,1
11102,Middle East,Email,Discount,733,6208,28,85,2.96,11.25,5558,0
11103,South America,Google Ads,New Product Launch,1563,3123,28,86,4.55,6.4,14547,1
11104,South America,TV Ads,Discount,2122,8993,48,27,2.03,1.5,12392,1
11105,North America,Google Ads,New Product Launch,1106,809,34,14,1.0,3.05,3344,0
11106,North America,Email,New Product Launch,1316,2820,14,110,2.48,9.55,16419,1
11107,Europe,TV Ads,Brand Awareness,3959,4154,1,5,2.57,8.24,8514,1
11108,Asia,TV Ads,Discount,2180,5301,24,19,1.0,4.32,11568,0
11109,South America,Influencer,Discount,4569,2958,7,81,4.35,11.41,17789,0
11110,Europe,Social Media,New Product Launch,4985,7975,42,115,4.62,4.6,10654,1
11111,Middle East,Google Ads,New Product Launch,4012,8058,9,104,4.68,3.01,14323,1
11112,North America,Google Ads,Brand Awareness,1925,6078,12,78,1.24,8.8,3644,1
11113,South America,TV Ads,Brand Awareness,4508,2999,2,86,3.03,6.64,15472,0
11114,Europe,Email,New Product Launch,944,8847,20,49,0.91,5.47,1769,1
11115,South America,Email,New Product Launch,3673,1632,37,76,2.63,11.51,19185,0
11116,Middle East,Google Ads,Discount,1085,6107,39,14,3.43,1.39,14092,1
11117,North America,Influencer,New Product Launch,679,6643,9,49,1.47,3.6,4628,0
11118,Europe,Social Media,Discount,3690,7743,4,115,3.22,4.76,16581,0
11119,Asia,Influencer,Brand Awareness,1461,8997,33,13,1.13,5.05,12848,1
11120,Middle East,Email,Brand Awareness,1942,5477,8,45,1.23,1.72,9133,0
11121,Middle East,Social Media,Discount,3032,8554,13,48,3.46,3.87,6196,1
11122,North America,Email,New Product Launch,4681,1638,28,33,1.81,6.97,13686,1
11123,Europe,TV Ads,Discount,3940,4449,21,77,2.07,10.25,2649,1
11124,Europe,Google Ads,Brand Awareness,2568,8332,11,109,4.15,7.39,13724,1
11125,North America,Google Ads,New Product Launch,3069,2660,48,60,3.76,1.51,1253,1
11126,North America,Google Ads,Brand Awareness,3720,4775,38,111,4.24,8.75,812,1
11127,Middle East,Email,Brand Awareness,1725,7204,17,96,2.31,9.99,9200,1
11128,Europe,Email,Brand Awareness,4633,4032,37,71,2.67,6.69,14373,1
11129,South America,Google Ads,Brand Awareness,880,4004,16,69,2.4,1.57,13609,0
11130,Middle East,TV Ads,New Product Launch,1330,8381,32,96,1.78,4.77,3379,0
11131,Middle East,Google Ads,Discount,433,2501,40,9,3.37,1.04,1254,1
11132,Asia,Influencer,Discount,2547,8258,3,86,1.71,9.14,15987,1
11133,North America,Google Ads,Brand Awareness,3640,4524,19,87,2.44,2.66,5296,1
11134,North America,TV Ads,Discount,2247,8452,16,72,4.59,1.33,5040,1
11135,Europe,TV Ads,Brand Awareness,1217,3109,33,112,4.34,1.56,1010,1
11136,Europe,Google Ads,Brand Awareness,4830,6503,44,19,2.14,11.64,14917,0
11137,Middle East,Social Media,New Product Launch,1930,4780,22,93,2.82,1.74,12136,0
11138,Middle East,Email,Discount,2766,3573,15,18,2.95,1.94,5607,0
11139,South America,TV Ads,New Product Launch,2234,7983,3,49,4.72,6.96,2295,0
11140,Europe,Social Media,Brand Awareness,2957,864,13,59,1.31,1.73,13370,1
11141,North America,Google Ads,Discount,2275,2552,33,97,1.97,9.99,16960,1
11142,Middle East,TV Ads,New Product Launch,4545,1082,8,83,1.39,7.07,7705,1
11143,North America,Social Media,New Product Launch,4194,4207,11,107,4.15,1.69,10067,0
11144,South America,Influencer,Discount,3919,227,39,115,1.51,6.33,16810,0
11145,South America,Influencer,Brand Awareness,1495,8153,34,81,1.22,5.47,1749,1
11146,Middle East,Google Ads,Discount,2894,5468,35,43,2.65,9.82,14952,1
11147,Asia,Influencer,New Product Launch,806,6186,22,78,1.03,11.74,10315,1
11148,Middle East,Social Media,Discount,2485,3946,20,100,3.81,8.67,7093,1
11149,South America,Influencer,Brand Awareness,3797,8175,29,9,3.44,7.5,17524,1
11150,North America,Google Ads,Brand Awareness,1929,1197,34,30,3.47,11.53,19830,0
11151,North America,Email,Discount,1610,222,39,28,4.97,9.18,18547,1
11152,Middle East,Social Media,New Product Launch,908,7970,29,32,2.5,5.97,11945,0
11153,South America,TV Ads,New Product Launch,508,5583,48,6,1.52,9.14,16054,1
11154,South America,Social Media,New Product Launch,3302,2899,6,15,2.33,10.43,14038,1
11155,South America,Influencer,Discount,3617,4491,43,88,2.03,11.44,8810,1
11156,Middle East,Email,Discount,4464,543,3,5,3.33,7.36,16908,1
11157,Middle East,TV Ads,New Product Launch,1048,8032,9,69,4.76,7.17,4684,0
11158,Middle East,Social Media,New Product Launch,678,6884,46,21,1.45,8.87,3927,0
11159,Europe,Google Ads,New Product Launch,3428,6717,25,53,1.9,1.59,16794,1
11160,Asia,Social Media,Discount,1386,8820,47,37,0.62,8.48,10278,1
11161,Middle East,Email,New Product Launch,2712,2248,28,81,0.8,8.94,15244,1
11162,Asia,Social Media,Discount,3848,7116,23,47,1.08,10.86,9433,1
11163,North America,Google Ads,New Product Launch,4585,6529,4,13,2.9,6.37,15764,0
11164,Europe,Social Media,Brand Awareness,4715,5538,35,26,0.74,9.86,19487,0
11165,Asia,Influencer,Discount,775,8110,6,89,2.13,11.25,6735,1
11166,Europe,Social Media,New Product Launch,1978,7042,24,57,1.5,11.73,7726,1
11167,South America,Email,New Product Launch,145,5496,18,56,2.0,6.94,6463,1
11168,Europe,Email,Brand Awareness,1196,4441,28,60,2.25,9.93,3445,1
11169,South America,Email,Discount,1538,8897,25,64,2.7,10.61,11818,0
11170,Europe,Google Ads,Brand Awareness,269,7576,46,17,4.55,7.3,16787,1
11171,Europe,Email,Discount,979,5330,45,48,2.3,8.22,17558,1
11172,South America,Google Ads,Discount,2624,5249,18,15,2.72,9.82,11257,1
11173,North America,Influencer,Brand Awareness,3594,3892,20,106,2.73,5.47,899,1
11174,Middle East,Email,New Product Launch,3192,4843,11,71,1.5,7.98,17622,0
11175,North America,Google Ads,New Product Launch,3499,5072,10,23,0.93,9.74,7761,0
11176,South America,Influencer,New Product Launch,4557,793,15,112,2.07,8.28,3186,0
11177,Europe,Social Media,Brand Awareness,1007,7513,47,80,3.0,4.47,12217,0
11178,Europe,Google Ads,Discount,2740,6532,41,27,1.25,6.46,2253,1
11179,North America,Social Media,Discount,773,5136,13,52,4.36,9.82,18280,1
11180,South America,Email,Brand Awareness,1606,7832,11,24,0.85,2.05,5936,0
11181,North America,Social Media,Discount,4288,8118,5,68,0.91,10.87,996,0
11182,North America,Google Ads,Brand Awareness,4087,7139,45,119,0.9,10.17,7753,0
11183,Middle East,TV Ads,New Product Launch,2265,3022,44,111,1.39,7.11,8087,1
11184,North America,Social Media,New Product Launch,1695,4849,3,79,0.76,6.1,9974,1
11185,North America,Google Ads,Brand Awareness,4581,8404,46,17,1.97,3.53,18479,0
11186,Asia,Google Ads,New Product Launch,952,7983,41,66,4.48,6.46,9831,0
11187,Middle East,Influencer,New Product Launch,3771,7284,9,58,1.97,5.73,16458,1
11188,Asia,Email,New Product Launch,4186,3224,38,82,4.9,11.54,2187,0
11189,Middle East,Social Media,New Product Launch,2432,1496,36,70,4.22,3.21,2163,0
11190,Asia,Email,Discount,4903,2997,39,61,3.31,7.65,10235,1
11191,Europe,Social Media,Discount,4139,7412,25,35,2.91,9.76,4100,1
11192,Asia,Email,Brand Awareness,1446,8136,38,101,3.45,1.37,13606,1
11193,South America,Email,New Product Launch,290,2628,2,8,2.05,2.15,19231,1
11194,North America,Influencer,New Product Launch,2534,8177,33,37,2.65,7.15,4338,1
11195,Asia,Influencer,New Product Launch,1443,8255,46,34,3.61,6.89,13802,1
11196,South America,Email,Brand Awareness,4665,858,41,53,0.85,9.14,15459,1
11197,Middle East,Social Media,Brand Awareness,4819,5777,1,104,4.66,9.29,17790,0
11198,Europe,Social Media,Discount,1073,7717,43,62,4.93,5.07,8924,0
11199,Asia,Google Ads,Discount,2868,406,37,8,1.0,2.4,19849,1
11200,Europe,Influencer,Discount,4298,6462,5,44,4.44,7.83,15807,0
11201,Europe,TV Ads,Brand Awareness,546,5734,27,79,4.93,2.28,15847,0
11202,South America,Email,Brand Awareness,3920,5905,34,44,1.12,9.92,10899,1
11203,Europe,Influencer,Brand Awareness,132,7913,47,24,3.5,11.5,7428,1
11204,Middle East,Influencer,Brand Awareness,2726,1564,37,29,1.4,11.19,9458,1
11205,South America,TV Ads,Brand Awareness,4414,1805,49,114,3.79,7.57,19559,0
11206,North America,Social Media,Discount,368,1192,25,117,1.53,3.78,2207,0
11207,Asia,TV Ads,Discount,3208,4642,36,119,4.25,9.41,5195,1
11208,Asia,Google Ads,Brand Awareness,2077,2663,33,82,2.76,9.16,12677,0
11209,North America,Influencer,New Product Launch,4736,4023,24,27,4.49,8.15,17836,0
11210,South America,Influencer,Discount,4324,3788,44,69,4.47,10.0,5702,0
11211,South America,Influencer,Discount,1043,7023,8,49,4.78,9.4,17478,0
11212,Middle East,Email,Brand Awareness,3184,5788,32,94,4.14,10.15,10274,1
11213,North America,Social Media,New Product Launch,4996,695,44,86,1.18,9.62,13240,0
11214,Asia,Email,Discount,4065,8083,21,53,1.48,10.08,19404,0
11215,South America,Google Ads,Brand Awareness,2123,4472,43,113,0.7,3.45,17136,0
11216,North America,Email,New Product Launch,2876,2445,13,90,3.38,6.26,16058,0
11217,Europe,Email,Discount,3576,698,40,24,0.74,5.58,5812,1
11218,South America,Email,Brand Awareness,1368,8644,31,38,1.39,6.16,18987,1
11219,South America,Google Ads,Brand Awareness,118,7280,15,50,3.2,8.17,1826,1
11220,Middle East,Google Ads,New Product Launch,1789,5809,8,5,1.38,3.44,9635,1
11221,Europe,Email,Discount,3693,1774,20,63,1.69,7.51,7321,1
11222,Asia,Influencer,New Product Launch,2285,1673,43,59,1.99,3.49,12674,1
11223,Middle East,Social Media,Discount,4760,6487,43,31,0.69,1.3,14224,1
11224,North America,Google Ads,New Product Launch,4053,1514,5,5,3.79,8.51,4222,0
11225,North America,Social Media,Discount,1670,7608,10,112,0.7,7.12,3363,1
11226,Middle East,Influencer,New Product Launch,1367,7938,2,116,4.34,11.54,1466,1
11227,Europe,Influencer,Brand Awareness,1914,6596,44,42,4.24,1.13,11445,1
11228,Middle East,Social Media,Brand Awareness,512,1760,19,41,3.69,10.2,11931,1
11229,North America,Email,Discount,700,2796,41,94,2.21,4.91,1606,1
11230,Asia,Google Ads,Discount,4717,2781,38,102,2.81,10.65,14016,1
11231,Europe,Social Media,Brand Awareness,2891,5863,21,67,3.95,9.74,10962,1
11232,Europe,TV Ads,New Product Launch,3402,3057,17,65,4.2,6.85,17049,1
11233,Middle East,Email,Discount,4923,5333,14,35,2.68,2.59,3948,0
11234,Europe,Email,New Product Launch,3184,396,37,66,3.4,7.8,15026,1
11235,Europe,Influencer,Discount,3183,3817,41,76,4.17,5.08,12447,1
11236,Europe,Google Ads,New Product Launch,408,4113,7,103,4.62,4.97,5678,1
11237,North America,Social Media,New Product Launch,1818,6831,44,46,4.3,4.02,14562,1
11238,South America,TV Ads,Discount,4976,6797,34,19,2.35,1.92,18343,1
11239,South America,Email,Brand Awareness,4283,4883,49,114,0.98,11.49,3535,1
11240,South America,Social Media,New Product Launch,3227,990,5,41,3.24,1.19,10668,0
11241,Asia,Email,Brand Awareness,553,4774,7,19,4.19,6.04,13222,1
11242,Europe,Google Ads,Brand Awareness,4078,2494,38,64,2.48,3.52,19893,1
11243,Asia,Google Ads,Brand Awareness,2803,4564,46,15,1.65,2.06,6986,0
11244,Europe,Google Ads,Discount,2403,7121,47,51,0.97,2.23,19863,1
11245,Middle East,TV Ads,Brand Awareness,4564,4782,44,42,2.21,11.78,19944,0
11246,Middle East,Email,Brand Awareness,1319,340,41,111,4.38,3.1,2201,0
11247,Asia,Email,New Product Launch,828,6737,5,116,2.66,3.63,9119,0
11248,Europe,Google Ads,Brand Awareness,4298,6585,24,65,2.08,1.52,8633,0
11249,Middle East,Google Ads,Brand Awareness,4071,8673,40,30,3.51,3.39,9524,1
11250,Middle East,Email,Brand Awareness,2372,6929,39,12,2.48,8.59,6188,1
11251,North America,Social Media,Brand Awareness,2236,1540,20,58,1.92,3.22,14908,1
11252,Middle East,Social Media,Brand Awareness,4973,741,24,83,4.49,9.25,1086,1
11253,Middle East,Influencer,New Product Launch,4790,3955,22,32,1.06,11.89,6129,1
11254,Europe,Email,Discount,1675,1813,48,36,4.73,6.94,1674,1
11255,Asia,TV Ads,New Product Launch,899,2327,36,98,1.19,1.57,18575,1
11256,Asia,Social Media,Discount,2568,916,19,70,3.21,5.68,8061,1
11257,Europe,Google Ads,New Product Launch,556,5518,9,8,2.62,2.67,19134,1
11258,North America,Google Ads,Discount,3136,581,10,119,4.22,6.48,8401,1
11259,Europe,Influencer,Discount,1733,4672,27,28,1.76,9.79,12657,1
11260,South America,Google Ads,Discount,1725,1065,38,71,0.66,2.75,776,0
11261,Middle East,Google Ads,Brand Awareness,3214,2024,41,92,0.8,4.19,6383,1
11262,Middle East,Google Ads,Discount,2152,2039,43,72,2.3,7.74,15574,0
11263,North America,TV Ads,New Product Launch,4752,3657,36,35,2.05,6.53,9783,1
11264,South America,Google Ads,Discount,2457,1885,40,77,3.91,6.87,15720,1
11265,Asia,Email,Discount,2319,5089,9,58,4.35,8.99,8285,1
11266,Middle East,TV Ads,Brand Awareness,654,3571,47,93,0.79,1.34,10524,1
11267,Europe,Influencer,Discount,2287,6635,18,94,4.15,10.09,14703,1
11268,South America,TV Ads,New Product Launch,3145,927,25,32,4.94,11.35,1735,1
11269,Europe,Google Ads,Discount,229,536,35,113,2.89,3.9,14905,1
11270,South America,Google Ads,New Product Launch,2073,1038,11,12,3.53,11.88,7554,1
11271,South America,TV Ads,Brand Awareness,1515,8625,2,59,3.75,3.46,15432,1
11272,South America,TV Ads,Discount,2471,2237,33,25,3.86,1.48,12261,1
11273,Europe,TV Ads,Discount,238,1383,14,32,4.15,5.11,16971,1
11274,Europe,Email,Brand Awareness,4203,463,3,19,3.0,10.33,17516,0
11275,Europe,Social Media,Discount,4129,336,39,105,2.78,6.24,16456,0
11276,North America,TV Ads,Discount,3426,798,25,18,3.21,5.94,4216,1
11277,North America,Google Ads,Brand Awareness,776,6658,11,80,1.97,3.99,16713,0
11278,North America,Google Ads,New Product Launch,3698,5868,23,82,0.97,3.29,13677,1
11279,Asia,TV Ads,Discount,2024,4613,30,85,3.66,3.67,5387,0
11280,South America,Email,Brand Awareness,2820,2037,29,60,2.3,9.78,15408,1
11281,Europe,Google Ads,Discount,4372,3685,41,73,1.07,1.14,6960,1
11282,Asia,Social Media,New Product Launch,2821,6524,15,23,1.02,2.16,9398,1
11283,North America,Google Ads,Brand Awareness,4577,3450,23,38,2.51,11.13,19140,1
11284,North America,TV Ads,Discount,2251,6760,26,34,2.66,4.95,12540,0
11285,Europe,Influencer,Brand Awareness,4462,1527,6,99,4.15,6.83,11639,0
11286,Asia,TV Ads,New Product Launch,3839,2488,8,28,2.97,11.78,14886,1
11287,Europe,Social Media,Discount,1945,8884,22,116,3.34,10.21,18079,0
11288,North America,Email,Brand Awareness,4649,3838,24,43,4.14,8.65,10472,0
11289,Middle East,Email,New Product Launch,1065,3284,16,101,3.73,6.28,8614,1
11290,South America,Google Ads,New Product Launch,1192,8165,1,22,2.51,9.72,5993,1
11291,Europe,Google Ads,Brand Awareness,4441,5073,24,9,0.98,4.7,16881,1
11292,Middle East,TV Ads,Discount,2577,5776,23,90,4.43,8.83,4713,0
11293,Europe,Email,Discount,1920,3615,9,88,1.22,11.86,8252,1
11294,North America,Google Ads,Brand Awareness,1499,2308,11,115,3.68,9.39,3779,0
11295,Asia,TV Ads,Discount,2199,923,49,41,2.22,2.37,5460,1
11296,Asia,Social Media,Discount,3617,1622,19,80,3.98,11.16,10315,1
11297,South America,TV Ads,Discount,3547,1190,28,30,0.65,10.29,13349,1
11298,Asia,TV Ads,Discount,1730,6766,25,119,4.58,3.08,12387,1
11299,Europe,TV Ads,New Product Launch,1795,4705,16,86,4.58,6.04,7951,1
11300,Europe,Google Ads,Discount,1349,2049,18,79,4.4,3.12,6399,1
11301,Europe,Google Ads,New Product Launch,343,8006,10,15,4.92,8.69,3889,1
11302,Middle East,TV Ads,Brand Awareness,4236,929,44,86,1.59,2.87,10955,0
11303,North America,Influencer,Brand Awareness,103,897,11,112,2.12,6.53,18844,1
11304,Middle East,Google Ads,Discount,698,1459,1,11,3.41,3.21,16236,1
11305,Asia,Google Ads,New Product Launch,2823,5440,20,119,4.33,1.85,16122,0
11306,Europe,Influencer,Discount,2375,4355,17,109,0.58,8.53,1253,0
11307,Asia,Email,Brand Awareness,2395,4947,14,16,2.57,3.38,6768,0
11308,North America,Influencer,New Product Launch,4108,3828,46,103,1.43,7.01,16274,1
11309,Europe,Social Media,Discount,4194,627,49,7,1.19,5.74,16800,0
11310,South America,Influencer,Brand Awareness,1713,8537,17,63,3.26,2.74,2754,1
11311,North America,Google Ads,New Product Launch,4096,7587,20,11,1.77,2.51,17680,0
11312,South America,Google Ads,New Product Launch,1432,8072,34,7,4.52,7.47,14582,0
11313,South America,Email,Discount,216,2971,30,115,3.86,3.02,17921,0
11314,North America,TV Ads,Brand Awareness,3178,1531,34,26,2.73,5.5,8714,0
11315,Europe,Email,Discount,4074,6316,21,112,3.5,1.68,19317,1
11316,Europe,Social Media,New Product Launch,1525,888,40,113,1.12,7.42,17614,1
11317,North America,Influencer,Brand Awareness,1026,1962,29,96,4.63,1.04,14357,1
11318,Asia,Email,New Product Launch,3068,8383,1,29,3.24,3.09,19373,0
11319,South America,Social Media,New Product Launch,3126,7659,16,39,3.28,4.6,10941,0
11320,South America,Influencer,New Product Launch,2296,1910,21,7,0.93,3.61,19020,0
11321,Asia,Influencer,Discount,2011,2198,19,92,1.46,8.17,12304,0
11322,North America,Influencer,Brand Awareness,3237,3022,31,65,2.72,8.34,10307,1
11323,North America,TV Ads,Brand Awareness,1153,8762,18,43,3.49,9.99,11154,0
11324,Middle East,Social Media,Brand Awareness,4906,8108,5,10,4.09,5.76,1618,0
11325,Asia,Social Media,Discount,4018,2947,28,53,2.54,5.24,8690,1
11326,Asia,Social Media,Discount,3520,3022,12,106,2.18,11.67,13666,1
11327,North America,Google Ads,Discount,1060,7238,22,119,1.82,1.28,2401,1
11328,North America,TV Ads,New Product Launch,2231,6857,10,84,1.66,1.82,18610,1
11329,Middle East,Social Media,Discount,1431,5327,47,16,2.89,8.48,1610,1
11330,Europe,TV Ads,Discount,3303,5575,1,9,0.77,7.95,7808,1
11331,Europe,Social Media,Brand Awareness,4720,2416,41,6,0.94,6.78,3811,1
11332,Europe,TV Ads,New Product Launch,3581,5781,24,111,1.99,10.5,11911,1
11333,South America,Influencer,New Product Launch,2559,984,35,55,0.68,7.13,16880,0
11334,Asia,Influencer,New Product Launch,3192,5826,49,30,4.07,10.09,3281,1
11335,Europe,TV Ads,New Product Launch,707,5228,5,101,1.26,6.74,16255,0
11336,Europe,Social Media,New Product Launch,3165,4247,38,82,4.77,10.2,19227,0
11337,Middle East,TV Ads,Brand Awareness,987,7854,33,15,0.93,1.43,12841,0
11338,North America,Social Media,New Product Launch,1294,4477,8,96,3.55,3.64,15914,0
11339,South America,Social Media,Discount,1799,7445,19,73,2.07,9.48,12951,1
11340,South America,Google Ads,New Product Launch,2675,632,17,119,3.44,4.66,13620,1
11341,Middle East,Social Media,Discount,400,7268,16,61,3.2,2.05,550,1
11342,Europe,Email,Discount,317,6187,31,37,4.61,1.97,15482,1
11343,North America,Social Media,Discount,4774,7953,6,8,3.34,1.11,6395,1
11344,Asia,Influencer,Brand Awareness,2542,6038,46,36,1.81,9.57,9566,1
11345,Asia,Google Ads,Brand Awareness,1301,514,44,18,2.01,1.2,3195,1
11346,Europe,Influencer,Discount,2620,8482,8,51,2.52,7.59,8377,1
11347,North America,Email,Brand Awareness,2283,6144,42,22,4.2,2.56,18506,1
11348,Asia,Email,Discount,3537,7600,35,13,0.63,4.22,7459,0
11349,South America,Influencer,Brand Awareness,2824,7927,33,61,2.32,2.77,7077,1
11350,Middle East,TV Ads,New Product Launch,2940,6001,39,95,3.45,8.1,3884,0
11351,North America,Email,Discount,4051,3202,7,100,1.55,10.8,11550,1
11352,Europe,Influencer,New Product Launch,2277,7632,22,5,4.33,4.9,16811,1
11353,South America,Email,Discount,4633,5973,14,117,2.58,2.72,11715,1
11354,South America,TV Ads,New Product Launch,1036,4445,48,6,3.41,8.65,14891,1
11355,North America,Google Ads,Discount,4307,8774,24,34,4.51,2.32,10570,1
11356,South America,Influencer,Discount,274,7489,10,101,0.83,2.97,4062,1
11357,South America,TV Ads,Brand Awareness,4966,5738,4,28,3.26,9.51,7726,0
11358,Asia,Email,Discount,313,7903,36,76,4.12,2.61,15054,1
11359,Middle East,Email,Brand Awareness,637,5291,8,91,1.56,11.64,9156,1
11360,Europe,Email,Discount,2541,1563,33,87,4.34,4.49,10034,1
11361,South America,Google Ads,Brand Awareness,1376,5325,49,45,4.26,1.69,2341,1
11362,South America,Email,Brand Awareness,4300,2845,7,9,3.22,9.72,13779,0
11363,North America,Google Ads,Brand Awareness,3314,6601,10,46,0.9,8.12,4023,0
11364,Middle East,Google Ads,Discount,4526,8423,46,114,2.35,9.5,877,1
11365,South America,Email,Brand Awareness,1795,2870,10,48,1.83,2.43,18512,1
11366,Middle East,Google Ads,New Product Launch,353,2029,25,103,3.32,9.45,3612,1
11367,South America,Influencer,Discount,4460,6107,36,31,4.15,4.61,4645,1
11368,Middle East,Email,New Product Launch,4924,1721,11,101,3.13,1.26,10122,1
11369,Middle East,Influencer,Discount,1684,5633,39,42,0.75,2.65,18991,1
11370,North America,Social Media,Brand Awareness,1023,7880,47,20,1.63,4.45,19747,0
11371,Europe,Google Ads,New Product Launch,3413,3264,20,26,1.81,3.13,5420,1
11372,South America,TV Ads,Discount,3767,8178,11,36,4.68,7.11,16872,1
11373,Middle East,TV Ads,Brand Awareness,3875,3308,1,108,4.4,5.23,1554,0
11374,Asia,Google Ads,Discount,1790,8401,28,9,1.75,3.19,8792,1
11375,Asia,Social Media,Discount,2205,2558,3,92,2.62,3.5,5018,0
11376,Asia,Google Ads,Discount,2913,6399,2,16,4.81,1.89,2222,1
11377,Middle East,TV Ads,Discount,1166,7920,23,36,2.71,8.01,10163,1
11378,Asia,Email,Discount,2814,1095,9,89,4.78,5.73,14594,1
11379,South America,Influencer,New Product Launch,482,3329,9,108,1.38,7.16,4986,1
11380,North America,Email,Brand Awareness,1974,6321,2,119,0.74,3.98,564,1
11381,Europe,Influencer,Discount,4081,2208,49,59,3.62,6.0,12508,1
11382,Europe,TV Ads,Brand Awareness,3743,3347,26,116,2.54,4.24,6792,1
11383,South America,Email,Discount,4202,4215,16,69,2.55,4.63,19952,1
11384,Middle East,Email,New Product Launch,586,7426,20,82,1.08,11.25,19847,1
11385,South America,Social Media,New Product Launch,3148,7959,12,103,1.51,8.85,16759,0
11386,Europe,TV Ads,Discount,502,7413,19,90,0.62,10.34,16825,1
11387,Middle East,TV Ads,Discount,2086,8735,5,99,3.06,10.28,2027,1
11388,South America,Email,New Product Launch,952,7982,13,115,1.74,6.63,2400,1
11389,North America,TV Ads,New Product Launch,1593,1155,2,49,4.38,5.21,18245,0
11390,Asia,Google Ads,Brand Awareness,4138,2403,10,22,0.9,8.23,11802,1
11391,Middle East,Social Media,Brand Awareness,1829,1032,32,87,4.94,1.46,13050,1
11392,North America,Email,Brand Awareness,1310,4741,30,26,2.95,8.9,3719,1
11393,North America,Social Media,Discount,3013,5252,38,71,1.38,2.53,13055,1
11394,Asia,Google Ads,Discount,1490,7269,35,90,4.37,10.53,1718,1
11395,Middle East,Social Media,Brand Awareness,1246,605,6,78,1.87,9.57,12208,1
11396,North America,Email,New Product Launch,2189,7698,45,27,1.48,6.28,11532,1
11397,Europe,Google Ads,Discount,4898,2783,1,99,2.4,8.62,11377,0
11398,South America,Influencer,Discount,2223,1541,26,7,3.46,8.77,2718,1
11399,Europe,Influencer,Brand Awareness,3674,3260,40,40,4.72,6.11,9948,1
11400,South America,TV Ads,Brand Awareness,1264,8346,36,93,4.93,11.81,10919,1
11401,South America,Influencer,New Product Launch,4459,7387,9,57,4.81,4.06,7137,0
11402,Middle East,Google Ads,Brand Awareness,1429,7998,36,99,3.09,3.91,19621,0
11403,Europe,Email,Discount,2558,8202,31,61,3.83,6.89,12387,1
11404,North America,Email,New Product Launch,3341,7007,13,52,4.73,3.72,13963,0
11405,Middle East,Google Ads,New Product Launch,1177,4903,11,85,1.78,2.6,2810,0
11406,Europe,Google Ads,New Product Launch,2816,2806,41,25,4.25,2.93,9127,1
11407,Middle East,Email,Brand Awareness,1179,2269,9,101,2.1,11.52,11423,1
11408,North America,Email,Discount,1115,5468,2,24,1.87,10.86,3880,1
11409,Asia,Email,Brand Awareness,3620,5390,39,32,1.32,7.26,3611,0
11410,South America,Social Media,New Product Launch,2322,303,5,15,3.53,7.87,10733,0
11411,Europe,Google Ads,Brand Awareness,4669,6092,39,15,1.82,3.58,18613,1
11412,Europe,Influencer,Discount,2897,5044,43,72,4.9,6.18,6159,1
11413,Asia,Email,Discount,2137,4287,25,48,0.84,7.82,3756,0
11414,Europe,TV Ads,Brand Awareness,4517,522,45,78,0.85,10.32,16881,0
11415,South America,Social Media,New Product Launch,1498,7836,10,81,1.55,7.35,14968,1
11416,North America,Email,Brand Awareness,2114,5163,21,92,2.91,7.29,19377,1
11417,North America,Influencer,Brand Awareness,3210,2644,32,115,2.84,3.9,2999,1
11418,Asia,TV Ads,New Product Launch,1167,1818,10,37,3.96,9.03,19239,1
11419,Middle East,Social Media,New Product Launch,874,1199,21,74,2.41,11.21,4322,1
11420,South America,TV Ads,Brand Awareness,4347,6397,38,72,3.09,1.72,1594,1
11421,Asia,Google Ads,Brand Awareness,4701,3724,18,26,2.53,10.95,4278,0
11422,Europe,Influencer,Brand Awareness,3943,1758,2,21,4.95,7.35,13027,1
11423,Asia,TV Ads,Discount,1438,7587,16,114,3.8,1.51,15882,0
11424,Europe,TV Ads,Brand Awareness,686,3982,34,10,1.22,11.41,19537,0
11425,Europe,TV Ads,Discount,4593,3997,6,94,1.46,3.57,6054,0
11426,South America,Email,New Product Launch,3918,6407,29,107,4.17,5.6,19808,0
11427,Europe,Influencer,Discount,4301,1850,18,72,3.1,1.97,14202,0
11428,South America,Email,Discount,1205,2782,11,29,1.61,10.21,5214,1
11429,Europe,Social Media,Brand Awareness,3837,8132,37,106,2.19,6.67,8276,1
11430,Asia,Email,Discount,249,4903,3,11,1.41,3.93,7033,1
11431,North America,Google Ads,New Product Launch,4295,8387,20,32,1.6,7.45,19009,1
11432,Asia,TV Ads,Discount,4262,5483,48,102,3.05,11.32,18489,0
11433,North America,Social Media,Brand Awareness,2144,1985,1,61,3.8,9.95,19716,1
11434,Middle East,Email,Discount,1661,6771,31,42,2.86,4.03,17858,1
11435,North America,Google Ads,Brand Awareness,4821,2515,39,85,1.63,11.7,3909,1
11436,Asia,Influencer,Brand Awareness,2824,6151,46,31,0.99,7.5,3714,1
11437,South America,Google Ads,Brand Awareness,2578,650,35,54,2.19,4.57,19446,1
11438,Middle East,Social Media,New Product Launch,229,2075,40,30,1.37,4.42,10190,1
11439,Middle East,Influencer,New Product Launch,1555,2104,28,102,3.06,4.6,15056,1
11440,Asia,Email,New Product Launch,2874,3450,22,55,1.16,8.52,14719,1
11441,South America,TV Ads,Discount,3403,7377,26,20,3.73,11.3,14328,1
11442,Middle East,Influencer,Discount,764,8884,39,81,0.94,7.55,2030,0
11443,Asia,Social Media,New Product Launch,4484,719,21,13,2.95,6.19,4133,1
11444,North America,Social Media,Brand Awareness,989,2393,44,32,2.76,10.97,11686,0
11445,North America,Google Ads,New Product Launch,999,8466,10,37,3.36,7.39,13424,0
11446,North America,Google Ads,Brand Awareness,198,4957,17,16,3.02,4.67,8582,0
11447,North America,Influencer,Discount,2556,8710,16,53,3.35,3.19,2848,1
11448,North America,Social Media,Discount,2704,7184,3,65,1.72,4.41,8945,0
11449,Asia,Influencer,Brand Awareness,4122,7609,24,117,4.34,11.76,19901,1
11450,North America,Social Media,Brand Awareness,654,334,9,43,4.92,10.11,17134,1
11451,Europe,Influencer,New Product Launch,3345,7662,5,12,2.96,6.81,12238,0
11452,North America,TV Ads,Discount,4911,7159,36,57,4.87,11.97,12992,1
11453,Europe,Email,Discount,1062,7754,48,21,4.69,9.3,12961,1
11454,Asia,Influencer,Brand Awareness,3211,6811,30,35,1.82,2.94,14583,1
11455,Europe,Social Media,New Product Launch,2983,4441,39,35,2.33,2.99,994,1
11456,Middle East,TV Ads,New Product Launch,1864,7668,12,79,4.06,6.91,6610,1
11457,North America,Social Media,Discount,876,2742,9,110,4.82,2.23,18099,1
11458,Europe,TV Ads,New Product Launch,4905,7030,18,11,4.93,8.82,3088,0
11459,Middle East,Influencer,Discount,3097,5687,45,105,3.67,2.16,12252,1
11460,Europe,Google Ads,Discount,4144,2353,7,51,3.37,5.46,15876,0
11461,South America,Social Media,Brand Awareness,555,237,24,8,4.18,8.87,15230,1
11462,Middle East,Google Ads,New Product Launch,1837,5939,21,93,1.25,6.18,2239,1
11463,North America,Email,Brand Awareness,3237,5382,35,42,3.52,4.32,9115,1
11464,Europe,Email,Discount,3616,3923,44,32,1.3,8.07,9323,0
11465,Asia,Google Ads,Brand Awareness,4583,3653,11,17,0.74,3.88,13273,0
11466,Asia,Social Media,Discount,3747,5556,8,91,0.94,3.42,7227,1
11467,North America,Google Ads,Brand Awareness,3618,5818,4,58,2.2,5.41,17864,1
11468,North America,Google Ads,Discount,174,6247,10,29,4.88,5.62,17056,1
11469,Europe,Email,New Product Launch,4363,6177,20,114,2.89,1.96,17110,0
11470,South America,Google Ads,Brand Awareness,2757,5065,14,85,1.13,3.24,19715,1
11471,Europe,Google Ads,New Product Launch,2337,314,8,117,3.84,8.5,7890,1
11472,Europe,Influencer,Discount,1950,290,23,8,2.96,2.63,14016,1
11473,Middle East,Email,New Product Launch,2552,5728,18,76,1.39,7.65,4485,0
11474,Europe,Influencer,Brand Awareness,219,8327,48,107,4.15,1.3,16800,0
11475,North America,TV Ads,Discount,2258,7222,40,45,3.88,8.83,3036,0
11476,Europe,Google Ads,New Product Launch,4011,3264,34,90,0.7,3.38,15565,0
11477,South America,Email,New Product Launch,1323,1859,1,57,2.16,5.06,4297,1
11478,North America,TV Ads,Discount,4762,4910,1,24,2.2,11.36,18010,1
11479,North America,Email,Discount,1953,6849,20,61,2.43,11.52,5116,1
11480,South America,Influencer,Brand Awareness,4477,793,27,45,1.49,7.72,14855,1
11481,Middle East,Google Ads,Discount,3919,1406,31,20,2.16,3.85,12516,1
11482,Asia,Google Ads,Brand Awareness,1543,8875,22,86,3.66,10.7,4441,1
11483,Europe,Google Ads,New Product Launch,624,2246,28,114,1.33,7.22,19197,1
11484,North America,Social Media,New Product Launch,2271,2468,19,42,3.0,6.34,19911,0
11485,South America,Google Ads,Discount,1535,8764,34,96,2.77,9.75,7890,1
11486,Middle East,Influencer,New Product Launch,573,5972,41,117,1.1,2.73,7937,0
11487,Middle East,Email,New Product Launch,943,8650,24,108,0.67,6.0,14555,1
11488,South America,Email,Brand Awareness,1058,4686,30,91,1.82,4.92,531,0
11489,South America,Email,Discount,2302,2382,12,39,0.69,4.99,11555,1
11490,Europe,Google Ads,Discount,3702,7933,35,39,1.32,3.08,6630,1
11491,Europe,Influencer,Brand Awareness,3294,2400,7,42,3.98,7.42,12920,1
11492,Europe,Email,New Product Launch,1843,7762,38,58,2.74,4.37,6803,0
11493,Asia,Social Media,Discount,1218,7203,42,99,0.51,11.17,1020,0
11494,Asia,TV Ads,New Product Launch,3106,3590,47,102,3.89,4.12,17109,1
11495,Europe,TV Ads,Brand Awareness,3926,1757,24,72,4.48,3.68,9211,1
11496,South America,Email,Brand Awareness,2401,2111,24,80,4.76,1.08,9734,1
11497,Europe,Email,New Product Launch,602,942,49,116,2.86,1.27,14430,1
11498,Europe,Influencer,Discount,440,1876,39,25,4.98,10.1,7343,1
11499,Asia,TV Ads,Brand Awareness,644,3748,48,63,3.1,10.13,9344,1
11500,Middle East,Influencer,Brand Awareness,4482,7352,18,70,0.91,4.61,15777,0
11501,North America,Social Media,Discount,3342,5263,14,29,3.05,2.32,14258,0
11502,North America,Google Ads,New Product Launch,2171,3859,5,82,4.81,9.35,11830,1
11503,Middle East,Influencer,Brand Awareness,2346,8718,12,96,2.47,8.43,16047,1
11504,Europe,Google Ads,Discount,1929,1712,11,23,4.47,10.3,18653,0
11505,Europe,Google Ads,Brand Awareness,2264,3873,38,70,1.54,5.69,15492,0
11506,Asia,TV Ads,Brand Awareness,3232,6825,46,63,1.29,2.32,3123,0
11507,Middle East,Influencer,Brand Awareness,1591,6709,7,21,2.71,4.41,13149,1
11508,Middle East,Email,Discount,4587,4528,19,112,3.46,8.56,2609,0
11509,Europe,Influencer,Discount,711,1867,44,104,4.7,9.83,7682,1
11510,South America,Google Ads,Discount,2159,8893,21,71,1.83,4.12,5148,1
11511,South America,TV Ads,Brand Awareness,4636,1049,20,6,0.71,4.37,11036,1
11512,Middle East,Social Media,New Product Launch,3545,5261,8,31,2.16,2.28,15962,1
11513,Europe,Influencer,Brand Awareness,1954,2625,16,36,0.92,7.76,18957,1
11514,South America,Social Media,Discount,1689,8168,49,85,1.7,6.61,12620,1
11515,Asia,TV Ads,New Product Launch,859,6881,34,36,1.59,2.06,10255,0
11516,Asia,Email,Discount,4145,6084,10,17,2.9,4.41,9629,1
11517,Asia,Google Ads,Discount,2347,8335,14,25,2.24,10.79,3022,1
11518,Asia,Email,New Product Launch,1703,8025,1,98,2.67,5.17,1577,1
11519,Asia,Influencer,Discount,2833,648,29,75,3.65,2.06,12363,1
11520,South America,Social Media,New Product Launch,1339,7913,39,43,2.09,9.07,7677,1
11521,Europe,TV Ads,Brand Awareness,3768,5244,39,85,3.6,10.6,16195,0
11522,Middle East,TV Ads,New Product Launch,4330,1903,40,57,2.22,3.65,2995,1
11523,Middle East,Social Media,Discount,3735,8166,40,83,3.86,3.75,8042,1
11524,South America,TV Ads,Brand Awareness,3872,6005,30,21,2.11,4.26,15393,1
11525,Asia,TV Ads,New Product Launch,3589,8672,1,58,1.35,6.34,14796,1
11526,Europe,Social Media,New Product Launch,4999,8253,38,115,1.62,11.29,7381,1
11527,Middle East,Google Ads,New Product Launch,3160,1617,25,67,3.94,11.23,12041,1
11528,Europe,TV Ads,New Product Launch,2110,4609,22,112,0.61,8.41,848,0
11529,North America,Social Media,Discount,4755,5167,7,8,2.61,10.58,15633,1
11530,North America,TV Ads,Discount,3407,5007,31,65,0.52,8.39,19478,1
11531,North America,TV Ads,New Product Launch,3096,3351,6,66,4.28,9.58,3309,1
11532,Middle East,Social Media,Discount,2331,8116,42,36,4.98,11.98,9400,0
11533,Middle East,Social Media,Brand Awareness,930,1457,44,14,0.93,4.22,3617,0
11534,Asia,Influencer,New Product Launch,2292,7572,18,57,3.88,9.74,11048,1
11535,Europe,Social Media,Discount,3181,8356,28,64,2.58,8.79,11151,1
11536,Middle East,TV Ads,Brand Awareness,1603,459,14,74,3.29,2.85,12166,1
11537,South America,Social Media,Brand Awareness,3794,6145,15,110,1.65,1.78,10482,1
11538,Middle East,TV Ads,Discount,2938,1008,23,33,4.66,10.4,18125,1
11539,Middle East,Google Ads,New Product Launch,4010,8690,37,32,4.81,3.87,15445,0
11540,Middle East,Social Media,New Product Launch,2718,6883,12,18,3.02,10.67,6035,1
11541,Middle East,TV Ads,Brand Awareness,4698,7951,32,58,1.23,6.28,1778,1
11542,Europe,Social Media,Discount,1606,1306,24,38,2.34,5.78,1379,1
11543,Middle East,Influencer,Brand Awareness,3471,1220,34,92,2.18,2.42,2236,1
11544,North America,Influencer,New Product Launch,270,3078,14,117,2.85,9.27,12341,0
11545,South America,TV Ads,New Product Launch,2966,5936,44,111,3.45,11.81,17926,1
11546,South America,Social Media,Discount,2735,5022,27,86,3.33,7.29,974,0
11547,Europe,TV Ads,Discount,124,8790,13,60,2.99,6.76,713,1
11548,North America,Social Media,New Product Launch,2510,4192,13,59,2.85,5.76,8912,1
11549,South America,TV Ads,Brand Awareness,2086,775,6,53,2.1,5.39,3433,0
11550,Asia,Social Media,Discount,672,8348,11,16,3.7,11.8,2171,1
11551,North America,TV Ads,New Product Launch,4697,5610,38,35,2.47,2.77,9022,1
11552,Asia,Social Media,Discount,628,244,43,51,4.66,1.01,13854,1
11553,North America,Social Media,New Product Launch,990,5271,42,105,2.81,3.08,5770,0
11554,Middle East,Google Ads,New Product Launch,4676,480,1,103,1.88,5.32,11367,0
11555,South America,TV Ads,Brand Awareness,1984,6146,45,44,1.2,3.37,11598,1
11556,Asia,Google Ads,Brand Awareness,4017,835,43,77,2.12,4.91,6954,1
11557,South America,Influencer,New Product Launch,2571,5808,28,34,1.76,3.88,8858,1
11558,North America,Google Ads,Discount,2085,5697,17,105,0.53,2.02,14197,1
11559,Middle East,Google Ads,Discount,4963,1620,31,54,4.9,7.28,7256,1
11560,Asia,Google Ads,New Product Launch,2916,5021,18,20,4.53,9.27,10018,1
11561,Middle East,TV Ads,Discount,2289,4866,35,43,3.96,1.44,13275,0
11562,Middle East,Social Media,Discount,4569,5033,15,38,3.58,7.66,8146,1
11563,South America,Influencer,Discount,1649,3678,24,8,4.63,2.26,4575,1
11564,Middle East,Google Ads,Discount,2851,7426,45,10,3.38,8.34,1726,1
11565,Europe,Social Media,Discount,1633,7513,19,59,1.47,3.01,17597,1
11566,South America,Social Media,Discount,4100,1528,49,64,0.81,9.68,4393,1
11567,North America,TV Ads,Discount,3307,4514,37,25,1.69,7.32,5530,1
11568,South America,Email,Brand Awareness,2271,5527,23,39,3.62,11.19,6353,1
11569,Europe,TV Ads,Brand Awareness,1627,6570,17,39,2.28,2.48,18637,1
11570,Asia,Email,New Product Launch,3100,7233,49,44,2.17,6.33,12530,1
11571,Europe,Email,New Product Launch,2068,8551,4,106,0.88,1.56,9241,1
11572,Europe,Social Media,New Product Launch,2802,2564,48,22,1.68,9.7,6795,1
11573,Middle East,Email,Brand Awareness,2261,8261,9,87,3.88,2.45,11703,1
11574,Europe,Email,New Product Launch,586,3210,14,37,0.61,11.56,19477,0
11575,Asia,Email,Discount,3935,6684,14,108,3.09,5.34,14868,1
11576,Asia,Influencer,Brand Awareness,4222,4670,42,102,1.68,3.68,5986,0
11577,Europe,TV Ads,Discount,1713,3019,45,12,4.13,9.24,1143,1
11578,Asia,TV Ads,Discount,3342,8089,17,90,1.88,10.72,5626,1
11579,Europe,TV Ads,Discount,3262,587,23,51,4.19,3.72,2755,1
11580,South America,Google Ads,New Product Launch,3338,8025,16,43,1.72,9.22,11397,0
11581,North America,Influencer,Brand Awareness,2728,8000,4,89,2.43,11.18,7212,0
11582,North America,TV Ads,New Product Launch,3392,1236,37,66,0.73,2.7,14515,1
11583,Europe,Influencer,Discount,2456,246,27,50,2.73,6.05,9534,1
11584,Europe,Influencer,New Product Launch,4402,894,31,119,2.61,11.36,2164,1
11585,South America,Google Ads,New Product Launch,3090,2823,21,58,2.87,11.37,11836,0
11586,Europe,Social Media,Discount,2659,5153,43,101,1.11,8.57,11208,1
11587,North America,Influencer,Discount,780,3737,31,107,1.58,8.85,8272,1
11588,North America,Influencer,Brand Awareness,3025,2870,28,6,1.82,9.67,14304,1
11589,Europe,Google Ads,Brand Awareness,1928,410,38,80,3.31,4.38,13436,0
11590,Middle East,Social Media,Discount,4919,8195,15,115,2.99,9.08,16821,1
11591,Europe,Google Ads,Brand Awareness,2838,283,2,28,2.75,2.64,17057,1
11592,Asia,Google Ads,Discount,810,4712,25,38,3.4,7.37,19382,1
11593,Middle East,TV Ads,New Product Launch,3283,8920,11,9,0.59,5.23,12997,0
11594,Asia,Email,Discount,2920,1933,26,48,0.82,2.97,7326,1
11595,South America,Influencer,Discount,1332,5536,33,110,4.41,8.2,830,0
11596,Asia,Influencer,Brand Awareness,280,430,8,72,4.94,9.96,8013,0
11597,North America,TV Ads,Brand Awareness,1069,8291,42,54,1.59,11.74,15123,1
11598,South America,TV Ads,Discount,2181,5068,19,74,1.68,6.09,12070,1
11599,South America,TV Ads,Discount,3357,4741,4,80,1.88,7.45,18515,1
11600,Middle East,Google Ads,Discount,4412,5758,34,72,4.12,7.06,2594,1
11601,South America,TV Ads,Discount,362,7687,43,65,2.35,8.93,13380,1
11602,Asia,Influencer,New Product Launch,466,3696,15,111,0.8,6.13,14346,1
11603,Europe,Influencer,New Product Launch,3130,6124,42,43,1.49,5.01,16821,1
11604,Europe,Social Media,New Product Launch,921,774,46,15,0.76,11.62,5245,1
11605,Middle East,Google Ads,New Product Launch,1710,5430,21,35,4.9,3.91,16068,0
11606,South America,Influencer,New Product Launch,4077,3480,4,88,2.12,4.65,2415,1
11607,Asia,Influencer,Discount,2894,8921,44,51,1.81,2.08,9204,1
11608,South America,TV Ads,New Product Launch,1206,1147,38,42,3.24,7.64,11538,0
11609,North America,Google Ads,Discount,2217,8785,30,8,0.68,5.04,9138,1
11610,South America,TV Ads,New Product Launch,3875,7119,5,98,2.54,10.57,15359,1
11611,Middle East,TV Ads,Discount,1733,5777,33,48,1.14,5.48,9570,0
11612,Asia,Influencer,Brand Awareness,4799,3239,3,53,1.13,4.44,18476,1
11613,North America,Influencer,Brand Awareness,3189,2119,24,118,1.07,5.91,10612,1
11614,Asia,Social Media,Discount,1124,8347,25,111,1.26,8.75,8322,1
11615,Europe,Email,Discount,2136,3333,9,109,2.2,5.85,3037,1
11616,Europe,Google Ads,Discount,2233,321,43,71,1.97,2.22,9757,1
11617,Europe,Google Ads,Discount,4346,5178,16,19,3.42,9.15,17511,1
11618,Middle East,Influencer,Discount,2997,4158,6,62,0.92,4.57,6464,1
11619,South America,Email,New Product Launch,4973,4891,33,95,0.79,11.49,7006,1
11620,Europe,Email,Discount,1094,2931,16,55,2.22,6.41,18919,1
11621,South America,Google Ads,Brand Awareness,3023,6249,44,18,4.84,7.95,3943,0
11622,Asia,TV Ads,New Product Launch,2189,3937,11,76,3.4,7.36,10735,0
11623,Middle East,Social Media,New Product Launch,2912,5110,34,15,3.01,11.36,2109,1
11624,Middle East,TV Ads,Brand Awareness,1664,6849,34,102,1.46,2.93,16439,1
11625,Asia,Social Media,New Product Launch,2986,2791,5,102,1.93,9.08,15037,1
11626,Middle East,Social Media,Brand Awareness,1843,5201,1,42,4.58,2.45,2973,1
11627,Europe,Social Media,Brand Awareness,240,2147,32,80,2.63,4.44,7941,1
11628,Middle East,Google Ads,New Product Launch,232,6104,32,98,4.47,4.8,738,0
11629,Europe,Google Ads,Discount,942,3841,40,64,3.4,2.39,11649,1
11630,Middle East,Social Media,Brand Awareness,3078,5269,42,28,3.14,2.96,10654,1
11631,North America,TV Ads,Discount,960,313,35,17,1.03,1.26,18962,0
11632,South America,Influencer,New Product Launch,1153,7171,9,69,0.82,8.93,16584,0
11633,North America,Email,Discount,1493,5253,36,6,1.6,9.06,4165,0
11634,Europe,Social Media,Brand Awareness,1887,3935,47,89,3.79,2.83,5971,1
11635,Middle East,Social Media,Discount,4700,3153,35,77,1.81,8.34,2312,1
11636,Europe,Social Media,New Product Launch,4759,1756,43,69,1.55,1.57,6592,0
11637,North America,TV Ads,Brand Awareness,2702,1979,21,117,2.81,11.83,7162,0
11638,Middle East,Social Media,Discount,3111,8814,10,76,3.49,1.38,14325,1
11639,Europe,Influencer,Brand Awareness,578,2803,27,6,4.82,5.98,1330,1
11640,South America,Google Ads,Discount,3633,4994,18,34,2.44,6.33,7006,0
11641,Europe,TV Ads,Discount,3046,6792,8,10,4.26,3.28,13742,0
11642,Europe,Email,Discount,4845,2127,17,84,2.49,8.3,13953,0
11643,Europe,Email,Brand Awareness,3327,602,32,118,1.11,11.83,10039,0
11644,South America,Social Media,New Product Launch,1784,1705,23,99,1.04,7.53,7246,0
11645,Europe,TV Ads,New Product Launch,610,4889,7,85,2.44,8.51,13311,1
11646,Europe,Social Media,Brand Awareness,939,474,5,75,4.89,7.39,9761,1
11647,North America,Influencer,Discount,464,5429,12,25,4.16,9.4,7726,0
11648,North America,TV Ads,Brand Awareness,3264,8937,23,97,3.44,8.05,4108,0
11649,Europe,Social Media,Brand Awareness,3171,817,15,71,3.61,6.62,12966,1
11650,Europe,Google Ads,Brand Awareness,2097,8183,33,96,4.14,11.71,3903,0
11651,Asia,Social Media,New Product Launch,2003,6666,35,42,1.02,9.61,9571,1
11652,Middle East,TV Ads,New Product Launch,3335,7780,19,93,4.88,10.61,14818,1
11653,Europe,Google Ads,New Product Launch,1903,6328,38,29,4.91,2.76,6295,0
11654,South America,Social Media,Brand Awareness,1051,7059,29,111,4.96,7.54,11317,0
11655,South America,Email,Discount,3759,5855,27,92,0.51,7.56,14482,1
11656,South America,TV Ads,New Product Launch,870,2872,2,44,3.4,8.53,8777,0
11657,Middle East,Influencer,Brand Awareness,1746,1698,16,27,2.6,8.53,15503,1
11658,Middle East,Influencer,Discount,3274,8843,34,37,2.43,4.26,12836,1
11659,Middle East,Email,Discount,4571,1040,42,105,3.17,6.53,6430,0
11660,South America,Social Media,Brand Awareness,2756,942,19,38,2.06,2.6,569,1
11661,Middle East,Google Ads,Discount,3368,4823,18,34,2.68,2.13,10149,0
11662,Middle East,Influencer,Brand Awareness,3366,6783,34,49,1.89,8.15,8603,1
11663,Asia,TV Ads,Brand Awareness,4486,1941,30,109,4.96,2.21,1046,1
11664,Asia,Google Ads,New Product Launch,3572,8934,12,89,1.35,9.99,13716,0
11665,Europe,Influencer,Discount,2631,8447,23,81,0.81,3.05,1741,0
11666,North America,Email,Discount,1835,6928,32,83,3.74,7.93,17297,1
11667,Middle East,Social Media,Brand Awareness,811,7021,32,69,1.89,11.69,3124,0
11668,Europe,Influencer,Discount,1457,4424,13,17,3.45,8.8,13933,1
11669,North America,TV Ads,Discount,3692,2641,48,107,4.93,6.46,3012,1
11670,South America,Email,Discount,4571,2428,28,10,4.04,2.5,1525,0
11671,North America,TV Ads,New Product Launch,1325,6639,38,22,2.63,11.03,15652,0
11672,Middle East,TV Ads,Brand Awareness,587,255,11,79,0.66,4.02,14154,1
11673,Europe,Email,New Product Launch,1045,6579,22,53,4.98,1.43,15226,0
11674,South America,Influencer,Brand Awareness,599,4710,25,43,0.96,4.42,11810,1
11675,Middle East,Influencer,Discount,1661,8166,46,68,1.05,5.42,11379,1
11676,South America,Social Media,New Product Launch,181,4236,10,27,4.9,7.47,13164,0
11677,South America,Social Media,New Product Launch,1957,693,9,50,4.91,10.42,14719,1
11678,Asia,Email,Brand Awareness,1997,1538,4,76,2.28,11.8,7198,0
11679,North America,TV Ads,New Product Launch,4913,8792,21,23,1.31,2.64,14793,1
11680,Asia,TV Ads,Brand Awareness,2514,2091,38,65,2.31,6.62,9519,1
11681,Middle East,Email,Discount,2077,4552,48,69,1.29,6.15,2490,0
11682,Middle East,Google Ads,New Product Launch,999,4777,19,60,1.22,9.4,15799,0
11683,Asia,Email,New Product Launch,852,1819,20,101,4.9,5.59,13838,1
11684,South America,Influencer,Discount,3256,4963,22,76,3.88,4.33,12778,1
11685,Europe,Email,Discount,1655,6585,7,31,4.06,6.44,5599,1
11686,Europe,Email,Brand Awareness,1166,7127,38,99,1.65,5.47,5857,0
11687,Europe,Social Media,Brand Awareness,3781,6976,29,52,4.71,3.59,15982,1
11688,Middle East,Google Ads,Discount,3577,700,31,24,1.61,8.37,10660,1
11689,North America,TV Ads,Discount,437,4363,40,12,2.19,5.15,3174,0
11690,South America,Email,Brand Awareness,2380,2520,17,74,3.77,6.2,11819,0
11691,Europe,Email,New Product Launch,3416,909,11,82,3.14,8.1,6954,1
11692,Europe,Google Ads,Brand Awareness,1985,3973,5,67,3.9,3.5,12960,1
11693,South America,Influencer,New Product Launch,2972,4631,13,54,2.91,10.5,6565,1
11694,Asia,Social Media,Discount,1289,5241,8,86,1.85,2.89,15280,1
11695,Asia,Social Media,Brand Awareness,3354,712,21,53,2.93,7.37,6892,1
11696,Asia,Influencer,Brand Awareness,1020,8950,4,111,0.98,11.1,17506,0
11697,South America,Social Media,Brand Awareness,960,8086,40,34,1.3,10.46,12898,1
11698,Middle East,Google Ads,Discount,608,1216,40,39,4.86,6.59,3634,1
11699,Europe,Email,Discount,2714,7810,23,26,0.64,10.99,1635,0
11700,Asia,TV Ads,Discount,1841,583,6,24,4.07,4.62,17137,0
11701,Asia,TV Ads,Brand Awareness,2742,7791,16,73,4.19,7.09,9918,1
11702,South America,Email,Brand Awareness,2512,4898,44,109,2.82,4.94,14038,0
11703,Middle East,Social Media,New Product Launch,876,8710,45,28,3.66,4.42,5081,1
11704,Europe,Email,Brand Awareness,260,5911,30,86,4.08,4.12,1642,1
11705,Middle East,Google Ads,New Product Launch,2039,4705,24,81,2.26,1.04,7630,0
11706,Europe,Social Media,Discount,1801,6797,49,38,1.72,7.39,11268,1
11707,North America,Email,New Product Launch,4906,5204,42,63,2.45,3.9,14499,1
11708,Middle East,Email,Brand Awareness,3784,4784,14,61,3.97,9.88,12531,1
11709,South America,Google Ads,Discount,3964,6238,36,50,1.47,5.29,3700,1
11710,North America,Influencer,Brand Awareness,3828,3915,12,7,2.47,4.05,8996,1
11711,North America,TV Ads,New Product Launch,211,1934,16,36,3.84,9.2,7147,0
11712,Europe,Google Ads,Discount,882,3965,35,24,3.64,1.34,18112,0
11713,Asia,Influencer,Discount,4064,2177,23,118,2.66,11.46,18059,1
11714,South America,TV Ads,Discount,914,878,17,66,4.91,1.63,17470,1
11715,North America,Social Media,Brand Awareness,4470,1983,44,57,3.35,11.8,14973,0
11716,Europe,Influencer,Brand Awareness,1750,7263,46,89,3.85,10.2,19947,0
11717,North America,Social Media,New Product Launch,226,8204,13,31,0.71,6.23,11538,1
11718,Europe,Social Media,Brand Awareness,4458,7689,48,75,3.86,9.39,7669,0
11719,North America,Email,Discount,1563,648,6,59,1.29,5.89,18762,0
11720,North America,Email,Discount,2573,385,28,103,1.98,11.9,9042,0
11721,Middle East,Google Ads,New Product Launch,2775,6978,42,29,4.31,8.96,11800,1
11722,Europe,TV Ads,Brand Awareness,2145,5262,9,14,2.12,9.73,12030,1
11723,Asia,Email,New Product Launch,565,1275,20,105,4.59,7.08,6130,1
11724,Asia,Email,New Product Launch,2269,8383,16,31,4.95,2.55,2001,0
11725,North America,Google Ads,Discount,4723,7366,33,53,1.21,8.1,4291,0
11726,South America,Email,Discount,2695,7328,38,92,0.98,4.59,18690,1
11727,North America,Email,Discount,4881,4683,29,79,4.94,6.43,2144,1
11728,Middle East,TV Ads,New Product Launch,3041,6309,48,41,4.73,2.81,13029,1
11729,Middle East,Social Media,Discount,4444,5987,34,53,1.81,1.53,17592,1
11730,North America,TV Ads,Brand Awareness,3334,8370,22,27,3.09,6.33,6708,1
11731,Europe,TV Ads,Discount,4764,3305,11,115,4.6,9.27,17327,1
11732,North America,Google Ads,Brand Awareness,1097,8513,34,69,4.52,2.71,2893,1
11733,Asia,Google Ads,New Product Launch,442,5846,2,88,2.4,11.27,1734,1
11734,North America,Influencer,New Product Launch,2657,8120,38,32,2.41,11.56,8117,1
11735,Asia,Email,New Product Launch,351,404,35,70,1.45,10.61,9460,0
11736,Europe,Social Media,Discount,633,2672,13,95,3.01,9.92,11163,1
11737,Asia,Email,New Product Launch,2814,3750,45,92,3.56,2.17,3963,0
11738,North America,Email,Discount,3353,1611,14,7,1.41,11.59,2416,0
11739,North America,Google Ads,Brand Awareness,3348,5023,28,38,3.66,7.59,1487,1
11740,Middle East,Google Ads,Discount,767,8002,12,88,3.6,11.21,10163,1
11741,North America,Email,Brand Awareness,4253,5826,34,54,1.49,6.71,8025,1
11742,North America,Influencer,Discount,902,6678,26,42,2.73,8.41,17406,1
11743,Europe,Google Ads,Discount,500,554,45,116,3.74,4.41,16873,1
11744,Europe,Google Ads,Discount,4298,5055,2,100,3.34,8.31,12080,0
11745,Middle East,Google Ads,New Product Launch,2401,5655,35,102,0.7,10.28,4240,0
11746,Europe,Influencer,Brand Awareness,4475,6311,21,41,1.51,9.2,12908,0
11747,North America,TV Ads,Brand Awareness,2202,3400,17,114,1.85,6.04,3401,1
11748,Europe,Social Media,Brand Awareness,1247,1417,48,24,2.53,10.09,1211,1
11749,South America,TV Ads,New Product Launch,760,8867,29,112,4.88,9.37,7967,1
11750,South America,Influencer,Brand Awareness,3465,7334,12,11,2.97,3.95,1963,1
11751,South America,Influencer,Discount,1211,5829,30,48,1.42,2.45,1027,1
11752,Europe,Influencer,New Product Launch,1897,4172,24,100,2.42,1.62,3630,1
11753,North America,Social Media,Brand Awareness,4001,2146,29,75,3.7,10.23,13769,1
11754,Europe,Influencer,New Product Launch,4939,8452,46,115,3.4,11.99,1227,0
11755,North America,Social Media,New Product Launch,4105,1154,12,45,3.43,9.52,18678,1
11756,North America,Influencer,Discount,4394,8829,37,48,2.72,4.15,19805,0
11757,Middle East,TV Ads,Discount,3915,5044,44,95,4.0,11.39,14741,1
11758,Middle East,Social Media,Brand Awareness,3663,6126,20,113,1.92,1.04,7604,0
11759,South America,TV Ads,New Product Launch,919,7737,25,107,3.19,9.93,13408,1
11760,South America,Influencer,Discount,3895,8290,29,9,2.53,10.34,7726,1
11761,North America,Social Media,New Product Launch,1291,5249,22,100,2.8,5.79,9202,1
11762,Europe,Email,Brand Awareness,273,8892,23,7,4.74,9.78,15646,0
11763,Asia,Google Ads,Brand Awareness,3291,4136,28,106,0.69,10.6,8550,1
11764,South America,TV Ads,Discount,4413,962,44,19,3.14,10.8,7854,1
11765,North America,Influencer,New Product Launch,1100,614,41,117,2.42,10.75,691,1
11766,Asia,Google Ads,Brand Awareness,2291,3405,11,45,4.18,3.14,7798,1
11767,Europe,Email,Brand Awareness,2635,7313,33,74,3.95,3.39,2514,1
11768,Asia,Email,New Product Launch,940,7858,29,90,1.27,3.72,13812,1
11769,Asia,TV Ads,Brand Awareness,4791,7019,17,75,1.77,9.88,3559,1
11770,South America,Email,Brand Awareness,3306,3423,28,96,3.17,7.19,7277,1
11771,North America,TV Ads,Discount,3273,7796,5,109,4.11,8.65,12211,1
11772,North America,Influencer,Discount,3568,4987,36,108,1.08,3.63,12662,0
11773,North America,Influencer,Brand Awareness,125,405,28,100,4.44,2.04,7999,1
11774,Europe,Social Media,Brand Awareness,761,4303,10,26,0.81,8.38,9869,0
11775,South America,TV Ads,Brand Awareness,4451,5443,9,42,2.58,11.23,17735,1
11776,South America,TV Ads,New Product Launch,3467,2556,13,35,0.83,10.68,3197,0
11777,Asia,Google Ads,Brand Awareness,1147,6463,1,35,4.66,7.03,13829,1
11778,South America,Email,New Product Launch,278,2304,7,77,4.09,6.27,12415,1
11779,North America,Google Ads,Brand Awareness,303,6916,15,99,4.31,2.86,17836,0
11780,Asia,Email,New Product Launch,3320,6220,22,67,5.0,2.88,4172,1
11781,North America,Influencer,Discount,698,2277,3,39,1.77,7.78,17349,1
11782,North America,Social Media,Discount,1875,4357,3,70,4.51,1.7,2469,0
11783,North America,TV Ads,Discount,3369,4537,35,97,1.5,5.93,8159,0
11784,Middle East,Email,Discount,4407,1273,26,88,1.23,3.19,4312,1
11785,North America,TV Ads,Brand Awareness,3295,8958,47,14,1.71,2.95,2037,1
11786,Asia,Influencer,New Product Launch,2614,2466,35,14,3.16,5.57,1950,1
11787,Europe,Email,Discount,3123,1707,41,9,2.99,7.33,13854,1
11788,Europe,Influencer,New Product Launch,999,4744,24,50,1.53,7.0,4760,1
11789,Middle East,TV Ads,Brand Awareness,2911,735,27,52,0.53,2.36,12952,1
11790,Europe,TV Ads,Discount,1349,3758,5,30,1.15,3.97,18024,1
11791,Asia,Social Media,Discount,3880,7926,8,87,3.08,11.38,12926,0
11792,Europe,Social Media,Brand Awareness,4371,6465,26,109,2.92,8.94,11289,1
11793,Europe,Social Media,New Product Launch,1190,5360,44,89,1.35,11.61,2574,1
11794,Asia,Email,Discount,2802,4434,32,42,1.9,3.9,19390,1
11795,Asia,Influencer,Discount,927,802,19,39,0.67,6.43,11724,1
11796,South America,Google Ads,Brand Awareness,2234,311,43,87,4.49,3.63,8239,1
11797,Asia,Google Ads,Discount,3120,1002,4,27,3.86,7.6,7784,1
11798,South America,Social Media,Brand Awareness,3386,5311,41,19,0.87,8.33,1230,1
11799,Europe,Influencer,Brand Awareness,3464,874,37,68,2.6,5.02,6947,1
11800,North America,Social Media,Brand Awareness,2820,6859,28,65,1.57,1.53,15229,1
11801,Middle East,Google Ads,New Product Launch,2002,1388,13,34,4.62,6.58,16719,1
11802,North America,Influencer,Discount,1521,463,15,45,2.14,8.56,11996,0
11803,Europe,Email,Brand Awareness,3941,7410,13,82,4.81,10.68,6196,0
11804,Europe,Email,Discount,1247,4052,25,73,3.48,2.82,11697,0
11805,North America,Social Media,Discount,4203,6707,9,55,2.09,9.69,8191,1
11806,North America,Social Media,New Product Launch,2178,4792,48,107,2.94,10.76,19927,1
11807,Middle East,Social Media,New Product Launch,1018,5935,48,6,3.94,10.06,9786,0
11808,Middle East,TV Ads,New Product Launch,220,6705,42,86,4.0,3.16,6691,1
11809,Europe,Google Ads,Discount,3263,7271,12,109,0.83,9.38,7831,1
11810,South America,TV Ads,Discount,3906,8064,48,91,3.96,5.37,16552,1
11811,South America,Social Media,New Product Launch,3356,565,33,62,3.93,7.73,4987,0
11812,Middle East,Influencer,Brand Awareness,3902,4665,48,54,4.99,7.5,16642,1
11813,Asia,TV Ads,New Product Launch,2116,2318,39,68,3.54,2.99,5481,1
11814,Europe,Influencer,New Product Launch,1580,4412,3,22,0.57,8.68,15623,1
11815,Asia,Social Media,Brand Awareness,4666,6567,6,71,5.0,8.03,2293,1
11816,North America,Google Ads,Discount,2208,7722,30,97,3.21,1.89,4794,1
11817,Europe,Google Ads,Discount,3112,1668,41,25,1.29,3.51,7960,1
11818,Middle East,TV Ads,Discount,4881,2356,45,19,4.47,7.56,14734,1
11819,Europe,Email,Brand Awareness,4745,7668,23,75,3.91,3.27,2517,1
11820,Asia,Email,Discount,2274,8350,1,34,4.55,5.16,19148,1
11821,South America,Social Media,Discount,882,8730,5,83,1.61,5.1,4036,1
11822,Middle East,Google Ads,New Product Launch,1653,5196,31,12,2.69,6.28,5950,1
11823,Europe,Email,Discount,3436,2136,34,56,3.82,5.62,12263,1
11824,Europe,Email,New Product Launch,3726,5808,43,17,1.73,9.26,15364,0
11825,South America,Influencer,Brand Awareness,2934,2199,17,80,0.73,11.37,19959,0
11826,Asia,Social Media,Discount,2685,2391,27,66,3.09,8.01,13937,0
11827,Middle East,Social Media,New Product Launch,4766,7237,7,88,3.94,1.01,7124,1
11828,Middle East,TV Ads,New Product Launch,266,8151,27,106,2.45,9.01,8845,0
11829,North America,TV Ads,Discount,2674,1801,6,6,2.25,6.99,17592,0
11830,Europe,Social Media,Discount,2911,2180,16,7,1.3,9.46,3333,0
11831,Asia,TV Ads,New Product Launch,846,1115,47,19,2.5,2.53,1643,1
11832,South America,TV Ads,Brand Awareness,730,3313,36,65,1.88,8.82,6102,1
11833,Europe,Email,Brand Awareness,1273,818,49,99,1.85,6.79,13260,0
11834,North America,TV Ads,Discount,4749,7645,28,83,2.11,4.12,11510,1
11835,Europe,TV Ads,Discount,1786,8373,3,87,3.64,2.89,4260,1
11836,Asia,Social Media,Discount,1878,5962,43,43,1.93,6.68,15209,1
11837,North America,Email,Brand Awareness,1489,5477,38,27,3.18,4.24,6960,1
11838,North America,Email,New Product Launch,689,7117,12,8,0.54,3.74,1210,0
11839,South America,Social Media,Discount,4577,886,13,5,1.01,7.85,4532,1
11840,Middle East,Social Media,New Product Launch,2840,2462,27,35,2.0,3.23,16129,1
11841,Europe,Social Media,New Product Launch,1918,1245,44,21,1.8,5.31,5886,0
11842,Asia,Social Media,Discount,2080,3640,24,45,4.94,5.17,14474,1
11843,Middle East,Influencer,Discount,1677,4536,20,41,3.39,2.51,13308,1
11844,South America,Google Ads,New Product Launch,2617,3595,33,110,3.57,4.23,7051,1
11845,Europe,Google Ads,New Product Launch,3617,8886,44,77,1.49,8.81,9113,1
11846,North America,Email,Discount,4712,371,30,98,4.08,2.84,16902,0
11847,Asia,Email,New Product Launch,3493,8155,47,116,1.94,9.92,7346,0
11848,South America,Email,New Product Launch,4025,2133,33,62,2.07,8.71,1864,1
11849,South America,Google Ads,Brand Awareness,3965,4394,5,44,4.81,2.77,5237,0
11850,South America,TV Ads,Discount,2783,8859,35,35,2.87,1.06,12435,1
11851,Asia,Email,Discount,1325,3255,9,54,2.3,2.94,8747,0
11852,Middle East,TV Ads,Discount,799,6365,27,70,3.69,2.89,4213,1
11853,South America,TV Ads,Brand Awareness,2303,1316,26,21,1.27,11.57,9307,0
11854,Middle East,Influencer,Brand Awareness,2079,8310,19,107,4.13,5.92,6365,1
11855,Middle East,Influencer,New Product Launch,1831,2202,38,99,3.06,11.96,15771,0
11856,South America,Influencer,Discount,3330,5181,30,95,3.71,5.99,6034,1
11857,Europe,Social Media,Discount,3746,364,19,116,2.39,2.78,1258,0
11858,Asia,Social Media,Brand Awareness,1911,8318,14,65,1.5,10.85,1477,0
11859,Asia,Email,Discount,4882,5020,44,47,2.83,8.53,9882,1
11860,Middle East,TV Ads,New Product Launch,515,8670,18,119,4.36,4.09,13583,0
11861,Asia,Google Ads,Discount,4623,6371,3,43,0.55,8.51,10907,1
11862,Middle East,Social Media,New Product Launch,4336,8450,44,44,2.89,3.43,16920,1
11863,Asia,Email,New Product Launch,3955,6415,6,99,3.53,3.59,2491,1
11864,Europe,Social Media,Discount,2119,6750,49,9,3.11,1.56,17555,0
11865,Asia,Social Media,New Product Launch,2398,6084,37,57,1.51,3.61,14499,1
11866,Middle East,Influencer,New Product Launch,2943,7630,7,60,3.47,2.3,4845,0
11867,Asia,Google Ads,Discount,660,342,8,91,4.87,7.53,12356,0
11868,Middle East,Influencer,Discount,3061,6179,26,111,2.32,3.86,14232,1
11869,North America,Influencer,New Product Launch,3591,1675,10,59,4.82,1.44,8466,1
11870,Europe,Influencer,New Product Launch,276,3127,4,43,4.92,5.54,11954,1
11871,North America,Social Media,Discount,4317,8051,8,96,4.82,6.0,9827,1
11872,South America,Influencer,New Product Launch,4666,8398,7,88,4.47,1.11,10952,0
11873,Middle East,Social Media,Discount,682,6019,5,87,2.47,2.15,19674,1
11874,North America,Email,New Product Launch,520,4030,4,54,2.58,9.75,11663,1
11875,Asia,TV Ads,Brand Awareness,3918,2945,3,7,0.75,1.02,11839,1
11876,South America,Influencer,Brand Awareness,4290,4314,41,82,4.73,1.8,8991,1
11877,South America,Email,Brand Awareness,1720,6165,11,98,4.12,2.86,8753,1
11878,South America,Influencer,Brand Awareness,2076,6806,24,94,4.61,4.03,9941,1
11879,South America,Google Ads,Brand Awareness,1640,8594,44,78,2.9,9.46,9060,0
11880,South America,Influencer,New Product Launch,4804,3196,9,55,0.59,3.06,16371,0
11881,Europe,Google Ads,New Product Launch,4131,2015,15,32,3.98,11.42,686,1
11882,North America,Social Media,Brand Awareness,1517,5499,12,69,2.59,6.86,6981,1
11883,North America,Email,New Product Launch,2470,7576,13,116,3.24,7.04,6038,0
11884,Middle East,Influencer,Brand Awareness,2325,355,12,81,4.27,3.5,9033,1
11885,Europe,Social Media,Brand Awareness,3906,2862,21,56,3.58,3.71,1316,1
11886,Europe,Social Media,New Product Launch,1492,7724,8,15,2.33,3.89,4041,1
11887,Middle East,TV Ads,Brand Awareness,292,6592,25,11,4.26,10.06,17311,0
11888,South America,Influencer,Brand Awareness,556,2972,16,90,3.5,2.22,13611,1
11889,Middle East,Email,Brand Awareness,2197,1153,10,66,3.83,1.65,1758,1
11890,North America,Google Ads,Discount,3784,1439,16,23,3.3,3.08,19139,1
11891,South America,Google Ads,Discount,3213,6982,10,51,3.59,2.83,14621,0
11892,North America,TV Ads,Discount,4954,1536,33,33,3.47,9.28,4674,1
11893,South America,Influencer,Discount,3660,8506,2,78,2.47,7.31,14671,1
11894,Asia,Social Media,New Product Launch,4973,3140,23,22,0.61,11.67,17677,1
11895,South America,Email,Discount,3464,545,32,16,4.93,2.23,8189,0
11896,North America,Influencer,New Product Launch,3711,2397,13,74,4.3,3.8,18617,0
11897,Asia,Social Media,New Product Launch,3903,8723,9,89,0.8,3.51,11890,1
11898,Asia,Influencer,Discount,4261,5649,3,87,4.17,7.28,11184,0
11899,North America,Social Media,Discount,3255,8253,10,24,2.13,5.62,8797,1
11900,Europe,TV Ads,Discount,326,5465,3,31,1.49,8.2,7357,1
11901,Asia,TV Ads,New Product Launch,3505,5614,49,100,1.62,1.84,6623,1
11902,South America,TV Ads,New Product Launch,1584,2197,47,96,1.5,8.18,14008,0
11903,North America,Google Ads,Brand Awareness,447,3309,29,63,3.05,11.13,5094,1
11904,Europe,Email,New Product Launch,748,6493,13,63,1.61,8.96,819,0
11905,Asia,TV Ads,Brand Awareness,4351,4915,13,32,0.95,2.17,12172,0
11906,North America,Social Media,Brand Awareness,543,3685,2,113,0.98,8.32,10021,0
11907,Middle East,Email,Brand Awareness,1392,4159,31,91,4.25,6.66,1180,1
11908,South America,Google Ads,Discount,4264,5388,32,101,2.4,3.37,1915,1
11909,Asia,Google Ads,Brand Awareness,3822,6469,18,70,3.68,5.78,15327,1
11910,North America,Influencer,New Product Launch,3080,2760,18,63,1.47,7.1,8084,0
11911,North America,Google Ads,Brand Awareness,1353,673,26,50,2.77,5.14,3832,0
11912,North America,Google Ads,New Product Launch,4702,2752,30,13,4.74,8.17,12671,0
11913,Asia,Influencer,Discount,2564,4396,33,40,0.75,4.04,1767,1
11914,Europe,Influencer,Discount,2300,5982,31,58,4.25,9.43,2625,1
11915,Asia,Google Ads,Brand Awareness,4033,6162,43,17,3.75,4.93,3177,1
11916,Middle East,Social Media,Discount,3874,2324,22,50,4.73,8.61,5478,1
11917,South America,TV Ads,New Product Launch,3151,7629,11,115,0.77,4.43,5018,1
11918,North America,Email,Brand Awareness,2959,5906,27,71,1.27,11.07,1163,0
11919,Middle East,Google Ads,Brand Awareness,866,5434,7,64,4.84,11.68,16064,1
11920,North America,Influencer,Discount,2444,3200,28,36,4.03,9.95,1967,1
11921,Europe,Social Media,Discount,296,3132,42,118,4.43,10.13,14207,1
11922,South America,Google Ads,Discount,4618,2207,10,98,3.92,9.91,11900,0
11923,North America,Influencer,Discount,233,1440,45,31,2.8,2.7,4485,1
11924,South America,Email,New Product Launch,1687,7724,39,22,3.53,5.19,8768,0
11925,North America,Social Media,New Product Launch,293,8338,33,56,2.51,3.92,9054,0
11926,Asia,TV Ads,Discount,2829,8805,31,6,0.71,10.4,17346,1
11927,South America,Email,New Product Launch,897,8520,37,28,3.04,7.46,5706,1
11928,Asia,Google Ads,Brand Awareness,952,8055,32,108,2.11,5.59,13194,1
11929,Middle East,Email,New Product Launch,326,4654,27,91,3.34,3.2,6004,1
11930,North America,Influencer,Discount,1383,4012,48,59,4.5,7.27,19269,0
11931,Asia,TV Ads,Discount,4741,3455,38,115,2.21,2.81,3314,0
11932,South America,TV Ads,Brand Awareness,1678,5371,10,101,0.93,1.61,19332,1
11933,North America,TV Ads,Discount,267,2190,32,65,2.84,11.97,5166,0
11934,Asia,TV Ads,New Product Launch,1614,3854,35,76,2.39,9.39,4985,0
11935,South America,Email,Brand Awareness,2941,3117,26,59,2.31,8.87,11998,1
11936,Middle East,Social Media,Brand Awareness,1369,7009,22,85,3.24,6.47,2992,1
11937,South America,Social Media,Brand Awareness,1861,8646,12,25,4.12,4.55,8936,0
11938,Middle East,Influencer,Brand Awareness,447,5911,41,31,3.56,11.8,15545,1
11939,Middle East,Influencer,New Product Launch,3051,6223,29,38,1.47,4.44,10545,1
11940,Europe,TV Ads,Brand Awareness,1345,5419,49,76,1.84,8.6,568,1
11941,North America,Influencer,New Product Launch,938,7162,7,29,4.27,9.59,15304,1
11942,Asia,Influencer,New Product Launch,1635,8086,29,6,1.32,10.69,16644,1
11943,Asia,Google Ads,Discount,4276,8492,30,64,0.64,10.2,15612,1
11944,South America,TV Ads,Brand Awareness,2775,8901,38,55,1.79,6.47,15645,0
11945,Europe,Social Media,New Product Launch,4558,3841,20,21,1.47,7.5,5717,0
11946,Asia,Social Media,Discount,951,7695,34,35,2.99,9.3,6894,0
11947,South America,Social Media,Brand Awareness,199,3114,30,61,2.1,11.22,970,1
11948,Asia,Email,Discount,1566,7358,35,98,3.09,8.72,13232,1
11949,Middle East,Email,Discount,2771,1552,3,57,3.03,1.09,18978,0
11950,Asia,Influencer,Discount,1748,3636,41,53,0.82,7.6,2445,1
11951,Europe,Email,Discount,3562,420,46,21,2.54,6.68,7157,1
11952,Middle East,Social Media,Discount,1724,2036,25,51,0.67,4.21,18438,0
11953,North America,Influencer,New Product Launch,1298,6114,15,79,1.84,2.94,677,0
11954,Middle East,Email,Brand Awareness,3474,3212,6,64,2.89,7.85,8874,1
11955,North America,Social Media,New Product Launch,1588,7532,33,112,1.22,6.53,2798,1
11956,Europe,Influencer,New Product Launch,2126,3285,27,80,2.06,6.67,17451,1
11957,North America,Social Media,Discount,563,210,23,33,2.51,1.11,8122,1
11958,Asia,Social Media,New Product Launch,4934,5609,48,10,3.77,8.48,2017,1
11959,Asia,TV Ads,Discount,4502,8555,19,98,4.74,7.3,7478,1
11960,North America,TV Ads,New Product Launch,1197,1411,29,54,3.51,9.89,12085,1
11961,North America,Influencer,New Product Launch,2923,4652,47,19,0.67,9.03,9914,1
11962,North America,TV Ads,Brand Awareness,4641,3754,26,23,0.98,1.35,18007,1
11963,Europe,Social Media,Discount,1060,8515,38,87,1.44,11.01,8185,1
11964,Asia,Social Media,Brand Awareness,1566,4544,27,52,1.55,4.34,10060,0
11965,Europe,Influencer,Discount,3737,7293,6,59,0.87,9.43,16792,1
11966,Europe,Google Ads,Discount,2703,2757,40,71,0.82,2.83,11957,1
11967,North America,Social Media,New Product Launch,1450,4393,19,38,2.29,3.19,4876,1
11968,Asia,Influencer,Brand Awareness,2749,5345,11,100,1.09,2.47,10985,0
11969,Europe,Google Ads,Discount,1654,7232,19,68,0.6,8.49,17257,1
11970,North America,Google Ads,Brand Awareness,3067,2941,30,58,1.7,11.41,2272,1
11971,Asia,Influencer,Brand Awareness,1490,4058,2,81,3.27,1.81,17906,1
11972,Asia,Email,New Product Launch,2936,2723,47,16,1.86,2.78,1026,1
11973,Europe,Social Media,New Product Launch,3334,4421,27,115,3.74,8.6,7291,0
11974,Middle East,Google Ads,Discount,502,2109,21,53,4.53,1.21,11389,1
11975,Middle East,Influencer,Brand Awareness,448,2344,8,20,4.12,6.75,15796,1
11976,Asia,TV Ads,Discount,4813,1673,41,114,3.06,5.27,9294,1
11977,Europe,Google Ads,New Product Launch,3314,5965,37,16,2.32,6.16,12069,1
11978,Asia,Google Ads,Discount,2535,8249,5,8,2.08,4.27,596,1
11979,Europe,Influencer,Discount,2150,2096,11,78,4.03,6.51,4789,1
11980,Asia,Influencer,Discount,4781,5314,11,14,3.39,1.1,10588,0
11981,North America,Influencer,Discount,1132,4923,13,92,4.53,7.29,10631,1
11982,North America,Email,Brand Awareness,1969,7132,2,20,0.65,8.4,699,0
11983,South America,Social Media,Brand Awareness,3888,1535,39,97,4.78,11.52,9309,0
11984,South America,Google Ads,Discount,1968,2082,13,98,2.34,11.93,18856,0
11985,North America,Influencer,Brand Awareness,725,7934,26,39,2.84,10.77,7662,1
11986,Europe,TV Ads,Brand Awareness,3436,3413,18,63,4.97,1.97,17164,0
11987,Europe,Influencer,New Product Launch,3101,7575,23,58,2.33,7.19,15759,1
11988,North America,Google Ads,Brand Awareness,2431,4675,8,21,1.23,5.92,10045,1
11989,South America,Google Ads,Brand Awareness,1402,5736,22,7,1.47,7.1,18065,1
11990,Middle East,Email,Discount,4994,6700,21,82,0.58,6.81,5517,1
11991,Asia,Google Ads,New Product Launch,1961,5428,23,92,1.92,8.13,791,0
11992,South America,Google Ads,Brand Awareness,1013,1472,39,40,3.85,4.13,5854,0
11993,Asia,Google Ads,Brand Awareness,512,4154,41,32,4.72,1.91,5211,0
11994,South America,Email,Brand Awareness,4040,734,9,22,2.27,3.47,4974,1
11995,Asia,Social Media,New Product Launch,4082,3382,45,63,4.88,6.55,2410,1
11996,South America,Influencer,Brand Awareness,1927,2823,19,83,1.89,7.98,14025,1
11997,Middle East,Social Media,Brand Awareness,4271,5120,27,14,2.25,3.6,13471,1
11998,North America,Social Media,Brand Awareness,3899,2662,29,41,4.53,7.66,19436,1
11999,Asia,Google Ads,Discount,4058,357,17,32,4.83,10.43,3645,1
12000,Europe,Influencer,Discount,4719,1172,15,115,1.76,6.11,8672,1
