Order_ID,Order_Date,Customer_ID,Customer_Region,Product_Category,Product_Name,Unit_Price,Quantity,Payment_Mode,Order_Status,Total_Amount
100001,2023-01-01 00:00:00,8270,Central,Beauty,Item_B,5376,3,UPI,In Transit,16128
100002,2023-01-01 01:00:00,1860,West,Electronics,Item_E,36361,9,Credit Card,In Transit,327249
100003,2023-01-01 02:00:00,6390,Central,Clothing,Item_B,42725,3,Credit Card,Delivered,128175
100004,2023-01-01 03:00:00,6191,West,Books,Item_B,15364,1,Debit Card,Cancelled,15364
100005,2023-01-01 04:00:00,6734,Central,Beauty,Item_B,12422,2,Cash,Delivered,24844
100006,2023-01-01 05:00:00,7265,South,Books,Item_B,25579,4,Debit Card,Delivered,102316
100007,2023-01-01 06:00:00,1466,West,Beauty,Item_A,25853,2,Cash,Delivered,51706
100008,2023-01-01 07:00:00,5426,North,Books,Item_D,18216,4,UPI,Returned,72864
100009,2023-01-01 08:00:00,6578,West,Clothing,Item_A,18568,4,UPI,Cancelled,74272
100010,2023-01-01 09:00:00,9322,South,Books,Item_C,23705,4,Debit Card,Cancelled,94820
100011,2023-01-01 10:00:00,2685,West,Electronics,Item_C,32971,1,Net Banking,In Transit,32971
100012,2023-01-01 11:00:00,1769,Central,Books,Item_D,40445,9,Credit Card,In Transit,364005
100013,2023-01-01 12:00:00,7949,Central,Beauty,Item_D,38966,7,Debit Card,Returned,272762
100014,2023-01-01 13:00:00,3433,South,Home & Kitchen,Item_D,33570,2,Debit Card,Delivered,67140
100015,2023-01-01 14:00:00,6311,East,Books,Item_B,7456,3,UPI,In Transit,22368
100016,2023-01-01 15:00:00,6051,Central,Books,Item_A,43527,8,Credit Card,Cancelled,348216
100017,2023-01-01 16:00:00,7420,North,Books,Item_C,46654,7,Debit Card,In Transit,326578
100018,2023-01-01 17:00:00,2184,South,Beauty,Item_A,28451,4,UPI,Delivered,113804
100019,2023-01-01 18:00:00,5555,West,Books,Item_A,46941,4,UPI,Returned,187764
100020,2023-01-01 19:00:00,4385,West,Beauty,Item_A,32177,9,Debit Card,Delivered,289593
100021,2023-01-01 20:00:00,7396,North,Beauty,Item_D,32864,5,Debit Card,In Transit,164320
100022,2023-01-01 21:00:00,9666,Central,Home & Kitchen,Item_D,6914,5,UPI,Returned,34570
100023,2023-01-01 22:00:00,3558,South,Electronics,Item_C,41344,7,Debit Card,Returned,289408
100024,2023-01-01 23:00:00,8849,North,Beauty,Item_C,11901,1,Credit Card,Delivered,11901
100025,2023-01-02 00:00:00,3047,Central,Clothing,Item_C,15091,3,UPI,In Transit,45273
100026,2023-01-02 01:00:00,3747,South,Books,Item_A,36219,2,UPI,Delivered,72438
100027,2023-01-02 02:00:00,1189,West,Clothing,Item_D,27716,6,Debit Card,In Transit,166296
100028,2023-01-02 03:00:00,3734,South,Books,Item_B,41112,6,Debit Card,In Transit,246672
100029,2023-01-02 04:00:00,4005,East,Home & Kitchen,Item_A,49406,1,Debit Card,Cancelled,49406
100030,2023-01-02 05:00:00,5658,South,Beauty,Item_E,10116,6,Credit Card,Returned,60696
100031,2023-01-02 06:00:00,2899,East,Electronics,Item_A,3110,2,UPI,In Transit,6220
100032,2023-01-02 07:00:00,8734,South,Beauty,Item_D,18454,4,Net Banking,Delivered,73816
100033,2023-01-02 08:00:00,2267,East,Books,Item_E,44450,6,Credit Card,Delivered,266700
100034,2023-01-02 09:00:00,2528,West,Electronics,Item_A,36316,3,Credit Card,Cancelled,108948
100035,2023-01-02 10:00:00,4556,Central,Beauty,Item_D,18185,3,UPI,Cancelled,54555
100036,2023-01-02 11:00:00,4890,East,Electronics,Item_D,22351,3,Net Banking,Cancelled,67053
100037,2023-01-02 12:00:00,9838,East,Books,Item_B,6030,4,UPI,Returned,24120
100038,2023-01-02 13:00:00,6393,West,Home & Kitchen,Item_A,44497,9,Credit Card,Cancelled,400473
100039,2023-01-02 14:00:00,9792,East,Home & Kitchen,Item_D,41088,4,Debit Card,Returned,164352
100040,2023-01-02 15:00:00,9433,North,Beauty,Item_C,18674,4,UPI,Cancelled,74696
100041,2023-01-02 16:00:00,8513,West,Clothing,Item_D,5680,4,UPI,Returned,22720
100042,2023-01-02 17:00:00,3612,North,Books,Item_B,9643,7,Debit Card,In Transit,67501
100043,2023-01-02 18:00:00,8041,West,Beauty,Item_D,39338,5,Net Banking,Cancelled,196690
100044,2023-01-02 19:00:00,7235,East,Beauty,Item_A,33138,2,Net Banking,Returned,66276
100045,2023-01-02 20:00:00,6486,North,Home & Kitchen,Item_A,3009,7,UPI,In Transit,21063
100046,2023-01-02 21:00:00,8099,East,Electronics,Item_E,39961,3,Debit Card,Cancelled,119883
100047,2023-01-02 22:00:00,1775,West,Books,Item_A,27130,1,UPI,In Transit,27130
100048,2023-01-02 23:00:00,9226,East,Electronics,Item_E,23295,9,Debit Card,Cancelled,209655
100049,2023-01-03 00:00:00,4152,North,Books,Item_C,12146,5,Credit Card,Delivered,60730
100050,2023-01-03 01:00:00,2585,North,Clothing,Item_B,4191,1,Debit Card,Returned,4191
100051,2023-01-03 02:00:00,4943,East,Home & Kitchen,Item_C,23719,1,UPI,Delivered,23719
100052,2023-01-03 03:00:00,8555,South,Clothing,Item_E,26857,1,Cash,Returned,26857
100053,2023-01-03 04:00:00,4073,West,Beauty,Item_D,1026,9,Net Banking,Delivered,9234
100054,2023-01-03 05:00:00,2021,West,Home & Kitchen,Item_D,42825,8,UPI,Cancelled,342600
100055,2023-01-03 06:00:00,4843,East,Beauty,Item_C,16713,6,Debit Card,Delivered,100278
100056,2023-01-03 07:00:00,8989,South,Clothing,Item_D,18001,6,Debit Card,Cancelled,108006
100057,2023-01-03 08:00:00,7873,North,Books,Item_E,30046,6,Net Banking,Returned,180276
100058,2023-01-03 09:00:00,6675,Central,Beauty,Item_B,39766,4,UPI,Cancelled,159064
100059,2023-01-03 10:00:00,1161,Central,Electronics,Item_A,23357,5,Cash,Delivered,116785
100060,2023-01-03 11:00:00,5297,East,Books,Item_E,28563,3,Credit Card,In Transit,85689
100061,2023-01-03 12:00:00,1995,South,Books,Item_E,5336,3,Cash,Returned,16008
100062,2023-01-03 13:00:00,8629,South,Clothing,Item_A,17621,7,Credit Card,In Transit,123347
100063,2023-01-03 14:00:00,2016,West,Clothing,Item_A,12691,5,Credit Card,In Transit,63455
100064,2023-01-03 15:00:00,8869,North,Home & Kitchen,Item_B,7746,8,UPI,In Transit,61968
100065,2023-01-03 16:00:00,7439,South,Home & Kitchen,Item_B,6103,5,Credit Card,In Transit,30515
100066,2023-01-03 17:00:00,8892,Central,Electronics,Item_B,46823,4,Debit Card,In Transit,187292
100067,2023-01-03 18:00:00,7863,North,Books,Item_D,16606,3,Credit Card,Delivered,49818
100068,2023-01-03 19:00:00,8916,North,Electronics,Item_E,15149,2,Credit Card,Cancelled,30298
100069,2023-01-03 20:00:00,9529,East,Electronics,Item_A,10025,3,Net Banking,Cancelled,30075
100070,2023-01-03 21:00:00,1878,South,Clothing,Item_E,6487,7,Net Banking,In Transit,45409
100071,2023-01-03 22:00:00,5887,East,Electronics,Item_E,45161,8,UPI,Delivered,361288
100072,2023-01-03 23:00:00,5859,South,Electronics,Item_B,34373,5,UPI,In Transit,171865
100073,2023-01-04 00:00:00,7331,West,Beauty,Item_B,42638,1,Debit Card,In Transit,42638
100074,2023-01-04 01:00:00,9571,East,Home & Kitchen,Item_E,17778,3,Net Banking,Returned,53334
100075,2023-01-04 02:00:00,9684,East,Home & Kitchen,Item_B,41735,4,Cash,Delivered,166940
100076,2023-01-04 03:00:00,8208,Central,Books,Item_D,8123,4,UPI,In Transit,32492
100077,2023-01-04 04:00:00,6276,East,Home & Kitchen,Item_A,34574,1,UPI,Cancelled,34574
100078,2023-01-04 05:00:00,3062,South,Books,Item_E,41611,9,Net Banking,Returned,374499
100079,2023-01-04 06:00:00,1064,Central,Beauty,Item_A,8516,4,Net Banking,In Transit,34064
100080,2023-01-04 07:00:00,9006,East,Home & Kitchen,Item_D,44614,2,Debit Card,In Transit,89228
100081,2023-01-04 08:00:00,3568,East,Beauty,Item_B,10756,9,Net Banking,In Transit,96804
100082,2023-01-04 09:00:00,6463,West,Home & Kitchen,Item_C,10258,4,Credit Card,Delivered,41032
100083,2023-01-04 10:00:00,3027,East,Home & Kitchen,Item_D,39218,4,Cash,In Transit,156872
100084,2023-01-04 11:00:00,3695,North,Beauty,Item_C,34651,6,Credit Card,Cancelled,207906
100085,2023-01-04 12:00:00,6258,Central,Electronics,Item_A,25682,8,Credit Card,Returned,205456
100086,2023-01-04 13:00:00,6618,North,Electronics,Item_E,44694,5,Credit Card,Delivered,223470
100087,2023-01-04 14:00:00,7736,Central,Electronics,Item_B,25205,8,UPI,Returned,201640
100088,2023-01-04 15:00:00,1391,West,Electronics,Item_D,19335,1,Credit Card,Cancelled,19335
100089,2023-01-04 16:00:00,6892,East,Home & Kitchen,Item_B,24088,4,UPI,In Transit,96352
100090,2023-01-04 17:00:00,4561,East,Clothing,Item_C,32681,1,Net Banking,Delivered,32681
100091,2023-01-04 18:00:00,7184,East,Beauty,Item_C,28601,3,Cash,In Transit,85803
100092,2023-01-04 19:00:00,4099,Central,Clothing,Item_E,40631,7,Cash,Delivered,284417
100093,2023-01-04 20:00:00,7278,East,Clothing,Item_C,25137,1,Credit Card,In Transit,25137
100094,2023-01-04 21:00:00,9392,North,Books,Item_E,46051,5,Cash,Cancelled,230255
100095,2023-01-04 22:00:00,4104,East,Electronics,Item_D,13346,1,UPI,Cancelled,13346
100096,2023-01-04 23:00:00,8215,West,Home & Kitchen,Item_E,30301,6,Net Banking,In Transit,181806
100097,2023-01-05 00:00:00,3454,North,Electronics,Item_C,11453,9,Credit Card,Cancelled,103077
100098,2023-01-05 01:00:00,9996,East,Electronics,Item_A,48704,3,Debit Card,In Transit,146112
100099,2023-01-05 02:00:00,3731,East,Clothing,Item_E,3423,6,Cash,Delivered,20538
100100,2023-01-05 03:00:00,9154,South,Books,Item_B,5641,4,Cash,Cancelled,22564
100101,2023-01-05 04:00:00,6056,Central,Electronics,Item_A,42790,6,Credit Card,Delivered,256740
100102,2023-01-05 05:00:00,9110,North,Beauty,Item_E,40349,2,Cash,In Transit,80698
100103,2023-01-05 06:00:00,4840,South,Beauty,Item_B,13063,4,Cash,Delivered,52252
100104,2023-01-05 07:00:00,2028,West,Electronics,Item_A,38152,7,Debit Card,Returned,267064
100105,2023-01-05 08:00:00,8385,Central,Clothing,Item_E,29764,6,UPI,In Transit,178584
100106,2023-01-05 09:00:00,1502,North,Clothing,Item_D,16853,9,Credit Card,Cancelled,151677
100107,2023-01-05 10:00:00,7910,East,Home & Kitchen,Item_B,24288,7,Credit Card,Cancelled,170016
100108,2023-01-05 11:00:00,7938,North,Books,Item_D,22699,1,Debit Card,Returned,22699
100109,2023-01-05 12:00:00,5488,East,Clothing,Item_C,42283,6,Debit Card,In Transit,253698
100110,2023-01-05 13:00:00,1206,Central,Home & Kitchen,Item_E,23882,3,UPI,In Transit,71646
100111,2023-01-05 14:00:00,6134,East,Beauty,Item_E,32332,8,Net Banking,In Transit,258656
100112,2023-01-05 15:00:00,6977,West,Beauty,Item_B,4733,1,Credit Card,In Transit,4733
100113,2023-01-05 16:00:00,8721,East,Beauty,Item_E,17626,2,Cash,Delivered,35252
100114,2023-01-05 17:00:00,8035,West,Electronics,Item_C,14760,3,UPI,In Transit,44280
100115,2023-01-05 18:00:00,2484,Central,Books,Item_E,34609,3,Credit Card,Delivered,103827
100116,2023-01-05 19:00:00,8858,Central,Home & Kitchen,Item_A,16125,7,UPI,Delivered,112875
100117,2023-01-05 20:00:00,1863,North,Books,Item_D,23187,8,Net Banking,Cancelled,185496
100118,2023-01-05 21:00:00,3790,West,Electronics,Item_C,10833,9,Credit Card,In Transit,97497
100119,2023-01-05 22:00:00,8408,West,Home & Kitchen,Item_C,36265,7,Cash,Delivered,253855
100120,2023-01-05 23:00:00,9755,South,Home & Kitchen,Item_D,30325,8,Credit Card,In Transit,242600
100121,2023-01-06 00:00:00,6116,South,Clothing,Item_D,4196,6,UPI,Returned,25176
100122,2023-01-06 01:00:00,7019,South,Books,Item_C,214,2,Net Banking,Delivered,428
100123,2023-01-06 02:00:00,2757,East,Books,Item_D,15095,1,UPI,Cancelled,15095
100124,2023-01-06 03:00:00,8574,South,Clothing,Item_B,1874,3,UPI,In Transit,5622
100125,2023-01-06 04:00:00,7374,West,Beauty,Item_D,38067,9,Debit Card,Cancelled,342603
100126,2023-01-06 05:00:00,7892,East,Electronics,Item_A,20201,7,UPI,Delivered,141407
100127,2023-01-06 06:00:00,2678,Central,Books,Item_A,18064,2,Net Banking,Delivered,36128
100128,2023-01-06 07:00:00,4242,North,Clothing,Item_B,26521,1,Cash,Cancelled,26521
100129,2023-01-06 08:00:00,5636,South,Home & Kitchen,Item_D,24282,2,Debit Card,In Transit,48564
100130,2023-01-06 09:00:00,2059,Central,Clothing,Item_A,40331,3,UPI,Delivered,120993
100131,2023-01-06 10:00:00,7668,West,Beauty,Item_E,6157,6,Credit Card,Returned,36942
100132,2023-01-06 11:00:00,4157,North,Electronics,Item_D,4410,9,Debit Card,Cancelled,39690
100133,2023-01-06 12:00:00,6915,Central,Beauty,Item_B,48744,8,Net Banking,Delivered,389952
100134,2023-01-06 13:00:00,3693,North,Home & Kitchen,Item_D,18269,9,Credit Card,In Transit,164421
100135,2023-01-06 14:00:00,4627,South,Home & Kitchen,Item_C,35051,8,Net Banking,Delivered,280408
100136,2023-01-06 15:00:00,6450,West,Home & Kitchen,Item_C,27065,7,Credit Card,In Transit,189455
100137,2023-01-06 16:00:00,2663,North,Home & Kitchen,Item_A,18270,6,Cash,In Transit,109620
100138,2023-01-06 17:00:00,6592,Central,Clothing,Item_C,4358,8,Net Banking,Delivered,34864
100139,2023-01-06 18:00:00,8392,South,Home & Kitchen,Item_B,49539,6,Credit Card,Returned,297234
100140,2023-01-06 19:00:00,2306,South,Home & Kitchen,Item_A,35750,2,Net Banking,In Transit,71500
100141,2023-01-06 20:00:00,7776,Central,Clothing,Item_B,20772,9,Debit Card,Cancelled,186948
100142,2023-01-06 21:00:00,6864,Central,Home & Kitchen,Item_B,4300,9,Net Banking,In Transit,38700
100143,2023-01-06 22:00:00,8526,North,Beauty,Item_C,44669,3,Net Banking,In Transit,134007
100144,2023-01-06 23:00:00,9901,East,Beauty,Item_C,15725,9,Credit Card,Returned,141525
100145,2023-01-07 00:00:00,6575,South,Books,Item_B,18656,2,Net Banking,In Transit,37312
100146,2023-01-07 01:00:00,6530,North,Beauty,Item_C,297,3,Cash,Delivered,891
100147,2023-01-07 02:00:00,5413,Central,Electronics,Item_C,9683,6,UPI,Returned,58098
100148,2023-01-07 03:00:00,4748,North,Electronics,Item_C,36432,4,Debit Card,In Transit,145728
100149,2023-01-07 04:00:00,1663,Central,Electronics,Item_D,1987,8,Credit Card,Delivered,15896
100150,2023-01-07 05:00:00,2998,West,Clothing,Item_B,40731,1,Net Banking,Delivered,40731
100151,2023-01-07 06:00:00,8994,Central,Beauty,Item_E,21988,6,Net Banking,In Transit,131928
100152,2023-01-07 07:00:00,2495,Central,Electronics,Item_B,33651,2,Net Banking,Cancelled,67302
100153,2023-01-07 08:00:00,4304,Central,Books,Item_A,16292,6,Debit Card,Cancelled,97752
100154,2023-01-07 09:00:00,4763,East,Clothing,Item_C,1332,1,UPI,In Transit,1332
100155,2023-01-07 10:00:00,6232,Central,Books,Item_C,12514,2,Cash,In Transit,25028
100156,2023-01-07 11:00:00,2853,South,Beauty,Item_E,38845,9,Cash,Delivered,349605
100157,2023-01-07 12:00:00,7585,South,Home & Kitchen,Item_A,22782,6,Credit Card,In Transit,136692
100158,2023-01-07 13:00:00,2291,North,Books,Item_D,27980,8,UPI,In Transit,223840
100159,2023-01-07 14:00:00,4581,East,Home & Kitchen,Item_B,32436,7,UPI,Delivered,227052
100160,2023-01-07 15:00:00,8554,North,Clothing,Item_D,13268,9,Debit Card,In Transit,119412
100161,2023-01-07 16:00:00,8280,South,Books,Item_A,47601,9,Net Banking,In Transit,428409
100162,2023-01-07 17:00:00,2636,South,Books,Item_E,48726,4,UPI,In Transit,194904
100163,2023-01-07 18:00:00,4696,West,Clothing,Item_A,11257,7,Net Banking,Delivered,78799
100164,2023-01-07 19:00:00,1698,Central,Clothing,Item_E,33822,5,Debit Card,In Transit,169110
100165,2023-01-07 20:00:00,5737,South,Electronics,Item_D,38706,7,Credit Card,Cancelled,270942
100166,2023-01-07 21:00:00,1854,North,Beauty,Item_D,2226,4,Credit Card,In Transit,8904
100167,2023-01-07 22:00:00,9164,North,Books,Item_A,26763,1,Net Banking,Cancelled,26763
100168,2023-01-07 23:00:00,6855,Central,Books,Item_A,38333,4,Net Banking,In Transit,153332
100169,2023-01-08 00:00:00,8392,Central,Clothing,Item_C,2750,3,UPI,Delivered,8250
100170,2023-01-08 01:00:00,7528,West,Clothing,Item_E,31122,9,Debit Card,Cancelled,280098
100171,2023-01-08 02:00:00,6249,East,Beauty,Item_C,7289,5,Credit Card,In Transit,36445
100172,2023-01-08 03:00:00,6172,North,Clothing,Item_B,16823,4,UPI,In Transit,67292
100173,2023-01-08 04:00:00,2707,Central,Home & Kitchen,Item_B,49841,8,Cash,In Transit,398728
100174,2023-01-08 05:00:00,6791,North,Home & Kitchen,Item_A,12243,5,UPI,In Transit,61215
100175,2023-01-08 06:00:00,6535,Central,Home & Kitchen,Item_D,1236,3,Net Banking,Delivered,3708
100176,2023-01-08 07:00:00,5931,South,Home & Kitchen,Item_B,22716,2,Cash,Returned,45432
100177,2023-01-08 08:00:00,4510,North,Beauty,Item_B,21364,8,UPI,Cancelled,170912
100178,2023-01-08 09:00:00,1202,South,Books,Item_C,6322,2,Debit Card,In Transit,12644
100179,2023-01-08 10:00:00,5218,North,Home & Kitchen,Item_C,47546,8,Credit Card,Delivered,380368
100180,2023-01-08 11:00:00,9958,East,Clothing,Item_B,31986,5,Cash,Returned,159930
100181,2023-01-08 12:00:00,5389,West,Home & Kitchen,Item_A,48657,8,Debit Card,Delivered,389256
100182,2023-01-08 13:00:00,3327,South,Beauty,Item_C,16350,5,UPI,In Transit,81750
100183,2023-01-08 14:00:00,9004,Central,Clothing,Item_B,22294,1,Net Banking,Returned,22294
100184,2023-01-08 15:00:00,3931,East,Home & Kitchen,Item_D,11892,2,Net Banking,Cancelled,23784
100185,2023-01-08 16:00:00,8777,North,Books,Item_C,12254,6,Debit Card,Cancelled,73524
100186,2023-01-08 17:00:00,1197,South,Clothing,Item_B,1967,3,Net Banking,Delivered,5901
100187,2023-01-08 18:00:00,8125,North,Clothing,Item_E,4908,8,Credit Card,Cancelled,39264
100188,2023-01-08 19:00:00,2930,North,Books,Item_C,41321,5,Debit Card,Cancelled,206605
100189,2023-01-08 20:00:00,7287,North,Clothing,Item_E,29492,3,Debit Card,Returned,88476
100190,2023-01-08 21:00:00,9800,West,Home & Kitchen,Item_C,28282,7,Net Banking,Cancelled,197974
100191,2023-01-08 22:00:00,5282,West,Clothing,Item_C,34224,8,Debit Card,Returned,273792
100192,2023-01-08 23:00:00,3511,Central,Home & Kitchen,Item_E,26934,4,UPI,Returned,107736
100193,2023-01-09 00:00:00,1659,South,Books,Item_A,43111,9,Cash,Returned,387999
100194,2023-01-09 01:00:00,3811,East,Electronics,Item_B,23661,6,Cash,Cancelled,141966
100195,2023-01-09 02:00:00,8098,East,Books,Item_A,5551,1,Net Banking,Delivered,5551
100196,2023-01-09 03:00:00,7546,East,Home & Kitchen,Item_A,47231,5,Credit Card,Delivered,236155
100197,2023-01-09 04:00:00,2986,North,Beauty,Item_B,33717,5,Credit Card,Cancelled,168585
100198,2023-01-09 05:00:00,9338,West,Books,Item_D,17292,7,Net Banking,Returned,121044
100199,2023-01-09 06:00:00,3911,South,Beauty,Item_A,39384,7,Net Banking,Cancelled,275688
100200,2023-01-09 07:00:00,2734,North,Beauty,Item_A,39918,6,Debit Card,In Transit,239508
100201,2023-01-09 08:00:00,2843,West,Home & Kitchen,Item_A,45296,8,Credit Card,Delivered,362368
100202,2023-01-09 09:00:00,9680,West,Home & Kitchen,Item_D,25241,2,Cash,Returned,50482
100203,2023-01-09 10:00:00,3976,South,Electronics,Item_C,25876,7,Net Banking,Cancelled,181132
100204,2023-01-09 11:00:00,2959,South,Clothing,Item_E,34681,7,Cash,Returned,242767
100205,2023-01-09 12:00:00,6759,South,Books,Item_E,12977,4,Cash,In Transit,51908
100206,2023-01-09 13:00:00,7694,North,Home & Kitchen,Item_D,24520,2,Credit Card,Returned,49040
100207,2023-01-09 14:00:00,3385,Central,Books,Item_A,8508,4,Cash,In Transit,34032
100208,2023-01-09 15:00:00,5736,South,Beauty,Item_E,43641,4,Debit Card,Delivered,174564
100209,2023-01-09 16:00:00,2802,Central,Clothing,Item_D,48346,6,Debit Card,Returned,290076
100210,2023-01-09 17:00:00,9155,North,Electronics,Item_B,15529,7,Credit Card,Cancelled,108703
100211,2023-01-09 18:00:00,9120,Central,Books,Item_E,14082,3,Debit Card,Returned,42246
100212,2023-01-09 19:00:00,7616,East,Clothing,Item_B,49547,1,Net Banking,Returned,49547
100213,2023-01-09 20:00:00,6534,Central,Electronics,Item_A,4914,3,Credit Card,In Transit,14742
100214,2023-01-09 21:00:00,5061,South,Books,Item_E,26250,9,Cash,In Transit,236250
100215,2023-01-09 22:00:00,1262,North,Clothing,Item_D,43632,1,Net Banking,Cancelled,43632
100216,2023-01-09 23:00:00,7287,South,Home & Kitchen,Item_C,15953,8,Credit Card,Delivered,127624
100217,2023-01-10 00:00:00,9815,East,Books,Item_E,30179,2,Cash,Delivered,60358
100218,2023-01-10 01:00:00,3049,South,Clothing,Item_E,45289,6,Cash,In Transit,271734
100219,2023-01-10 02:00:00,6423,South,Electronics,Item_E,14830,3,Cash,Cancelled,44490
100220,2023-01-10 03:00:00,5548,South,Clothing,Item_E,17858,7,Cash,Returned,125006
100221,2023-01-10 04:00:00,4108,West,Home & Kitchen,Item_D,3909,2,Cash,Cancelled,7818
100222,2023-01-10 05:00:00,8158,East,Books,Item_D,33306,4,Credit Card,Cancelled,133224
100223,2023-01-10 06:00:00,8400,South,Books,Item_C,39729,9,Debit Card,Cancelled,357561
100224,2023-01-10 07:00:00,4170,South,Books,Item_D,37243,6,Cash,Delivered,223458
100225,2023-01-10 08:00:00,3255,South,Home & Kitchen,Item_D,11691,4,Net Banking,Returned,46764
100226,2023-01-10 09:00:00,2154,North,Electronics,Item_A,39730,2,Credit Card,Cancelled,79460
100227,2023-01-10 10:00:00,5499,West,Books,Item_A,9034,9,UPI,Delivered,81306
100228,2023-01-10 11:00:00,7295,North,Electronics,Item_B,14558,4,Debit Card,Delivered,58232
100229,2023-01-10 12:00:00,7197,West,Clothing,Item_C,10072,9,Net Banking,In Transit,90648
100230,2023-01-10 13:00:00,2648,South,Electronics,Item_A,21857,2,Cash,Returned,43714
100231,2023-01-10 14:00:00,6539,East,Electronics,Item_C,25027,7,Credit Card,Cancelled,175189
100232,2023-01-10 15:00:00,5199,Central,Books,Item_C,8373,5,Credit Card,Returned,41865
100233,2023-01-10 16:00:00,9445,Central,Beauty,Item_E,16885,8,Cash,In Transit,135080
100234,2023-01-10 17:00:00,3557,South,Beauty,Item_C,11533,8,Net Banking,In Transit,92264
100235,2023-01-10 18:00:00,6592,North,Home & Kitchen,Item_E,11556,4,Credit Card,Cancelled,46224
100236,2023-01-10 19:00:00,1098,East,Home & Kitchen,Item_B,40784,4,Debit Card,Delivered,163136
100237,2023-01-10 20:00:00,3200,West,Beauty,Item_B,45117,8,Net Banking,In Transit,360936
100238,2023-01-10 21:00:00,3961,South,Clothing,Item_B,11544,3,Cash,Delivered,34632
100239,2023-01-10 22:00:00,5973,East,Books,Item_E,49155,7,Net Banking,In Transit,344085
100240,2023-01-10 23:00:00,5433,East,Books,Item_E,44819,8,Net Banking,Returned,358552
100241,2023-01-11 00:00:00,3869,West,Clothing,Item_B,40198,8,UPI,Cancelled,321584
100242,2023-01-11 01:00:00,1956,East,Clothing,Item_E,41771,4,Cash,In Transit,167084
100243,2023-01-11 02:00:00,9352,North,Beauty,Item_D,15995,9,Debit Card,Returned,143955
100244,2023-01-11 03:00:00,6699,North,Home & Kitchen,Item_D,29943,4,Cash,In Transit,119772
100245,2023-01-11 04:00:00,7944,North,Clothing,Item_E,2143,8,UPI,Cancelled,17144
100246,2023-01-11 05:00:00,5493,East,Home & Kitchen,Item_E,24849,6,Cash,Returned,149094
100247,2023-01-11 06:00:00,5911,North,Electronics,Item_A,46983,5,Cash,Delivered,234915
100248,2023-01-11 07:00:00,4987,West,Books,Item_A,21221,4,Debit Card,In Transit,84884
100249,2023-01-11 08:00:00,7015,East,Beauty,Item_C,8548,5,UPI,In Transit,42740
100250,2023-01-11 09:00:00,2218,Central,Books,Item_C,11950,1,Cash,Returned,11950
100251,2023-01-11 10:00:00,5496,East,Beauty,Item_C,5585,7,Cash,Cancelled,39095
100252,2023-01-11 11:00:00,5735,West,Electronics,Item_B,16839,8,Credit Card,In Transit,134712
100253,2023-01-11 12:00:00,5555,Central,Books,Item_D,19694,9,Cash,Returned,177246
100254,2023-01-11 13:00:00,9050,East,Electronics,Item_B,42211,3,Debit Card,Cancelled,126633
100255,2023-01-11 14:00:00,4446,North,Beauty,Item_E,49241,9,Credit Card,In Transit,443169
100256,2023-01-11 15:00:00,2045,South,Clothing,Item_A,38000,5,UPI,Returned,190000
100257,2023-01-11 16:00:00,7893,South,Books,Item_E,39229,6,Net Banking,Cancelled,235374
100258,2023-01-11 17:00:00,2693,North,Electronics,Item_E,18840,1,Debit Card,In Transit,18840
100259,2023-01-11 18:00:00,4436,South,Books,Item_A,35602,9,UPI,In Transit,320418
100260,2023-01-11 19:00:00,9754,South,Books,Item_E,2091,9,Credit Card,Cancelled,18819
100261,2023-01-11 20:00:00,6895,North,Books,Item_C,28459,6,Net Banking,Cancelled,170754
100262,2023-01-11 21:00:00,4354,North,Home & Kitchen,Item_A,29187,8,UPI,Returned,233496
100263,2023-01-11 22:00:00,1225,East,Electronics,Item_E,10883,4,Debit Card,In Transit,43532
100264,2023-01-11 23:00:00,5893,East,Electronics,Item_C,10167,5,Credit Card,In Transit,50835
100265,2023-01-12 00:00:00,8022,North,Books,Item_C,12328,5,Debit Card,Returned,61640
100266,2023-01-12 01:00:00,6600,West,Clothing,Item_D,40394,7,Debit Card,In Transit,282758
100267,2023-01-12 02:00:00,8996,South,Books,Item_C,34938,7,Credit Card,In Transit,244566
100268,2023-01-12 03:00:00,8683,East,Home & Kitchen,Item_B,28495,7,Cash,In Transit,199465
100269,2023-01-12 04:00:00,5642,South,Beauty,Item_A,20537,5,Debit Card,Delivered,102685
100270,2023-01-12 05:00:00,8679,Central,Home & Kitchen,Item_A,22402,4,Credit Card,Cancelled,89608
100271,2023-01-12 06:00:00,9208,North,Clothing,Item_A,6971,8,Debit Card,Delivered,55768
100272,2023-01-12 07:00:00,8339,West,Books,Item_E,43652,1,Cash,Delivered,43652
100273,2023-01-12 08:00:00,3205,Central,Electronics,Item_E,13057,1,Credit Card,Cancelled,13057
100274,2023-01-12 09:00:00,2069,Central,Books,Item_B,31501,6,UPI,Delivered,189006
100275,2023-01-12 10:00:00,4444,Central,Clothing,Item_C,31660,2,UPI,Returned,63320
100276,2023-01-12 11:00:00,2060,North,Electronics,Item_E,21587,3,UPI,Delivered,64761
100277,2023-01-12 12:00:00,3327,East,Home & Kitchen,Item_C,10032,4,Net Banking,Returned,40128
100278,2023-01-12 13:00:00,4420,North,Beauty,Item_C,47608,2,Debit Card,Cancelled,95216
100279,2023-01-12 14:00:00,1301,East,Beauty,Item_E,12826,7,Debit Card,In Transit,89782
100280,2023-01-12 15:00:00,1606,Central,Books,Item_E,18685,1,Credit Card,Cancelled,18685
100281,2023-01-12 16:00:00,4170,Central,Home & Kitchen,Item_B,13623,3,Net Banking,Cancelled,40869
100282,2023-01-12 17:00:00,1699,West,Clothing,Item_D,31603,2,Debit Card,Delivered,63206
100283,2023-01-12 18:00:00,6088,East,Beauty,Item_A,30823,9,Credit Card,Cancelled,277407
100284,2023-01-12 19:00:00,1190,Central,Home & Kitchen,Item_E,17002,8,Cash,Cancelled,136016
100285,2023-01-12 20:00:00,1980,South,Books,Item_E,16533,3,Debit Card,Returned,49599
100286,2023-01-12 21:00:00,3975,West,Electronics,Item_C,35320,5,Debit Card,In Transit,176600
100287,2023-01-12 22:00:00,7102,North,Books,Item_D,28285,3,Cash,Delivered,84855
100288,2023-01-12 23:00:00,2184,West,Books,Item_E,22359,6,Cash,In Transit,134154
100289,2023-01-13 00:00:00,4327,South,Home & Kitchen,Item_D,24860,5,Debit Card,In Transit,124300
100290,2023-01-13 01:00:00,4394,East,Beauty,Item_A,34719,2,Cash,In Transit,69438
100291,2023-01-13 02:00:00,9319,North,Home & Kitchen,Item_C,28997,8,Credit Card,Delivered,231976
100292,2023-01-13 03:00:00,2816,North,Electronics,Item_B,19241,6,Debit Card,Cancelled,115446
100293,2023-01-13 04:00:00,6854,East,Home & Kitchen,Item_A,45135,3,Debit Card,In Transit,135405
100294,2023-01-13 05:00:00,7709,West,Clothing,Item_D,22707,1,UPI,Delivered,22707
100295,2023-01-13 06:00:00,1569,Central,Books,Item_D,5724,5,Debit Card,Cancelled,28620
100296,2023-01-13 07:00:00,6442,West,Beauty,Item_A,18935,2,UPI,In Transit,37870
100297,2023-01-13 08:00:00,2895,South,Electronics,Item_D,27875,2,Cash,Returned,55750
100298,2023-01-13 09:00:00,3733,Central,Books,Item_B,48151,9,Cash,Delivered,433359
100299,2023-01-13 10:00:00,4863,West,Home & Kitchen,Item_B,17873,7,Credit Card,In Transit,125111
100300,2023-01-13 11:00:00,8455,East,Clothing,Item_D,44283,6,UPI,Delivered,265698
100301,2023-01-13 12:00:00,5014,South,Home & Kitchen,Item_D,35670,1,Debit Card,Returned,35670
100302,2023-01-13 13:00:00,2686,South,Books,Item_B,41803,2,UPI,Delivered,83606
100303,2023-01-13 14:00:00,4009,South,Electronics,Item_D,19489,7,Cash,Cancelled,136423
100304,2023-01-13 15:00:00,8806,Central,Beauty,Item_E,31430,3,Cash,In Transit,94290
100305,2023-01-13 16:00:00,1154,North,Books,Item_C,14742,2,Credit Card,Delivered,29484
100306,2023-01-13 17:00:00,2409,Central,Electronics,Item_E,45227,6,Cash,Delivered,271362
100307,2023-01-13 18:00:00,1784,West,Books,Item_D,35890,8,UPI,In Transit,287120
100308,2023-01-13 19:00:00,9096,North,Clothing,Item_D,6854,8,Debit Card,Returned,54832
100309,2023-01-13 20:00:00,8560,West,Home & Kitchen,Item_C,2221,2,Debit Card,Returned,4442
100310,2023-01-13 21:00:00,8343,North,Beauty,Item_D,46923,6,UPI,In Transit,281538
100311,2023-01-13 22:00:00,8206,Central,Electronics,Item_C,20208,5,Credit Card,In Transit,101040
100312,2023-01-13 23:00:00,6596,South,Beauty,Item_B,22928,7,Debit Card,Cancelled,160496
100313,2023-01-14 00:00:00,6801,East,Beauty,Item_C,24362,4,UPI,Delivered,97448
100314,2023-01-14 01:00:00,3806,South,Beauty,Item_C,27646,2,UPI,Delivered,55292
100315,2023-01-14 02:00:00,1537,Central,Electronics,Item_E,30179,3,Cash,Returned,90537
100316,2023-01-14 03:00:00,6986,North,Electronics,Item_D,48684,9,Cash,Cancelled,438156
100317,2023-01-14 04:00:00,2841,South,Beauty,Item_B,44278,8,Credit Card,Delivered,354224
100318,2023-01-14 05:00:00,9716,Central,Home & Kitchen,Item_A,49488,9,Credit Card,Cancelled,445392
100319,2023-01-14 06:00:00,7971,West,Books,Item_C,4425,5,Credit Card,In Transit,22125
100320,2023-01-14 07:00:00,6625,East,Beauty,Item_A,9409,5,UPI,Delivered,47045
100321,2023-01-14 08:00:00,3950,South,Clothing,Item_D,44860,7,UPI,In Transit,314020
100322,2023-01-14 09:00:00,8992,North,Beauty,Item_C,15923,7,Cash,Returned,111461
100323,2023-01-14 10:00:00,5780,West,Electronics,Item_A,45687,1,Debit Card,Returned,45687
100324,2023-01-14 11:00:00,3368,Central,Books,Item_E,3340,5,Credit Card,In Transit,16700
100325,2023-01-14 12:00:00,7655,East,Clothing,Item_A,11921,8,Net Banking,Returned,95368
100326,2023-01-14 13:00:00,9173,North,Books,Item_E,2787,7,Credit Card,In Transit,19509
100327,2023-01-14 14:00:00,5495,Central,Books,Item_B,43542,2,Cash,In Transit,87084
100328,2023-01-14 15:00:00,7002,Central,Clothing,Item_D,39637,8,UPI,In Transit,317096
100329,2023-01-14 16:00:00,7614,South,Beauty,Item_A,19189,2,Cash,Returned,38378
100330,2023-01-14 17:00:00,6919,South,Beauty,Item_C,32926,1,Cash,Returned,32926
100331,2023-01-14 18:00:00,1853,North,Beauty,Item_D,5204,3,Cash,Returned,15612
100332,2023-01-14 19:00:00,5146,Central,Home & Kitchen,Item_A,14501,3,Net Banking,In Transit,43503
100333,2023-01-14 20:00:00,4769,South,Beauty,Item_C,32879,6,Net Banking,Cancelled,197274
100334,2023-01-14 21:00:00,1574,East,Clothing,Item_C,28303,3,Credit Card,Returned,84909
100335,2023-01-14 22:00:00,2148,East,Home & Kitchen,Item_C,41368,7,UPI,Cancelled,289576
100336,2023-01-14 23:00:00,7293,Central,Beauty,Item_C,7704,8,Cash,Returned,61632
100337,2023-01-15 00:00:00,7457,South,Home & Kitchen,Item_A,36778,3,Debit Card,Delivered,110334
100338,2023-01-15 01:00:00,8509,North,Clothing,Item_B,6280,9,Credit Card,Delivered,56520
100339,2023-01-15 02:00:00,5777,North,Beauty,Item_E,7608,1,Credit Card,Delivered,7608
100340,2023-01-15 03:00:00,4854,North,Electronics,Item_E,4353,3,Cash,Cancelled,13059
100341,2023-01-15 04:00:00,3491,East,Clothing,Item_E,11255,3,Credit Card,Returned,33765
100342,2023-01-15 05:00:00,4124,South,Books,Item_B,19960,7,Cash,In Transit,139720
100343,2023-01-15 06:00:00,6691,South,Books,Item_C,17952,5,Credit Card,Cancelled,89760
100344,2023-01-15 07:00:00,4051,East,Clothing,Item_C,24393,4,UPI,Returned,97572
100345,2023-01-15 08:00:00,1004,North,Books,Item_D,4000,2,Credit Card,Delivered,8000
100346,2023-01-15 09:00:00,6222,North,Clothing,Item_E,1237,7,Credit Card,Cancelled,8659
100347,2023-01-15 10:00:00,6315,Central,Electronics,Item_E,30254,3,Debit Card,Returned,90762
100348,2023-01-15 11:00:00,5869,West,Clothing,Item_C,27066,7,UPI,In Transit,189462
100349,2023-01-15 12:00:00,1876,South,Beauty,Item_E,1192,7,UPI,Cancelled,8344
100350,2023-01-15 13:00:00,8027,South,Beauty,Item_C,23896,2,UPI,In Transit,47792
100351,2023-01-15 14:00:00,5142,South,Home & Kitchen,Item_C,37478,7,Credit Card,Cancelled,262346
100352,2023-01-15 15:00:00,7966,West,Books,Item_C,33361,6,Net Banking,Delivered,200166
100353,2023-01-15 16:00:00,8079,Central,Books,Item_A,8205,4,Credit Card,Delivered,32820
100354,2023-01-15 17:00:00,8987,West,Clothing,Item_A,29600,5,Cash,Delivered,148000
100355,2023-01-15 18:00:00,7799,North,Books,Item_A,16941,8,Debit Card,In Transit,135528
100356,2023-01-15 19:00:00,5465,North,Beauty,Item_A,17765,5,UPI,Delivered,88825
100357,2023-01-15 20:00:00,1635,South,Electronics,Item_B,39785,3,Cash,In Transit,119355
100358,2023-01-15 21:00:00,2693,East,Clothing,Item_D,35033,2,Cash,In Transit,70066
100359,2023-01-15 22:00:00,5752,South,Books,Item_D,12294,6,Net Banking,In Transit,73764
100360,2023-01-15 23:00:00,9311,East,Beauty,Item_C,31480,6,UPI,Delivered,188880
100361,2023-01-16 00:00:00,1830,West,Home & Kitchen,Item_E,46847,7,Credit Card,Returned,327929
100362,2023-01-16 01:00:00,6177,North,Books,Item_A,44578,8,UPI,In Transit,356624
100363,2023-01-16 02:00:00,9932,East,Electronics,Item_D,19713,4,Debit Card,Returned,78852
100364,2023-01-16 03:00:00,9308,West,Electronics,Item_D,354,8,UPI,In Transit,2832
100365,2023-01-16 04:00:00,6949,North,Books,Item_A,30462,1,Cash,Delivered,30462
100366,2023-01-16 05:00:00,3838,East,Books,Item_B,28334,6,Cash,Delivered,170004
100367,2023-01-16 06:00:00,2150,South,Beauty,Item_B,42714,6,Credit Card,Delivered,256284
100368,2023-01-16 07:00:00,8560,South,Books,Item_D,8878,3,Credit Card,Cancelled,26634
100369,2023-01-16 08:00:00,2931,South,Home & Kitchen,Item_B,6494,9,Credit Card,Delivered,58446
100370,2023-01-16 09:00:00,2664,West,Beauty,Item_A,9774,5,Debit Card,Returned,48870
100371,2023-01-16 10:00:00,2081,South,Clothing,Item_D,35383,1,UPI,In Transit,35383
100372,2023-01-16 11:00:00,1512,Central,Home & Kitchen,Item_A,48947,7,Net Banking,Returned,342629
100373,2023-01-16 12:00:00,8805,North,Beauty,Item_B,1270,3,UPI,Cancelled,3810
100374,2023-01-16 13:00:00,6237,West,Beauty,Item_A,18838,4,Credit Card,Returned,75352
100375,2023-01-16 14:00:00,1559,South,Electronics,Item_B,47753,6,Debit Card,In Transit,286518
100376,2023-01-16 15:00:00,4672,North,Beauty,Item_B,26282,8,UPI,In Transit,210256
100377,2023-01-16 16:00:00,8404,East,Home & Kitchen,Item_A,16506,4,Cash,Delivered,66024
100378,2023-01-16 17:00:00,4343,South,Books,Item_B,43035,9,UPI,Cancelled,387315
100379,2023-01-16 18:00:00,5070,North,Home & Kitchen,Item_C,8007,8,Cash,Cancelled,64056
100380,2023-01-16 19:00:00,1580,Central,Clothing,Item_A,23424,6,UPI,Returned,140544
100381,2023-01-16 20:00:00,8004,East,Beauty,Item_C,32343,7,UPI,Delivered,226401
100382,2023-01-16 21:00:00,9130,Central,Beauty,Item_A,24966,8,UPI,Delivered,199728
100383,2023-01-16 22:00:00,4147,North,Beauty,Item_B,24915,2,Credit Card,Delivered,49830
100384,2023-01-16 23:00:00,5249,Central,Beauty,Item_B,7598,5,Cash,In Transit,37990
100385,2023-01-17 00:00:00,2679,North,Electronics,Item_D,12402,7,Debit Card,Cancelled,86814
100386,2023-01-17 01:00:00,4506,North,Electronics,Item_D,28187,8,Net Banking,Returned,225496
100387,2023-01-17 02:00:00,8253,Central,Books,Item_C,35940,5,Cash,Returned,179700
100388,2023-01-17 03:00:00,3744,North,Beauty,Item_B,11512,3,Credit Card,Returned,34536
100389,2023-01-17 04:00:00,6188,South,Clothing,Item_D,20554,6,Cash,Delivered,123324
100390,2023-01-17 05:00:00,3141,North,Books,Item_B,13827,5,Debit Card,Cancelled,69135
100391,2023-01-17 06:00:00,7617,West,Beauty,Item_A,34313,8,Cash,Cancelled,274504
100392,2023-01-17 07:00:00,3479,North,Electronics,Item_D,28958,9,Credit Card,In Transit,260622
100393,2023-01-17 08:00:00,7484,West,Clothing,Item_C,40609,9,Credit Card,In Transit,365481
100394,2023-01-17 09:00:00,8421,North,Books,Item_D,28686,6,Net Banking,In Transit,172116
100395,2023-01-17 10:00:00,5452,North,Clothing,Item_B,15299,4,Debit Card,Returned,61196
100396,2023-01-17 11:00:00,6881,Central,Beauty,Item_E,46353,4,Net Banking,Returned,185412
100397,2023-01-17 12:00:00,7665,South,Home & Kitchen,Item_E,41612,9,UPI,Cancelled,374508
100398,2023-01-17 13:00:00,3849,South,Clothing,Item_B,1811,4,Credit Card,In Transit,7244
100399,2023-01-17 14:00:00,8390,East,Clothing,Item_A,31857,8,Net Banking,Returned,254856
100400,2023-01-17 15:00:00,7905,Central,Electronics,Item_D,18662,9,Credit Card,In Transit,167958
100401,2023-01-17 16:00:00,3489,Central,Beauty,Item_E,10973,5,Credit Card,In Transit,54865
100402,2023-01-17 17:00:00,5611,South,Clothing,Item_A,23963,6,UPI,Cancelled,143778
100403,2023-01-17 18:00:00,3839,Central,Beauty,Item_B,38747,3,Credit Card,Cancelled,116241
100404,2023-01-17 19:00:00,9527,South,Electronics,Item_A,42418,5,Net Banking,Returned,212090
100405,2023-01-17 20:00:00,6878,Central,Beauty,Item_B,29263,5,Debit Card,Cancelled,146315
100406,2023-01-17 21:00:00,7303,North,Electronics,Item_D,40118,2,Cash,In Transit,80236
100407,2023-01-17 22:00:00,1851,South,Electronics,Item_A,16937,6,Net Banking,Cancelled,101622
100408,2023-01-17 23:00:00,2687,South,Books,Item_D,45560,9,UPI,In Transit,410040
100409,2023-01-18 00:00:00,7833,West,Beauty,Item_A,14061,7,Cash,In Transit,98427
100410,2023-01-18 01:00:00,3427,Central,Home & Kitchen,Item_B,42723,8,Credit Card,Returned,341784
100411,2023-01-18 02:00:00,5000,Central,Books,Item_B,30484,2,Net Banking,Returned,60968
100412,2023-01-18 03:00:00,6052,South,Electronics,Item_A,22628,9,Cash,Returned,203652
100413,2023-01-18 04:00:00,3738,North,Home & Kitchen,Item_B,911,3,Net Banking,In Transit,2733
100414,2023-01-18 05:00:00,6732,North,Clothing,Item_C,13906,5,Credit Card,Cancelled,69530
100415,2023-01-18 06:00:00,6387,North,Clothing,Item_C,28278,7,Net Banking,Returned,197946
100416,2023-01-18 07:00:00,9002,Central,Books,Item_D,11124,4,UPI,Returned,44496
100417,2023-01-18 08:00:00,6536,West,Home & Kitchen,Item_C,46041,7,Cash,Cancelled,322287
100418,2023-01-18 09:00:00,4913,South,Beauty,Item_C,16121,8,Cash,Cancelled,128968
100419,2023-01-18 10:00:00,2066,East,Home & Kitchen,Item_E,25632,4,Cash,Returned,102528
100420,2023-01-18 11:00:00,8723,West,Books,Item_E,18013,5,Net Banking,In Transit,90065
100421,2023-01-18 12:00:00,5380,East,Beauty,Item_E,39412,3,Credit Card,In Transit,118236
100422,2023-01-18 13:00:00,5107,West,Beauty,Item_E,43652,5,Net Banking,Returned,218260
100423,2023-01-18 14:00:00,6726,North,Clothing,Item_B,3620,8,Net Banking,Cancelled,28960
100424,2023-01-18 15:00:00,4373,Central,Home & Kitchen,Item_D,2268,3,Cash,In Transit,6804
100425,2023-01-18 16:00:00,9945,East,Beauty,Item_D,40127,5,Credit Card,Cancelled,200635
100426,2023-01-18 17:00:00,3082,West,Books,Item_C,5006,1,Debit Card,Delivered,5006
100427,2023-01-18 18:00:00,9967,Central,Clothing,Item_D,39812,2,Credit Card,Cancelled,79624
100428,2023-01-18 19:00:00,7748,East,Beauty,Item_C,30739,3,Net Banking,Cancelled,92217
100429,2023-01-18 20:00:00,1417,South,Home & Kitchen,Item_D,11883,1,UPI,Delivered,11883
100430,2023-01-18 21:00:00,9306,West,Clothing,Item_A,19815,9,Credit Card,In Transit,178335
100431,2023-01-18 22:00:00,9808,South,Home & Kitchen,Item_A,35874,9,Cash,In Transit,322866
100432,2023-01-18 23:00:00,4974,North,Home & Kitchen,Item_D,20775,5,UPI,In Transit,103875
100433,2023-01-19 00:00:00,4267,South,Home & Kitchen,Item_B,20007,4,Debit Card,Returned,80028
100434,2023-01-19 01:00:00,1825,South,Clothing,Item_C,20641,5,Debit Card,Delivered,103205
100435,2023-01-19 02:00:00,8668,West,Beauty,Item_D,21778,4,UPI,Cancelled,87112
100436,2023-01-19 03:00:00,6745,North,Electronics,Item_C,11317,5,Debit Card,Delivered,56585
100437,2023-01-19 04:00:00,1412,South,Beauty,Item_E,3865,7,UPI,Delivered,27055
100438,2023-01-19 05:00:00,8543,Central,Clothing,Item_D,44590,8,Net Banking,Delivered,356720
100439,2023-01-19 06:00:00,8587,East,Electronics,Item_B,9548,2,UPI,Delivered,19096
100440,2023-01-19 07:00:00,1728,South,Electronics,Item_E,48466,4,Net Banking,Delivered,193864
100441,2023-01-19 08:00:00,8164,North,Electronics,Item_D,28983,8,Cash,Delivered,231864
100442,2023-01-19 09:00:00,9867,South,Books,Item_A,8082,7,Cash,Returned,56574
100443,2023-01-19 10:00:00,6988,East,Clothing,Item_D,5489,9,Debit Card,Delivered,49401
100444,2023-01-19 11:00:00,3504,North,Books,Item_A,14110,5,UPI,Delivered,70550
100445,2023-01-19 12:00:00,3967,West,Electronics,Item_A,40766,6,Net Banking,In Transit,244596
100446,2023-01-19 13:00:00,3786,North,Books,Item_D,32183,8,Cash,Delivered,257464
100447,2023-01-19 14:00:00,2122,West,Books,Item_D,36376,5,Cash,Delivered,181880
100448,2023-01-19 15:00:00,5079,North,Clothing,Item_A,17745,9,Cash,In Transit,159705
100449,2023-01-19 16:00:00,2571,East,Home & Kitchen,Item_C,30489,4,Debit Card,In Transit,121956
100450,2023-01-19 17:00:00,6073,East,Books,Item_E,46927,8,Cash,In Transit,375416
100451,2023-01-19 18:00:00,6104,North,Books,Item_B,4290,3,Credit Card,Cancelled,12870
100452,2023-01-19 19:00:00,3143,South,Electronics,Item_D,44001,5,Debit Card,Delivered,220005
100453,2023-01-19 20:00:00,7806,East,Electronics,Item_E,15562,8,UPI,Delivered,124496
100454,2023-01-19 21:00:00,8357,West,Electronics,Item_E,22274,7,Credit Card,Delivered,155918
100455,2023-01-19 22:00:00,4440,West,Beauty,Item_C,31035,1,Debit Card,In Transit,31035
100456,2023-01-19 23:00:00,4766,Central,Books,Item_E,13983,4,Debit Card,Returned,55932
100457,2023-01-20 00:00:00,6644,West,Electronics,Item_D,44362,2,Net Banking,Delivered,88724
100458,2023-01-20 01:00:00,3914,Central,Clothing,Item_E,35949,2,Credit Card,In Transit,71898
100459,2023-01-20 02:00:00,5968,North,Beauty,Item_D,41033,7,Credit Card,In Transit,287231
100460,2023-01-20 03:00:00,6917,North,Home & Kitchen,Item_D,3754,3,Credit Card,In Transit,11262
100461,2023-01-20 04:00:00,9787,North,Books,Item_A,45547,3,Cash,Cancelled,136641
100462,2023-01-20 05:00:00,1728,South,Books,Item_C,18973,6,Cash,In Transit,113838
100463,2023-01-20 06:00:00,2365,South,Clothing,Item_B,8358,6,UPI,Returned,50148
100464,2023-01-20 07:00:00,5492,Central,Home & Kitchen,Item_A,1214,1,UPI,Cancelled,1214
100465,2023-01-20 08:00:00,1698,West,Home & Kitchen,Item_B,46495,1,UPI,In Transit,46495
100466,2023-01-20 09:00:00,8186,West,Beauty,Item_D,30531,6,Cash,Returned,183186
100467,2023-01-20 10:00:00,1395,North,Books,Item_A,45840,7,Net Banking,Returned,320880
100468,2023-01-20 11:00:00,8400,East,Electronics,Item_E,47169,9,UPI,Delivered,424521
100469,2023-01-20 12:00:00,9082,South,Clothing,Item_E,43186,4,Debit Card,In Transit,172744
100470,2023-01-20 13:00:00,5171,South,Clothing,Item_B,36681,6,Cash,In Transit,220086
100471,2023-01-20 14:00:00,5360,North,Clothing,Item_D,7785,3,Net Banking,Delivered,23355
100472,2023-01-20 15:00:00,3502,South,Clothing,Item_B,4322,4,Debit Card,Returned,17288
100473,2023-01-20 16:00:00,1717,North,Electronics,Item_C,42860,9,Debit Card,In Transit,385740
100474,2023-01-20 17:00:00,3782,Central,Electronics,Item_E,17038,1,Cash,Delivered,17038
100475,2023-01-20 18:00:00,5946,West,Beauty,Item_A,17501,5,Credit Card,Delivered,87505
100476,2023-01-20 19:00:00,6486,East,Books,Item_A,23307,7,Net Banking,Returned,163149
100477,2023-01-20 20:00:00,9335,West,Electronics,Item_A,22825,3,Cash,Returned,68475
100478,2023-01-20 21:00:00,5980,West,Beauty,Item_E,37342,2,Credit Card,In Transit,74684
100479,2023-01-20 22:00:00,8266,Central,Home & Kitchen,Item_D,689,2,Cash,In Transit,1378
100480,2023-01-20 23:00:00,5491,South,Books,Item_E,1184,1,Cash,Cancelled,1184
100481,2023-01-21 00:00:00,8192,East,Electronics,Item_E,17544,5,Debit Card,Returned,87720
100482,2023-01-21 01:00:00,6588,South,Home & Kitchen,Item_A,34750,3,Cash,Cancelled,104250
100483,2023-01-21 02:00:00,8651,West,Beauty,Item_E,15159,7,Credit Card,Cancelled,106113
100484,2023-01-21 03:00:00,4636,North,Electronics,Item_A,47510,1,Debit Card,Delivered,47510
100485,2023-01-21 04:00:00,2167,West,Electronics,Item_D,38951,9,Credit Card,Delivered,350559
100486,2023-01-21 05:00:00,2062,South,Home & Kitchen,Item_C,2069,2,Credit Card,In Transit,4138
100487,2023-01-21 06:00:00,3156,West,Electronics,Item_A,44464,8,Debit Card,Returned,355712
100488,2023-01-21 07:00:00,8860,North,Clothing,Item_B,30468,4,Credit Card,Returned,121872
100489,2023-01-21 08:00:00,6161,Central,Electronics,Item_C,19228,6,UPI,Cancelled,115368
100490,2023-01-21 09:00:00,6305,South,Books,Item_D,39806,9,Cash,Cancelled,358254
100491,2023-01-21 10:00:00,7541,West,Home & Kitchen,Item_C,13750,7,Debit Card,In Transit,96250
100492,2023-01-21 11:00:00,5729,South,Books,Item_A,5902,8,Debit Card,Delivered,47216
100493,2023-01-21 12:00:00,8330,Central,Beauty,Item_D,13227,7,UPI,Returned,92589
100494,2023-01-21 13:00:00,6334,West,Books,Item_B,44828,2,UPI,Returned,89656
100495,2023-01-21 14:00:00,9924,West,Clothing,Item_A,32943,9,UPI,Returned,296487
100496,2023-01-21 15:00:00,5330,South,Clothing,Item_A,24659,1,UPI,Returned,24659
100497,2023-01-21 16:00:00,9010,South,Books,Item_D,22486,2,Net Banking,Delivered,44972
100498,2023-01-21 17:00:00,7801,North,Beauty,Item_D,6232,3,Debit Card,In Transit,18696
100499,2023-01-21 18:00:00,5846,Central,Electronics,Item_C,2025,3,Credit Card,In Transit,6075
100500,2023-01-21 19:00:00,7731,North,Clothing,Item_B,11754,4,Debit Card,Delivered,47016
100501,2023-01-21 20:00:00,8241,West,Books,Item_C,48301,5,Debit Card,In Transit,241505
100502,2023-01-21 21:00:00,1953,South,Books,Item_C,12670,6,Debit Card,In Transit,76020
100503,2023-01-21 22:00:00,3539,West,Books,Item_A,3970,1,UPI,Cancelled,3970
100504,2023-01-21 23:00:00,8056,West,Electronics,Item_D,27468,8,UPI,Delivered,219744
100505,2023-01-22 00:00:00,2542,East,Home & Kitchen,Item_A,229,6,Net Banking,In Transit,1374
100506,2023-01-22 01:00:00,6293,East,Beauty,Item_B,30283,9,Debit Card,Cancelled,272547
100507,2023-01-22 02:00:00,2191,West,Home & Kitchen,Item_C,9158,5,Cash,Delivered,45790
100508,2023-01-22 03:00:00,7313,South,Beauty,Item_B,48470,7,Net Banking,Delivered,339290
100509,2023-01-22 04:00:00,7938,West,Beauty,Item_D,9006,4,UPI,Returned,36024
100510,2023-01-22 05:00:00,3681,East,Books,Item_D,32362,6,Debit Card,Cancelled,194172
100511,2023-01-22 06:00:00,2540,South,Clothing,Item_E,9396,6,UPI,Cancelled,56376
100512,2023-01-22 07:00:00,7172,West,Books,Item_B,35089,4,Credit Card,Cancelled,140356
100513,2023-01-22 08:00:00,6541,Central,Electronics,Item_A,27902,6,UPI,Delivered,167412
100514,2023-01-22 09:00:00,2365,Central,Beauty,Item_B,35977,8,UPI,Returned,287816
100515,2023-01-22 10:00:00,9691,West,Clothing,Item_C,7939,5,Net Banking,Delivered,39695
100516,2023-01-22 11:00:00,9702,South,Beauty,Item_D,24799,2,Credit Card,In Transit,49598
100517,2023-01-22 12:00:00,8494,West,Beauty,Item_D,37027,9,Cash,In Transit,333243
100518,2023-01-22 13:00:00,5312,West,Books,Item_B,11485,4,Cash,In Transit,45940
100519,2023-01-22 14:00:00,2324,East,Clothing,Item_B,31347,4,Cash,Returned,125388
100520,2023-01-22 15:00:00,4141,Central,Clothing,Item_B,29927,7,Debit Card,Delivered,209489
100521,2023-01-22 16:00:00,8419,East,Beauty,Item_C,3110,6,Cash,Cancelled,18660
100522,2023-01-22 17:00:00,4486,East,Clothing,Item_C,14874,4,Debit Card,In Transit,59496
100523,2023-01-22 18:00:00,2810,West,Clothing,Item_A,18554,6,UPI,In Transit,111324
100524,2023-01-22 19:00:00,7588,East,Books,Item_B,30876,3,Cash,Delivered,92628
100525,2023-01-22 20:00:00,3923,Central,Home & Kitchen,Item_A,26314,7,Net Banking,Cancelled,184198
100526,2023-01-22 21:00:00,6301,East,Electronics,Item_E,23239,6,Credit Card,Returned,139434
100527,2023-01-22 22:00:00,5186,Central,Home & Kitchen,Item_C,45129,3,Credit Card,In Transit,135387
100528,2023-01-22 23:00:00,9905,East,Clothing,Item_D,32031,1,UPI,In Transit,32031
100529,2023-01-23 00:00:00,6977,Central,Beauty,Item_E,44084,5,Credit Card,In Transit,220420
100530,2023-01-23 01:00:00,5268,East,Electronics,Item_D,25346,2,Credit Card,Cancelled,50692
100531,2023-01-23 02:00:00,5748,East,Electronics,Item_E,46019,7,UPI,In Transit,322133
100532,2023-01-23 03:00:00,5849,South,Beauty,Item_A,17826,7,UPI,Cancelled,124782
100533,2023-01-23 04:00:00,4709,Central,Electronics,Item_A,17296,4,UPI,In Transit,69184
100534,2023-01-23 05:00:00,7619,Central,Beauty,Item_C,31508,6,Net Banking,In Transit,189048
100535,2023-01-23 06:00:00,9647,Central,Electronics,Item_D,13254,1,UPI,Cancelled,13254
100536,2023-01-23 07:00:00,4072,North,Home & Kitchen,Item_E,14270,2,UPI,Cancelled,28540
100537,2023-01-23 08:00:00,7530,East,Electronics,Item_B,42453,6,UPI,Returned,254718
100538,2023-01-23 09:00:00,1504,Central,Books,Item_B,26450,2,Cash,Delivered,52900
100539,2023-01-23 10:00:00,2214,North,Beauty,Item_C,14613,4,Cash,In Transit,58452
100540,2023-01-23 11:00:00,2531,South,Electronics,Item_D,12055,4,Net Banking,In Transit,48220
100541,2023-01-23 12:00:00,8576,Central,Beauty,Item_B,39121,9,Net Banking,Delivered,352089
100542,2023-01-23 13:00:00,1823,Central,Books,Item_C,5787,7,Credit Card,Delivered,40509
100543,2023-01-23 14:00:00,1928,North,Electronics,Item_C,9027,7,Cash,Delivered,63189
100544,2023-01-23 15:00:00,6029,East,Electronics,Item_D,25985,1,Net Banking,In Transit,25985
100545,2023-01-23 16:00:00,1133,South,Books,Item_B,32064,5,Net Banking,In Transit,160320
100546,2023-01-23 17:00:00,3105,Central,Books,Item_B,31511,3,Credit Card,In Transit,94533
100547,2023-01-23 18:00:00,4627,East,Books,Item_B,7061,3,UPI,Cancelled,21183
100548,2023-01-23 19:00:00,7316,South,Beauty,Item_A,11004,6,Debit Card,Returned,66024
100549,2023-01-23 20:00:00,2852,West,Books,Item_B,14179,4,Credit Card,Returned,56716
100550,2023-01-23 21:00:00,5910,West,Beauty,Item_E,1497,8,Debit Card,Delivered,11976
100551,2023-01-23 22:00:00,5175,South,Home & Kitchen,Item_A,47713,4,Credit Card,Delivered,190852
100552,2023-01-23 23:00:00,6348,North,Electronics,Item_A,557,8,Credit Card,In Transit,4456
100553,2023-01-24 00:00:00,7190,South,Electronics,Item_A,49268,4,UPI,Returned,197072
100554,2023-01-24 01:00:00,2256,South,Clothing,Item_A,47401,3,Net Banking,Returned,142203
100555,2023-01-24 02:00:00,4376,North,Home & Kitchen,Item_C,16824,5,Cash,Cancelled,84120
100556,2023-01-24 03:00:00,6645,North,Books,Item_E,10996,5,Credit Card,In Transit,54980
100557,2023-01-24 04:00:00,4486,East,Books,Item_D,23438,1,UPI,In Transit,23438
100558,2023-01-24 05:00:00,4584,East,Home & Kitchen,Item_B,28840,8,Debit Card,Returned,230720
100559,2023-01-24 06:00:00,9053,North,Books,Item_A,41083,8,Net Banking,Returned,328664
100560,2023-01-24 07:00:00,4330,West,Clothing,Item_D,32057,8,Credit Card,Cancelled,256456
100561,2023-01-24 08:00:00,3703,West,Beauty,Item_C,20142,4,Debit Card,Cancelled,80568
100562,2023-01-24 09:00:00,9662,South,Electronics,Item_D,4060,9,Credit Card,In Transit,36540
100563,2023-01-24 10:00:00,9120,Central,Home & Kitchen,Item_A,45411,3,Cash,Cancelled,136233
100564,2023-01-24 11:00:00,8114,South,Electronics,Item_E,4647,7,Cash,Returned,32529
100565,2023-01-24 12:00:00,2353,South,Beauty,Item_D,20723,6,Net Banking,In Transit,124338
100566,2023-01-24 13:00:00,6063,Central,Home & Kitchen,Item_A,49489,9,Debit Card,Returned,445401
100567,2023-01-24 14:00:00,9549,North,Beauty,Item_A,34935,4,Cash,In Transit,139740
100568,2023-01-24 15:00:00,8575,West,Books,Item_B,39547,4,UPI,In Transit,158188
100569,2023-01-24 16:00:00,1667,South,Books,Item_B,5049,6,Net Banking,Returned,30294
100570,2023-01-24 17:00:00,5468,Central,Books,Item_E,24918,8,Credit Card,In Transit,199344
100571,2023-01-24 18:00:00,7819,East,Beauty,Item_B,40135,3,Debit Card,In Transit,120405
100572,2023-01-24 19:00:00,4719,South,Beauty,Item_E,22526,8,Debit Card,Cancelled,180208
100573,2023-01-24 20:00:00,3745,West,Beauty,Item_C,7666,8,UPI,Returned,61328
100574,2023-01-24 21:00:00,8483,North,Electronics,Item_C,22989,7,Cash,Returned,160923
100575,2023-01-24 22:00:00,1539,South,Beauty,Item_B,27335,7,Debit Card,Cancelled,191345
100576,2023-01-24 23:00:00,5964,South,Books,Item_C,45317,5,UPI,In Transit,226585
100577,2023-01-25 00:00:00,5835,Central,Clothing,Item_D,30462,2,UPI,Delivered,60924
100578,2023-01-25 01:00:00,4775,East,Beauty,Item_D,24635,2,Credit Card,Delivered,49270
100579,2023-01-25 02:00:00,7042,East,Clothing,Item_D,34987,8,UPI,Returned,279896
100580,2023-01-25 03:00:00,8102,North,Books,Item_C,39142,6,Net Banking,Cancelled,234852
100581,2023-01-25 04:00:00,8312,West,Beauty,Item_D,15889,8,Debit Card,In Transit,127112
100582,2023-01-25 05:00:00,6320,North,Electronics,Item_E,40060,3,Net Banking,Cancelled,120180
100583,2023-01-25 06:00:00,7132,South,Electronics,Item_A,43473,1,UPI,In Transit,43473
100584,2023-01-25 07:00:00,8891,South,Clothing,Item_B,2555,6,UPI,Returned,15330
100585,2023-01-25 08:00:00,3779,East,Electronics,Item_E,32128,2,Net Banking,Returned,64256
100586,2023-01-25 09:00:00,1924,West,Electronics,Item_D,533,9,Credit Card,Delivered,4797
100587,2023-01-25 10:00:00,2581,Central,Electronics,Item_A,35530,5,UPI,Cancelled,177650
100588,2023-01-25 11:00:00,8714,West,Books,Item_B,14976,5,Net Banking,Returned,74880
100589,2023-01-25 12:00:00,4324,South,Electronics,Item_E,27214,8,Net Banking,Cancelled,217712
100590,2023-01-25 13:00:00,6713,Central,Home & Kitchen,Item_B,34763,6,Debit Card,Returned,208578
100591,2023-01-25 14:00:00,8026,West,Beauty,Item_C,15470,3,Credit Card,In Transit,46410
100592,2023-01-25 15:00:00,1255,West,Electronics,Item_D,31479,9,Cash,In Transit,283311
100593,2023-01-25 16:00:00,5804,Central,Electronics,Item_E,33221,4,Net Banking,Delivered,132884
100594,2023-01-25 17:00:00,2838,South,Electronics,Item_E,3857,4,Debit Card,Returned,15428
100595,2023-01-25 18:00:00,1009,West,Home & Kitchen,Item_A,24086,2,Cash,Delivered,48172
100596,2023-01-25 19:00:00,3871,Central,Electronics,Item_A,42583,3,Debit Card,Delivered,127749
100597,2023-01-25 20:00:00,9989,South,Electronics,Item_A,3437,4,Debit Card,Returned,13748
100598,2023-01-25 21:00:00,8409,Central,Beauty,Item_B,36299,7,Credit Card,Returned,254093
100599,2023-01-25 22:00:00,8418,Central,Home & Kitchen,Item_D,1227,3,UPI,In Transit,3681
100600,2023-01-25 23:00:00,6124,West,Home & Kitchen,Item_B,14399,8,Credit Card,Delivered,115192
100601,2023-01-26 00:00:00,2015,South,Electronics,Item_D,46251,8,Cash,In Transit,370008
100602,2023-01-26 01:00:00,3193,West,Home & Kitchen,Item_E,45154,2,Credit Card,Cancelled,90308
100603,2023-01-26 02:00:00,9415,North,Clothing,Item_B,49821,4,UPI,Cancelled,199284
100604,2023-01-26 03:00:00,8449,North,Home & Kitchen,Item_B,13981,8,Credit Card,Delivered,111848
100605,2023-01-26 04:00:00,5158,South,Home & Kitchen,Item_B,15320,1,Credit Card,Delivered,15320
100606,2023-01-26 05:00:00,4925,Central,Home & Kitchen,Item_C,24489,1,Credit Card,Returned,24489
100607,2023-01-26 06:00:00,7970,West,Books,Item_D,6183,4,Net Banking,Returned,24732
100608,2023-01-26 07:00:00,7938,West,Books,Item_D,1293,2,Net Banking,Delivered,2586
100609,2023-01-26 08:00:00,5784,South,Books,Item_B,4989,1,Credit Card,Delivered,4989
100610,2023-01-26 09:00:00,5000,South,Home & Kitchen,Item_C,3112,8,UPI,Cancelled,24896
100611,2023-01-26 10:00:00,2633,North,Clothing,Item_B,48079,2,UPI,In Transit,96158
100612,2023-01-26 11:00:00,8266,East,Home & Kitchen,Item_D,22073,4,UPI,Cancelled,88292
100613,2023-01-26 12:00:00,9702,South,Electronics,Item_E,14532,3,UPI,Cancelled,43596
100614,2023-01-26 13:00:00,1384,East,Clothing,Item_C,16764,2,Debit Card,In Transit,33528
100615,2023-01-26 14:00:00,1404,South,Books,Item_C,12459,8,Credit Card,Delivered,99672
100616,2023-01-26 15:00:00,9175,Central,Beauty,Item_B,42380,3,Credit Card,Delivered,127140
100617,2023-01-26 16:00:00,3000,Central,Clothing,Item_E,20726,9,Debit Card,Cancelled,186534
100618,2023-01-26 17:00:00,6989,North,Books,Item_D,21313,5,UPI,Cancelled,106565
100619,2023-01-26 18:00:00,2460,North,Clothing,Item_A,16206,9,Cash,In Transit,145854
100620,2023-01-26 19:00:00,8190,East,Clothing,Item_D,21843,3,Cash,Returned,65529
100621,2023-01-26 20:00:00,8140,South,Home & Kitchen,Item_D,24613,5,Debit Card,Returned,123065
100622,2023-01-26 21:00:00,4636,West,Electronics,Item_E,42723,6,Cash,Delivered,256338
100623,2023-01-26 22:00:00,5809,North,Beauty,Item_C,30322,9,Net Banking,Returned,272898
100624,2023-01-26 23:00:00,5178,West,Books,Item_D,4884,8,Credit Card,Delivered,39072
100625,2023-01-27 00:00:00,8245,West,Clothing,Item_C,8054,2,Cash,Delivered,16108
100626,2023-01-27 01:00:00,7600,South,Beauty,Item_E,22557,2,Net Banking,Delivered,45114
100627,2023-01-27 02:00:00,6997,East,Clothing,Item_E,39385,5,Credit Card,In Transit,196925
100628,2023-01-27 03:00:00,3048,South,Electronics,Item_B,18146,5,Net Banking,Cancelled,90730
100629,2023-01-27 04:00:00,5780,North,Beauty,Item_A,13327,5,Credit Card,Returned,66635
100630,2023-01-27 05:00:00,1716,West,Books,Item_E,43666,4,Credit Card,In Transit,174664
100631,2023-01-27 06:00:00,8939,South,Clothing,Item_E,29604,8,Cash,Returned,236832
100632,2023-01-27 07:00:00,6565,South,Electronics,Item_C,23088,5,Debit Card,In Transit,115440
100633,2023-01-27 08:00:00,5544,South,Beauty,Item_E,17601,1,Cash,Returned,17601
100634,2023-01-27 09:00:00,5976,North,Clothing,Item_D,15628,5,UPI,Returned,78140
100635,2023-01-27 10:00:00,4419,East,Clothing,Item_B,36622,1,Net Banking,Cancelled,36622
100636,2023-01-27 11:00:00,8239,South,Books,Item_B,47965,4,UPI,Returned,191860
100637,2023-01-27 12:00:00,1249,North,Electronics,Item_D,46710,1,Credit Card,In Transit,46710
100638,2023-01-27 13:00:00,9865,West,Home & Kitchen,Item_E,41917,6,Cash,Returned,251502
100639,2023-01-27 14:00:00,1770,Central,Clothing,Item_A,12171,6,UPI,Cancelled,73026
100640,2023-01-27 15:00:00,5363,North,Beauty,Item_E,48359,1,UPI,Returned,48359
100641,2023-01-27 16:00:00,2077,Central,Books,Item_B,22682,8,UPI,In Transit,181456
100642,2023-01-27 17:00:00,9427,South,Books,Item_A,20168,4,Credit Card,Returned,80672
100643,2023-01-27 18:00:00,9580,South,Clothing,Item_C,16765,2,Credit Card,Cancelled,33530
100644,2023-01-27 19:00:00,8901,North,Clothing,Item_C,7029,1,Credit Card,Cancelled,7029
100645,2023-01-27 20:00:00,5858,Central,Clothing,Item_E,10687,3,UPI,Cancelled,32061
100646,2023-01-27 21:00:00,7544,South,Home & Kitchen,Item_E,35635,7,Net Banking,Cancelled,249445
100647,2023-01-27 22:00:00,5719,West,Clothing,Item_A,32825,8,Cash,Delivered,262600
100648,2023-01-27 23:00:00,3814,East,Electronics,Item_A,42959,5,Cash,Cancelled,214795
100649,2023-01-28 00:00:00,4374,East,Beauty,Item_E,16487,7,Credit Card,Returned,115409
100650,2023-01-28 01:00:00,2252,South,Clothing,Item_B,39141,2,UPI,Returned,78282
100651,2023-01-28 02:00:00,7996,Central,Home & Kitchen,Item_C,42659,4,Net Banking,Returned,170636
100652,2023-01-28 03:00:00,5673,South,Beauty,Item_A,48176,6,Debit Card,Returned,289056
100653,2023-01-28 04:00:00,5530,Central,Books,Item_B,46203,5,Credit Card,Delivered,231015
100654,2023-01-28 05:00:00,7881,West,Clothing,Item_E,13863,6,Debit Card,Delivered,83178
100655,2023-01-28 06:00:00,7949,Central,Beauty,Item_D,9376,2,Cash,Delivered,18752
100656,2023-01-28 07:00:00,7241,South,Books,Item_A,15272,7,Cash,Returned,106904
100657,2023-01-28 08:00:00,9017,West,Home & Kitchen,Item_D,5716,8,Net Banking,In Transit,45728
100658,2023-01-28 09:00:00,7941,North,Electronics,Item_B,32032,9,Net Banking,In Transit,288288
100659,2023-01-28 10:00:00,8002,East,Clothing,Item_C,19889,6,Debit Card,Returned,119334
100660,2023-01-28 11:00:00,2331,South,Electronics,Item_B,18799,7,Cash,Cancelled,131593
100661,2023-01-28 12:00:00,5261,South,Home & Kitchen,Item_C,16709,1,Net Banking,Cancelled,16709
100662,2023-01-28 13:00:00,8648,South,Beauty,Item_B,35588,9,Net Banking,Returned,320292
100663,2023-01-28 14:00:00,6115,West,Beauty,Item_A,9400,6,Cash,Cancelled,56400
100664,2023-01-28 15:00:00,5637,North,Home & Kitchen,Item_A,25989,4,Cash,Cancelled,103956
100665,2023-01-28 16:00:00,5854,Central,Home & Kitchen,Item_D,12096,9,UPI,In Transit,108864
100666,2023-01-28 17:00:00,4177,North,Clothing,Item_B,22131,1,Net Banking,Returned,22131
100667,2023-01-28 18:00:00,8730,West,Books,Item_B,23287,2,Debit Card,Delivered,46574
100668,2023-01-28 19:00:00,3180,South,Electronics,Item_D,23953,3,Credit Card,In Transit,71859
100669,2023-01-28 20:00:00,5892,East,Electronics,Item_E,33664,1,Credit Card,Returned,33664
100670,2023-01-28 21:00:00,8043,South,Beauty,Item_B,2470,2,Cash,Returned,4940
100671,2023-01-28 22:00:00,1137,Central,Beauty,Item_B,26291,2,Debit Card,In Transit,52582
100672,2023-01-28 23:00:00,7327,East,Clothing,Item_B,42194,7,UPI,Cancelled,295358
100673,2023-01-29 00:00:00,4472,South,Home & Kitchen,Item_E,16260,6,Net Banking,Cancelled,97560
100674,2023-01-29 01:00:00,6449,East,Electronics,Item_A,42695,9,UPI,In Transit,384255
100675,2023-01-29 02:00:00,3832,North,Clothing,Item_D,41973,5,Debit Card,Returned,209865
100676,2023-01-29 03:00:00,4579,West,Beauty,Item_E,25787,9,UPI,Delivered,232083
100677,2023-01-29 04:00:00,6971,South,Beauty,Item_C,48052,9,Cash,Returned,432468
100678,2023-01-29 05:00:00,5164,Central,Electronics,Item_C,29929,2,Credit Card,Delivered,59858
100679,2023-01-29 06:00:00,8941,North,Beauty,Item_E,25794,9,Cash,Delivered,232146
100680,2023-01-29 07:00:00,6569,South,Beauty,Item_E,15016,3,Net Banking,Returned,45048
100681,2023-01-29 08:00:00,5300,North,Books,Item_A,39685,3,Cash,Returned,119055
100682,2023-01-29 09:00:00,7269,Central,Home & Kitchen,Item_C,21504,9,Debit Card,Returned,193536
100683,2023-01-29 10:00:00,4818,South,Beauty,Item_D,28586,7,Debit Card,Delivered,200102
100684,2023-01-29 11:00:00,2906,Central,Books,Item_B,1316,8,Net Banking,Cancelled,10528
100685,2023-01-29 12:00:00,7254,East,Clothing,Item_B,29499,7,Net Banking,Delivered,206493
100686,2023-01-29 13:00:00,1760,Central,Beauty,Item_A,32787,9,Credit Card,Delivered,295083
100687,2023-01-29 14:00:00,8830,East,Clothing,Item_A,17740,8,UPI,Delivered,141920
100688,2023-01-29 15:00:00,8350,South,Beauty,Item_C,48147,4,Credit Card,In Transit,192588
100689,2023-01-29 16:00:00,7238,East,Electronics,Item_D,33956,2,Cash,Cancelled,67912
100690,2023-01-29 17:00:00,7090,South,Books,Item_D,43626,5,UPI,Delivered,218130
100691,2023-01-29 18:00:00,7031,South,Books,Item_E,5787,2,Net Banking,Delivered,11574
100692,2023-01-29 19:00:00,8687,West,Electronics,Item_A,18412,4,Debit Card,In Transit,73648
100693,2023-01-29 20:00:00,9472,South,Home & Kitchen,Item_B,16003,2,Cash,Delivered,32006
100694,2023-01-29 21:00:00,2887,East,Books,Item_B,24456,5,Credit Card,Cancelled,122280
100695,2023-01-29 22:00:00,4266,West,Clothing,Item_C,49239,6,Net Banking,Delivered,295434
100696,2023-01-29 23:00:00,1666,West,Books,Item_B,10469,1,UPI,Cancelled,10469
100697,2023-01-30 00:00:00,5188,South,Home & Kitchen,Item_D,6288,8,UPI,Cancelled,50304
100698,2023-01-30 01:00:00,1671,Central,Clothing,Item_D,35313,2,Debit Card,Returned,70626
100699,2023-01-30 02:00:00,7777,Central,Clothing,Item_A,42244,5,Net Banking,In Transit,211220
100700,2023-01-30 03:00:00,8570,West,Electronics,Item_C,27281,8,Net Banking,In Transit,218248
100701,2023-01-30 04:00:00,8956,South,Beauty,Item_B,10743,5,Cash,In Transit,53715
100702,2023-01-30 05:00:00,6124,Central,Electronics,Item_A,3205,3,Cash,Returned,9615
100703,2023-01-30 06:00:00,6585,South,Beauty,Item_E,37403,6,UPI,Returned,224418
100704,2023-01-30 07:00:00,5777,South,Electronics,Item_E,16420,1,Credit Card,Cancelled,16420
100705,2023-01-30 08:00:00,4900,West,Beauty,Item_B,43655,1,UPI,In Transit,43655
100706,2023-01-30 09:00:00,7677,West,Books,Item_B,32896,8,Cash,Returned,263168
100707,2023-01-30 10:00:00,7981,North,Clothing,Item_B,14347,7,Cash,Returned,100429
100708,2023-01-30 11:00:00,7376,Central,Beauty,Item_D,46581,3,Cash,Returned,139743
100709,2023-01-30 12:00:00,1523,Central,Books,Item_B,48184,8,UPI,Cancelled,385472
100710,2023-01-30 13:00:00,3393,Central,Home & Kitchen,Item_E,39596,8,Net Banking,Delivered,316768
100711,2023-01-30 14:00:00,3593,East,Electronics,Item_B,276,1,Credit Card,Returned,276
100712,2023-01-30 15:00:00,8240,South,Home & Kitchen,Item_C,38720,7,Credit Card,Returned,271040
100713,2023-01-30 16:00:00,7937,West,Books,Item_E,19146,2,Cash,Returned,38292
100714,2023-01-30 17:00:00,7190,Central,Home & Kitchen,Item_C,18156,2,Debit Card,In Transit,36312
100715,2023-01-30 18:00:00,6240,North,Home & Kitchen,Item_E,23671,2,UPI,In Transit,47342
100716,2023-01-30 19:00:00,7493,Central,Books,Item_A,47962,5,Net Banking,Returned,239810
100717,2023-01-30 20:00:00,3878,South,Clothing,Item_E,38938,7,Cash,Cancelled,272566
100718,2023-01-30 21:00:00,5143,South,Beauty,Item_E,40920,4,Debit Card,Delivered,163680
100719,2023-01-30 22:00:00,4644,West,Electronics,Item_C,29337,4,Cash,In Transit,117348
100720,2023-01-30 23:00:00,5432,East,Beauty,Item_C,24640,9,Debit Card,Delivered,221760
100721,2023-01-31 00:00:00,2276,West,Electronics,Item_E,12062,9,Credit Card,Returned,108558
100722,2023-01-31 01:00:00,6811,Central,Beauty,Item_E,36079,7,Debit Card,In Transit,252553
100723,2023-01-31 02:00:00,1302,North,Home & Kitchen,Item_D,2937,4,Credit Card,Delivered,11748
100724,2023-01-31 03:00:00,1638,West,Clothing,Item_A,42512,8,Credit Card,Returned,340096
100725,2023-01-31 04:00:00,1055,East,Home & Kitchen,Item_A,21988,3,UPI,In Transit,65964
100726,2023-01-31 05:00:00,9717,West,Clothing,Item_B,25722,3,Debit Card,Returned,77166
100727,2023-01-31 06:00:00,9150,South,Books,Item_E,4849,7,Net Banking,In Transit,33943
100728,2023-01-31 07:00:00,3125,Central,Electronics,Item_E,4068,9,Net Banking,Delivered,36612
100729,2023-01-31 08:00:00,1364,Central,Electronics,Item_E,8024,4,Debit Card,Delivered,32096
100730,2023-01-31 09:00:00,7809,Central,Books,Item_E,7999,4,UPI,In Transit,31996
100731,2023-01-31 10:00:00,5621,Central,Beauty,Item_A,20070,1,Net Banking,Cancelled,20070
100732,2023-01-31 11:00:00,6126,Central,Books,Item_C,45347,1,Cash,Returned,45347
100733,2023-01-31 12:00:00,6122,Central,Books,Item_D,17586,3,Net Banking,Delivered,52758
100734,2023-01-31 13:00:00,2646,North,Clothing,Item_C,8814,7,UPI,Cancelled,61698
100735,2023-01-31 14:00:00,1918,East,Books,Item_C,25347,9,Credit Card,In Transit,228123
100736,2023-01-31 15:00:00,3797,Central,Electronics,Item_A,11301,4,Credit Card,Delivered,45204
100737,2023-01-31 16:00:00,7506,East,Home & Kitchen,Item_D,40874,2,Credit Card,Delivered,81748
100738,2023-01-31 17:00:00,6870,Central,Clothing,Item_E,38327,6,UPI,Returned,229962
100739,2023-01-31 18:00:00,2531,West,Clothing,Item_A,21114,6,Credit Card,Cancelled,126684
100740,2023-01-31 19:00:00,9172,Central,Beauty,Item_A,9815,9,Credit Card,Returned,88335
100741,2023-01-31 20:00:00,4345,South,Home & Kitchen,Item_D,23253,4,UPI,In Transit,93012
100742,2023-01-31 21:00:00,8673,North,Clothing,Item_B,34721,8,Cash,Delivered,277768
100743,2023-01-31 22:00:00,7949,West,Books,Item_A,13681,3,Net Banking,Cancelled,41043
100744,2023-01-31 23:00:00,7882,West,Clothing,Item_C,47098,2,UPI,Returned,94196
100745,2023-02-01 00:00:00,2906,South,Clothing,Item_C,44082,9,UPI,Cancelled,396738
100746,2023-02-01 01:00:00,4086,Central,Clothing,Item_E,10695,6,Debit Card,In Transit,64170
100747,2023-02-01 02:00:00,9152,North,Beauty,Item_A,26482,8,Credit Card,Delivered,211856
100748,2023-02-01 03:00:00,6750,West,Clothing,Item_E,346,9,Cash,Cancelled,3114
100749,2023-02-01 04:00:00,9905,North,Clothing,Item_A,40475,1,Debit Card,In Transit,40475
100750,2023-02-01 05:00:00,2062,West,Beauty,Item_D,49668,1,Cash,In Transit,49668
100751,2023-02-01 06:00:00,2976,Central,Home & Kitchen,Item_A,16177,5,Credit Card,Delivered,80885
100752,2023-02-01 07:00:00,2296,West,Electronics,Item_B,41765,9,Credit Card,Returned,375885
100753,2023-02-01 08:00:00,7229,West,Beauty,Item_C,41734,7,Credit Card,Delivered,292138
100754,2023-02-01 09:00:00,8641,East,Beauty,Item_D,34145,7,Net Banking,Delivered,239015
100755,2023-02-01 10:00:00,1125,Central,Clothing,Item_C,44486,2,Cash,Cancelled,88972
100756,2023-02-01 11:00:00,5632,South,Clothing,Item_E,36390,3,Cash,Cancelled,109170
100757,2023-02-01 12:00:00,7288,South,Electronics,Item_D,2794,4,Debit Card,Returned,11176
100758,2023-02-01 13:00:00,4596,Central,Clothing,Item_B,11274,2,UPI,In Transit,22548
100759,2023-02-01 14:00:00,7168,South,Books,Item_C,27631,9,Credit Card,Cancelled,248679
100760,2023-02-01 15:00:00,8561,Central,Clothing,Item_A,17348,5,Credit Card,Returned,86740
100761,2023-02-01 16:00:00,9258,South,Clothing,Item_A,22861,7,Debit Card,Delivered,160027
100762,2023-02-01 17:00:00,1232,East,Books,Item_A,27771,9,Cash,In Transit,249939
100763,2023-02-01 18:00:00,7371,South,Electronics,Item_D,44360,5,Net Banking,Delivered,221800
100764,2023-02-01 19:00:00,5206,West,Books,Item_B,635,6,Cash,In Transit,3810
100765,2023-02-01 20:00:00,8943,Central,Beauty,Item_B,36319,4,Net Banking,Cancelled,145276
100766,2023-02-01 21:00:00,7891,North,Books,Item_B,44137,8,Net Banking,Delivered,353096
100767,2023-02-01 22:00:00,7738,North,Home & Kitchen,Item_C,16718,1,Cash,Delivered,16718
100768,2023-02-01 23:00:00,3472,Central,Beauty,Item_D,28690,1,Credit Card,In Transit,28690
100769,2023-02-02 00:00:00,3739,East,Clothing,Item_A,21202,5,Net Banking,Returned,106010
100770,2023-02-02 01:00:00,6401,South,Beauty,Item_C,41963,9,Debit Card,In Transit,377667
100771,2023-02-02 02:00:00,2761,East,Electronics,Item_B,2566,2,Debit Card,Cancelled,5132
100772,2023-02-02 03:00:00,1876,North,Electronics,Item_A,12567,3,Net Banking,Returned,37701
100773,2023-02-02 04:00:00,4812,Central,Books,Item_D,11654,8,Credit Card,Delivered,93232
100774,2023-02-02 05:00:00,2460,Central,Beauty,Item_E,9868,5,Net Banking,Delivered,49340
100775,2023-02-02 06:00:00,2733,East,Clothing,Item_B,3615,3,Debit Card,Delivered,10845
100776,2023-02-02 07:00:00,2605,East,Electronics,Item_B,31973,6,Debit Card,Cancelled,191838
100777,2023-02-02 08:00:00,6622,South,Clothing,Item_B,10432,6,Cash,Delivered,62592
100778,2023-02-02 09:00:00,7767,West,Home & Kitchen,Item_B,29239,5,Credit Card,Delivered,146195
100779,2023-02-02 10:00:00,7986,West,Electronics,Item_A,25768,5,Cash,Returned,128840
100780,2023-02-02 11:00:00,4517,South,Books,Item_D,37659,6,UPI,Cancelled,225954
100781,2023-02-02 12:00:00,4735,West,Home & Kitchen,Item_C,7869,2,Net Banking,Delivered,15738
100782,2023-02-02 13:00:00,9434,North,Beauty,Item_A,24413,6,Cash,Returned,146478
100783,2023-02-02 14:00:00,3590,West,Clothing,Item_D,18480,2,Credit Card,Delivered,36960
100784,2023-02-02 15:00:00,2063,South,Electronics,Item_C,19649,3,Net Banking,Returned,58947
100785,2023-02-02 16:00:00,5324,West,Home & Kitchen,Item_B,35716,2,Net Banking,Delivered,71432
100786,2023-02-02 17:00:00,6342,Central,Home & Kitchen,Item_D,23276,1,Net Banking,Cancelled,23276
100787,2023-02-02 18:00:00,1005,East,Electronics,Item_B,2861,1,Net Banking,In Transit,2861
100788,2023-02-02 19:00:00,8489,North,Beauty,Item_D,23533,9,Net Banking,Cancelled,211797
100789,2023-02-02 20:00:00,9659,Central,Beauty,Item_E,22959,4,Credit Card,Returned,91836
100790,2023-02-02 21:00:00,9195,Central,Books,Item_B,48141,5,UPI,Delivered,240705
100791,2023-02-02 22:00:00,6966,South,Beauty,Item_B,44567,7,Debit Card,Cancelled,311969
100792,2023-02-02 23:00:00,9837,East,Books,Item_B,39075,2,UPI,Delivered,78150
100793,2023-02-03 00:00:00,1117,East,Home & Kitchen,Item_A,12898,9,Debit Card,Cancelled,116082
100794,2023-02-03 01:00:00,3551,North,Electronics,Item_C,31164,4,Cash,Returned,124656
100795,2023-02-03 02:00:00,6560,South,Beauty,Item_B,31608,1,Net Banking,In Transit,31608
100796,2023-02-03 03:00:00,5289,North,Books,Item_B,23085,8,Cash,Cancelled,184680
100797,2023-02-03 04:00:00,1846,West,Home & Kitchen,Item_A,13509,4,Cash,Delivered,54036
100798,2023-02-03 05:00:00,7316,Central,Beauty,Item_A,35629,7,Debit Card,Delivered,249403
100799,2023-02-03 06:00:00,7469,North,Clothing,Item_E,15333,3,Credit Card,Delivered,45999
100800,2023-02-03 07:00:00,9915,Central,Home & Kitchen,Item_D,8410,9,Net Banking,Returned,75690
100801,2023-02-03 08:00:00,1224,South,Beauty,Item_B,36326,5,Cash,Returned,181630
100802,2023-02-03 09:00:00,5208,West,Home & Kitchen,Item_D,33243,5,UPI,In Transit,166215
100803,2023-02-03 10:00:00,7283,South,Electronics,Item_A,4278,3,Net Banking,Delivered,12834
100804,2023-02-03 11:00:00,3048,West,Electronics,Item_A,11337,9,Credit Card,In Transit,102033
100805,2023-02-03 12:00:00,7233,West,Electronics,Item_E,29550,3,Net Banking,Delivered,88650
100806,2023-02-03 13:00:00,2828,Central,Clothing,Item_C,4898,2,Cash,Cancelled,9796
100807,2023-02-03 14:00:00,2917,South,Electronics,Item_A,33332,9,UPI,Cancelled,299988
100808,2023-02-03 15:00:00,5234,South,Clothing,Item_B,10365,9,Cash,Cancelled,93285
100809,2023-02-03 16:00:00,7988,North,Electronics,Item_E,994,4,Credit Card,Delivered,3976
100810,2023-02-03 17:00:00,3026,South,Home & Kitchen,Item_C,13846,4,Debit Card,Cancelled,55384
100811,2023-02-03 18:00:00,4744,North,Beauty,Item_E,23379,6,UPI,Delivered,140274
100812,2023-02-03 19:00:00,1009,East,Beauty,Item_A,6070,9,Credit Card,In Transit,54630
100813,2023-02-03 20:00:00,1260,East,Electronics,Item_C,33557,8,Credit Card,Returned,268456
100814,2023-02-03 21:00:00,7038,East,Beauty,Item_D,30936,3,Cash,Cancelled,92808
100815,2023-02-03 22:00:00,3219,South,Electronics,Item_C,37281,6,Cash,Delivered,223686
100816,2023-02-03 23:00:00,8041,South,Electronics,Item_B,16411,7,Cash,Delivered,114877
100817,2023-02-04 00:00:00,3060,North,Books,Item_D,21329,6,Debit Card,In Transit,127974
100818,2023-02-04 01:00:00,6287,West,Books,Item_D,7577,3,Net Banking,In Transit,22731
100819,2023-02-04 02:00:00,2619,North,Books,Item_B,9061,9,Net Banking,Returned,81549
100820,2023-02-04 03:00:00,9512,East,Clothing,Item_D,18021,4,Cash,In Transit,72084
100821,2023-02-04 04:00:00,2342,North,Books,Item_A,13152,2,Cash,Returned,26304
100822,2023-02-04 05:00:00,3832,West,Electronics,Item_C,9247,9,Debit Card,Returned,83223
100823,2023-02-04 06:00:00,3824,South,Home & Kitchen,Item_C,27153,3,Net Banking,In Transit,81459
100824,2023-02-04 07:00:00,2994,North,Books,Item_B,37001,6,Debit Card,Returned,222006
100825,2023-02-04 08:00:00,4490,East,Books,Item_A,18477,5,Credit Card,Cancelled,92385
100826,2023-02-04 09:00:00,8984,East,Home & Kitchen,Item_D,24103,2,Net Banking,Returned,48206
100827,2023-02-04 10:00:00,2604,South,Electronics,Item_C,18426,1,Cash,Delivered,18426
100828,2023-02-04 11:00:00,1235,North,Clothing,Item_C,22828,9,UPI,Delivered,205452
100829,2023-02-04 12:00:00,2908,West,Books,Item_C,16910,3,Credit Card,Delivered,50730
100830,2023-02-04 13:00:00,9567,South,Home & Kitchen,Item_C,28002,7,UPI,In Transit,196014
100831,2023-02-04 14:00:00,4530,North,Electronics,Item_E,18984,9,Debit Card,Delivered,170856
100832,2023-02-04 15:00:00,6256,Central,Beauty,Item_B,4478,9,Debit Card,In Transit,40302
100833,2023-02-04 16:00:00,3635,East,Clothing,Item_D,28877,6,Debit Card,Delivered,173262
100834,2023-02-04 17:00:00,9162,West,Home & Kitchen,Item_D,7700,8,Cash,Returned,61600
100835,2023-02-04 18:00:00,3560,West,Home & Kitchen,Item_B,4215,9,Debit Card,In Transit,37935
100836,2023-02-04 19:00:00,6415,West,Home & Kitchen,Item_A,22036,3,UPI,Delivered,66108
100837,2023-02-04 20:00:00,4391,East,Books,Item_B,41210,6,Credit Card,Returned,247260
100838,2023-02-04 21:00:00,6951,North,Beauty,Item_C,8026,5,Cash,In Transit,40130
100839,2023-02-04 22:00:00,6468,South,Clothing,Item_C,9401,7,Credit Card,Returned,65807
100840,2023-02-04 23:00:00,9007,North,Electronics,Item_B,29248,7,Debit Card,Returned,204736
100841,2023-02-05 00:00:00,7413,South,Electronics,Item_B,20141,9,Net Banking,Returned,181269
100842,2023-02-05 01:00:00,7941,West,Beauty,Item_D,15305,1,Cash,In Transit,15305
100843,2023-02-05 02:00:00,5820,North,Home & Kitchen,Item_D,353,6,Debit Card,In Transit,2118
100844,2023-02-05 03:00:00,3898,West,Home & Kitchen,Item_E,41741,5,Cash,Cancelled,208705
100845,2023-02-05 04:00:00,8546,Central,Home & Kitchen,Item_E,5086,4,Net Banking,Cancelled,20344
100846,2023-02-05 05:00:00,1077,West,Home & Kitchen,Item_C,24150,1,UPI,Cancelled,24150
100847,2023-02-05 06:00:00,8577,West,Home & Kitchen,Item_E,2467,4,UPI,Cancelled,9868
100848,2023-02-05 07:00:00,5227,South,Beauty,Item_E,20842,7,UPI,In Transit,145894
100849,2023-02-05 08:00:00,1600,Central,Books,Item_A,1170,4,Net Banking,Cancelled,4680
100850,2023-02-05 09:00:00,2065,West,Clothing,Item_B,41807,1,Credit Card,Delivered,41807
100851,2023-02-05 10:00:00,3136,West,Home & Kitchen,Item_D,31488,1,Net Banking,Cancelled,31488
100852,2023-02-05 11:00:00,7943,Central,Books,Item_E,46781,1,Net Banking,Delivered,46781
100853,2023-02-05 12:00:00,8804,Central,Electronics,Item_D,17529,5,Debit Card,Delivered,87645
100854,2023-02-05 13:00:00,7565,North,Beauty,Item_E,14650,7,UPI,Returned,102550
100855,2023-02-05 14:00:00,6984,South,Books,Item_E,5818,9,Cash,Returned,52362
100856,2023-02-05 15:00:00,6142,Central,Home & Kitchen,Item_C,34463,8,Credit Card,Returned,275704
100857,2023-02-05 16:00:00,5670,Central,Home & Kitchen,Item_A,2247,2,Cash,Cancelled,4494
100858,2023-02-05 17:00:00,3190,East,Home & Kitchen,Item_B,9564,9,Debit Card,In Transit,86076
100859,2023-02-05 18:00:00,3712,Central,Books,Item_B,28994,4,Debit Card,Delivered,115976
100860,2023-02-05 19:00:00,3192,South,Home & Kitchen,Item_C,13291,5,Credit Card,In Transit,66455
100861,2023-02-05 20:00:00,2248,West,Books,Item_C,3086,5,Cash,In Transit,15430
100862,2023-02-05 21:00:00,5033,West,Home & Kitchen,Item_B,21772,4,Credit Card,Cancelled,87088
100863,2023-02-05 22:00:00,2997,West,Electronics,Item_B,15361,6,Credit Card,In Transit,92166
100864,2023-02-05 23:00:00,4687,West,Electronics,Item_A,4358,1,UPI,In Transit,4358
100865,2023-02-06 00:00:00,5018,East,Clothing,Item_E,27863,2,Cash,Returned,55726
100866,2023-02-06 01:00:00,2970,Central,Home & Kitchen,Item_A,20045,4,UPI,Returned,80180
100867,2023-02-06 02:00:00,9389,West,Home & Kitchen,Item_B,6933,4,UPI,Delivered,27732
100868,2023-02-06 03:00:00,6765,North,Books,Item_E,34625,8,UPI,Delivered,277000
100869,2023-02-06 04:00:00,2202,West,Books,Item_B,38011,9,Net Banking,Returned,342099
100870,2023-02-06 05:00:00,9135,Central,Home & Kitchen,Item_A,32201,4,Debit Card,Cancelled,128804
100871,2023-02-06 06:00:00,6567,West,Clothing,Item_A,39328,6,Debit Card,Cancelled,235968
100872,2023-02-06 07:00:00,8667,East,Home & Kitchen,Item_A,49830,4,Net Banking,Delivered,199320
100873,2023-02-06 08:00:00,6742,South,Books,Item_E,9529,4,Credit Card,Returned,38116
100874,2023-02-06 09:00:00,6788,South,Home & Kitchen,Item_D,25012,9,Cash,Cancelled,225108
100875,2023-02-06 10:00:00,6408,Central,Books,Item_D,27299,4,Cash,In Transit,109196
100876,2023-02-06 11:00:00,9669,South,Home & Kitchen,Item_B,4243,6,Cash,Delivered,25458
100877,2023-02-06 12:00:00,1922,South,Beauty,Item_E,14442,9,UPI,Delivered,129978
100878,2023-02-06 13:00:00,1419,North,Books,Item_C,33565,3,Cash,In Transit,100695
100879,2023-02-06 14:00:00,3204,Central,Clothing,Item_D,26478,7,Cash,In Transit,185346
100880,2023-02-06 15:00:00,2120,Central,Beauty,Item_E,27333,7,Cash,Delivered,191331
100881,2023-02-06 16:00:00,1950,South,Home & Kitchen,Item_E,24940,1,Debit Card,In Transit,24940
100882,2023-02-06 17:00:00,3336,South,Books,Item_D,35292,2,Net Banking,Cancelled,70584
100883,2023-02-06 18:00:00,6373,South,Beauty,Item_E,31176,5,Credit Card,Delivered,155880
100884,2023-02-06 19:00:00,3243,East,Clothing,Item_E,40267,8,Net Banking,Cancelled,322136
100885,2023-02-06 20:00:00,3645,West,Books,Item_D,11431,6,Cash,Delivered,68586
100886,2023-02-06 21:00:00,5612,East,Beauty,Item_A,769,7,Credit Card,Cancelled,5383
100887,2023-02-06 22:00:00,2865,Central,Beauty,Item_B,3528,3,Credit Card,Returned,10584
100888,2023-02-06 23:00:00,7028,North,Beauty,Item_C,49492,6,Net Banking,Cancelled,296952
100889,2023-02-07 00:00:00,8326,West,Electronics,Item_B,25461,9,Net Banking,In Transit,229149
100890,2023-02-07 01:00:00,7371,North,Home & Kitchen,Item_A,25462,3,Net Banking,Returned,76386
100891,2023-02-07 02:00:00,7359,Central,Books,Item_A,3480,6,Net Banking,Delivered,20880
100892,2023-02-07 03:00:00,8863,Central,Books,Item_E,19347,7,UPI,Cancelled,135429
100893,2023-02-07 04:00:00,4228,North,Books,Item_B,31942,5,Debit Card,Delivered,159710
100894,2023-02-07 05:00:00,4719,North,Beauty,Item_A,3790,8,Debit Card,Returned,30320
100895,2023-02-07 06:00:00,3371,North,Home & Kitchen,Item_B,22206,8,Cash,In Transit,177648
100896,2023-02-07 07:00:00,3891,Central,Clothing,Item_A,13770,6,UPI,In Transit,82620
100897,2023-02-07 08:00:00,4756,South,Books,Item_C,35193,7,Credit Card,In Transit,246351
100898,2023-02-07 09:00:00,5225,North,Home & Kitchen,Item_A,29793,3,Net Banking,Delivered,89379
100899,2023-02-07 10:00:00,1094,West,Home & Kitchen,Item_B,47846,7,Cash,In Transit,334922
100900,2023-02-07 11:00:00,3674,Central,Electronics,Item_E,24107,7,Credit Card,In Transit,168749
100901,2023-02-07 12:00:00,7898,East,Books,Item_B,9733,4,Debit Card,Delivered,38932
100902,2023-02-07 13:00:00,1793,East,Beauty,Item_D,42849,4,Credit Card,Delivered,171396
100903,2023-02-07 14:00:00,3116,West,Home & Kitchen,Item_B,16947,3,Net Banking,Returned,50841
100904,2023-02-07 15:00:00,6779,South,Home & Kitchen,Item_C,13566,7,Net Banking,In Transit,94962
100905,2023-02-07 16:00:00,7166,North,Clothing,Item_C,48483,5,Debit Card,Returned,242415
100906,2023-02-07 17:00:00,1814,Central,Electronics,Item_C,11032,3,Net Banking,Cancelled,33096
100907,2023-02-07 18:00:00,1345,North,Home & Kitchen,Item_A,28525,6,UPI,Cancelled,171150
100908,2023-02-07 19:00:00,9554,Central,Home & Kitchen,Item_C,34998,6,Cash,Cancelled,209988
100909,2023-02-07 20:00:00,3443,East,Beauty,Item_B,39653,6,Debit Card,Cancelled,237918
100910,2023-02-07 21:00:00,8783,North,Beauty,Item_E,23049,2,Debit Card,Delivered,46098
100911,2023-02-07 22:00:00,1984,West,Clothing,Item_C,6357,7,Credit Card,Returned,44499
100912,2023-02-07 23:00:00,8790,South,Clothing,Item_B,46636,7,Debit Card,Returned,326452
100913,2023-02-08 00:00:00,1827,West,Clothing,Item_A,30378,4,Cash,Delivered,121512
100914,2023-02-08 01:00:00,4531,South,Beauty,Item_A,17201,6,UPI,Cancelled,103206
100915,2023-02-08 02:00:00,8147,North,Beauty,Item_E,29230,4,Credit Card,Returned,116920
100916,2023-02-08 03:00:00,5451,North,Electronics,Item_E,393,4,Cash,In Transit,1572
100917,2023-02-08 04:00:00,4876,South,Books,Item_B,8364,6,Debit Card,Delivered,50184
100918,2023-02-08 05:00:00,6959,East,Books,Item_E,21042,9,Net Banking,Delivered,189378
100919,2023-02-08 06:00:00,1126,Central,Electronics,Item_E,1319,7,Net Banking,In Transit,9233
100920,2023-02-08 07:00:00,4177,West,Books,Item_A,13551,2,Cash,Cancelled,27102
100921,2023-02-08 08:00:00,9795,West,Beauty,Item_B,6740,6,UPI,Cancelled,40440
100922,2023-02-08 09:00:00,7024,West,Books,Item_E,45362,5,Net Banking,Returned,226810
100923,2023-02-08 10:00:00,6109,North,Beauty,Item_B,31960,6,Cash,In Transit,191760
100924,2023-02-08 11:00:00,5146,West,Electronics,Item_C,49878,8,Credit Card,Returned,399024
100925,2023-02-08 12:00:00,8196,Central,Clothing,Item_A,26728,8,Debit Card,Cancelled,213824
100926,2023-02-08 13:00:00,4368,Central,Electronics,Item_A,23738,3,UPI,Returned,71214
100927,2023-02-08 14:00:00,4797,South,Books,Item_A,32442,9,UPI,In Transit,291978
100928,2023-02-08 15:00:00,2792,North,Beauty,Item_D,47828,6,Credit Card,In Transit,286968
100929,2023-02-08 16:00:00,6732,Central,Books,Item_B,26558,7,UPI,In Transit,185906
100930,2023-02-08 17:00:00,4476,East,Books,Item_C,38813,9,Cash,Cancelled,349317
100931,2023-02-08 18:00:00,4417,North,Clothing,Item_E,40939,7,UPI,Delivered,286573
100932,2023-02-08 19:00:00,2645,North,Books,Item_C,29938,9,UPI,Delivered,269442
100933,2023-02-08 20:00:00,4030,Central,Clothing,Item_B,47121,1,UPI,Delivered,47121
100934,2023-02-08 21:00:00,3872,East,Beauty,Item_A,23781,1,Cash,Returned,23781
100935,2023-02-08 22:00:00,4072,South,Beauty,Item_D,30336,3,Debit Card,In Transit,91008
100936,2023-02-08 23:00:00,2854,Central,Clothing,Item_B,21685,9,Net Banking,Cancelled,195165
100937,2023-02-09 00:00:00,5021,East,Electronics,Item_B,27365,1,UPI,Delivered,27365
100938,2023-02-09 01:00:00,5662,North,Beauty,Item_E,36494,1,Credit Card,Delivered,36494
100939,2023-02-09 02:00:00,7514,East,Electronics,Item_C,1834,5,Credit Card,Returned,9170
100940,2023-02-09 03:00:00,6031,North,Beauty,Item_C,44169,8,Cash,Returned,353352
100941,2023-02-09 04:00:00,3708,Central,Beauty,Item_E,293,2,Debit Card,Delivered,586
100942,2023-02-09 05:00:00,8112,Central,Home & Kitchen,Item_D,28570,4,UPI,In Transit,114280
100943,2023-02-09 06:00:00,9393,West,Books,Item_A,19950,6,Cash,In Transit,119700
100944,2023-02-09 07:00:00,4507,West,Books,Item_A,40684,1,Net Banking,Returned,40684
100945,2023-02-09 08:00:00,7456,West,Electronics,Item_D,47299,4,Debit Card,Returned,189196
100946,2023-02-09 09:00:00,5212,Central,Books,Item_E,16672,4,Debit Card,In Transit,66688
100947,2023-02-09 10:00:00,8970,South,Electronics,Item_B,47209,9,Cash,Returned,424881
100948,2023-02-09 11:00:00,9766,Central,Beauty,Item_C,19134,9,Credit Card,Returned,172206
100949,2023-02-09 12:00:00,1536,East,Home & Kitchen,Item_B,43974,6,Debit Card,In Transit,263844
100950,2023-02-09 13:00:00,2625,Central,Home & Kitchen,Item_C,22721,8,Credit Card,In Transit,181768
100951,2023-02-09 14:00:00,8973,Central,Beauty,Item_B,39325,4,Debit Card,Cancelled,157300
100952,2023-02-09 15:00:00,9577,North,Clothing,Item_E,1645,8,Debit Card,Returned,13160
100953,2023-02-09 16:00:00,9070,North,Clothing,Item_E,21205,3,Debit Card,Returned,63615
100954,2023-02-09 17:00:00,9666,North,Books,Item_D,39303,2,Net Banking,Cancelled,78606
100955,2023-02-09 18:00:00,9609,Central,Electronics,Item_B,18414,6,Credit Card,Returned,110484
100956,2023-02-09 19:00:00,7490,South,Home & Kitchen,Item_B,23369,5,Net Banking,Returned,116845
100957,2023-02-09 20:00:00,4600,East,Books,Item_D,17138,8,Credit Card,Delivered,137104
100958,2023-02-09 21:00:00,7783,East,Beauty,Item_D,12156,1,Net Banking,Delivered,12156
100959,2023-02-09 22:00:00,5971,South,Home & Kitchen,Item_E,39887,3,Net Banking,Delivered,119661
100960,2023-02-09 23:00:00,2205,South,Electronics,Item_E,5793,7,Net Banking,Cancelled,40551
100961,2023-02-10 00:00:00,2990,East,Electronics,Item_B,26407,4,Cash,Returned,105628
100962,2023-02-10 01:00:00,6299,West,Clothing,Item_E,49554,5,Net Banking,Cancelled,247770
100963,2023-02-10 02:00:00,4572,North,Books,Item_E,40121,8,Debit Card,Cancelled,320968
100964,2023-02-10 03:00:00,6975,North,Beauty,Item_B,37510,1,UPI,Returned,37510
100965,2023-02-10 04:00:00,7320,East,Home & Kitchen,Item_D,49160,1,Net Banking,In Transit,49160
100966,2023-02-10 05:00:00,5380,South,Electronics,Item_B,31819,7,UPI,In Transit,222733
100967,2023-02-10 06:00:00,5757,West,Home & Kitchen,Item_A,13603,9,UPI,Returned,122427
100968,2023-02-10 07:00:00,3713,East,Beauty,Item_B,13265,4,Debit Card,In Transit,53060
100969,2023-02-10 08:00:00,6588,North,Home & Kitchen,Item_A,24594,8,UPI,Delivered,196752
100970,2023-02-10 09:00:00,1966,Central,Books,Item_B,27001,7,UPI,Returned,189007
100971,2023-02-10 10:00:00,5944,South,Clothing,Item_A,42846,2,UPI,Cancelled,85692
100972,2023-02-10 11:00:00,4432,Central,Home & Kitchen,Item_A,33796,5,Credit Card,Delivered,168980
100973,2023-02-10 12:00:00,1688,East,Clothing,Item_B,29430,9,Net Banking,Cancelled,264870
100974,2023-02-10 13:00:00,5243,North,Beauty,Item_E,7370,9,Net Banking,In Transit,66330
100975,2023-02-10 14:00:00,4701,West,Clothing,Item_C,18606,3,UPI,Returned,55818
100976,2023-02-10 15:00:00,9533,Central,Home & Kitchen,Item_E,24878,3,Debit Card,Delivered,74634
100977,2023-02-10 16:00:00,6182,West,Home & Kitchen,Item_A,30168,2,Credit Card,Returned,60336
100978,2023-02-10 17:00:00,7704,North,Electronics,Item_B,42717,7,Debit Card,Delivered,299019
100979,2023-02-10 18:00:00,5422,Central,Home & Kitchen,Item_B,32855,6,Debit Card,Delivered,197130
100980,2023-02-10 19:00:00,2759,West,Clothing,Item_B,27287,5,UPI,Delivered,136435
100981,2023-02-10 20:00:00,3482,West,Electronics,Item_B,46184,7,Cash,Returned,323288
100982,2023-02-10 21:00:00,9058,Central,Home & Kitchen,Item_C,11249,4,UPI,Delivered,44996
100983,2023-02-10 22:00:00,1951,North,Home & Kitchen,Item_D,6985,5,Cash,Delivered,34925
100984,2023-02-10 23:00:00,9914,West,Beauty,Item_A,41966,9,Credit Card,Returned,377694
100985,2023-02-11 00:00:00,3079,East,Electronics,Item_C,4855,9,Cash,Cancelled,43695
100986,2023-02-11 01:00:00,3717,Central,Beauty,Item_E,18658,4,UPI,In Transit,74632
100987,2023-02-11 02:00:00,5524,South,Beauty,Item_D,25302,6,UPI,Returned,151812
100988,2023-02-11 03:00:00,9477,South,Beauty,Item_D,7118,2,Debit Card,Returned,14236
100989,2023-02-11 04:00:00,8311,North,Books,Item_B,3636,3,UPI,Delivered,10908
100990,2023-02-11 05:00:00,8186,East,Beauty,Item_C,21632,9,UPI,Returned,194688
100991,2023-02-11 06:00:00,3065,West,Clothing,Item_E,25073,6,Net Banking,Returned,150438
100992,2023-02-11 07:00:00,1768,South,Home & Kitchen,Item_B,37840,8,Net Banking,In Transit,302720
100993,2023-02-11 08:00:00,6490,North,Books,Item_B,560,5,Debit Card,Returned,2800
100994,2023-02-11 09:00:00,7645,East,Beauty,Item_A,44877,2,Cash,Delivered,89754
100995,2023-02-11 10:00:00,6083,East,Home & Kitchen,Item_D,4799,7,Cash,In Transit,33593
100996,2023-02-11 11:00:00,6232,North,Electronics,Item_E,43136,6,Net Banking,Returned,258816
100997,2023-02-11 12:00:00,6797,North,Electronics,Item_D,39699,2,Credit Card,Delivered,79398
100998,2023-02-11 13:00:00,5926,West,Home & Kitchen,Item_C,35045,6,Net Banking,In Transit,210270
100999,2023-02-11 14:00:00,7016,North,Clothing,Item_A,13950,8,Credit Card,Returned,111600
101000,2023-02-11 15:00:00,4335,West,Home & Kitchen,Item_B,28187,1,Cash,Delivered,28187
101001,2023-02-11 16:00:00,9038,West,Home & Kitchen,Item_A,37659,4,Net Banking,In Transit,150636
101002,2023-02-11 17:00:00,5873,Central,Books,Item_B,26365,1,UPI,Delivered,26365
101003,2023-02-11 18:00:00,2481,East,Electronics,Item_A,24546,2,Credit Card,In Transit,49092
101004,2023-02-11 19:00:00,7305,East,Electronics,Item_B,3714,1,Credit Card,Returned,3714
101005,2023-02-11 20:00:00,4451,East,Beauty,Item_D,25038,6,Credit Card,Cancelled,150228
101006,2023-02-11 21:00:00,1054,Central,Home & Kitchen,Item_D,27759,6,Cash,In Transit,166554
101007,2023-02-11 22:00:00,8643,West,Home & Kitchen,Item_D,35887,1,Debit Card,Returned,35887
101008,2023-02-11 23:00:00,4462,West,Clothing,Item_D,32165,4,UPI,In Transit,128660
101009,2023-02-12 00:00:00,1832,North,Electronics,Item_A,16585,4,Net Banking,Cancelled,66340
101010,2023-02-12 01:00:00,6954,Central,Clothing,Item_B,18517,8,Credit Card,Delivered,148136
101011,2023-02-12 02:00:00,9519,North,Books,Item_D,593,6,Cash,Cancelled,3558
101012,2023-02-12 03:00:00,8221,Central,Beauty,Item_A,25081,2,Credit Card,Cancelled,50162
101013,2023-02-12 04:00:00,4310,North,Clothing,Item_B,46425,5,Net Banking,Delivered,232125
101014,2023-02-12 05:00:00,4300,South,Electronics,Item_A,33497,4,UPI,Cancelled,133988
101015,2023-02-12 06:00:00,7722,East,Books,Item_D,28155,4,Credit Card,Returned,112620
101016,2023-02-12 07:00:00,8218,East,Home & Kitchen,Item_C,45179,8,Cash,In Transit,361432
101017,2023-02-12 08:00:00,8776,West,Books,Item_A,6695,5,Cash,Cancelled,33475
101018,2023-02-12 09:00:00,4675,South,Clothing,Item_D,39921,3,Debit Card,In Transit,119763
101019,2023-02-12 10:00:00,4054,East,Electronics,Item_E,21637,4,Cash,In Transit,86548
101020,2023-02-12 11:00:00,8970,West,Clothing,Item_B,1913,1,Debit Card,Delivered,1913
101021,2023-02-12 12:00:00,3143,South,Home & Kitchen,Item_D,20628,6,UPI,Cancelled,123768
101022,2023-02-12 13:00:00,6207,East,Home & Kitchen,Item_E,835,4,Net Banking,Delivered,3340
101023,2023-02-12 14:00:00,3538,North,Electronics,Item_A,15393,6,Debit Card,Delivered,92358
101024,2023-02-12 15:00:00,5547,Central,Beauty,Item_A,23203,2,Credit Card,In Transit,46406
101025,2023-02-12 16:00:00,6619,South,Books,Item_E,14833,5,Credit Card,Returned,74165
101026,2023-02-12 17:00:00,9356,West,Books,Item_E,29428,9,Net Banking,In Transit,264852
101027,2023-02-12 18:00:00,7612,South,Home & Kitchen,Item_B,42277,8,Cash,Delivered,338216
101028,2023-02-12 19:00:00,6005,West,Clothing,Item_A,26930,3,Credit Card,Cancelled,80790
101029,2023-02-12 20:00:00,1822,South,Clothing,Item_E,48746,1,Debit Card,Returned,48746
101030,2023-02-12 21:00:00,1943,West,Beauty,Item_C,7645,3,Net Banking,Returned,22935
101031,2023-02-12 22:00:00,7150,East,Clothing,Item_C,45383,8,Credit Card,Cancelled,363064
101032,2023-02-12 23:00:00,5425,North,Books,Item_E,14481,3,Cash,Cancelled,43443
101033,2023-02-13 00:00:00,9966,East,Clothing,Item_B,6802,5,Cash,Returned,34010
101034,2023-02-13 01:00:00,3198,North,Beauty,Item_A,237,2,Credit Card,Delivered,474
101035,2023-02-13 02:00:00,5242,East,Books,Item_C,42792,1,Net Banking,Returned,42792
101036,2023-02-13 03:00:00,4695,East,Clothing,Item_E,29069,5,UPI,Returned,145345
101037,2023-02-13 04:00:00,4452,South,Books,Item_E,36743,5,Credit Card,Returned,183715
101038,2023-02-13 05:00:00,2308,Central,Home & Kitchen,Item_D,31276,6,Cash,Delivered,187656
101039,2023-02-13 06:00:00,5177,West,Home & Kitchen,Item_E,26830,2,UPI,Cancelled,53660
101040,2023-02-13 07:00:00,9705,West,Home & Kitchen,Item_B,20669,9,Net Banking,Cancelled,186021
101041,2023-02-13 08:00:00,7852,West,Clothing,Item_C,32499,2,Cash,Cancelled,64998
101042,2023-02-13 09:00:00,7035,North,Beauty,Item_D,25294,2,Net Banking,Delivered,50588
101043,2023-02-13 10:00:00,4594,West,Books,Item_C,27017,5,Credit Card,Delivered,135085
101044,2023-02-13 11:00:00,5841,West,Electronics,Item_C,10755,9,Net Banking,Cancelled,96795
101045,2023-02-13 12:00:00,2409,South,Home & Kitchen,Item_B,5320,4,Cash,In Transit,21280
101046,2023-02-13 13:00:00,5566,East,Home & Kitchen,Item_E,14878,6,Credit Card,In Transit,89268
101047,2023-02-13 14:00:00,5491,West,Electronics,Item_B,4915,2,Cash,Cancelled,9830
101048,2023-02-13 15:00:00,2555,Central,Electronics,Item_E,34362,4,Cash,In Transit,137448
101049,2023-02-13 16:00:00,1804,West,Clothing,Item_D,35837,9,UPI,In Transit,322533
101050,2023-02-13 17:00:00,2279,North,Books,Item_B,32522,2,Debit Card,Cancelled,65044
101051,2023-02-13 18:00:00,8083,North,Home & Kitchen,Item_B,36644,1,Net Banking,Cancelled,36644
101052,2023-02-13 19:00:00,6986,North,Beauty,Item_A,36689,4,Net Banking,Delivered,146756
101053,2023-02-13 20:00:00,6619,West,Clothing,Item_B,38658,4,UPI,In Transit,154632
101054,2023-02-13 21:00:00,2387,South,Clothing,Item_A,38786,1,Net Banking,In Transit,38786
101055,2023-02-13 22:00:00,3679,Central,Beauty,Item_E,33202,4,UPI,Cancelled,132808
101056,2023-02-13 23:00:00,3106,West,Beauty,Item_E,3340,3,Net Banking,Returned,10020
101057,2023-02-14 00:00:00,9173,South,Beauty,Item_E,8838,2,Net Banking,Cancelled,17676
101058,2023-02-14 01:00:00,5223,South,Electronics,Item_A,45865,4,Cash,Delivered,183460
101059,2023-02-14 02:00:00,5831,West,Home & Kitchen,Item_E,17583,8,UPI,Returned,140664
101060,2023-02-14 03:00:00,3768,West,Electronics,Item_C,17918,7,Net Banking,Returned,125426
101061,2023-02-14 04:00:00,4186,South,Home & Kitchen,Item_B,41293,9,Debit Card,Returned,371637
101062,2023-02-14 05:00:00,3573,South,Electronics,Item_A,10824,8,UPI,Delivered,86592
101063,2023-02-14 06:00:00,3599,South,Books,Item_E,21672,1,UPI,In Transit,21672
101064,2023-02-14 07:00:00,5033,West,Home & Kitchen,Item_C,22063,2,UPI,Cancelled,44126
101065,2023-02-14 08:00:00,9428,South,Clothing,Item_B,6290,2,Cash,Delivered,12580
101066,2023-02-14 09:00:00,2304,North,Home & Kitchen,Item_B,11577,8,UPI,Delivered,92616
101067,2023-02-14 10:00:00,8368,West,Home & Kitchen,Item_E,17695,4,Cash,Returned,70780
101068,2023-02-14 11:00:00,6877,North,Home & Kitchen,Item_C,15070,9,Debit Card,Returned,135630
101069,2023-02-14 12:00:00,2301,East,Books,Item_A,19500,2,Credit Card,Delivered,39000
101070,2023-02-14 13:00:00,3541,West,Electronics,Item_E,2303,4,Cash,In Transit,9212
101071,2023-02-14 14:00:00,3051,East,Clothing,Item_B,25395,1,Net Banking,Returned,25395
101072,2023-02-14 15:00:00,7809,South,Electronics,Item_B,38093,3,UPI,Delivered,114279
101073,2023-02-14 16:00:00,9633,South,Electronics,Item_B,6790,6,Credit Card,Returned,40740
101074,2023-02-14 17:00:00,9996,Central,Beauty,Item_E,43180,9,Cash,Cancelled,388620
101075,2023-02-14 18:00:00,1074,South,Books,Item_D,42568,1,Net Banking,Cancelled,42568
101076,2023-02-14 19:00:00,7981,East,Beauty,Item_D,32250,5,Credit Card,Cancelled,161250
101077,2023-02-14 20:00:00,6475,South,Books,Item_D,3121,2,Debit Card,Returned,6242
101078,2023-02-14 21:00:00,9232,West,Electronics,Item_C,4934,7,Cash,Returned,34538
101079,2023-02-14 22:00:00,8184,South,Electronics,Item_E,19957,4,Cash,In Transit,79828
101080,2023-02-14 23:00:00,6796,Central,Books,Item_B,30528,5,Debit Card,Cancelled,152640
101081,2023-02-15 00:00:00,8141,South,Electronics,Item_C,23338,8,Cash,In Transit,186704
101082,2023-02-15 01:00:00,2622,East,Electronics,Item_D,16237,2,UPI,Delivered,32474
101083,2023-02-15 02:00:00,9041,East,Clothing,Item_A,33804,3,Cash,Delivered,101412
101084,2023-02-15 03:00:00,1341,South,Beauty,Item_C,12294,5,UPI,Cancelled,61470
101085,2023-02-15 04:00:00,3074,East,Beauty,Item_C,9228,4,Cash,In Transit,36912
101086,2023-02-15 05:00:00,8992,East,Beauty,Item_E,43717,5,Net Banking,Returned,218585
101087,2023-02-15 06:00:00,1645,Central,Home & Kitchen,Item_C,15632,3,Net Banking,In Transit,46896
101088,2023-02-15 07:00:00,5263,West,Clothing,Item_E,44019,9,Credit Card,Delivered,396171
101089,2023-02-15 08:00:00,9801,Central,Beauty,Item_A,23291,8,Net Banking,In Transit,186328
101090,2023-02-15 09:00:00,7136,North,Beauty,Item_B,15786,6,Debit Card,Delivered,94716
101091,2023-02-15 10:00:00,9646,Central,Clothing,Item_B,5512,1,Credit Card,Delivered,5512
101092,2023-02-15 11:00:00,3969,South,Electronics,Item_D,26173,4,Net Banking,In Transit,104692
101093,2023-02-15 12:00:00,4028,West,Beauty,Item_D,36790,7,UPI,Returned,257530
101094,2023-02-15 13:00:00,8643,South,Electronics,Item_A,29173,5,Cash,Delivered,145865
101095,2023-02-15 14:00:00,3681,North,Beauty,Item_B,44590,4,Net Banking,In Transit,178360
101096,2023-02-15 15:00:00,4629,West,Books,Item_D,16299,9,UPI,Delivered,146691
101097,2023-02-15 16:00:00,5225,East,Home & Kitchen,Item_C,34043,8,Credit Card,Cancelled,272344
101098,2023-02-15 17:00:00,4067,Central,Beauty,Item_E,14263,3,Cash,Returned,42789
101099,2023-02-15 18:00:00,6941,South,Books,Item_D,28970,6,Net Banking,Cancelled,173820
101100,2023-02-15 19:00:00,2386,North,Clothing,Item_A,27416,4,Credit Card,Delivered,109664
101101,2023-02-15 20:00:00,3866,East,Books,Item_B,27860,7,Net Banking,Returned,195020
101102,2023-02-15 21:00:00,5788,Central,Clothing,Item_A,16583,1,Credit Card,In Transit,16583
101103,2023-02-15 22:00:00,6490,East,Beauty,Item_E,9805,1,Net Banking,In Transit,9805
101104,2023-02-15 23:00:00,5124,Central,Clothing,Item_E,30849,6,UPI,Returned,185094
101105,2023-02-16 00:00:00,9340,West,Books,Item_A,37420,7,Debit Card,Cancelled,261940
101106,2023-02-16 01:00:00,4850,East,Home & Kitchen,Item_D,32759,9,UPI,Cancelled,294831
101107,2023-02-16 02:00:00,6415,East,Electronics,Item_D,45266,7,Cash,Returned,316862
101108,2023-02-16 03:00:00,8679,East,Electronics,Item_B,12568,9,Net Banking,In Transit,113112
101109,2023-02-16 04:00:00,7819,West,Home & Kitchen,Item_B,7628,9,Debit Card,Returned,68652
101110,2023-02-16 05:00:00,9378,North,Electronics,Item_C,16017,8,Debit Card,Cancelled,128136
101111,2023-02-16 06:00:00,2333,Central,Beauty,Item_C,2620,7,Cash,Delivered,18340
101112,2023-02-16 07:00:00,5150,East,Beauty,Item_B,19112,3,Cash,In Transit,57336
101113,2023-02-16 08:00:00,7766,West,Books,Item_C,4517,3,Debit Card,Returned,13551
101114,2023-02-16 09:00:00,3711,North,Books,Item_A,24561,5,Cash,Delivered,122805
101115,2023-02-16 10:00:00,5853,Central,Clothing,Item_D,27928,7,Cash,Cancelled,195496
101116,2023-02-16 11:00:00,7212,West,Books,Item_C,41380,7,Net Banking,In Transit,289660
101117,2023-02-16 12:00:00,8479,Central,Beauty,Item_C,49289,1,UPI,Returned,49289
101118,2023-02-16 13:00:00,6408,East,Books,Item_A,31268,8,Credit Card,Cancelled,250144
101119,2023-02-16 14:00:00,8715,North,Electronics,Item_E,33195,1,Debit Card,Returned,33195
101120,2023-02-16 15:00:00,9942,West,Clothing,Item_B,18921,4,Credit Card,Returned,75684
101121,2023-02-16 16:00:00,2762,North,Clothing,Item_A,29164,2,Debit Card,In Transit,58328
101122,2023-02-16 17:00:00,8101,East,Beauty,Item_E,31729,5,Debit Card,Cancelled,158645
101123,2023-02-16 18:00:00,8674,North,Books,Item_A,11656,6,UPI,Cancelled,69936
101124,2023-02-16 19:00:00,7122,North,Electronics,Item_D,33923,4,Debit Card,Delivered,135692
101125,2023-02-16 20:00:00,1481,South,Books,Item_A,42440,4,Debit Card,Cancelled,169760
101126,2023-02-16 21:00:00,1153,North,Home & Kitchen,Item_A,34946,7,UPI,Cancelled,244622
101127,2023-02-16 22:00:00,8617,Central,Books,Item_D,18113,4,Cash,In Transit,72452
101128,2023-02-16 23:00:00,2524,West,Beauty,Item_B,12875,2,Credit Card,Delivered,25750
101129,2023-02-17 00:00:00,3120,South,Books,Item_E,32341,4,Debit Card,In Transit,129364
101130,2023-02-17 01:00:00,3343,West,Clothing,Item_C,27189,7,UPI,Cancelled,190323
101131,2023-02-17 02:00:00,6136,West,Electronics,Item_B,16328,1,Debit Card,Delivered,16328
101132,2023-02-17 03:00:00,6760,East,Beauty,Item_A,48636,4,UPI,In Transit,194544
101133,2023-02-17 04:00:00,2240,East,Home & Kitchen,Item_C,40413,6,Credit Card,Delivered,242478
101134,2023-02-17 05:00:00,1060,South,Electronics,Item_D,28311,8,Net Banking,Cancelled,226488
101135,2023-02-17 06:00:00,2639,East,Electronics,Item_B,4484,8,Cash,Delivered,35872
101136,2023-02-17 07:00:00,7185,East,Clothing,Item_E,25693,9,Net Banking,Delivered,231237
101137,2023-02-17 08:00:00,8970,East,Clothing,Item_B,17785,5,UPI,Delivered,88925
101138,2023-02-17 09:00:00,2252,West,Clothing,Item_B,29795,2,Debit Card,Cancelled,59590
101139,2023-02-17 10:00:00,5203,South,Beauty,Item_C,7331,3,Cash,Cancelled,21993
101140,2023-02-17 11:00:00,9363,West,Books,Item_D,43582,2,Credit Card,Delivered,87164
101141,2023-02-17 12:00:00,4549,Central,Electronics,Item_D,26397,9,Cash,In Transit,237573
101142,2023-02-17 13:00:00,5197,West,Books,Item_B,33727,6,Debit Card,In Transit,202362
101143,2023-02-17 14:00:00,8009,Central,Books,Item_D,22157,1,Net Banking,Cancelled,22157
101144,2023-02-17 15:00:00,7667,North,Clothing,Item_C,31136,3,UPI,Returned,93408
101145,2023-02-17 16:00:00,3322,North,Books,Item_C,21745,7,Net Banking,In Transit,152215
101146,2023-02-17 17:00:00,5090,Central,Electronics,Item_E,13884,7,Cash,Delivered,97188
101147,2023-02-17 18:00:00,7960,Central,Electronics,Item_D,42648,5,Debit Card,Returned,213240
101148,2023-02-17 19:00:00,4004,West,Home & Kitchen,Item_E,20842,3,UPI,Cancelled,62526
101149,2023-02-17 20:00:00,6136,Central,Beauty,Item_A,4571,7,Debit Card,In Transit,31997
101150,2023-02-17 21:00:00,1329,South,Books,Item_C,12851,5,Debit Card,Returned,64255
101151,2023-02-17 22:00:00,4640,North,Beauty,Item_B,1865,6,Cash,Cancelled,11190
101152,2023-02-17 23:00:00,8982,North,Beauty,Item_C,7118,3,Net Banking,Cancelled,21354
101153,2023-02-18 00:00:00,5107,Central,Beauty,Item_A,23207,6,Debit Card,Delivered,139242
101154,2023-02-18 01:00:00,2341,East,Beauty,Item_B,31608,7,Debit Card,In Transit,221256
101155,2023-02-18 02:00:00,9407,East,Electronics,Item_D,10394,8,Debit Card,Returned,83152
101156,2023-02-18 03:00:00,1338,Central,Books,Item_D,25235,2,UPI,Delivered,50470
101157,2023-02-18 04:00:00,6895,South,Home & Kitchen,Item_C,24016,2,Debit Card,In Transit,48032
101158,2023-02-18 05:00:00,3708,East,Beauty,Item_B,23266,6,Debit Card,Returned,139596
101159,2023-02-18 06:00:00,2750,Central,Home & Kitchen,Item_B,11413,8,Cash,Cancelled,91304
101160,2023-02-18 07:00:00,6604,South,Electronics,Item_E,48713,5,Debit Card,Cancelled,243565
101161,2023-02-18 08:00:00,3421,South,Electronics,Item_A,22812,1,Debit Card,In Transit,22812
101162,2023-02-18 09:00:00,8119,West,Clothing,Item_D,22411,1,Cash,Delivered,22411
101163,2023-02-18 10:00:00,9901,South,Beauty,Item_C,27066,9,UPI,Returned,243594
101164,2023-02-18 11:00:00,6319,East,Clothing,Item_B,40604,4,Net Banking,Returned,162416
101165,2023-02-18 12:00:00,7609,East,Home & Kitchen,Item_D,31799,1,Cash,Cancelled,31799
101166,2023-02-18 13:00:00,6387,Central,Books,Item_C,7544,8,UPI,In Transit,60352
101167,2023-02-18 14:00:00,4993,Central,Clothing,Item_D,3401,2,Net Banking,Delivered,6802
101168,2023-02-18 15:00:00,9680,South,Electronics,Item_C,4952,2,Debit Card,Cancelled,9904
101169,2023-02-18 16:00:00,9044,North,Beauty,Item_D,42543,1,Cash,Cancelled,42543
101170,2023-02-18 17:00:00,9238,West,Home & Kitchen,Item_E,10527,1,Debit Card,Delivered,10527
101171,2023-02-18 18:00:00,5873,North,Electronics,Item_A,48859,9,Cash,Returned,439731
101172,2023-02-18 19:00:00,5806,South,Books,Item_D,45997,1,Net Banking,Returned,45997
101173,2023-02-18 20:00:00,9592,South,Beauty,Item_A,6291,6,UPI,In Transit,37746
101174,2023-02-18 21:00:00,6913,North,Books,Item_D,27808,7,Cash,Cancelled,194656
101175,2023-02-18 22:00:00,8124,West,Books,Item_B,28485,4,UPI,In Transit,113940
101176,2023-02-18 23:00:00,4157,North,Beauty,Item_E,23198,5,Debit Card,Returned,115990
101177,2023-02-19 00:00:00,1390,Central,Beauty,Item_E,48834,4,Debit Card,Delivered,195336
101178,2023-02-19 01:00:00,5430,East,Books,Item_A,40489,4,Net Banking,Returned,161956
101179,2023-02-19 02:00:00,9820,Central,Home & Kitchen,Item_B,23143,1,Net Banking,Returned,23143
101180,2023-02-19 03:00:00,8686,East,Beauty,Item_C,48378,6,Credit Card,Cancelled,290268
101181,2023-02-19 04:00:00,5232,South,Electronics,Item_E,18207,7,Credit Card,Returned,127449
101182,2023-02-19 05:00:00,9007,West,Clothing,Item_B,25457,7,Net Banking,In Transit,178199
101183,2023-02-19 06:00:00,2521,North,Home & Kitchen,Item_B,19718,8,Debit Card,Delivered,157744
101184,2023-02-19 07:00:00,2500,West,Beauty,Item_A,29984,7,UPI,Cancelled,209888
101185,2023-02-19 08:00:00,7737,North,Beauty,Item_B,38788,6,Net Banking,Delivered,232728
101186,2023-02-19 09:00:00,4294,Central,Home & Kitchen,Item_B,44421,8,UPI,In Transit,355368
101187,2023-02-19 10:00:00,6085,Central,Clothing,Item_C,21578,3,Credit Card,In Transit,64734
101188,2023-02-19 11:00:00,3419,North,Books,Item_A,4896,9,UPI,Returned,44064
101189,2023-02-19 12:00:00,4042,West,Electronics,Item_A,28195,3,Net Banking,In Transit,84585
101190,2023-02-19 13:00:00,5497,North,Beauty,Item_B,34835,4,Debit Card,Returned,139340
101191,2023-02-19 14:00:00,2466,South,Clothing,Item_C,15923,6,Net Banking,Cancelled,95538
101192,2023-02-19 15:00:00,4561,Central,Electronics,Item_D,19407,8,Cash,Delivered,155256
101193,2023-02-19 16:00:00,1614,South,Home & Kitchen,Item_E,27724,3,Cash,Returned,83172
101194,2023-02-19 17:00:00,6392,Central,Beauty,Item_A,28754,6,Cash,Returned,172524
101195,2023-02-19 18:00:00,8693,Central,Books,Item_C,12017,5,Debit Card,Cancelled,60085
101196,2023-02-19 19:00:00,4223,East,Home & Kitchen,Item_C,368,5,Net Banking,In Transit,1840
101197,2023-02-19 20:00:00,8138,South,Beauty,Item_B,43181,5,Cash,Returned,215905
101198,2023-02-19 21:00:00,3667,South,Clothing,Item_E,26970,9,Net Banking,In Transit,242730
101199,2023-02-19 22:00:00,8980,East,Electronics,Item_A,15423,7,Credit Card,Returned,107961
101200,2023-02-19 23:00:00,1130,West,Electronics,Item_D,44420,9,Cash,In Transit,399780
101201,2023-02-20 00:00:00,3983,South,Beauty,Item_B,8227,9,Cash,Returned,74043
101202,2023-02-20 01:00:00,5278,North,Home & Kitchen,Item_A,16491,6,Debit Card,Delivered,98946
101203,2023-02-20 02:00:00,8126,East,Books,Item_A,43609,6,Net Banking,Delivered,261654
101204,2023-02-20 03:00:00,9230,South,Clothing,Item_C,25639,4,Debit Card,Delivered,102556
101205,2023-02-20 04:00:00,8694,West,Beauty,Item_E,21721,8,Debit Card,Returned,173768
101206,2023-02-20 05:00:00,7640,South,Clothing,Item_D,24915,2,Net Banking,In Transit,49830
101207,2023-02-20 06:00:00,6468,Central,Electronics,Item_E,21818,5,Credit Card,Cancelled,109090
101208,2023-02-20 07:00:00,1920,North,Books,Item_C,29199,1,Net Banking,Cancelled,29199
101209,2023-02-20 08:00:00,8564,East,Clothing,Item_D,33192,2,Credit Card,Cancelled,66384
101210,2023-02-20 09:00:00,9684,Central,Beauty,Item_D,41717,1,Debit Card,Delivered,41717
101211,2023-02-20 10:00:00,9502,West,Books,Item_B,39550,6,Credit Card,Delivered,237300
101212,2023-02-20 11:00:00,9930,Central,Home & Kitchen,Item_D,1773,2,Credit Card,Delivered,3546
101213,2023-02-20 12:00:00,4241,Central,Beauty,Item_A,8777,4,Credit Card,In Transit,35108
101214,2023-02-20 13:00:00,1545,West,Clothing,Item_E,8912,5,Cash,Delivered,44560
101215,2023-02-20 14:00:00,5346,Central,Books,Item_E,30148,7,Cash,In Transit,211036
101216,2023-02-20 15:00:00,4810,East,Beauty,Item_B,39731,1,Debit Card,In Transit,39731
101217,2023-02-20 16:00:00,8206,South,Books,Item_D,12364,5,Net Banking,In Transit,61820
101218,2023-02-20 17:00:00,3032,Central,Books,Item_C,5417,4,Credit Card,Returned,21668
101219,2023-02-20 18:00:00,9436,East,Books,Item_A,19726,7,Cash,Cancelled,138082
101220,2023-02-20 19:00:00,1271,South,Clothing,Item_B,31470,7,Net Banking,In Transit,220290
101221,2023-02-20 20:00:00,4511,South,Beauty,Item_D,26609,8,Credit Card,Cancelled,212872
101222,2023-02-20 21:00:00,2771,Central,Electronics,Item_C,49240,4,Net Banking,In Transit,196960
101223,2023-02-20 22:00:00,5361,East,Electronics,Item_D,12934,4,UPI,In Transit,51736
101224,2023-02-20 23:00:00,8069,Central,Clothing,Item_B,44321,5,Credit Card,Delivered,221605
101225,2023-02-21 00:00:00,1920,West,Clothing,Item_C,36469,5,Net Banking,Cancelled,182345
101226,2023-02-21 01:00:00,9190,South,Books,Item_C,13730,3,Credit Card,In Transit,41190
101227,2023-02-21 02:00:00,4430,Central,Beauty,Item_C,12594,5,Credit Card,Cancelled,62970
101228,2023-02-21 03:00:00,5435,South,Beauty,Item_C,1699,5,UPI,Delivered,8495
101229,2023-02-21 04:00:00,4760,East,Home & Kitchen,Item_D,27739,8,Net Banking,In Transit,221912
101230,2023-02-21 05:00:00,3050,North,Home & Kitchen,Item_C,9869,7,Debit Card,Delivered,69083
101231,2023-02-21 06:00:00,2165,Central,Electronics,Item_D,28762,8,Cash,In Transit,230096
101232,2023-02-21 07:00:00,9567,Central,Home & Kitchen,Item_C,21829,5,Credit Card,Delivered,109145
101233,2023-02-21 08:00:00,3033,South,Home & Kitchen,Item_C,25946,2,Credit Card,Delivered,51892
101234,2023-02-21 09:00:00,7467,East,Electronics,Item_B,43487,8,Credit Card,Returned,347896
101235,2023-02-21 10:00:00,1145,West,Electronics,Item_D,46207,9,Credit Card,In Transit,415863
101236,2023-02-21 11:00:00,5388,East,Home & Kitchen,Item_D,18328,2,Cash,In Transit,36656
101237,2023-02-21 12:00:00,8832,Central,Beauty,Item_E,2239,1,Debit Card,In Transit,2239
101238,2023-02-21 13:00:00,9623,West,Home & Kitchen,Item_B,41279,6,UPI,Cancelled,247674
101239,2023-02-21 14:00:00,9896,East,Books,Item_D,4057,3,Debit Card,Returned,12171
101240,2023-02-21 15:00:00,9173,North,Books,Item_B,26096,1,Cash,Cancelled,26096
101241,2023-02-21 16:00:00,3632,South,Books,Item_B,5150,6,Net Banking,In Transit,30900
101242,2023-02-21 17:00:00,5494,East,Clothing,Item_B,23671,8,UPI,Returned,189368
101243,2023-02-21 18:00:00,9056,East,Books,Item_A,15641,9,UPI,Delivered,140769
101244,2023-02-21 19:00:00,8511,North,Beauty,Item_D,12935,6,Net Banking,Returned,77610
101245,2023-02-21 20:00:00,2828,Central,Clothing,Item_B,22615,6,Credit Card,Delivered,135690
101246,2023-02-21 21:00:00,5805,South,Clothing,Item_A,34711,1,Cash,In Transit,34711
101247,2023-02-21 22:00:00,1806,East,Books,Item_A,46251,5,Net Banking,In Transit,231255
101248,2023-02-21 23:00:00,8486,West,Home & Kitchen,Item_C,42606,3,Debit Card,Delivered,127818
101249,2023-02-22 00:00:00,9202,East,Electronics,Item_C,3816,7,Debit Card,Returned,26712
101250,2023-02-22 01:00:00,2868,South,Home & Kitchen,Item_D,15583,9,Net Banking,Cancelled,140247
101251,2023-02-22 02:00:00,8878,East,Home & Kitchen,Item_C,29956,6,Cash,Returned,179736
101252,2023-02-22 03:00:00,6690,North,Clothing,Item_D,4094,5,UPI,Delivered,20470
101253,2023-02-22 04:00:00,8827,East,Clothing,Item_A,39195,7,UPI,Delivered,274365
101254,2023-02-22 05:00:00,6429,East,Clothing,Item_A,43432,9,Credit Card,Cancelled,390888
101255,2023-02-22 06:00:00,4564,West,Beauty,Item_D,40815,5,Cash,Cancelled,204075
101256,2023-02-22 07:00:00,2389,North,Beauty,Item_C,4481,5,Debit Card,Cancelled,22405
101257,2023-02-22 08:00:00,8274,North,Electronics,Item_C,24847,4,Debit Card,Delivered,99388
101258,2023-02-22 09:00:00,1824,East,Clothing,Item_D,30236,5,Credit Card,In Transit,151180
101259,2023-02-22 10:00:00,3265,West,Books,Item_E,18784,7,Debit Card,Returned,131488
101260,2023-02-22 11:00:00,1936,East,Clothing,Item_C,35111,3,Credit Card,Cancelled,105333
101261,2023-02-22 12:00:00,7402,East,Beauty,Item_B,32508,4,Credit Card,Delivered,130032
101262,2023-02-22 13:00:00,4845,South,Clothing,Item_C,47748,9,Net Banking,Returned,429732
101263,2023-02-22 14:00:00,2796,South,Beauty,Item_E,28533,2,UPI,Cancelled,57066
101264,2023-02-22 15:00:00,9245,West,Clothing,Item_A,36149,8,Cash,In Transit,289192
101265,2023-02-22 16:00:00,8214,Central,Books,Item_A,19459,9,Cash,Returned,175131
101266,2023-02-22 17:00:00,1726,South,Electronics,Item_A,31994,5,UPI,Returned,159970
101267,2023-02-22 18:00:00,3736,Central,Books,Item_C,39488,7,Cash,Delivered,276416
101268,2023-02-22 19:00:00,2913,North,Beauty,Item_A,13252,6,Debit Card,Delivered,79512
101269,2023-02-22 20:00:00,8657,South,Home & Kitchen,Item_E,12471,1,Debit Card,Delivered,12471
101270,2023-02-22 21:00:00,3466,South,Books,Item_E,45467,8,Cash,In Transit,363736
101271,2023-02-22 22:00:00,8312,West,Clothing,Item_C,32375,9,Net Banking,Returned,291375
101272,2023-02-22 23:00:00,9194,Central,Electronics,Item_B,9115,1,Cash,Cancelled,9115
101273,2023-02-23 00:00:00,8906,South,Clothing,Item_C,16322,8,Credit Card,In Transit,130576
101274,2023-02-23 01:00:00,5876,South,Clothing,Item_A,44399,3,Credit Card,Cancelled,133197
101275,2023-02-23 02:00:00,8287,West,Books,Item_C,7118,6,UPI,Cancelled,42708
101276,2023-02-23 03:00:00,1892,West,Electronics,Item_E,41116,8,Debit Card,Delivered,328928
101277,2023-02-23 04:00:00,5675,Central,Home & Kitchen,Item_C,30637,5,Net Banking,Cancelled,153185
101278,2023-02-23 05:00:00,2933,North,Clothing,Item_C,46006,8,Cash,Cancelled,368048
101279,2023-02-23 06:00:00,2380,North,Electronics,Item_B,14005,7,Credit Card,In Transit,98035
101280,2023-02-23 07:00:00,2290,East,Home & Kitchen,Item_E,19798,7,Debit Card,Delivered,138586
101281,2023-02-23 08:00:00,2640,South,Clothing,Item_D,40717,7,Debit Card,Cancelled,285019
101282,2023-02-23 09:00:00,8490,Central,Electronics,Item_D,3071,9,Net Banking,Cancelled,27639
101283,2023-02-23 10:00:00,2218,South,Books,Item_E,37457,6,Net Banking,Cancelled,224742
101284,2023-02-23 11:00:00,6016,Central,Clothing,Item_D,37575,6,Net Banking,Returned,225450
101285,2023-02-23 12:00:00,7881,Central,Clothing,Item_A,45941,9,Net Banking,Returned,413469
101286,2023-02-23 13:00:00,1954,Central,Electronics,Item_D,45079,6,Credit Card,Delivered,270474
101287,2023-02-23 14:00:00,8291,South,Clothing,Item_A,23348,7,Net Banking,In Transit,163436
101288,2023-02-23 15:00:00,1974,West,Home & Kitchen,Item_E,6034,7,Debit Card,Delivered,42238
101289,2023-02-23 16:00:00,5133,South,Clothing,Item_D,42880,2,Debit Card,Returned,85760
101290,2023-02-23 17:00:00,6370,Central,Beauty,Item_D,3599,8,Cash,Delivered,28792
101291,2023-02-23 18:00:00,4972,East,Home & Kitchen,Item_A,21962,6,Debit Card,In Transit,131772
101292,2023-02-23 19:00:00,6295,North,Electronics,Item_A,40572,4,Debit Card,Delivered,162288
101293,2023-02-23 20:00:00,9228,Central,Home & Kitchen,Item_C,11157,7,Credit Card,Cancelled,78099
101294,2023-02-23 21:00:00,4020,East,Beauty,Item_B,40699,8,Debit Card,In Transit,325592
101295,2023-02-23 22:00:00,9987,West,Beauty,Item_D,28540,1,UPI,In Transit,28540
101296,2023-02-23 23:00:00,5036,Central,Clothing,Item_B,27338,4,Debit Card,In Transit,109352
101297,2023-02-24 00:00:00,6068,East,Clothing,Item_B,16008,4,Cash,Delivered,64032
101298,2023-02-24 01:00:00,6233,Central,Books,Item_D,28443,9,Cash,Delivered,255987
101299,2023-02-24 02:00:00,1317,South,Home & Kitchen,Item_A,2461,6,Net Banking,Cancelled,14766
101300,2023-02-24 03:00:00,3396,East,Books,Item_C,12009,4,Credit Card,In Transit,48036
101301,2023-02-24 04:00:00,3162,South,Beauty,Item_E,17896,1,Cash,Cancelled,17896
101302,2023-02-24 05:00:00,3745,South,Clothing,Item_D,43024,8,UPI,In Transit,344192
101303,2023-02-24 06:00:00,2591,East,Clothing,Item_D,22091,9,UPI,Returned,198819
101304,2023-02-24 07:00:00,7183,North,Clothing,Item_E,19325,5,Net Banking,Delivered,96625
101305,2023-02-24 08:00:00,4930,East,Electronics,Item_B,1197,5,Credit Card,Cancelled,5985
101306,2023-02-24 09:00:00,2312,North,Beauty,Item_C,48123,8,Credit Card,Delivered,384984
101307,2023-02-24 10:00:00,5311,Central,Clothing,Item_B,6553,8,Debit Card,Delivered,52424
101308,2023-02-24 11:00:00,8314,Central,Beauty,Item_E,18903,5,UPI,Returned,94515
101309,2023-02-24 12:00:00,3383,East,Clothing,Item_E,36175,4,UPI,Returned,144700
101310,2023-02-24 13:00:00,4239,Central,Home & Kitchen,Item_C,9475,6,UPI,In Transit,56850
101311,2023-02-24 14:00:00,3139,West,Beauty,Item_E,20165,5,UPI,Returned,100825
101312,2023-02-24 15:00:00,2704,South,Books,Item_E,32619,8,Cash,In Transit,260952
101313,2023-02-24 16:00:00,7924,South,Electronics,Item_C,48842,9,Credit Card,Returned,439578
101314,2023-02-24 17:00:00,1362,North,Books,Item_D,36054,1,Debit Card,Returned,36054
101315,2023-02-24 18:00:00,3604,Central,Beauty,Item_B,16173,9,Cash,Cancelled,145557
101316,2023-02-24 19:00:00,5286,North,Clothing,Item_D,23750,9,Credit Card,Returned,213750
101317,2023-02-24 20:00:00,4738,South,Beauty,Item_D,27078,6,Net Banking,Cancelled,162468
101318,2023-02-24 21:00:00,3469,South,Electronics,Item_B,17305,5,UPI,Returned,86525
101319,2023-02-24 22:00:00,5795,Central,Beauty,Item_D,47838,7,Debit Card,Cancelled,334866
101320,2023-02-24 23:00:00,7150,West,Clothing,Item_C,34122,8,Credit Card,Delivered,272976
101321,2023-02-25 00:00:00,1556,West,Books,Item_B,16229,9,Net Banking,In Transit,146061
101322,2023-02-25 01:00:00,3808,Central,Home & Kitchen,Item_A,40135,9,UPI,Returned,361215
101323,2023-02-25 02:00:00,6150,Central,Books,Item_D,32984,3,Net Banking,Cancelled,98952
101324,2023-02-25 03:00:00,8561,North,Clothing,Item_E,31801,8,Net Banking,Returned,254408
101325,2023-02-25 04:00:00,3719,Central,Clothing,Item_B,40065,1,Cash,Cancelled,40065
101326,2023-02-25 05:00:00,7506,West,Electronics,Item_A,31745,7,Net Banking,Cancelled,222215
101327,2023-02-25 06:00:00,4741,Central,Beauty,Item_E,13365,5,Cash,Returned,66825
101328,2023-02-25 07:00:00,4998,North,Beauty,Item_A,18816,2,Cash,In Transit,37632
101329,2023-02-25 08:00:00,3403,North,Books,Item_D,11854,2,Net Banking,Cancelled,23708
101330,2023-02-25 09:00:00,9780,North,Home & Kitchen,Item_E,18030,8,Credit Card,Delivered,144240
101331,2023-02-25 10:00:00,1294,North,Home & Kitchen,Item_D,16405,5,Net Banking,Returned,82025
101332,2023-02-25 11:00:00,6343,East,Electronics,Item_E,42625,3,Net Banking,Delivered,127875
101333,2023-02-25 12:00:00,2136,Central,Clothing,Item_B,12159,1,Credit Card,Cancelled,12159
101334,2023-02-25 13:00:00,3064,South,Electronics,Item_C,22358,7,UPI,Cancelled,156506
101335,2023-02-25 14:00:00,8009,Central,Beauty,Item_C,12019,3,Debit Card,Returned,36057
101336,2023-02-25 15:00:00,5543,East,Clothing,Item_A,36051,7,UPI,In Transit,252357
101337,2023-02-25 16:00:00,2007,North,Electronics,Item_E,42703,2,Net Banking,Delivered,85406
101338,2023-02-25 17:00:00,6445,East,Books,Item_D,7152,4,UPI,In Transit,28608
101339,2023-02-25 18:00:00,6352,West,Beauty,Item_B,24425,2,Debit Card,Delivered,48850
101340,2023-02-25 19:00:00,2435,West,Home & Kitchen,Item_B,47605,4,UPI,In Transit,190420
101341,2023-02-25 20:00:00,1571,Central,Electronics,Item_B,42431,5,Debit Card,Returned,212155
101342,2023-02-25 21:00:00,3382,Central,Beauty,Item_C,5591,8,UPI,Delivered,44728
101343,2023-02-25 22:00:00,6084,South,Beauty,Item_D,14668,2,Cash,Returned,29336
101344,2023-02-25 23:00:00,1277,South,Home & Kitchen,Item_B,15291,3,Net Banking,In Transit,45873
101345,2023-02-26 00:00:00,8059,West,Home & Kitchen,Item_B,30437,5,Debit Card,In Transit,152185
101346,2023-02-26 01:00:00,2887,North,Home & Kitchen,Item_A,47932,9,Net Banking,In Transit,431388
101347,2023-02-26 02:00:00,2265,East,Electronics,Item_E,9164,5,Cash,Returned,45820
101348,2023-02-26 03:00:00,8491,South,Home & Kitchen,Item_E,40882,9,UPI,Cancelled,367938
101349,2023-02-26 04:00:00,2040,South,Books,Item_E,47444,4,Net Banking,Cancelled,189776
101350,2023-02-26 05:00:00,9073,North,Beauty,Item_A,49834,5,UPI,Delivered,249170
101351,2023-02-26 06:00:00,3752,North,Home & Kitchen,Item_C,27168,9,UPI,Returned,244512
101352,2023-02-26 07:00:00,9213,Central,Beauty,Item_A,40405,4,Net Banking,Returned,161620
101353,2023-02-26 08:00:00,5569,East,Clothing,Item_B,11571,5,Debit Card,Returned,57855
101354,2023-02-26 09:00:00,7353,North,Clothing,Item_D,42741,5,Debit Card,In Transit,213705
101355,2023-02-26 10:00:00,3353,South,Home & Kitchen,Item_B,25881,4,Net Banking,Returned,103524
101356,2023-02-26 11:00:00,8437,South,Beauty,Item_B,28485,4,Debit Card,Cancelled,113940
101357,2023-02-26 12:00:00,5799,West,Clothing,Item_D,38171,5,Credit Card,Delivered,190855
101358,2023-02-26 13:00:00,1686,North,Home & Kitchen,Item_E,15630,6,UPI,Cancelled,93780
101359,2023-02-26 14:00:00,9476,Central,Beauty,Item_A,45430,7,Net Banking,Returned,318010
101360,2023-02-26 15:00:00,5811,East,Home & Kitchen,Item_C,9233,6,Cash,Delivered,55398
101361,2023-02-26 16:00:00,9954,Central,Beauty,Item_B,20118,1,Net Banking,Delivered,20118
101362,2023-02-26 17:00:00,6346,South,Clothing,Item_B,18456,2,Net Banking,Returned,36912
101363,2023-02-26 18:00:00,6043,Central,Home & Kitchen,Item_C,48722,7,UPI,Returned,341054
101364,2023-02-26 19:00:00,3428,South,Clothing,Item_A,31388,3,Cash,Cancelled,94164
101365,2023-02-26 20:00:00,6126,South,Home & Kitchen,Item_B,36288,2,UPI,Cancelled,72576
101366,2023-02-26 21:00:00,9220,South,Electronics,Item_C,15179,6,Debit Card,In Transit,91074
101367,2023-02-26 22:00:00,8813,South,Clothing,Item_B,2928,4,Net Banking,In Transit,11712
101368,2023-02-26 23:00:00,4356,South,Clothing,Item_E,1795,5,UPI,In Transit,8975
101369,2023-02-27 00:00:00,9707,West,Books,Item_E,32824,6,Credit Card,Returned,196944
101370,2023-02-27 01:00:00,8266,Central,Clothing,Item_B,31768,3,Net Banking,Returned,95304
101371,2023-02-27 02:00:00,7540,West,Beauty,Item_B,2488,1,Debit Card,In Transit,2488
101372,2023-02-27 03:00:00,1038,West,Home & Kitchen,Item_E,39813,3,UPI,In Transit,119439
101373,2023-02-27 04:00:00,4342,North,Electronics,Item_B,40631,3,UPI,Cancelled,121893
101374,2023-02-27 05:00:00,3844,North,Beauty,Item_A,29211,6,Credit Card,In Transit,175266
101375,2023-02-27 06:00:00,2098,North,Beauty,Item_A,17327,4,Debit Card,In Transit,69308
101376,2023-02-27 07:00:00,8027,East,Beauty,Item_D,18078,7,Credit Card,Delivered,126546
101377,2023-02-27 08:00:00,2823,North,Beauty,Item_A,7144,2,Net Banking,In Transit,14288
101378,2023-02-27 09:00:00,4155,Central,Electronics,Item_B,12502,4,Cash,Delivered,50008
101379,2023-02-27 10:00:00,4093,West,Books,Item_B,43148,8,UPI,In Transit,345184
101380,2023-02-27 11:00:00,6658,Central,Clothing,Item_C,407,6,Credit Card,Delivered,2442
101381,2023-02-27 12:00:00,4778,North,Beauty,Item_A,1283,3,UPI,In Transit,3849
101382,2023-02-27 13:00:00,3896,East,Clothing,Item_E,3511,2,UPI,Cancelled,7022
101383,2023-02-27 14:00:00,1988,East,Clothing,Item_E,23335,3,Credit Card,Returned,70005
101384,2023-02-27 15:00:00,5116,West,Beauty,Item_D,41556,1,UPI,Delivered,41556
101385,2023-02-27 16:00:00,7446,Central,Books,Item_C,31419,1,Debit Card,Returned,31419
101386,2023-02-27 17:00:00,5179,South,Clothing,Item_E,16792,2,Debit Card,Cancelled,33584
101387,2023-02-27 18:00:00,2682,Central,Home & Kitchen,Item_D,46412,3,Cash,In Transit,139236
101388,2023-02-27 19:00:00,6626,North,Clothing,Item_A,24132,9,Debit Card,In Transit,217188
101389,2023-02-27 20:00:00,8424,South,Beauty,Item_C,19240,8,Credit Card,Cancelled,153920
101390,2023-02-27 21:00:00,1933,East,Electronics,Item_C,6050,9,Debit Card,Returned,54450
101391,2023-02-27 22:00:00,4598,West,Clothing,Item_B,31916,7,Cash,Returned,223412
101392,2023-02-27 23:00:00,2980,West,Books,Item_A,12919,7,Net Banking,Returned,90433
101393,2023-02-28 00:00:00,4056,East,Home & Kitchen,Item_C,21977,5,Net Banking,Returned,109885
101394,2023-02-28 01:00:00,9984,North,Home & Kitchen,Item_D,49485,7,Credit Card,Delivered,346395
101395,2023-02-28 02:00:00,1791,East,Electronics,Item_E,17222,4,Cash,Returned,68888
101396,2023-02-28 03:00:00,6390,North,Electronics,Item_A,34196,5,Debit Card,Delivered,170980
101397,2023-02-28 04:00:00,7635,South,Clothing,Item_A,28145,1,Cash,Cancelled,28145
101398,2023-02-28 05:00:00,3255,East,Beauty,Item_C,28988,4,UPI,In Transit,115952
101399,2023-02-28 06:00:00,4610,North,Books,Item_C,4219,3,Cash,Delivered,12657
101400,2023-02-28 07:00:00,2607,South,Home & Kitchen,Item_C,9682,2,Debit Card,Returned,19364
101401,2023-02-28 08:00:00,6179,East,Electronics,Item_D,47073,2,Credit Card,In Transit,94146
101402,2023-02-28 09:00:00,7573,West,Books,Item_B,18780,8,UPI,Delivered,150240
101403,2023-02-28 10:00:00,1984,East,Beauty,Item_C,10095,1,Cash,In Transit,10095
101404,2023-02-28 11:00:00,6776,Central,Home & Kitchen,Item_B,14335,8,Net Banking,Cancelled,114680
101405,2023-02-28 12:00:00,4676,East,Home & Kitchen,Item_B,49213,9,Debit Card,Returned,442917
101406,2023-02-28 13:00:00,4380,Central,Beauty,Item_A,10587,6,Credit Card,Cancelled,63522
101407,2023-02-28 14:00:00,9711,South,Home & Kitchen,Item_E,29336,1,Debit Card,In Transit,29336
101408,2023-02-28 15:00:00,9782,East,Beauty,Item_E,17559,7,Cash,Cancelled,122913
101409,2023-02-28 16:00:00,2050,South,Home & Kitchen,Item_D,47872,5,Credit Card,Returned,239360
101410,2023-02-28 17:00:00,4633,South,Clothing,Item_D,6321,9,Net Banking,Delivered,56889
101411,2023-02-28 18:00:00,7342,North,Beauty,Item_E,33996,7,UPI,Cancelled,237972
101412,2023-02-28 19:00:00,1959,South,Books,Item_E,17109,5,Cash,Returned,85545
101413,2023-02-28 20:00:00,7059,South,Clothing,Item_A,2527,2,Credit Card,In Transit,5054
101414,2023-02-28 21:00:00,9884,East,Books,Item_A,19130,4,UPI,Cancelled,76520
101415,2023-02-28 22:00:00,6655,East,Home & Kitchen,Item_E,35451,2,Credit Card,Delivered,70902
101416,2023-02-28 23:00:00,5473,West,Books,Item_C,35702,9,Cash,Cancelled,321318
101417,2023-03-01 00:00:00,3946,North,Clothing,Item_C,31747,2,Credit Card,In Transit,63494
101418,2023-03-01 01:00:00,8725,South,Beauty,Item_A,31888,2,Net Banking,In Transit,63776
101419,2023-03-01 02:00:00,1526,North,Electronics,Item_B,42698,2,Credit Card,In Transit,85396
101420,2023-03-01 03:00:00,4224,Central,Books,Item_E,43070,1,Cash,Cancelled,43070
101421,2023-03-01 04:00:00,2875,South,Electronics,Item_D,7504,9,Credit Card,Cancelled,67536
101422,2023-03-01 05:00:00,2763,North,Books,Item_C,4249,8,UPI,Cancelled,33992
101423,2023-03-01 06:00:00,9712,West,Books,Item_B,15147,2,UPI,Delivered,30294
101424,2023-03-01 07:00:00,6797,West,Beauty,Item_C,9695,2,Debit Card,Returned,19390
101425,2023-03-01 08:00:00,8099,South,Home & Kitchen,Item_B,24907,5,Debit Card,Cancelled,124535
101426,2023-03-01 09:00:00,6109,Central,Clothing,Item_E,33360,4,Net Banking,Delivered,133440
101427,2023-03-01 10:00:00,7644,West,Clothing,Item_E,44744,2,UPI,In Transit,89488
101428,2023-03-01 11:00:00,1116,West,Clothing,Item_E,43835,8,Debit Card,Cancelled,350680
101429,2023-03-01 12:00:00,3433,Central,Home & Kitchen,Item_A,30906,8,Credit Card,Cancelled,247248
101430,2023-03-01 13:00:00,6463,North,Electronics,Item_B,35434,4,Net Banking,Cancelled,141736
101431,2023-03-01 14:00:00,1583,West,Clothing,Item_D,34193,4,Cash,Delivered,136772
101432,2023-03-01 15:00:00,9586,East,Electronics,Item_D,15187,9,Debit Card,Cancelled,136683
101433,2023-03-01 16:00:00,4788,West,Home & Kitchen,Item_E,19289,4,Debit Card,Cancelled,77156
101434,2023-03-01 17:00:00,5167,North,Home & Kitchen,Item_D,661,9,UPI,Returned,5949
101435,2023-03-01 18:00:00,9465,North,Beauty,Item_C,10193,3,Net Banking,Delivered,30579
101436,2023-03-01 19:00:00,2389,South,Clothing,Item_B,11665,2,UPI,Returned,23330
101437,2023-03-01 20:00:00,9357,East,Beauty,Item_B,16735,8,UPI,Returned,133880
101438,2023-03-01 21:00:00,7154,North,Clothing,Item_B,32840,3,Net Banking,Returned,98520
101439,2023-03-01 22:00:00,6420,Central,Home & Kitchen,Item_C,10661,2,Credit Card,Returned,21322
101440,2023-03-01 23:00:00,9920,East,Home & Kitchen,Item_A,12566,8,Debit Card,In Transit,100528
101441,2023-03-02 00:00:00,3043,East,Books,Item_C,30095,8,UPI,Cancelled,240760
101442,2023-03-02 01:00:00,5197,Central,Books,Item_B,1985,5,Debit Card,Returned,9925
101443,2023-03-02 02:00:00,4496,West,Home & Kitchen,Item_B,6442,9,Net Banking,Delivered,57978
101444,2023-03-02 03:00:00,1778,Central,Home & Kitchen,Item_B,24729,6,Credit Card,Cancelled,148374
101445,2023-03-02 04:00:00,1213,Central,Electronics,Item_D,47280,5,Cash,Returned,236400
101446,2023-03-02 05:00:00,4762,West,Electronics,Item_A,6556,3,Credit Card,Returned,19668
101447,2023-03-02 06:00:00,7731,West,Beauty,Item_C,23429,7,Net Banking,Delivered,164003
101448,2023-03-02 07:00:00,4117,West,Books,Item_B,20044,9,Credit Card,In Transit,180396
101449,2023-03-02 08:00:00,6791,West,Books,Item_E,18420,4,Cash,Delivered,73680
101450,2023-03-02 09:00:00,9783,West,Home & Kitchen,Item_A,42557,7,UPI,In Transit,297899
101451,2023-03-02 10:00:00,3720,Central,Home & Kitchen,Item_E,25851,3,Credit Card,In Transit,77553
101452,2023-03-02 11:00:00,9905,South,Beauty,Item_A,31886,2,Net Banking,In Transit,63772
101453,2023-03-02 12:00:00,7047,South,Books,Item_B,22327,1,Credit Card,Returned,22327
101454,2023-03-02 13:00:00,9032,North,Electronics,Item_A,22862,6,Cash,Returned,137172
101455,2023-03-02 14:00:00,1001,South,Clothing,Item_A,34461,5,Net Banking,In Transit,172305
101456,2023-03-02 15:00:00,7368,South,Beauty,Item_B,25560,2,Credit Card,In Transit,51120
101457,2023-03-02 16:00:00,2949,Central,Clothing,Item_E,38131,3,Net Banking,Returned,114393
101458,2023-03-02 17:00:00,7732,West,Electronics,Item_E,42580,9,Cash,In Transit,383220
101459,2023-03-02 18:00:00,8833,West,Electronics,Item_D,14497,3,UPI,Returned,43491
101460,2023-03-02 19:00:00,1917,Central,Clothing,Item_E,38672,7,Cash,In Transit,270704
101461,2023-03-02 20:00:00,4174,South,Beauty,Item_E,22988,1,UPI,Returned,22988
101462,2023-03-02 21:00:00,8014,Central,Clothing,Item_A,39656,7,Debit Card,Delivered,277592
101463,2023-03-02 22:00:00,1089,North,Beauty,Item_D,27211,9,Cash,In Transit,244899
101464,2023-03-02 23:00:00,2709,West,Beauty,Item_B,48803,8,UPI,In Transit,390424
101465,2023-03-03 00:00:00,4041,East,Home & Kitchen,Item_B,28257,7,Debit Card,Delivered,197799
101466,2023-03-03 01:00:00,1105,North,Books,Item_C,18647,8,Debit Card,Cancelled,149176
101467,2023-03-03 02:00:00,9619,North,Books,Item_D,18604,4,Debit Card,In Transit,74416
101468,2023-03-03 03:00:00,2895,Central,Electronics,Item_A,21341,2,Net Banking,Cancelled,42682
101469,2023-03-03 04:00:00,7090,South,Home & Kitchen,Item_C,22507,9,Cash,Delivered,202563
101470,2023-03-03 05:00:00,9508,West,Books,Item_C,10541,3,Cash,In Transit,31623
101471,2023-03-03 06:00:00,7082,East,Beauty,Item_B,40321,4,Cash,Cancelled,161284
101472,2023-03-03 07:00:00,1634,North,Beauty,Item_E,9342,7,Cash,In Transit,65394
101473,2023-03-03 08:00:00,2925,East,Clothing,Item_A,48234,2,Net Banking,In Transit,96468
101474,2023-03-03 09:00:00,3056,South,Clothing,Item_D,41184,8,Cash,Returned,329472
101475,2023-03-03 10:00:00,7917,South,Beauty,Item_C,16132,8,UPI,Cancelled,129056
101476,2023-03-03 11:00:00,4144,East,Beauty,Item_A,12217,5,Debit Card,Returned,61085
101477,2023-03-03 12:00:00,1552,West,Clothing,Item_B,33537,9,Net Banking,Returned,301833
101478,2023-03-03 13:00:00,9907,South,Books,Item_C,38080,8,Net Banking,Cancelled,304640
101479,2023-03-03 14:00:00,6383,East,Electronics,Item_C,1555,1,Cash,Cancelled,1555
101480,2023-03-03 15:00:00,4911,North,Clothing,Item_B,41024,9,Debit Card,Returned,369216
101481,2023-03-03 16:00:00,4389,East,Books,Item_B,16286,5,UPI,In Transit,81430
101482,2023-03-03 17:00:00,9442,East,Books,Item_B,21715,9,Debit Card,In Transit,195435
101483,2023-03-03 18:00:00,3430,Central,Books,Item_A,14420,9,Credit Card,Delivered,129780
101484,2023-03-03 19:00:00,1458,South,Home & Kitchen,Item_A,47466,3,Debit Card,In Transit,142398
101485,2023-03-03 20:00:00,1207,West,Home & Kitchen,Item_A,33802,8,UPI,Cancelled,270416
101486,2023-03-03 21:00:00,1899,West,Books,Item_E,11508,7,UPI,Cancelled,80556
101487,2023-03-03 22:00:00,1021,Central,Beauty,Item_C,1169,7,UPI,Delivered,8183
101488,2023-03-03 23:00:00,9601,West,Home & Kitchen,Item_A,33560,2,Net Banking,Cancelled,67120
101489,2023-03-04 00:00:00,1894,East,Clothing,Item_E,454,2,Net Banking,Returned,908
101490,2023-03-04 01:00:00,1514,Central,Home & Kitchen,Item_C,10506,2,Credit Card,Delivered,21012
101491,2023-03-04 02:00:00,8294,North,Beauty,Item_A,27741,2,Debit Card,Delivered,55482
101492,2023-03-04 03:00:00,5904,South,Electronics,Item_B,2861,4,Cash,In Transit,11444
101493,2023-03-04 04:00:00,8867,South,Home & Kitchen,Item_D,15509,7,Credit Card,In Transit,108563
101494,2023-03-04 05:00:00,5109,South,Books,Item_A,41762,2,Cash,Returned,83524
101495,2023-03-04 06:00:00,8179,East,Books,Item_D,18423,5,Cash,Returned,92115
101496,2023-03-04 07:00:00,2560,North,Books,Item_A,6105,7,Credit Card,In Transit,42735
101497,2023-03-04 08:00:00,2266,Central,Electronics,Item_B,2631,9,Debit Card,In Transit,23679
101498,2023-03-04 09:00:00,4638,Central,Beauty,Item_D,7956,8,Cash,Returned,63648
101499,2023-03-04 10:00:00,9941,South,Clothing,Item_E,5553,9,Net Banking,In Transit,49977
101500,2023-03-04 11:00:00,4427,North,Beauty,Item_B,1937,7,Net Banking,Delivered,13559
101501,2023-03-04 12:00:00,5780,North,Electronics,Item_D,17068,3,Credit Card,Returned,51204
101502,2023-03-04 13:00:00,2927,North,Books,Item_D,32676,1,Cash,In Transit,32676
101503,2023-03-04 14:00:00,3356,West,Beauty,Item_B,24525,7,Credit Card,Cancelled,171675
101504,2023-03-04 15:00:00,5790,West,Clothing,Item_B,12526,6,Net Banking,Cancelled,75156
101505,2023-03-04 16:00:00,1306,South,Books,Item_B,24786,2,Credit Card,Returned,49572
101506,2023-03-04 17:00:00,8979,North,Clothing,Item_C,13111,1,Cash,Cancelled,13111
101507,2023-03-04 18:00:00,4665,North,Home & Kitchen,Item_E,29280,4,Cash,Cancelled,117120
101508,2023-03-04 19:00:00,8057,Central,Clothing,Item_A,22835,4,Net Banking,Delivered,91340
101509,2023-03-04 20:00:00,1661,Central,Books,Item_D,5413,6,UPI,Returned,32478
101510,2023-03-04 21:00:00,5644,South,Home & Kitchen,Item_A,39195,5,UPI,Cancelled,195975
101511,2023-03-04 22:00:00,9503,North,Books,Item_B,28140,9,Debit Card,In Transit,253260
101512,2023-03-04 23:00:00,3920,South,Books,Item_E,44247,8,Net Banking,Returned,353976
101513,2023-03-05 00:00:00,9946,Central,Home & Kitchen,Item_E,48804,9,Debit Card,Returned,439236
101514,2023-03-05 01:00:00,7236,Central,Clothing,Item_C,23565,7,Net Banking,Cancelled,164955
101515,2023-03-05 02:00:00,7078,West,Electronics,Item_B,8996,9,Cash,Cancelled,80964
101516,2023-03-05 03:00:00,1352,South,Electronics,Item_D,49319,3,Net Banking,Delivered,147957
101517,2023-03-05 04:00:00,8005,South,Electronics,Item_C,17552,9,Credit Card,In Transit,157968
101518,2023-03-05 05:00:00,1158,North,Electronics,Item_B,17020,2,Debit Card,Delivered,34040
101519,2023-03-05 06:00:00,1956,North,Beauty,Item_C,11166,9,Net Banking,Delivered,100494
101520,2023-03-05 07:00:00,3071,West,Electronics,Item_A,46935,6,Debit Card,In Transit,281610
101521,2023-03-05 08:00:00,9595,East,Home & Kitchen,Item_B,2009,4,Net Banking,Cancelled,8036
101522,2023-03-05 09:00:00,4453,East,Electronics,Item_D,39514,2,UPI,Delivered,79028
101523,2023-03-05 10:00:00,7675,East,Books,Item_D,41075,3,Debit Card,Returned,123225
101524,2023-03-05 11:00:00,1955,South,Electronics,Item_B,5705,5,Cash,Delivered,28525
101525,2023-03-05 12:00:00,7295,South,Clothing,Item_C,30849,9,Cash,In Transit,277641
101526,2023-03-05 13:00:00,2712,Central,Home & Kitchen,Item_E,5457,7,Net Banking,Delivered,38199
101527,2023-03-05 14:00:00,5703,South,Home & Kitchen,Item_B,15251,3,Cash,Delivered,45753
101528,2023-03-05 15:00:00,7563,South,Beauty,Item_D,5109,4,Cash,Returned,20436
101529,2023-03-05 16:00:00,6631,South,Books,Item_A,27545,2,Debit Card,In Transit,55090
101530,2023-03-05 17:00:00,2394,West,Home & Kitchen,Item_D,15066,8,Net Banking,Returned,120528
101531,2023-03-05 18:00:00,5732,South,Clothing,Item_E,42989,6,Debit Card,Cancelled,257934
101532,2023-03-05 19:00:00,4714,North,Electronics,Item_D,25068,3,Net Banking,In Transit,75204
101533,2023-03-05 20:00:00,1529,North,Home & Kitchen,Item_E,48326,5,Cash,Delivered,241630
101534,2023-03-05 21:00:00,3958,Central,Clothing,Item_B,28727,5,Net Banking,Returned,143635
101535,2023-03-05 22:00:00,8904,West,Electronics,Item_D,661,1,Net Banking,Returned,661
101536,2023-03-05 23:00:00,4591,North,Beauty,Item_C,28660,5,Credit Card,In Transit,143300
101537,2023-03-06 00:00:00,7895,West,Home & Kitchen,Item_C,48700,6,Net Banking,Returned,292200
101538,2023-03-06 01:00:00,1525,West,Home & Kitchen,Item_D,3433,2,Credit Card,In Transit,6866
101539,2023-03-06 02:00:00,7477,Central,Clothing,Item_D,12328,3,Debit Card,Cancelled,36984
101540,2023-03-06 03:00:00,1001,West,Books,Item_A,5402,5,Credit Card,In Transit,27010
101541,2023-03-06 04:00:00,1374,South,Beauty,Item_D,35907,3,Debit Card,In Transit,107721
101542,2023-03-06 05:00:00,5648,West,Books,Item_A,31458,5,Net Banking,Cancelled,157290
101543,2023-03-06 06:00:00,3365,Central,Home & Kitchen,Item_A,48165,5,Debit Card,Cancelled,240825
101544,2023-03-06 07:00:00,2525,Central,Books,Item_A,31438,8,Cash,Delivered,251504
101545,2023-03-06 08:00:00,2646,Central,Electronics,Item_A,13922,9,Net Banking,Returned,125298
101546,2023-03-06 09:00:00,1013,North,Beauty,Item_B,45966,8,Credit Card,Cancelled,367728
101547,2023-03-06 10:00:00,5599,South,Books,Item_C,49440,3,UPI,Cancelled,148320
101548,2023-03-06 11:00:00,3278,North,Electronics,Item_A,18247,1,Net Banking,Returned,18247
101549,2023-03-06 12:00:00,4155,East,Clothing,Item_C,3501,3,Cash,Returned,10503
101550,2023-03-06 13:00:00,9321,South,Books,Item_A,32744,1,Debit Card,Delivered,32744
101551,2023-03-06 14:00:00,4814,West,Beauty,Item_C,31783,9,Credit Card,Delivered,286047
101552,2023-03-06 15:00:00,4216,Central,Electronics,Item_D,27713,3,Credit Card,In Transit,83139
101553,2023-03-06 16:00:00,9219,East,Books,Item_D,15840,8,Cash,Delivered,126720
101554,2023-03-06 17:00:00,3113,South,Clothing,Item_C,22613,6,Cash,Cancelled,135678
101555,2023-03-06 18:00:00,5356,North,Books,Item_A,17005,3,Net Banking,Cancelled,51015
101556,2023-03-06 19:00:00,6543,Central,Electronics,Item_B,20333,9,UPI,Returned,182997
101557,2023-03-06 20:00:00,5555,North,Books,Item_C,49099,8,UPI,Delivered,392792
101558,2023-03-06 21:00:00,8062,South,Beauty,Item_E,21555,3,Debit Card,In Transit,64665
101559,2023-03-06 22:00:00,4374,South,Home & Kitchen,Item_B,23429,7,Credit Card,In Transit,164003
101560,2023-03-06 23:00:00,7430,East,Electronics,Item_E,4633,5,Net Banking,In Transit,23165
101561,2023-03-07 00:00:00,4466,West,Electronics,Item_C,33233,2,Credit Card,In Transit,66466
101562,2023-03-07 01:00:00,4081,North,Electronics,Item_A,35818,8,Net Banking,Returned,286544
101563,2023-03-07 02:00:00,1629,East,Electronics,Item_E,1578,1,Cash,Delivered,1578
101564,2023-03-07 03:00:00,1269,Central,Books,Item_C,6703,4,Debit Card,Delivered,26812
101565,2023-03-07 04:00:00,6724,West,Beauty,Item_B,40125,4,Cash,Delivered,160500
101566,2023-03-07 05:00:00,6897,East,Clothing,Item_A,42974,5,Credit Card,Delivered,214870
101567,2023-03-07 06:00:00,4432,North,Beauty,Item_E,33817,4,Debit Card,In Transit,135268
101568,2023-03-07 07:00:00,7276,South,Electronics,Item_C,5014,1,Net Banking,In Transit,5014
101569,2023-03-07 08:00:00,6895,Central,Books,Item_A,23963,7,Net Banking,Returned,167741
101570,2023-03-07 09:00:00,8115,North,Books,Item_A,10200,2,Debit Card,Returned,20400
101571,2023-03-07 10:00:00,7656,West,Electronics,Item_D,15488,3,Cash,In Transit,46464
101572,2023-03-07 11:00:00,1575,West,Books,Item_A,3474,5,Debit Card,Cancelled,17370
101573,2023-03-07 12:00:00,8029,South,Electronics,Item_C,14427,8,Cash,Delivered,115416
101574,2023-03-07 13:00:00,7099,South,Beauty,Item_B,17479,8,Debit Card,Returned,139832
101575,2023-03-07 14:00:00,4192,Central,Home & Kitchen,Item_D,9568,2,Cash,In Transit,19136
101576,2023-03-07 15:00:00,4178,Central,Books,Item_C,44913,9,UPI,Delivered,404217
101577,2023-03-07 16:00:00,7052,South,Electronics,Item_C,42936,6,Debit Card,Delivered,257616
101578,2023-03-07 17:00:00,3734,South,Electronics,Item_C,31206,9,Cash,In Transit,280854
101579,2023-03-07 18:00:00,7116,West,Books,Item_E,27580,4,Credit Card,Cancelled,110320
101580,2023-03-07 19:00:00,4568,South,Clothing,Item_E,28168,3,Credit Card,Cancelled,84504
101581,2023-03-07 20:00:00,3203,East,Electronics,Item_B,9851,5,Debit Card,Returned,49255
101582,2023-03-07 21:00:00,2390,North,Books,Item_C,14103,5,Debit Card,In Transit,70515
101583,2023-03-07 22:00:00,2742,South,Electronics,Item_E,19127,4,Net Banking,Returned,76508
101584,2023-03-07 23:00:00,2925,Central,Clothing,Item_E,7971,7,Cash,Cancelled,55797
101585,2023-03-08 00:00:00,1619,East,Home & Kitchen,Item_E,13660,8,Debit Card,Returned,109280
101586,2023-03-08 01:00:00,2274,Central,Clothing,Item_B,4837,5,Credit Card,Returned,24185
101587,2023-03-08 02:00:00,1956,East,Beauty,Item_B,45890,9,Credit Card,Cancelled,413010
101588,2023-03-08 03:00:00,2939,South,Books,Item_C,41034,7,Credit Card,Delivered,287238
101589,2023-03-08 04:00:00,4953,North,Clothing,Item_D,3753,7,Cash,Delivered,26271
101590,2023-03-08 05:00:00,1968,Central,Home & Kitchen,Item_C,34317,8,UPI,Cancelled,274536
101591,2023-03-08 06:00:00,1281,East,Electronics,Item_E,35954,4,Debit Card,Delivered,143816
101592,2023-03-08 07:00:00,7262,West,Books,Item_E,23780,6,UPI,In Transit,142680
101593,2023-03-08 08:00:00,2058,South,Clothing,Item_A,11722,5,Cash,Delivered,58610
101594,2023-03-08 09:00:00,5293,North,Home & Kitchen,Item_C,35090,1,Debit Card,Cancelled,35090
101595,2023-03-08 10:00:00,6178,South,Clothing,Item_E,28404,9,Net Banking,In Transit,255636
101596,2023-03-08 11:00:00,7980,West,Beauty,Item_E,14092,2,Debit Card,Returned,28184
101597,2023-03-08 12:00:00,2229,North,Books,Item_D,8889,6,Debit Card,Cancelled,53334
101598,2023-03-08 13:00:00,5585,West,Electronics,Item_A,28263,8,Debit Card,Cancelled,226104
101599,2023-03-08 14:00:00,9467,South,Home & Kitchen,Item_C,14262,3,Debit Card,Delivered,42786
101600,2023-03-08 15:00:00,3740,East,Clothing,Item_B,1563,5,Debit Card,In Transit,7815
101601,2023-03-08 16:00:00,3289,South,Books,Item_C,16891,7,Cash,Cancelled,118237
101602,2023-03-08 17:00:00,2239,South,Clothing,Item_C,2951,4,Debit Card,In Transit,11804
101603,2023-03-08 18:00:00,6370,South,Books,Item_D,7982,5,Cash,In Transit,39910
101604,2023-03-08 19:00:00,1125,Central,Beauty,Item_C,17848,1,Debit Card,Delivered,17848
101605,2023-03-08 20:00:00,8473,West,Clothing,Item_D,12740,4,Debit Card,Cancelled,50960
101606,2023-03-08 21:00:00,6342,West,Beauty,Item_D,46191,7,Cash,In Transit,323337
101607,2023-03-08 22:00:00,8351,West,Home & Kitchen,Item_E,5539,7,Debit Card,In Transit,38773
101608,2023-03-08 23:00:00,7638,Central,Beauty,Item_B,27220,4,Credit Card,Returned,108880
101609,2023-03-09 00:00:00,7570,East,Books,Item_D,27809,6,Debit Card,Delivered,166854
101610,2023-03-09 01:00:00,4249,South,Home & Kitchen,Item_A,6048,5,Net Banking,Cancelled,30240
101611,2023-03-09 02:00:00,8595,East,Clothing,Item_A,17077,1,Cash,In Transit,17077
101612,2023-03-09 03:00:00,7294,Central,Clothing,Item_B,18605,8,Debit Card,Delivered,148840
101613,2023-03-09 04:00:00,7527,West,Books,Item_D,48829,7,Debit Card,Cancelled,341803
101614,2023-03-09 05:00:00,6757,South,Electronics,Item_B,46433,5,Cash,In Transit,232165
101615,2023-03-09 06:00:00,2969,North,Electronics,Item_E,21671,7,UPI,Cancelled,151697
101616,2023-03-09 07:00:00,1891,North,Clothing,Item_A,3502,3,Credit Card,Cancelled,10506
101617,2023-03-09 08:00:00,5470,East,Books,Item_C,14637,8,Credit Card,Delivered,117096
101618,2023-03-09 09:00:00,8175,West,Electronics,Item_A,48130,5,Debit Card,Delivered,240650
101619,2023-03-09 10:00:00,9320,North,Beauty,Item_D,14712,2,Cash,Returned,29424
101620,2023-03-09 11:00:00,7812,East,Clothing,Item_B,32636,2,Net Banking,Returned,65272
101621,2023-03-09 12:00:00,8519,Central,Beauty,Item_A,23711,4,Debit Card,Returned,94844
101622,2023-03-09 13:00:00,5612,East,Books,Item_C,5222,7,Credit Card,In Transit,36554
101623,2023-03-09 14:00:00,2198,East,Beauty,Item_C,43439,4,Debit Card,Returned,173756
101624,2023-03-09 15:00:00,6238,East,Electronics,Item_B,6355,9,Cash,Cancelled,57195
101625,2023-03-09 16:00:00,7089,South,Electronics,Item_B,31680,2,Net Banking,Delivered,63360
101626,2023-03-09 17:00:00,7257,East,Home & Kitchen,Item_A,38222,6,UPI,Cancelled,229332
101627,2023-03-09 18:00:00,8705,East,Clothing,Item_D,25532,4,Net Banking,Delivered,102128
101628,2023-03-09 19:00:00,4719,South,Books,Item_E,4554,6,Debit Card,Delivered,27324
101629,2023-03-09 20:00:00,1302,South,Clothing,Item_C,32047,9,Credit Card,Cancelled,288423
101630,2023-03-09 21:00:00,1986,Central,Beauty,Item_B,35484,9,Cash,Cancelled,319356
101631,2023-03-09 22:00:00,5440,West,Books,Item_E,48840,9,Debit Card,In Transit,439560
101632,2023-03-09 23:00:00,5909,North,Books,Item_E,10356,9,UPI,Delivered,93204
101633,2023-03-10 00:00:00,4072,North,Electronics,Item_E,22653,3,Cash,Returned,67959
101634,2023-03-10 01:00:00,4124,East,Beauty,Item_D,32889,9,Cash,In Transit,296001
101635,2023-03-10 02:00:00,9125,Central,Electronics,Item_B,23958,3,Cash,Returned,71874
101636,2023-03-10 03:00:00,4291,East,Electronics,Item_C,9038,3,Debit Card,In Transit,27114
101637,2023-03-10 04:00:00,5033,North,Home & Kitchen,Item_B,45702,5,UPI,Delivered,228510
101638,2023-03-10 05:00:00,6105,South,Electronics,Item_A,43990,6,Debit Card,Cancelled,263940
101639,2023-03-10 06:00:00,1703,West,Clothing,Item_C,38176,9,Cash,Cancelled,343584
101640,2023-03-10 07:00:00,9133,Central,Books,Item_B,49546,1,Cash,Delivered,49546
101641,2023-03-10 08:00:00,1574,South,Electronics,Item_C,13925,8,Credit Card,Cancelled,111400
101642,2023-03-10 09:00:00,6704,West,Clothing,Item_A,9537,4,Net Banking,Delivered,38148
101643,2023-03-10 10:00:00,8848,Central,Beauty,Item_C,10901,7,Debit Card,Delivered,76307
101644,2023-03-10 11:00:00,6208,Central,Books,Item_E,30011,6,UPI,Delivered,180066
101645,2023-03-10 12:00:00,7924,North,Beauty,Item_D,43243,6,Cash,In Transit,259458
101646,2023-03-10 13:00:00,4828,South,Clothing,Item_A,39178,7,Debit Card,Cancelled,274246
101647,2023-03-10 14:00:00,4230,Central,Beauty,Item_C,29516,4,Net Banking,In Transit,118064
101648,2023-03-10 15:00:00,1488,Central,Beauty,Item_A,11744,6,Debit Card,Returned,70464
101649,2023-03-10 16:00:00,8114,West,Beauty,Item_E,21714,3,Net Banking,Delivered,65142
101650,2023-03-10 17:00:00,4173,North,Electronics,Item_D,16527,5,Debit Card,Cancelled,82635
101651,2023-03-10 18:00:00,2667,East,Electronics,Item_A,47009,2,Credit Card,Returned,94018
101652,2023-03-10 19:00:00,5114,North,Electronics,Item_E,16905,3,Debit Card,Delivered,50715
101653,2023-03-10 20:00:00,4553,East,Books,Item_E,10679,9,Credit Card,Returned,96111
101654,2023-03-10 21:00:00,8761,South,Clothing,Item_E,11523,6,Net Banking,In Transit,69138
101655,2023-03-10 22:00:00,2000,South,Electronics,Item_C,13137,3,Cash,In Transit,39411
101656,2023-03-10 23:00:00,2388,Central,Beauty,Item_B,23289,2,Cash,Cancelled,46578
101657,2023-03-11 00:00:00,6450,South,Beauty,Item_A,1902,5,Debit Card,Returned,9510
101658,2023-03-11 01:00:00,4712,Central,Beauty,Item_B,10604,5,UPI,Returned,53020
101659,2023-03-11 02:00:00,2367,North,Beauty,Item_E,33798,1,Debit Card,In Transit,33798
101660,2023-03-11 03:00:00,9189,South,Home & Kitchen,Item_B,8580,3,Credit Card,In Transit,25740
101661,2023-03-11 04:00:00,1454,North,Books,Item_E,22190,7,Credit Card,Cancelled,155330
101662,2023-03-11 05:00:00,3772,North,Clothing,Item_E,33059,9,Net Banking,Delivered,297531
101663,2023-03-11 06:00:00,4726,South,Clothing,Item_D,4077,5,Debit Card,Cancelled,20385
101664,2023-03-11 07:00:00,8232,North,Electronics,Item_D,43071,4,Net Banking,In Transit,172284
101665,2023-03-11 08:00:00,5806,South,Home & Kitchen,Item_B,18920,3,UPI,Cancelled,56760
101666,2023-03-11 09:00:00,3190,South,Clothing,Item_A,7876,9,Cash,Delivered,70884
101667,2023-03-11 10:00:00,3875,South,Books,Item_B,32018,7,Cash,In Transit,224126
101668,2023-03-11 11:00:00,6592,East,Beauty,Item_A,34548,7,Debit Card,Delivered,241836
101669,2023-03-11 12:00:00,2440,North,Electronics,Item_B,48755,8,Net Banking,Cancelled,390040
101670,2023-03-11 13:00:00,9927,West,Books,Item_C,42568,1,Net Banking,Delivered,42568
101671,2023-03-11 14:00:00,7059,South,Clothing,Item_C,48380,4,UPI,In Transit,193520
101672,2023-03-11 15:00:00,8010,North,Home & Kitchen,Item_A,24330,5,Net Banking,In Transit,121650
101673,2023-03-11 16:00:00,8117,Central,Electronics,Item_D,33441,5,Credit Card,Delivered,167205
101674,2023-03-11 17:00:00,3989,South,Clothing,Item_A,44592,1,Credit Card,Cancelled,44592
101675,2023-03-11 18:00:00,7228,South,Electronics,Item_B,49621,3,Credit Card,Cancelled,148863
101676,2023-03-11 19:00:00,7471,West,Clothing,Item_E,26820,2,Debit Card,Cancelled,53640
101677,2023-03-11 20:00:00,3863,East,Beauty,Item_C,17277,7,Credit Card,Cancelled,120939
101678,2023-03-11 21:00:00,2177,East,Home & Kitchen,Item_E,12863,5,Credit Card,Returned,64315
101679,2023-03-11 22:00:00,5760,South,Beauty,Item_C,17999,3,Cash,Returned,53997
101680,2023-03-11 23:00:00,1011,North,Clothing,Item_B,47485,8,Debit Card,Delivered,379880
101681,2023-03-12 00:00:00,6252,Central,Books,Item_C,17819,1,Credit Card,Returned,17819
101682,2023-03-12 01:00:00,5399,Central,Beauty,Item_A,4167,1,UPI,Returned,4167
101683,2023-03-12 02:00:00,9234,North,Books,Item_E,27688,6,Credit Card,Returned,166128
101684,2023-03-12 03:00:00,6445,South,Clothing,Item_E,13411,1,Debit Card,Delivered,13411
101685,2023-03-12 04:00:00,7570,Central,Home & Kitchen,Item_B,21369,4,Net Banking,Returned,85476
101686,2023-03-12 05:00:00,9212,East,Books,Item_E,30573,6,Cash,Cancelled,183438
101687,2023-03-12 06:00:00,1406,North,Clothing,Item_B,32869,1,Cash,Cancelled,32869
101688,2023-03-12 07:00:00,5431,West,Books,Item_D,6834,9,Debit Card,Delivered,61506
101689,2023-03-12 08:00:00,6243,South,Beauty,Item_A,1040,4,Credit Card,Delivered,4160
101690,2023-03-12 09:00:00,7542,North,Clothing,Item_C,34429,9,UPI,Delivered,309861
101691,2023-03-12 10:00:00,7936,Central,Beauty,Item_C,21518,9,Credit Card,In Transit,193662
101692,2023-03-12 11:00:00,9906,South,Electronics,Item_C,15605,6,Credit Card,Returned,93630
101693,2023-03-12 12:00:00,5146,East,Clothing,Item_D,47971,7,UPI,Delivered,335797
101694,2023-03-12 13:00:00,1140,South,Books,Item_A,36440,1,Cash,Delivered,36440
101695,2023-03-12 14:00:00,5882,South,Electronics,Item_E,16047,5,Credit Card,Delivered,80235
101696,2023-03-12 15:00:00,7012,East,Beauty,Item_E,23747,3,Net Banking,Cancelled,71241
101697,2023-03-12 16:00:00,1963,East,Beauty,Item_A,6775,6,Net Banking,Delivered,40650
101698,2023-03-12 17:00:00,8151,South,Books,Item_A,30323,4,Debit Card,Cancelled,121292
101699,2023-03-12 18:00:00,9564,East,Electronics,Item_C,5043,9,Debit Card,Cancelled,45387
101700,2023-03-12 19:00:00,4610,North,Home & Kitchen,Item_E,27651,7,UPI,In Transit,193557
101701,2023-03-12 20:00:00,7894,East,Books,Item_A,7939,4,UPI,Delivered,31756
101702,2023-03-12 21:00:00,8311,East,Beauty,Item_E,15052,6,Debit Card,In Transit,90312
101703,2023-03-12 22:00:00,1105,South,Clothing,Item_A,49292,2,Credit Card,Delivered,98584
101704,2023-03-12 23:00:00,6539,North,Electronics,Item_B,9357,3,Cash,Returned,28071
101705,2023-03-13 00:00:00,7787,West,Home & Kitchen,Item_C,22606,7,Net Banking,Delivered,158242
101706,2023-03-13 01:00:00,3137,West,Clothing,Item_A,47484,4,UPI,Delivered,189936
101707,2023-03-13 02:00:00,5445,Central,Electronics,Item_D,45400,7,Debit Card,Delivered,317800
101708,2023-03-13 03:00:00,4530,East,Books,Item_A,7632,9,Net Banking,Delivered,68688
101709,2023-03-13 04:00:00,2286,East,Books,Item_B,19037,5,UPI,Delivered,95185
101710,2023-03-13 05:00:00,8052,North,Electronics,Item_D,15348,1,UPI,Delivered,15348
101711,2023-03-13 06:00:00,4654,West,Home & Kitchen,Item_D,11394,5,Credit Card,In Transit,56970
101712,2023-03-13 07:00:00,8102,Central,Electronics,Item_A,32791,6,UPI,Returned,196746
101713,2023-03-13 08:00:00,3359,North,Clothing,Item_B,15019,2,Cash,In Transit,30038
101714,2023-03-13 09:00:00,9105,East,Clothing,Item_D,6825,8,UPI,Returned,54600
101715,2023-03-13 10:00:00,9636,West,Books,Item_C,7604,2,Cash,In Transit,15208
101716,2023-03-13 11:00:00,7441,Central,Electronics,Item_C,14874,9,Credit Card,In Transit,133866
101717,2023-03-13 12:00:00,6047,South,Books,Item_E,10707,2,Cash,Delivered,21414
101718,2023-03-13 13:00:00,9227,West,Home & Kitchen,Item_E,20587,3,Net Banking,In Transit,61761
101719,2023-03-13 14:00:00,6203,Central,Clothing,Item_B,18897,8,UPI,Returned,151176
101720,2023-03-13 15:00:00,2798,North,Beauty,Item_D,37591,6,Debit Card,Cancelled,225546
101721,2023-03-13 16:00:00,6291,South,Beauty,Item_C,19747,1,Debit Card,Returned,19747
101722,2023-03-13 17:00:00,6495,Central,Electronics,Item_C,23770,4,Cash,In Transit,95080
101723,2023-03-13 18:00:00,7284,Central,Electronics,Item_B,39983,5,Credit Card,Cancelled,199915
101724,2023-03-13 19:00:00,8285,East,Beauty,Item_D,28237,3,Cash,Delivered,84711
101725,2023-03-13 20:00:00,2300,West,Electronics,Item_B,30283,1,Cash,Cancelled,30283
101726,2023-03-13 21:00:00,7869,East,Clothing,Item_A,48229,3,Cash,Delivered,144687
101727,2023-03-13 22:00:00,4097,South,Home & Kitchen,Item_C,40750,9,Net Banking,Returned,366750
101728,2023-03-13 23:00:00,5616,Central,Home & Kitchen,Item_B,38182,2,Net Banking,Cancelled,76364
101729,2023-03-14 00:00:00,1009,East,Books,Item_B,39906,1,Cash,Cancelled,39906
101730,2023-03-14 01:00:00,6752,West,Clothing,Item_A,3188,7,Credit Card,Cancelled,22316
101731,2023-03-14 02:00:00,7295,South,Electronics,Item_E,5356,7,UPI,Delivered,37492
101732,2023-03-14 03:00:00,5815,North,Electronics,Item_C,38480,5,Debit Card,Delivered,192400
101733,2023-03-14 04:00:00,2072,East,Books,Item_B,9988,2,Net Banking,Returned,19976
101734,2023-03-14 05:00:00,4225,South,Books,Item_C,14385,1,UPI,Returned,14385
101735,2023-03-14 06:00:00,2316,North,Electronics,Item_E,18934,5,Net Banking,In Transit,94670
101736,2023-03-14 07:00:00,6699,East,Electronics,Item_B,10171,4,Net Banking,Delivered,40684
101737,2023-03-14 08:00:00,7807,South,Clothing,Item_A,43608,9,Net Banking,Returned,392472
101738,2023-03-14 09:00:00,7674,South,Books,Item_C,6687,5,Cash,Cancelled,33435
101739,2023-03-14 10:00:00,4683,East,Clothing,Item_A,21197,2,Cash,Cancelled,42394
101740,2023-03-14 11:00:00,8227,South,Electronics,Item_E,46656,4,Net Banking,Cancelled,186624
101741,2023-03-14 12:00:00,4273,Central,Beauty,Item_E,12652,9,Net Banking,Returned,113868
101742,2023-03-14 13:00:00,8000,East,Beauty,Item_C,15572,8,Debit Card,Cancelled,124576
101743,2023-03-14 14:00:00,1145,South,Electronics,Item_E,44967,3,UPI,Cancelled,134901
101744,2023-03-14 15:00:00,6010,North,Books,Item_D,13634,8,UPI,Delivered,109072
101745,2023-03-14 16:00:00,4040,North,Beauty,Item_C,12616,2,Credit Card,Delivered,25232
101746,2023-03-14 17:00:00,1482,Central,Books,Item_D,19448,3,Credit Card,Returned,58344
101747,2023-03-14 18:00:00,4179,East,Beauty,Item_E,46913,5,Credit Card,Delivered,234565
101748,2023-03-14 19:00:00,2249,South,Books,Item_C,28394,8,Cash,In Transit,227152
101749,2023-03-14 20:00:00,1630,South,Beauty,Item_D,33985,1,Cash,Returned,33985
101750,2023-03-14 21:00:00,9853,North,Books,Item_E,37658,4,Debit Card,In Transit,150632
101751,2023-03-14 22:00:00,3852,Central,Clothing,Item_B,8573,1,Cash,In Transit,8573
101752,2023-03-14 23:00:00,1987,North,Books,Item_B,30483,1,Credit Card,Returned,30483
101753,2023-03-15 00:00:00,8622,North,Clothing,Item_A,29615,5,Net Banking,Delivered,148075
101754,2023-03-15 01:00:00,8327,Central,Clothing,Item_B,26614,6,Credit Card,Delivered,159684
101755,2023-03-15 02:00:00,9841,East,Electronics,Item_D,14578,1,Debit Card,Returned,14578
101756,2023-03-15 03:00:00,2100,South,Clothing,Item_B,18536,6,Net Banking,In Transit,111216
101757,2023-03-15 04:00:00,7652,East,Home & Kitchen,Item_C,4900,5,Cash,Returned,24500
101758,2023-03-15 05:00:00,9632,West,Clothing,Item_C,14101,4,Net Banking,Returned,56404
101759,2023-03-15 06:00:00,8421,West,Books,Item_C,25038,5,Debit Card,Cancelled,125190
101760,2023-03-15 07:00:00,6016,West,Clothing,Item_B,22797,8,Cash,Cancelled,182376
101761,2023-03-15 08:00:00,1769,Central,Books,Item_B,33628,9,UPI,In Transit,302652
101762,2023-03-15 09:00:00,2343,North,Books,Item_A,40349,2,Credit Card,Delivered,80698
101763,2023-03-15 10:00:00,5358,East,Home & Kitchen,Item_E,35887,6,Credit Card,Cancelled,215322
101764,2023-03-15 11:00:00,7780,South,Clothing,Item_A,29693,3,Debit Card,Cancelled,89079
101765,2023-03-15 12:00:00,7602,West,Clothing,Item_D,32052,2,Debit Card,In Transit,64104
101766,2023-03-15 13:00:00,3349,East,Beauty,Item_C,11132,1,Credit Card,Returned,11132
101767,2023-03-15 14:00:00,6699,West,Beauty,Item_B,23209,4,Net Banking,Cancelled,92836
101768,2023-03-15 15:00:00,2241,West,Electronics,Item_E,33783,8,UPI,Delivered,270264
101769,2023-03-15 16:00:00,2125,South,Books,Item_E,47478,3,UPI,In Transit,142434
101770,2023-03-15 17:00:00,7764,Central,Home & Kitchen,Item_B,28194,5,Debit Card,Cancelled,140970
101771,2023-03-15 18:00:00,6101,North,Beauty,Item_A,30065,5,Debit Card,In Transit,150325
101772,2023-03-15 19:00:00,8843,Central,Clothing,Item_E,12489,5,Net Banking,Cancelled,62445
101773,2023-03-15 20:00:00,1072,East,Electronics,Item_A,28493,9,Debit Card,Cancelled,256437
101774,2023-03-15 21:00:00,6472,Central,Home & Kitchen,Item_B,4934,8,UPI,In Transit,39472
101775,2023-03-15 22:00:00,6189,East,Clothing,Item_A,20213,8,Credit Card,Delivered,161704
101776,2023-03-15 23:00:00,3472,East,Clothing,Item_C,35721,1,UPI,Delivered,35721
101777,2023-03-16 00:00:00,1707,North,Books,Item_B,6705,1,Net Banking,Returned,6705
101778,2023-03-16 01:00:00,2804,South,Books,Item_B,44527,2,Credit Card,Cancelled,89054
101779,2023-03-16 02:00:00,7704,North,Beauty,Item_E,47873,8,Credit Card,Returned,382984
101780,2023-03-16 03:00:00,4713,Central,Beauty,Item_E,4885,1,UPI,In Transit,4885
101781,2023-03-16 04:00:00,6051,East,Clothing,Item_E,49553,4,Credit Card,Returned,198212
101782,2023-03-16 05:00:00,3475,West,Clothing,Item_C,18609,9,Credit Card,In Transit,167481
101783,2023-03-16 06:00:00,4610,West,Beauty,Item_C,19717,2,Debit Card,Delivered,39434
101784,2023-03-16 07:00:00,5255,East,Beauty,Item_D,44733,3,Credit Card,In Transit,134199
101785,2023-03-16 08:00:00,8397,North,Clothing,Item_B,30675,6,Net Banking,In Transit,184050
101786,2023-03-16 09:00:00,2735,South,Home & Kitchen,Item_E,37189,3,Credit Card,Returned,111567
101787,2023-03-16 10:00:00,9258,North,Clothing,Item_B,15527,4,Debit Card,Cancelled,62108
101788,2023-03-16 11:00:00,8979,East,Home & Kitchen,Item_A,3871,9,Cash,Returned,34839
101789,2023-03-16 12:00:00,3428,East,Home & Kitchen,Item_C,5141,9,Cash,Delivered,46269
101790,2023-03-16 13:00:00,8426,South,Clothing,Item_D,26572,5,Net Banking,Delivered,132860
101791,2023-03-16 14:00:00,9533,Central,Electronics,Item_A,12666,7,Net Banking,Delivered,88662
101792,2023-03-16 15:00:00,6249,Central,Beauty,Item_B,18486,9,Credit Card,Cancelled,166374
101793,2023-03-16 16:00:00,6291,South,Books,Item_C,45159,8,Credit Card,Returned,361272
101794,2023-03-16 17:00:00,3817,Central,Clothing,Item_E,4788,7,Cash,In Transit,33516
101795,2023-03-16 18:00:00,4874,West,Home & Kitchen,Item_A,28280,8,Cash,In Transit,226240
101796,2023-03-16 19:00:00,5211,Central,Clothing,Item_C,24744,5,UPI,Cancelled,123720
101797,2023-03-16 20:00:00,1661,Central,Beauty,Item_B,11011,5,Cash,Delivered,55055
101798,2023-03-16 21:00:00,4374,Central,Home & Kitchen,Item_B,18933,5,Cash,Cancelled,94665
101799,2023-03-16 22:00:00,1207,West,Books,Item_A,40896,1,Net Banking,In Transit,40896
101800,2023-03-16 23:00:00,3665,Central,Books,Item_A,48293,6,UPI,Delivered,289758
101801,2023-03-17 00:00:00,3493,West,Books,Item_A,40088,5,UPI,Cancelled,200440
101802,2023-03-17 01:00:00,7813,South,Electronics,Item_D,47242,8,Credit Card,In Transit,377936
101803,2023-03-17 02:00:00,1632,North,Home & Kitchen,Item_E,30259,8,Credit Card,In Transit,242072
101804,2023-03-17 03:00:00,4083,South,Home & Kitchen,Item_C,37687,2,UPI,Cancelled,75374
101805,2023-03-17 04:00:00,4719,North,Electronics,Item_B,41049,6,UPI,In Transit,246294
101806,2023-03-17 05:00:00,8123,South,Home & Kitchen,Item_B,14750,6,Credit Card,Returned,88500
101807,2023-03-17 06:00:00,2679,North,Electronics,Item_E,49322,3,Net Banking,Returned,147966
101808,2023-03-17 07:00:00,1236,North,Clothing,Item_A,11064,1,Net Banking,Delivered,11064
101809,2023-03-17 08:00:00,8446,East,Beauty,Item_A,25594,7,Net Banking,Returned,179158
101810,2023-03-17 09:00:00,5443,North,Books,Item_B,19261,5,Net Banking,Returned,96305
101811,2023-03-17 10:00:00,7770,North,Electronics,Item_E,49899,5,Credit Card,Cancelled,249495
101812,2023-03-17 11:00:00,7099,East,Electronics,Item_B,12824,8,Debit Card,Delivered,102592
101813,2023-03-17 12:00:00,9555,Central,Electronics,Item_A,25134,5,Cash,Cancelled,125670
101814,2023-03-17 13:00:00,3368,Central,Clothing,Item_C,3561,5,Cash,Cancelled,17805
101815,2023-03-17 14:00:00,1285,East,Electronics,Item_A,13907,1,Cash,Returned,13907
101816,2023-03-17 15:00:00,1148,West,Beauty,Item_C,2124,2,Cash,Returned,4248
101817,2023-03-17 16:00:00,5037,North,Beauty,Item_D,29687,5,Credit Card,In Transit,148435
101818,2023-03-17 17:00:00,7549,North,Books,Item_E,12847,7,Debit Card,In Transit,89929
101819,2023-03-17 18:00:00,8121,East,Clothing,Item_D,31934,3,Credit Card,Delivered,95802
101820,2023-03-17 19:00:00,5895,East,Beauty,Item_A,29218,1,Debit Card,Returned,29218
101821,2023-03-17 20:00:00,6280,West,Home & Kitchen,Item_E,21827,2,Credit Card,In Transit,43654
101822,2023-03-17 21:00:00,2012,Central,Home & Kitchen,Item_A,21231,3,UPI,Cancelled,63693
101823,2023-03-17 22:00:00,3785,South,Home & Kitchen,Item_E,39649,9,Debit Card,Returned,356841
101824,2023-03-17 23:00:00,4725,Central,Electronics,Item_E,2901,8,Cash,Delivered,23208
101825,2023-03-18 00:00:00,5576,North,Electronics,Item_A,47143,4,Debit Card,Delivered,188572
101826,2023-03-18 01:00:00,6782,East,Home & Kitchen,Item_A,43090,8,Net Banking,Cancelled,344720
101827,2023-03-18 02:00:00,7257,West,Books,Item_E,49773,9,Debit Card,In Transit,447957
101828,2023-03-18 03:00:00,3408,Central,Books,Item_E,16919,3,Net Banking,Cancelled,50757
101829,2023-03-18 04:00:00,1340,West,Electronics,Item_A,9918,6,Net Banking,In Transit,59508
101830,2023-03-18 05:00:00,3817,Central,Home & Kitchen,Item_A,256,8,UPI,Returned,2048
101831,2023-03-18 06:00:00,3496,North,Books,Item_B,46941,7,Debit Card,Delivered,328587
101832,2023-03-18 07:00:00,6962,South,Electronics,Item_B,15552,9,UPI,In Transit,139968
101833,2023-03-18 08:00:00,6299,West,Home & Kitchen,Item_B,48020,7,Cash,Cancelled,336140
101834,2023-03-18 09:00:00,8574,West,Clothing,Item_D,3347,1,Debit Card,Returned,3347
101835,2023-03-18 10:00:00,2689,South,Home & Kitchen,Item_E,3737,9,Credit Card,In Transit,33633
101836,2023-03-18 11:00:00,4267,West,Home & Kitchen,Item_C,23012,5,Credit Card,Returned,115060
101837,2023-03-18 12:00:00,5406,West,Beauty,Item_D,921,6,Credit Card,Returned,5526
101838,2023-03-18 13:00:00,9453,Central,Beauty,Item_E,45237,2,Net Banking,Cancelled,90474
101839,2023-03-18 14:00:00,2442,Central,Clothing,Item_C,16969,2,Credit Card,Cancelled,33938
101840,2023-03-18 15:00:00,9597,South,Clothing,Item_B,40394,4,Cash,Returned,161576
101841,2023-03-18 16:00:00,5437,North,Home & Kitchen,Item_C,46756,4,Debit Card,Returned,187024
101842,2023-03-18 17:00:00,6435,West,Books,Item_A,46975,5,Debit Card,In Transit,234875
101843,2023-03-18 18:00:00,9435,North,Clothing,Item_A,44047,7,Net Banking,Cancelled,308329
101844,2023-03-18 19:00:00,5107,South,Home & Kitchen,Item_E,14546,1,Net Banking,In Transit,14546
101845,2023-03-18 20:00:00,1560,South,Electronics,Item_D,40083,4,Net Banking,Delivered,160332
101846,2023-03-18 21:00:00,9785,Central,Beauty,Item_B,11111,9,Cash,In Transit,99999
101847,2023-03-18 22:00:00,6548,West,Books,Item_E,459,8,Debit Card,Returned,3672
101848,2023-03-18 23:00:00,2826,East,Home & Kitchen,Item_B,21072,3,UPI,Delivered,63216
101849,2023-03-19 00:00:00,8629,South,Electronics,Item_A,8991,6,Net Banking,In Transit,53946
101850,2023-03-19 01:00:00,9325,West,Beauty,Item_D,7736,9,Credit Card,Delivered,69624
101851,2023-03-19 02:00:00,4138,North,Electronics,Item_D,20632,8,UPI,Cancelled,165056
101852,2023-03-19 03:00:00,8693,Central,Home & Kitchen,Item_A,32950,7,UPI,In Transit,230650
101853,2023-03-19 04:00:00,9264,North,Clothing,Item_C,41915,7,Net Banking,In Transit,293405
101854,2023-03-19 05:00:00,8842,South,Beauty,Item_D,44737,1,Credit Card,Cancelled,44737
101855,2023-03-19 06:00:00,7721,South,Electronics,Item_C,19741,5,Net Banking,In Transit,98705
101856,2023-03-19 07:00:00,8002,North,Clothing,Item_B,43918,7,Net Banking,Delivered,307426
101857,2023-03-19 08:00:00,5225,South,Books,Item_D,17060,2,Credit Card,Cancelled,34120
101858,2023-03-19 09:00:00,3978,West,Home & Kitchen,Item_A,5483,6,UPI,Delivered,32898
101859,2023-03-19 10:00:00,8373,South,Home & Kitchen,Item_C,30943,2,UPI,In Transit,61886
101860,2023-03-19 11:00:00,6907,Central,Beauty,Item_B,42759,3,Credit Card,In Transit,128277
101861,2023-03-19 12:00:00,7097,West,Electronics,Item_B,35327,1,UPI,In Transit,35327
101862,2023-03-19 13:00:00,6656,East,Books,Item_D,7605,3,Cash,In Transit,22815
101863,2023-03-19 14:00:00,9984,South,Beauty,Item_D,31381,7,Net Banking,Delivered,219667
101864,2023-03-19 15:00:00,5259,South,Beauty,Item_E,32405,5,Cash,In Transit,162025
101865,2023-03-19 16:00:00,9286,Central,Electronics,Item_E,24608,4,Cash,Cancelled,98432
101866,2023-03-19 17:00:00,6901,Central,Books,Item_D,17845,8,Cash,Cancelled,142760
101867,2023-03-19 18:00:00,5917,North,Electronics,Item_E,47325,8,Debit Card,Returned,378600
101868,2023-03-19 19:00:00,9429,North,Home & Kitchen,Item_A,6523,1,Debit Card,Cancelled,6523
101869,2023-03-19 20:00:00,3530,North,Clothing,Item_A,6137,9,Cash,Returned,55233
101870,2023-03-19 21:00:00,2960,Central,Home & Kitchen,Item_E,43998,9,Net Banking,Cancelled,395982
101871,2023-03-19 22:00:00,8045,North,Home & Kitchen,Item_D,30631,2,Cash,Cancelled,61262
101872,2023-03-19 23:00:00,2048,North,Beauty,Item_A,18082,2,Cash,In Transit,36164
101873,2023-03-20 00:00:00,6772,East,Home & Kitchen,Item_B,25524,8,Debit Card,Cancelled,204192
101874,2023-03-20 01:00:00,3529,North,Books,Item_D,13203,6,Cash,In Transit,79218
101875,2023-03-20 02:00:00,3964,South,Home & Kitchen,Item_C,43546,3,Net Banking,In Transit,130638
101876,2023-03-20 03:00:00,8137,Central,Books,Item_C,25306,2,Net Banking,Cancelled,50612
101877,2023-03-20 04:00:00,1963,West,Electronics,Item_D,13179,5,Cash,Delivered,65895
101878,2023-03-20 05:00:00,1536,East,Beauty,Item_E,35177,8,Net Banking,In Transit,281416
101879,2023-03-20 06:00:00,8340,Central,Books,Item_A,45028,6,Cash,Cancelled,270168
101880,2023-03-20 07:00:00,8179,Central,Home & Kitchen,Item_A,7428,3,Debit Card,Delivered,22284
101881,2023-03-20 08:00:00,8967,South,Beauty,Item_D,9500,9,Cash,Cancelled,85500
101882,2023-03-20 09:00:00,9734,North,Beauty,Item_B,8881,8,UPI,Cancelled,71048
101883,2023-03-20 10:00:00,1845,South,Books,Item_E,41164,6,Debit Card,Delivered,246984
101884,2023-03-20 11:00:00,6777,North,Books,Item_B,8467,1,Net Banking,Cancelled,8467
101885,2023-03-20 12:00:00,4036,North,Clothing,Item_D,5572,2,Net Banking,In Transit,11144
101886,2023-03-20 13:00:00,6947,Central,Clothing,Item_D,39118,4,Debit Card,Returned,156472
101887,2023-03-20 14:00:00,3494,North,Beauty,Item_B,11120,2,UPI,Returned,22240
101888,2023-03-20 15:00:00,3719,East,Clothing,Item_C,48969,3,Debit Card,Cancelled,146907
101889,2023-03-20 16:00:00,2884,East,Home & Kitchen,Item_D,17056,8,Credit Card,Returned,136448
101890,2023-03-20 17:00:00,5349,East,Electronics,Item_E,27985,9,UPI,Returned,251865
101891,2023-03-20 18:00:00,6179,Central,Beauty,Item_B,48115,6,Debit Card,Returned,288690
101892,2023-03-20 19:00:00,7610,South,Electronics,Item_C,17421,4,Credit Card,In Transit,69684
101893,2023-03-20 20:00:00,7430,West,Clothing,Item_B,25378,2,Cash,In Transit,50756
101894,2023-03-20 21:00:00,8154,North,Books,Item_C,34154,7,UPI,Returned,239078
101895,2023-03-20 22:00:00,7488,West,Beauty,Item_C,6661,7,Cash,Delivered,46627
101896,2023-03-20 23:00:00,5737,South,Clothing,Item_E,18065,9,Credit Card,Delivered,162585
101897,2023-03-21 00:00:00,7525,South,Home & Kitchen,Item_D,44432,5,Net Banking,Delivered,222160
101898,2023-03-21 01:00:00,4850,Central,Beauty,Item_C,14252,4,Net Banking,In Transit,57008
101899,2023-03-21 02:00:00,1689,East,Beauty,Item_D,30570,6,Net Banking,In Transit,183420
101900,2023-03-21 03:00:00,6175,East,Books,Item_E,7532,2,Cash,In Transit,15064
101901,2023-03-21 04:00:00,9648,South,Beauty,Item_D,49583,2,UPI,In Transit,99166
101902,2023-03-21 05:00:00,6078,Central,Books,Item_A,527,9,Cash,Returned,4743
101903,2023-03-21 06:00:00,6448,Central,Clothing,Item_C,22965,7,Cash,In Transit,160755
101904,2023-03-21 07:00:00,2179,North,Home & Kitchen,Item_E,5439,7,Net Banking,Returned,38073
101905,2023-03-21 08:00:00,7406,East,Home & Kitchen,Item_B,10278,5,Cash,Delivered,51390
101906,2023-03-21 09:00:00,9591,South,Beauty,Item_E,7238,7,Credit Card,Returned,50666
101907,2023-03-21 10:00:00,7907,West,Beauty,Item_C,8248,9,Debit Card,Delivered,74232
101908,2023-03-21 11:00:00,9800,East,Clothing,Item_E,28871,5,Debit Card,In Transit,144355
101909,2023-03-21 12:00:00,2638,North,Books,Item_B,15154,9,Debit Card,Delivered,136386
101910,2023-03-21 13:00:00,6671,Central,Home & Kitchen,Item_A,35265,1,Net Banking,Delivered,35265
101911,2023-03-21 14:00:00,7928,South,Books,Item_C,45671,3,Net Banking,Returned,137013
101912,2023-03-21 15:00:00,2382,East,Clothing,Item_C,2979,7,Debit Card,Delivered,20853
101913,2023-03-21 16:00:00,2403,West,Home & Kitchen,Item_E,46674,4,UPI,Cancelled,186696
101914,2023-03-21 17:00:00,4292,North,Home & Kitchen,Item_D,13425,2,Debit Card,Delivered,26850
101915,2023-03-21 18:00:00,1419,North,Electronics,Item_D,40286,3,Cash,In Transit,120858
101916,2023-03-21 19:00:00,5517,East,Clothing,Item_B,32741,7,Debit Card,Delivered,229187
101917,2023-03-21 20:00:00,4302,West,Clothing,Item_A,19920,8,Debit Card,Cancelled,159360
101918,2023-03-21 21:00:00,8857,North,Electronics,Item_A,13731,9,UPI,Returned,123579
101919,2023-03-21 22:00:00,8870,South,Books,Item_E,5535,6,Net Banking,Delivered,33210
101920,2023-03-21 23:00:00,6693,North,Electronics,Item_E,9730,9,Net Banking,Cancelled,87570
101921,2023-03-22 00:00:00,1767,West,Clothing,Item_D,24991,4,Cash,In Transit,99964
101922,2023-03-22 01:00:00,3044,Central,Books,Item_A,40470,5,Debit Card,In Transit,202350
101923,2023-03-22 02:00:00,2549,Central,Home & Kitchen,Item_A,1849,1,Credit Card,Returned,1849
101924,2023-03-22 03:00:00,7140,East,Electronics,Item_A,13672,9,Cash,In Transit,123048
101925,2023-03-22 04:00:00,4716,West,Books,Item_B,3062,9,Net Banking,Cancelled,27558
101926,2023-03-22 05:00:00,5481,North,Books,Item_B,25385,9,UPI,Delivered,228465
101927,2023-03-22 06:00:00,8898,North,Books,Item_E,27334,3,Net Banking,Cancelled,82002
101928,2023-03-22 07:00:00,7548,Central,Electronics,Item_D,1117,8,Net Banking,Returned,8936
101929,2023-03-22 08:00:00,3293,Central,Home & Kitchen,Item_C,12644,3,UPI,Delivered,37932
101930,2023-03-22 09:00:00,5837,South,Books,Item_D,41321,6,Debit Card,Cancelled,247926
101931,2023-03-22 10:00:00,8758,Central,Electronics,Item_B,20721,5,Debit Card,Returned,103605
101932,2023-03-22 11:00:00,7793,South,Clothing,Item_B,38417,8,Net Banking,Returned,307336
101933,2023-03-22 12:00:00,8638,North,Electronics,Item_E,22266,3,Cash,Delivered,66798
101934,2023-03-22 13:00:00,8993,South,Electronics,Item_C,3011,1,Credit Card,Delivered,3011
101935,2023-03-22 14:00:00,7007,South,Electronics,Item_A,36389,9,Cash,In Transit,327501
101936,2023-03-22 15:00:00,6542,East,Books,Item_C,9490,9,Cash,In Transit,85410
101937,2023-03-22 16:00:00,7356,Central,Electronics,Item_C,35689,3,Net Banking,Delivered,107067
101938,2023-03-22 17:00:00,9433,South,Clothing,Item_C,27484,2,Net Banking,In Transit,54968
101939,2023-03-22 18:00:00,8380,North,Books,Item_E,24898,4,Credit Card,Delivered,99592
101940,2023-03-22 19:00:00,3385,West,Clothing,Item_B,43860,8,Credit Card,In Transit,350880
101941,2023-03-22 20:00:00,5268,South,Beauty,Item_A,19837,6,Credit Card,Cancelled,119022
101942,2023-03-22 21:00:00,1671,Central,Electronics,Item_C,48224,1,Net Banking,Returned,48224
101943,2023-03-22 22:00:00,1163,East,Books,Item_A,33756,8,Net Banking,Delivered,270048
101944,2023-03-22 23:00:00,9656,North,Books,Item_C,16840,5,Cash,Delivered,84200
101945,2023-03-23 00:00:00,5592,East,Electronics,Item_B,4225,6,Net Banking,Delivered,25350
101946,2023-03-23 01:00:00,5795,West,Home & Kitchen,Item_A,31676,5,Debit Card,Cancelled,158380
101947,2023-03-23 02:00:00,5798,South,Home & Kitchen,Item_D,6941,5,Debit Card,Returned,34705
101948,2023-03-23 03:00:00,7036,South,Clothing,Item_B,3854,3,Credit Card,In Transit,11562
101949,2023-03-23 04:00:00,3355,Central,Electronics,Item_A,46548,4,Net Banking,In Transit,186192
101950,2023-03-23 05:00:00,6887,South,Electronics,Item_C,40628,5,Debit Card,Returned,203140
101951,2023-03-23 06:00:00,8961,North,Beauty,Item_C,36219,2,Cash,In Transit,72438
101952,2023-03-23 07:00:00,6827,West,Home & Kitchen,Item_B,38236,6,UPI,Delivered,229416
101953,2023-03-23 08:00:00,9737,East,Home & Kitchen,Item_B,44749,2,Cash,Returned,89498
101954,2023-03-23 09:00:00,5719,West,Electronics,Item_C,30043,4,UPI,Cancelled,120172
101955,2023-03-23 10:00:00,1593,South,Clothing,Item_A,23760,1,Cash,Returned,23760
101956,2023-03-23 11:00:00,5839,East,Electronics,Item_D,46457,4,Debit Card,Delivered,185828
101957,2023-03-23 12:00:00,8394,Central,Clothing,Item_E,48099,7,Net Banking,Returned,336693
101958,2023-03-23 13:00:00,4493,West,Home & Kitchen,Item_B,40530,8,UPI,Cancelled,324240
101959,2023-03-23 14:00:00,7164,East,Beauty,Item_C,16187,2,Net Banking,Cancelled,32374
101960,2023-03-23 15:00:00,3672,East,Books,Item_A,21010,3,Net Banking,Returned,63030
101961,2023-03-23 16:00:00,5200,East,Home & Kitchen,Item_B,20511,1,Debit Card,Returned,20511
101962,2023-03-23 17:00:00,1016,North,Clothing,Item_A,47359,7,Credit Card,In Transit,331513
101963,2023-03-23 18:00:00,4191,West,Electronics,Item_B,35120,4,Credit Card,In Transit,140480
101964,2023-03-23 19:00:00,1392,East,Home & Kitchen,Item_C,8938,8,UPI,Delivered,71504
101965,2023-03-23 20:00:00,9616,West,Beauty,Item_A,8088,5,Debit Card,In Transit,40440
101966,2023-03-23 21:00:00,7272,East,Clothing,Item_C,43064,9,Net Banking,Delivered,387576
101967,2023-03-23 22:00:00,1571,Central,Electronics,Item_A,5674,6,Cash,Delivered,34044
101968,2023-03-23 23:00:00,4631,Central,Books,Item_B,688,2,Cash,Returned,1376
101969,2023-03-24 00:00:00,7172,Central,Clothing,Item_E,24344,1,UPI,In Transit,24344
101970,2023-03-24 01:00:00,8177,South,Electronics,Item_E,5822,1,UPI,Cancelled,5822
101971,2023-03-24 02:00:00,9433,East,Books,Item_D,32030,9,UPI,Cancelled,288270
101972,2023-03-24 03:00:00,4897,South,Electronics,Item_D,36742,1,Debit Card,Returned,36742
101973,2023-03-24 04:00:00,9123,West,Books,Item_C,39414,3,Cash,Cancelled,118242
101974,2023-03-24 05:00:00,3279,South,Books,Item_A,27848,2,Debit Card,Cancelled,55696
101975,2023-03-24 06:00:00,9980,West,Books,Item_D,32897,4,Debit Card,Returned,131588
101976,2023-03-24 07:00:00,8451,West,Electronics,Item_B,25423,1,Net Banking,Cancelled,25423
101977,2023-03-24 08:00:00,9906,West,Books,Item_E,22065,1,Debit Card,Returned,22065
101978,2023-03-24 09:00:00,1775,South,Clothing,Item_A,8772,4,Debit Card,Delivered,35088
101979,2023-03-24 10:00:00,7869,East,Beauty,Item_E,40801,4,Net Banking,In Transit,163204
101980,2023-03-24 11:00:00,3247,South,Beauty,Item_A,43226,7,Credit Card,Cancelled,302582
101981,2023-03-24 12:00:00,8088,East,Books,Item_D,23701,8,Net Banking,Returned,189608
101982,2023-03-24 13:00:00,1078,East,Beauty,Item_D,27066,8,UPI,Cancelled,216528
101983,2023-03-24 14:00:00,9080,West,Beauty,Item_C,12616,8,Credit Card,In Transit,100928
101984,2023-03-24 15:00:00,8099,South,Books,Item_A,25975,9,Cash,Cancelled,233775
101985,2023-03-24 16:00:00,4926,East,Books,Item_B,29280,1,Debit Card,Delivered,29280
101986,2023-03-24 17:00:00,8340,Central,Clothing,Item_D,5087,9,Credit Card,Returned,45783
101987,2023-03-24 18:00:00,8083,East,Home & Kitchen,Item_C,19574,8,Cash,In Transit,156592
101988,2023-03-24 19:00:00,7230,Central,Electronics,Item_D,16805,1,Net Banking,Delivered,16805
101989,2023-03-24 20:00:00,5940,South,Books,Item_E,15884,7,Net Banking,Cancelled,111188
101990,2023-03-24 21:00:00,4271,South,Books,Item_D,24202,9,UPI,Cancelled,217818
101991,2023-03-24 22:00:00,4456,South,Beauty,Item_A,26215,4,UPI,Cancelled,104860
101992,2023-03-24 23:00:00,8788,East,Clothing,Item_C,23172,9,Credit Card,In Transit,208548
101993,2023-03-25 00:00:00,9599,North,Beauty,Item_A,817,1,Debit Card,Returned,817
101994,2023-03-25 01:00:00,8650,East,Books,Item_B,46604,9,Net Banking,In Transit,419436
101995,2023-03-25 02:00:00,3711,East,Books,Item_B,35538,6,Credit Card,Delivered,213228
101996,2023-03-25 03:00:00,2668,West,Beauty,Item_D,6509,4,Credit Card,Returned,26036
101997,2023-03-25 04:00:00,1147,West,Books,Item_C,19339,5,Credit Card,In Transit,96695
101998,2023-03-25 05:00:00,7420,East,Home & Kitchen,Item_C,2990,7,UPI,Cancelled,20930
101999,2023-03-25 06:00:00,1365,Central,Electronics,Item_C,8026,4,Net Banking,Delivered,32104
102000,2023-03-25 07:00:00,5531,West,Electronics,Item_C,12334,8,UPI,Cancelled,98672
102001,2023-03-25 08:00:00,6330,East,Electronics,Item_D,19893,3,UPI,In Transit,59679
102002,2023-03-25 09:00:00,6510,North,Home & Kitchen,Item_A,4254,2,Credit Card,Delivered,8508
102003,2023-03-25 10:00:00,9754,Central,Books,Item_D,16290,1,Cash,Returned,16290
102004,2023-03-25 11:00:00,9964,South,Beauty,Item_A,24008,6,Cash,Returned,144048
102005,2023-03-25 12:00:00,7493,East,Clothing,Item_E,40649,2,Cash,In Transit,81298
102006,2023-03-25 13:00:00,6439,East,Books,Item_E,15769,8,Credit Card,In Transit,126152
102007,2023-03-25 14:00:00,7511,Central,Home & Kitchen,Item_A,32427,4,Debit Card,Returned,129708
102008,2023-03-25 15:00:00,8504,West,Home & Kitchen,Item_D,6708,9,Net Banking,Returned,60372
102009,2023-03-25 16:00:00,2246,West,Electronics,Item_B,16808,4,Credit Card,In Transit,67232
102010,2023-03-25 17:00:00,4839,West,Books,Item_D,23723,4,Credit Card,Returned,94892
102011,2023-03-25 18:00:00,9551,South,Electronics,Item_B,10633,8,UPI,Delivered,85064
102012,2023-03-25 19:00:00,3376,Central,Clothing,Item_D,32139,8,Cash,In Transit,257112
102013,2023-03-25 20:00:00,4009,Central,Electronics,Item_C,45312,5,Credit Card,Delivered,226560
102014,2023-03-25 21:00:00,2827,West,Clothing,Item_C,24720,3,Debit Card,Cancelled,74160
102015,2023-03-25 22:00:00,7979,West,Home & Kitchen,Item_E,12088,2,Net Banking,Delivered,24176
102016,2023-03-25 23:00:00,9569,North,Electronics,Item_E,31132,9,Debit Card,In Transit,280188
102017,2023-03-26 00:00:00,5285,North,Electronics,Item_A,19934,9,Credit Card,Cancelled,179406
102018,2023-03-26 01:00:00,7910,East,Beauty,Item_B,4027,5,Credit Card,Returned,20135
102019,2023-03-26 02:00:00,9561,East,Home & Kitchen,Item_C,16457,8,UPI,Delivered,131656
102020,2023-03-26 03:00:00,3196,Central,Beauty,Item_D,32394,7,Debit Card,Delivered,226758
102021,2023-03-26 04:00:00,4747,Central,Clothing,Item_A,31518,3,UPI,In Transit,94554
102022,2023-03-26 05:00:00,9843,South,Clothing,Item_D,16993,5,Debit Card,Returned,84965
102023,2023-03-26 06:00:00,6978,South,Home & Kitchen,Item_C,34884,9,Cash,In Transit,313956
102024,2023-03-26 07:00:00,6607,North,Clothing,Item_C,28214,4,Cash,Returned,112856
102025,2023-03-26 08:00:00,1769,East,Home & Kitchen,Item_C,3059,3,Debit Card,In Transit,9177
102026,2023-03-26 09:00:00,1780,North,Clothing,Item_C,40040,7,UPI,Returned,280280
102027,2023-03-26 10:00:00,7303,North,Books,Item_D,32056,8,Cash,Cancelled,256448
102028,2023-03-26 11:00:00,4983,East,Electronics,Item_A,48491,5,Credit Card,In Transit,242455
102029,2023-03-26 12:00:00,9714,South,Books,Item_C,35019,8,Net Banking,Cancelled,280152
102030,2023-03-26 13:00:00,1521,East,Home & Kitchen,Item_E,20285,5,UPI,In Transit,101425
102031,2023-03-26 14:00:00,8569,West,Home & Kitchen,Item_A,8414,9,Debit Card,In Transit,75726
102032,2023-03-26 15:00:00,6784,West,Books,Item_E,35936,7,Net Banking,In Transit,251552
102033,2023-03-26 16:00:00,5583,West,Electronics,Item_D,41904,5,Net Banking,Delivered,209520
102034,2023-03-26 17:00:00,6946,Central,Electronics,Item_C,801,9,Credit Card,In Transit,7209
102035,2023-03-26 18:00:00,5941,South,Beauty,Item_A,24518,5,UPI,Returned,122590
102036,2023-03-26 19:00:00,7267,South,Clothing,Item_C,15651,8,Net Banking,Delivered,125208
102037,2023-03-26 20:00:00,8128,Central,Beauty,Item_C,46225,4,UPI,Returned,184900
102038,2023-03-26 21:00:00,3461,North,Electronics,Item_A,5474,9,Credit Card,Returned,49266
102039,2023-03-26 22:00:00,1685,West,Books,Item_C,18426,6,Debit Card,Returned,110556
102040,2023-03-26 23:00:00,3160,West,Clothing,Item_C,43834,6,Net Banking,Returned,263004
102041,2023-03-27 00:00:00,8031,North,Books,Item_B,31126,3,Net Banking,Returned,93378
102042,2023-03-27 01:00:00,6341,East,Beauty,Item_B,45336,3,Net Banking,Cancelled,136008
102043,2023-03-27 02:00:00,1038,East,Home & Kitchen,Item_A,19246,4,UPI,Delivered,76984
102044,2023-03-27 03:00:00,5875,South,Books,Item_A,8874,1,Net Banking,Returned,8874
102045,2023-03-27 04:00:00,2256,Central,Beauty,Item_C,19223,6,UPI,Cancelled,115338
102046,2023-03-27 05:00:00,8697,South,Beauty,Item_E,22110,1,Cash,Cancelled,22110
102047,2023-03-27 06:00:00,3196,East,Beauty,Item_A,48430,4,Cash,Returned,193720
102048,2023-03-27 07:00:00,8165,North,Home & Kitchen,Item_C,11703,7,UPI,In Transit,81921
102049,2023-03-27 08:00:00,1301,South,Home & Kitchen,Item_E,48592,6,Cash,Returned,291552
102050,2023-03-27 09:00:00,8527,West,Home & Kitchen,Item_B,47338,8,Credit Card,Cancelled,378704
102051,2023-03-27 10:00:00,7381,West,Clothing,Item_A,5568,4,Credit Card,Returned,22272
102052,2023-03-27 11:00:00,1646,North,Home & Kitchen,Item_C,23727,9,Cash,Cancelled,213543
102053,2023-03-27 12:00:00,9789,East,Home & Kitchen,Item_B,45535,8,Debit Card,Returned,364280
102054,2023-03-27 13:00:00,9853,West,Home & Kitchen,Item_D,22687,5,UPI,Cancelled,113435
102055,2023-03-27 14:00:00,5330,West,Books,Item_B,36793,6,Cash,Returned,220758
102056,2023-03-27 15:00:00,8003,Central,Home & Kitchen,Item_C,10591,5,UPI,In Transit,52955
102057,2023-03-27 16:00:00,4537,South,Clothing,Item_E,10074,6,Cash,In Transit,60444
102058,2023-03-27 17:00:00,5558,East,Beauty,Item_D,3808,1,Credit Card,Cancelled,3808
102059,2023-03-27 18:00:00,7579,South,Books,Item_D,30651,4,Debit Card,In Transit,122604
102060,2023-03-27 19:00:00,9474,East,Electronics,Item_D,39846,9,UPI,In Transit,358614
102061,2023-03-27 20:00:00,5082,West,Home & Kitchen,Item_A,33986,4,Debit Card,Delivered,135944
102062,2023-03-27 21:00:00,5183,Central,Beauty,Item_C,27746,2,Credit Card,Returned,55492
102063,2023-03-27 22:00:00,9652,South,Beauty,Item_D,42578,6,Net Banking,Returned,255468
102064,2023-03-27 23:00:00,4754,West,Books,Item_B,35468,2,Net Banking,In Transit,70936
102065,2023-03-28 00:00:00,2724,East,Electronics,Item_E,2867,3,UPI,In Transit,8601
102066,2023-03-28 01:00:00,2376,South,Clothing,Item_C,42546,7,Credit Card,Cancelled,297822
102067,2023-03-28 02:00:00,9706,South,Beauty,Item_B,5430,4,UPI,Returned,21720
102068,2023-03-28 03:00:00,9894,West,Beauty,Item_A,25920,1,UPI,Delivered,25920
102069,2023-03-28 04:00:00,2653,South,Beauty,Item_D,43223,9,UPI,Delivered,389007
102070,2023-03-28 05:00:00,3066,Central,Beauty,Item_B,37802,6,Debit Card,In Transit,226812
102071,2023-03-28 06:00:00,1022,Central,Books,Item_C,1746,9,Cash,Cancelled,15714
102072,2023-03-28 07:00:00,3460,West,Electronics,Item_B,15250,3,Credit Card,Cancelled,45750
102073,2023-03-28 08:00:00,6926,East,Beauty,Item_A,48017,5,Debit Card,Returned,240085
102074,2023-03-28 09:00:00,7251,West,Clothing,Item_E,30334,9,Cash,In Transit,273006
102075,2023-03-28 10:00:00,8295,Central,Clothing,Item_D,15840,6,UPI,In Transit,95040
102076,2023-03-28 11:00:00,4300,North,Home & Kitchen,Item_C,21028,2,Net Banking,Cancelled,42056
102077,2023-03-28 12:00:00,7279,North,Beauty,Item_D,14484,1,Debit Card,Delivered,14484
102078,2023-03-28 13:00:00,9553,South,Beauty,Item_D,3623,9,Credit Card,Delivered,32607
102079,2023-03-28 14:00:00,8353,South,Beauty,Item_D,28777,1,Credit Card,Returned,28777
102080,2023-03-28 15:00:00,4727,North,Beauty,Item_B,19270,5,Cash,In Transit,96350
102081,2023-03-28 16:00:00,7272,Central,Beauty,Item_B,2532,1,Debit Card,In Transit,2532
102082,2023-03-28 17:00:00,6995,South,Clothing,Item_E,6266,5,UPI,Delivered,31330
102083,2023-03-28 18:00:00,1514,West,Electronics,Item_A,18240,5,Cash,In Transit,91200
102084,2023-03-28 19:00:00,1448,West,Electronics,Item_C,39006,7,Credit Card,In Transit,273042
102085,2023-03-28 20:00:00,7019,Central,Home & Kitchen,Item_B,8783,7,Debit Card,Cancelled,61481
102086,2023-03-28 21:00:00,6343,South,Clothing,Item_D,38257,1,Net Banking,Returned,38257
102087,2023-03-28 22:00:00,9033,West,Beauty,Item_A,22804,9,UPI,Returned,205236
102088,2023-03-28 23:00:00,3520,South,Electronics,Item_C,26764,1,Credit Card,Returned,26764
102089,2023-03-29 00:00:00,4081,South,Books,Item_C,33264,5,Debit Card,Cancelled,166320
102090,2023-03-29 01:00:00,2428,West,Books,Item_C,23057,7,Net Banking,Returned,161399
102091,2023-03-29 02:00:00,4967,North,Books,Item_C,29141,8,Credit Card,Returned,233128
102092,2023-03-29 03:00:00,7445,West,Beauty,Item_E,38162,2,Net Banking,Delivered,76324
102093,2023-03-29 04:00:00,3159,Central,Beauty,Item_C,38773,1,Credit Card,Delivered,38773
102094,2023-03-29 05:00:00,6132,East,Home & Kitchen,Item_A,45765,4,Cash,Returned,183060
102095,2023-03-29 06:00:00,3547,West,Home & Kitchen,Item_B,25892,4,Cash,Cancelled,103568
102096,2023-03-29 07:00:00,3979,South,Home & Kitchen,Item_A,17079,6,Cash,Cancelled,102474
102097,2023-03-29 08:00:00,3649,South,Books,Item_D,35963,1,Debit Card,Cancelled,35963
102098,2023-03-29 09:00:00,9505,West,Beauty,Item_E,16677,1,Cash,In Transit,16677
102099,2023-03-29 10:00:00,4083,East,Books,Item_E,45880,3,Debit Card,In Transit,137640
102100,2023-03-29 11:00:00,2037,West,Home & Kitchen,Item_D,6593,5,UPI,Cancelled,32965
102101,2023-03-29 12:00:00,4489,East,Beauty,Item_A,33688,6,Cash,Delivered,202128
102102,2023-03-29 13:00:00,8604,East,Clothing,Item_A,21659,5,Debit Card,In Transit,108295
102103,2023-03-29 14:00:00,8544,Central,Electronics,Item_D,39293,5,Credit Card,Cancelled,196465
102104,2023-03-29 15:00:00,3634,South,Electronics,Item_C,12754,9,Debit Card,In Transit,114786
102105,2023-03-29 16:00:00,4983,South,Home & Kitchen,Item_C,38067,2,Debit Card,In Transit,76134
102106,2023-03-29 17:00:00,2778,East,Books,Item_B,12768,1,Credit Card,In Transit,12768
102107,2023-03-29 18:00:00,8902,South,Clothing,Item_A,36994,6,Debit Card,In Transit,221964
102108,2023-03-29 19:00:00,6110,North,Beauty,Item_A,45215,9,Credit Card,Cancelled,406935
102109,2023-03-29 20:00:00,6189,East,Books,Item_D,5257,7,Net Banking,In Transit,36799
102110,2023-03-29 21:00:00,8378,South,Home & Kitchen,Item_D,17690,8,Cash,Returned,141520
102111,2023-03-29 22:00:00,2124,North,Books,Item_C,5505,5,UPI,Cancelled,27525
102112,2023-03-29 23:00:00,1697,Central,Home & Kitchen,Item_A,32940,4,Debit Card,Cancelled,131760
102113,2023-03-30 00:00:00,3179,South,Electronics,Item_A,44882,6,Credit Card,Cancelled,269292
102114,2023-03-30 01:00:00,6251,North,Electronics,Item_E,24318,3,Cash,In Transit,72954
102115,2023-03-30 02:00:00,2929,West,Books,Item_B,6874,1,Debit Card,Cancelled,6874
102116,2023-03-30 03:00:00,2013,West,Clothing,Item_B,42531,4,Cash,Delivered,170124
102117,2023-03-30 04:00:00,1226,North,Beauty,Item_C,25198,9,Net Banking,Returned,226782
102118,2023-03-30 05:00:00,8321,East,Home & Kitchen,Item_A,15516,4,Debit Card,Delivered,62064
102119,2023-03-30 06:00:00,2828,East,Beauty,Item_E,16417,1,Credit Card,Returned,16417
102120,2023-03-30 07:00:00,8909,South,Electronics,Item_A,2205,4,Net Banking,Returned,8820
102121,2023-03-30 08:00:00,6588,West,Clothing,Item_D,45709,7,Debit Card,In Transit,319963
102122,2023-03-30 09:00:00,3023,East,Clothing,Item_C,14802,3,Cash,Returned,44406
102123,2023-03-30 10:00:00,5966,East,Beauty,Item_B,21845,6,Net Banking,Returned,131070
102124,2023-03-30 11:00:00,6891,West,Electronics,Item_A,45571,1,Credit Card,Delivered,45571
102125,2023-03-30 12:00:00,2080,Central,Beauty,Item_C,14187,4,Debit Card,Returned,56748
102126,2023-03-30 13:00:00,6036,East,Books,Item_B,13743,3,Cash,Cancelled,41229
102127,2023-03-30 14:00:00,3563,North,Clothing,Item_A,28144,1,Cash,Cancelled,28144
102128,2023-03-30 15:00:00,4292,South,Clothing,Item_E,9344,3,Net Banking,Returned,28032
102129,2023-03-30 16:00:00,4586,East,Books,Item_C,44082,4,Debit Card,Cancelled,176328
102130,2023-03-30 17:00:00,5431,East,Electronics,Item_A,38659,5,Cash,In Transit,193295
102131,2023-03-30 18:00:00,7841,Central,Clothing,Item_B,40027,6,Net Banking,Cancelled,240162
102132,2023-03-30 19:00:00,7643,North,Home & Kitchen,Item_B,30941,2,UPI,In Transit,61882
102133,2023-03-30 20:00:00,4959,South,Home & Kitchen,Item_E,4679,2,Cash,Returned,9358
102134,2023-03-30 21:00:00,1161,East,Electronics,Item_C,4398,6,Net Banking,In Transit,26388
102135,2023-03-30 22:00:00,1593,South,Books,Item_C,9291,5,UPI,In Transit,46455
102136,2023-03-30 23:00:00,4390,West,Beauty,Item_A,48036,1,Net Banking,Returned,48036
102137,2023-03-31 00:00:00,6997,East,Electronics,Item_B,4405,3,Cash,Returned,13215
102138,2023-03-31 01:00:00,7354,East,Beauty,Item_B,3841,5,UPI,In Transit,19205
102139,2023-03-31 02:00:00,1663,West,Electronics,Item_E,3743,2,Net Banking,Delivered,7486
102140,2023-03-31 03:00:00,1541,Central,Home & Kitchen,Item_E,48392,1,Debit Card,Returned,48392
102141,2023-03-31 04:00:00,6433,East,Books,Item_C,5791,9,UPI,Returned,52119
102142,2023-03-31 05:00:00,6093,South,Home & Kitchen,Item_B,44801,5,Net Banking,Delivered,224005
102143,2023-03-31 06:00:00,1867,North,Books,Item_A,29541,2,Debit Card,Cancelled,59082
102144,2023-03-31 07:00:00,9623,South,Beauty,Item_D,29255,4,UPI,Delivered,117020
102145,2023-03-31 08:00:00,6469,Central,Electronics,Item_A,6316,3,Net Banking,Cancelled,18948
102146,2023-03-31 09:00:00,7256,North,Clothing,Item_E,961,7,Cash,Delivered,6727
102147,2023-03-31 10:00:00,2169,South,Clothing,Item_A,2607,1,UPI,In Transit,2607
102148,2023-03-31 11:00:00,1830,South,Books,Item_B,31794,4,UPI,Returned,127176
102149,2023-03-31 12:00:00,2651,West,Books,Item_C,1085,7,Debit Card,Delivered,7595
102150,2023-03-31 13:00:00,2136,Central,Home & Kitchen,Item_D,32395,5,Net Banking,Returned,161975
102151,2023-03-31 14:00:00,3810,West,Clothing,Item_C,35611,4,Cash,Cancelled,142444
102152,2023-03-31 15:00:00,9667,North,Home & Kitchen,Item_D,28019,4,Debit Card,In Transit,112076
102153,2023-03-31 16:00:00,2019,West,Beauty,Item_D,11325,2,UPI,Returned,22650
102154,2023-03-31 17:00:00,6237,Central,Clothing,Item_B,21694,8,Debit Card,Delivered,173552
102155,2023-03-31 18:00:00,2283,East,Beauty,Item_B,34436,4,Debit Card,Delivered,137744
102156,2023-03-31 19:00:00,1659,East,Electronics,Item_E,24785,2,Debit Card,In Transit,49570
102157,2023-03-31 20:00:00,3010,North,Home & Kitchen,Item_E,22245,9,UPI,Cancelled,200205
102158,2023-03-31 21:00:00,9590,East,Books,Item_D,22647,7,Credit Card,In Transit,158529
102159,2023-03-31 22:00:00,2733,West,Clothing,Item_E,46334,3,Debit Card,In Transit,139002
102160,2023-03-31 23:00:00,3125,North,Home & Kitchen,Item_B,39983,7,Credit Card,Returned,279881
102161,2023-04-01 00:00:00,3171,Central,Books,Item_E,26438,1,Cash,Cancelled,26438
102162,2023-04-01 01:00:00,9266,North,Electronics,Item_D,39291,1,Cash,In Transit,39291
102163,2023-04-01 02:00:00,4471,North,Clothing,Item_C,41903,4,Cash,Returned,167612
102164,2023-04-01 03:00:00,6624,South,Beauty,Item_A,35396,4,Net Banking,Returned,141584
102165,2023-04-01 04:00:00,9691,South,Electronics,Item_E,11885,4,UPI,Cancelled,47540
102166,2023-04-01 05:00:00,9329,North,Books,Item_B,12938,9,Credit Card,Cancelled,116442
102167,2023-04-01 06:00:00,3097,East,Clothing,Item_C,42276,6,Net Banking,Returned,253656
102168,2023-04-01 07:00:00,6068,South,Clothing,Item_B,48847,3,Credit Card,Cancelled,146541
102169,2023-04-01 08:00:00,7397,Central,Electronics,Item_E,15972,6,UPI,Returned,95832
102170,2023-04-01 09:00:00,3757,West,Clothing,Item_D,10833,2,Debit Card,Cancelled,21666
102171,2023-04-01 10:00:00,4920,South,Books,Item_A,23692,2,Net Banking,Cancelled,47384
102172,2023-04-01 11:00:00,9186,North,Electronics,Item_A,44161,7,UPI,Cancelled,309127
102173,2023-04-01 12:00:00,2900,East,Beauty,Item_C,48249,3,Net Banking,Delivered,144747
102174,2023-04-01 13:00:00,3610,West,Electronics,Item_A,37055,7,Cash,Cancelled,259385
102175,2023-04-01 14:00:00,7900,South,Electronics,Item_D,6428,3,Net Banking,Delivered,19284
102176,2023-04-01 15:00:00,2449,East,Beauty,Item_B,3031,2,Debit Card,Returned,6062
102177,2023-04-01 16:00:00,9738,East,Books,Item_D,20245,4,Debit Card,In Transit,80980
102178,2023-04-01 17:00:00,6017,East,Home & Kitchen,Item_C,18332,4,Credit Card,In Transit,73328
102179,2023-04-01 18:00:00,8999,North,Home & Kitchen,Item_C,11255,3,Net Banking,In Transit,33765
102180,2023-04-01 19:00:00,7052,Central,Beauty,Item_A,24518,9,Cash,Returned,220662
102181,2023-04-01 20:00:00,3096,East,Books,Item_D,13995,6,Debit Card,Cancelled,83970
102182,2023-04-01 21:00:00,9895,West,Clothing,Item_B,40520,5,Credit Card,Delivered,202600
102183,2023-04-01 22:00:00,7404,South,Beauty,Item_D,19848,6,Cash,Returned,119088
102184,2023-04-01 23:00:00,4331,West,Home & Kitchen,Item_B,22358,8,Cash,In Transit,178864
102185,2023-04-02 00:00:00,8462,North,Books,Item_B,21947,5,Cash,In Transit,109735
102186,2023-04-02 01:00:00,6105,North,Electronics,Item_D,23434,4,UPI,In Transit,93736
102187,2023-04-02 02:00:00,3978,West,Books,Item_E,47573,7,Debit Card,In Transit,333011
102188,2023-04-02 03:00:00,3839,Central,Books,Item_D,31760,5,UPI,Delivered,158800
102189,2023-04-02 04:00:00,4384,North,Home & Kitchen,Item_B,11482,4,UPI,In Transit,45928
102190,2023-04-02 05:00:00,1685,North,Home & Kitchen,Item_C,34031,5,Debit Card,Delivered,170155
102191,2023-04-02 06:00:00,8531,West,Clothing,Item_C,23243,4,Net Banking,In Transit,92972
102192,2023-04-02 07:00:00,5283,North,Clothing,Item_A,46312,8,Credit Card,Returned,370496
102193,2023-04-02 08:00:00,8736,Central,Beauty,Item_C,21129,8,Debit Card,Delivered,169032
102194,2023-04-02 09:00:00,8710,Central,Electronics,Item_E,48866,1,Credit Card,Delivered,48866
102195,2023-04-02 10:00:00,2619,Central,Clothing,Item_B,35700,3,Net Banking,Returned,107100
102196,2023-04-02 11:00:00,7868,South,Home & Kitchen,Item_D,2072,4,Debit Card,In Transit,8288
102197,2023-04-02 12:00:00,2431,Central,Books,Item_D,37688,2,Cash,In Transit,75376
102198,2023-04-02 13:00:00,5713,Central,Beauty,Item_E,2169,5,Debit Card,Cancelled,10845
102199,2023-04-02 14:00:00,5998,South,Clothing,Item_C,25660,8,Net Banking,Cancelled,205280
102200,2023-04-02 15:00:00,1162,East,Books,Item_B,12355,2,UPI,Delivered,24710
102201,2023-04-02 16:00:00,2974,North,Books,Item_C,12070,9,Debit Card,Cancelled,108630
102202,2023-04-02 17:00:00,4291,Central,Clothing,Item_A,49670,7,Cash,Returned,347690
102203,2023-04-02 18:00:00,9461,North,Electronics,Item_C,28592,6,Debit Card,Returned,171552
102204,2023-04-02 19:00:00,1631,West,Electronics,Item_A,3917,8,UPI,Returned,31336
102205,2023-04-02 20:00:00,1905,North,Beauty,Item_D,1574,2,Debit Card,Delivered,3148
102206,2023-04-02 21:00:00,3014,South,Electronics,Item_B,22026,5,Cash,Returned,110130
102207,2023-04-02 22:00:00,8896,North,Beauty,Item_A,8879,4,Net Banking,Delivered,35516
102208,2023-04-02 23:00:00,1204,North,Home & Kitchen,Item_C,49802,8,Cash,Delivered,398416
102209,2023-04-03 00:00:00,1581,North,Clothing,Item_C,13627,1,Net Banking,Returned,13627
102210,2023-04-03 01:00:00,6675,East,Books,Item_D,23764,3,Cash,Returned,71292
102211,2023-04-03 02:00:00,6347,East,Beauty,Item_E,34908,8,Credit Card,Delivered,279264
102212,2023-04-03 03:00:00,3643,West,Electronics,Item_E,35335,5,Debit Card,Returned,176675
102213,2023-04-03 04:00:00,9017,South,Beauty,Item_C,44396,4,Debit Card,Cancelled,177584
102214,2023-04-03 05:00:00,3297,North,Beauty,Item_E,24471,6,UPI,Delivered,146826
102215,2023-04-03 06:00:00,1874,North,Electronics,Item_B,16831,5,Credit Card,In Transit,84155
102216,2023-04-03 07:00:00,6560,North,Electronics,Item_E,20087,3,UPI,Delivered,60261
102217,2023-04-03 08:00:00,1689,North,Clothing,Item_B,25459,5,Debit Card,Returned,127295
102218,2023-04-03 09:00:00,5000,East,Books,Item_C,32596,4,UPI,Returned,130384
102219,2023-04-03 10:00:00,1671,West,Clothing,Item_C,49830,1,Net Banking,Delivered,49830
102220,2023-04-03 11:00:00,8927,Central,Clothing,Item_C,19344,1,Credit Card,Delivered,19344
102221,2023-04-03 12:00:00,2171,South,Electronics,Item_D,12855,7,Cash,In Transit,89985
102222,2023-04-03 13:00:00,6591,North,Electronics,Item_E,40936,4,Net Banking,In Transit,163744
102223,2023-04-03 14:00:00,7342,West,Books,Item_A,49260,1,Cash,Delivered,49260
102224,2023-04-03 15:00:00,2449,Central,Beauty,Item_A,21036,6,UPI,Returned,126216
102225,2023-04-03 16:00:00,3539,West,Clothing,Item_C,47711,1,Debit Card,Delivered,47711
102226,2023-04-03 17:00:00,4959,East,Books,Item_E,1568,8,Net Banking,Cancelled,12544
102227,2023-04-03 18:00:00,7285,Central,Clothing,Item_B,35194,9,Credit Card,Cancelled,316746
102228,2023-04-03 19:00:00,6432,West,Beauty,Item_A,44656,3,Cash,Returned,133968
102229,2023-04-03 20:00:00,5260,East,Clothing,Item_C,36580,7,Net Banking,Delivered,256060
102230,2023-04-03 21:00:00,3361,West,Home & Kitchen,Item_A,12399,5,Debit Card,Delivered,61995
102231,2023-04-03 22:00:00,7164,West,Books,Item_A,43002,3,Credit Card,Cancelled,129006
102232,2023-04-03 23:00:00,4670,Central,Electronics,Item_A,11769,5,Credit Card,Delivered,58845
102233,2023-04-04 00:00:00,2753,East,Clothing,Item_C,34027,7,Cash,Returned,238189
102234,2023-04-04 01:00:00,9100,North,Books,Item_C,31382,7,Net Banking,Returned,219674
102235,2023-04-04 02:00:00,2938,South,Books,Item_D,13315,9,Net Banking,In Transit,119835
102236,2023-04-04 03:00:00,9562,Central,Clothing,Item_D,21849,8,Credit Card,Returned,174792
102237,2023-04-04 04:00:00,6976,East,Electronics,Item_D,18395,4,UPI,Delivered,73580
102238,2023-04-04 05:00:00,7588,West,Electronics,Item_A,30796,5,Credit Card,Delivered,153980
102239,2023-04-04 06:00:00,9616,East,Clothing,Item_E,35161,5,Debit Card,Cancelled,175805
102240,2023-04-04 07:00:00,7304,South,Books,Item_C,27203,2,Net Banking,Cancelled,54406
102241,2023-04-04 08:00:00,8345,South,Electronics,Item_D,16751,7,Cash,Returned,117257
102242,2023-04-04 09:00:00,8875,North,Clothing,Item_E,49096,7,Net Banking,In Transit,343672
102243,2023-04-04 10:00:00,7633,North,Clothing,Item_D,24026,9,Credit Card,Delivered,216234
102244,2023-04-04 11:00:00,1597,South,Clothing,Item_D,37150,9,Debit Card,In Transit,334350
102245,2023-04-04 12:00:00,4062,Central,Books,Item_E,24929,4,UPI,Delivered,99716
102246,2023-04-04 13:00:00,3336,Central,Electronics,Item_D,4068,5,Net Banking,Returned,20340
102247,2023-04-04 14:00:00,1572,West,Books,Item_A,41474,7,Credit Card,Returned,290318
102248,2023-04-04 15:00:00,8521,North,Home & Kitchen,Item_A,38918,7,Credit Card,Cancelled,272426
102249,2023-04-04 16:00:00,7171,West,Electronics,Item_A,32553,8,Credit Card,In Transit,260424
102250,2023-04-04 17:00:00,8097,North,Books,Item_B,41882,8,Debit Card,Cancelled,335056
102251,2023-04-04 18:00:00,3090,South,Electronics,Item_D,30853,2,Credit Card,Returned,61706
102252,2023-04-04 19:00:00,7566,Central,Home & Kitchen,Item_B,14341,9,Credit Card,In Transit,129069
102253,2023-04-04 20:00:00,5624,Central,Beauty,Item_C,11737,4,Credit Card,Delivered,46948
102254,2023-04-04 21:00:00,2633,South,Clothing,Item_E,30601,1,Net Banking,Cancelled,30601
102255,2023-04-04 22:00:00,2517,West,Books,Item_C,27587,1,Credit Card,Returned,27587
102256,2023-04-04 23:00:00,4648,West,Home & Kitchen,Item_B,16354,5,Debit Card,Delivered,81770
102257,2023-04-05 00:00:00,2537,East,Home & Kitchen,Item_A,35277,7,Net Banking,Returned,246939
102258,2023-04-05 01:00:00,4137,North,Electronics,Item_D,6830,5,Credit Card,Delivered,34150
102259,2023-04-05 02:00:00,7985,West,Electronics,Item_D,43661,3,UPI,Cancelled,130983
102260,2023-04-05 03:00:00,1097,South,Clothing,Item_A,14978,7,Debit Card,Delivered,104846
102261,2023-04-05 04:00:00,4750,West,Electronics,Item_D,44493,1,UPI,In Transit,44493
102262,2023-04-05 05:00:00,9535,Central,Books,Item_E,23270,1,Debit Card,Delivered,23270
102263,2023-04-05 06:00:00,9174,North,Books,Item_E,13616,2,UPI,Returned,27232
102264,2023-04-05 07:00:00,9103,East,Books,Item_E,49701,1,Credit Card,Delivered,49701
102265,2023-04-05 08:00:00,6413,North,Beauty,Item_C,25599,9,UPI,Cancelled,230391
102266,2023-04-05 09:00:00,5666,Central,Books,Item_A,8829,4,UPI,Returned,35316
102267,2023-04-05 10:00:00,1610,Central,Electronics,Item_E,8560,7,Debit Card,Returned,59920
102268,2023-04-05 11:00:00,2727,Central,Electronics,Item_B,12211,5,Credit Card,Returned,61055
102269,2023-04-05 12:00:00,2854,Central,Books,Item_E,40921,7,Debit Card,Returned,286447
102270,2023-04-05 13:00:00,6055,South,Home & Kitchen,Item_C,36269,7,Credit Card,In Transit,253883
102271,2023-04-05 14:00:00,3324,East,Home & Kitchen,Item_B,11427,1,Cash,Returned,11427
102272,2023-04-05 15:00:00,6774,Central,Home & Kitchen,Item_A,39787,1,Net Banking,Returned,39787
102273,2023-04-05 16:00:00,7519,Central,Clothing,Item_A,44750,3,Net Banking,Returned,134250
102274,2023-04-05 17:00:00,2749,West,Beauty,Item_E,2969,2,Debit Card,Cancelled,5938
102275,2023-04-05 18:00:00,1781,East,Books,Item_B,10692,7,Credit Card,Cancelled,74844
102276,2023-04-05 19:00:00,8548,North,Clothing,Item_B,3545,3,UPI,Returned,10635
102277,2023-04-05 20:00:00,7823,East,Home & Kitchen,Item_E,2865,7,Net Banking,In Transit,20055
102278,2023-04-05 21:00:00,3105,East,Books,Item_E,25007,9,Debit Card,Delivered,225063
102279,2023-04-05 22:00:00,4867,East,Clothing,Item_D,43752,1,Debit Card,In Transit,43752
102280,2023-04-05 23:00:00,8193,Central,Electronics,Item_D,12566,3,Debit Card,Returned,37698
102281,2023-04-06 00:00:00,5976,Central,Home & Kitchen,Item_E,9525,6,Credit Card,Returned,57150
102282,2023-04-06 01:00:00,3113,South,Clothing,Item_C,5640,9,Debit Card,In Transit,50760
102283,2023-04-06 02:00:00,6879,North,Electronics,Item_D,28422,5,Cash,Returned,142110
102284,2023-04-06 03:00:00,4970,West,Home & Kitchen,Item_E,27151,3,UPI,Delivered,81453
102285,2023-04-06 04:00:00,8264,East,Beauty,Item_B,40078,8,Debit Card,Cancelled,320624
102286,2023-04-06 05:00:00,2577,North,Home & Kitchen,Item_D,20464,5,Credit Card,Delivered,102320
102287,2023-04-06 06:00:00,3274,North,Beauty,Item_C,19321,6,UPI,Delivered,115926
102288,2023-04-06 07:00:00,5869,South,Beauty,Item_A,19015,2,UPI,Delivered,38030
102289,2023-04-06 08:00:00,7744,West,Beauty,Item_B,44463,4,Net Banking,In Transit,177852
102290,2023-04-06 09:00:00,3426,East,Books,Item_C,30511,1,Debit Card,In Transit,30511
102291,2023-04-06 10:00:00,6546,West,Books,Item_C,42597,4,Debit Card,Delivered,170388
102292,2023-04-06 11:00:00,7852,South,Beauty,Item_C,19949,1,Credit Card,In Transit,19949
102293,2023-04-06 12:00:00,3551,Central,Electronics,Item_B,29418,4,Cash,Returned,117672
102294,2023-04-06 13:00:00,7411,North,Beauty,Item_C,15733,2,Cash,Cancelled,31466
102295,2023-04-06 14:00:00,1007,East,Clothing,Item_A,44333,6,Net Banking,In Transit,265998
102296,2023-04-06 15:00:00,9087,Central,Beauty,Item_D,45067,6,Cash,In Transit,270402
102297,2023-04-06 16:00:00,3555,South,Books,Item_B,1516,8,Credit Card,Delivered,12128
102298,2023-04-06 17:00:00,1475,West,Books,Item_C,38172,9,Net Banking,Cancelled,343548
102299,2023-04-06 18:00:00,6416,North,Clothing,Item_E,21588,8,Debit Card,Returned,172704
102300,2023-04-06 19:00:00,9676,East,Clothing,Item_D,13712,1,Cash,Returned,13712
102301,2023-04-06 20:00:00,8239,Central,Home & Kitchen,Item_B,884,3,Credit Card,Cancelled,2652
102302,2023-04-06 21:00:00,7710,Central,Electronics,Item_E,27364,6,Credit Card,Returned,164184
102303,2023-04-06 22:00:00,6000,North,Electronics,Item_E,39408,1,Debit Card,Cancelled,39408
102304,2023-04-06 23:00:00,5654,West,Electronics,Item_C,11935,8,Credit Card,Delivered,95480
102305,2023-04-07 00:00:00,9078,South,Books,Item_B,36055,6,Net Banking,Returned,216330
102306,2023-04-07 01:00:00,7063,West,Electronics,Item_C,42835,1,Net Banking,Returned,42835
102307,2023-04-07 02:00:00,3285,West,Home & Kitchen,Item_A,38746,2,UPI,Cancelled,77492
102308,2023-04-07 03:00:00,6223,West,Home & Kitchen,Item_E,48997,6,Debit Card,Returned,293982
102309,2023-04-07 04:00:00,7971,North,Electronics,Item_A,8279,8,Credit Card,In Transit,66232
102310,2023-04-07 05:00:00,4525,North,Clothing,Item_C,22612,5,Cash,Delivered,113060
102311,2023-04-07 06:00:00,3822,South,Home & Kitchen,Item_D,36062,1,Net Banking,Returned,36062
102312,2023-04-07 07:00:00,5943,West,Clothing,Item_E,19391,2,Debit Card,Returned,38782
102313,2023-04-07 08:00:00,7530,North,Books,Item_D,15021,4,Debit Card,Returned,60084
102314,2023-04-07 09:00:00,1258,South,Home & Kitchen,Item_B,7782,4,Net Banking,Cancelled,31128
102315,2023-04-07 10:00:00,1282,South,Clothing,Item_E,9212,7,UPI,Delivered,64484
102316,2023-04-07 11:00:00,2898,West,Electronics,Item_A,33855,2,Debit Card,Delivered,67710
102317,2023-04-07 12:00:00,5135,East,Books,Item_D,44888,7,Credit Card,Returned,314216
102318,2023-04-07 13:00:00,7629,West,Beauty,Item_B,38983,7,Cash,Returned,272881
102319,2023-04-07 14:00:00,4200,East,Beauty,Item_E,14730,7,Cash,Cancelled,103110
102320,2023-04-07 15:00:00,6110,South,Electronics,Item_B,20577,3,Net Banking,Delivered,61731
102321,2023-04-07 16:00:00,8167,North,Books,Item_A,45421,6,Debit Card,In Transit,272526
102322,2023-04-07 17:00:00,1612,Central,Books,Item_E,21853,6,Cash,Returned,131118
102323,2023-04-07 18:00:00,1687,South,Books,Item_B,40476,4,Debit Card,In Transit,161904
102324,2023-04-07 19:00:00,4690,North,Books,Item_C,20580,1,Net Banking,In Transit,20580
102325,2023-04-07 20:00:00,9804,South,Beauty,Item_E,756,9,UPI,Delivered,6804
102326,2023-04-07 21:00:00,3307,West,Clothing,Item_E,26990,2,Cash,In Transit,53980
102327,2023-04-07 22:00:00,8133,East,Books,Item_E,9100,9,Credit Card,Returned,81900
102328,2023-04-07 23:00:00,7509,South,Clothing,Item_E,33685,8,Net Banking,Returned,269480
102329,2023-04-08 00:00:00,6906,North,Books,Item_C,36633,1,UPI,Cancelled,36633
102330,2023-04-08 01:00:00,3591,West,Home & Kitchen,Item_A,14091,7,Credit Card,Delivered,98637
102331,2023-04-08 02:00:00,8183,Central,Home & Kitchen,Item_C,43304,3,Credit Card,Delivered,129912
102332,2023-04-08 03:00:00,6248,West,Home & Kitchen,Item_C,15214,9,Cash,In Transit,136926
102333,2023-04-08 04:00:00,9766,East,Books,Item_B,6747,5,Debit Card,Returned,33735
102334,2023-04-08 05:00:00,6108,West,Clothing,Item_D,38164,3,Net Banking,Returned,114492
102335,2023-04-08 06:00:00,4604,Central,Beauty,Item_D,30132,8,Credit Card,Cancelled,241056
102336,2023-04-08 07:00:00,1669,North,Electronics,Item_B,44939,3,Cash,In Transit,134817
102337,2023-04-08 08:00:00,5364,South,Beauty,Item_C,20463,7,UPI,Returned,143241
102338,2023-04-08 09:00:00,8329,East,Books,Item_B,19520,7,Credit Card,Delivered,136640
102339,2023-04-08 10:00:00,2283,Central,Home & Kitchen,Item_E,48184,7,UPI,Cancelled,337288
102340,2023-04-08 11:00:00,1923,East,Home & Kitchen,Item_B,43574,1,Net Banking,Delivered,43574
102341,2023-04-08 12:00:00,2125,West,Clothing,Item_B,39659,5,Cash,Cancelled,198295
102342,2023-04-08 13:00:00,2529,East,Books,Item_E,7245,1,UPI,Delivered,7245
102343,2023-04-08 14:00:00,9438,Central,Beauty,Item_D,43455,7,Debit Card,In Transit,304185
102344,2023-04-08 15:00:00,4711,South,Books,Item_E,1437,8,UPI,Returned,11496
102345,2023-04-08 16:00:00,9004,South,Books,Item_A,43277,7,UPI,Delivered,302939
102346,2023-04-08 17:00:00,7274,East,Home & Kitchen,Item_B,39440,1,Cash,In Transit,39440
102347,2023-04-08 18:00:00,4864,North,Beauty,Item_B,36526,3,Cash,Delivered,109578
102348,2023-04-08 19:00:00,8833,East,Electronics,Item_D,5493,3,Credit Card,In Transit,16479
102349,2023-04-08 20:00:00,7788,West,Home & Kitchen,Item_C,25474,7,UPI,Cancelled,178318
102350,2023-04-08 21:00:00,1226,South,Beauty,Item_E,19437,4,UPI,In Transit,77748
102351,2023-04-08 22:00:00,1264,South,Clothing,Item_C,28584,3,Cash,Delivered,85752
102352,2023-04-08 23:00:00,1645,South,Home & Kitchen,Item_A,31193,6,Debit Card,Returned,187158
102353,2023-04-09 00:00:00,8544,North,Clothing,Item_E,13011,6,Cash,Cancelled,78066
102354,2023-04-09 01:00:00,6569,North,Home & Kitchen,Item_A,18429,5,Debit Card,Cancelled,92145
102355,2023-04-09 02:00:00,3990,Central,Books,Item_A,39330,6,Cash,In Transit,235980
102356,2023-04-09 03:00:00,3504,East,Beauty,Item_A,13511,3,Net Banking,Delivered,40533
102357,2023-04-09 04:00:00,1587,East,Clothing,Item_E,23240,5,UPI,In Transit,116200
102358,2023-04-09 05:00:00,5079,West,Home & Kitchen,Item_E,3382,9,Debit Card,Cancelled,30438
102359,2023-04-09 06:00:00,4348,South,Clothing,Item_D,47266,4,Net Banking,Returned,189064
102360,2023-04-09 07:00:00,7299,North,Home & Kitchen,Item_B,49815,2,Debit Card,In Transit,99630
102361,2023-04-09 08:00:00,4831,West,Home & Kitchen,Item_C,5960,5,Credit Card,Delivered,29800
102362,2023-04-09 09:00:00,9381,West,Electronics,Item_C,7460,3,Credit Card,In Transit,22380
102363,2023-04-09 10:00:00,2715,North,Electronics,Item_A,33418,3,UPI,In Transit,100254
102364,2023-04-09 11:00:00,7450,East,Electronics,Item_E,46675,4,Net Banking,In Transit,186700
102365,2023-04-09 12:00:00,6433,South,Clothing,Item_E,2115,4,Net Banking,Returned,8460
102366,2023-04-09 13:00:00,2098,East,Books,Item_A,9315,5,Credit Card,Delivered,46575
102367,2023-04-09 14:00:00,8096,West,Home & Kitchen,Item_B,7276,7,UPI,Delivered,50932
102368,2023-04-09 15:00:00,3326,South,Beauty,Item_C,15014,4,Credit Card,Cancelled,60056
102369,2023-04-09 16:00:00,7416,Central,Electronics,Item_D,33283,7,Net Banking,Cancelled,232981
102370,2023-04-09 17:00:00,7980,West,Clothing,Item_B,4993,9,Debit Card,In Transit,44937
102371,2023-04-09 18:00:00,7763,East,Clothing,Item_E,1462,3,Net Banking,Cancelled,4386
102372,2023-04-09 19:00:00,2674,East,Clothing,Item_A,9519,5,UPI,Delivered,47595
102373,2023-04-09 20:00:00,8950,East,Beauty,Item_C,13394,4,Net Banking,In Transit,53576
102374,2023-04-09 21:00:00,9915,North,Beauty,Item_A,19509,9,Cash,Cancelled,175581
102375,2023-04-09 22:00:00,7049,West,Electronics,Item_E,28960,5,Net Banking,Returned,144800
102376,2023-04-09 23:00:00,2089,South,Beauty,Item_A,27198,2,Cash,Cancelled,54396
102377,2023-04-10 00:00:00,5578,East,Electronics,Item_C,3668,1,Credit Card,Returned,3668
102378,2023-04-10 01:00:00,1155,East,Beauty,Item_A,46842,7,Cash,Cancelled,327894
102379,2023-04-10 02:00:00,2958,North,Beauty,Item_C,12851,1,Net Banking,Delivered,12851
102380,2023-04-10 03:00:00,7344,South,Beauty,Item_A,20605,8,Net Banking,Cancelled,164840
102381,2023-04-10 04:00:00,6779,West,Electronics,Item_A,14682,9,Net Banking,Returned,132138
102382,2023-04-10 05:00:00,7144,Central,Home & Kitchen,Item_C,4609,7,UPI,Returned,32263
102383,2023-04-10 06:00:00,6063,North,Electronics,Item_A,747,9,Credit Card,Cancelled,6723
102384,2023-04-10 07:00:00,4830,West,Home & Kitchen,Item_B,37859,6,Cash,In Transit,227154
102385,2023-04-10 08:00:00,9831,Central,Clothing,Item_D,20107,7,Debit Card,Returned,140749
102386,2023-04-10 09:00:00,7659,East,Clothing,Item_B,23626,3,Cash,Delivered,70878
102387,2023-04-10 10:00:00,1441,East,Electronics,Item_D,42689,9,Net Banking,Cancelled,384201
102388,2023-04-10 11:00:00,7040,South,Home & Kitchen,Item_B,14636,3,Debit Card,Returned,43908
102389,2023-04-10 12:00:00,6925,Central,Home & Kitchen,Item_D,16690,6,Debit Card,Cancelled,100140
102390,2023-04-10 13:00:00,8358,East,Home & Kitchen,Item_A,29162,4,Cash,Cancelled,116648
102391,2023-04-10 14:00:00,5628,East,Clothing,Item_C,38436,9,Cash,In Transit,345924
102392,2023-04-10 15:00:00,7370,South,Electronics,Item_C,29488,1,Cash,Cancelled,29488
102393,2023-04-10 16:00:00,1948,West,Books,Item_E,22436,9,Cash,Cancelled,201924
102394,2023-04-10 17:00:00,9179,East,Home & Kitchen,Item_D,15123,4,Credit Card,Cancelled,60492
102395,2023-04-10 18:00:00,7115,North,Home & Kitchen,Item_E,1450,5,UPI,Delivered,7250
102396,2023-04-10 19:00:00,1459,North,Books,Item_E,13464,1,UPI,Cancelled,13464
102397,2023-04-10 20:00:00,8568,West,Electronics,Item_D,1811,1,Cash,Delivered,1811
102398,2023-04-10 21:00:00,5646,Central,Home & Kitchen,Item_C,8128,6,UPI,Cancelled,48768
102399,2023-04-10 22:00:00,1392,South,Electronics,Item_D,34758,1,Cash,In Transit,34758
102400,2023-04-10 23:00:00,2787,North,Home & Kitchen,Item_A,1067,2,Cash,In Transit,2134
102401,2023-04-11 00:00:00,8374,North,Beauty,Item_E,31889,3,Cash,Returned,95667
102402,2023-04-11 01:00:00,2138,West,Home & Kitchen,Item_E,45413,7,Credit Card,Cancelled,317891
102403,2023-04-11 02:00:00,5741,Central,Beauty,Item_D,33295,2,Net Banking,In Transit,66590
102404,2023-04-11 03:00:00,8418,Central,Electronics,Item_E,4016,5,UPI,In Transit,20080
102405,2023-04-11 04:00:00,7362,West,Home & Kitchen,Item_C,32826,9,UPI,Cancelled,295434
102406,2023-04-11 05:00:00,3454,North,Clothing,Item_E,36116,8,Credit Card,Returned,288928
102407,2023-04-11 06:00:00,4674,South,Clothing,Item_D,48038,8,Credit Card,Delivered,384304
102408,2023-04-11 07:00:00,2377,North,Books,Item_C,11773,2,Cash,In Transit,23546
102409,2023-04-11 08:00:00,7701,Central,Clothing,Item_C,43534,1,Cash,In Transit,43534
102410,2023-04-11 09:00:00,3597,North,Beauty,Item_E,19139,9,Net Banking,Delivered,172251
102411,2023-04-11 10:00:00,1141,South,Clothing,Item_D,13357,4,UPI,In Transit,53428
102412,2023-04-11 11:00:00,3659,East,Clothing,Item_E,9522,9,Credit Card,Delivered,85698
102413,2023-04-11 12:00:00,5596,North,Clothing,Item_A,2682,7,Net Banking,Delivered,18774
102414,2023-04-11 13:00:00,6661,West,Home & Kitchen,Item_A,36067,6,UPI,Returned,216402
102415,2023-04-11 14:00:00,7142,East,Books,Item_C,44480,9,Net Banking,Delivered,400320
102416,2023-04-11 15:00:00,6626,West,Electronics,Item_E,13875,4,Net Banking,Delivered,55500
102417,2023-04-11 16:00:00,9787,West,Books,Item_A,30620,1,Cash,Delivered,30620
102418,2023-04-11 17:00:00,9472,West,Beauty,Item_B,42716,5,Net Banking,Delivered,213580
102419,2023-04-11 18:00:00,1423,North,Home & Kitchen,Item_A,11935,6,Cash,In Transit,71610
102420,2023-04-11 19:00:00,7999,Central,Home & Kitchen,Item_E,14050,6,UPI,Delivered,84300
102421,2023-04-11 20:00:00,5249,East,Clothing,Item_E,6932,1,UPI,In Transit,6932
102422,2023-04-11 21:00:00,2750,South,Clothing,Item_A,40953,7,Cash,Cancelled,286671
102423,2023-04-11 22:00:00,5757,Central,Beauty,Item_E,45668,8,Debit Card,Cancelled,365344
102424,2023-04-11 23:00:00,2967,North,Home & Kitchen,Item_E,39022,5,Net Banking,Delivered,195110
102425,2023-04-12 00:00:00,5088,West,Electronics,Item_B,49920,2,UPI,Returned,99840
102426,2023-04-12 01:00:00,5178,South,Books,Item_C,34622,2,Net Banking,Returned,69244
102427,2023-04-12 02:00:00,8789,East,Home & Kitchen,Item_E,32931,5,Debit Card,In Transit,164655
102428,2023-04-12 03:00:00,3946,Central,Electronics,Item_D,11628,7,Net Banking,In Transit,81396
102429,2023-04-12 04:00:00,6394,Central,Electronics,Item_C,11511,7,Debit Card,Cancelled,80577
102430,2023-04-12 05:00:00,8880,South,Books,Item_C,3933,4,Credit Card,In Transit,15732
102431,2023-04-12 06:00:00,6075,North,Electronics,Item_D,39779,3,Debit Card,Returned,119337
102432,2023-04-12 07:00:00,8230,East,Beauty,Item_A,8542,9,UPI,Cancelled,76878
102433,2023-04-12 08:00:00,2531,South,Electronics,Item_B,10664,7,Cash,Delivered,74648
102434,2023-04-12 09:00:00,3990,West,Beauty,Item_E,48714,2,Cash,In Transit,97428
102435,2023-04-12 10:00:00,8155,East,Electronics,Item_A,45511,1,Net Banking,Delivered,45511
102436,2023-04-12 11:00:00,5493,Central,Clothing,Item_D,10500,2,Credit Card,In Transit,21000
102437,2023-04-12 12:00:00,1933,South,Electronics,Item_B,34763,3,Net Banking,Returned,104289
102438,2023-04-12 13:00:00,2460,Central,Beauty,Item_B,49160,5,Debit Card,In Transit,245800
102439,2023-04-12 14:00:00,3723,Central,Electronics,Item_B,13908,3,Cash,Returned,41724
102440,2023-04-12 15:00:00,1285,Central,Electronics,Item_D,28290,9,Debit Card,Returned,254610
102441,2023-04-12 16:00:00,1264,North,Electronics,Item_A,49351,4,Cash,Delivered,197404
102442,2023-04-12 17:00:00,7816,Central,Beauty,Item_E,41508,7,Cash,In Transit,290556
102443,2023-04-12 18:00:00,2762,West,Electronics,Item_B,16528,4,Cash,Delivered,66112
102444,2023-04-12 19:00:00,1040,West,Books,Item_B,26854,3,UPI,Returned,80562
102445,2023-04-12 20:00:00,6827,East,Books,Item_A,6414,1,Debit Card,Returned,6414
102446,2023-04-12 21:00:00,9259,Central,Beauty,Item_B,39113,9,Net Banking,Returned,352017
102447,2023-04-12 22:00:00,1987,Central,Clothing,Item_B,27752,1,Credit Card,Returned,27752
102448,2023-04-12 23:00:00,8804,South,Books,Item_D,35577,1,Net Banking,Cancelled,35577
102449,2023-04-13 00:00:00,8789,North,Home & Kitchen,Item_C,25934,1,Debit Card,Returned,25934
102450,2023-04-13 01:00:00,6717,East,Books,Item_A,24921,5,Credit Card,In Transit,124605
102451,2023-04-13 02:00:00,4198,Central,Home & Kitchen,Item_A,18810,7,Net Banking,Returned,131670
102452,2023-04-13 03:00:00,6374,South,Beauty,Item_A,13822,7,Credit Card,Cancelled,96754
102453,2023-04-13 04:00:00,5790,North,Clothing,Item_D,29075,1,Debit Card,In Transit,29075
102454,2023-04-13 05:00:00,8183,East,Home & Kitchen,Item_D,23426,6,Cash,Cancelled,140556
102455,2023-04-13 06:00:00,3524,East,Home & Kitchen,Item_E,27877,9,Debit Card,Cancelled,250893
102456,2023-04-13 07:00:00,3479,Central,Books,Item_D,10498,6,UPI,In Transit,62988
102457,2023-04-13 08:00:00,6154,East,Home & Kitchen,Item_A,36048,4,Credit Card,Cancelled,144192
102458,2023-04-13 09:00:00,1778,South,Beauty,Item_E,33955,9,Debit Card,Returned,305595
102459,2023-04-13 10:00:00,2492,East,Beauty,Item_C,17944,3,Cash,Delivered,53832
102460,2023-04-13 11:00:00,1660,West,Beauty,Item_B,23634,4,Cash,Delivered,94536
102461,2023-04-13 12:00:00,2348,South,Books,Item_B,40514,4,Debit Card,Delivered,162056
102462,2023-04-13 13:00:00,8851,North,Clothing,Item_E,48201,4,Net Banking,In Transit,192804
102463,2023-04-13 14:00:00,8156,North,Books,Item_C,1926,6,Debit Card,In Transit,11556
102464,2023-04-13 15:00:00,3044,Central,Beauty,Item_B,49117,7,Cash,In Transit,343819
102465,2023-04-13 16:00:00,8368,Central,Books,Item_E,14468,9,Debit Card,Delivered,130212
102466,2023-04-13 17:00:00,4516,West,Beauty,Item_D,46945,3,UPI,Delivered,140835
102467,2023-04-13 18:00:00,5577,North,Electronics,Item_A,1107,8,Net Banking,In Transit,8856
102468,2023-04-13 19:00:00,1727,North,Electronics,Item_C,25959,8,Debit Card,Delivered,207672
102469,2023-04-13 20:00:00,8468,North,Home & Kitchen,Item_B,13964,1,Cash,Cancelled,13964
102470,2023-04-13 21:00:00,1342,North,Clothing,Item_A,24609,5,Debit Card,Cancelled,123045
102471,2023-04-13 22:00:00,2447,East,Electronics,Item_E,8590,5,Debit Card,Delivered,42950
102472,2023-04-13 23:00:00,7581,South,Beauty,Item_B,30372,8,Credit Card,In Transit,242976
102473,2023-04-14 00:00:00,7317,South,Books,Item_A,35423,8,Debit Card,Returned,283384
102474,2023-04-14 01:00:00,1526,West,Books,Item_D,38176,2,UPI,Returned,76352
102475,2023-04-14 02:00:00,7748,East,Home & Kitchen,Item_C,40742,3,Cash,Delivered,122226
102476,2023-04-14 03:00:00,1405,North,Books,Item_E,47524,2,Credit Card,Returned,95048
102477,2023-04-14 04:00:00,8986,North,Electronics,Item_B,48396,1,Debit Card,In Transit,48396
102478,2023-04-14 05:00:00,4740,Central,Books,Item_D,3565,2,Net Banking,Cancelled,7130
102479,2023-04-14 06:00:00,2846,Central,Electronics,Item_C,26036,6,UPI,Cancelled,156216
102480,2023-04-14 07:00:00,2478,West,Electronics,Item_C,28754,1,UPI,In Transit,28754
102481,2023-04-14 08:00:00,1771,North,Clothing,Item_D,21863,6,UPI,Returned,131178
102482,2023-04-14 09:00:00,6525,West,Home & Kitchen,Item_B,6151,1,Credit Card,Delivered,6151
102483,2023-04-14 10:00:00,9770,East,Beauty,Item_C,15375,2,Debit Card,Cancelled,30750
102484,2023-04-14 11:00:00,1193,South,Electronics,Item_E,11227,8,UPI,Returned,89816
102485,2023-04-14 12:00:00,3007,North,Home & Kitchen,Item_A,42473,6,Debit Card,Returned,254838
102486,2023-04-14 13:00:00,2185,East,Beauty,Item_E,10294,9,Net Banking,Cancelled,92646
102487,2023-04-14 14:00:00,3394,North,Books,Item_C,23281,1,Debit Card,Cancelled,23281
102488,2023-04-14 15:00:00,5005,Central,Home & Kitchen,Item_A,12367,5,Debit Card,Delivered,61835
102489,2023-04-14 16:00:00,8429,West,Home & Kitchen,Item_D,8969,7,Debit Card,In Transit,62783
102490,2023-04-14 17:00:00,3261,Central,Home & Kitchen,Item_A,23260,9,Cash,Returned,209340
102491,2023-04-14 18:00:00,4736,South,Books,Item_A,1220,9,Credit Card,Delivered,10980
102492,2023-04-14 19:00:00,7716,Central,Books,Item_A,12045,4,Debit Card,Cancelled,48180
102493,2023-04-14 20:00:00,5875,North,Home & Kitchen,Item_C,36812,4,UPI,In Transit,147248
102494,2023-04-14 21:00:00,9921,Central,Clothing,Item_B,36541,4,Cash,In Transit,146164
102495,2023-04-14 22:00:00,5378,North,Electronics,Item_C,10685,3,Debit Card,Returned,32055
102496,2023-04-14 23:00:00,8815,South,Books,Item_B,38410,8,Cash,In Transit,307280
102497,2023-04-15 00:00:00,4451,Central,Clothing,Item_D,8114,5,Credit Card,Cancelled,40570
102498,2023-04-15 01:00:00,8616,West,Books,Item_D,40919,7,Cash,Cancelled,286433
102499,2023-04-15 02:00:00,3800,West,Home & Kitchen,Item_D,9002,6,UPI,Cancelled,54012
102500,2023-04-15 03:00:00,9333,West,Clothing,Item_D,41488,9,Debit Card,Delivered,373392
102501,2023-04-15 04:00:00,6410,Central,Beauty,Item_D,33514,3,UPI,Cancelled,100542
102502,2023-04-15 05:00:00,2455,Central,Electronics,Item_E,48498,6,Net Banking,Delivered,290988
102503,2023-04-15 06:00:00,7892,Central,Electronics,Item_C,19765,3,Cash,Cancelled,59295
102504,2023-04-15 07:00:00,6808,North,Books,Item_B,27817,2,Cash,Cancelled,55634
102505,2023-04-15 08:00:00,7796,South,Electronics,Item_D,41966,3,Cash,In Transit,125898
102506,2023-04-15 09:00:00,5796,West,Beauty,Item_E,25809,2,Credit Card,Returned,51618
102507,2023-04-15 10:00:00,6093,North,Clothing,Item_E,44433,2,UPI,Cancelled,88866
102508,2023-04-15 11:00:00,2325,West,Clothing,Item_E,20571,7,Net Banking,In Transit,143997
102509,2023-04-15 12:00:00,5976,North,Home & Kitchen,Item_C,48584,3,Credit Card,In Transit,145752
102510,2023-04-15 13:00:00,2159,Central,Clothing,Item_D,19324,8,Credit Card,Returned,154592
102511,2023-04-15 14:00:00,5650,West,Books,Item_E,12917,2,Debit Card,In Transit,25834
102512,2023-04-15 15:00:00,5987,Central,Beauty,Item_E,48393,7,Net Banking,In Transit,338751
102513,2023-04-15 16:00:00,5697,West,Home & Kitchen,Item_D,37869,3,Cash,Returned,113607
102514,2023-04-15 17:00:00,1340,East,Books,Item_C,26472,9,Cash,Delivered,238248
102515,2023-04-15 18:00:00,4828,North,Books,Item_E,12042,7,Debit Card,Returned,84294
102516,2023-04-15 19:00:00,2968,East,Books,Item_B,38676,9,Cash,Returned,348084
102517,2023-04-15 20:00:00,1703,North,Electronics,Item_A,2282,2,UPI,Cancelled,4564
102518,2023-04-15 21:00:00,6482,South,Books,Item_A,26461,6,Cash,Cancelled,158766
102519,2023-04-15 22:00:00,7376,West,Electronics,Item_A,21170,5,UPI,Delivered,105850
102520,2023-04-15 23:00:00,2800,South,Clothing,Item_C,9995,2,Debit Card,Returned,19990
102521,2023-04-16 00:00:00,6463,South,Electronics,Item_E,45509,4,Debit Card,Returned,182036
102522,2023-04-16 01:00:00,5912,North,Books,Item_A,33228,4,UPI,Delivered,132912
102523,2023-04-16 02:00:00,5648,East,Beauty,Item_A,20380,8,Cash,Cancelled,163040
102524,2023-04-16 03:00:00,1855,Central,Beauty,Item_D,46535,7,Debit Card,Returned,325745
102525,2023-04-16 04:00:00,3866,North,Clothing,Item_E,27551,5,Debit Card,Delivered,137755
102526,2023-04-16 05:00:00,1182,Central,Books,Item_E,38950,9,UPI,Cancelled,350550
102527,2023-04-16 06:00:00,4112,South,Electronics,Item_D,33468,1,Debit Card,In Transit,33468
102528,2023-04-16 07:00:00,6670,Central,Beauty,Item_E,1215,4,Cash,Delivered,4860
102529,2023-04-16 08:00:00,5492,East,Home & Kitchen,Item_B,43493,5,Debit Card,Delivered,217465
102530,2023-04-16 09:00:00,6823,North,Books,Item_C,24689,8,UPI,Returned,197512
102531,2023-04-16 10:00:00,2517,East,Books,Item_D,36931,3,Cash,In Transit,110793
102532,2023-04-16 11:00:00,6002,East,Home & Kitchen,Item_A,12066,5,Net Banking,Cancelled,60330
102533,2023-04-16 12:00:00,2356,North,Beauty,Item_E,45215,3,UPI,In Transit,135645
102534,2023-04-16 13:00:00,4629,East,Home & Kitchen,Item_B,35674,7,Net Banking,Returned,249718
102535,2023-04-16 14:00:00,4628,West,Clothing,Item_B,15472,3,Debit Card,Returned,46416
102536,2023-04-16 15:00:00,9210,West,Electronics,Item_C,32361,7,Cash,Cancelled,226527
102537,2023-04-16 16:00:00,7132,West,Electronics,Item_B,2299,2,Debit Card,Cancelled,4598
102538,2023-04-16 17:00:00,7588,Central,Beauty,Item_E,6586,7,Cash,Cancelled,46102
102539,2023-04-16 18:00:00,4311,East,Home & Kitchen,Item_E,5538,9,Credit Card,Returned,49842
102540,2023-04-16 19:00:00,7048,North,Books,Item_B,8500,5,Debit Card,Cancelled,42500
102541,2023-04-16 20:00:00,7246,North,Books,Item_E,21600,6,Debit Card,Cancelled,129600
102542,2023-04-16 21:00:00,1987,Central,Books,Item_E,24841,3,Debit Card,Cancelled,74523
102543,2023-04-16 22:00:00,4321,North,Clothing,Item_A,4497,5,UPI,Delivered,22485
102544,2023-04-16 23:00:00,5615,West,Clothing,Item_D,19532,5,Cash,Cancelled,97660
102545,2023-04-17 00:00:00,9365,East,Books,Item_E,41373,3,Cash,Returned,124119
102546,2023-04-17 01:00:00,4741,North,Beauty,Item_E,48062,8,Cash,Delivered,384496
102547,2023-04-17 02:00:00,4052,North,Clothing,Item_C,15401,6,UPI,Returned,92406
102548,2023-04-17 03:00:00,7574,South,Clothing,Item_D,45582,3,Cash,In Transit,136746
102549,2023-04-17 04:00:00,1726,South,Electronics,Item_D,46329,1,Debit Card,Delivered,46329
102550,2023-04-17 05:00:00,4760,South,Electronics,Item_D,34008,1,Net Banking,Cancelled,34008
102551,2023-04-17 06:00:00,6806,East,Beauty,Item_B,13010,2,Credit Card,Delivered,26020
102552,2023-04-17 07:00:00,2875,West,Clothing,Item_A,8188,5,Cash,Returned,40940
102553,2023-04-17 08:00:00,7993,West,Clothing,Item_A,40527,7,UPI,Delivered,283689
102554,2023-04-17 09:00:00,5033,West,Home & Kitchen,Item_C,19779,1,UPI,In Transit,19779
102555,2023-04-17 10:00:00,6443,East,Beauty,Item_D,21683,1,Cash,Cancelled,21683
102556,2023-04-17 11:00:00,1989,East,Beauty,Item_D,703,4,Net Banking,Cancelled,2812
102557,2023-04-17 12:00:00,4744,South,Home & Kitchen,Item_E,5544,6,Cash,In Transit,33264
102558,2023-04-17 13:00:00,9611,North,Home & Kitchen,Item_B,9147,9,UPI,Returned,82323
102559,2023-04-17 14:00:00,1593,Central,Electronics,Item_B,9733,1,Credit Card,Delivered,9733
102560,2023-04-17 15:00:00,2774,Central,Beauty,Item_C,47776,5,Net Banking,Returned,238880
102561,2023-04-17 16:00:00,1935,North,Beauty,Item_A,41116,9,Cash,Returned,370044
102562,2023-04-17 17:00:00,4808,South,Home & Kitchen,Item_D,47123,8,Credit Card,Returned,376984
102563,2023-04-17 18:00:00,1331,North,Books,Item_C,15393,7,Cash,Cancelled,107751
102564,2023-04-17 19:00:00,8922,North,Books,Item_B,1581,2,Net Banking,Delivered,3162
102565,2023-04-17 20:00:00,3702,Central,Electronics,Item_B,7212,9,UPI,Cancelled,64908
102566,2023-04-17 21:00:00,6889,South,Books,Item_B,15413,8,Net Banking,Cancelled,123304
102567,2023-04-17 22:00:00,6054,East,Books,Item_D,27763,9,Debit Card,Cancelled,249867
102568,2023-04-17 23:00:00,4868,Central,Books,Item_D,15412,9,Cash,Delivered,138708
102569,2023-04-18 00:00:00,5200,East,Clothing,Item_D,30324,9,Credit Card,In Transit,272916
102570,2023-04-18 01:00:00,1201,South,Electronics,Item_E,46776,3,Credit Card,Cancelled,140328
102571,2023-04-18 02:00:00,3497,North,Home & Kitchen,Item_A,10911,7,Net Banking,Cancelled,76377
102572,2023-04-18 03:00:00,2842,West,Books,Item_B,30466,1,Net Banking,Cancelled,30466
102573,2023-04-18 04:00:00,5658,West,Clothing,Item_B,48141,9,Net Banking,Delivered,433269
102574,2023-04-18 05:00:00,8544,South,Books,Item_E,9715,9,Credit Card,Delivered,87435
102575,2023-04-18 06:00:00,8718,West,Clothing,Item_B,20393,3,UPI,Returned,61179
102576,2023-04-18 07:00:00,1770,East,Electronics,Item_B,44907,5,Credit Card,Cancelled,224535
102577,2023-04-18 08:00:00,4155,West,Books,Item_D,2331,8,UPI,Cancelled,18648
102578,2023-04-18 09:00:00,2628,South,Clothing,Item_D,2624,6,Net Banking,Delivered,15744
102579,2023-04-18 10:00:00,1386,South,Beauty,Item_A,44544,9,Debit Card,Delivered,400896
102580,2023-04-18 11:00:00,7031,East,Beauty,Item_B,22023,3,Credit Card,Cancelled,66069
102581,2023-04-18 12:00:00,7439,West,Clothing,Item_C,9400,7,Net Banking,In Transit,65800
102582,2023-04-18 13:00:00,7401,West,Books,Item_B,23231,6,Credit Card,Returned,139386
102583,2023-04-18 14:00:00,5008,North,Books,Item_B,3416,5,Net Banking,Returned,17080
102584,2023-04-18 15:00:00,3466,Central,Electronics,Item_A,45794,4,Credit Card,Cancelled,183176
102585,2023-04-18 16:00:00,3282,South,Electronics,Item_C,216,5,Cash,Returned,1080
102586,2023-04-18 17:00:00,2856,North,Home & Kitchen,Item_B,37638,4,Credit Card,Returned,150552
102587,2023-04-18 18:00:00,8980,South,Electronics,Item_C,26578,3,Cash,Cancelled,79734
102588,2023-04-18 19:00:00,2998,North,Books,Item_D,35591,7,UPI,Returned,249137
102589,2023-04-18 20:00:00,6476,Central,Home & Kitchen,Item_D,31934,6,Credit Card,Delivered,191604
102590,2023-04-18 21:00:00,5669,North,Electronics,Item_C,13550,4,UPI,Cancelled,54200
102591,2023-04-18 22:00:00,5318,South,Clothing,Item_B,49481,9,Debit Card,Delivered,445329
102592,2023-04-18 23:00:00,8064,West,Beauty,Item_C,14650,1,Cash,Cancelled,14650
102593,2023-04-19 00:00:00,8446,South,Electronics,Item_C,1673,1,Credit Card,Delivered,1673
102594,2023-04-19 01:00:00,2431,East,Electronics,Item_D,25725,9,UPI,Returned,231525
102595,2023-04-19 02:00:00,6624,East,Clothing,Item_C,28772,7,Net Banking,In Transit,201404
102596,2023-04-19 03:00:00,8461,East,Books,Item_E,42228,2,UPI,Delivered,84456
102597,2023-04-19 04:00:00,2819,East,Clothing,Item_E,37279,5,Credit Card,Delivered,186395
102598,2023-04-19 05:00:00,2130,Central,Electronics,Item_D,30310,4,Debit Card,In Transit,121240
102599,2023-04-19 06:00:00,7563,West,Books,Item_B,35704,1,Cash,In Transit,35704
102600,2023-04-19 07:00:00,3658,West,Home & Kitchen,Item_B,27088,9,Net Banking,Delivered,243792
102601,2023-04-19 08:00:00,4500,South,Electronics,Item_D,2146,6,UPI,Delivered,12876
102602,2023-04-19 09:00:00,9566,North,Clothing,Item_B,22143,6,Credit Card,Delivered,132858
102603,2023-04-19 10:00:00,3120,South,Home & Kitchen,Item_A,15940,4,Credit Card,Cancelled,63760
102604,2023-04-19 11:00:00,5020,South,Beauty,Item_E,26645,2,Cash,Delivered,53290
102605,2023-04-19 12:00:00,4259,South,Home & Kitchen,Item_A,49652,8,Net Banking,Delivered,397216
102606,2023-04-19 13:00:00,2823,South,Clothing,Item_A,9376,8,UPI,In Transit,75008
102607,2023-04-19 14:00:00,2474,West,Home & Kitchen,Item_A,30066,3,UPI,In Transit,90198
102608,2023-04-19 15:00:00,3242,North,Clothing,Item_D,44851,7,UPI,Cancelled,313957
102609,2023-04-19 16:00:00,4243,South,Electronics,Item_A,37469,7,Cash,Cancelled,262283
102610,2023-04-19 17:00:00,7990,West,Books,Item_C,11818,5,Cash,Returned,59090
102611,2023-04-19 18:00:00,6160,South,Beauty,Item_B,24936,5,Net Banking,Delivered,124680
102612,2023-04-19 19:00:00,4134,East,Books,Item_D,38882,8,UPI,Delivered,311056
102613,2023-04-19 20:00:00,3070,South,Books,Item_C,24801,4,UPI,In Transit,99204
102614,2023-04-19 21:00:00,1359,South,Books,Item_C,33050,1,Net Banking,Returned,33050
102615,2023-04-19 22:00:00,2141,Central,Clothing,Item_E,41332,1,Net Banking,Delivered,41332
102616,2023-04-19 23:00:00,2635,East,Clothing,Item_E,6004,9,Net Banking,Returned,54036
102617,2023-04-20 00:00:00,5000,North,Beauty,Item_C,19725,4,Credit Card,Cancelled,78900
102618,2023-04-20 01:00:00,4361,South,Clothing,Item_E,45261,1,Net Banking,Delivered,45261
102619,2023-04-20 02:00:00,7583,North,Clothing,Item_B,27619,2,Debit Card,Delivered,55238
102620,2023-04-20 03:00:00,8835,East,Clothing,Item_B,23946,7,Cash,Cancelled,167622
102621,2023-04-20 04:00:00,1006,South,Clothing,Item_E,13012,2,Net Banking,Delivered,26024
102622,2023-04-20 05:00:00,4267,Central,Electronics,Item_A,26886,1,Credit Card,Cancelled,26886
102623,2023-04-20 06:00:00,7564,West,Beauty,Item_C,36052,9,Debit Card,Cancelled,324468
102624,2023-04-20 07:00:00,5928,Central,Clothing,Item_B,2245,5,Credit Card,Returned,11225
102625,2023-04-20 08:00:00,3606,Central,Beauty,Item_E,25536,4,Credit Card,In Transit,102144
102626,2023-04-20 09:00:00,6906,West,Home & Kitchen,Item_E,49556,4,Credit Card,In Transit,198224
102627,2023-04-20 10:00:00,4273,West,Electronics,Item_B,46152,1,Credit Card,Cancelled,46152
102628,2023-04-20 11:00:00,8611,West,Clothing,Item_B,30660,3,UPI,Returned,91980
102629,2023-04-20 12:00:00,1913,South,Electronics,Item_A,47343,1,Cash,Cancelled,47343
102630,2023-04-20 13:00:00,3011,North,Electronics,Item_E,21868,5,UPI,Returned,109340
102631,2023-04-20 14:00:00,2442,North,Home & Kitchen,Item_E,34520,5,Debit Card,Returned,172600
102632,2023-04-20 15:00:00,6546,West,Beauty,Item_D,40784,9,UPI,In Transit,367056
102633,2023-04-20 16:00:00,2829,Central,Electronics,Item_A,32775,8,Debit Card,In Transit,262200
102634,2023-04-20 17:00:00,9767,East,Books,Item_B,33792,5,Net Banking,Returned,168960
102635,2023-04-20 18:00:00,7468,West,Home & Kitchen,Item_B,36716,5,Debit Card,In Transit,183580
102636,2023-04-20 19:00:00,1929,Central,Books,Item_C,5778,7,UPI,Returned,40446
102637,2023-04-20 20:00:00,4699,Central,Home & Kitchen,Item_B,38165,2,UPI,Delivered,76330
102638,2023-04-20 21:00:00,2054,South,Books,Item_E,41998,7,Debit Card,Cancelled,293986
102639,2023-04-20 22:00:00,6744,South,Books,Item_B,21279,1,UPI,In Transit,21279
102640,2023-04-20 23:00:00,2900,North,Electronics,Item_E,1137,5,Debit Card,Cancelled,5685
102641,2023-04-21 00:00:00,7980,North,Electronics,Item_E,7795,6,Credit Card,In Transit,46770
102642,2023-04-21 01:00:00,8069,East,Home & Kitchen,Item_A,624,1,Cash,Cancelled,624
102643,2023-04-21 02:00:00,4415,East,Beauty,Item_B,44470,9,Debit Card,Cancelled,400230
102644,2023-04-21 03:00:00,1442,East,Electronics,Item_A,3251,9,Credit Card,In Transit,29259
102645,2023-04-21 04:00:00,7218,East,Electronics,Item_E,35873,1,Credit Card,In Transit,35873
102646,2023-04-21 05:00:00,5652,Central,Clothing,Item_B,31542,4,Credit Card,In Transit,126168
102647,2023-04-21 06:00:00,8939,Central,Electronics,Item_B,12438,8,Credit Card,In Transit,99504
102648,2023-04-21 07:00:00,8833,North,Beauty,Item_A,27986,2,Debit Card,Returned,55972
102649,2023-04-21 08:00:00,8597,South,Clothing,Item_A,29868,8,UPI,In Transit,238944
102650,2023-04-21 09:00:00,5458,South,Books,Item_E,2894,9,Credit Card,In Transit,26046
102651,2023-04-21 10:00:00,7591,West,Books,Item_E,3795,9,Net Banking,In Transit,34155
102652,2023-04-21 11:00:00,3309,Central,Clothing,Item_B,1467,1,Credit Card,Delivered,1467
102653,2023-04-21 12:00:00,7268,East,Clothing,Item_B,621,9,UPI,Cancelled,5589
102654,2023-04-21 13:00:00,1910,East,Clothing,Item_D,19850,4,UPI,In Transit,79400
102655,2023-04-21 14:00:00,5340,West,Home & Kitchen,Item_D,7217,8,Cash,In Transit,57736
102656,2023-04-21 15:00:00,5009,South,Beauty,Item_C,10049,9,Cash,Cancelled,90441
102657,2023-04-21 16:00:00,7628,East,Beauty,Item_E,23713,3,Credit Card,Cancelled,71139
102658,2023-04-21 17:00:00,3169,South,Books,Item_C,49317,6,Credit Card,Returned,295902
102659,2023-04-21 18:00:00,3172,West,Books,Item_C,45099,3,Cash,Cancelled,135297
102660,2023-04-21 19:00:00,6668,South,Books,Item_A,41844,1,Credit Card,Cancelled,41844
102661,2023-04-21 20:00:00,7313,South,Electronics,Item_A,2426,6,Net Banking,Delivered,14556
102662,2023-04-21 21:00:00,9315,South,Books,Item_D,4588,5,Debit Card,Returned,22940
102663,2023-04-21 22:00:00,9036,East,Clothing,Item_C,2622,3,Cash,Delivered,7866
102664,2023-04-21 23:00:00,7789,North,Books,Item_D,40194,4,Cash,Cancelled,160776
102665,2023-04-22 00:00:00,1785,Central,Clothing,Item_E,9469,2,UPI,In Transit,18938
102666,2023-04-22 01:00:00,7139,South,Home & Kitchen,Item_B,12377,4,Credit Card,Returned,49508
102667,2023-04-22 02:00:00,7344,South,Electronics,Item_A,12232,4,Cash,Cancelled,48928
102668,2023-04-22 03:00:00,3416,South,Electronics,Item_E,44476,3,Cash,Cancelled,133428
102669,2023-04-22 04:00:00,9988,North,Beauty,Item_E,7516,6,Net Banking,In Transit,45096
102670,2023-04-22 05:00:00,5154,West,Home & Kitchen,Item_A,3043,1,Credit Card,In Transit,3043
102671,2023-04-22 06:00:00,6619,East,Clothing,Item_A,28215,9,Debit Card,In Transit,253935
102672,2023-04-22 07:00:00,2936,North,Home & Kitchen,Item_C,4311,3,Net Banking,Returned,12933
102673,2023-04-22 08:00:00,4807,South,Electronics,Item_D,45431,3,Debit Card,Delivered,136293
102674,2023-04-22 09:00:00,8151,North,Clothing,Item_E,22243,3,UPI,Returned,66729
102675,2023-04-22 10:00:00,4236,North,Home & Kitchen,Item_C,30301,7,Cash,In Transit,212107
102676,2023-04-22 11:00:00,3352,North,Electronics,Item_C,46746,8,Net Banking,Returned,373968
102677,2023-04-22 12:00:00,2932,West,Clothing,Item_E,37192,2,Debit Card,In Transit,74384
102678,2023-04-22 13:00:00,9556,Central,Clothing,Item_E,28070,1,Credit Card,Delivered,28070
102679,2023-04-22 14:00:00,5916,East,Electronics,Item_B,37947,5,UPI,Returned,189735
102680,2023-04-22 15:00:00,6498,West,Clothing,Item_D,49777,8,UPI,Delivered,398216
102681,2023-04-22 16:00:00,1946,West,Electronics,Item_E,35369,3,Cash,Delivered,106107
102682,2023-04-22 17:00:00,2439,Central,Books,Item_A,41909,6,Cash,In Transit,251454
102683,2023-04-22 18:00:00,8730,West,Books,Item_B,29615,3,Debit Card,Returned,88845
102684,2023-04-22 19:00:00,5857,North,Clothing,Item_D,15885,6,Debit Card,Returned,95310
102685,2023-04-22 20:00:00,1340,North,Clothing,Item_A,16163,4,UPI,Delivered,64652
102686,2023-04-22 21:00:00,1382,South,Electronics,Item_A,29898,7,Debit Card,In Transit,209286
102687,2023-04-22 22:00:00,9491,West,Clothing,Item_D,29350,1,Cash,Delivered,29350
102688,2023-04-22 23:00:00,1138,South,Beauty,Item_B,49395,1,UPI,Delivered,49395
102689,2023-04-23 00:00:00,1358,East,Books,Item_A,21626,5,UPI,Delivered,108130
102690,2023-04-23 01:00:00,5931,North,Clothing,Item_C,6235,9,Credit Card,Delivered,56115
102691,2023-04-23 02:00:00,4456,East,Clothing,Item_D,7271,5,Credit Card,Returned,36355
102692,2023-04-23 03:00:00,2627,Central,Home & Kitchen,Item_D,20778,4,Debit Card,Cancelled,83112
102693,2023-04-23 04:00:00,7626,North,Clothing,Item_E,28244,8,Debit Card,Returned,225952
102694,2023-04-23 05:00:00,6004,East,Beauty,Item_B,29042,5,Cash,In Transit,145210
102695,2023-04-23 06:00:00,7652,Central,Books,Item_C,16731,1,Cash,Cancelled,16731
102696,2023-04-23 07:00:00,7416,East,Home & Kitchen,Item_C,2370,7,Credit Card,Delivered,16590
102697,2023-04-23 08:00:00,4170,Central,Electronics,Item_E,24887,4,UPI,Returned,99548
102698,2023-04-23 09:00:00,4835,Central,Electronics,Item_A,38086,5,Net Banking,Cancelled,190430
102699,2023-04-23 10:00:00,9017,North,Books,Item_A,7497,6,Net Banking,Delivered,44982
102700,2023-04-23 11:00:00,3151,South,Electronics,Item_C,4363,7,Debit Card,Returned,30541
102701,2023-04-23 12:00:00,7905,Central,Beauty,Item_B,40994,2,Net Banking,Cancelled,81988
102702,2023-04-23 13:00:00,3834,Central,Clothing,Item_A,41987,1,Net Banking,Returned,41987
102703,2023-04-23 14:00:00,3567,North,Books,Item_D,42912,3,Credit Card,Cancelled,128736
102704,2023-04-23 15:00:00,2307,South,Home & Kitchen,Item_E,35907,1,UPI,In Transit,35907
102705,2023-04-23 16:00:00,9848,West,Clothing,Item_B,38695,4,Cash,Returned,154780
102706,2023-04-23 17:00:00,3660,West,Electronics,Item_A,44888,6,Credit Card,Returned,269328
102707,2023-04-23 18:00:00,4730,South,Electronics,Item_C,24648,5,Cash,Cancelled,123240
102708,2023-04-23 19:00:00,7207,East,Home & Kitchen,Item_E,3816,4,Credit Card,In Transit,15264
102709,2023-04-23 20:00:00,4162,North,Beauty,Item_A,38373,7,Credit Card,Returned,268611
102710,2023-04-23 21:00:00,2140,South,Home & Kitchen,Item_C,31948,6,Net Banking,In Transit,191688
102711,2023-04-23 22:00:00,9458,West,Books,Item_A,28499,3,Cash,In Transit,85497
102712,2023-04-23 23:00:00,2708,Central,Home & Kitchen,Item_E,43437,9,Credit Card,Returned,390933
102713,2023-04-24 00:00:00,4630,West,Electronics,Item_D,41319,5,Net Banking,Delivered,206595
102714,2023-04-24 01:00:00,4211,Central,Beauty,Item_D,11757,1,Debit Card,Cancelled,11757
102715,2023-04-24 02:00:00,7538,North,Beauty,Item_C,38848,6,Cash,Returned,233088
102716,2023-04-24 03:00:00,1475,Central,Home & Kitchen,Item_D,14296,5,Credit Card,In Transit,71480
102717,2023-04-24 04:00:00,8684,South,Books,Item_E,33981,8,Debit Card,Cancelled,271848
102718,2023-04-24 05:00:00,2207,Central,Electronics,Item_C,8943,4,Net Banking,Returned,35772
102719,2023-04-24 06:00:00,2960,East,Clothing,Item_A,7591,1,Credit Card,Cancelled,7591
102720,2023-04-24 07:00:00,1557,South,Beauty,Item_B,9555,2,Net Banking,Cancelled,19110
102721,2023-04-24 08:00:00,1882,North,Home & Kitchen,Item_A,5447,8,Net Banking,In Transit,43576
102722,2023-04-24 09:00:00,5761,South,Books,Item_E,40486,8,Net Banking,Delivered,323888
102723,2023-04-24 10:00:00,6867,East,Books,Item_C,6490,5,Cash,Delivered,32450
102724,2023-04-24 11:00:00,7963,North,Electronics,Item_A,34276,6,Debit Card,Cancelled,205656
102725,2023-04-24 12:00:00,8166,West,Beauty,Item_C,42652,2,Debit Card,In Transit,85304
102726,2023-04-24 13:00:00,8929,East,Electronics,Item_D,26017,9,UPI,In Transit,234153
102727,2023-04-24 14:00:00,6347,North,Clothing,Item_B,45691,6,Credit Card,Returned,274146
102728,2023-04-24 15:00:00,8269,Central,Clothing,Item_E,37795,9,Net Banking,Cancelled,340155
102729,2023-04-24 16:00:00,9125,South,Clothing,Item_A,33027,3,Credit Card,Returned,99081
102730,2023-04-24 17:00:00,3454,North,Books,Item_B,26409,6,Debit Card,In Transit,158454
102731,2023-04-24 18:00:00,5494,South,Beauty,Item_E,39954,5,Debit Card,Cancelled,199770
102732,2023-04-24 19:00:00,2946,Central,Electronics,Item_E,32318,9,Net Banking,Delivered,290862
102733,2023-04-24 20:00:00,3808,North,Electronics,Item_D,43611,1,Cash,Delivered,43611
102734,2023-04-24 21:00:00,7642,West,Clothing,Item_C,15416,9,Net Banking,Returned,138744
102735,2023-04-24 22:00:00,4825,East,Beauty,Item_C,8060,5,Net Banking,Cancelled,40300
102736,2023-04-24 23:00:00,4536,North,Beauty,Item_B,13625,1,UPI,In Transit,13625
102737,2023-04-25 00:00:00,7068,Central,Home & Kitchen,Item_D,14006,8,Cash,Returned,112048
102738,2023-04-25 01:00:00,4802,North,Beauty,Item_E,47918,7,Credit Card,Delivered,335426
102739,2023-04-25 02:00:00,5699,South,Beauty,Item_D,25111,6,Cash,In Transit,150666
102740,2023-04-25 03:00:00,2970,North,Electronics,Item_D,25606,2,Net Banking,Cancelled,51212
102741,2023-04-25 04:00:00,6806,West,Beauty,Item_B,34560,5,Net Banking,Delivered,172800
102742,2023-04-25 05:00:00,7142,North,Beauty,Item_C,14664,3,Net Banking,In Transit,43992
102743,2023-04-25 06:00:00,3819,East,Electronics,Item_D,30787,2,Net Banking,Delivered,61574
102744,2023-04-25 07:00:00,1364,North,Beauty,Item_D,39065,1,Net Banking,Cancelled,39065
102745,2023-04-25 08:00:00,5258,South,Electronics,Item_D,6658,9,Cash,Returned,59922
102746,2023-04-25 09:00:00,4119,North,Home & Kitchen,Item_A,9351,2,Net Banking,In Transit,18702
102747,2023-04-25 10:00:00,2863,West,Books,Item_D,37134,1,Debit Card,In Transit,37134
102748,2023-04-25 11:00:00,1115,Central,Electronics,Item_D,6688,7,Debit Card,Cancelled,46816
102749,2023-04-25 12:00:00,8084,North,Electronics,Item_E,24741,9,UPI,Delivered,222669
102750,2023-04-25 13:00:00,9016,North,Beauty,Item_A,22003,6,Credit Card,Delivered,132018
102751,2023-04-25 14:00:00,3384,East,Electronics,Item_D,43383,8,Debit Card,Delivered,347064
102752,2023-04-25 15:00:00,4935,West,Clothing,Item_D,44976,7,UPI,In Transit,314832
102753,2023-04-25 16:00:00,8742,Central,Clothing,Item_B,24918,9,Cash,In Transit,224262
102754,2023-04-25 17:00:00,6442,South,Home & Kitchen,Item_B,11370,7,Credit Card,Delivered,79590
102755,2023-04-25 18:00:00,3490,North,Electronics,Item_A,17630,6,Net Banking,In Transit,105780
102756,2023-04-25 19:00:00,7980,Central,Beauty,Item_E,47484,1,Net Banking,Returned,47484
102757,2023-04-25 20:00:00,8661,South,Beauty,Item_A,9460,9,Cash,Cancelled,85140
102758,2023-04-25 21:00:00,2724,West,Books,Item_A,7836,5,Credit Card,Cancelled,39180
102759,2023-04-25 22:00:00,9182,West,Home & Kitchen,Item_B,37155,2,Debit Card,In Transit,74310
102760,2023-04-25 23:00:00,3767,Central,Beauty,Item_B,36308,8,Credit Card,Returned,290464
102761,2023-04-26 00:00:00,2137,South,Books,Item_E,39145,4,UPI,Returned,156580
102762,2023-04-26 01:00:00,5117,West,Beauty,Item_D,16141,3,Cash,Delivered,48423
102763,2023-04-26 02:00:00,4420,Central,Books,Item_E,3635,1,Debit Card,Cancelled,3635
102764,2023-04-26 03:00:00,6845,West,Clothing,Item_D,28555,5,Credit Card,Cancelled,142775
102765,2023-04-26 04:00:00,5778,West,Clothing,Item_C,7500,3,Credit Card,Cancelled,22500
102766,2023-04-26 05:00:00,4906,West,Beauty,Item_B,45637,4,Debit Card,In Transit,182548
102767,2023-04-26 06:00:00,4637,East,Home & Kitchen,Item_C,22383,9,UPI,Returned,201447
102768,2023-04-26 07:00:00,3953,South,Electronics,Item_C,33933,7,UPI,Delivered,237531
102769,2023-04-26 08:00:00,6929,Central,Home & Kitchen,Item_B,7644,5,Credit Card,In Transit,38220
102770,2023-04-26 09:00:00,1276,Central,Home & Kitchen,Item_C,25955,8,Net Banking,Delivered,207640
102771,2023-04-26 10:00:00,2999,South,Electronics,Item_A,43594,6,Debit Card,In Transit,261564
102772,2023-04-26 11:00:00,2227,South,Clothing,Item_D,23262,2,UPI,Cancelled,46524
102773,2023-04-26 12:00:00,7337,South,Clothing,Item_E,14810,7,UPI,Delivered,103670
102774,2023-04-26 13:00:00,4735,South,Electronics,Item_B,700,1,UPI,Returned,700
102775,2023-04-26 14:00:00,1695,North,Books,Item_A,4754,3,Cash,Returned,14262
102776,2023-04-26 15:00:00,5152,Central,Home & Kitchen,Item_E,49401,1,Net Banking,In Transit,49401
102777,2023-04-26 16:00:00,8901,North,Beauty,Item_E,25745,1,UPI,Cancelled,25745
102778,2023-04-26 17:00:00,8470,West,Clothing,Item_E,46259,5,Net Banking,In Transit,231295
102779,2023-04-26 18:00:00,8537,West,Beauty,Item_C,6971,6,Credit Card,Delivered,41826
102780,2023-04-26 19:00:00,3841,Central,Electronics,Item_C,17699,3,Credit Card,Returned,53097
102781,2023-04-26 20:00:00,5208,West,Beauty,Item_C,4132,3,Cash,Returned,12396
102782,2023-04-26 21:00:00,9733,South,Beauty,Item_C,26255,3,Net Banking,Returned,78765
102783,2023-04-26 22:00:00,2088,North,Home & Kitchen,Item_A,37402,1,Debit Card,Returned,37402
102784,2023-04-26 23:00:00,4363,South,Electronics,Item_C,27900,5,Cash,Delivered,139500
102785,2023-04-27 00:00:00,1024,West,Beauty,Item_B,3767,1,UPI,Returned,3767
102786,2023-04-27 01:00:00,7144,North,Clothing,Item_E,1858,3,Credit Card,In Transit,5574
102787,2023-04-27 02:00:00,6668,South,Electronics,Item_A,43036,6,Credit Card,Returned,258216
102788,2023-04-27 03:00:00,5236,Central,Clothing,Item_C,47129,6,Debit Card,Delivered,282774
102789,2023-04-27 04:00:00,9068,South,Books,Item_E,40912,3,Cash,Cancelled,122736
102790,2023-04-27 05:00:00,3235,West,Beauty,Item_A,26827,9,Net Banking,Cancelled,241443
102791,2023-04-27 06:00:00,8295,North,Electronics,Item_E,38768,8,Credit Card,Returned,310144
102792,2023-04-27 07:00:00,9392,Central,Clothing,Item_A,20960,3,UPI,Cancelled,62880
102793,2023-04-27 08:00:00,9448,North,Beauty,Item_D,30185,5,Debit Card,Delivered,150925
102794,2023-04-27 09:00:00,4747,Central,Home & Kitchen,Item_A,14608,5,Debit Card,Returned,73040
102795,2023-04-27 10:00:00,4175,North,Clothing,Item_C,30032,5,Debit Card,Delivered,150160
102796,2023-04-27 11:00:00,5897,West,Clothing,Item_E,40985,3,UPI,Cancelled,122955
102797,2023-04-27 12:00:00,6037,Central,Books,Item_E,35783,5,Debit Card,Cancelled,178915
102798,2023-04-27 13:00:00,8427,East,Home & Kitchen,Item_E,33938,5,Net Banking,Returned,169690
102799,2023-04-27 14:00:00,9605,North,Books,Item_B,24404,4,Net Banking,Cancelled,97616
102800,2023-04-27 15:00:00,3014,North,Home & Kitchen,Item_B,13485,4,Cash,Returned,53940
102801,2023-04-27 16:00:00,2381,South,Clothing,Item_C,33175,2,Cash,Returned,66350
102802,2023-04-27 17:00:00,2098,Central,Books,Item_D,16843,9,Net Banking,In Transit,151587
102803,2023-04-27 18:00:00,4426,East,Beauty,Item_B,5225,7,UPI,In Transit,36575
102804,2023-04-27 19:00:00,4655,West,Home & Kitchen,Item_A,37326,1,Cash,In Transit,37326
102805,2023-04-27 20:00:00,8938,South,Clothing,Item_C,17088,5,Debit Card,Delivered,85440
102806,2023-04-27 21:00:00,1187,East,Electronics,Item_D,45458,2,Net Banking,Cancelled,90916
102807,2023-04-27 22:00:00,6409,Central,Home & Kitchen,Item_A,34727,6,Credit Card,Cancelled,208362
102808,2023-04-27 23:00:00,3092,East,Home & Kitchen,Item_E,24098,7,UPI,In Transit,168686
102809,2023-04-28 00:00:00,3130,North,Beauty,Item_B,47269,2,UPI,Returned,94538
102810,2023-04-28 01:00:00,6242,North,Home & Kitchen,Item_A,14587,6,Net Banking,Returned,87522
102811,2023-04-28 02:00:00,9549,South,Home & Kitchen,Item_D,46635,3,Credit Card,Returned,139905
102812,2023-04-28 03:00:00,6647,Central,Beauty,Item_C,3994,9,UPI,Returned,35946
102813,2023-04-28 04:00:00,6185,Central,Beauty,Item_A,3790,4,Cash,Delivered,15160
102814,2023-04-28 05:00:00,6776,East,Books,Item_C,14898,3,Credit Card,Cancelled,44694
102815,2023-04-28 06:00:00,8913,South,Clothing,Item_E,12532,3,Debit Card,In Transit,37596
102816,2023-04-28 07:00:00,8547,Central,Clothing,Item_D,39938,2,Cash,Delivered,79876
102817,2023-04-28 08:00:00,8823,North,Books,Item_D,9793,9,Credit Card,Cancelled,88137
102818,2023-04-28 09:00:00,8355,East,Clothing,Item_B,30307,8,Net Banking,Delivered,242456
102819,2023-04-28 10:00:00,7465,West,Home & Kitchen,Item_D,31690,5,UPI,Returned,158450
102820,2023-04-28 11:00:00,2497,North,Books,Item_A,36297,9,Cash,Delivered,326673
102821,2023-04-28 12:00:00,3555,South,Books,Item_A,11236,2,Net Banking,Delivered,22472
102822,2023-04-28 13:00:00,6409,Central,Clothing,Item_A,28761,6,Credit Card,Returned,172566
102823,2023-04-28 14:00:00,3951,North,Electronics,Item_E,14572,7,Debit Card,Returned,102004
102824,2023-04-28 15:00:00,2238,West,Clothing,Item_D,35060,6,UPI,In Transit,210360
102825,2023-04-28 16:00:00,5727,West,Electronics,Item_D,19551,3,UPI,In Transit,58653
102826,2023-04-28 17:00:00,4965,South,Books,Item_A,30527,9,Cash,Cancelled,274743
102827,2023-04-28 18:00:00,6686,North,Electronics,Item_B,18259,8,Net Banking,In Transit,146072
102828,2023-04-28 19:00:00,4701,East,Home & Kitchen,Item_B,27388,8,Credit Card,In Transit,219104
102829,2023-04-28 20:00:00,3780,North,Beauty,Item_D,33255,8,Credit Card,Cancelled,266040
102830,2023-04-28 21:00:00,8398,West,Electronics,Item_D,2516,9,Net Banking,Delivered,22644
102831,2023-04-28 22:00:00,2588,South,Beauty,Item_C,16459,1,UPI,Delivered,16459
102832,2023-04-28 23:00:00,3368,South,Home & Kitchen,Item_D,35806,8,Net Banking,Delivered,286448
102833,2023-04-29 00:00:00,6789,East,Beauty,Item_A,12029,2,Credit Card,Returned,24058
102834,2023-04-29 01:00:00,1436,South,Home & Kitchen,Item_E,8337,4,Net Banking,Cancelled,33348
102835,2023-04-29 02:00:00,3828,South,Beauty,Item_D,24702,1,UPI,Delivered,24702
102836,2023-04-29 03:00:00,2556,South,Beauty,Item_D,27404,6,Cash,In Transit,164424
102837,2023-04-29 04:00:00,8570,South,Clothing,Item_A,1465,1,UPI,In Transit,1465
102838,2023-04-29 05:00:00,8480,South,Electronics,Item_C,35951,5,Debit Card,In Transit,179755
102839,2023-04-29 06:00:00,1182,West,Beauty,Item_D,22485,9,Debit Card,Cancelled,202365
102840,2023-04-29 07:00:00,8190,North,Books,Item_B,24515,1,Net Banking,Cancelled,24515
102841,2023-04-29 08:00:00,7687,Central,Clothing,Item_B,47657,9,UPI,In Transit,428913
102842,2023-04-29 09:00:00,6565,South,Electronics,Item_B,47075,4,UPI,Returned,188300
102843,2023-04-29 10:00:00,8241,Central,Clothing,Item_E,41111,3,Credit Card,Returned,123333
102844,2023-04-29 11:00:00,8651,Central,Electronics,Item_E,40998,8,Cash,Delivered,327984
102845,2023-04-29 12:00:00,6575,West,Home & Kitchen,Item_D,46090,6,UPI,Delivered,276540
102846,2023-04-29 13:00:00,2589,South,Beauty,Item_D,43620,7,Net Banking,Delivered,305340
102847,2023-04-29 14:00:00,9851,Central,Books,Item_D,33579,9,Credit Card,Delivered,302211
102848,2023-04-29 15:00:00,1159,South,Clothing,Item_E,36491,5,Credit Card,Delivered,182455
102849,2023-04-29 16:00:00,7555,East,Clothing,Item_D,27352,2,Net Banking,Cancelled,54704
102850,2023-04-29 17:00:00,9244,East,Clothing,Item_A,5624,3,Net Banking,Cancelled,16872
102851,2023-04-29 18:00:00,7846,East,Clothing,Item_C,10139,3,UPI,Returned,30417
102852,2023-04-29 19:00:00,3307,Central,Beauty,Item_B,30453,4,UPI,Returned,121812
102853,2023-04-29 20:00:00,2228,East,Electronics,Item_B,34596,7,Credit Card,Cancelled,242172
102854,2023-04-29 21:00:00,8226,West,Beauty,Item_A,13376,6,Credit Card,Returned,80256
102855,2023-04-29 22:00:00,6590,West,Home & Kitchen,Item_D,8107,3,Cash,In Transit,24321
102856,2023-04-29 23:00:00,7919,Central,Beauty,Item_E,3572,7,Credit Card,Returned,25004
102857,2023-04-30 00:00:00,6585,South,Beauty,Item_D,27772,4,Net Banking,In Transit,111088
102858,2023-04-30 01:00:00,7046,North,Home & Kitchen,Item_D,24792,8,Net Banking,In Transit,198336
102859,2023-04-30 02:00:00,5945,South,Beauty,Item_B,13302,7,Cash,Delivered,93114
102860,2023-04-30 03:00:00,8927,South,Electronics,Item_B,42757,7,Debit Card,Returned,299299
102861,2023-04-30 04:00:00,8016,South,Books,Item_E,25842,9,Debit Card,In Transit,232578
102862,2023-04-30 05:00:00,8758,South,Home & Kitchen,Item_B,3339,8,Net Banking,Returned,26712
102863,2023-04-30 06:00:00,6086,North,Clothing,Item_D,11843,1,Debit Card,Returned,11843
102864,2023-04-30 07:00:00,8161,East,Electronics,Item_A,18843,7,Debit Card,Cancelled,131901
102865,2023-04-30 08:00:00,2884,South,Books,Item_E,35218,3,Cash,Cancelled,105654
102866,2023-04-30 09:00:00,2809,West,Electronics,Item_A,39089,4,Credit Card,Delivered,156356
102867,2023-04-30 10:00:00,4167,Central,Electronics,Item_D,28980,6,Credit Card,Returned,173880
102868,2023-04-30 11:00:00,7352,Central,Clothing,Item_E,41149,5,Debit Card,Cancelled,205745
102869,2023-04-30 12:00:00,7056,West,Books,Item_A,48271,8,UPI,In Transit,386168
102870,2023-04-30 13:00:00,3437,South,Electronics,Item_E,16867,2,Cash,In Transit,33734
102871,2023-04-30 14:00:00,7468,North,Clothing,Item_D,30832,5,Debit Card,Delivered,154160
102872,2023-04-30 15:00:00,6951,East,Home & Kitchen,Item_E,38693,5,UPI,In Transit,193465
102873,2023-04-30 16:00:00,6276,Central,Clothing,Item_D,48552,3,UPI,Returned,145656
102874,2023-04-30 17:00:00,9859,East,Beauty,Item_E,29608,5,Cash,In Transit,148040
102875,2023-04-30 18:00:00,8818,North,Clothing,Item_E,24502,4,Credit Card,Delivered,98008
102876,2023-04-30 19:00:00,5728,Central,Clothing,Item_B,21821,5,Net Banking,Delivered,109105
102877,2023-04-30 20:00:00,3624,East,Clothing,Item_D,13419,9,UPI,In Transit,120771
102878,2023-04-30 21:00:00,6738,North,Electronics,Item_C,41762,7,Net Banking,Returned,292334
102879,2023-04-30 22:00:00,5232,East,Books,Item_E,26139,1,Net Banking,Cancelled,26139
102880,2023-04-30 23:00:00,6793,South,Clothing,Item_A,47080,3,Cash,Returned,141240
102881,2023-05-01 00:00:00,5523,North,Clothing,Item_B,44512,9,Credit Card,Returned,400608
102882,2023-05-01 01:00:00,6571,East,Beauty,Item_B,37043,4,Cash,Returned,148172
102883,2023-05-01 02:00:00,3224,South,Beauty,Item_E,12978,4,UPI,In Transit,51912
102884,2023-05-01 03:00:00,9389,South,Home & Kitchen,Item_C,39130,6,Credit Card,Cancelled,234780
102885,2023-05-01 04:00:00,7091,North,Home & Kitchen,Item_B,30070,3,Debit Card,Returned,90210
102886,2023-05-01 05:00:00,9662,West,Beauty,Item_D,40604,3,Credit Card,Cancelled,121812
102887,2023-05-01 06:00:00,7361,Central,Books,Item_E,22321,9,Cash,Delivered,200889
102888,2023-05-01 07:00:00,2948,North,Home & Kitchen,Item_E,40970,5,Cash,Cancelled,204850
102889,2023-05-01 08:00:00,8094,South,Books,Item_C,46421,7,Net Banking,In Transit,324947
102890,2023-05-01 09:00:00,7318,South,Beauty,Item_D,30358,5,Debit Card,Delivered,151790
102891,2023-05-01 10:00:00,4796,North,Home & Kitchen,Item_D,23656,6,Credit Card,Delivered,141936
102892,2023-05-01 11:00:00,1234,West,Clothing,Item_C,47601,8,Debit Card,Returned,380808
102893,2023-05-01 12:00:00,4607,Central,Beauty,Item_A,13192,8,Net Banking,Cancelled,105536
102894,2023-05-01 13:00:00,9043,East,Home & Kitchen,Item_D,45094,2,Debit Card,Delivered,90188
102895,2023-05-01 14:00:00,1522,North,Books,Item_A,25590,9,Debit Card,Delivered,230310
102896,2023-05-01 15:00:00,6904,Central,Books,Item_A,46058,6,Credit Card,Cancelled,276348
102897,2023-05-01 16:00:00,5888,Central,Home & Kitchen,Item_E,16956,7,Debit Card,Cancelled,118692
102898,2023-05-01 17:00:00,6832,South,Books,Item_E,22171,3,Net Banking,Delivered,66513
102899,2023-05-01 18:00:00,8122,East,Home & Kitchen,Item_B,7271,4,UPI,Delivered,29084
102900,2023-05-01 19:00:00,6842,North,Home & Kitchen,Item_E,27774,6,UPI,Cancelled,166644
102901,2023-05-01 20:00:00,2316,South,Books,Item_D,46717,7,Cash,In Transit,327019
102902,2023-05-01 21:00:00,2124,South,Electronics,Item_D,19475,6,UPI,Cancelled,116850
102903,2023-05-01 22:00:00,6621,West,Clothing,Item_A,44951,5,Credit Card,In Transit,224755
102904,2023-05-01 23:00:00,6423,Central,Beauty,Item_D,6786,2,Cash,Delivered,13572
102905,2023-05-02 00:00:00,3587,North,Clothing,Item_E,19903,7,UPI,Returned,139321
102906,2023-05-02 01:00:00,6672,North,Beauty,Item_E,26965,5,UPI,Cancelled,134825
102907,2023-05-02 02:00:00,2378,North,Beauty,Item_E,10841,9,Cash,Delivered,97569
102908,2023-05-02 03:00:00,4374,South,Clothing,Item_C,36935,4,Credit Card,Delivered,147740
102909,2023-05-02 04:00:00,2519,West,Home & Kitchen,Item_D,1022,2,Cash,Returned,2044
102910,2023-05-02 05:00:00,6777,East,Books,Item_B,33189,7,Credit Card,Cancelled,232323
102911,2023-05-02 06:00:00,8935,South,Electronics,Item_D,39848,7,Credit Card,Delivered,278936
102912,2023-05-02 07:00:00,7093,East,Electronics,Item_D,12329,1,Net Banking,In Transit,12329
102913,2023-05-02 08:00:00,9418,West,Electronics,Item_C,15743,5,UPI,Returned,78715
102914,2023-05-02 09:00:00,6355,Central,Clothing,Item_D,26163,3,UPI,In Transit,78489
102915,2023-05-02 10:00:00,5968,North,Clothing,Item_A,36856,9,Debit Card,Cancelled,331704
102916,2023-05-02 11:00:00,6574,East,Home & Kitchen,Item_E,29865,9,Cash,In Transit,268785
102917,2023-05-02 12:00:00,5072,South,Electronics,Item_E,13699,7,Net Banking,Returned,95893
102918,2023-05-02 13:00:00,3257,East,Home & Kitchen,Item_C,10552,9,UPI,Delivered,94968
102919,2023-05-02 14:00:00,9588,Central,Electronics,Item_E,19854,2,Debit Card,Returned,39708
102920,2023-05-02 15:00:00,5424,North,Clothing,Item_A,10317,8,Net Banking,Delivered,82536
102921,2023-05-02 16:00:00,4237,East,Books,Item_C,21277,1,Credit Card,Delivered,21277
102922,2023-05-02 17:00:00,4893,Central,Books,Item_B,45740,3,UPI,In Transit,137220
102923,2023-05-02 18:00:00,3005,South,Books,Item_E,4193,8,Cash,Returned,33544
102924,2023-05-02 19:00:00,3016,West,Books,Item_D,19182,8,Net Banking,Returned,153456
102925,2023-05-02 20:00:00,2772,South,Beauty,Item_A,34634,8,Debit Card,Delivered,277072
102926,2023-05-02 21:00:00,9353,North,Electronics,Item_A,16512,7,Cash,Returned,115584
102927,2023-05-02 22:00:00,4976,South,Books,Item_E,44241,2,Credit Card,Cancelled,88482
102928,2023-05-02 23:00:00,2751,South,Beauty,Item_B,14538,3,Cash,Cancelled,43614
102929,2023-05-03 00:00:00,9967,South,Beauty,Item_D,30373,9,Debit Card,In Transit,273357
102930,2023-05-03 01:00:00,8430,South,Beauty,Item_B,37725,2,Credit Card,In Transit,75450
102931,2023-05-03 02:00:00,8170,North,Home & Kitchen,Item_B,26890,7,Debit Card,Returned,188230
102932,2023-05-03 03:00:00,7469,Central,Home & Kitchen,Item_E,27528,1,UPI,In Transit,27528
102933,2023-05-03 04:00:00,4220,East,Beauty,Item_D,11560,3,Debit Card,Returned,34680
102934,2023-05-03 05:00:00,1539,West,Books,Item_E,39083,1,Cash,In Transit,39083
102935,2023-05-03 06:00:00,2461,East,Electronics,Item_E,38405,6,UPI,Cancelled,230430
102936,2023-05-03 07:00:00,6184,East,Clothing,Item_A,22825,4,UPI,Delivered,91300
102937,2023-05-03 08:00:00,9547,West,Home & Kitchen,Item_E,42240,1,Net Banking,Delivered,42240
102938,2023-05-03 09:00:00,1234,North,Books,Item_C,45094,5,Cash,Cancelled,225470
102939,2023-05-03 10:00:00,2548,West,Books,Item_D,32050,4,Cash,Delivered,128200
102940,2023-05-03 11:00:00,8480,North,Clothing,Item_A,16671,2,Credit Card,Returned,33342
102941,2023-05-03 12:00:00,5213,East,Clothing,Item_D,40083,7,Debit Card,Returned,280581
102942,2023-05-03 13:00:00,2673,North,Books,Item_A,27476,8,Debit Card,Cancelled,219808
102943,2023-05-03 14:00:00,7708,Central,Clothing,Item_C,2903,4,Cash,Cancelled,11612
102944,2023-05-03 15:00:00,8982,West,Books,Item_E,11351,9,Debit Card,Cancelled,102159
102945,2023-05-03 16:00:00,3100,Central,Clothing,Item_A,27198,3,Cash,Cancelled,81594
102946,2023-05-03 17:00:00,4748,East,Clothing,Item_A,4347,6,UPI,Delivered,26082
102947,2023-05-03 18:00:00,4173,West,Books,Item_A,34715,7,Debit Card,Delivered,243005
102948,2023-05-03 19:00:00,2815,East,Beauty,Item_C,8432,7,Debit Card,Delivered,59024
102949,2023-05-03 20:00:00,4841,Central,Books,Item_D,15351,6,Cash,Returned,92106
102950,2023-05-03 21:00:00,9016,East,Electronics,Item_C,10530,9,Cash,In Transit,94770
102951,2023-05-03 22:00:00,8011,West,Clothing,Item_A,49390,1,Credit Card,Returned,49390
102952,2023-05-03 23:00:00,5493,West,Home & Kitchen,Item_A,11476,9,Debit Card,In Transit,103284
102953,2023-05-04 00:00:00,1674,East,Clothing,Item_E,18735,9,Net Banking,Cancelled,168615
102954,2023-05-04 01:00:00,9088,West,Electronics,Item_C,36905,4,Cash,Cancelled,147620
102955,2023-05-04 02:00:00,9578,West,Home & Kitchen,Item_C,39854,5,Net Banking,Delivered,199270
102956,2023-05-04 03:00:00,3158,East,Home & Kitchen,Item_B,43250,3,UPI,Delivered,129750
102957,2023-05-04 04:00:00,3661,Central,Books,Item_D,33176,7,UPI,In Transit,232232
102958,2023-05-04 05:00:00,3064,West,Beauty,Item_B,799,2,Net Banking,In Transit,1598
102959,2023-05-04 06:00:00,4253,West,Books,Item_B,3909,8,UPI,Delivered,31272
102960,2023-05-04 07:00:00,5979,West,Home & Kitchen,Item_D,24310,9,Net Banking,Cancelled,218790
102961,2023-05-04 08:00:00,8703,West,Home & Kitchen,Item_E,49565,6,Credit Card,Delivered,297390
102962,2023-05-04 09:00:00,9931,East,Beauty,Item_E,5923,9,Credit Card,Cancelled,53307
102963,2023-05-04 10:00:00,2401,Central,Clothing,Item_D,46972,6,UPI,Cancelled,281832
102964,2023-05-04 11:00:00,4259,Central,Beauty,Item_D,42736,3,Net Banking,Returned,128208
102965,2023-05-04 12:00:00,4923,North,Books,Item_C,27594,3,Net Banking,Returned,82782
102966,2023-05-04 13:00:00,5214,West,Clothing,Item_C,10516,2,Net Banking,In Transit,21032
102967,2023-05-04 14:00:00,4227,West,Books,Item_C,22822,5,UPI,Cancelled,114110
102968,2023-05-04 15:00:00,3745,North,Beauty,Item_C,25044,4,Net Banking,Delivered,100176
102969,2023-05-04 16:00:00,7091,Central,Clothing,Item_A,40940,6,Cash,Cancelled,245640
102970,2023-05-04 17:00:00,4866,South,Beauty,Item_A,21362,5,Net Banking,In Transit,106810
102971,2023-05-04 18:00:00,6818,South,Electronics,Item_E,29033,6,Cash,Cancelled,174198
102972,2023-05-04 19:00:00,3222,Central,Home & Kitchen,Item_A,17406,4,Credit Card,Cancelled,69624
102973,2023-05-04 20:00:00,3792,West,Clothing,Item_A,24701,3,Cash,In Transit,74103
102974,2023-05-04 21:00:00,5063,South,Home & Kitchen,Item_C,48514,1,Credit Card,Cancelled,48514
102975,2023-05-04 22:00:00,2524,East,Electronics,Item_C,10491,5,UPI,Returned,52455
102976,2023-05-04 23:00:00,9224,East,Clothing,Item_D,44762,6,Credit Card,In Transit,268572
102977,2023-05-05 00:00:00,7198,North,Home & Kitchen,Item_C,11859,5,Credit Card,Returned,59295
102978,2023-05-05 01:00:00,5025,Central,Home & Kitchen,Item_D,25426,5,Net Banking,In Transit,127130
102979,2023-05-05 02:00:00,3566,Central,Clothing,Item_D,40951,6,Debit Card,Cancelled,245706
102980,2023-05-05 03:00:00,3803,South,Home & Kitchen,Item_A,6700,4,Credit Card,Returned,26800
102981,2023-05-05 04:00:00,4709,West,Home & Kitchen,Item_C,1834,4,Cash,Returned,7336
102982,2023-05-05 05:00:00,7155,Central,Clothing,Item_A,14259,8,UPI,Delivered,114072
102983,2023-05-05 06:00:00,1719,South,Home & Kitchen,Item_C,5014,8,Cash,Returned,40112
102984,2023-05-05 07:00:00,7516,South,Home & Kitchen,Item_A,4276,3,UPI,Returned,12828
102985,2023-05-05 08:00:00,5579,Central,Books,Item_A,41358,7,Cash,Cancelled,289506
102986,2023-05-05 09:00:00,1972,South,Books,Item_A,38410,5,Credit Card,Returned,192050
102987,2023-05-05 10:00:00,4718,North,Electronics,Item_E,26131,5,Debit Card,Returned,130655
102988,2023-05-05 11:00:00,8395,North,Books,Item_A,32207,3,Credit Card,Returned,96621
102989,2023-05-05 12:00:00,5402,Central,Books,Item_B,22944,2,Net Banking,Cancelled,45888
102990,2023-05-05 13:00:00,5552,West,Electronics,Item_B,30596,3,Cash,In Transit,91788
102991,2023-05-05 14:00:00,3207,North,Home & Kitchen,Item_B,23283,7,Debit Card,Cancelled,162981
102992,2023-05-05 15:00:00,5426,North,Home & Kitchen,Item_D,36473,3,Cash,Returned,109419
102993,2023-05-05 16:00:00,7919,Central,Books,Item_A,25476,2,Net Banking,In Transit,50952
102994,2023-05-05 17:00:00,9835,East,Electronics,Item_B,702,4,Net Banking,Cancelled,2808
102995,2023-05-05 18:00:00,9386,South,Home & Kitchen,Item_D,12956,5,Net Banking,Cancelled,64780
102996,2023-05-05 19:00:00,9680,North,Beauty,Item_B,14462,7,Credit Card,In Transit,101234
102997,2023-05-05 20:00:00,3204,East,Clothing,Item_C,49109,1,Credit Card,Delivered,49109
102998,2023-05-05 21:00:00,6345,West,Clothing,Item_E,10805,8,Debit Card,Returned,86440
102999,2023-05-05 22:00:00,4276,East,Clothing,Item_A,40907,3,Net Banking,Delivered,122721
103000,2023-05-05 23:00:00,2102,Central,Books,Item_E,22616,6,Credit Card,Returned,135696
103001,2023-05-06 00:00:00,6243,West,Clothing,Item_E,37687,4,UPI,Returned,150748
103002,2023-05-06 01:00:00,7614,West,Clothing,Item_C,40716,5,UPI,Delivered,203580
103003,2023-05-06 02:00:00,9707,East,Beauty,Item_C,27743,6,Credit Card,Delivered,166458
103004,2023-05-06 03:00:00,6223,Central,Home & Kitchen,Item_C,31480,2,Debit Card,Returned,62960
103005,2023-05-06 04:00:00,9584,North,Beauty,Item_D,3070,3,Cash,In Transit,9210
103006,2023-05-06 05:00:00,1630,East,Books,Item_B,4958,8,Net Banking,In Transit,39664
103007,2023-05-06 06:00:00,7683,North,Clothing,Item_A,46006,8,Credit Card,Delivered,368048
103008,2023-05-06 07:00:00,1277,East,Home & Kitchen,Item_C,38936,1,Debit Card,Delivered,38936
103009,2023-05-06 08:00:00,1232,North,Clothing,Item_A,11859,8,Cash,Cancelled,94872
103010,2023-05-06 09:00:00,6690,East,Clothing,Item_A,49734,2,Debit Card,In Transit,99468
103011,2023-05-06 10:00:00,8659,West,Books,Item_A,40758,8,Cash,In Transit,326064
103012,2023-05-06 11:00:00,1025,South,Clothing,Item_C,9785,5,UPI,Returned,48925
103013,2023-05-06 12:00:00,8468,West,Electronics,Item_C,28103,1,Cash,Cancelled,28103
103014,2023-05-06 13:00:00,7410,North,Home & Kitchen,Item_B,37239,8,UPI,Returned,297912
103015,2023-05-06 14:00:00,9652,Central,Home & Kitchen,Item_C,4523,5,Net Banking,Cancelled,22615
103016,2023-05-06 15:00:00,4764,West,Electronics,Item_C,27170,1,Credit Card,In Transit,27170
103017,2023-05-06 16:00:00,7599,South,Books,Item_A,35006,4,UPI,Returned,140024
103018,2023-05-06 17:00:00,6102,North,Clothing,Item_B,48945,1,Debit Card,Cancelled,48945
103019,2023-05-06 18:00:00,8006,West,Clothing,Item_E,5661,9,Cash,Returned,50949
103020,2023-05-06 19:00:00,4483,East,Home & Kitchen,Item_C,41031,2,Debit Card,Cancelled,82062
103021,2023-05-06 20:00:00,2994,Central,Books,Item_C,34230,8,UPI,Delivered,273840
103022,2023-05-06 21:00:00,9682,North,Books,Item_E,5931,4,Debit Card,Returned,23724
103023,2023-05-06 22:00:00,2072,West,Books,Item_A,21700,9,Cash,Delivered,195300
103024,2023-05-06 23:00:00,7707,North,Clothing,Item_B,10103,2,Credit Card,Cancelled,20206
103025,2023-05-07 00:00:00,1215,East,Books,Item_A,33317,3,Debit Card,Returned,99951
103026,2023-05-07 01:00:00,8605,South,Electronics,Item_D,28802,2,Net Banking,Cancelled,57604
103027,2023-05-07 02:00:00,3606,West,Beauty,Item_C,31374,5,Cash,Cancelled,156870
103028,2023-05-07 03:00:00,9350,North,Books,Item_D,33408,1,Cash,Delivered,33408
103029,2023-05-07 04:00:00,5781,North,Beauty,Item_C,19392,3,Net Banking,Returned,58176
103030,2023-05-07 05:00:00,4313,North,Clothing,Item_D,14099,1,UPI,In Transit,14099
103031,2023-05-07 06:00:00,8763,South,Books,Item_E,19146,8,Net Banking,Cancelled,153168
103032,2023-05-07 07:00:00,6939,North,Home & Kitchen,Item_C,3352,4,UPI,Delivered,13408
103033,2023-05-07 08:00:00,3295,Central,Clothing,Item_C,26160,3,Credit Card,In Transit,78480
103034,2023-05-07 09:00:00,6685,Central,Electronics,Item_D,10447,8,UPI,Delivered,83576
103035,2023-05-07 10:00:00,2696,North,Electronics,Item_B,31006,9,Credit Card,Delivered,279054
103036,2023-05-07 11:00:00,2946,Central,Beauty,Item_D,25773,8,Credit Card,Delivered,206184
103037,2023-05-07 12:00:00,3783,West,Beauty,Item_C,42582,6,Net Banking,Cancelled,255492
103038,2023-05-07 13:00:00,4644,Central,Home & Kitchen,Item_C,49425,3,Credit Card,In Transit,148275
103039,2023-05-07 14:00:00,6241,North,Home & Kitchen,Item_B,26238,8,UPI,Cancelled,209904
103040,2023-05-07 15:00:00,7420,East,Electronics,Item_A,27970,5,Debit Card,Cancelled,139850
103041,2023-05-07 16:00:00,8557,West,Books,Item_B,7149,5,Cash,Returned,35745
103042,2023-05-07 17:00:00,3645,South,Electronics,Item_A,2405,9,Cash,In Transit,21645
103043,2023-05-07 18:00:00,7589,North,Electronics,Item_C,18055,1,UPI,Returned,18055
103044,2023-05-07 19:00:00,7353,South,Home & Kitchen,Item_E,19764,7,Debit Card,Delivered,138348
103045,2023-05-07 20:00:00,2932,East,Beauty,Item_E,13333,8,Credit Card,In Transit,106664
103046,2023-05-07 21:00:00,2757,South,Home & Kitchen,Item_D,18314,3,UPI,In Transit,54942
103047,2023-05-07 22:00:00,6085,North,Home & Kitchen,Item_B,33003,8,Credit Card,Cancelled,264024
103048,2023-05-07 23:00:00,6637,North,Home & Kitchen,Item_B,29985,1,Net Banking,Delivered,29985
103049,2023-05-08 00:00:00,2116,East,Electronics,Item_E,38502,8,Debit Card,Cancelled,308016
103050,2023-05-08 01:00:00,1492,North,Books,Item_A,23745,7,Cash,Returned,166215
103051,2023-05-08 02:00:00,9811,East,Electronics,Item_B,40977,4,UPI,Delivered,163908
103052,2023-05-08 03:00:00,8888,East,Clothing,Item_A,11152,7,Cash,Cancelled,78064
103053,2023-05-08 04:00:00,7474,North,Home & Kitchen,Item_A,2735,7,Credit Card,Cancelled,19145
103054,2023-05-08 05:00:00,5958,Central,Home & Kitchen,Item_A,24921,1,Credit Card,Cancelled,24921
103055,2023-05-08 06:00:00,3743,East,Clothing,Item_A,5163,3,Net Banking,Delivered,15489
103056,2023-05-08 07:00:00,8866,North,Home & Kitchen,Item_D,12907,7,Credit Card,Returned,90349
103057,2023-05-08 08:00:00,8160,Central,Home & Kitchen,Item_D,13060,5,Credit Card,In Transit,65300
103058,2023-05-08 09:00:00,6451,East,Home & Kitchen,Item_E,14447,9,Cash,Cancelled,130023
103059,2023-05-08 10:00:00,6258,Central,Clothing,Item_D,17610,7,Cash,Delivered,123270
103060,2023-05-08 11:00:00,9548,West,Electronics,Item_B,17870,3,UPI,In Transit,53610
103061,2023-05-08 12:00:00,8186,West,Home & Kitchen,Item_D,19430,1,UPI,Cancelled,19430
103062,2023-05-08 13:00:00,7102,Central,Books,Item_B,41480,5,Credit Card,Delivered,207400
103063,2023-05-08 14:00:00,1619,East,Clothing,Item_B,24358,5,Debit Card,Returned,121790
103064,2023-05-08 15:00:00,1882,North,Beauty,Item_A,14087,7,UPI,Cancelled,98609
103065,2023-05-08 16:00:00,9988,South,Clothing,Item_E,35261,1,Credit Card,Delivered,35261
103066,2023-05-08 17:00:00,4642,North,Electronics,Item_A,49828,2,Cash,Cancelled,99656
103067,2023-05-08 18:00:00,2296,South,Clothing,Item_A,24010,6,Net Banking,Delivered,144060
103068,2023-05-08 19:00:00,9436,South,Beauty,Item_D,44324,8,Cash,Returned,354592
103069,2023-05-08 20:00:00,3895,East,Books,Item_D,42986,4,Cash,Returned,171944
103070,2023-05-08 21:00:00,7593,Central,Beauty,Item_B,25558,3,Net Banking,Delivered,76674
103071,2023-05-08 22:00:00,1929,North,Clothing,Item_D,45788,3,Cash,In Transit,137364
103072,2023-05-08 23:00:00,6366,Central,Beauty,Item_D,16133,3,UPI,Returned,48399
103073,2023-05-09 00:00:00,9711,West,Clothing,Item_C,30234,2,Cash,Cancelled,60468
103074,2023-05-09 01:00:00,4212,East,Books,Item_B,2147,1,Net Banking,Returned,2147
103075,2023-05-09 02:00:00,3409,East,Books,Item_B,19915,5,Credit Card,Cancelled,99575
103076,2023-05-09 03:00:00,9199,West,Electronics,Item_C,31156,5,Credit Card,Returned,155780
103077,2023-05-09 04:00:00,4423,North,Books,Item_B,21844,5,Credit Card,Returned,109220
103078,2023-05-09 05:00:00,7976,West,Home & Kitchen,Item_E,15510,4,Net Banking,Cancelled,62040
103079,2023-05-09 06:00:00,8594,North,Beauty,Item_E,22650,3,Net Banking,Returned,67950
103080,2023-05-09 07:00:00,6158,South,Beauty,Item_C,16503,3,UPI,Cancelled,49509
103081,2023-05-09 08:00:00,4667,East,Clothing,Item_D,47982,2,Net Banking,Cancelled,95964
103082,2023-05-09 09:00:00,6973,North,Books,Item_E,24231,5,Credit Card,Returned,121155
103083,2023-05-09 10:00:00,7236,Central,Electronics,Item_C,29450,4,Net Banking,Returned,117800
103084,2023-05-09 11:00:00,9277,Central,Electronics,Item_E,22053,6,Debit Card,Cancelled,132318
103085,2023-05-09 12:00:00,3468,East,Electronics,Item_A,18177,2,Cash,Delivered,36354
103086,2023-05-09 13:00:00,7217,West,Home & Kitchen,Item_C,42907,2,UPI,Returned,85814
103087,2023-05-09 14:00:00,4619,West,Books,Item_B,14665,8,Credit Card,In Transit,117320
103088,2023-05-09 15:00:00,2636,North,Electronics,Item_E,10425,6,Credit Card,Returned,62550
103089,2023-05-09 16:00:00,9155,West,Home & Kitchen,Item_B,40672,3,Debit Card,Delivered,122016
103090,2023-05-09 17:00:00,4583,East,Beauty,Item_C,16840,5,UPI,Delivered,84200
103091,2023-05-09 18:00:00,5009,North,Clothing,Item_E,31735,3,Cash,Returned,95205
103092,2023-05-09 19:00:00,4326,South,Books,Item_B,39480,2,UPI,Returned,78960
103093,2023-05-09 20:00:00,9148,West,Books,Item_D,3191,3,UPI,In Transit,9573
103094,2023-05-09 21:00:00,3217,West,Beauty,Item_D,18001,1,Credit Card,Returned,18001
103095,2023-05-09 22:00:00,5967,North,Books,Item_A,24344,7,Net Banking,Delivered,170408
103096,2023-05-09 23:00:00,3369,Central,Books,Item_C,8165,6,Cash,In Transit,48990
103097,2023-05-10 00:00:00,4638,West,Books,Item_B,13930,5,UPI,Returned,69650
103098,2023-05-10 01:00:00,6722,East,Books,Item_A,29753,6,Debit Card,In Transit,178518
103099,2023-05-10 02:00:00,5444,West,Home & Kitchen,Item_C,8501,8,Credit Card,In Transit,68008
103100,2023-05-10 03:00:00,8618,South,Home & Kitchen,Item_D,19136,3,Net Banking,Delivered,57408
103101,2023-05-10 04:00:00,4947,West,Clothing,Item_B,42217,3,Net Banking,Delivered,126651
103102,2023-05-10 05:00:00,2676,Central,Books,Item_E,14355,5,Credit Card,Cancelled,71775
103103,2023-05-10 06:00:00,2196,West,Beauty,Item_D,21317,5,UPI,Delivered,106585
103104,2023-05-10 07:00:00,3787,North,Electronics,Item_E,49048,1,Credit Card,Cancelled,49048
103105,2023-05-10 08:00:00,8432,West,Clothing,Item_E,2242,4,Net Banking,Delivered,8968
103106,2023-05-10 09:00:00,8927,Central,Electronics,Item_B,18765,9,Net Banking,Delivered,168885
103107,2023-05-10 10:00:00,4318,North,Electronics,Item_B,47802,8,Debit Card,Cancelled,382416
103108,2023-05-10 11:00:00,9858,East,Books,Item_E,37460,3,Debit Card,Cancelled,112380
103109,2023-05-10 12:00:00,7689,North,Beauty,Item_A,36526,5,Net Banking,Cancelled,182630
103110,2023-05-10 13:00:00,3176,South,Electronics,Item_E,42781,5,Debit Card,In Transit,213905
103111,2023-05-10 14:00:00,4743,North,Electronics,Item_E,3858,7,Debit Card,Cancelled,27006
103112,2023-05-10 15:00:00,9792,East,Clothing,Item_B,16519,8,Debit Card,In Transit,132152
103113,2023-05-10 16:00:00,5422,West,Beauty,Item_C,19278,9,Net Banking,In Transit,173502
103114,2023-05-10 17:00:00,4824,North,Beauty,Item_D,36852,7,UPI,Cancelled,257964
103115,2023-05-10 18:00:00,3451,North,Electronics,Item_B,37748,2,UPI,Cancelled,75496
103116,2023-05-10 19:00:00,1628,North,Beauty,Item_A,19868,8,Cash,Cancelled,158944
103117,2023-05-10 20:00:00,8778,North,Clothing,Item_D,38920,8,Debit Card,Delivered,311360
103118,2023-05-10 21:00:00,4696,East,Clothing,Item_B,40485,2,UPI,Delivered,80970
103119,2023-05-10 22:00:00,4674,Central,Clothing,Item_B,22746,6,Cash,Cancelled,136476
103120,2023-05-10 23:00:00,4929,Central,Books,Item_C,38074,1,Credit Card,Returned,38074
103121,2023-05-11 00:00:00,3765,North,Electronics,Item_A,37365,7,Debit Card,Cancelled,261555
103122,2023-05-11 01:00:00,5369,East,Beauty,Item_A,29098,2,UPI,Returned,58196
103123,2023-05-11 02:00:00,9307,East,Clothing,Item_B,30107,5,UPI,Delivered,150535
103124,2023-05-11 03:00:00,5956,North,Electronics,Item_C,45611,7,UPI,Delivered,319277
103125,2023-05-11 04:00:00,1692,South,Electronics,Item_B,29572,9,Cash,Returned,266148
103126,2023-05-11 05:00:00,4162,North,Books,Item_E,15022,1,Credit Card,Delivered,15022
103127,2023-05-11 06:00:00,2105,South,Beauty,Item_E,19976,9,Debit Card,Cancelled,179784
103128,2023-05-11 07:00:00,4008,North,Beauty,Item_C,32606,5,UPI,Returned,163030
103129,2023-05-11 08:00:00,3161,South,Clothing,Item_B,10662,6,Net Banking,Returned,63972
103130,2023-05-11 09:00:00,9345,South,Clothing,Item_C,36679,8,Debit Card,In Transit,293432
103131,2023-05-11 10:00:00,4699,North,Electronics,Item_B,34554,2,Net Banking,Delivered,69108
103132,2023-05-11 11:00:00,4786,South,Beauty,Item_B,42374,7,Cash,Returned,296618
103133,2023-05-11 12:00:00,5200,West,Beauty,Item_E,40106,4,UPI,Returned,160424
103134,2023-05-11 13:00:00,2913,Central,Clothing,Item_D,7862,9,Debit Card,Returned,70758
103135,2023-05-11 14:00:00,6520,East,Home & Kitchen,Item_A,7604,6,Debit Card,Delivered,45624
103136,2023-05-11 15:00:00,2772,South,Electronics,Item_A,46301,7,UPI,Returned,324107
103137,2023-05-11 16:00:00,3780,South,Beauty,Item_C,42805,6,Credit Card,Returned,256830
103138,2023-05-11 17:00:00,8423,East,Books,Item_A,9742,8,Cash,Cancelled,77936
103139,2023-05-11 18:00:00,3871,South,Books,Item_E,16104,6,UPI,Cancelled,96624
103140,2023-05-11 19:00:00,1660,East,Home & Kitchen,Item_D,27974,7,Debit Card,In Transit,195818
103141,2023-05-11 20:00:00,7242,North,Clothing,Item_B,8756,8,Credit Card,Returned,70048
103142,2023-05-11 21:00:00,2132,West,Clothing,Item_B,46323,1,Debit Card,Delivered,46323
103143,2023-05-11 22:00:00,1699,West,Clothing,Item_E,13006,4,Net Banking,In Transit,52024
103144,2023-05-11 23:00:00,8470,Central,Books,Item_A,42786,6,Debit Card,In Transit,256716
103145,2023-05-12 00:00:00,7297,South,Clothing,Item_B,15064,1,Cash,In Transit,15064
103146,2023-05-12 01:00:00,8812,Central,Books,Item_A,30216,4,UPI,Returned,120864
103147,2023-05-12 02:00:00,5557,North,Home & Kitchen,Item_E,33949,6,Debit Card,In Transit,203694
103148,2023-05-12 03:00:00,3179,West,Electronics,Item_B,43196,7,Net Banking,Delivered,302372
103149,2023-05-12 04:00:00,9275,North,Beauty,Item_C,36520,6,Net Banking,Cancelled,219120
103150,2023-05-12 05:00:00,2422,North,Home & Kitchen,Item_D,17505,4,UPI,Cancelled,70020
103151,2023-05-12 06:00:00,4180,South,Books,Item_A,12138,7,Net Banking,Returned,84966
103152,2023-05-12 07:00:00,5316,North,Home & Kitchen,Item_A,16518,2,UPI,Delivered,33036
103153,2023-05-12 08:00:00,7696,West,Beauty,Item_A,20579,6,Cash,Delivered,123474
103154,2023-05-12 09:00:00,1614,Central,Electronics,Item_A,38020,5,UPI,Delivered,190100
103155,2023-05-12 10:00:00,5570,West,Beauty,Item_E,5606,2,Credit Card,Returned,11212
103156,2023-05-12 11:00:00,1270,South,Books,Item_E,20861,9,Net Banking,Delivered,187749
103157,2023-05-12 12:00:00,3468,West,Beauty,Item_E,18058,7,Net Banking,Cancelled,126406
103158,2023-05-12 13:00:00,4607,East,Home & Kitchen,Item_E,31016,3,Debit Card,Delivered,93048
103159,2023-05-12 14:00:00,4075,Central,Clothing,Item_B,13050,7,Credit Card,Delivered,91350
103160,2023-05-12 15:00:00,1289,East,Home & Kitchen,Item_E,12801,6,Debit Card,Returned,76806
103161,2023-05-12 16:00:00,9120,East,Books,Item_B,40066,7,UPI,In Transit,280462
103162,2023-05-12 17:00:00,7614,South,Electronics,Item_C,26844,4,Cash,In Transit,107376
103163,2023-05-12 18:00:00,4252,North,Beauty,Item_E,27628,8,Net Banking,Returned,221024
103164,2023-05-12 19:00:00,8415,East,Electronics,Item_C,39687,8,Cash,Returned,317496
103165,2023-05-12 20:00:00,7771,West,Books,Item_E,48824,7,UPI,Returned,341768
103166,2023-05-12 21:00:00,1278,North,Beauty,Item_C,41562,7,UPI,Returned,290934
103167,2023-05-12 22:00:00,1580,West,Home & Kitchen,Item_D,33580,8,Credit Card,Delivered,268640
103168,2023-05-12 23:00:00,5958,West,Home & Kitchen,Item_C,7486,1,Debit Card,Delivered,7486
103169,2023-05-13 00:00:00,9445,North,Books,Item_B,10268,6,Net Banking,In Transit,61608
103170,2023-05-13 01:00:00,5276,North,Beauty,Item_A,10005,2,Net Banking,Returned,20010
103171,2023-05-13 02:00:00,8997,West,Home & Kitchen,Item_C,3217,1,Cash,Returned,3217
103172,2023-05-13 03:00:00,5776,South,Books,Item_A,21372,7,Credit Card,Delivered,149604
103173,2023-05-13 04:00:00,1824,Central,Books,Item_D,10126,6,UPI,Returned,60756
103174,2023-05-13 05:00:00,4832,Central,Electronics,Item_D,44708,5,Credit Card,Cancelled,223540
103175,2023-05-13 06:00:00,9891,South,Home & Kitchen,Item_B,23686,5,Net Banking,Delivered,118430
103176,2023-05-13 07:00:00,6445,North,Beauty,Item_B,30597,9,Debit Card,Cancelled,275373
103177,2023-05-13 08:00:00,2380,West,Home & Kitchen,Item_C,29711,9,Cash,Delivered,267399
103178,2023-05-13 09:00:00,7534,Central,Home & Kitchen,Item_E,43540,6,UPI,Delivered,261240
103179,2023-05-13 10:00:00,4156,West,Home & Kitchen,Item_D,49205,3,UPI,Delivered,147615
103180,2023-05-13 11:00:00,5307,South,Books,Item_A,10202,7,UPI,In Transit,71414
103181,2023-05-13 12:00:00,6634,West,Clothing,Item_E,48786,4,Debit Card,In Transit,195144
103182,2023-05-13 13:00:00,9575,South,Clothing,Item_D,3401,5,Net Banking,Delivered,17005
103183,2023-05-13 14:00:00,6810,North,Electronics,Item_C,33720,7,Net Banking,Delivered,236040
103184,2023-05-13 15:00:00,9533,South,Home & Kitchen,Item_D,27248,7,Credit Card,Delivered,190736
103185,2023-05-13 16:00:00,6934,South,Clothing,Item_B,30330,8,Credit Card,Delivered,242640
103186,2023-05-13 17:00:00,4109,Central,Electronics,Item_A,40524,1,Net Banking,Returned,40524
103187,2023-05-13 18:00:00,5082,West,Books,Item_A,1541,5,UPI,Returned,7705
103188,2023-05-13 19:00:00,4240,Central,Home & Kitchen,Item_B,14181,9,Debit Card,Returned,127629
103189,2023-05-13 20:00:00,7028,East,Beauty,Item_E,8896,7,Net Banking,In Transit,62272
103190,2023-05-13 21:00:00,2849,South,Books,Item_B,14725,2,Debit Card,Cancelled,29450
103191,2023-05-13 22:00:00,9497,East,Electronics,Item_A,26745,1,Cash,Delivered,26745
103192,2023-05-13 23:00:00,3749,Central,Books,Item_C,28825,8,UPI,Returned,230600
103193,2023-05-14 00:00:00,7680,West,Beauty,Item_E,5765,9,Cash,Returned,51885
103194,2023-05-14 01:00:00,1205,Central,Books,Item_D,15147,5,Net Banking,Returned,75735
103195,2023-05-14 02:00:00,8352,West,Electronics,Item_C,30277,6,Credit Card,Delivered,181662
103196,2023-05-14 03:00:00,5591,West,Beauty,Item_E,40898,2,Net Banking,Delivered,81796
103197,2023-05-14 04:00:00,4450,North,Beauty,Item_A,6717,5,Cash,Cancelled,33585
103198,2023-05-14 05:00:00,8214,South,Books,Item_A,14487,4,Debit Card,In Transit,57948
103199,2023-05-14 06:00:00,4811,Central,Beauty,Item_C,12029,8,Net Banking,Cancelled,96232
103200,2023-05-14 07:00:00,6141,West,Books,Item_E,2622,8,Credit Card,Delivered,20976
103201,2023-05-14 08:00:00,9501,Central,Home & Kitchen,Item_D,29260,5,Cash,Cancelled,146300
103202,2023-05-14 09:00:00,3708,Central,Beauty,Item_D,46928,8,Net Banking,Returned,375424
103203,2023-05-14 10:00:00,2991,West,Books,Item_B,41833,6,Cash,Cancelled,250998
103204,2023-05-14 11:00:00,9463,East,Home & Kitchen,Item_C,6185,6,Cash,Returned,37110
103205,2023-05-14 12:00:00,4273,South,Beauty,Item_E,39915,4,UPI,Cancelled,159660
103206,2023-05-14 13:00:00,5538,South,Home & Kitchen,Item_C,13990,3,Debit Card,Returned,41970
103207,2023-05-14 14:00:00,9712,North,Beauty,Item_D,47707,9,UPI,Cancelled,429363
103208,2023-05-14 15:00:00,4722,North,Electronics,Item_E,25368,5,Cash,In Transit,126840
103209,2023-05-14 16:00:00,4551,North,Electronics,Item_A,24219,4,Credit Card,Cancelled,96876
103210,2023-05-14 17:00:00,3832,South,Books,Item_A,43939,6,Credit Card,Delivered,263634
103211,2023-05-14 18:00:00,6679,East,Clothing,Item_E,3868,4,UPI,Delivered,15472
103212,2023-05-14 19:00:00,7579,South,Electronics,Item_C,10944,6,Credit Card,Returned,65664
103213,2023-05-14 20:00:00,1152,South,Clothing,Item_C,28954,8,Cash,Delivered,231632
103214,2023-05-14 21:00:00,6754,South,Home & Kitchen,Item_A,19722,8,Net Banking,Returned,157776
103215,2023-05-14 22:00:00,3800,South,Home & Kitchen,Item_A,4709,6,Cash,In Transit,28254
103216,2023-05-14 23:00:00,6310,East,Clothing,Item_D,2700,1,Net Banking,Delivered,2700
103217,2023-05-15 00:00:00,3610,North,Books,Item_E,10104,1,Credit Card,Delivered,10104
103218,2023-05-15 01:00:00,2104,Central,Beauty,Item_C,27121,3,Debit Card,Returned,81363
103219,2023-05-15 02:00:00,8361,North,Clothing,Item_D,16883,2,Debit Card,In Transit,33766
103220,2023-05-15 03:00:00,5199,North,Clothing,Item_C,12616,1,Cash,In Transit,12616
103221,2023-05-15 04:00:00,4854,Central,Clothing,Item_A,15033,1,Cash,Cancelled,15033
103222,2023-05-15 05:00:00,8263,South,Clothing,Item_E,18490,6,Credit Card,Returned,110940
103223,2023-05-15 06:00:00,2914,East,Clothing,Item_B,35453,7,Debit Card,Returned,248171
103224,2023-05-15 07:00:00,8365,East,Books,Item_E,14203,8,Debit Card,In Transit,113624
103225,2023-05-15 08:00:00,4072,North,Electronics,Item_B,40427,3,Cash,Returned,121281
103226,2023-05-15 09:00:00,1406,Central,Beauty,Item_D,6320,1,Debit Card,Delivered,6320
103227,2023-05-15 10:00:00,1166,West,Electronics,Item_B,41453,5,Cash,Delivered,207265
103228,2023-05-15 11:00:00,1508,South,Clothing,Item_B,14451,8,UPI,Delivered,115608
103229,2023-05-15 12:00:00,2661,North,Electronics,Item_D,22686,4,Debit Card,Returned,90744
103230,2023-05-15 13:00:00,4664,East,Books,Item_E,28534,2,Net Banking,Cancelled,57068
103231,2023-05-15 14:00:00,4489,Central,Home & Kitchen,Item_D,6372,9,Credit Card,Cancelled,57348
103232,2023-05-15 15:00:00,1680,Central,Electronics,Item_A,22906,9,Cash,In Transit,206154
103233,2023-05-15 16:00:00,3524,North,Beauty,Item_A,18672,3,Debit Card,Returned,56016
103234,2023-05-15 17:00:00,3120,West,Books,Item_B,21895,7,Debit Card,In Transit,153265
103235,2023-05-15 18:00:00,6260,East,Home & Kitchen,Item_D,39455,1,Cash,Returned,39455
103236,2023-05-15 19:00:00,5357,North,Books,Item_D,42932,8,Net Banking,Cancelled,343456
103237,2023-05-15 20:00:00,2363,West,Clothing,Item_D,11255,8,Debit Card,Delivered,90040
103238,2023-05-15 21:00:00,3292,Central,Home & Kitchen,Item_E,32916,3,UPI,Returned,98748
103239,2023-05-15 22:00:00,2538,South,Beauty,Item_C,7080,5,Credit Card,Cancelled,35400
103240,2023-05-15 23:00:00,4408,East,Home & Kitchen,Item_C,29149,4,Cash,Cancelled,116596
103241,2023-05-16 00:00:00,8742,East,Beauty,Item_C,20010,7,Debit Card,Cancelled,140070
103242,2023-05-16 01:00:00,9752,West,Clothing,Item_E,728,7,Credit Card,Delivered,5096
103243,2023-05-16 02:00:00,2903,North,Beauty,Item_D,43293,8,Cash,Cancelled,346344
103244,2023-05-16 03:00:00,1174,Central,Books,Item_C,18508,5,Cash,In Transit,92540
103245,2023-05-16 04:00:00,3230,West,Electronics,Item_D,23044,5,Cash,Cancelled,115220
103246,2023-05-16 05:00:00,5287,South,Books,Item_B,22560,8,Net Banking,Cancelled,180480
103247,2023-05-16 06:00:00,5160,South,Books,Item_C,22605,5,UPI,Returned,113025
103248,2023-05-16 07:00:00,8106,South,Home & Kitchen,Item_B,17446,1,Cash,Returned,17446
103249,2023-05-16 08:00:00,4171,West,Clothing,Item_E,27992,3,Net Banking,Returned,83976
103250,2023-05-16 09:00:00,2567,Central,Electronics,Item_A,43522,2,Cash,Cancelled,87044
103251,2023-05-16 10:00:00,2151,East,Beauty,Item_E,20904,5,Cash,Cancelled,104520
103252,2023-05-16 11:00:00,8619,North,Home & Kitchen,Item_E,48381,8,Net Banking,In Transit,387048
103253,2023-05-16 12:00:00,7033,East,Clothing,Item_E,30789,9,UPI,Delivered,277101
103254,2023-05-16 13:00:00,9560,Central,Electronics,Item_C,22636,9,Credit Card,Cancelled,203724
103255,2023-05-16 14:00:00,5946,East,Books,Item_B,47095,1,Debit Card,Delivered,47095
103256,2023-05-16 15:00:00,9234,West,Clothing,Item_C,24843,1,Cash,Cancelled,24843
103257,2023-05-16 16:00:00,2907,South,Clothing,Item_A,18226,1,UPI,Delivered,18226
103258,2023-05-16 17:00:00,4490,Central,Clothing,Item_E,15893,1,Debit Card,Returned,15893
103259,2023-05-16 18:00:00,3535,Central,Books,Item_D,9412,9,Cash,Cancelled,84708
103260,2023-05-16 19:00:00,5173,East,Beauty,Item_A,38164,1,Debit Card,In Transit,38164
103261,2023-05-16 20:00:00,2293,West,Home & Kitchen,Item_B,14050,7,Net Banking,Delivered,98350
103262,2023-05-16 21:00:00,5769,East,Beauty,Item_A,39967,6,UPI,Returned,239802
103263,2023-05-16 22:00:00,5796,East,Electronics,Item_C,7522,9,UPI,In Transit,67698
103264,2023-05-16 23:00:00,7871,Central,Home & Kitchen,Item_D,36111,9,Credit Card,Returned,324999
103265,2023-05-17 00:00:00,3972,East,Electronics,Item_C,46780,4,Credit Card,Cancelled,187120
103266,2023-05-17 01:00:00,4922,South,Books,Item_E,30587,9,Debit Card,In Transit,275283
103267,2023-05-17 02:00:00,5997,East,Beauty,Item_E,5878,6,Net Banking,Delivered,35268
103268,2023-05-17 03:00:00,8032,South,Clothing,Item_A,1582,5,Debit Card,Delivered,7910
103269,2023-05-17 04:00:00,1992,Central,Home & Kitchen,Item_E,21980,9,Cash,In Transit,197820
103270,2023-05-17 05:00:00,9112,West,Clothing,Item_E,27706,7,UPI,Delivered,193942
103271,2023-05-17 06:00:00,6287,South,Electronics,Item_B,42496,9,Debit Card,Returned,382464
103272,2023-05-17 07:00:00,3240,West,Clothing,Item_B,32048,5,Debit Card,In Transit,160240
103273,2023-05-17 08:00:00,2476,West,Clothing,Item_C,40082,4,UPI,Delivered,160328
103274,2023-05-17 09:00:00,7426,South,Books,Item_C,42402,3,UPI,Returned,127206
103275,2023-05-17 10:00:00,1389,Central,Books,Item_B,1905,5,Credit Card,Delivered,9525
103276,2023-05-17 11:00:00,1999,North,Beauty,Item_A,6197,9,Credit Card,Returned,55773
103277,2023-05-17 12:00:00,2855,West,Electronics,Item_B,22647,3,UPI,Cancelled,67941
103278,2023-05-17 13:00:00,9125,West,Books,Item_C,40930,1,Debit Card,Returned,40930
103279,2023-05-17 14:00:00,9850,Central,Books,Item_D,44359,2,Cash,Delivered,88718
103280,2023-05-17 15:00:00,3763,Central,Beauty,Item_E,14735,5,Debit Card,Returned,73675
103281,2023-05-17 16:00:00,4663,East,Home & Kitchen,Item_D,24680,3,Cash,Delivered,74040
103282,2023-05-17 17:00:00,5986,Central,Beauty,Item_D,31251,6,UPI,In Transit,187506
103283,2023-05-17 18:00:00,2481,West,Clothing,Item_E,12329,8,Cash,In Transit,98632
103284,2023-05-17 19:00:00,8256,South,Clothing,Item_B,30985,6,Credit Card,Cancelled,185910
103285,2023-05-17 20:00:00,4731,North,Books,Item_A,29602,9,UPI,Returned,266418
103286,2023-05-17 21:00:00,8262,East,Books,Item_D,41727,6,Net Banking,Cancelled,250362
103287,2023-05-17 22:00:00,1451,South,Beauty,Item_A,2904,5,Cash,In Transit,14520
103288,2023-05-17 23:00:00,4093,North,Beauty,Item_C,27227,4,Cash,Returned,108908
103289,2023-05-18 00:00:00,1882,North,Electronics,Item_D,5925,2,Net Banking,Returned,11850
103290,2023-05-18 01:00:00,5408,North,Clothing,Item_C,25423,6,Net Banking,Cancelled,152538
103291,2023-05-18 02:00:00,5068,South,Beauty,Item_B,26969,2,UPI,Cancelled,53938
103292,2023-05-18 03:00:00,4277,East,Home & Kitchen,Item_D,27584,5,Debit Card,Returned,137920
103293,2023-05-18 04:00:00,9566,East,Electronics,Item_C,32345,1,Net Banking,Returned,32345
103294,2023-05-18 05:00:00,8951,North,Beauty,Item_C,33092,3,Cash,Returned,99276
103295,2023-05-18 06:00:00,5690,South,Books,Item_B,42697,5,Net Banking,Cancelled,213485
103296,2023-05-18 07:00:00,5595,North,Beauty,Item_A,30227,7,UPI,Delivered,211589
103297,2023-05-18 08:00:00,5559,Central,Books,Item_A,12967,8,UPI,In Transit,103736
103298,2023-05-18 09:00:00,8291,East,Books,Item_D,21681,7,Cash,In Transit,151767
103299,2023-05-18 10:00:00,9160,West,Clothing,Item_B,37775,7,Cash,Cancelled,264425
103300,2023-05-18 11:00:00,1112,North,Clothing,Item_D,18554,2,Cash,Returned,37108
103301,2023-05-18 12:00:00,6131,Central,Beauty,Item_A,48977,6,Debit Card,In Transit,293862
103302,2023-05-18 13:00:00,4197,East,Beauty,Item_B,19346,5,Cash,In Transit,96730
103303,2023-05-18 14:00:00,1139,South,Home & Kitchen,Item_E,22101,9,UPI,In Transit,198909
103304,2023-05-18 15:00:00,2424,East,Electronics,Item_B,3301,4,UPI,In Transit,13204
103305,2023-05-18 16:00:00,3949,South,Electronics,Item_B,28927,7,Net Banking,Returned,202489
103306,2023-05-18 17:00:00,4168,South,Beauty,Item_E,34622,8,Cash,Cancelled,276976
103307,2023-05-18 18:00:00,9708,North,Clothing,Item_C,16715,6,Debit Card,Returned,100290
103308,2023-05-18 19:00:00,7043,North,Home & Kitchen,Item_C,25006,3,Credit Card,Returned,75018
103309,2023-05-18 20:00:00,7989,East,Electronics,Item_C,33362,5,Net Banking,In Transit,166810
103310,2023-05-18 21:00:00,8236,Central,Beauty,Item_A,40287,1,Debit Card,In Transit,40287
103311,2023-05-18 22:00:00,7261,East,Clothing,Item_B,3773,8,Cash,Returned,30184
103312,2023-05-18 23:00:00,1887,West,Clothing,Item_E,42141,2,Debit Card,Returned,84282
103313,2023-05-19 00:00:00,4104,South,Clothing,Item_A,40074,7,Credit Card,Returned,280518
103314,2023-05-19 01:00:00,1049,South,Books,Item_E,25708,9,Debit Card,Delivered,231372
103315,2023-05-19 02:00:00,4951,North,Clothing,Item_A,26185,1,Credit Card,In Transit,26185
103316,2023-05-19 03:00:00,4560,Central,Beauty,Item_A,44115,4,Credit Card,Cancelled,176460
103317,2023-05-19 04:00:00,1018,North,Home & Kitchen,Item_A,5260,7,Credit Card,Cancelled,36820
103318,2023-05-19 05:00:00,5821,West,Beauty,Item_E,49294,9,Debit Card,Cancelled,443646
103319,2023-05-19 06:00:00,7340,East,Clothing,Item_D,45810,2,Cash,Delivered,91620
103320,2023-05-19 07:00:00,9058,East,Home & Kitchen,Item_A,11133,2,UPI,Delivered,22266
103321,2023-05-19 08:00:00,3606,Central,Electronics,Item_C,6832,6,UPI,Cancelled,40992
103322,2023-05-19 09:00:00,8846,North,Electronics,Item_B,39723,3,Debit Card,Cancelled,119169
103323,2023-05-19 10:00:00,9643,North,Beauty,Item_D,44098,4,Cash,Cancelled,176392
103324,2023-05-19 11:00:00,7432,West,Home & Kitchen,Item_D,23173,3,UPI,Returned,69519
103325,2023-05-19 12:00:00,4765,East,Beauty,Item_E,5789,1,Credit Card,In Transit,5789
103326,2023-05-19 13:00:00,3438,North,Home & Kitchen,Item_D,11812,6,Debit Card,Delivered,70872
103327,2023-05-19 14:00:00,7358,Central,Home & Kitchen,Item_E,47811,2,Debit Card,Delivered,95622
103328,2023-05-19 15:00:00,9319,East,Beauty,Item_E,19088,2,Net Banking,Returned,38176
103329,2023-05-19 16:00:00,6941,West,Home & Kitchen,Item_C,19617,7,Net Banking,Delivered,137319
103330,2023-05-19 17:00:00,8644,Central,Clothing,Item_A,12215,5,Net Banking,Cancelled,61075
103331,2023-05-19 18:00:00,5855,South,Home & Kitchen,Item_D,45640,8,Cash,Delivered,365120
103332,2023-05-19 19:00:00,7547,West,Home & Kitchen,Item_A,35944,2,Debit Card,Returned,71888
103333,2023-05-19 20:00:00,8196,Central,Beauty,Item_A,18055,8,Net Banking,In Transit,144440
103334,2023-05-19 21:00:00,6911,North,Electronics,Item_A,12091,7,Debit Card,Cancelled,84637
103335,2023-05-19 22:00:00,7481,South,Books,Item_E,27962,8,Credit Card,Delivered,223696
103336,2023-05-19 23:00:00,3761,West,Home & Kitchen,Item_A,6795,3,Net Banking,Cancelled,20385
103337,2023-05-20 00:00:00,5456,North,Books,Item_D,46372,8,Debit Card,In Transit,370976
103338,2023-05-20 01:00:00,7361,South,Home & Kitchen,Item_E,28757,6,Cash,Delivered,172542
103339,2023-05-20 02:00:00,6693,East,Beauty,Item_D,45793,2,Cash,Cancelled,91586
103340,2023-05-20 03:00:00,6788,North,Beauty,Item_E,22136,6,Cash,Returned,132816
103341,2023-05-20 04:00:00,1201,Central,Home & Kitchen,Item_B,18481,5,Net Banking,Returned,92405
103342,2023-05-20 05:00:00,7160,West,Beauty,Item_B,2392,3,Cash,In Transit,7176
103343,2023-05-20 06:00:00,1517,South,Beauty,Item_B,45232,1,UPI,In Transit,45232
103344,2023-05-20 07:00:00,8737,North,Home & Kitchen,Item_B,34059,7,Credit Card,In Transit,238413
103345,2023-05-20 08:00:00,2988,East,Electronics,Item_E,43061,2,Debit Card,Delivered,86122
103346,2023-05-20 09:00:00,4802,West,Home & Kitchen,Item_A,35146,1,UPI,In Transit,35146
103347,2023-05-20 10:00:00,6808,West,Electronics,Item_C,46560,1,Net Banking,Delivered,46560
103348,2023-05-20 11:00:00,8162,North,Beauty,Item_C,32509,7,Debit Card,Cancelled,227563
103349,2023-05-20 12:00:00,7241,East,Electronics,Item_B,41672,1,Debit Card,Returned,41672
103350,2023-05-20 13:00:00,9399,South,Beauty,Item_A,35655,9,Cash,Cancelled,320895
103351,2023-05-20 14:00:00,6633,North,Electronics,Item_D,28872,6,Debit Card,Returned,173232
103352,2023-05-20 15:00:00,6755,South,Electronics,Item_A,3956,4,Debit Card,In Transit,15824
103353,2023-05-20 16:00:00,7309,West,Home & Kitchen,Item_D,39029,4,Credit Card,Cancelled,156116
103354,2023-05-20 17:00:00,5117,South,Electronics,Item_C,41591,5,Net Banking,Cancelled,207955
103355,2023-05-20 18:00:00,9345,East,Beauty,Item_A,23118,2,UPI,In Transit,46236
103356,2023-05-20 19:00:00,2518,Central,Home & Kitchen,Item_A,4694,5,Cash,Cancelled,23470
103357,2023-05-20 20:00:00,7163,East,Electronics,Item_C,34247,2,Credit Card,Delivered,68494
103358,2023-05-20 21:00:00,3600,South,Home & Kitchen,Item_A,6738,4,UPI,Returned,26952
103359,2023-05-20 22:00:00,3195,North,Books,Item_D,2421,5,UPI,In Transit,12105
103360,2023-05-20 23:00:00,4554,West,Home & Kitchen,Item_A,5364,6,Credit Card,Delivered,32184
103361,2023-05-21 00:00:00,3849,Central,Books,Item_D,33822,6,Cash,Delivered,202932
103362,2023-05-21 01:00:00,2742,North,Books,Item_B,36180,9,Net Banking,In Transit,325620
103363,2023-05-21 02:00:00,2306,North,Home & Kitchen,Item_A,19352,4,Credit Card,Cancelled,77408
103364,2023-05-21 03:00:00,4849,East,Beauty,Item_D,14585,5,Credit Card,Returned,72925
103365,2023-05-21 04:00:00,8519,South,Beauty,Item_C,23812,6,Credit Card,Delivered,142872
103366,2023-05-21 05:00:00,5195,East,Beauty,Item_B,12730,4,Cash,Cancelled,50920
103367,2023-05-21 06:00:00,6178,South,Clothing,Item_A,3540,6,Credit Card,In Transit,21240
103368,2023-05-21 07:00:00,3555,East,Books,Item_D,23324,2,Credit Card,In Transit,46648
103369,2023-05-21 08:00:00,3305,North,Home & Kitchen,Item_A,42779,7,Debit Card,Returned,299453
103370,2023-05-21 09:00:00,8619,West,Beauty,Item_D,33243,3,Debit Card,In Transit,99729
103371,2023-05-21 10:00:00,3642,South,Beauty,Item_A,12495,4,Debit Card,Returned,49980
103372,2023-05-21 11:00:00,7409,Central,Home & Kitchen,Item_B,20447,9,Debit Card,In Transit,184023
103373,2023-05-21 12:00:00,5757,Central,Books,Item_B,914,5,Credit Card,In Transit,4570
103374,2023-05-21 13:00:00,3994,North,Home & Kitchen,Item_A,39022,9,Debit Card,Delivered,351198
103375,2023-05-21 14:00:00,9751,East,Clothing,Item_A,1009,6,UPI,Cancelled,6054
103376,2023-05-21 15:00:00,2271,East,Clothing,Item_E,30344,8,Net Banking,Delivered,242752
103377,2023-05-21 16:00:00,2813,North,Home & Kitchen,Item_A,46183,5,Debit Card,Returned,230915
103378,2023-05-21 17:00:00,9801,Central,Books,Item_A,20562,5,Cash,Delivered,102810
103379,2023-05-21 18:00:00,3461,Central,Beauty,Item_B,42021,3,Net Banking,In Transit,126063
103380,2023-05-21 19:00:00,5120,East,Clothing,Item_A,236,7,UPI,In Transit,1652
103381,2023-05-21 20:00:00,7124,South,Clothing,Item_C,32602,2,Net Banking,Cancelled,65204
103382,2023-05-21 21:00:00,9475,West,Books,Item_A,24698,3,Net Banking,Returned,74094
103383,2023-05-21 22:00:00,5396,South,Clothing,Item_E,28587,2,UPI,In Transit,57174
103384,2023-05-21 23:00:00,1816,Central,Clothing,Item_D,10473,8,Debit Card,Cancelled,83784
103385,2023-05-22 00:00:00,8304,South,Books,Item_B,25230,4,UPI,Cancelled,100920
103386,2023-05-22 01:00:00,8331,West,Home & Kitchen,Item_C,45467,8,Cash,In Transit,363736
103387,2023-05-22 02:00:00,1082,South,Beauty,Item_D,11603,8,UPI,In Transit,92824
103388,2023-05-22 03:00:00,2920,South,Beauty,Item_C,15237,8,Credit Card,Returned,121896
103389,2023-05-22 04:00:00,8817,South,Clothing,Item_B,19239,8,Credit Card,Cancelled,153912
103390,2023-05-22 05:00:00,3093,South,Beauty,Item_E,14217,8,Net Banking,Cancelled,113736
103391,2023-05-22 06:00:00,8071,North,Home & Kitchen,Item_B,17565,9,Debit Card,Cancelled,158085
103392,2023-05-22 07:00:00,8967,Central,Clothing,Item_C,47664,2,Debit Card,Returned,95328
103393,2023-05-22 08:00:00,9367,West,Beauty,Item_C,39415,9,Credit Card,Cancelled,354735
103394,2023-05-22 09:00:00,6285,Central,Electronics,Item_B,12783,8,Cash,Delivered,102264
103395,2023-05-22 10:00:00,5937,North,Electronics,Item_A,33119,1,UPI,Delivered,33119
103396,2023-05-22 11:00:00,1369,North,Electronics,Item_B,47225,5,UPI,Cancelled,236125
103397,2023-05-22 12:00:00,2818,North,Electronics,Item_E,44454,2,UPI,Delivered,88908
103398,2023-05-22 13:00:00,3101,North,Electronics,Item_B,46475,5,Cash,Delivered,232375
103399,2023-05-22 14:00:00,4490,South,Clothing,Item_D,9714,8,Cash,Returned,77712
103400,2023-05-22 15:00:00,2779,Central,Books,Item_A,38616,9,UPI,Cancelled,347544
103401,2023-05-22 16:00:00,8674,East,Books,Item_D,1711,9,UPI,Returned,15399
103402,2023-05-22 17:00:00,2364,West,Clothing,Item_B,18842,1,Cash,Cancelled,18842
103403,2023-05-22 18:00:00,8294,North,Clothing,Item_A,16815,7,UPI,In Transit,117705
103404,2023-05-22 19:00:00,4676,Central,Home & Kitchen,Item_D,31789,8,Cash,Delivered,254312
103405,2023-05-22 20:00:00,3426,North,Books,Item_D,24425,3,Net Banking,Returned,73275
103406,2023-05-22 21:00:00,9264,North,Electronics,Item_A,21046,6,Credit Card,Returned,126276
103407,2023-05-22 22:00:00,9089,North,Clothing,Item_A,29352,3,Credit Card,In Transit,88056
103408,2023-05-22 23:00:00,3962,North,Electronics,Item_C,40717,9,Cash,In Transit,366453
103409,2023-05-23 00:00:00,1859,North,Books,Item_A,771,3,UPI,Delivered,2313
103410,2023-05-23 01:00:00,5138,West,Beauty,Item_B,26388,2,Credit Card,Delivered,52776
103411,2023-05-23 02:00:00,3424,Central,Beauty,Item_E,45200,9,Debit Card,Cancelled,406800
103412,2023-05-23 03:00:00,5017,North,Clothing,Item_C,42730,8,UPI,Cancelled,341840
103413,2023-05-23 04:00:00,9560,North,Home & Kitchen,Item_A,13417,8,Cash,In Transit,107336
103414,2023-05-23 05:00:00,9342,North,Electronics,Item_E,42199,2,Debit Card,Delivered,84398
103415,2023-05-23 06:00:00,2134,North,Clothing,Item_C,6809,6,Cash,Delivered,40854
103416,2023-05-23 07:00:00,6166,South,Home & Kitchen,Item_B,47597,5,UPI,In Transit,237985
103417,2023-05-23 08:00:00,6119,South,Electronics,Item_E,45241,2,Net Banking,In Transit,90482
103418,2023-05-23 09:00:00,6694,East,Books,Item_A,49522,5,Net Banking,Returned,247610
103419,2023-05-23 10:00:00,7136,North,Beauty,Item_A,5351,4,Net Banking,In Transit,21404
103420,2023-05-23 11:00:00,6485,East,Home & Kitchen,Item_B,6606,9,UPI,Returned,59454
103421,2023-05-23 12:00:00,5164,West,Electronics,Item_C,47262,1,UPI,Cancelled,47262
103422,2023-05-23 13:00:00,3346,East,Clothing,Item_E,15093,6,Debit Card,In Transit,90558
103423,2023-05-23 14:00:00,6039,Central,Electronics,Item_B,33156,7,UPI,In Transit,232092
103424,2023-05-23 15:00:00,5897,South,Clothing,Item_C,46041,6,UPI,In Transit,276246
103425,2023-05-23 16:00:00,9252,South,Beauty,Item_D,7345,5,Debit Card,Returned,36725
103426,2023-05-23 17:00:00,6041,North,Beauty,Item_D,38895,4,Debit Card,In Transit,155580
103427,2023-05-23 18:00:00,4901,North,Electronics,Item_C,33567,5,Cash,In Transit,167835
103428,2023-05-23 19:00:00,2337,West,Electronics,Item_A,13333,9,Credit Card,Delivered,119997
103429,2023-05-23 20:00:00,2184,West,Clothing,Item_A,12409,5,Credit Card,Delivered,62045
103430,2023-05-23 21:00:00,5426,Central,Clothing,Item_D,44492,8,Cash,Delivered,355936
103431,2023-05-23 22:00:00,2551,North,Home & Kitchen,Item_A,47285,7,Net Banking,In Transit,330995
103432,2023-05-23 23:00:00,2629,North,Home & Kitchen,Item_A,27165,4,UPI,Delivered,108660
103433,2023-05-24 00:00:00,2526,West,Home & Kitchen,Item_C,9345,5,Debit Card,Cancelled,46725
103434,2023-05-24 01:00:00,2361,West,Electronics,Item_C,47325,7,Debit Card,Delivered,331275
103435,2023-05-24 02:00:00,5370,West,Home & Kitchen,Item_A,42785,6,Net Banking,In Transit,256710
103436,2023-05-24 03:00:00,6283,South,Electronics,Item_C,34838,3,Debit Card,Delivered,104514
103437,2023-05-24 04:00:00,8610,East,Beauty,Item_E,20845,3,Net Banking,Delivered,62535
103438,2023-05-24 05:00:00,2993,East,Books,Item_D,18608,2,Cash,Delivered,37216
103439,2023-05-24 06:00:00,1869,North,Beauty,Item_E,12721,3,Net Banking,Cancelled,38163
103440,2023-05-24 07:00:00,2014,South,Electronics,Item_E,22078,1,Credit Card,Cancelled,22078
103441,2023-05-24 08:00:00,1602,West,Electronics,Item_A,38421,9,Net Banking,Returned,345789
103442,2023-05-24 09:00:00,1690,North,Books,Item_A,34795,2,Cash,In Transit,69590
103443,2023-05-24 10:00:00,9685,South,Clothing,Item_E,21286,3,Net Banking,Cancelled,63858
103444,2023-05-24 11:00:00,1489,Central,Clothing,Item_E,17123,5,Cash,Cancelled,85615
103445,2023-05-24 12:00:00,7864,South,Clothing,Item_B,16425,4,Credit Card,Cancelled,65700
103446,2023-05-24 13:00:00,8240,North,Home & Kitchen,Item_B,7402,5,UPI,In Transit,37010
103447,2023-05-24 14:00:00,8786,East,Clothing,Item_D,30339,6,Cash,Returned,182034
103448,2023-05-24 15:00:00,9024,West,Home & Kitchen,Item_E,32174,5,UPI,In Transit,160870
103449,2023-05-24 16:00:00,1294,Central,Home & Kitchen,Item_C,27141,1,Cash,Delivered,27141
103450,2023-05-24 17:00:00,6488,South,Clothing,Item_B,37406,6,Net Banking,Returned,224436
103451,2023-05-24 18:00:00,5027,North,Clothing,Item_A,20085,9,UPI,Delivered,180765
103452,2023-05-24 19:00:00,3912,North,Books,Item_E,45107,3,Cash,Cancelled,135321
103453,2023-05-24 20:00:00,5744,West,Books,Item_C,11418,2,Cash,In Transit,22836
103454,2023-05-24 21:00:00,2873,North,Home & Kitchen,Item_C,45892,6,UPI,Delivered,275352
103455,2023-05-24 22:00:00,4258,North,Books,Item_C,28950,3,Cash,Returned,86850
103456,2023-05-24 23:00:00,3817,West,Home & Kitchen,Item_A,31812,4,UPI,Delivered,127248
103457,2023-05-25 00:00:00,9636,Central,Electronics,Item_B,6916,6,Credit Card,Delivered,41496
103458,2023-05-25 01:00:00,4641,East,Home & Kitchen,Item_C,16288,6,Debit Card,Cancelled,97728
103459,2023-05-25 02:00:00,5458,East,Home & Kitchen,Item_B,31201,2,Credit Card,Delivered,62402
103460,2023-05-25 03:00:00,6307,South,Books,Item_D,39786,3,UPI,Delivered,119358
103461,2023-05-25 04:00:00,9933,Central,Electronics,Item_A,22784,9,Net Banking,Cancelled,205056
103462,2023-05-25 05:00:00,3041,South,Beauty,Item_B,4486,2,Net Banking,Returned,8972
103463,2023-05-25 06:00:00,1679,East,Beauty,Item_B,4939,3,Debit Card,Cancelled,14817
103464,2023-05-25 07:00:00,6738,West,Beauty,Item_C,30358,9,UPI,Delivered,273222
103465,2023-05-25 08:00:00,6668,North,Electronics,Item_C,35057,4,Cash,In Transit,140228
103466,2023-05-25 09:00:00,8697,East,Clothing,Item_A,5805,1,Credit Card,Cancelled,5805
103467,2023-05-25 10:00:00,9033,Central,Electronics,Item_B,39790,2,Credit Card,Cancelled,79580
103468,2023-05-25 11:00:00,1062,East,Books,Item_E,3521,3,Debit Card,Delivered,10563
103469,2023-05-25 12:00:00,8829,Central,Home & Kitchen,Item_C,44741,9,Debit Card,In Transit,402669
103470,2023-05-25 13:00:00,8352,Central,Home & Kitchen,Item_C,34184,9,Debit Card,Returned,307656
103471,2023-05-25 14:00:00,7915,Central,Books,Item_D,37853,6,Debit Card,In Transit,227118
103472,2023-05-25 15:00:00,9326,South,Books,Item_A,12370,6,Debit Card,Cancelled,74220
103473,2023-05-25 16:00:00,4644,West,Home & Kitchen,Item_B,9133,3,Debit Card,In Transit,27399
103474,2023-05-25 17:00:00,5970,East,Clothing,Item_B,22892,5,Cash,Returned,114460
103475,2023-05-25 18:00:00,9003,West,Clothing,Item_B,31674,4,Cash,In Transit,126696
103476,2023-05-25 19:00:00,4278,North,Clothing,Item_C,10106,9,Credit Card,In Transit,90954
103477,2023-05-25 20:00:00,8296,East,Books,Item_A,45204,9,Credit Card,In Transit,406836
103478,2023-05-25 21:00:00,4074,West,Home & Kitchen,Item_B,24014,1,Debit Card,Cancelled,24014
103479,2023-05-25 22:00:00,9312,West,Home & Kitchen,Item_E,35765,8,Credit Card,Delivered,286120
103480,2023-05-25 23:00:00,8552,North,Home & Kitchen,Item_D,1018,9,Debit Card,Delivered,9162
103481,2023-05-26 00:00:00,2637,Central,Electronics,Item_D,8634,5,Cash,In Transit,43170
103482,2023-05-26 01:00:00,6103,East,Electronics,Item_B,30771,4,Net Banking,Cancelled,123084
103483,2023-05-26 02:00:00,1644,East,Beauty,Item_C,40894,4,Cash,Cancelled,163576
103484,2023-05-26 03:00:00,3032,North,Electronics,Item_D,29090,2,UPI,Cancelled,58180
103485,2023-05-26 04:00:00,3761,Central,Clothing,Item_D,45685,9,Cash,Delivered,411165
103486,2023-05-26 05:00:00,3068,East,Clothing,Item_D,12269,5,UPI,Cancelled,61345
103487,2023-05-26 06:00:00,1241,East,Clothing,Item_D,32980,3,Credit Card,In Transit,98940
103488,2023-05-26 07:00:00,3668,East,Clothing,Item_B,38862,6,Cash,Delivered,233172
103489,2023-05-26 08:00:00,1802,Central,Beauty,Item_A,23634,9,Net Banking,Cancelled,212706
103490,2023-05-26 09:00:00,6059,North,Clothing,Item_A,7592,9,Cash,In Transit,68328
103491,2023-05-26 10:00:00,1195,East,Books,Item_C,16302,5,Cash,Delivered,81510
103492,2023-05-26 11:00:00,3187,West,Books,Item_E,33657,8,Cash,Cancelled,269256
103493,2023-05-26 12:00:00,3330,Central,Books,Item_A,22462,4,Debit Card,Returned,89848
103494,2023-05-26 13:00:00,5841,South,Electronics,Item_E,12132,5,Cash,In Transit,60660
103495,2023-05-26 14:00:00,4606,North,Home & Kitchen,Item_A,11966,7,Cash,Returned,83762
103496,2023-05-26 15:00:00,9468,West,Beauty,Item_A,22911,7,Net Banking,Delivered,160377
103497,2023-05-26 16:00:00,1060,East,Books,Item_C,13492,7,UPI,Cancelled,94444
103498,2023-05-26 17:00:00,4927,South,Books,Item_D,20887,8,UPI,In Transit,167096
103499,2023-05-26 18:00:00,7296,North,Clothing,Item_C,47831,5,Net Banking,In Transit,239155
103500,2023-05-26 19:00:00,3591,Central,Books,Item_A,26099,1,Credit Card,In Transit,26099
103501,2023-05-26 20:00:00,9758,South,Clothing,Item_D,7608,9,Cash,Returned,68472
103502,2023-05-26 21:00:00,7121,South,Clothing,Item_D,10894,9,Credit Card,Cancelled,98046
103503,2023-05-26 22:00:00,2200,West,Home & Kitchen,Item_D,41110,7,Net Banking,Cancelled,287770
103504,2023-05-26 23:00:00,3854,North,Electronics,Item_E,34733,6,Credit Card,Cancelled,208398
103505,2023-05-27 00:00:00,8024,West,Clothing,Item_A,15437,5,UPI,Returned,77185
103506,2023-05-27 01:00:00,7972,West,Clothing,Item_B,5978,5,Debit Card,Delivered,29890
103507,2023-05-27 02:00:00,1136,East,Home & Kitchen,Item_C,35259,3,Credit Card,Returned,105777
103508,2023-05-27 03:00:00,2029,Central,Clothing,Item_E,26761,1,Debit Card,Delivered,26761
103509,2023-05-27 04:00:00,3594,South,Beauty,Item_C,5066,6,Credit Card,Returned,30396
103510,2023-05-27 05:00:00,8206,North,Electronics,Item_B,8629,8,Net Banking,Cancelled,69032
103511,2023-05-27 06:00:00,1661,Central,Beauty,Item_D,43552,2,Debit Card,Cancelled,87104
103512,2023-05-27 07:00:00,3472,Central,Books,Item_B,44715,8,Credit Card,Cancelled,357720
103513,2023-05-27 08:00:00,1086,North,Electronics,Item_C,23037,8,Net Banking,Returned,184296
103514,2023-05-27 09:00:00,7219,Central,Books,Item_B,34275,8,UPI,In Transit,274200
103515,2023-05-27 10:00:00,9143,East,Clothing,Item_A,35053,3,Cash,Returned,105159
103516,2023-05-27 11:00:00,7968,Central,Home & Kitchen,Item_B,26595,8,Net Banking,Delivered,212760
103517,2023-05-27 12:00:00,3773,East,Beauty,Item_A,16615,4,Net Banking,Returned,66460
103518,2023-05-27 13:00:00,2700,South,Books,Item_B,32186,3,UPI,Delivered,96558
103519,2023-05-27 14:00:00,3700,South,Clothing,Item_A,24304,9,Debit Card,Returned,218736
103520,2023-05-27 15:00:00,7815,West,Beauty,Item_A,491,8,Credit Card,In Transit,3928
103521,2023-05-27 16:00:00,2647,East,Beauty,Item_B,3886,2,Debit Card,In Transit,7772
103522,2023-05-27 17:00:00,7038,South,Books,Item_E,45547,8,Net Banking,Cancelled,364376
103523,2023-05-27 18:00:00,6164,Central,Clothing,Item_D,1842,3,Credit Card,In Transit,5526
103524,2023-05-27 19:00:00,6520,North,Home & Kitchen,Item_D,31677,6,Cash,Returned,190062
103525,2023-05-27 20:00:00,4687,North,Books,Item_D,24350,5,Cash,In Transit,121750
103526,2023-05-27 21:00:00,1596,East,Beauty,Item_A,8969,8,Credit Card,Cancelled,71752
103527,2023-05-27 22:00:00,5545,West,Beauty,Item_D,30033,9,Net Banking,Returned,270297
103528,2023-05-27 23:00:00,9676,Central,Electronics,Item_A,4109,7,UPI,Delivered,28763
103529,2023-05-28 00:00:00,9837,East,Clothing,Item_E,32278,6,Debit Card,Returned,193668
103530,2023-05-28 01:00:00,5757,North,Electronics,Item_B,12468,6,Debit Card,Cancelled,74808
103531,2023-05-28 02:00:00,5384,East,Home & Kitchen,Item_B,11044,1,UPI,In Transit,11044
103532,2023-05-28 03:00:00,9912,Central,Books,Item_A,8838,5,UPI,In Transit,44190
103533,2023-05-28 04:00:00,5733,South,Beauty,Item_A,37341,8,Cash,Returned,298728
103534,2023-05-28 05:00:00,8081,Central,Clothing,Item_E,11433,6,UPI,Delivered,68598
103535,2023-05-28 06:00:00,9690,South,Beauty,Item_D,30696,1,Credit Card,Delivered,30696
103536,2023-05-28 07:00:00,8117,South,Electronics,Item_E,18006,5,Cash,Delivered,90030
103537,2023-05-28 08:00:00,5729,South,Electronics,Item_B,40526,5,Net Banking,Delivered,202630
103538,2023-05-28 09:00:00,2673,East,Books,Item_B,13471,3,Cash,Returned,40413
103539,2023-05-28 10:00:00,9306,North,Clothing,Item_D,39713,8,Cash,In Transit,317704
103540,2023-05-28 11:00:00,8178,East,Clothing,Item_B,19665,9,Debit Card,Delivered,176985
103541,2023-05-28 12:00:00,3294,North,Books,Item_A,39702,6,UPI,Returned,238212
103542,2023-05-28 13:00:00,4630,Central,Electronics,Item_B,14060,6,Credit Card,Returned,84360
103543,2023-05-28 14:00:00,1146,West,Electronics,Item_C,8450,2,UPI,Returned,16900
103544,2023-05-28 15:00:00,4453,Central,Electronics,Item_D,41618,2,Debit Card,Delivered,83236
103545,2023-05-28 16:00:00,5507,East,Beauty,Item_D,49455,6,UPI,Delivered,296730
103546,2023-05-28 17:00:00,6783,East,Home & Kitchen,Item_D,21510,8,Credit Card,Returned,172080
103547,2023-05-28 18:00:00,8751,North,Electronics,Item_C,28182,2,UPI,Returned,56364
103548,2023-05-28 19:00:00,6628,East,Home & Kitchen,Item_E,32406,9,Debit Card,Returned,291654
103549,2023-05-28 20:00:00,9328,South,Home & Kitchen,Item_A,9964,9,Credit Card,In Transit,89676
103550,2023-05-28 21:00:00,4360,East,Clothing,Item_D,43861,4,UPI,In Transit,175444
103551,2023-05-28 22:00:00,4005,North,Books,Item_B,13042,4,Debit Card,Cancelled,52168
103552,2023-05-28 23:00:00,4552,North,Beauty,Item_A,37691,4,Debit Card,Cancelled,150764
103553,2023-05-29 00:00:00,1018,South,Home & Kitchen,Item_B,44572,5,Cash,Delivered,222860
103554,2023-05-29 01:00:00,3242,North,Beauty,Item_A,24243,8,Credit Card,In Transit,193944
103555,2023-05-29 02:00:00,7318,West,Clothing,Item_A,38171,2,Credit Card,Cancelled,76342
103556,2023-05-29 03:00:00,6097,Central,Electronics,Item_B,3176,5,UPI,Returned,15880
103557,2023-05-29 04:00:00,9640,East,Home & Kitchen,Item_B,7626,2,Cash,Returned,15252
103558,2023-05-29 05:00:00,2948,West,Books,Item_A,23087,8,Credit Card,Delivered,184696
103559,2023-05-29 06:00:00,6618,East,Clothing,Item_D,26910,1,Debit Card,Delivered,26910
103560,2023-05-29 07:00:00,5236,West,Beauty,Item_B,41587,7,Credit Card,Cancelled,291109
103561,2023-05-29 08:00:00,7901,East,Electronics,Item_C,47670,3,Cash,Returned,143010
103562,2023-05-29 09:00:00,2920,South,Beauty,Item_C,6686,4,Net Banking,Delivered,26744
103563,2023-05-29 10:00:00,5188,North,Books,Item_A,39458,8,Debit Card,Delivered,315664
103564,2023-05-29 11:00:00,1238,North,Home & Kitchen,Item_E,47082,3,Credit Card,In Transit,141246
103565,2023-05-29 12:00:00,1204,South,Books,Item_A,22823,7,Debit Card,Cancelled,159761
103566,2023-05-29 13:00:00,6552,West,Beauty,Item_A,24006,1,UPI,Delivered,24006
103567,2023-05-29 14:00:00,5927,Central,Beauty,Item_D,6173,9,Debit Card,Cancelled,55557
103568,2023-05-29 15:00:00,5390,West,Books,Item_D,46415,6,Credit Card,Returned,278490
103569,2023-05-29 16:00:00,3687,North,Books,Item_E,48826,3,UPI,Cancelled,146478
103570,2023-05-29 17:00:00,5951,Central,Books,Item_E,46139,7,UPI,Delivered,322973
103571,2023-05-29 18:00:00,7160,East,Electronics,Item_E,49285,5,UPI,In Transit,246425
103572,2023-05-29 19:00:00,6388,Central,Beauty,Item_E,29357,8,Net Banking,Cancelled,234856
103573,2023-05-29 20:00:00,6126,West,Clothing,Item_E,5721,8,Net Banking,Cancelled,45768
103574,2023-05-29 21:00:00,1816,South,Electronics,Item_A,13091,9,UPI,Returned,117819
103575,2023-05-29 22:00:00,1192,East,Electronics,Item_A,16995,6,Credit Card,In Transit,101970
103576,2023-05-29 23:00:00,2776,West,Electronics,Item_C,22674,4,UPI,Cancelled,90696
103577,2023-05-30 00:00:00,4645,East,Clothing,Item_C,26707,2,UPI,In Transit,53414
103578,2023-05-30 01:00:00,7314,Central,Books,Item_B,10887,3,Debit Card,Delivered,32661
103579,2023-05-30 02:00:00,9442,North,Beauty,Item_A,33214,5,Debit Card,In Transit,166070
103580,2023-05-30 03:00:00,2788,West,Home & Kitchen,Item_E,11209,8,Debit Card,Delivered,89672
103581,2023-05-30 04:00:00,8374,South,Home & Kitchen,Item_B,23426,2,Cash,Returned,46852
103582,2023-05-30 05:00:00,4700,Central,Beauty,Item_D,23148,5,Debit Card,Returned,115740
103583,2023-05-30 06:00:00,4893,West,Clothing,Item_A,35139,9,Debit Card,Returned,316251
103584,2023-05-30 07:00:00,7811,South,Home & Kitchen,Item_C,44491,2,Credit Card,Delivered,88982
103585,2023-05-30 08:00:00,3679,West,Electronics,Item_A,48496,8,Net Banking,Cancelled,387968
103586,2023-05-30 09:00:00,4904,Central,Home & Kitchen,Item_A,48244,3,Net Banking,Delivered,144732
103587,2023-05-30 10:00:00,8260,West,Beauty,Item_A,40425,8,Net Banking,In Transit,323400
103588,2023-05-30 11:00:00,1504,East,Electronics,Item_A,22302,4,Cash,In Transit,89208
103589,2023-05-30 12:00:00,7773,Central,Home & Kitchen,Item_D,35028,4,UPI,Delivered,140112
103590,2023-05-30 13:00:00,4816,West,Beauty,Item_C,36302,7,Debit Card,Returned,254114
103591,2023-05-30 14:00:00,1717,North,Clothing,Item_A,46055,5,Credit Card,Returned,230275
103592,2023-05-30 15:00:00,5434,West,Beauty,Item_D,33912,4,Cash,In Transit,135648
103593,2023-05-30 16:00:00,1658,East,Clothing,Item_B,27023,7,Net Banking,In Transit,189161
103594,2023-05-30 17:00:00,6057,South,Electronics,Item_A,5561,3,Cash,Cancelled,16683
103595,2023-05-30 18:00:00,5008,South,Beauty,Item_D,26038,9,Credit Card,Cancelled,234342
103596,2023-05-30 19:00:00,5994,South,Books,Item_E,14838,5,Cash,Cancelled,74190
103597,2023-05-30 20:00:00,5234,North,Books,Item_B,38252,3,Net Banking,In Transit,114756
103598,2023-05-30 21:00:00,4764,East,Books,Item_C,23465,2,UPI,Cancelled,46930
103599,2023-05-30 22:00:00,5637,Central,Books,Item_A,24951,7,Net Banking,In Transit,174657
103600,2023-05-30 23:00:00,3104,South,Books,Item_A,42212,7,Net Banking,In Transit,295484
103601,2023-05-31 00:00:00,7801,East,Clothing,Item_D,11116,5,Net Banking,Delivered,55580
103602,2023-05-31 01:00:00,9575,West,Beauty,Item_C,9709,4,Cash,Cancelled,38836
103603,2023-05-31 02:00:00,3607,North,Electronics,Item_E,45732,2,Credit Card,Delivered,91464
103604,2023-05-31 03:00:00,9385,East,Books,Item_B,31302,2,Net Banking,Delivered,62604
103605,2023-05-31 04:00:00,4719,East,Books,Item_C,47859,7,Cash,Cancelled,335013
103606,2023-05-31 05:00:00,3581,Central,Electronics,Item_A,24524,7,Credit Card,In Transit,171668
103607,2023-05-31 06:00:00,3565,East,Electronics,Item_D,14203,4,UPI,In Transit,56812
103608,2023-05-31 07:00:00,3763,Central,Books,Item_E,28143,4,Net Banking,In Transit,112572
103609,2023-05-31 08:00:00,7328,North,Clothing,Item_D,42834,4,Debit Card,Cancelled,171336
103610,2023-05-31 09:00:00,6991,North,Electronics,Item_B,33301,2,Cash,In Transit,66602
103611,2023-05-31 10:00:00,4406,West,Beauty,Item_C,30143,9,UPI,Delivered,271287
103612,2023-05-31 11:00:00,9923,Central,Beauty,Item_D,9656,1,UPI,Returned,9656
103613,2023-05-31 12:00:00,5780,Central,Clothing,Item_D,11569,8,UPI,Cancelled,92552
103614,2023-05-31 13:00:00,5177,South,Home & Kitchen,Item_A,19529,6,Cash,Returned,117174
103615,2023-05-31 14:00:00,7476,South,Clothing,Item_D,13418,7,Credit Card,Delivered,93926
103616,2023-05-31 15:00:00,3604,West,Books,Item_E,21364,5,Debit Card,Returned,106820
103617,2023-05-31 16:00:00,9181,North,Home & Kitchen,Item_C,37624,6,Credit Card,Delivered,225744
103618,2023-05-31 17:00:00,3382,South,Books,Item_B,12610,6,Net Banking,Returned,75660
103619,2023-05-31 18:00:00,1531,East,Beauty,Item_D,29930,9,Debit Card,Returned,269370
103620,2023-05-31 19:00:00,7079,North,Electronics,Item_E,2865,4,Credit Card,In Transit,11460
103621,2023-05-31 20:00:00,1634,East,Books,Item_B,40099,5,Net Banking,Returned,200495
103622,2023-05-31 21:00:00,1002,Central,Beauty,Item_E,37903,4,Debit Card,Delivered,151612
103623,2023-05-31 22:00:00,9397,North,Clothing,Item_D,615,1,Cash,Delivered,615
103624,2023-05-31 23:00:00,6951,West,Books,Item_D,33675,6,Net Banking,Delivered,202050
103625,2023-06-01 00:00:00,6626,Central,Beauty,Item_C,24372,5,Credit Card,Cancelled,121860
103626,2023-06-01 01:00:00,8739,Central,Electronics,Item_A,2884,4,Debit Card,Delivered,11536
103627,2023-06-01 02:00:00,7003,East,Books,Item_E,7694,6,Net Banking,Cancelled,46164
103628,2023-06-01 03:00:00,3890,Central,Beauty,Item_A,19950,5,Net Banking,Delivered,99750
103629,2023-06-01 04:00:00,7239,South,Books,Item_A,20087,3,Cash,Cancelled,60261
103630,2023-06-01 05:00:00,9026,North,Electronics,Item_B,21026,2,Net Banking,Returned,42052
103631,2023-06-01 06:00:00,4306,South,Books,Item_B,6380,6,Debit Card,Returned,38280
103632,2023-06-01 07:00:00,1897,East,Books,Item_E,46979,4,UPI,Delivered,187916
103633,2023-06-01 08:00:00,1670,East,Beauty,Item_A,2759,3,Debit Card,Cancelled,8277
103634,2023-06-01 09:00:00,8291,North,Home & Kitchen,Item_C,41105,8,Debit Card,In Transit,328840
103635,2023-06-01 10:00:00,2505,Central,Books,Item_A,4171,9,Cash,In Transit,37539
103636,2023-06-01 11:00:00,7460,West,Home & Kitchen,Item_B,35925,7,Cash,In Transit,251475
103637,2023-06-01 12:00:00,6167,East,Clothing,Item_A,18313,2,Net Banking,Returned,36626
103638,2023-06-01 13:00:00,6255,North,Books,Item_D,43061,8,Cash,Returned,344488
103639,2023-06-01 14:00:00,1249,West,Home & Kitchen,Item_D,13151,5,Net Banking,Cancelled,65755
103640,2023-06-01 15:00:00,7457,Central,Clothing,Item_C,25817,7,UPI,Delivered,180719
103641,2023-06-01 16:00:00,2892,East,Beauty,Item_E,32994,5,Credit Card,Returned,164970
103642,2023-06-01 17:00:00,4439,North,Books,Item_A,2783,2,Cash,Delivered,5566
103643,2023-06-01 18:00:00,3854,North,Beauty,Item_D,25828,4,Cash,In Transit,103312
103644,2023-06-01 19:00:00,4792,North,Clothing,Item_E,26450,5,UPI,In Transit,132250
103645,2023-06-01 20:00:00,6330,East,Beauty,Item_D,3255,6,Cash,Delivered,19530
103646,2023-06-01 21:00:00,8871,West,Beauty,Item_E,7001,5,UPI,Cancelled,35005
103647,2023-06-01 22:00:00,9235,North,Electronics,Item_E,34626,1,Net Banking,In Transit,34626
103648,2023-06-01 23:00:00,4612,Central,Clothing,Item_D,36919,1,Cash,Cancelled,36919
103649,2023-06-02 00:00:00,3618,North,Beauty,Item_B,40267,3,Cash,In Transit,120801
103650,2023-06-02 01:00:00,5678,West,Home & Kitchen,Item_E,24040,9,Net Banking,Returned,216360
103651,2023-06-02 02:00:00,4163,East,Clothing,Item_A,10133,2,Cash,In Transit,20266
103652,2023-06-02 03:00:00,3942,North,Electronics,Item_D,32179,5,Debit Card,Cancelled,160895
103653,2023-06-02 04:00:00,9411,North,Books,Item_B,45247,9,UPI,Returned,407223
103654,2023-06-02 05:00:00,2925,Central,Beauty,Item_D,4337,7,Credit Card,In Transit,30359
103655,2023-06-02 06:00:00,3972,Central,Home & Kitchen,Item_C,11623,8,Debit Card,Returned,92984
103656,2023-06-02 07:00:00,1990,North,Electronics,Item_A,24515,2,Credit Card,Returned,49030
103657,2023-06-02 08:00:00,2812,North,Clothing,Item_C,34682,5,Debit Card,In Transit,173410
103658,2023-06-02 09:00:00,9995,Central,Beauty,Item_E,44356,9,Debit Card,Delivered,399204
103659,2023-06-02 10:00:00,1489,West,Electronics,Item_E,36315,1,Debit Card,Delivered,36315
103660,2023-06-02 11:00:00,6876,South,Electronics,Item_C,34954,1,UPI,Cancelled,34954
103661,2023-06-02 12:00:00,4645,South,Home & Kitchen,Item_C,36512,8,Credit Card,Cancelled,292096
103662,2023-06-02 13:00:00,8081,North,Books,Item_E,23563,2,Net Banking,In Transit,47126
103663,2023-06-02 14:00:00,3891,Central,Books,Item_B,17285,9,Net Banking,Returned,155565
103664,2023-06-02 15:00:00,4516,East,Books,Item_A,42614,9,Cash,Returned,383526
103665,2023-06-02 16:00:00,4340,East,Clothing,Item_D,36754,4,UPI,Delivered,147016
103666,2023-06-02 17:00:00,7410,South,Electronics,Item_C,14615,2,UPI,Delivered,29230
103667,2023-06-02 18:00:00,1053,West,Clothing,Item_A,47252,3,UPI,Returned,141756
103668,2023-06-02 19:00:00,3575,South,Electronics,Item_D,21598,1,Debit Card,Returned,21598
103669,2023-06-02 20:00:00,1615,North,Home & Kitchen,Item_D,32891,3,UPI,Cancelled,98673
103670,2023-06-02 21:00:00,6944,West,Home & Kitchen,Item_C,6859,5,Net Banking,Returned,34295
103671,2023-06-02 22:00:00,8404,East,Clothing,Item_B,20844,3,UPI,Returned,62532
103672,2023-06-02 23:00:00,1954,Central,Clothing,Item_B,3244,3,Debit Card,In Transit,9732
103673,2023-06-03 00:00:00,2629,Central,Home & Kitchen,Item_A,4083,6,Credit Card,Returned,24498
103674,2023-06-03 01:00:00,7859,North,Beauty,Item_A,31912,3,UPI,Delivered,95736
103675,2023-06-03 02:00:00,9841,South,Books,Item_E,19524,3,Credit Card,Delivered,58572
103676,2023-06-03 03:00:00,4278,North,Books,Item_B,48319,9,Cash,Cancelled,434871
103677,2023-06-03 04:00:00,6455,Central,Home & Kitchen,Item_A,21745,2,Debit Card,Cancelled,43490
103678,2023-06-03 05:00:00,4801,East,Books,Item_E,18404,1,UPI,In Transit,18404
103679,2023-06-03 06:00:00,3561,Central,Beauty,Item_D,23468,8,Cash,Cancelled,187744
103680,2023-06-03 07:00:00,7539,West,Beauty,Item_A,15962,3,Cash,Returned,47886
103681,2023-06-03 08:00:00,1370,Central,Electronics,Item_E,28571,7,Credit Card,Returned,199997
103682,2023-06-03 09:00:00,1857,Central,Clothing,Item_B,19047,2,Net Banking,In Transit,38094
103683,2023-06-03 10:00:00,5886,West,Books,Item_D,36339,8,Net Banking,Delivered,290712
103684,2023-06-03 11:00:00,8485,South,Beauty,Item_A,41495,9,Net Banking,Returned,373455
103685,2023-06-03 12:00:00,1383,Central,Clothing,Item_B,10316,8,Net Banking,Returned,82528
103686,2023-06-03 13:00:00,5334,North,Clothing,Item_D,30325,8,Debit Card,In Transit,242600
103687,2023-06-03 14:00:00,5290,Central,Electronics,Item_C,31604,8,UPI,Delivered,252832
103688,2023-06-03 15:00:00,3725,North,Clothing,Item_B,28636,7,UPI,Cancelled,200452
103689,2023-06-03 16:00:00,7204,West,Clothing,Item_C,2988,2,Debit Card,Returned,5976
103690,2023-06-03 17:00:00,7111,Central,Home & Kitchen,Item_A,32349,8,Credit Card,Delivered,258792
103691,2023-06-03 18:00:00,5251,West,Electronics,Item_E,4325,5,UPI,In Transit,21625
103692,2023-06-03 19:00:00,1922,West,Electronics,Item_A,3806,6,Cash,In Transit,22836
103693,2023-06-03 20:00:00,3915,South,Books,Item_B,41734,4,UPI,Delivered,166936
103694,2023-06-03 21:00:00,8957,Central,Clothing,Item_C,33188,1,Debit Card,In Transit,33188
103695,2023-06-03 22:00:00,4046,North,Books,Item_C,21506,5,Credit Card,Cancelled,107530
103696,2023-06-03 23:00:00,2230,North,Beauty,Item_D,43173,3,UPI,Delivered,129519
103697,2023-06-04 00:00:00,8647,Central,Clothing,Item_A,11033,9,Debit Card,Cancelled,99297
103698,2023-06-04 01:00:00,5933,South,Beauty,Item_A,22197,4,Cash,In Transit,88788
103699,2023-06-04 02:00:00,4940,South,Home & Kitchen,Item_B,33721,2,Net Banking,Cancelled,67442
103700,2023-06-04 03:00:00,7483,South,Clothing,Item_C,30148,4,Cash,Cancelled,120592
103701,2023-06-04 04:00:00,1203,North,Books,Item_B,46843,3,Cash,Cancelled,140529
103702,2023-06-04 05:00:00,1160,West,Books,Item_B,7688,3,Credit Card,Cancelled,23064
103703,2023-06-04 06:00:00,9960,South,Clothing,Item_C,40174,5,UPI,Delivered,200870
103704,2023-06-04 07:00:00,4748,North,Books,Item_B,42648,1,Net Banking,In Transit,42648
103705,2023-06-04 08:00:00,7718,North,Clothing,Item_C,8138,5,Debit Card,In Transit,40690
103706,2023-06-04 09:00:00,3581,West,Electronics,Item_B,38926,8,Net Banking,Returned,311408
103707,2023-06-04 10:00:00,2093,Central,Books,Item_E,15970,9,UPI,Cancelled,143730
103708,2023-06-04 11:00:00,5500,Central,Clothing,Item_B,6835,1,Credit Card,Cancelled,6835
103709,2023-06-04 12:00:00,9799,South,Clothing,Item_B,8829,2,UPI,Returned,17658
103710,2023-06-04 13:00:00,6710,South,Books,Item_E,31868,2,Debit Card,Returned,63736
103711,2023-06-04 14:00:00,3875,West,Electronics,Item_A,21687,6,Net Banking,Cancelled,130122
103712,2023-06-04 15:00:00,4191,South,Books,Item_C,13069,1,Cash,In Transit,13069
103713,2023-06-04 16:00:00,2837,West,Clothing,Item_D,49571,1,UPI,Returned,49571
103714,2023-06-04 17:00:00,1689,North,Electronics,Item_E,9419,2,Credit Card,Cancelled,18838
103715,2023-06-04 18:00:00,4759,South,Beauty,Item_A,40997,4,Credit Card,In Transit,163988
103716,2023-06-04 19:00:00,3103,North,Home & Kitchen,Item_B,49240,2,Net Banking,Delivered,98480
103717,2023-06-04 20:00:00,1365,East,Books,Item_A,16873,4,Cash,Returned,67492
103718,2023-06-04 21:00:00,9092,West,Clothing,Item_E,16963,3,Debit Card,Returned,50889
103719,2023-06-04 22:00:00,5172,East,Electronics,Item_B,45133,3,Cash,In Transit,135399
103720,2023-06-04 23:00:00,7033,South,Electronics,Item_A,11243,9,Net Banking,Delivered,101187
103721,2023-06-05 00:00:00,3378,North,Beauty,Item_D,9770,8,Cash,In Transit,78160
103722,2023-06-05 01:00:00,2205,South,Books,Item_C,7086,9,Net Banking,Returned,63774
103723,2023-06-05 02:00:00,5988,East,Electronics,Item_C,2158,1,Cash,Delivered,2158
103724,2023-06-05 03:00:00,6669,South,Beauty,Item_E,43287,5,UPI,Cancelled,216435
103725,2023-06-05 04:00:00,3735,Central,Clothing,Item_B,24841,4,Credit Card,Returned,99364
103726,2023-06-05 05:00:00,9490,East,Beauty,Item_B,2383,9,Net Banking,In Transit,21447
103727,2023-06-05 06:00:00,1956,South,Books,Item_C,29270,3,Net Banking,In Transit,87810
103728,2023-06-05 07:00:00,7623,North,Beauty,Item_A,3974,5,Credit Card,In Transit,19870
103729,2023-06-05 08:00:00,2474,South,Electronics,Item_B,29218,8,Debit Card,In Transit,233744
103730,2023-06-05 09:00:00,5460,North,Electronics,Item_D,20503,5,Net Banking,In Transit,102515
103731,2023-06-05 10:00:00,8002,Central,Home & Kitchen,Item_D,14472,9,UPI,Returned,130248
103732,2023-06-05 11:00:00,7396,South,Beauty,Item_B,22786,2,Cash,Delivered,45572
103733,2023-06-05 12:00:00,3828,Central,Clothing,Item_B,33745,6,UPI,In Transit,202470
103734,2023-06-05 13:00:00,3850,East,Books,Item_C,2766,5,Net Banking,In Transit,13830
103735,2023-06-05 14:00:00,3964,North,Home & Kitchen,Item_E,43063,9,Debit Card,Cancelled,387567
103736,2023-06-05 15:00:00,5594,East,Beauty,Item_C,11153,7,Net Banking,Cancelled,78071
103737,2023-06-05 16:00:00,7644,North,Clothing,Item_E,31896,8,Debit Card,Delivered,255168
103738,2023-06-05 17:00:00,3850,Central,Home & Kitchen,Item_D,7604,7,Credit Card,Returned,53228
103739,2023-06-05 18:00:00,1165,West,Electronics,Item_E,33046,5,Cash,Returned,165230
103740,2023-06-05 19:00:00,1919,South,Books,Item_C,1781,5,UPI,Delivered,8905
103741,2023-06-05 20:00:00,9305,Central,Beauty,Item_B,14266,4,Debit Card,Delivered,57064
103742,2023-06-05 21:00:00,4504,North,Clothing,Item_E,40935,2,UPI,Delivered,81870
103743,2023-06-05 22:00:00,1991,North,Electronics,Item_C,8039,9,Credit Card,In Transit,72351
103744,2023-06-05 23:00:00,7047,North,Home & Kitchen,Item_D,35130,3,Net Banking,Returned,105390
103745,2023-06-06 00:00:00,4839,North,Books,Item_E,22329,3,Debit Card,Delivered,66987
103746,2023-06-06 01:00:00,2258,South,Home & Kitchen,Item_D,31045,3,Cash,Cancelled,93135
103747,2023-06-06 02:00:00,8609,East,Home & Kitchen,Item_D,14113,8,Debit Card,In Transit,112904
103748,2023-06-06 03:00:00,9706,West,Clothing,Item_A,1164,6,Net Banking,In Transit,6984
103749,2023-06-06 04:00:00,5804,South,Electronics,Item_E,10939,1,Net Banking,In Transit,10939
103750,2023-06-06 05:00:00,1067,North,Beauty,Item_C,2873,3,Cash,In Transit,8619
103751,2023-06-06 06:00:00,6660,South,Clothing,Item_E,38261,4,Cash,Delivered,153044
103752,2023-06-06 07:00:00,5478,Central,Books,Item_E,31371,2,Credit Card,In Transit,62742
103753,2023-06-06 08:00:00,9210,North,Home & Kitchen,Item_D,23843,6,UPI,Cancelled,143058
103754,2023-06-06 09:00:00,4521,West,Books,Item_D,34686,1,Debit Card,Cancelled,34686
103755,2023-06-06 10:00:00,1572,North,Clothing,Item_D,10824,1,Credit Card,Delivered,10824
103756,2023-06-06 11:00:00,8082,West,Clothing,Item_D,1428,8,UPI,In Transit,11424
103757,2023-06-06 12:00:00,8832,West,Beauty,Item_C,43570,4,Credit Card,Cancelled,174280
103758,2023-06-06 13:00:00,6395,East,Home & Kitchen,Item_B,34808,1,Cash,Returned,34808
103759,2023-06-06 14:00:00,3258,East,Clothing,Item_A,49849,7,Cash,In Transit,348943
103760,2023-06-06 15:00:00,7039,South,Books,Item_D,17120,9,Net Banking,Delivered,154080
103761,2023-06-06 16:00:00,1650,South,Beauty,Item_D,19889,7,Debit Card,Returned,139223
103762,2023-06-06 17:00:00,6741,West,Books,Item_A,7324,1,Debit Card,In Transit,7324
103763,2023-06-06 18:00:00,7838,North,Home & Kitchen,Item_D,42324,1,Debit Card,Returned,42324
103764,2023-06-06 19:00:00,3587,Central,Beauty,Item_B,31539,1,Credit Card,In Transit,31539
103765,2023-06-06 20:00:00,8876,Central,Beauty,Item_E,7787,8,Credit Card,In Transit,62296
103766,2023-06-06 21:00:00,4262,North,Beauty,Item_A,3727,7,Debit Card,Cancelled,26089
103767,2023-06-06 22:00:00,2338,North,Electronics,Item_C,33267,3,Net Banking,Returned,99801
103768,2023-06-06 23:00:00,5996,East,Beauty,Item_A,45558,3,UPI,Returned,136674
103769,2023-06-07 00:00:00,6780,Central,Books,Item_B,4163,3,Credit Card,Delivered,12489
103770,2023-06-07 01:00:00,3827,West,Books,Item_C,37655,2,Debit Card,Delivered,75310
103771,2023-06-07 02:00:00,6232,South,Home & Kitchen,Item_E,37139,4,Cash,Returned,148556
103772,2023-06-07 03:00:00,3217,East,Clothing,Item_D,20443,7,Credit Card,Cancelled,143101
103773,2023-06-07 04:00:00,4539,Central,Clothing,Item_A,32893,9,UPI,Cancelled,296037
103774,2023-06-07 05:00:00,8845,North,Electronics,Item_C,46035,3,Credit Card,In Transit,138105
103775,2023-06-07 06:00:00,5383,Central,Beauty,Item_A,3895,7,UPI,Delivered,27265
103776,2023-06-07 07:00:00,3961,West,Electronics,Item_E,9312,4,UPI,Delivered,37248
103777,2023-06-07 08:00:00,4226,East,Home & Kitchen,Item_A,32259,1,Credit Card,Delivered,32259
103778,2023-06-07 09:00:00,7837,North,Home & Kitchen,Item_C,7442,5,UPI,In Transit,37210
103779,2023-06-07 10:00:00,8031,West,Clothing,Item_B,10141,8,Credit Card,Cancelled,81128
103780,2023-06-07 11:00:00,4716,South,Home & Kitchen,Item_C,20201,3,Credit Card,Delivered,60603
103781,2023-06-07 12:00:00,4414,East,Beauty,Item_A,2900,4,Net Banking,In Transit,11600
103782,2023-06-07 13:00:00,2448,West,Books,Item_E,18285,3,Cash,Returned,54855
103783,2023-06-07 14:00:00,1570,West,Home & Kitchen,Item_D,13539,8,UPI,Cancelled,108312
103784,2023-06-07 15:00:00,3904,North,Electronics,Item_D,16034,8,Credit Card,Returned,128272
103785,2023-06-07 16:00:00,3505,South,Beauty,Item_E,11284,4,UPI,Delivered,45136
103786,2023-06-07 17:00:00,1917,West,Home & Kitchen,Item_A,29743,2,Credit Card,In Transit,59486
103787,2023-06-07 18:00:00,7982,East,Home & Kitchen,Item_E,36130,3,Credit Card,Cancelled,108390
103788,2023-06-07 19:00:00,8427,West,Beauty,Item_A,41274,3,Credit Card,Delivered,123822
103789,2023-06-07 20:00:00,7336,Central,Home & Kitchen,Item_C,32102,4,Cash,Cancelled,128408
103790,2023-06-07 21:00:00,2678,East,Books,Item_B,29244,2,UPI,In Transit,58488
103791,2023-06-07 22:00:00,1615,East,Clothing,Item_A,13337,2,Cash,In Transit,26674
103792,2023-06-07 23:00:00,8086,West,Beauty,Item_D,35105,3,Cash,Delivered,105315
103793,2023-06-08 00:00:00,5749,North,Electronics,Item_D,49382,1,Cash,Cancelled,49382
103794,2023-06-08 01:00:00,4505,East,Home & Kitchen,Item_B,6148,8,Cash,In Transit,49184
103795,2023-06-08 02:00:00,5529,Central,Clothing,Item_A,47661,6,Net Banking,Cancelled,285966
103796,2023-06-08 03:00:00,2135,North,Electronics,Item_B,32767,3,UPI,Cancelled,98301
103797,2023-06-08 04:00:00,9566,North,Electronics,Item_C,31389,1,UPI,Returned,31389
103798,2023-06-08 05:00:00,8226,North,Books,Item_B,49067,3,Credit Card,Delivered,147201
103799,2023-06-08 06:00:00,6162,East,Clothing,Item_C,49178,1,UPI,Delivered,49178
103800,2023-06-08 07:00:00,1206,North,Beauty,Item_D,32071,3,Cash,Cancelled,96213
103801,2023-06-08 08:00:00,5875,West,Clothing,Item_C,18389,4,Debit Card,Returned,73556
103802,2023-06-08 09:00:00,2319,North,Clothing,Item_A,22997,6,UPI,Cancelled,137982
103803,2023-06-08 10:00:00,2141,Central,Electronics,Item_A,3769,7,Debit Card,Delivered,26383
103804,2023-06-08 11:00:00,5627,South,Books,Item_A,26212,7,Net Banking,Delivered,183484
103805,2023-06-08 12:00:00,8389,Central,Books,Item_A,13177,9,Credit Card,Cancelled,118593
103806,2023-06-08 13:00:00,3690,East,Clothing,Item_E,32249,8,Credit Card,Cancelled,257992
103807,2023-06-08 14:00:00,8323,North,Clothing,Item_C,21894,4,Credit Card,Cancelled,87576
103808,2023-06-08 15:00:00,4255,North,Home & Kitchen,Item_A,44588,6,Net Banking,Delivered,267528
103809,2023-06-08 16:00:00,9281,West,Electronics,Item_B,33424,1,Cash,Cancelled,33424
103810,2023-06-08 17:00:00,6213,North,Beauty,Item_B,17032,8,Debit Card,Cancelled,136256
103811,2023-06-08 18:00:00,5108,Central,Beauty,Item_E,33035,6,UPI,In Transit,198210
103812,2023-06-08 19:00:00,4020,East,Books,Item_C,2062,2,Cash,Delivered,4124
103813,2023-06-08 20:00:00,2857,South,Electronics,Item_C,18386,8,Credit Card,Cancelled,147088
103814,2023-06-08 21:00:00,9996,North,Books,Item_C,29745,4,Credit Card,Returned,118980
103815,2023-06-08 22:00:00,3789,South,Beauty,Item_E,45722,9,Cash,Delivered,411498
103816,2023-06-08 23:00:00,4875,North,Clothing,Item_C,44591,4,Debit Card,Cancelled,178364
103817,2023-06-09 00:00:00,8605,East,Electronics,Item_C,40522,1,Cash,Cancelled,40522
103818,2023-06-09 01:00:00,9135,Central,Electronics,Item_A,8519,7,Net Banking,In Transit,59633
103819,2023-06-09 02:00:00,7055,East,Home & Kitchen,Item_C,38863,5,Credit Card,In Transit,194315
103820,2023-06-09 03:00:00,4882,South,Clothing,Item_A,45988,5,Debit Card,Delivered,229940
103821,2023-06-09 04:00:00,8175,North,Clothing,Item_A,28601,4,UPI,In Transit,114404
103822,2023-06-09 05:00:00,8129,South,Books,Item_C,32428,6,Credit Card,In Transit,194568
103823,2023-06-09 06:00:00,6021,Central,Electronics,Item_B,12402,1,Cash,Delivered,12402
103824,2023-06-09 07:00:00,5735,East,Books,Item_D,38483,3,Debit Card,Returned,115449
103825,2023-06-09 08:00:00,3387,South,Clothing,Item_B,20322,7,Credit Card,Cancelled,142254
103826,2023-06-09 09:00:00,7582,South,Home & Kitchen,Item_C,33335,8,UPI,Cancelled,266680
103827,2023-06-09 10:00:00,6866,Central,Electronics,Item_C,22785,9,UPI,In Transit,205065
103828,2023-06-09 11:00:00,3566,North,Clothing,Item_B,48608,1,Cash,Cancelled,48608
103829,2023-06-09 12:00:00,1975,South,Home & Kitchen,Item_C,48429,4,Net Banking,In Transit,193716
103830,2023-06-09 13:00:00,8212,Central,Beauty,Item_A,15097,2,Cash,Delivered,30194
103831,2023-06-09 14:00:00,2262,North,Clothing,Item_E,21491,2,Debit Card,Delivered,42982
103832,2023-06-09 15:00:00,6047,North,Beauty,Item_C,33026,1,Cash,Delivered,33026
103833,2023-06-09 16:00:00,8382,East,Books,Item_C,8494,5,Debit Card,Cancelled,42470
103834,2023-06-09 17:00:00,7231,Central,Beauty,Item_B,4707,2,Net Banking,In Transit,9414
103835,2023-06-09 18:00:00,4327,North,Clothing,Item_A,29054,4,Cash,In Transit,116216
103836,2023-06-09 19:00:00,6630,East,Beauty,Item_B,47720,9,UPI,Cancelled,429480
103837,2023-06-09 20:00:00,3259,West,Electronics,Item_B,15675,3,Debit Card,Delivered,47025
103838,2023-06-09 21:00:00,2257,Central,Clothing,Item_C,45105,8,Debit Card,Returned,360840
103839,2023-06-09 22:00:00,1464,West,Home & Kitchen,Item_A,14534,6,UPI,In Transit,87204
103840,2023-06-09 23:00:00,4294,North,Beauty,Item_C,19030,5,Cash,In Transit,95150
103841,2023-06-10 00:00:00,7774,Central,Electronics,Item_C,48082,2,Net Banking,Cancelled,96164
103842,2023-06-10 01:00:00,8431,East,Books,Item_C,49003,3,Credit Card,Returned,147009
103843,2023-06-10 02:00:00,2230,North,Books,Item_C,27478,8,Cash,Delivered,219824
103844,2023-06-10 03:00:00,4805,Central,Beauty,Item_E,18949,9,Cash,In Transit,170541
103845,2023-06-10 04:00:00,7419,Central,Books,Item_D,30711,7,Debit Card,Cancelled,214977
103846,2023-06-10 05:00:00,6750,West,Home & Kitchen,Item_A,37669,1,Debit Card,Returned,37669
103847,2023-06-10 06:00:00,4856,North,Clothing,Item_E,40385,6,Net Banking,Cancelled,242310
103848,2023-06-10 07:00:00,4135,East,Electronics,Item_D,25272,7,Net Banking,Returned,176904
103849,2023-06-10 08:00:00,7953,East,Beauty,Item_D,42526,6,Net Banking,Cancelled,255156
103850,2023-06-10 09:00:00,7034,North,Books,Item_D,31346,2,UPI,Returned,62692
103851,2023-06-10 10:00:00,5589,North,Clothing,Item_E,11257,9,Credit Card,In Transit,101313
103852,2023-06-10 11:00:00,2546,South,Home & Kitchen,Item_A,26627,3,Credit Card,Returned,79881
103853,2023-06-10 12:00:00,7065,West,Books,Item_B,42182,6,Net Banking,Delivered,253092
103854,2023-06-10 13:00:00,2094,North,Books,Item_D,44290,6,Debit Card,In Transit,265740
103855,2023-06-10 14:00:00,3411,North,Electronics,Item_B,48854,8,Credit Card,Delivered,390832
103856,2023-06-10 15:00:00,3617,South,Home & Kitchen,Item_B,11236,4,Cash,In Transit,44944
103857,2023-06-10 16:00:00,9954,South,Home & Kitchen,Item_C,14260,6,UPI,Returned,85560
103858,2023-06-10 17:00:00,5145,Central,Beauty,Item_B,13807,1,Debit Card,In Transit,13807
103859,2023-06-10 18:00:00,3775,East,Electronics,Item_C,35302,9,UPI,Cancelled,317718
103860,2023-06-10 19:00:00,7628,West,Beauty,Item_A,24274,9,Cash,Returned,218466
103861,2023-06-10 20:00:00,4155,Central,Electronics,Item_A,49064,7,Credit Card,Cancelled,343448
103862,2023-06-10 21:00:00,4970,North,Home & Kitchen,Item_C,19973,1,UPI,Cancelled,19973
103863,2023-06-10 22:00:00,8972,South,Electronics,Item_A,33170,3,UPI,Cancelled,99510
103864,2023-06-10 23:00:00,9775,East,Electronics,Item_D,33198,5,UPI,Cancelled,165990
103865,2023-06-11 00:00:00,6415,Central,Electronics,Item_A,28410,4,Cash,Delivered,113640
103866,2023-06-11 01:00:00,5331,East,Clothing,Item_C,44288,5,Debit Card,Returned,221440
103867,2023-06-11 02:00:00,2942,South,Clothing,Item_D,11883,7,Debit Card,Cancelled,83181
103868,2023-06-11 03:00:00,7026,Central,Home & Kitchen,Item_B,3162,9,Cash,Delivered,28458
103869,2023-06-11 04:00:00,9301,Central,Electronics,Item_B,35295,1,UPI,In Transit,35295
103870,2023-06-11 05:00:00,1191,East,Home & Kitchen,Item_B,30200,5,UPI,Cancelled,151000
103871,2023-06-11 06:00:00,1861,South,Clothing,Item_C,29337,3,Net Banking,Cancelled,88011
103872,2023-06-11 07:00:00,7711,North,Electronics,Item_B,35752,3,Credit Card,Delivered,107256
103873,2023-06-11 08:00:00,1649,Central,Beauty,Item_A,46453,2,Credit Card,In Transit,92906
103874,2023-06-11 09:00:00,5134,North,Clothing,Item_B,33771,6,Debit Card,In Transit,202626
103875,2023-06-11 10:00:00,8587,South,Clothing,Item_E,45521,6,Cash,Delivered,273126
103876,2023-06-11 11:00:00,9828,Central,Clothing,Item_E,47550,3,UPI,Cancelled,142650
103877,2023-06-11 12:00:00,2036,Central,Electronics,Item_B,44061,1,Credit Card,Returned,44061
103878,2023-06-11 13:00:00,5131,North,Books,Item_B,39364,7,Cash,Delivered,275548
103879,2023-06-11 14:00:00,3148,West,Beauty,Item_E,47778,2,Cash,Returned,95556
103880,2023-06-11 15:00:00,6457,North,Beauty,Item_B,16759,8,UPI,Cancelled,134072
103881,2023-06-11 16:00:00,7079,North,Home & Kitchen,Item_D,42604,3,Cash,Cancelled,127812
103882,2023-06-11 17:00:00,3430,West,Electronics,Item_E,48274,1,Credit Card,In Transit,48274
103883,2023-06-11 18:00:00,2879,South,Clothing,Item_C,45163,9,Net Banking,Cancelled,406467
103884,2023-06-11 19:00:00,8542,South,Books,Item_E,5891,5,Credit Card,In Transit,29455
103885,2023-06-11 20:00:00,3011,Central,Electronics,Item_A,3732,1,Net Banking,In Transit,3732
103886,2023-06-11 21:00:00,4373,East,Electronics,Item_D,49191,6,Cash,Cancelled,295146
103887,2023-06-11 22:00:00,8357,East,Books,Item_C,20933,3,Credit Card,In Transit,62799
103888,2023-06-11 23:00:00,2289,Central,Clothing,Item_B,18127,4,UPI,Cancelled,72508
103889,2023-06-12 00:00:00,2447,East,Electronics,Item_A,43314,8,Cash,In Transit,346512
103890,2023-06-12 01:00:00,4199,North,Beauty,Item_A,13682,5,UPI,In Transit,68410
103891,2023-06-12 02:00:00,7381,North,Beauty,Item_D,26881,6,Net Banking,Cancelled,161286
103892,2023-06-12 03:00:00,8522,West,Books,Item_C,5656,4,Debit Card,Returned,22624
103893,2023-06-12 04:00:00,7059,West,Clothing,Item_A,3613,6,Debit Card,Delivered,21678
103894,2023-06-12 05:00:00,4183,Central,Books,Item_C,7285,3,Net Banking,Cancelled,21855
103895,2023-06-12 06:00:00,6462,Central,Electronics,Item_C,28137,1,Debit Card,In Transit,28137
103896,2023-06-12 07:00:00,4216,Central,Beauty,Item_A,20763,6,Cash,Delivered,124578
103897,2023-06-12 08:00:00,4136,North,Home & Kitchen,Item_C,9532,1,Cash,Returned,9532
103898,2023-06-12 09:00:00,4318,East,Books,Item_D,37775,3,Credit Card,Cancelled,113325
103899,2023-06-12 10:00:00,3782,Central,Home & Kitchen,Item_A,7586,8,Cash,In Transit,60688
103900,2023-06-12 11:00:00,8657,Central,Home & Kitchen,Item_D,26537,7,Debit Card,In Transit,185759
103901,2023-06-12 12:00:00,5920,North,Beauty,Item_D,34908,8,UPI,Cancelled,279264
103902,2023-06-12 13:00:00,7324,North,Books,Item_C,29772,2,Credit Card,In Transit,59544
103903,2023-06-12 14:00:00,7327,North,Home & Kitchen,Item_C,33624,7,UPI,Delivered,235368
103904,2023-06-12 15:00:00,9417,East,Electronics,Item_A,35471,4,Debit Card,In Transit,141884
103905,2023-06-12 16:00:00,1776,Central,Clothing,Item_B,11230,1,UPI,Delivered,11230
103906,2023-06-12 17:00:00,6208,South,Clothing,Item_A,13338,3,Debit Card,Delivered,40014
103907,2023-06-12 18:00:00,1687,South,Beauty,Item_D,47569,5,Cash,Cancelled,237845
103908,2023-06-12 19:00:00,1529,Central,Books,Item_C,15846,8,Credit Card,In Transit,126768
103909,2023-06-12 20:00:00,6067,Central,Books,Item_D,29012,2,Net Banking,Delivered,58024
103910,2023-06-12 21:00:00,9080,Central,Clothing,Item_E,23622,2,Debit Card,In Transit,47244
103911,2023-06-12 22:00:00,6518,Central,Electronics,Item_E,10845,8,Cash,Delivered,86760
103912,2023-06-12 23:00:00,3153,East,Clothing,Item_D,14828,9,UPI,Returned,133452
103913,2023-06-13 00:00:00,7094,South,Clothing,Item_B,24686,1,Cash,Cancelled,24686
103914,2023-06-13 01:00:00,7974,West,Books,Item_B,22609,2,UPI,Cancelled,45218
103915,2023-06-13 02:00:00,5774,South,Home & Kitchen,Item_A,39466,4,UPI,Cancelled,157864
103916,2023-06-13 03:00:00,8692,South,Electronics,Item_A,22932,3,UPI,Delivered,68796
103917,2023-06-13 04:00:00,4103,North,Books,Item_A,46757,1,UPI,Returned,46757
103918,2023-06-13 05:00:00,3440,Central,Clothing,Item_C,19625,4,Credit Card,Delivered,78500
103919,2023-06-13 06:00:00,5135,Central,Home & Kitchen,Item_B,12395,2,UPI,Cancelled,24790
103920,2023-06-13 07:00:00,8124,Central,Electronics,Item_D,18922,5,Credit Card,Delivered,94610
103921,2023-06-13 08:00:00,6201,North,Beauty,Item_E,16694,1,Net Banking,Cancelled,16694
103922,2023-06-13 09:00:00,1844,East,Electronics,Item_B,21771,8,Credit Card,In Transit,174168
103923,2023-06-13 10:00:00,1446,East,Electronics,Item_B,34686,2,UPI,Delivered,69372
103924,2023-06-13 11:00:00,4915,West,Clothing,Item_B,23100,3,Net Banking,In Transit,69300
103925,2023-06-13 12:00:00,4109,East,Clothing,Item_A,325,3,Cash,Delivered,975
103926,2023-06-13 13:00:00,2234,East,Beauty,Item_C,49014,4,Credit Card,Cancelled,196056
103927,2023-06-13 14:00:00,7587,Central,Beauty,Item_D,19518,7,Cash,In Transit,136626
103928,2023-06-13 15:00:00,1226,South,Beauty,Item_A,38885,9,Net Banking,Delivered,349965
103929,2023-06-13 16:00:00,5143,East,Books,Item_C,43362,3,Credit Card,Cancelled,130086
103930,2023-06-13 17:00:00,8185,East,Books,Item_B,7790,1,UPI,Delivered,7790
103931,2023-06-13 18:00:00,6558,North,Clothing,Item_C,35050,1,Credit Card,In Transit,35050
103932,2023-06-13 19:00:00,1186,West,Clothing,Item_A,12334,6,UPI,Delivered,74004
103933,2023-06-13 20:00:00,3535,North,Beauty,Item_B,25430,5,Debit Card,Delivered,127150
103934,2023-06-13 21:00:00,2932,Central,Books,Item_A,15258,7,Credit Card,In Transit,106806
103935,2023-06-13 22:00:00,3032,South,Home & Kitchen,Item_D,14501,7,Credit Card,Cancelled,101507
103936,2023-06-13 23:00:00,2252,West,Books,Item_B,38061,3,Cash,Delivered,114183
103937,2023-06-14 00:00:00,6509,North,Clothing,Item_C,27239,7,Cash,Delivered,190673
103938,2023-06-14 01:00:00,6074,East,Books,Item_A,484,9,Net Banking,Returned,4356
103939,2023-06-14 02:00:00,2881,East,Clothing,Item_E,38534,8,UPI,Returned,308272
103940,2023-06-14 03:00:00,1269,West,Beauty,Item_C,43725,3,Cash,Cancelled,131175
103941,2023-06-14 04:00:00,2630,East,Beauty,Item_C,41186,5,Net Banking,In Transit,205930
103942,2023-06-14 05:00:00,5405,North,Beauty,Item_B,18858,8,UPI,Cancelled,150864
103943,2023-06-14 06:00:00,7139,North,Home & Kitchen,Item_C,28643,2,UPI,Cancelled,57286
103944,2023-06-14 07:00:00,2574,East,Home & Kitchen,Item_A,4172,7,UPI,Cancelled,29204
103945,2023-06-14 08:00:00,2695,East,Clothing,Item_E,26367,7,Debit Card,Delivered,184569
103946,2023-06-14 09:00:00,4258,Central,Electronics,Item_D,13879,8,UPI,Delivered,111032
103947,2023-06-14 10:00:00,4262,South,Home & Kitchen,Item_E,44541,1,Net Banking,Cancelled,44541
103948,2023-06-14 11:00:00,2445,West,Clothing,Item_A,29719,8,UPI,Cancelled,237752
103949,2023-06-14 12:00:00,7263,North,Books,Item_B,25904,1,UPI,Returned,25904
103950,2023-06-14 13:00:00,9411,West,Beauty,Item_A,37081,3,Net Banking,In Transit,111243
103951,2023-06-14 14:00:00,1052,Central,Beauty,Item_C,32148,9,Credit Card,Cancelled,289332
103952,2023-06-14 15:00:00,6570,North,Beauty,Item_B,14578,4,UPI,Returned,58312
103953,2023-06-14 16:00:00,8579,Central,Clothing,Item_D,10528,9,Net Banking,Cancelled,94752
103954,2023-06-14 17:00:00,2666,Central,Beauty,Item_D,24932,1,Cash,In Transit,24932
103955,2023-06-14 18:00:00,7901,East,Home & Kitchen,Item_A,17873,8,Net Banking,Cancelled,142984
103956,2023-06-14 19:00:00,3785,West,Books,Item_C,10573,3,Debit Card,In Transit,31719
103957,2023-06-14 20:00:00,1719,West,Beauty,Item_D,5920,7,Cash,Delivered,41440
103958,2023-06-14 21:00:00,9597,East,Clothing,Item_E,5353,2,Credit Card,In Transit,10706
103959,2023-06-14 22:00:00,7855,West,Books,Item_B,6426,7,Credit Card,Cancelled,44982
103960,2023-06-14 23:00:00,3294,East,Beauty,Item_E,3176,7,Net Banking,Returned,22232
103961,2023-06-15 00:00:00,9263,North,Electronics,Item_D,38219,9,Net Banking,Delivered,343971
103962,2023-06-15 01:00:00,5482,Central,Beauty,Item_D,36467,2,UPI,Returned,72934
103963,2023-06-15 02:00:00,1698,Central,Home & Kitchen,Item_A,19497,8,UPI,Cancelled,155976
103964,2023-06-15 03:00:00,8243,West,Books,Item_A,16787,5,Debit Card,Delivered,83935
103965,2023-06-15 04:00:00,6918,South,Home & Kitchen,Item_B,18406,9,UPI,Returned,165654
103966,2023-06-15 05:00:00,1348,Central,Electronics,Item_A,26135,8,Net Banking,Cancelled,209080
103967,2023-06-15 06:00:00,6374,East,Electronics,Item_C,29833,3,Net Banking,Returned,89499
103968,2023-06-15 07:00:00,8869,South,Home & Kitchen,Item_B,10936,3,UPI,In Transit,32808
103969,2023-06-15 08:00:00,1307,South,Books,Item_C,41601,8,Debit Card,In Transit,332808
103970,2023-06-15 09:00:00,4416,Central,Electronics,Item_A,7171,9,Net Banking,Cancelled,64539
103971,2023-06-15 10:00:00,5820,Central,Electronics,Item_B,9707,2,Debit Card,Returned,19414
103972,2023-06-15 11:00:00,4558,Central,Beauty,Item_D,25924,3,Net Banking,Cancelled,77772
103973,2023-06-15 12:00:00,5478,East,Clothing,Item_E,22366,8,Debit Card,Returned,178928
103974,2023-06-15 13:00:00,7531,South,Electronics,Item_D,13358,2,Debit Card,Delivered,26716
103975,2023-06-15 14:00:00,5620,West,Books,Item_C,25974,8,Debit Card,Cancelled,207792
103976,2023-06-15 15:00:00,3985,East,Books,Item_D,11308,5,UPI,Cancelled,56540
103977,2023-06-15 16:00:00,9112,North,Beauty,Item_D,12277,6,Credit Card,Returned,73662
103978,2023-06-15 17:00:00,9467,Central,Books,Item_E,4375,4,Debit Card,Cancelled,17500
103979,2023-06-15 18:00:00,3547,South,Beauty,Item_E,35827,3,Debit Card,Delivered,107481
103980,2023-06-15 19:00:00,1336,East,Electronics,Item_D,3162,8,Net Banking,Returned,25296
103981,2023-06-15 20:00:00,3979,North,Electronics,Item_E,13816,9,Credit Card,Returned,124344
103982,2023-06-15 21:00:00,4968,East,Electronics,Item_D,32453,8,Net Banking,Returned,259624
103983,2023-06-15 22:00:00,1910,East,Electronics,Item_B,17951,9,Net Banking,Delivered,161559
103984,2023-06-15 23:00:00,2996,West,Clothing,Item_D,45825,1,Debit Card,Delivered,45825
103985,2023-06-16 00:00:00,4129,West,Clothing,Item_A,5410,5,Cash,Cancelled,27050
103986,2023-06-16 01:00:00,6447,East,Electronics,Item_E,32590,7,Credit Card,Returned,228130
103987,2023-06-16 02:00:00,7129,North,Books,Item_E,35877,8,Net Banking,Delivered,287016
103988,2023-06-16 03:00:00,6850,South,Beauty,Item_C,43376,2,Cash,In Transit,86752
103989,2023-06-16 04:00:00,5204,South,Home & Kitchen,Item_C,36373,4,Cash,Cancelled,145492
103990,2023-06-16 05:00:00,8446,Central,Beauty,Item_A,16193,7,Net Banking,Delivered,113351
103991,2023-06-16 06:00:00,9519,Central,Home & Kitchen,Item_E,27059,5,Debit Card,Delivered,135295
103992,2023-06-16 07:00:00,1314,South,Home & Kitchen,Item_E,21078,1,UPI,Delivered,21078
103993,2023-06-16 08:00:00,2134,East,Electronics,Item_C,15123,2,Net Banking,Cancelled,30246
103994,2023-06-16 09:00:00,5876,East,Home & Kitchen,Item_C,33788,5,Debit Card,Delivered,168940
103995,2023-06-16 10:00:00,9102,West,Electronics,Item_D,27300,6,Credit Card,Delivered,163800
103996,2023-06-16 11:00:00,9347,West,Clothing,Item_E,24286,1,Debit Card,In Transit,24286
103997,2023-06-16 12:00:00,6592,Central,Books,Item_E,40223,3,Cash,In Transit,120669
103998,2023-06-16 13:00:00,2724,South,Home & Kitchen,Item_D,47909,6,Credit Card,In Transit,287454
103999,2023-06-16 14:00:00,4343,East,Books,Item_E,32771,6,Credit Card,Delivered,196626
104000,2023-06-16 15:00:00,1886,South,Electronics,Item_A,11217,7,UPI,In Transit,78519
104001,2023-06-16 16:00:00,1721,North,Home & Kitchen,Item_C,37421,3,UPI,Returned,112263
104002,2023-06-16 17:00:00,8678,South,Beauty,Item_C,19713,1,Net Banking,In Transit,19713
104003,2023-06-16 18:00:00,4357,North,Clothing,Item_C,45174,7,Debit Card,In Transit,316218
104004,2023-06-16 19:00:00,1870,West,Clothing,Item_B,46678,3,Net Banking,Delivered,140034
104005,2023-06-16 20:00:00,7751,West,Home & Kitchen,Item_A,15060,5,UPI,Returned,75300
104006,2023-06-16 21:00:00,1497,Central,Clothing,Item_A,8286,4,Cash,In Transit,33144
104007,2023-06-16 22:00:00,2756,South,Beauty,Item_D,48744,1,UPI,Delivered,48744
104008,2023-06-16 23:00:00,2117,South,Books,Item_B,18250,7,Debit Card,Returned,127750
104009,2023-06-17 00:00:00,3828,North,Beauty,Item_E,40357,4,Cash,In Transit,161428
104010,2023-06-17 01:00:00,2647,West,Clothing,Item_A,19984,1,Net Banking,Delivered,19984
104011,2023-06-17 02:00:00,7992,North,Books,Item_B,11974,6,Net Banking,Returned,71844
104012,2023-06-17 03:00:00,7771,West,Beauty,Item_B,35168,4,UPI,In Transit,140672
104013,2023-06-17 04:00:00,1142,North,Electronics,Item_A,12342,4,UPI,Returned,49368
104014,2023-06-17 05:00:00,3761,West,Electronics,Item_D,23207,2,Net Banking,Returned,46414
104015,2023-06-17 06:00:00,4435,North,Books,Item_B,25358,1,Net Banking,Delivered,25358
104016,2023-06-17 07:00:00,7622,West,Books,Item_C,6251,3,Credit Card,Cancelled,18753
104017,2023-06-17 08:00:00,8069,North,Books,Item_B,31776,5,Debit Card,Returned,158880
104018,2023-06-17 09:00:00,5512,South,Electronics,Item_E,4315,9,Credit Card,Returned,38835
104019,2023-06-17 10:00:00,2848,Central,Beauty,Item_A,19224,7,Credit Card,Returned,134568
104020,2023-06-17 11:00:00,3696,North,Books,Item_E,6571,4,Net Banking,Returned,26284
104021,2023-06-17 12:00:00,2717,Central,Electronics,Item_D,28890,8,Debit Card,Returned,231120
104022,2023-06-17 13:00:00,4072,South,Books,Item_C,39555,4,Net Banking,Cancelled,158220
104023,2023-06-17 14:00:00,3786,South,Books,Item_A,32620,6,Credit Card,Delivered,195720
104024,2023-06-17 15:00:00,4791,West,Books,Item_B,43575,1,Credit Card,Cancelled,43575
104025,2023-06-17 16:00:00,4871,Central,Electronics,Item_C,48202,6,Net Banking,Delivered,289212
104026,2023-06-17 17:00:00,2806,East,Beauty,Item_B,46898,5,UPI,Cancelled,234490
104027,2023-06-17 18:00:00,2504,West,Electronics,Item_D,9280,2,UPI,Delivered,18560
104028,2023-06-17 19:00:00,4308,Central,Electronics,Item_A,2083,1,Net Banking,In Transit,2083
104029,2023-06-17 20:00:00,8117,North,Books,Item_D,5021,6,Cash,Returned,30126
104030,2023-06-17 21:00:00,6048,North,Home & Kitchen,Item_D,36790,2,Cash,Delivered,73580
104031,2023-06-17 22:00:00,9263,South,Home & Kitchen,Item_D,8538,9,UPI,Delivered,76842
104032,2023-06-17 23:00:00,2690,East,Home & Kitchen,Item_D,22207,9,Debit Card,Returned,199863
104033,2023-06-18 00:00:00,4303,North,Electronics,Item_B,2677,1,Credit Card,In Transit,2677
104034,2023-06-18 01:00:00,4113,Central,Books,Item_E,13335,5,Debit Card,Returned,66675
104035,2023-06-18 02:00:00,8850,Central,Home & Kitchen,Item_B,42623,8,UPI,Delivered,340984
104036,2023-06-18 03:00:00,7416,North,Clothing,Item_C,10637,4,Net Banking,Delivered,42548
104037,2023-06-18 04:00:00,2504,Central,Clothing,Item_D,48300,3,Cash,Returned,144900
104038,2023-06-18 05:00:00,9924,Central,Clothing,Item_C,9702,5,UPI,Cancelled,48510
104039,2023-06-18 06:00:00,4924,South,Beauty,Item_B,29436,5,Debit Card,Returned,147180
104040,2023-06-18 07:00:00,9615,East,Books,Item_D,568,8,Debit Card,Delivered,4544
104041,2023-06-18 08:00:00,5485,South,Electronics,Item_B,26039,6,UPI,Delivered,156234
104042,2023-06-18 09:00:00,9100,East,Electronics,Item_D,46566,2,Credit Card,Delivered,93132
104043,2023-06-18 10:00:00,9684,Central,Books,Item_B,35715,1,Debit Card,In Transit,35715
104044,2023-06-18 11:00:00,1191,East,Beauty,Item_A,7762,3,Credit Card,Returned,23286
104045,2023-06-18 12:00:00,9690,Central,Books,Item_E,7339,2,Credit Card,In Transit,14678
104046,2023-06-18 13:00:00,5917,Central,Beauty,Item_E,27341,4,Net Banking,Returned,109364
104047,2023-06-18 14:00:00,6831,South,Home & Kitchen,Item_D,42978,3,UPI,In Transit,128934
104048,2023-06-18 15:00:00,5322,South,Home & Kitchen,Item_A,6904,9,UPI,Cancelled,62136
104049,2023-06-18 16:00:00,7999,West,Beauty,Item_C,2087,5,Credit Card,Delivered,10435
104050,2023-06-18 17:00:00,8282,North,Books,Item_A,12175,4,Net Banking,Delivered,48700
104051,2023-06-18 18:00:00,2874,West,Home & Kitchen,Item_D,49411,9,Debit Card,Returned,444699
104052,2023-06-18 19:00:00,5763,West,Books,Item_A,744,4,Debit Card,Delivered,2976
104053,2023-06-18 20:00:00,9464,East,Home & Kitchen,Item_C,19648,6,UPI,In Transit,117888
104054,2023-06-18 21:00:00,2051,Central,Books,Item_D,23030,1,Credit Card,Cancelled,23030
104055,2023-06-18 22:00:00,8538,Central,Books,Item_E,46523,2,Net Banking,In Transit,93046
104056,2023-06-18 23:00:00,8411,Central,Clothing,Item_A,24126,4,Net Banking,In Transit,96504
104057,2023-06-19 00:00:00,7320,North,Beauty,Item_E,31202,9,Debit Card,Returned,280818
104058,2023-06-19 01:00:00,3105,East,Electronics,Item_E,47781,6,Debit Card,Delivered,286686
104059,2023-06-19 02:00:00,1307,East,Beauty,Item_B,13533,6,Cash,In Transit,81198
104060,2023-06-19 03:00:00,8737,Central,Books,Item_C,17142,9,Cash,Returned,154278
104061,2023-06-19 04:00:00,4359,West,Books,Item_A,14884,4,Credit Card,In Transit,59536
104062,2023-06-19 05:00:00,4176,North,Beauty,Item_E,26288,3,Cash,In Transit,78864
104063,2023-06-19 06:00:00,2251,West,Books,Item_E,22647,7,Net Banking,In Transit,158529
104064,2023-06-19 07:00:00,6366,South,Home & Kitchen,Item_C,9061,7,Cash,Returned,63427
104065,2023-06-19 08:00:00,2517,East,Books,Item_E,25033,9,UPI,Cancelled,225297
104066,2023-06-19 09:00:00,7226,East,Beauty,Item_E,17654,6,UPI,In Transit,105924
104067,2023-06-19 10:00:00,6305,West,Beauty,Item_E,1250,2,Debit Card,In Transit,2500
104068,2023-06-19 11:00:00,6869,North,Beauty,Item_E,20622,6,Debit Card,Returned,123732
104069,2023-06-19 12:00:00,9039,East,Clothing,Item_B,21730,8,Credit Card,Delivered,173840
104070,2023-06-19 13:00:00,5891,West,Clothing,Item_B,47260,6,UPI,Cancelled,283560
104071,2023-06-19 14:00:00,5992,North,Clothing,Item_D,15956,9,Credit Card,Returned,143604
104072,2023-06-19 15:00:00,2961,West,Clothing,Item_A,4222,4,Credit Card,Delivered,16888
104073,2023-06-19 16:00:00,3863,North,Clothing,Item_C,41304,3,Cash,Returned,123912
104074,2023-06-19 17:00:00,7603,Central,Clothing,Item_D,2834,5,Debit Card,Returned,14170
104075,2023-06-19 18:00:00,5567,North,Clothing,Item_B,27345,3,Credit Card,Cancelled,82035
104076,2023-06-19 19:00:00,7513,South,Beauty,Item_B,7488,2,Credit Card,Cancelled,14976
104077,2023-06-19 20:00:00,5005,Central,Electronics,Item_B,9192,2,Debit Card,Cancelled,18384
104078,2023-06-19 21:00:00,1183,West,Clothing,Item_D,34453,4,Debit Card,Cancelled,137812
104079,2023-06-19 22:00:00,8755,Central,Beauty,Item_B,27205,3,UPI,Delivered,81615
104080,2023-06-19 23:00:00,4358,Central,Electronics,Item_D,12366,9,Debit Card,In Transit,111294
104081,2023-06-20 00:00:00,7615,West,Clothing,Item_B,28265,7,Cash,Returned,197855
104082,2023-06-20 01:00:00,7797,West,Electronics,Item_E,17998,6,UPI,Cancelled,107988
104083,2023-06-20 02:00:00,9728,South,Electronics,Item_E,29501,8,Credit Card,In Transit,236008
104084,2023-06-20 03:00:00,8678,West,Home & Kitchen,Item_A,4094,9,Cash,Delivered,36846
104085,2023-06-20 04:00:00,6698,East,Books,Item_B,4046,3,Cash,Cancelled,12138
104086,2023-06-20 05:00:00,2273,East,Home & Kitchen,Item_A,14681,7,UPI,Returned,102767
104087,2023-06-20 06:00:00,7653,South,Electronics,Item_D,42354,9,Credit Card,In Transit,381186
104088,2023-06-20 07:00:00,2096,North,Beauty,Item_A,30421,1,UPI,Cancelled,30421
104089,2023-06-20 08:00:00,9002,North,Clothing,Item_B,47964,9,Net Banking,Returned,431676
104090,2023-06-20 09:00:00,5247,East,Books,Item_D,8248,7,Net Banking,In Transit,57736
104091,2023-06-20 10:00:00,6314,West,Clothing,Item_D,27586,4,UPI,Returned,110344
104092,2023-06-20 11:00:00,4354,South,Beauty,Item_E,33536,6,Credit Card,Delivered,201216
104093,2023-06-20 12:00:00,1270,North,Books,Item_D,39458,6,Credit Card,Cancelled,236748
104094,2023-06-20 13:00:00,2186,North,Home & Kitchen,Item_D,24053,6,Debit Card,Cancelled,144318
104095,2023-06-20 14:00:00,7305,Central,Electronics,Item_A,34913,2,Cash,Returned,69826
104096,2023-06-20 15:00:00,3398,East,Beauty,Item_D,16991,5,UPI,In Transit,84955
104097,2023-06-20 16:00:00,7995,West,Electronics,Item_C,4428,7,Cash,Cancelled,30996
104098,2023-06-20 17:00:00,8299,South,Electronics,Item_E,12145,6,Cash,Returned,72870
104099,2023-06-20 18:00:00,5182,North,Clothing,Item_E,41773,3,Net Banking,Delivered,125319
104100,2023-06-20 19:00:00,3230,Central,Beauty,Item_D,40099,5,Net Banking,Cancelled,200495
104101,2023-06-20 20:00:00,7511,East,Electronics,Item_A,24881,8,UPI,Returned,199048
104102,2023-06-20 21:00:00,1128,East,Home & Kitchen,Item_E,35186,5,UPI,In Transit,175930
104103,2023-06-20 22:00:00,4672,South,Books,Item_E,15175,3,Credit Card,Cancelled,45525
104104,2023-06-20 23:00:00,5765,North,Beauty,Item_C,48577,9,UPI,Cancelled,437193
104105,2023-06-21 00:00:00,4970,South,Clothing,Item_D,7911,3,Credit Card,Delivered,23733
104106,2023-06-21 01:00:00,8545,South,Beauty,Item_E,44959,2,Credit Card,Returned,89918
104107,2023-06-21 02:00:00,6552,Central,Clothing,Item_E,12305,6,UPI,In Transit,73830
104108,2023-06-21 03:00:00,1627,East,Books,Item_E,49845,8,Credit Card,Delivered,398760
104109,2023-06-21 04:00:00,7589,West,Home & Kitchen,Item_E,30346,6,Cash,Delivered,182076
104110,2023-06-21 05:00:00,3044,East,Electronics,Item_A,15438,1,Credit Card,Delivered,15438
104111,2023-06-21 06:00:00,3341,East,Beauty,Item_B,4068,8,Cash,Returned,32544
104112,2023-06-21 07:00:00,6884,Central,Clothing,Item_C,44494,1,Cash,Returned,44494
104113,2023-06-21 08:00:00,9185,West,Books,Item_A,10260,9,Cash,Cancelled,92340
104114,2023-06-21 09:00:00,1249,North,Electronics,Item_C,5633,8,Debit Card,Returned,45064
104115,2023-06-21 10:00:00,3925,West,Books,Item_E,22812,6,Debit Card,Delivered,136872
104116,2023-06-21 11:00:00,6043,North,Home & Kitchen,Item_C,18022,2,Credit Card,Returned,36044
104117,2023-06-21 12:00:00,1974,West,Electronics,Item_D,34320,9,UPI,In Transit,308880
104118,2023-06-21 13:00:00,8192,South,Electronics,Item_D,41204,8,Credit Card,Cancelled,329632
104119,2023-06-21 14:00:00,3672,West,Electronics,Item_B,21494,4,Debit Card,Delivered,85976
104120,2023-06-21 15:00:00,8279,Central,Clothing,Item_B,18964,2,Net Banking,Cancelled,37928
104121,2023-06-21 16:00:00,8531,North,Electronics,Item_C,4760,6,Net Banking,Returned,28560
104122,2023-06-21 17:00:00,9662,East,Books,Item_A,16783,1,Credit Card,Cancelled,16783
104123,2023-06-21 18:00:00,2987,Central,Clothing,Item_A,15760,7,Debit Card,Cancelled,110320
104124,2023-06-21 19:00:00,1090,North,Electronics,Item_E,4624,1,Cash,Returned,4624
104125,2023-06-21 20:00:00,9721,North,Books,Item_A,40815,6,Debit Card,Cancelled,244890
104126,2023-06-21 21:00:00,5059,East,Books,Item_B,27063,5,Credit Card,Returned,135315
104127,2023-06-21 22:00:00,3773,South,Beauty,Item_A,47163,3,Debit Card,Delivered,141489
104128,2023-06-21 23:00:00,9383,Central,Books,Item_E,29669,6,Net Banking,Cancelled,178014
104129,2023-06-22 00:00:00,8409,East,Home & Kitchen,Item_D,37765,4,Cash,In Transit,151060
104130,2023-06-22 01:00:00,5440,East,Electronics,Item_A,23384,6,Credit Card,In Transit,140304
104131,2023-06-22 02:00:00,8347,South,Electronics,Item_A,24110,4,Credit Card,Delivered,96440
104132,2023-06-22 03:00:00,2008,Central,Electronics,Item_B,47277,1,UPI,Returned,47277
104133,2023-06-22 04:00:00,4783,East,Books,Item_C,22604,5,Cash,Returned,113020
104134,2023-06-22 05:00:00,7646,South,Books,Item_D,35375,8,Credit Card,Cancelled,283000
104135,2023-06-22 06:00:00,5298,Central,Electronics,Item_C,3991,6,Debit Card,Cancelled,23946
104136,2023-06-22 07:00:00,5668,West,Clothing,Item_E,32408,9,Debit Card,In Transit,291672
104137,2023-06-22 08:00:00,5287,North,Clothing,Item_E,39476,4,Debit Card,In Transit,157904
104138,2023-06-22 09:00:00,3052,South,Home & Kitchen,Item_C,47375,9,Debit Card,Returned,426375
104139,2023-06-22 10:00:00,7009,North,Beauty,Item_B,9829,8,Credit Card,In Transit,78632
104140,2023-06-22 11:00:00,2716,West,Home & Kitchen,Item_B,33094,3,Net Banking,Returned,99282
104141,2023-06-22 12:00:00,1310,East,Electronics,Item_B,22190,6,Cash,Delivered,133140
104142,2023-06-22 13:00:00,5538,East,Electronics,Item_D,42780,4,Debit Card,Delivered,171120
104143,2023-06-22 14:00:00,2260,Central,Electronics,Item_E,7894,1,Credit Card,In Transit,7894
104144,2023-06-22 15:00:00,4932,South,Beauty,Item_E,36287,9,Credit Card,Cancelled,326583
104145,2023-06-22 16:00:00,1584,South,Books,Item_E,8873,4,Debit Card,In Transit,35492
104146,2023-06-22 17:00:00,8616,Central,Beauty,Item_D,38399,5,UPI,In Transit,191995
104147,2023-06-22 18:00:00,9551,North,Home & Kitchen,Item_E,32387,3,Credit Card,In Transit,97161
104148,2023-06-22 19:00:00,3866,East,Books,Item_C,4578,4,Cash,Cancelled,18312
104149,2023-06-22 20:00:00,6898,East,Books,Item_A,23753,9,Cash,In Transit,213777
104150,2023-06-22 21:00:00,3011,South,Home & Kitchen,Item_D,43980,7,UPI,Cancelled,307860
104151,2023-06-22 22:00:00,7251,South,Books,Item_A,39458,8,Credit Card,In Transit,315664
104152,2023-06-22 23:00:00,5939,Central,Clothing,Item_C,22724,3,UPI,Cancelled,68172
104153,2023-06-23 00:00:00,5006,West,Home & Kitchen,Item_B,43531,3,Credit Card,Cancelled,130593
104154,2023-06-23 01:00:00,2625,North,Home & Kitchen,Item_B,16822,7,Credit Card,Cancelled,117754
104155,2023-06-23 02:00:00,1890,West,Clothing,Item_B,1620,8,UPI,Cancelled,12960
104156,2023-06-23 03:00:00,7078,West,Beauty,Item_D,47640,5,Net Banking,Cancelled,238200
104157,2023-06-23 04:00:00,8036,South,Beauty,Item_B,540,1,Debit Card,Delivered,540
104158,2023-06-23 05:00:00,9923,South,Beauty,Item_D,44510,3,Debit Card,Returned,133530
104159,2023-06-23 06:00:00,4961,South,Books,Item_D,40488,5,Debit Card,Returned,202440
104160,2023-06-23 07:00:00,3504,West,Clothing,Item_A,44153,3,UPI,Cancelled,132459
104161,2023-06-23 08:00:00,9806,North,Home & Kitchen,Item_B,5187,1,Credit Card,Returned,5187
104162,2023-06-23 09:00:00,4806,South,Home & Kitchen,Item_E,26262,7,Credit Card,Cancelled,183834
104163,2023-06-23 10:00:00,7100,East,Home & Kitchen,Item_B,45717,1,Cash,In Transit,45717
104164,2023-06-23 11:00:00,2719,North,Books,Item_B,32656,6,Credit Card,Delivered,195936
104165,2023-06-23 12:00:00,7686,East,Books,Item_B,38380,6,Net Banking,In Transit,230280
104166,2023-06-23 13:00:00,2587,North,Beauty,Item_E,25508,7,Debit Card,In Transit,178556
104167,2023-06-23 14:00:00,8000,South,Books,Item_E,20062,1,Net Banking,Cancelled,20062
104168,2023-06-23 15:00:00,1896,Central,Beauty,Item_D,7870,3,Debit Card,In Transit,23610
104169,2023-06-23 16:00:00,6558,South,Beauty,Item_E,24446,9,UPI,Delivered,220014
104170,2023-06-23 17:00:00,9469,West,Home & Kitchen,Item_D,13966,2,Net Banking,In Transit,27932
104171,2023-06-23 18:00:00,5647,West,Books,Item_A,29881,5,Credit Card,Delivered,149405
104172,2023-06-23 19:00:00,3432,North,Beauty,Item_D,8523,3,Debit Card,Delivered,25569
104173,2023-06-23 20:00:00,4904,West,Clothing,Item_B,2057,5,Cash,Cancelled,10285
104174,2023-06-23 21:00:00,7837,South,Clothing,Item_C,47423,7,Net Banking,Delivered,331961
104175,2023-06-23 22:00:00,2449,East,Books,Item_C,30787,1,UPI,In Transit,30787
104176,2023-06-23 23:00:00,5500,South,Home & Kitchen,Item_B,26018,3,Cash,Cancelled,78054
104177,2023-06-24 00:00:00,6454,North,Home & Kitchen,Item_D,25447,6,UPI,Delivered,152682
104178,2023-06-24 01:00:00,5117,West,Beauty,Item_B,33472,7,Debit Card,Delivered,234304
104179,2023-06-24 02:00:00,9869,East,Books,Item_E,40435,3,Net Banking,Returned,121305
104180,2023-06-24 03:00:00,3028,Central,Clothing,Item_D,18740,4,UPI,Cancelled,74960
104181,2023-06-24 04:00:00,7845,East,Beauty,Item_B,26037,6,Cash,Returned,156222
104182,2023-06-24 05:00:00,4758,East,Beauty,Item_E,8684,5,Cash,Delivered,43420
104183,2023-06-24 06:00:00,6904,South,Electronics,Item_E,30882,9,Credit Card,Returned,277938
104184,2023-06-24 07:00:00,5624,Central,Books,Item_D,31907,1,UPI,In Transit,31907
104185,2023-06-24 08:00:00,9848,North,Beauty,Item_A,44810,5,Net Banking,In Transit,224050
104186,2023-06-24 09:00:00,1165,North,Clothing,Item_A,5123,1,Net Banking,Delivered,5123
104187,2023-06-24 10:00:00,5591,East,Electronics,Item_E,42219,8,Credit Card,Returned,337752
104188,2023-06-24 11:00:00,1589,East,Clothing,Item_A,16120,7,Cash,Returned,112840
104189,2023-06-24 12:00:00,5524,West,Home & Kitchen,Item_E,43463,5,UPI,Cancelled,217315
104190,2023-06-24 13:00:00,3821,Central,Electronics,Item_A,22138,6,Cash,In Transit,132828
104191,2023-06-24 14:00:00,7509,East,Electronics,Item_E,13519,4,UPI,In Transit,54076
104192,2023-06-24 15:00:00,8693,West,Beauty,Item_E,42361,9,UPI,Cancelled,381249
104193,2023-06-24 16:00:00,1071,Central,Home & Kitchen,Item_E,7100,3,UPI,In Transit,21300
104194,2023-06-24 17:00:00,4580,North,Beauty,Item_E,2360,2,Cash,Returned,4720
104195,2023-06-24 18:00:00,8962,West,Books,Item_C,16436,7,Cash,Returned,115052
104196,2023-06-24 19:00:00,1268,Central,Clothing,Item_A,6421,2,Cash,In Transit,12842
104197,2023-06-24 20:00:00,3462,West,Clothing,Item_E,25494,6,Debit Card,Cancelled,152964
104198,2023-06-24 21:00:00,2015,East,Beauty,Item_B,10238,8,Cash,Delivered,81904
104199,2023-06-24 22:00:00,8984,South,Clothing,Item_D,19851,3,Credit Card,Delivered,59553
104200,2023-06-24 23:00:00,1406,North,Clothing,Item_B,23560,3,Debit Card,Delivered,70680
104201,2023-06-25 00:00:00,8384,East,Books,Item_B,8455,3,UPI,Delivered,25365
104202,2023-06-25 01:00:00,7049,East,Home & Kitchen,Item_C,2899,1,Net Banking,Returned,2899
104203,2023-06-25 02:00:00,7169,Central,Electronics,Item_A,44093,9,Debit Card,Delivered,396837
104204,2023-06-25 03:00:00,8982,West,Beauty,Item_C,22128,5,Debit Card,Returned,110640
104205,2023-06-25 04:00:00,1985,North,Beauty,Item_A,48369,9,UPI,Returned,435321
104206,2023-06-25 05:00:00,5485,East,Books,Item_E,572,5,Cash,Delivered,2860
104207,2023-06-25 06:00:00,9901,Central,Books,Item_C,47512,7,Cash,Delivered,332584
104208,2023-06-25 07:00:00,3618,North,Electronics,Item_D,19098,1,Debit Card,Delivered,19098
104209,2023-06-25 08:00:00,7289,West,Home & Kitchen,Item_A,24055,9,Cash,In Transit,216495
104210,2023-06-25 09:00:00,7928,East,Beauty,Item_C,34958,1,Debit Card,In Transit,34958
104211,2023-06-25 10:00:00,6368,East,Books,Item_D,9807,4,Net Banking,Cancelled,39228
104212,2023-06-25 11:00:00,5621,East,Beauty,Item_B,39758,7,Net Banking,Returned,278306
104213,2023-06-25 12:00:00,8566,North,Clothing,Item_E,8753,9,UPI,Delivered,78777
104214,2023-06-25 13:00:00,5670,North,Beauty,Item_E,5583,1,Credit Card,In Transit,5583
104215,2023-06-25 14:00:00,8658,North,Home & Kitchen,Item_B,48543,6,Credit Card,Cancelled,291258
104216,2023-06-25 15:00:00,2003,North,Home & Kitchen,Item_C,915,5,Cash,Returned,4575
104217,2023-06-25 16:00:00,8504,Central,Beauty,Item_B,10037,3,Credit Card,Returned,30111
104218,2023-06-25 17:00:00,3466,South,Clothing,Item_D,14150,2,Net Banking,Returned,28300
104219,2023-06-25 18:00:00,2939,Central,Home & Kitchen,Item_A,8192,1,UPI,In Transit,8192
104220,2023-06-25 19:00:00,2635,East,Books,Item_C,27017,2,Net Banking,Delivered,54034
104221,2023-06-25 20:00:00,9095,Central,Beauty,Item_A,34018,4,Debit Card,Delivered,136072
104222,2023-06-25 21:00:00,7265,West,Clothing,Item_B,13557,6,Cash,Returned,81342
104223,2023-06-25 22:00:00,2895,North,Books,Item_E,4942,5,Cash,Returned,24710
104224,2023-06-25 23:00:00,7524,West,Beauty,Item_A,13569,4,Credit Card,Cancelled,54276
104225,2023-06-26 00:00:00,2073,West,Clothing,Item_A,5244,8,Debit Card,Cancelled,41952
104226,2023-06-26 01:00:00,6184,East,Books,Item_E,10488,7,Credit Card,Returned,73416
104227,2023-06-26 02:00:00,3402,North,Home & Kitchen,Item_A,25578,4,Credit Card,Cancelled,102312
104228,2023-06-26 03:00:00,5895,West,Beauty,Item_A,7461,5,Credit Card,In Transit,37305
104229,2023-06-26 04:00:00,8331,East,Beauty,Item_E,43814,5,Debit Card,Returned,219070
104230,2023-06-26 05:00:00,2956,North,Home & Kitchen,Item_E,18264,3,Credit Card,Cancelled,54792
104231,2023-06-26 06:00:00,8023,South,Electronics,Item_B,9999,9,Cash,Returned,89991
104232,2023-06-26 07:00:00,4907,East,Books,Item_B,3722,5,Credit Card,Delivered,18610
104233,2023-06-26 08:00:00,1807,Central,Home & Kitchen,Item_A,13890,2,Debit Card,In Transit,27780
104234,2023-06-26 09:00:00,9378,North,Beauty,Item_C,2257,4,Debit Card,Returned,9028
104235,2023-06-26 10:00:00,5827,West,Books,Item_B,35689,4,Net Banking,Delivered,142756
104236,2023-06-26 11:00:00,5524,West,Books,Item_B,37789,5,Credit Card,Returned,188945
104237,2023-06-26 12:00:00,3284,Central,Electronics,Item_C,35531,8,Debit Card,Delivered,284248
104238,2023-06-26 13:00:00,6313,Central,Beauty,Item_C,14759,5,Credit Card,Cancelled,73795
104239,2023-06-26 14:00:00,1757,West,Clothing,Item_E,13892,1,UPI,Delivered,13892
104240,2023-06-26 15:00:00,5887,North,Electronics,Item_B,48629,2,Cash,In Transit,97258
104241,2023-06-26 16:00:00,4854,East,Electronics,Item_D,402,3,Cash,In Transit,1206
104242,2023-06-26 17:00:00,4558,Central,Clothing,Item_D,33909,3,Credit Card,Cancelled,101727
104243,2023-06-26 18:00:00,1961,Central,Clothing,Item_A,17172,6,Cash,Returned,103032
104244,2023-06-26 19:00:00,4847,Central,Electronics,Item_B,41730,9,Cash,In Transit,375570
104245,2023-06-26 20:00:00,7726,South,Books,Item_D,9737,1,UPI,Cancelled,9737
104246,2023-06-26 21:00:00,4575,North,Home & Kitchen,Item_B,1842,6,Cash,In Transit,11052
104247,2023-06-26 22:00:00,3418,North,Home & Kitchen,Item_B,1565,9,Cash,Cancelled,14085
104248,2023-06-26 23:00:00,5198,North,Electronics,Item_D,40524,4,Debit Card,In Transit,162096
104249,2023-06-27 00:00:00,2001,North,Books,Item_B,208,3,Cash,Cancelled,624
104250,2023-06-27 01:00:00,6244,North,Clothing,Item_C,49883,6,Credit Card,In Transit,299298
104251,2023-06-27 02:00:00,8119,West,Electronics,Item_A,29020,6,Cash,Returned,174120
104252,2023-06-27 03:00:00,5066,Central,Beauty,Item_E,34003,2,Credit Card,Delivered,68006
104253,2023-06-27 04:00:00,3845,West,Books,Item_D,45731,5,Cash,In Transit,228655
104254,2023-06-27 05:00:00,9849,South,Beauty,Item_E,18201,1,Credit Card,Cancelled,18201
104255,2023-06-27 06:00:00,6316,East,Beauty,Item_A,6922,9,Cash,Returned,62298
104256,2023-06-27 07:00:00,1422,Central,Electronics,Item_C,20300,9,Credit Card,In Transit,182700
104257,2023-06-27 08:00:00,7715,South,Books,Item_C,17660,3,Cash,Cancelled,52980
104258,2023-06-27 09:00:00,5266,West,Beauty,Item_C,24187,5,UPI,Delivered,120935
104259,2023-06-27 10:00:00,8549,East,Books,Item_C,4215,3,Debit Card,Cancelled,12645
104260,2023-06-27 11:00:00,7316,South,Home & Kitchen,Item_D,40097,7,Debit Card,In Transit,280679
104261,2023-06-27 12:00:00,3710,East,Beauty,Item_D,3162,1,Debit Card,Cancelled,3162
104262,2023-06-27 13:00:00,9644,South,Beauty,Item_B,5040,5,Debit Card,Cancelled,25200
104263,2023-06-27 14:00:00,9069,West,Books,Item_B,20733,6,UPI,Delivered,124398
104264,2023-06-27 15:00:00,2657,East,Home & Kitchen,Item_A,20654,7,UPI,In Transit,144578
104265,2023-06-27 16:00:00,3541,South,Beauty,Item_B,48305,3,Cash,In Transit,144915
104266,2023-06-27 17:00:00,7763,West,Electronics,Item_A,5899,7,UPI,Delivered,41293
104267,2023-06-27 18:00:00,4075,Central,Books,Item_A,6122,4,Debit Card,Returned,24488
104268,2023-06-27 19:00:00,4164,West,Books,Item_A,25119,6,Net Banking,Cancelled,150714
104269,2023-06-27 20:00:00,3053,West,Beauty,Item_C,26708,5,Cash,Cancelled,133540
104270,2023-06-27 21:00:00,9479,Central,Home & Kitchen,Item_E,21864,4,Credit Card,Cancelled,87456
104271,2023-06-27 22:00:00,6737,West,Beauty,Item_E,32470,6,Debit Card,In Transit,194820
104272,2023-06-27 23:00:00,4217,Central,Clothing,Item_D,25478,3,Debit Card,In Transit,76434
104273,2023-06-28 00:00:00,2447,Central,Beauty,Item_A,15062,3,Debit Card,Cancelled,45186
104274,2023-06-28 01:00:00,7009,Central,Clothing,Item_C,13798,5,UPI,In Transit,68990
104275,2023-06-28 02:00:00,1607,South,Electronics,Item_B,2098,5,Credit Card,Delivered,10490
104276,2023-06-28 03:00:00,5552,East,Books,Item_B,23139,9,Cash,Delivered,208251
104277,2023-06-28 04:00:00,2764,South,Books,Item_D,31488,4,Debit Card,In Transit,125952
104278,2023-06-28 05:00:00,3671,Central,Home & Kitchen,Item_D,24974,5,Credit Card,Cancelled,124870
104279,2023-06-28 06:00:00,7519,East,Beauty,Item_A,3022,9,Net Banking,Cancelled,27198
104280,2023-06-28 07:00:00,4962,East,Electronics,Item_A,37452,4,UPI,Cancelled,149808
104281,2023-06-28 08:00:00,4177,Central,Clothing,Item_B,25249,3,Debit Card,Cancelled,75747
104282,2023-06-28 09:00:00,4722,East,Home & Kitchen,Item_B,22084,7,Credit Card,In Transit,154588
104283,2023-06-28 10:00:00,5906,East,Electronics,Item_B,13252,7,Credit Card,Returned,92764
104284,2023-06-28 11:00:00,8263,South,Electronics,Item_B,18238,8,Debit Card,Returned,145904
104285,2023-06-28 12:00:00,6054,East,Clothing,Item_E,17175,4,Credit Card,Cancelled,68700
104286,2023-06-28 13:00:00,1808,Central,Clothing,Item_A,34816,4,Credit Card,Cancelled,139264
104287,2023-06-28 14:00:00,1725,North,Books,Item_A,13469,9,Cash,Cancelled,121221
104288,2023-06-28 15:00:00,8701,North,Beauty,Item_B,3241,7,UPI,Returned,22687
104289,2023-06-28 16:00:00,2216,North,Home & Kitchen,Item_C,16751,3,Cash,Delivered,50253
104290,2023-06-28 17:00:00,5051,Central,Beauty,Item_B,4579,9,UPI,Returned,41211
104291,2023-06-28 18:00:00,3197,North,Home & Kitchen,Item_D,7861,5,UPI,In Transit,39305
104292,2023-06-28 19:00:00,3806,South,Electronics,Item_C,7167,4,Cash,Returned,28668
104293,2023-06-28 20:00:00,9970,Central,Clothing,Item_D,30070,1,Debit Card,In Transit,30070
104294,2023-06-28 21:00:00,1972,Central,Clothing,Item_C,45167,9,Credit Card,Cancelled,406503
104295,2023-06-28 22:00:00,6634,Central,Electronics,Item_D,15874,6,Net Banking,In Transit,95244
104296,2023-06-28 23:00:00,8483,East,Electronics,Item_B,20594,2,Cash,Cancelled,41188
104297,2023-06-29 00:00:00,3123,East,Home & Kitchen,Item_B,13731,7,Cash,Delivered,96117
104298,2023-06-29 01:00:00,9790,East,Electronics,Item_C,21570,3,Debit Card,Cancelled,64710
104299,2023-06-29 02:00:00,1224,West,Home & Kitchen,Item_D,18765,6,Credit Card,Cancelled,112590
104300,2023-06-29 03:00:00,2814,South,Beauty,Item_E,1032,8,Cash,Delivered,8256
104301,2023-06-29 04:00:00,2106,Central,Clothing,Item_C,47178,3,Net Banking,Cancelled,141534
104302,2023-06-29 05:00:00,1124,Central,Clothing,Item_C,17605,5,Credit Card,Cancelled,88025
104303,2023-06-29 06:00:00,4246,East,Clothing,Item_A,10385,6,Cash,Cancelled,62310
104304,2023-06-29 07:00:00,3931,Central,Beauty,Item_C,3692,1,Cash,Returned,3692
104305,2023-06-29 08:00:00,3971,Central,Beauty,Item_E,44830,7,UPI,In Transit,313810
104306,2023-06-29 09:00:00,3017,North,Books,Item_B,488,4,UPI,Cancelled,1952
104307,2023-06-29 10:00:00,8415,Central,Home & Kitchen,Item_D,40784,7,Cash,Returned,285488
104308,2023-06-29 11:00:00,3415,West,Home & Kitchen,Item_A,1276,7,Debit Card,Cancelled,8932
104309,2023-06-29 12:00:00,4096,East,Books,Item_D,48532,5,UPI,In Transit,242660
104310,2023-06-29 13:00:00,2609,South,Clothing,Item_B,34339,8,Cash,Cancelled,274712
104311,2023-06-29 14:00:00,1717,South,Home & Kitchen,Item_C,1274,8,Credit Card,In Transit,10192
104312,2023-06-29 15:00:00,4561,North,Home & Kitchen,Item_E,37902,5,Net Banking,Returned,189510
104313,2023-06-29 16:00:00,7782,South,Clothing,Item_A,27735,5,UPI,Returned,138675
104314,2023-06-29 17:00:00,2048,South,Electronics,Item_E,33007,7,Cash,Cancelled,231049
104315,2023-06-29 18:00:00,9307,East,Electronics,Item_E,4474,6,UPI,Delivered,26844
104316,2023-06-29 19:00:00,8905,East,Books,Item_E,28398,4,Credit Card,In Transit,113592
104317,2023-06-29 20:00:00,6578,West,Beauty,Item_E,49534,2,Debit Card,Cancelled,99068
104318,2023-06-29 21:00:00,2620,North,Home & Kitchen,Item_B,30059,8,Cash,Returned,240472
104319,2023-06-29 22:00:00,7548,South,Home & Kitchen,Item_E,38464,3,Credit Card,Cancelled,115392
104320,2023-06-29 23:00:00,8381,West,Books,Item_E,45960,2,Net Banking,In Transit,91920
104321,2023-06-30 00:00:00,5780,North,Books,Item_B,35476,7,Cash,Cancelled,248332
104322,2023-06-30 01:00:00,4792,South,Home & Kitchen,Item_D,12218,6,Net Banking,In Transit,73308
104323,2023-06-30 02:00:00,3941,South,Clothing,Item_B,8272,8,Debit Card,Returned,66176
104324,2023-06-30 03:00:00,6695,East,Clothing,Item_C,13548,6,Cash,Delivered,81288
104325,2023-06-30 04:00:00,7401,Central,Beauty,Item_B,46878,7,Cash,Delivered,328146
104326,2023-06-30 05:00:00,7197,North,Home & Kitchen,Item_D,14152,2,Credit Card,Returned,28304
104327,2023-06-30 06:00:00,6450,South,Home & Kitchen,Item_C,49033,2,UPI,Returned,98066
104328,2023-06-30 07:00:00,9975,North,Home & Kitchen,Item_C,518,6,Cash,Cancelled,3108
104329,2023-06-30 08:00:00,9432,West,Home & Kitchen,Item_A,12018,9,Debit Card,Returned,108162
104330,2023-06-30 09:00:00,6874,West,Books,Item_E,26211,3,Cash,Returned,78633
104331,2023-06-30 10:00:00,2553,Central,Electronics,Item_C,18987,8,Cash,In Transit,151896
104332,2023-06-30 11:00:00,2012,South,Home & Kitchen,Item_C,46950,5,Cash,Cancelled,234750
104333,2023-06-30 12:00:00,9378,East,Electronics,Item_D,43824,6,Cash,In Transit,262944
104334,2023-06-30 13:00:00,2881,South,Clothing,Item_C,12716,6,Debit Card,Cancelled,76296
104335,2023-06-30 14:00:00,7799,North,Beauty,Item_D,33696,3,Credit Card,Cancelled,101088
104336,2023-06-30 15:00:00,5586,West,Clothing,Item_E,34255,5,UPI,Delivered,171275
104337,2023-06-30 16:00:00,9622,North,Home & Kitchen,Item_A,36969,1,Debit Card,Delivered,36969
104338,2023-06-30 17:00:00,9430,Central,Clothing,Item_A,8952,2,Debit Card,Returned,17904
104339,2023-06-30 18:00:00,7447,West,Books,Item_E,1575,3,Net Banking,Cancelled,4725
104340,2023-06-30 19:00:00,3345,East,Electronics,Item_E,15170,4,UPI,Returned,60680
104341,2023-06-30 20:00:00,1075,West,Home & Kitchen,Item_B,45046,9,Credit Card,In Transit,405414
104342,2023-06-30 21:00:00,6877,South,Books,Item_C,32992,1,Credit Card,Returned,32992
104343,2023-06-30 22:00:00,7785,South,Electronics,Item_C,17738,3,Net Banking,In Transit,53214
104344,2023-06-30 23:00:00,5922,West,Books,Item_C,12857,3,Net Banking,Delivered,38571
104345,2023-07-01 00:00:00,9090,Central,Clothing,Item_D,18043,6,Debit Card,Delivered,108258
104346,2023-07-01 01:00:00,3330,South,Home & Kitchen,Item_B,15783,5,Credit Card,In Transit,78915
104347,2023-07-01 02:00:00,5686,South,Clothing,Item_C,21691,3,Credit Card,In Transit,65073
104348,2023-07-01 03:00:00,2902,East,Beauty,Item_D,37674,4,Credit Card,In Transit,150696
104349,2023-07-01 04:00:00,5670,West,Home & Kitchen,Item_D,46631,7,Debit Card,Returned,326417
104350,2023-07-01 05:00:00,8143,South,Clothing,Item_A,48812,3,Credit Card,In Transit,146436
104351,2023-07-01 06:00:00,3059,Central,Home & Kitchen,Item_D,42380,9,Cash,Cancelled,381420
104352,2023-07-01 07:00:00,1140,North,Electronics,Item_E,18740,8,Net Banking,In Transit,149920
104353,2023-07-01 08:00:00,2789,West,Home & Kitchen,Item_D,6179,2,Net Banking,Delivered,12358
104354,2023-07-01 09:00:00,1016,East,Home & Kitchen,Item_E,8143,5,Net Banking,In Transit,40715
104355,2023-07-01 10:00:00,1464,South,Electronics,Item_E,9111,4,Net Banking,Delivered,36444
104356,2023-07-01 11:00:00,5471,Central,Clothing,Item_A,40454,5,Cash,Delivered,202270
104357,2023-07-01 12:00:00,2827,West,Home & Kitchen,Item_A,34073,3,UPI,Returned,102219
104358,2023-07-01 13:00:00,9711,Central,Books,Item_D,3969,1,Credit Card,In Transit,3969
104359,2023-07-01 14:00:00,6956,Central,Home & Kitchen,Item_A,2679,8,Net Banking,Delivered,21432
104360,2023-07-01 15:00:00,1089,East,Clothing,Item_A,10312,9,Credit Card,Cancelled,92808
104361,2023-07-01 16:00:00,5815,West,Electronics,Item_C,44239,8,Credit Card,In Transit,353912
104362,2023-07-01 17:00:00,3851,South,Clothing,Item_D,4931,4,Cash,In Transit,19724
104363,2023-07-01 18:00:00,3843,East,Beauty,Item_D,11561,2,Credit Card,Delivered,23122
104364,2023-07-01 19:00:00,7543,South,Home & Kitchen,Item_D,49055,4,Net Banking,Returned,196220
104365,2023-07-01 20:00:00,6901,North,Home & Kitchen,Item_A,36140,9,Credit Card,Returned,325260
104366,2023-07-01 21:00:00,1969,Central,Electronics,Item_A,47009,9,Cash,In Transit,423081
104367,2023-07-01 22:00:00,2094,North,Home & Kitchen,Item_E,32405,5,Net Banking,In Transit,162025
104368,2023-07-01 23:00:00,7124,Central,Books,Item_B,24769,5,Cash,Returned,123845
104369,2023-07-02 00:00:00,8347,East,Books,Item_B,7268,3,Debit Card,Returned,21804
104370,2023-07-02 01:00:00,4195,South,Clothing,Item_B,6757,6,UPI,Cancelled,40542
104371,2023-07-02 02:00:00,2404,South,Electronics,Item_C,36298,7,Credit Card,In Transit,254086
104372,2023-07-02 03:00:00,7940,East,Beauty,Item_A,38990,9,Credit Card,In Transit,350910
104373,2023-07-02 04:00:00,5290,West,Clothing,Item_E,45611,7,Credit Card,In Transit,319277
104374,2023-07-02 05:00:00,4982,North,Electronics,Item_E,35026,3,Debit Card,Returned,105078
104375,2023-07-02 06:00:00,6555,North,Electronics,Item_B,22274,7,UPI,Delivered,155918
104376,2023-07-02 07:00:00,8954,South,Clothing,Item_C,22355,1,Cash,Cancelled,22355
104377,2023-07-02 08:00:00,5713,South,Clothing,Item_C,36589,2,Debit Card,Returned,73178
104378,2023-07-02 09:00:00,4092,South,Home & Kitchen,Item_B,42305,4,Debit Card,Returned,169220
104379,2023-07-02 10:00:00,5159,East,Beauty,Item_B,36959,7,Net Banking,Cancelled,258713
104380,2023-07-02 11:00:00,7308,West,Books,Item_A,30984,9,Debit Card,In Transit,278856
104381,2023-07-02 12:00:00,8478,North,Home & Kitchen,Item_C,32601,5,Debit Card,Delivered,163005
104382,2023-07-02 13:00:00,9476,Central,Electronics,Item_E,11765,8,Credit Card,Cancelled,94120
104383,2023-07-02 14:00:00,5933,East,Beauty,Item_B,24900,7,Net Banking,Delivered,174300
104384,2023-07-02 15:00:00,5926,North,Beauty,Item_A,41471,5,Cash,In Transit,207355
104385,2023-07-02 16:00:00,4969,West,Clothing,Item_E,15537,3,UPI,Delivered,46611
104386,2023-07-02 17:00:00,3965,East,Beauty,Item_C,11312,3,Cash,In Transit,33936
104387,2023-07-02 18:00:00,5319,North,Beauty,Item_B,13961,6,Net Banking,Returned,83766
104388,2023-07-02 19:00:00,9975,East,Electronics,Item_B,42991,4,Credit Card,In Transit,171964
104389,2023-07-02 20:00:00,8108,North,Home & Kitchen,Item_A,9085,3,UPI,Cancelled,27255
104390,2023-07-02 21:00:00,4939,North,Beauty,Item_A,1576,4,Cash,Cancelled,6304
104391,2023-07-02 22:00:00,1044,West,Clothing,Item_C,6139,3,UPI,In Transit,18417
104392,2023-07-02 23:00:00,2810,Central,Home & Kitchen,Item_B,42149,6,UPI,In Transit,252894
104393,2023-07-03 00:00:00,5566,West,Clothing,Item_A,3046,7,UPI,Returned,21322
104394,2023-07-03 01:00:00,2909,North,Beauty,Item_B,7017,4,Debit Card,Returned,28068
104395,2023-07-03 02:00:00,7364,East,Home & Kitchen,Item_C,7630,3,Net Banking,In Transit,22890
104396,2023-07-03 03:00:00,3581,West,Beauty,Item_B,26528,3,Net Banking,Delivered,79584
104397,2023-07-03 04:00:00,1691,Central,Electronics,Item_E,11351,3,Credit Card,Returned,34053
104398,2023-07-03 05:00:00,1931,North,Home & Kitchen,Item_B,27819,9,Cash,Cancelled,250371
104399,2023-07-03 06:00:00,8910,West,Clothing,Item_D,34684,3,Credit Card,Returned,104052
104400,2023-07-03 07:00:00,7382,West,Electronics,Item_D,27864,3,Cash,Returned,83592
104401,2023-07-03 08:00:00,4406,West,Books,Item_C,6980,8,UPI,Returned,55840
104402,2023-07-03 09:00:00,9339,West,Clothing,Item_C,3531,4,Cash,Returned,14124
104403,2023-07-03 10:00:00,2032,East,Beauty,Item_C,28804,7,Cash,In Transit,201628
104404,2023-07-03 11:00:00,2311,Central,Clothing,Item_E,42049,3,UPI,Returned,126147
104405,2023-07-03 12:00:00,9579,Central,Books,Item_E,17962,8,Credit Card,Delivered,143696
104406,2023-07-03 13:00:00,4121,North,Clothing,Item_B,23965,3,Cash,Returned,71895
104407,2023-07-03 14:00:00,2873,South,Electronics,Item_A,37243,5,Credit Card,Returned,186215
104408,2023-07-03 15:00:00,7781,East,Clothing,Item_D,22122,1,Credit Card,Cancelled,22122
104409,2023-07-03 16:00:00,4748,North,Home & Kitchen,Item_D,23894,5,Net Banking,Returned,119470
104410,2023-07-03 17:00:00,1277,North,Books,Item_D,10756,6,UPI,Cancelled,64536
104411,2023-07-03 18:00:00,2859,West,Clothing,Item_B,13755,7,UPI,Cancelled,96285
104412,2023-07-03 19:00:00,6929,South,Books,Item_B,49583,2,Debit Card,In Transit,99166
104413,2023-07-03 20:00:00,7792,South,Electronics,Item_C,10204,2,Credit Card,Cancelled,20408
104414,2023-07-03 21:00:00,5713,East,Home & Kitchen,Item_A,38390,9,Debit Card,Cancelled,345510
104415,2023-07-03 22:00:00,5675,South,Beauty,Item_C,21010,1,UPI,Delivered,21010
104416,2023-07-03 23:00:00,2170,North,Clothing,Item_B,11388,2,UPI,Delivered,22776
104417,2023-07-04 00:00:00,9681,South,Electronics,Item_E,447,2,Debit Card,Cancelled,894
104418,2023-07-04 01:00:00,6308,South,Books,Item_C,20962,7,UPI,In Transit,146734
104419,2023-07-04 02:00:00,3462,Central,Books,Item_B,46566,6,UPI,Delivered,279396
104420,2023-07-04 03:00:00,1287,North,Electronics,Item_B,46195,9,Net Banking,Delivered,415755
104421,2023-07-04 04:00:00,6953,South,Clothing,Item_E,14011,7,Cash,In Transit,98077
104422,2023-07-04 05:00:00,5282,South,Beauty,Item_E,3941,3,Net Banking,Returned,11823
104423,2023-07-04 06:00:00,2907,West,Clothing,Item_E,29252,3,Cash,Delivered,87756
104424,2023-07-04 07:00:00,2161,South,Home & Kitchen,Item_A,49414,1,Net Banking,Cancelled,49414
104425,2023-07-04 08:00:00,1129,South,Clothing,Item_B,34519,8,Net Banking,Cancelled,276152
104426,2023-07-04 09:00:00,7337,Central,Home & Kitchen,Item_E,6506,1,Credit Card,Cancelled,6506
104427,2023-07-04 10:00:00,3363,North,Books,Item_A,3205,2,Debit Card,In Transit,6410
104428,2023-07-04 11:00:00,9151,East,Home & Kitchen,Item_D,3522,7,Net Banking,Cancelled,24654
104429,2023-07-04 12:00:00,6983,North,Beauty,Item_D,16208,1,Credit Card,Returned,16208
104430,2023-07-04 13:00:00,1143,West,Electronics,Item_D,40965,4,Net Banking,In Transit,163860
104431,2023-07-04 14:00:00,9207,North,Home & Kitchen,Item_B,25070,9,Debit Card,Delivered,225630
104432,2023-07-04 15:00:00,8469,South,Clothing,Item_A,12666,8,Credit Card,In Transit,101328
104433,2023-07-04 16:00:00,1244,West,Home & Kitchen,Item_A,45484,8,Cash,Cancelled,363872
104434,2023-07-04 17:00:00,1926,North,Books,Item_D,33361,3,Debit Card,In Transit,100083
104435,2023-07-04 18:00:00,4178,West,Home & Kitchen,Item_C,2939,5,UPI,In Transit,14695
104436,2023-07-04 19:00:00,3176,East,Beauty,Item_D,37135,4,Credit Card,In Transit,148540
104437,2023-07-04 20:00:00,6002,North,Home & Kitchen,Item_B,13394,8,UPI,In Transit,107152
104438,2023-07-04 21:00:00,1886,South,Beauty,Item_D,4431,7,Credit Card,Returned,31017
104439,2023-07-04 22:00:00,9532,West,Clothing,Item_D,28468,7,Cash,In Transit,199276
104440,2023-07-04 23:00:00,4398,Central,Books,Item_A,1601,7,Credit Card,Cancelled,11207
104441,2023-07-05 00:00:00,9497,West,Electronics,Item_D,8286,1,Net Banking,Delivered,8286
104442,2023-07-05 01:00:00,3654,Central,Clothing,Item_E,33873,7,UPI,Returned,237111
104443,2023-07-05 02:00:00,8392,South,Clothing,Item_E,729,4,UPI,In Transit,2916
104444,2023-07-05 03:00:00,2371,East,Electronics,Item_C,40979,3,Credit Card,Delivered,122937
104445,2023-07-05 04:00:00,8135,Central,Home & Kitchen,Item_B,23662,5,Net Banking,Returned,118310
104446,2023-07-05 05:00:00,1320,East,Home & Kitchen,Item_B,47969,2,Net Banking,Cancelled,95938
104447,2023-07-05 06:00:00,5654,West,Home & Kitchen,Item_A,37586,8,Credit Card,Cancelled,300688
104448,2023-07-05 07:00:00,6300,South,Books,Item_B,17156,9,Debit Card,Delivered,154404
104449,2023-07-05 08:00:00,7761,Central,Clothing,Item_C,17227,5,Cash,In Transit,86135
104450,2023-07-05 09:00:00,7854,West,Beauty,Item_E,47876,3,Credit Card,Delivered,143628
104451,2023-07-05 10:00:00,6505,North,Electronics,Item_A,20655,7,Net Banking,Returned,144585
104452,2023-07-05 11:00:00,7553,West,Clothing,Item_E,39981,1,Cash,Delivered,39981
104453,2023-07-05 12:00:00,5042,East,Home & Kitchen,Item_C,42452,3,Credit Card,Delivered,127356
104454,2023-07-05 13:00:00,8498,South,Electronics,Item_A,44755,9,Cash,In Transit,402795
104455,2023-07-05 14:00:00,7636,South,Beauty,Item_D,45802,2,Debit Card,Cancelled,91604
104456,2023-07-05 15:00:00,8362,West,Clothing,Item_B,5805,9,Net Banking,In Transit,52245
104457,2023-07-05 16:00:00,1011,North,Clothing,Item_C,10877,1,Debit Card,Cancelled,10877
104458,2023-07-05 17:00:00,1194,East,Books,Item_A,17138,4,Debit Card,In Transit,68552
104459,2023-07-05 18:00:00,3537,West,Clothing,Item_E,47019,6,Net Banking,Cancelled,282114
104460,2023-07-05 19:00:00,3842,West,Clothing,Item_A,43734,7,Debit Card,In Transit,306138
104461,2023-07-05 20:00:00,3229,South,Beauty,Item_D,43384,3,Credit Card,Cancelled,130152
104462,2023-07-05 21:00:00,4009,East,Beauty,Item_C,15209,9,Credit Card,Cancelled,136881
104463,2023-07-05 22:00:00,8984,North,Electronics,Item_A,30446,4,Cash,Cancelled,121784
104464,2023-07-05 23:00:00,3077,South,Home & Kitchen,Item_C,28385,5,Credit Card,Cancelled,141925
104465,2023-07-06 00:00:00,8845,West,Beauty,Item_C,29495,8,Credit Card,In Transit,235960
104466,2023-07-06 01:00:00,4867,South,Electronics,Item_E,25719,3,Cash,Returned,77157
104467,2023-07-06 02:00:00,5873,South,Clothing,Item_B,21152,8,UPI,Cancelled,169216
104468,2023-07-06 03:00:00,9635,Central,Electronics,Item_D,46842,1,Net Banking,Cancelled,46842
104469,2023-07-06 04:00:00,1297,South,Electronics,Item_A,9385,8,Credit Card,Cancelled,75080
104470,2023-07-06 05:00:00,6856,South,Electronics,Item_B,20043,8,Cash,Cancelled,160344
104471,2023-07-06 06:00:00,2015,East,Electronics,Item_E,17705,6,Debit Card,Cancelled,106230
104472,2023-07-06 07:00:00,2384,South,Beauty,Item_B,28222,5,Debit Card,Delivered,141110
104473,2023-07-06 08:00:00,9745,North,Home & Kitchen,Item_C,16639,9,Credit Card,Delivered,149751
104474,2023-07-06 09:00:00,3350,West,Electronics,Item_C,14860,6,Net Banking,Cancelled,89160
104475,2023-07-06 10:00:00,2269,East,Books,Item_D,9049,1,Cash,Cancelled,9049
104476,2023-07-06 11:00:00,2260,South,Clothing,Item_A,29828,6,Cash,Cancelled,178968
104477,2023-07-06 12:00:00,8701,North,Clothing,Item_A,25035,1,Cash,Returned,25035
104478,2023-07-06 13:00:00,9376,West,Clothing,Item_E,4936,6,Cash,In Transit,29616
104479,2023-07-06 14:00:00,5563,East,Clothing,Item_D,35577,3,Cash,Cancelled,106731
104480,2023-07-06 15:00:00,7897,North,Clothing,Item_A,47643,6,Net Banking,Returned,285858
104481,2023-07-06 16:00:00,6672,South,Electronics,Item_C,4109,6,Cash,Returned,24654
104482,2023-07-06 17:00:00,6593,Central,Home & Kitchen,Item_D,49755,1,Net Banking,Cancelled,49755
104483,2023-07-06 18:00:00,7155,Central,Books,Item_B,15067,9,Net Banking,In Transit,135603
104484,2023-07-06 19:00:00,6543,East,Beauty,Item_D,994,8,Net Banking,Delivered,7952
104485,2023-07-06 20:00:00,8240,North,Books,Item_D,18145,2,Debit Card,Cancelled,36290
104486,2023-07-06 21:00:00,5683,West,Beauty,Item_A,15569,2,UPI,Cancelled,31138
104487,2023-07-06 22:00:00,2881,North,Beauty,Item_E,43801,5,Credit Card,Delivered,219005
104488,2023-07-06 23:00:00,9713,Central,Books,Item_E,24007,2,Debit Card,In Transit,48014
104489,2023-07-07 00:00:00,4809,East,Electronics,Item_A,11056,1,UPI,Delivered,11056
104490,2023-07-07 01:00:00,6807,South,Clothing,Item_A,6995,2,Debit Card,Cancelled,13990
104491,2023-07-07 02:00:00,5883,North,Electronics,Item_A,29585,5,Net Banking,Cancelled,147925
104492,2023-07-07 03:00:00,8206,Central,Clothing,Item_E,31263,7,Net Banking,Returned,218841
104493,2023-07-07 04:00:00,5155,West,Home & Kitchen,Item_A,38460,5,Cash,Delivered,192300
104494,2023-07-07 05:00:00,5673,East,Beauty,Item_B,48762,1,Net Banking,Returned,48762
104495,2023-07-07 06:00:00,2409,South,Books,Item_B,10349,7,Debit Card,Returned,72443
104496,2023-07-07 07:00:00,6197,North,Home & Kitchen,Item_C,26869,6,Credit Card,Returned,161214
104497,2023-07-07 08:00:00,8452,West,Clothing,Item_B,26528,7,Net Banking,Returned,185696
104498,2023-07-07 09:00:00,9718,South,Electronics,Item_D,37967,2,UPI,Delivered,75934
104499,2023-07-07 10:00:00,3172,Central,Books,Item_C,38165,5,Debit Card,Delivered,190825
104500,2023-07-07 11:00:00,1279,Central,Beauty,Item_B,3762,8,UPI,Delivered,30096
104501,2023-07-07 12:00:00,4977,West,Home & Kitchen,Item_D,33823,7,Cash,Cancelled,236761
104502,2023-07-07 13:00:00,3669,Central,Beauty,Item_B,42455,6,Cash,In Transit,254730
104503,2023-07-07 14:00:00,8825,East,Clothing,Item_D,36589,6,Credit Card,Returned,219534
104504,2023-07-07 15:00:00,4981,West,Beauty,Item_A,4406,1,Debit Card,Cancelled,4406
104505,2023-07-07 16:00:00,5769,Central,Electronics,Item_D,34006,1,Credit Card,Delivered,34006
104506,2023-07-07 17:00:00,6247,North,Home & Kitchen,Item_A,37564,7,UPI,Delivered,262948
104507,2023-07-07 18:00:00,5427,Central,Home & Kitchen,Item_D,21097,3,Credit Card,Cancelled,63291
104508,2023-07-07 19:00:00,7135,East,Electronics,Item_D,14351,6,UPI,Returned,86106
104509,2023-07-07 20:00:00,6573,South,Beauty,Item_B,4570,5,Credit Card,Delivered,22850
104510,2023-07-07 21:00:00,5131,South,Electronics,Item_D,24245,3,Cash,Returned,72735
104511,2023-07-07 22:00:00,8189,Central,Books,Item_B,21900,6,Debit Card,Returned,131400
104512,2023-07-07 23:00:00,5535,South,Electronics,Item_D,36415,3,Credit Card,In Transit,109245
104513,2023-07-08 00:00:00,3776,Central,Beauty,Item_E,22434,8,UPI,Delivered,179472
104514,2023-07-08 01:00:00,8697,East,Electronics,Item_C,48871,7,Debit Card,Cancelled,342097
104515,2023-07-08 02:00:00,9386,South,Clothing,Item_B,15526,9,Cash,In Transit,139734
104516,2023-07-08 03:00:00,1662,North,Electronics,Item_B,47024,5,Cash,Returned,235120
104517,2023-07-08 04:00:00,9671,Central,Electronics,Item_A,38197,1,Net Banking,Cancelled,38197
104518,2023-07-08 05:00:00,9044,South,Beauty,Item_E,2441,8,Debit Card,In Transit,19528
104519,2023-07-08 06:00:00,5218,East,Books,Item_A,30839,2,Credit Card,In Transit,61678
104520,2023-07-08 07:00:00,6060,East,Books,Item_E,40786,6,Cash,In Transit,244716
104521,2023-07-08 08:00:00,6874,North,Beauty,Item_E,39966,1,Credit Card,Returned,39966
104522,2023-07-08 09:00:00,6581,East,Beauty,Item_D,21478,6,Credit Card,Returned,128868
104523,2023-07-08 10:00:00,3014,East,Beauty,Item_A,43123,4,UPI,Delivered,172492
104524,2023-07-08 11:00:00,4789,South,Clothing,Item_C,6644,5,Credit Card,In Transit,33220
104525,2023-07-08 12:00:00,8148,Central,Home & Kitchen,Item_E,3215,7,Net Banking,Cancelled,22505
104526,2023-07-08 13:00:00,8766,West,Electronics,Item_E,15103,6,Debit Card,Returned,90618
104527,2023-07-08 14:00:00,3364,East,Beauty,Item_B,39783,1,Debit Card,In Transit,39783
104528,2023-07-08 15:00:00,4629,East,Beauty,Item_D,28343,9,UPI,Cancelled,255087
104529,2023-07-08 16:00:00,6919,West,Beauty,Item_C,5064,6,Net Banking,Returned,30384
104530,2023-07-08 17:00:00,6675,East,Books,Item_E,9876,6,Net Banking,Cancelled,59256
104531,2023-07-08 18:00:00,9872,South,Beauty,Item_B,4434,9,Debit Card,Cancelled,39906
104532,2023-07-08 19:00:00,7638,South,Electronics,Item_A,21540,5,Net Banking,Delivered,107700
104533,2023-07-08 20:00:00,5651,West,Beauty,Item_E,47115,6,Cash,Returned,282690
104534,2023-07-08 21:00:00,1609,East,Electronics,Item_B,18923,6,Credit Card,Returned,113538
104535,2023-07-08 22:00:00,8940,East,Clothing,Item_A,8726,7,Credit Card,Returned,61082
104536,2023-07-08 23:00:00,4866,Central,Home & Kitchen,Item_D,7042,9,Debit Card,Returned,63378
104537,2023-07-09 00:00:00,1371,East,Books,Item_A,34826,5,Debit Card,Delivered,174130
104538,2023-07-09 01:00:00,7998,South,Electronics,Item_E,1407,5,Net Banking,Delivered,7035
104539,2023-07-09 02:00:00,1615,North,Clothing,Item_C,17508,4,UPI,In Transit,70032
104540,2023-07-09 03:00:00,7911,North,Home & Kitchen,Item_A,5629,4,Debit Card,Returned,22516
104541,2023-07-09 04:00:00,7010,North,Home & Kitchen,Item_C,7791,8,Debit Card,Cancelled,62328
104542,2023-07-09 05:00:00,3253,North,Home & Kitchen,Item_C,45912,2,Debit Card,Delivered,91824
104543,2023-07-09 06:00:00,5942,East,Electronics,Item_A,38860,8,Net Banking,Cancelled,310880
104544,2023-07-09 07:00:00,1864,East,Clothing,Item_D,11977,2,Cash,Cancelled,23954
104545,2023-07-09 08:00:00,2268,Central,Beauty,Item_A,38913,1,Debit Card,Cancelled,38913
104546,2023-07-09 09:00:00,8454,East,Clothing,Item_B,40659,9,Cash,In Transit,365931
104547,2023-07-09 10:00:00,9976,North,Clothing,Item_C,12748,8,Net Banking,In Transit,101984
104548,2023-07-09 11:00:00,5571,West,Clothing,Item_E,46641,6,UPI,Returned,279846
104549,2023-07-09 12:00:00,6229,West,Electronics,Item_C,36995,4,Credit Card,Delivered,147980
104550,2023-07-09 13:00:00,3237,South,Electronics,Item_E,45424,2,Credit Card,Returned,90848
104551,2023-07-09 14:00:00,5054,South,Electronics,Item_B,37263,8,Credit Card,In Transit,298104
104552,2023-07-09 15:00:00,1935,East,Clothing,Item_B,32255,3,Credit Card,In Transit,96765
104553,2023-07-09 16:00:00,7394,West,Electronics,Item_B,13069,4,Net Banking,Cancelled,52276
104554,2023-07-09 17:00:00,8891,North,Home & Kitchen,Item_A,24063,5,Credit Card,Returned,120315
104555,2023-07-09 18:00:00,1325,North,Electronics,Item_C,4861,4,Net Banking,Cancelled,19444
104556,2023-07-09 19:00:00,8774,North,Books,Item_E,47698,8,UPI,In Transit,381584
104557,2023-07-09 20:00:00,4861,East,Electronics,Item_B,45002,9,Debit Card,Returned,405018
104558,2023-07-09 21:00:00,2985,East,Electronics,Item_B,18982,1,Debit Card,Returned,18982
104559,2023-07-09 22:00:00,5932,Central,Electronics,Item_E,49379,2,Debit Card,Delivered,98758
104560,2023-07-09 23:00:00,5603,North,Electronics,Item_C,45110,4,Net Banking,In Transit,180440
104561,2023-07-10 00:00:00,3778,North,Books,Item_C,2098,1,Net Banking,In Transit,2098
104562,2023-07-10 01:00:00,9832,East,Beauty,Item_E,13119,6,Net Banking,Delivered,78714
104563,2023-07-10 02:00:00,8754,East,Electronics,Item_D,40268,5,UPI,In Transit,201340
104564,2023-07-10 03:00:00,5078,Central,Home & Kitchen,Item_C,2627,7,Cash,Cancelled,18389
104565,2023-07-10 04:00:00,2367,Central,Books,Item_E,34593,6,Net Banking,Cancelled,207558
104566,2023-07-10 05:00:00,5042,South,Beauty,Item_E,10967,3,Net Banking,Cancelled,32901
104567,2023-07-10 06:00:00,3575,West,Electronics,Item_B,18620,5,Debit Card,Returned,93100
104568,2023-07-10 07:00:00,7754,North,Beauty,Item_E,36323,3,Credit Card,Cancelled,108969
104569,2023-07-10 08:00:00,2581,North,Home & Kitchen,Item_A,47021,9,Credit Card,In Transit,423189
104570,2023-07-10 09:00:00,2986,Central,Books,Item_B,5102,2,UPI,Delivered,10204
104571,2023-07-10 10:00:00,3240,Central,Books,Item_B,27050,6,Credit Card,Cancelled,162300
104572,2023-07-10 11:00:00,4966,South,Beauty,Item_C,48754,9,Cash,Cancelled,438786
104573,2023-07-10 12:00:00,8604,West,Electronics,Item_D,43234,7,Debit Card,Returned,302638
104574,2023-07-10 13:00:00,9320,South,Clothing,Item_C,21820,5,UPI,In Transit,109100
104575,2023-07-10 14:00:00,6968,West,Books,Item_A,8480,2,Credit Card,Delivered,16960
104576,2023-07-10 15:00:00,8493,North,Clothing,Item_B,15154,2,Credit Card,In Transit,30308
104577,2023-07-10 16:00:00,5103,South,Books,Item_B,44964,4,Debit Card,Cancelled,179856
104578,2023-07-10 17:00:00,3076,Central,Electronics,Item_E,47014,2,UPI,In Transit,94028
104579,2023-07-10 18:00:00,6231,South,Electronics,Item_D,47173,8,Debit Card,Delivered,377384
104580,2023-07-10 19:00:00,3994,South,Books,Item_D,37929,7,UPI,Cancelled,265503
104581,2023-07-10 20:00:00,4744,North,Beauty,Item_E,33000,7,Credit Card,In Transit,231000
104582,2023-07-10 21:00:00,6594,Central,Electronics,Item_A,37666,3,Debit Card,Delivered,112998
104583,2023-07-10 22:00:00,8531,Central,Electronics,Item_D,9087,7,Debit Card,Cancelled,63609
104584,2023-07-10 23:00:00,8371,East,Home & Kitchen,Item_B,31807,8,Cash,Cancelled,254456
104585,2023-07-11 00:00:00,2644,East,Electronics,Item_A,32341,5,Debit Card,In Transit,161705
104586,2023-07-11 01:00:00,4144,East,Home & Kitchen,Item_C,41684,1,UPI,Returned,41684
104587,2023-07-11 02:00:00,1242,North,Electronics,Item_C,13535,1,Cash,Returned,13535
104588,2023-07-11 03:00:00,5085,South,Electronics,Item_A,6377,4,Debit Card,Delivered,25508
104589,2023-07-11 04:00:00,8954,Central,Beauty,Item_B,41406,2,Debit Card,In Transit,82812
104590,2023-07-11 05:00:00,8269,Central,Beauty,Item_C,4126,7,Cash,Delivered,28882
104591,2023-07-11 06:00:00,8130,South,Electronics,Item_B,48346,3,Credit Card,In Transit,145038
104592,2023-07-11 07:00:00,7828,Central,Books,Item_E,43256,4,Debit Card,Delivered,173024
104593,2023-07-11 08:00:00,9362,South,Books,Item_D,10354,9,Net Banking,Delivered,93186
104594,2023-07-11 09:00:00,9844,North,Electronics,Item_A,3159,2,Credit Card,In Transit,6318
104595,2023-07-11 10:00:00,7331,North,Books,Item_D,18811,8,Debit Card,Returned,150488
104596,2023-07-11 11:00:00,4512,North,Electronics,Item_E,34361,1,Credit Card,Delivered,34361
104597,2023-07-11 12:00:00,2499,South,Beauty,Item_C,18607,3,UPI,In Transit,55821
104598,2023-07-11 13:00:00,3158,South,Clothing,Item_B,13225,4,Credit Card,In Transit,52900
104599,2023-07-11 14:00:00,6162,West,Home & Kitchen,Item_B,6264,6,Cash,In Transit,37584
104600,2023-07-11 15:00:00,5039,Central,Books,Item_E,6839,1,Debit Card,Cancelled,6839
104601,2023-07-11 16:00:00,3035,Central,Books,Item_A,2678,8,Credit Card,In Transit,21424
104602,2023-07-11 17:00:00,8977,West,Beauty,Item_D,8129,2,Net Banking,In Transit,16258
104603,2023-07-11 18:00:00,1857,West,Books,Item_C,32526,5,UPI,Cancelled,162630
104604,2023-07-11 19:00:00,4823,North,Electronics,Item_A,23037,6,UPI,Cancelled,138222
104605,2023-07-11 20:00:00,7770,West,Electronics,Item_E,42141,8,Credit Card,Returned,337128
104606,2023-07-11 21:00:00,1298,South,Clothing,Item_E,30174,3,Cash,In Transit,90522
104607,2023-07-11 22:00:00,8244,East,Clothing,Item_B,44383,9,UPI,Delivered,399447
104608,2023-07-11 23:00:00,1923,South,Clothing,Item_C,8618,5,Credit Card,Cancelled,43090
104609,2023-07-12 00:00:00,5232,West,Electronics,Item_A,17850,8,Credit Card,Cancelled,142800
104610,2023-07-12 01:00:00,5306,Central,Clothing,Item_B,35025,4,UPI,Returned,140100
104611,2023-07-12 02:00:00,3799,South,Clothing,Item_C,46671,9,Credit Card,Returned,420039
104612,2023-07-12 03:00:00,7578,Central,Electronics,Item_D,14583,8,Credit Card,Returned,116664
104613,2023-07-12 04:00:00,5875,South,Beauty,Item_D,46903,5,Net Banking,In Transit,234515
104614,2023-07-12 05:00:00,6326,Central,Books,Item_B,43411,3,Credit Card,In Transit,130233
104615,2023-07-12 06:00:00,7582,South,Home & Kitchen,Item_A,31908,1,Credit Card,In Transit,31908
104616,2023-07-12 07:00:00,2802,Central,Electronics,Item_C,35909,5,Cash,Cancelled,179545
104617,2023-07-12 08:00:00,3657,East,Electronics,Item_D,33124,5,UPI,Returned,165620
104618,2023-07-12 09:00:00,4346,North,Home & Kitchen,Item_D,23582,4,Cash,Cancelled,94328
104619,2023-07-12 10:00:00,3949,South,Home & Kitchen,Item_A,26849,8,Debit Card,Delivered,214792
104620,2023-07-12 11:00:00,1941,East,Clothing,Item_B,31340,3,Cash,In Transit,94020
104621,2023-07-12 12:00:00,2907,North,Home & Kitchen,Item_E,45223,9,Debit Card,Cancelled,407007
104622,2023-07-12 13:00:00,5837,South,Books,Item_C,32763,3,Debit Card,Delivered,98289
104623,2023-07-12 14:00:00,9105,East,Books,Item_D,30573,4,Cash,Cancelled,122292
104624,2023-07-12 15:00:00,2243,East,Books,Item_E,17344,6,Net Banking,Delivered,104064
104625,2023-07-12 16:00:00,6696,East,Books,Item_A,9165,9,Cash,Cancelled,82485
104626,2023-07-12 17:00:00,2466,West,Books,Item_B,22991,2,UPI,Cancelled,45982
104627,2023-07-12 18:00:00,4957,Central,Clothing,Item_C,23315,2,Cash,In Transit,46630
104628,2023-07-12 19:00:00,2966,North,Electronics,Item_A,17541,2,Net Banking,Cancelled,35082
104629,2023-07-12 20:00:00,1375,Central,Home & Kitchen,Item_B,47773,5,Cash,Cancelled,238865
104630,2023-07-12 21:00:00,1262,Central,Electronics,Item_A,16837,6,Net Banking,Returned,101022
104631,2023-07-12 22:00:00,5362,Central,Home & Kitchen,Item_D,24469,3,UPI,Cancelled,73407
104632,2023-07-12 23:00:00,7502,East,Clothing,Item_D,18153,3,Credit Card,In Transit,54459
104633,2023-07-13 00:00:00,8833,Central,Clothing,Item_E,27994,2,Net Banking,Cancelled,55988
104634,2023-07-13 01:00:00,2893,West,Beauty,Item_A,24077,6,Net Banking,In Transit,144462
104635,2023-07-13 02:00:00,9106,South,Beauty,Item_D,40473,1,Net Banking,Returned,40473
104636,2023-07-13 03:00:00,2652,East,Clothing,Item_B,12605,9,UPI,In Transit,113445
104637,2023-07-13 04:00:00,6540,North,Clothing,Item_E,28012,4,Debit Card,Returned,112048
104638,2023-07-13 05:00:00,4892,South,Home & Kitchen,Item_C,45805,2,Net Banking,Returned,91610
104639,2023-07-13 06:00:00,1599,South,Clothing,Item_A,41967,6,UPI,Returned,251802
104640,2023-07-13 07:00:00,5815,South,Electronics,Item_D,10173,5,Credit Card,Returned,50865
104641,2023-07-13 08:00:00,2912,Central,Home & Kitchen,Item_B,24125,3,Net Banking,Returned,72375
104642,2023-07-13 09:00:00,9792,Central,Clothing,Item_A,44823,3,Debit Card,In Transit,134469
104643,2023-07-13 10:00:00,9572,East,Home & Kitchen,Item_B,23291,5,UPI,Returned,116455
104644,2023-07-13 11:00:00,5213,Central,Home & Kitchen,Item_E,19784,4,Credit Card,Returned,79136
104645,2023-07-13 12:00:00,4637,Central,Books,Item_D,39525,5,Debit Card,Returned,197625
104646,2023-07-13 13:00:00,6599,Central,Beauty,Item_D,9271,2,Credit Card,Returned,18542
104647,2023-07-13 14:00:00,7448,East,Home & Kitchen,Item_E,5288,1,Debit Card,Returned,5288
104648,2023-07-13 15:00:00,9557,East,Home & Kitchen,Item_B,49352,5,Cash,Delivered,246760
104649,2023-07-13 16:00:00,8382,West,Books,Item_A,16750,1,Cash,Cancelled,16750
104650,2023-07-13 17:00:00,9982,West,Clothing,Item_B,2263,3,Cash,Cancelled,6789
104651,2023-07-13 18:00:00,4569,West,Home & Kitchen,Item_A,27480,8,Credit Card,Returned,219840
104652,2023-07-13 19:00:00,8707,West,Books,Item_E,8503,8,Cash,Returned,68024
104653,2023-07-13 20:00:00,1746,South,Electronics,Item_C,11831,9,UPI,Delivered,106479
104654,2023-07-13 21:00:00,9504,South,Books,Item_A,1325,1,UPI,Returned,1325
104655,2023-07-13 22:00:00,5633,West,Beauty,Item_D,35609,4,Cash,Delivered,142436
104656,2023-07-13 23:00:00,1920,West,Beauty,Item_D,22685,6,Debit Card,Cancelled,136110
104657,2023-07-14 00:00:00,8008,North,Clothing,Item_D,43203,7,Debit Card,In Transit,302421
104658,2023-07-14 01:00:00,3381,South,Clothing,Item_B,12994,5,Credit Card,Cancelled,64970
104659,2023-07-14 02:00:00,4618,North,Beauty,Item_B,18218,7,Debit Card,In Transit,127526
104660,2023-07-14 03:00:00,9989,North,Beauty,Item_B,9062,8,Net Banking,In Transit,72496
104661,2023-07-14 04:00:00,5443,Central,Home & Kitchen,Item_D,36079,6,Debit Card,In Transit,216474
104662,2023-07-14 05:00:00,1272,East,Beauty,Item_A,1890,4,UPI,Returned,7560
104663,2023-07-14 06:00:00,2773,South,Clothing,Item_D,15940,1,Debit Card,Delivered,15940
104664,2023-07-14 07:00:00,3547,West,Beauty,Item_A,48062,5,Credit Card,In Transit,240310
104665,2023-07-14 08:00:00,4164,West,Clothing,Item_B,48843,4,Debit Card,Delivered,195372
104666,2023-07-14 09:00:00,5780,East,Electronics,Item_C,23224,5,Credit Card,Cancelled,116120
104667,2023-07-14 10:00:00,1946,South,Beauty,Item_B,20541,4,Net Banking,In Transit,82164
104668,2023-07-14 11:00:00,1506,West,Clothing,Item_E,9356,9,Cash,Cancelled,84204
104669,2023-07-14 12:00:00,7719,West,Books,Item_A,49632,3,Net Banking,Delivered,148896
104670,2023-07-14 13:00:00,9435,Central,Home & Kitchen,Item_C,37414,3,UPI,Delivered,112242
104671,2023-07-14 14:00:00,9697,North,Clothing,Item_B,31253,7,Net Banking,Cancelled,218771
104672,2023-07-14 15:00:00,7360,West,Beauty,Item_C,10358,2,Net Banking,Delivered,20716
104673,2023-07-14 16:00:00,8657,South,Beauty,Item_D,3008,9,UPI,Cancelled,27072
104674,2023-07-14 17:00:00,4590,East,Electronics,Item_A,5602,8,UPI,Delivered,44816
104675,2023-07-14 18:00:00,2192,Central,Books,Item_E,2164,6,Cash,Returned,12984
104676,2023-07-14 19:00:00,2464,South,Clothing,Item_D,17406,9,Cash,Cancelled,156654
104677,2023-07-14 20:00:00,1390,Central,Books,Item_C,9829,3,Debit Card,In Transit,29487
104678,2023-07-14 21:00:00,6615,North,Electronics,Item_B,32537,4,Credit Card,In Transit,130148
104679,2023-07-14 22:00:00,7106,West,Home & Kitchen,Item_A,35029,7,UPI,In Transit,245203
104680,2023-07-14 23:00:00,9864,South,Books,Item_E,21759,1,Net Banking,Delivered,21759
104681,2023-07-15 00:00:00,3560,East,Electronics,Item_B,4065,1,Net Banking,Cancelled,4065
104682,2023-07-15 01:00:00,6867,North,Clothing,Item_E,4494,1,Cash,Delivered,4494
104683,2023-07-15 02:00:00,2211,North,Home & Kitchen,Item_A,47139,8,Credit Card,In Transit,377112
104684,2023-07-15 03:00:00,2539,Central,Beauty,Item_C,13165,6,UPI,Returned,78990
104685,2023-07-15 04:00:00,1643,North,Electronics,Item_E,12428,3,Cash,In Transit,37284
104686,2023-07-15 05:00:00,9693,South,Beauty,Item_A,48619,7,Credit Card,In Transit,340333
104687,2023-07-15 06:00:00,9921,Central,Home & Kitchen,Item_E,31577,6,UPI,In Transit,189462
104688,2023-07-15 07:00:00,2283,North,Electronics,Item_B,49429,5,Net Banking,Returned,247145
104689,2023-07-15 08:00:00,8680,East,Electronics,Item_E,35127,3,Net Banking,Returned,105381
104690,2023-07-15 09:00:00,8345,South,Home & Kitchen,Item_B,13022,4,Cash,Cancelled,52088
104691,2023-07-15 10:00:00,5386,East,Clothing,Item_B,30270,1,Credit Card,Returned,30270
104692,2023-07-15 11:00:00,1919,East,Electronics,Item_A,3387,9,Net Banking,Cancelled,30483
104693,2023-07-15 12:00:00,3339,Central,Home & Kitchen,Item_D,7335,5,Credit Card,Returned,36675
104694,2023-07-15 13:00:00,9947,West,Books,Item_E,13708,2,Cash,Cancelled,27416
104695,2023-07-15 14:00:00,6930,Central,Beauty,Item_C,33757,9,Debit Card,In Transit,303813
104696,2023-07-15 15:00:00,6402,South,Electronics,Item_B,34290,7,Credit Card,Returned,240030
104697,2023-07-15 16:00:00,6663,South,Books,Item_D,46355,8,Credit Card,Delivered,370840
104698,2023-07-15 17:00:00,6275,Central,Electronics,Item_B,39641,3,Cash,Delivered,118923
104699,2023-07-15 18:00:00,1507,West,Clothing,Item_D,40084,7,Debit Card,Cancelled,280588
104700,2023-07-15 19:00:00,2436,Central,Home & Kitchen,Item_D,26267,1,Net Banking,Returned,26267
104701,2023-07-15 20:00:00,9750,South,Electronics,Item_C,18243,6,UPI,Returned,109458
104702,2023-07-15 21:00:00,8354,West,Home & Kitchen,Item_D,30772,6,Cash,Delivered,184632
104703,2023-07-15 22:00:00,5516,South,Electronics,Item_C,9707,6,UPI,Returned,58242
104704,2023-07-15 23:00:00,4622,West,Clothing,Item_A,3262,3,Debit Card,Returned,9786
104705,2023-07-16 00:00:00,5399,West,Clothing,Item_B,24900,6,Debit Card,Cancelled,149400
104706,2023-07-16 01:00:00,6037,Central,Books,Item_C,18654,3,Credit Card,In Transit,55962
104707,2023-07-16 02:00:00,9111,Central,Clothing,Item_B,11068,9,UPI,Delivered,99612
104708,2023-07-16 03:00:00,4715,Central,Home & Kitchen,Item_E,2753,7,UPI,In Transit,19271
104709,2023-07-16 04:00:00,8837,West,Clothing,Item_A,29753,4,Debit Card,Returned,119012
104710,2023-07-16 05:00:00,2301,West,Electronics,Item_E,28711,3,UPI,Returned,86133
104711,2023-07-16 06:00:00,8370,South,Clothing,Item_E,17628,6,Net Banking,Cancelled,105768
104712,2023-07-16 07:00:00,6185,East,Home & Kitchen,Item_D,42947,9,Debit Card,In Transit,386523
104713,2023-07-16 08:00:00,3155,Central,Electronics,Item_D,6157,3,Credit Card,In Transit,18471
104714,2023-07-16 09:00:00,7411,South,Books,Item_E,44695,8,Credit Card,Cancelled,357560
104715,2023-07-16 10:00:00,7365,South,Books,Item_D,4778,6,Credit Card,In Transit,28668
104716,2023-07-16 11:00:00,1692,North,Books,Item_B,38589,4,UPI,Cancelled,154356
104717,2023-07-16 12:00:00,2478,Central,Electronics,Item_D,34934,5,Debit Card,Cancelled,174670
104718,2023-07-16 13:00:00,7396,South,Books,Item_E,10748,3,Credit Card,Returned,32244
104719,2023-07-16 14:00:00,9448,North,Clothing,Item_D,21553,2,Debit Card,Returned,43106
104720,2023-07-16 15:00:00,1441,Central,Electronics,Item_D,46832,9,UPI,Returned,421488
104721,2023-07-16 16:00:00,3646,West,Electronics,Item_C,18834,3,Net Banking,Cancelled,56502
104722,2023-07-16 17:00:00,6209,North,Electronics,Item_C,11879,6,Net Banking,Returned,71274
104723,2023-07-16 18:00:00,7533,West,Beauty,Item_E,47943,5,Net Banking,Delivered,239715
104724,2023-07-16 19:00:00,5677,East,Home & Kitchen,Item_B,24917,8,UPI,Delivered,199336
104725,2023-07-16 20:00:00,8211,East,Beauty,Item_A,47135,5,Credit Card,Returned,235675
104726,2023-07-16 21:00:00,3645,East,Beauty,Item_A,25779,8,UPI,Cancelled,206232
104727,2023-07-16 22:00:00,9210,East,Beauty,Item_E,26930,5,Debit Card,Delivered,134650
104728,2023-07-16 23:00:00,8933,South,Home & Kitchen,Item_B,34982,6,Net Banking,Returned,209892
104729,2023-07-17 00:00:00,6476,East,Beauty,Item_B,4824,5,Debit Card,Delivered,24120
104730,2023-07-17 01:00:00,8928,South,Books,Item_B,23303,2,UPI,Delivered,46606
104731,2023-07-17 02:00:00,3080,South,Electronics,Item_C,25744,6,Cash,Delivered,154464
104732,2023-07-17 03:00:00,7089,Central,Electronics,Item_E,28734,7,Cash,In Transit,201138
104733,2023-07-17 04:00:00,8396,South,Clothing,Item_A,38836,3,UPI,Delivered,116508
104734,2023-07-17 05:00:00,8797,South,Books,Item_B,47594,3,Credit Card,Returned,142782
104735,2023-07-17 06:00:00,1861,East,Home & Kitchen,Item_E,33772,7,Debit Card,Delivered,236404
104736,2023-07-17 07:00:00,9346,South,Electronics,Item_A,28760,4,UPI,Returned,115040
104737,2023-07-17 08:00:00,4494,West,Beauty,Item_C,33635,2,UPI,Delivered,67270
104738,2023-07-17 09:00:00,1904,East,Clothing,Item_D,33352,9,Cash,Delivered,300168
104739,2023-07-17 10:00:00,2269,North,Clothing,Item_A,44284,9,Net Banking,In Transit,398556
104740,2023-07-17 11:00:00,1404,East,Electronics,Item_A,19838,6,Net Banking,Delivered,119028
104741,2023-07-17 12:00:00,2184,South,Books,Item_A,36408,2,Credit Card,Returned,72816
104742,2023-07-17 13:00:00,9938,West,Clothing,Item_D,16596,3,Credit Card,In Transit,49788
104743,2023-07-17 14:00:00,2725,East,Electronics,Item_B,40694,5,Credit Card,In Transit,203470
104744,2023-07-17 15:00:00,9462,West,Books,Item_D,44167,5,Cash,Delivered,220835
104745,2023-07-17 16:00:00,6811,North,Electronics,Item_A,26983,9,UPI,Delivered,242847
104746,2023-07-17 17:00:00,6606,North,Electronics,Item_C,5603,3,Credit Card,Cancelled,16809
104747,2023-07-17 18:00:00,4956,Central,Books,Item_A,24038,2,Cash,Delivered,48076
104748,2023-07-17 19:00:00,1171,Central,Books,Item_C,39119,8,Debit Card,Cancelled,312952
104749,2023-07-17 20:00:00,9465,East,Books,Item_E,12559,7,UPI,Returned,87913
104750,2023-07-17 21:00:00,3306,Central,Electronics,Item_C,48195,9,Debit Card,Delivered,433755
104751,2023-07-17 22:00:00,1421,West,Clothing,Item_A,22814,3,Net Banking,Delivered,68442
104752,2023-07-17 23:00:00,6540,Central,Home & Kitchen,Item_D,10257,6,Net Banking,Cancelled,61542
104753,2023-07-18 00:00:00,5675,West,Home & Kitchen,Item_A,300,5,UPI,Cancelled,1500
104754,2023-07-18 01:00:00,7748,Central,Electronics,Item_A,28855,5,Credit Card,In Transit,144275
104755,2023-07-18 02:00:00,7103,Central,Electronics,Item_E,5178,8,UPI,In Transit,41424
104756,2023-07-18 03:00:00,2473,Central,Clothing,Item_B,42472,1,Credit Card,Delivered,42472
104757,2023-07-18 04:00:00,4243,South,Books,Item_A,11188,1,Net Banking,Returned,11188
104758,2023-07-18 05:00:00,3181,South,Electronics,Item_E,14731,3,UPI,In Transit,44193
104759,2023-07-18 06:00:00,4096,Central,Beauty,Item_D,39502,2,UPI,In Transit,79004
104760,2023-07-18 07:00:00,7646,West,Books,Item_E,49801,2,Credit Card,In Transit,99602
104761,2023-07-18 08:00:00,6882,East,Electronics,Item_E,11831,2,Net Banking,Cancelled,23662
104762,2023-07-18 09:00:00,6982,North,Beauty,Item_C,11893,4,Net Banking,Delivered,47572
104763,2023-07-18 10:00:00,6798,South,Clothing,Item_B,36135,1,Credit Card,Cancelled,36135
104764,2023-07-18 11:00:00,9415,Central,Beauty,Item_B,38348,9,Credit Card,Returned,345132
104765,2023-07-18 12:00:00,9411,North,Electronics,Item_D,14023,5,Credit Card,Cancelled,70115
104766,2023-07-18 13:00:00,9456,South,Home & Kitchen,Item_E,24896,5,Net Banking,Delivered,124480
104767,2023-07-18 14:00:00,5524,East,Electronics,Item_D,11829,9,Net Banking,Cancelled,106461
104768,2023-07-18 15:00:00,7559,West,Home & Kitchen,Item_D,4056,5,UPI,Returned,20280
104769,2023-07-18 16:00:00,8620,Central,Clothing,Item_B,31251,8,Net Banking,Delivered,250008
104770,2023-07-18 17:00:00,3774,East,Clothing,Item_B,1275,1,Debit Card,Delivered,1275
104771,2023-07-18 18:00:00,6673,South,Books,Item_B,48723,1,Debit Card,Delivered,48723
104772,2023-07-18 19:00:00,4124,Central,Books,Item_A,20997,4,Credit Card,Delivered,83988
104773,2023-07-18 20:00:00,9671,North,Home & Kitchen,Item_E,43882,8,Credit Card,Returned,351056
104774,2023-07-18 21:00:00,2353,West,Home & Kitchen,Item_D,33669,3,Credit Card,Delivered,101007
104775,2023-07-18 22:00:00,4854,South,Clothing,Item_E,36316,1,UPI,Returned,36316
104776,2023-07-18 23:00:00,9134,West,Beauty,Item_D,8385,9,Debit Card,Returned,75465
104777,2023-07-19 00:00:00,1924,Central,Home & Kitchen,Item_D,28041,9,Debit Card,Cancelled,252369
104778,2023-07-19 01:00:00,3170,East,Home & Kitchen,Item_D,7036,9,Net Banking,Cancelled,63324
104779,2023-07-19 02:00:00,6506,West,Beauty,Item_D,46272,9,Debit Card,Delivered,416448
104780,2023-07-19 03:00:00,3395,North,Books,Item_C,24796,2,Net Banking,In Transit,49592
104781,2023-07-19 04:00:00,9220,South,Books,Item_C,43606,4,UPI,In Transit,174424
104782,2023-07-19 05:00:00,9226,North,Home & Kitchen,Item_A,22418,2,Credit Card,Delivered,44836
104783,2023-07-19 06:00:00,6515,West,Books,Item_B,35217,7,Credit Card,Returned,246519
104784,2023-07-19 07:00:00,3670,East,Books,Item_D,10905,3,Net Banking,Cancelled,32715
104785,2023-07-19 08:00:00,4365,East,Books,Item_E,19806,9,Cash,Delivered,178254
104786,2023-07-19 09:00:00,1588,North,Clothing,Item_C,21575,7,Net Banking,Delivered,151025
104787,2023-07-19 10:00:00,4138,Central,Electronics,Item_B,42342,8,UPI,Returned,338736
104788,2023-07-19 11:00:00,7663,Central,Home & Kitchen,Item_A,27133,9,Debit Card,Cancelled,244197
104789,2023-07-19 12:00:00,5086,East,Home & Kitchen,Item_B,8318,8,Net Banking,In Transit,66544
104790,2023-07-19 13:00:00,9531,North,Clothing,Item_D,35519,7,UPI,In Transit,248633
104791,2023-07-19 14:00:00,5270,North,Electronics,Item_B,26849,9,Credit Card,Delivered,241641
104792,2023-07-19 15:00:00,7019,North,Electronics,Item_D,45518,1,Cash,Delivered,45518
104793,2023-07-19 16:00:00,1556,West,Clothing,Item_C,2414,4,Cash,Delivered,9656
104794,2023-07-19 17:00:00,9022,Central,Beauty,Item_C,8734,4,Net Banking,Delivered,34936
104795,2023-07-19 18:00:00,6452,Central,Beauty,Item_D,35428,5,Debit Card,Delivered,177140
104796,2023-07-19 19:00:00,4567,West,Electronics,Item_E,44896,8,Net Banking,In Transit,359168
104797,2023-07-19 20:00:00,4899,South,Beauty,Item_C,3455,1,Cash,Delivered,3455
104798,2023-07-19 21:00:00,7477,West,Beauty,Item_E,28041,6,Cash,Cancelled,168246
104799,2023-07-19 22:00:00,8500,North,Beauty,Item_D,5534,9,Credit Card,Returned,49806
104800,2023-07-19 23:00:00,2016,West,Electronics,Item_D,12481,8,Debit Card,In Transit,99848
104801,2023-07-20 00:00:00,7470,North,Beauty,Item_C,39798,2,Debit Card,Returned,79596
104802,2023-07-20 01:00:00,3062,East,Home & Kitchen,Item_E,40722,7,Cash,Returned,285054
104803,2023-07-20 02:00:00,5321,North,Electronics,Item_D,39908,5,Cash,Delivered,199540
104804,2023-07-20 03:00:00,4496,Central,Clothing,Item_C,30897,2,Net Banking,Returned,61794
104805,2023-07-20 04:00:00,2813,West,Beauty,Item_D,10922,1,Net Banking,Cancelled,10922
104806,2023-07-20 05:00:00,7256,North,Books,Item_B,36600,2,Credit Card,Delivered,73200
104807,2023-07-20 06:00:00,3313,South,Electronics,Item_B,16229,6,Cash,In Transit,97374
104808,2023-07-20 07:00:00,2231,East,Clothing,Item_C,214,8,Net Banking,Cancelled,1712
104809,2023-07-20 08:00:00,6831,South,Home & Kitchen,Item_D,44549,3,Credit Card,In Transit,133647
104810,2023-07-20 09:00:00,3999,South,Clothing,Item_C,47125,5,Debit Card,Delivered,235625
104811,2023-07-20 10:00:00,4440,South,Beauty,Item_A,11706,2,Cash,Delivered,23412
104812,2023-07-20 11:00:00,5056,East,Books,Item_C,8408,8,UPI,In Transit,67264
104813,2023-07-20 12:00:00,1305,East,Beauty,Item_C,27357,4,Cash,Returned,109428
104814,2023-07-20 13:00:00,2689,East,Clothing,Item_B,10171,6,Net Banking,In Transit,61026
104815,2023-07-20 14:00:00,4917,East,Electronics,Item_B,41240,3,Cash,Cancelled,123720
104816,2023-07-20 15:00:00,8080,South,Books,Item_D,23383,8,UPI,Returned,187064
104817,2023-07-20 16:00:00,9611,Central,Books,Item_C,23163,8,Cash,Delivered,185304
104818,2023-07-20 17:00:00,3936,Central,Clothing,Item_C,36047,3,Net Banking,Cancelled,108141
104819,2023-07-20 18:00:00,4862,East,Beauty,Item_D,8327,9,Debit Card,Cancelled,74943
104820,2023-07-20 19:00:00,6649,West,Clothing,Item_E,42178,5,Net Banking,Delivered,210890
104821,2023-07-20 20:00:00,4261,North,Books,Item_D,47982,9,Credit Card,Returned,431838
104822,2023-07-20 21:00:00,2819,West,Clothing,Item_B,15846,7,Net Banking,Delivered,110922
104823,2023-07-20 22:00:00,2342,West,Books,Item_B,25555,3,Credit Card,Cancelled,76665
104824,2023-07-20 23:00:00,6560,West,Beauty,Item_C,18408,6,Cash,Cancelled,110448
104825,2023-07-21 00:00:00,3226,Central,Electronics,Item_B,22913,2,Credit Card,Cancelled,45826
104826,2023-07-21 01:00:00,2079,North,Electronics,Item_D,32467,6,Cash,Delivered,194802
104827,2023-07-21 02:00:00,5206,West,Clothing,Item_C,4064,5,Credit Card,In Transit,20320
104828,2023-07-21 03:00:00,7280,East,Books,Item_D,10861,3,Net Banking,Cancelled,32583
104829,2023-07-21 04:00:00,8235,Central,Electronics,Item_D,32759,7,UPI,Cancelled,229313
104830,2023-07-21 05:00:00,1813,East,Books,Item_C,10522,4,Cash,Returned,42088
104831,2023-07-21 06:00:00,6089,East,Beauty,Item_E,6910,6,Credit Card,In Transit,41460
104832,2023-07-21 07:00:00,3031,West,Clothing,Item_B,31562,9,UPI,Returned,284058
104833,2023-07-21 08:00:00,9514,East,Books,Item_A,32580,6,Credit Card,Cancelled,195480
104834,2023-07-21 09:00:00,6911,North,Clothing,Item_A,41484,4,Credit Card,In Transit,165936
104835,2023-07-21 10:00:00,3653,East,Books,Item_A,14586,2,Credit Card,Returned,29172
104836,2023-07-21 11:00:00,4340,West,Books,Item_B,13538,9,Net Banking,Delivered,121842
104837,2023-07-21 12:00:00,8876,East,Beauty,Item_E,15516,4,Credit Card,Returned,62064
104838,2023-07-21 13:00:00,2141,Central,Clothing,Item_D,24663,4,UPI,In Transit,98652
104839,2023-07-21 14:00:00,9558,Central,Home & Kitchen,Item_C,10403,2,Credit Card,Returned,20806
104840,2023-07-21 15:00:00,3897,Central,Books,Item_E,5088,5,Debit Card,In Transit,25440
104841,2023-07-21 16:00:00,5041,South,Books,Item_A,28392,6,Cash,In Transit,170352
104842,2023-07-21 17:00:00,3038,Central,Electronics,Item_B,11525,6,Net Banking,Returned,69150
104843,2023-07-21 18:00:00,5270,Central,Clothing,Item_B,19288,3,Debit Card,Returned,57864
104844,2023-07-21 19:00:00,5683,South,Home & Kitchen,Item_C,9586,9,Debit Card,Delivered,86274
104845,2023-07-21 20:00:00,1494,Central,Beauty,Item_D,48613,7,UPI,Returned,340291
104846,2023-07-21 21:00:00,8116,West,Home & Kitchen,Item_E,39228,3,UPI,In Transit,117684
104847,2023-07-21 22:00:00,2784,Central,Beauty,Item_E,11467,4,Net Banking,Cancelled,45868
104848,2023-07-21 23:00:00,4510,Central,Home & Kitchen,Item_E,32009,7,Net Banking,Returned,224063
104849,2023-07-22 00:00:00,4786,South,Home & Kitchen,Item_D,15619,8,Cash,Returned,124952
104850,2023-07-22 01:00:00,6266,West,Clothing,Item_D,25680,6,Credit Card,In Transit,154080
104851,2023-07-22 02:00:00,6428,East,Electronics,Item_D,46054,4,Net Banking,Cancelled,184216
104852,2023-07-22 03:00:00,7681,North,Home & Kitchen,Item_C,3104,2,Net Banking,Delivered,6208
104853,2023-07-22 04:00:00,7893,West,Books,Item_B,44460,8,Credit Card,Cancelled,355680
104854,2023-07-22 05:00:00,5658,East,Books,Item_A,34091,1,Cash,In Transit,34091
104855,2023-07-22 06:00:00,8082,West,Books,Item_D,13630,9,UPI,In Transit,122670
104856,2023-07-22 07:00:00,7869,East,Electronics,Item_B,15199,8,Cash,In Transit,121592
104857,2023-07-22 08:00:00,8607,East,Home & Kitchen,Item_D,23519,3,Credit Card,In Transit,70557
104858,2023-07-22 09:00:00,8669,West,Beauty,Item_A,20900,4,UPI,Cancelled,83600
104859,2023-07-22 10:00:00,7219,South,Beauty,Item_D,27833,4,UPI,Cancelled,111332
104860,2023-07-22 11:00:00,5534,West,Clothing,Item_B,19308,2,UPI,Cancelled,38616
104861,2023-07-22 12:00:00,6979,West,Electronics,Item_C,41089,5,Cash,Returned,205445
104862,2023-07-22 13:00:00,9890,East,Home & Kitchen,Item_A,24255,3,Credit Card,In Transit,72765
104863,2023-07-22 14:00:00,2312,North,Books,Item_B,18842,1,Cash,Returned,18842
104864,2023-07-22 15:00:00,3962,East,Electronics,Item_E,3846,2,Cash,Returned,7692
104865,2023-07-22 16:00:00,3938,Central,Electronics,Item_E,13373,7,Debit Card,Returned,93611
104866,2023-07-22 17:00:00,4197,West,Home & Kitchen,Item_E,7225,1,Net Banking,Delivered,7225
104867,2023-07-22 18:00:00,6296,West,Clothing,Item_C,12749,2,Cash,Returned,25498
104868,2023-07-22 19:00:00,8204,South,Clothing,Item_D,15053,7,Debit Card,In Transit,105371
104869,2023-07-22 20:00:00,6730,East,Clothing,Item_D,41957,1,Credit Card,Returned,41957
104870,2023-07-22 21:00:00,1126,South,Books,Item_D,30152,7,Debit Card,In Transit,211064
104871,2023-07-22 22:00:00,6602,West,Books,Item_C,11526,8,Cash,Delivered,92208
104872,2023-07-22 23:00:00,2191,East,Home & Kitchen,Item_E,3663,2,Credit Card,Cancelled,7326
104873,2023-07-23 00:00:00,3639,East,Clothing,Item_D,27363,4,Debit Card,In Transit,109452
104874,2023-07-23 01:00:00,2366,Central,Home & Kitchen,Item_C,32800,7,Cash,Returned,229600
104875,2023-07-23 02:00:00,7453,Central,Clothing,Item_C,47356,1,Credit Card,In Transit,47356
104876,2023-07-23 03:00:00,7671,North,Electronics,Item_B,14275,6,Credit Card,Returned,85650
104877,2023-07-23 04:00:00,7683,Central,Beauty,Item_D,28909,5,Net Banking,Cancelled,144545
104878,2023-07-23 05:00:00,5539,East,Beauty,Item_E,43515,6,Cash,In Transit,261090
104879,2023-07-23 06:00:00,9876,Central,Clothing,Item_A,37909,8,Net Banking,Returned,303272
104880,2023-07-23 07:00:00,3887,North,Home & Kitchen,Item_C,16210,1,Credit Card,In Transit,16210
104881,2023-07-23 08:00:00,5086,West,Books,Item_B,1097,3,Credit Card,Cancelled,3291
104882,2023-07-23 09:00:00,3261,Central,Clothing,Item_A,41212,9,Debit Card,Cancelled,370908
104883,2023-07-23 10:00:00,5180,East,Clothing,Item_C,805,8,Net Banking,Cancelled,6440
104884,2023-07-23 11:00:00,3841,West,Books,Item_B,36645,4,UPI,In Transit,146580
104885,2023-07-23 12:00:00,7040,East,Clothing,Item_D,37515,9,Cash,In Transit,337635
104886,2023-07-23 13:00:00,4560,West,Electronics,Item_B,8852,7,Net Banking,Returned,61964
104887,2023-07-23 14:00:00,5758,East,Books,Item_C,32429,2,Credit Card,Cancelled,64858
104888,2023-07-23 15:00:00,1626,Central,Electronics,Item_D,30730,1,Debit Card,Returned,30730
104889,2023-07-23 16:00:00,6014,Central,Beauty,Item_E,38224,1,Cash,In Transit,38224
104890,2023-07-23 17:00:00,2375,North,Books,Item_B,49301,3,Cash,Delivered,147903
104891,2023-07-23 18:00:00,2181,West,Books,Item_A,20614,2,Debit Card,Cancelled,41228
104892,2023-07-23 19:00:00,6708,North,Home & Kitchen,Item_D,28103,4,Credit Card,Returned,112412
104893,2023-07-23 20:00:00,1490,South,Home & Kitchen,Item_D,14930,8,UPI,Cancelled,119440
104894,2023-07-23 21:00:00,4729,Central,Books,Item_E,38124,5,Debit Card,Returned,190620
104895,2023-07-23 22:00:00,6974,West,Beauty,Item_B,38741,5,UPI,Returned,193705
104896,2023-07-23 23:00:00,4534,North,Clothing,Item_A,28098,6,Net Banking,Delivered,168588
104897,2023-07-24 00:00:00,4296,North,Home & Kitchen,Item_E,43854,5,Cash,In Transit,219270
104898,2023-07-24 01:00:00,2940,South,Beauty,Item_B,16130,5,Credit Card,Cancelled,80650
104899,2023-07-24 02:00:00,6014,North,Beauty,Item_A,3718,7,UPI,In Transit,26026
104900,2023-07-24 03:00:00,2882,East,Home & Kitchen,Item_A,31182,6,Credit Card,Returned,187092
104901,2023-07-24 04:00:00,5908,Central,Clothing,Item_C,6975,2,Net Banking,In Transit,13950
104902,2023-07-24 05:00:00,3987,North,Home & Kitchen,Item_A,24190,1,UPI,Delivered,24190
104903,2023-07-24 06:00:00,6585,North,Beauty,Item_B,5578,1,Credit Card,In Transit,5578
104904,2023-07-24 07:00:00,4159,South,Electronics,Item_E,46602,4,Credit Card,Returned,186408
104905,2023-07-24 08:00:00,5530,East,Home & Kitchen,Item_E,39641,2,Net Banking,Returned,79282
104906,2023-07-24 09:00:00,1681,North,Beauty,Item_C,6644,6,Debit Card,Delivered,39864
104907,2023-07-24 10:00:00,6254,Central,Home & Kitchen,Item_B,14376,9,Net Banking,Cancelled,129384
104908,2023-07-24 11:00:00,2073,Central,Beauty,Item_A,25260,8,UPI,Delivered,202080
104909,2023-07-24 12:00:00,3387,North,Clothing,Item_C,9579,4,UPI,Cancelled,38316
104910,2023-07-24 13:00:00,3693,East,Beauty,Item_D,36695,2,Cash,Returned,73390
104911,2023-07-24 14:00:00,5340,Central,Books,Item_B,47193,1,Credit Card,In Transit,47193
104912,2023-07-24 15:00:00,3156,Central,Electronics,Item_C,27768,7,UPI,Returned,194376
104913,2023-07-24 16:00:00,8966,East,Beauty,Item_E,22965,3,Debit Card,Delivered,68895
104914,2023-07-24 17:00:00,3580,East,Home & Kitchen,Item_C,31002,6,Debit Card,Delivered,186012
104915,2023-07-24 18:00:00,8257,North,Home & Kitchen,Item_D,23396,5,Net Banking,In Transit,116980
104916,2023-07-24 19:00:00,3159,West,Beauty,Item_B,15668,5,UPI,Delivered,78340
104917,2023-07-24 20:00:00,7772,South,Books,Item_C,29049,2,UPI,Returned,58098
104918,2023-07-24 21:00:00,2627,West,Beauty,Item_A,37313,9,Cash,In Transit,335817
104919,2023-07-24 22:00:00,9219,West,Clothing,Item_B,8374,4,Cash,Cancelled,33496
104920,2023-07-24 23:00:00,8080,Central,Books,Item_C,46020,1,Cash,Delivered,46020
104921,2023-07-25 00:00:00,2985,East,Beauty,Item_C,19298,2,UPI,Cancelled,38596
104922,2023-07-25 01:00:00,9488,Central,Electronics,Item_B,7246,9,Net Banking,In Transit,65214
104923,2023-07-25 02:00:00,3181,South,Books,Item_E,4386,7,Net Banking,Delivered,30702
104924,2023-07-25 03:00:00,3296,North,Beauty,Item_A,16922,2,Net Banking,In Transit,33844
104925,2023-07-25 04:00:00,8164,South,Electronics,Item_B,42821,7,Net Banking,Delivered,299747
104926,2023-07-25 05:00:00,3597,Central,Beauty,Item_A,6168,4,Debit Card,Delivered,24672
104927,2023-07-25 06:00:00,1901,Central,Clothing,Item_A,45424,2,UPI,Delivered,90848
104928,2023-07-25 07:00:00,7060,Central,Home & Kitchen,Item_B,48466,4,Credit Card,In Transit,193864
104929,2023-07-25 08:00:00,2677,Central,Beauty,Item_C,40652,5,UPI,In Transit,203260
104930,2023-07-25 09:00:00,3881,West,Books,Item_E,28470,4,Net Banking,Returned,113880
104931,2023-07-25 10:00:00,6622,North,Beauty,Item_A,48511,3,Debit Card,Returned,145533
104932,2023-07-25 11:00:00,9052,West,Beauty,Item_A,41329,6,Debit Card,In Transit,247974
104933,2023-07-25 12:00:00,2378,Central,Beauty,Item_C,39473,1,UPI,In Transit,39473
104934,2023-07-25 13:00:00,2248,East,Beauty,Item_B,6587,8,Credit Card,Delivered,52696
104935,2023-07-25 14:00:00,6650,West,Books,Item_E,24594,5,Net Banking,Returned,122970
104936,2023-07-25 15:00:00,7079,Central,Books,Item_A,11491,8,Debit Card,Returned,91928
104937,2023-07-25 16:00:00,8036,Central,Beauty,Item_A,45774,4,Net Banking,In Transit,183096
104938,2023-07-25 17:00:00,7487,North,Home & Kitchen,Item_B,30293,4,Net Banking,Returned,121172
104939,2023-07-25 18:00:00,2058,South,Beauty,Item_C,2810,5,Net Banking,In Transit,14050
104940,2023-07-25 19:00:00,3048,West,Books,Item_D,35441,5,Cash,Returned,177205
104941,2023-07-25 20:00:00,7115,West,Clothing,Item_C,28537,6,Net Banking,Cancelled,171222
104942,2023-07-25 21:00:00,5248,West,Beauty,Item_A,35656,5,Net Banking,Cancelled,178280
104943,2023-07-25 22:00:00,3476,Central,Beauty,Item_A,5004,5,Credit Card,Returned,25020
104944,2023-07-25 23:00:00,5603,North,Beauty,Item_E,34258,8,Credit Card,In Transit,274064
104945,2023-07-26 00:00:00,4553,Central,Beauty,Item_C,10427,6,Cash,Cancelled,62562
104946,2023-07-26 01:00:00,1220,Central,Electronics,Item_D,31534,2,Cash,Delivered,63068
104947,2023-07-26 02:00:00,5818,East,Beauty,Item_E,6711,4,Net Banking,In Transit,26844
104948,2023-07-26 03:00:00,8192,North,Books,Item_D,41165,4,Debit Card,Cancelled,164660
104949,2023-07-26 04:00:00,5623,West,Books,Item_E,41682,5,Debit Card,Delivered,208410
104950,2023-07-26 05:00:00,8349,South,Electronics,Item_C,39640,6,UPI,Cancelled,237840
104951,2023-07-26 06:00:00,6618,West,Beauty,Item_A,19927,5,Debit Card,Cancelled,99635
104952,2023-07-26 07:00:00,8209,Central,Home & Kitchen,Item_D,49417,6,Debit Card,Delivered,296502
104953,2023-07-26 08:00:00,5576,North,Beauty,Item_C,31339,8,Credit Card,Delivered,250712
104954,2023-07-26 09:00:00,2871,North,Books,Item_D,19994,4,UPI,Returned,79976
104955,2023-07-26 10:00:00,8915,North,Clothing,Item_C,3181,3,UPI,Cancelled,9543
104956,2023-07-26 11:00:00,2462,East,Clothing,Item_E,12985,9,Credit Card,Delivered,116865
104957,2023-07-26 12:00:00,6521,West,Home & Kitchen,Item_C,14866,3,Debit Card,Returned,44598
104958,2023-07-26 13:00:00,9536,East,Beauty,Item_E,35783,8,Debit Card,Delivered,286264
104959,2023-07-26 14:00:00,9236,South,Electronics,Item_A,5296,5,UPI,Returned,26480
104960,2023-07-26 15:00:00,8813,Central,Beauty,Item_E,14150,9,Debit Card,Returned,127350
104961,2023-07-26 16:00:00,3068,East,Home & Kitchen,Item_B,6873,3,UPI,Delivered,20619
104962,2023-07-26 17:00:00,6753,East,Home & Kitchen,Item_A,1942,8,Debit Card,Delivered,15536
104963,2023-07-26 18:00:00,8237,Central,Home & Kitchen,Item_C,38688,7,Net Banking,Cancelled,270816
104964,2023-07-26 19:00:00,8016,North,Clothing,Item_C,36477,7,Credit Card,Cancelled,255339
104965,2023-07-26 20:00:00,7191,Central,Beauty,Item_B,45241,9,Cash,Returned,407169
104966,2023-07-26 21:00:00,2514,West,Beauty,Item_C,3734,8,Net Banking,Delivered,29872
104967,2023-07-26 22:00:00,3598,Central,Electronics,Item_A,14885,3,Debit Card,Cancelled,44655
104968,2023-07-26 23:00:00,2001,North,Home & Kitchen,Item_A,5336,6,Cash,Returned,32016
104969,2023-07-27 00:00:00,2033,Central,Home & Kitchen,Item_E,5785,6,Net Banking,Cancelled,34710
104970,2023-07-27 01:00:00,7899,East,Books,Item_D,27558,5,Credit Card,Returned,137790
104971,2023-07-27 02:00:00,9465,South,Books,Item_C,8754,3,Cash,Cancelled,26262
104972,2023-07-27 03:00:00,6051,East,Clothing,Item_B,44441,9,Cash,Delivered,399969
104973,2023-07-27 04:00:00,5476,South,Beauty,Item_A,1834,7,Credit Card,In Transit,12838
104974,2023-07-27 05:00:00,1478,Central,Electronics,Item_A,17108,4,Net Banking,In Transit,68432
104975,2023-07-27 06:00:00,1515,West,Electronics,Item_A,21510,6,Cash,Returned,129060
104976,2023-07-27 07:00:00,2191,Central,Home & Kitchen,Item_D,15317,5,Credit Card,In Transit,76585
104977,2023-07-27 08:00:00,7297,North,Electronics,Item_D,1922,1,Net Banking,In Transit,1922
104978,2023-07-27 09:00:00,1271,Central,Home & Kitchen,Item_C,8811,2,Debit Card,Returned,17622
104979,2023-07-27 10:00:00,9334,South,Beauty,Item_B,4064,1,UPI,In Transit,4064
104980,2023-07-27 11:00:00,8778,East,Electronics,Item_D,1267,9,Debit Card,Cancelled,11403
104981,2023-07-27 12:00:00,7008,West,Home & Kitchen,Item_E,26176,9,Debit Card,Cancelled,235584
104982,2023-07-27 13:00:00,8987,Central,Beauty,Item_D,39406,5,UPI,Cancelled,197030
104983,2023-07-27 14:00:00,4332,Central,Beauty,Item_A,7471,8,Debit Card,Delivered,59768
104984,2023-07-27 15:00:00,1787,East,Home & Kitchen,Item_B,44293,4,Debit Card,Cancelled,177172
104985,2023-07-27 16:00:00,7222,West,Home & Kitchen,Item_C,12028,1,Credit Card,In Transit,12028
104986,2023-07-27 17:00:00,1622,Central,Clothing,Item_D,47100,4,Credit Card,In Transit,188400
104987,2023-07-27 18:00:00,4841,Central,Beauty,Item_A,31331,7,Net Banking,Cancelled,219317
104988,2023-07-27 19:00:00,4676,South,Home & Kitchen,Item_E,20586,2,Cash,Delivered,41172
104989,2023-07-27 20:00:00,3572,South,Beauty,Item_E,49981,2,Net Banking,Cancelled,99962
104990,2023-07-27 21:00:00,7915,North,Electronics,Item_C,46410,6,Credit Card,Delivered,278460
104991,2023-07-27 22:00:00,6033,East,Books,Item_C,2034,9,Credit Card,Delivered,18306
104992,2023-07-27 23:00:00,8788,West,Books,Item_D,48094,3,UPI,Cancelled,144282
104993,2023-07-28 00:00:00,6214,Central,Home & Kitchen,Item_C,2553,7,UPI,Delivered,17871
104994,2023-07-28 01:00:00,5712,Central,Home & Kitchen,Item_A,14078,9,Credit Card,In Transit,126702
104995,2023-07-28 02:00:00,1066,North,Beauty,Item_A,11332,9,Debit Card,Cancelled,101988
104996,2023-07-28 03:00:00,8533,Central,Home & Kitchen,Item_A,8403,4,Net Banking,In Transit,33612
104997,2023-07-28 04:00:00,5616,East,Beauty,Item_D,10522,2,Credit Card,Delivered,21044
104998,2023-07-28 05:00:00,2140,North,Home & Kitchen,Item_D,11495,1,Credit Card,Returned,11495
104999,2023-07-28 06:00:00,6730,East,Beauty,Item_C,36125,6,UPI,Cancelled,216750
105000,2023-07-28 07:00:00,8465,North,Home & Kitchen,Item_D,22447,5,Net Banking,Returned,112235
