Employee_ID,Department,Job_Role,Experience_Years,Education_Level,Monthly_Salary,Performance_Score,Work_Mode,Overtime_Hours,Attrition_Status
20001,Marketing,Manager,4.5,Master,169755,2.2,Office,36,No
20002,IT,Manager,1.1,Diploma,60462,3.7,Remote,14,No
20003,Sales,Intern,10.3,Master,128379,3.7,Remote,6,No
20004,Sales,Analyst,17.0,Bachelor,35324,1.3,Office,37,No
20005,Marketing,Analyst,6.6,Diploma,105695,3.9,Hybrid,29,No
20006,IT,Intern,10.5,Bachelor,60916,4.1,Hybrid,6,No
20007,HR,Analyst,7.5,Diploma,71425,3.5,Office,28,No
20008,IT,Intern,4.3,Bachelor,141702,2.0,Hybrid,12,Yes
20009,Finance,Analyst,9.7,PhD,98195,3.7,Hybrid,2,No
20010,Finance,Intern,8.5,Bachelor,170846,3.5,Hybrid,24,No
20011,HR,Executive,1.5,Master,169638,1.4,Office,37,No
20012,Marketing,Executive,3.3,PhD,125771,4.4,Hybrid,9,No
20013,HR,Analyst,12.6,Master,133262,1.7,Remote,39,No
20014,Marketing,Manager,7.5,Master,55431,3.8,Remote,32,No
20015,HR,Analyst,18.7,Bachelor,37430,4.3,Office,20,No
20016,Sales,Analyst,10.2,PhD,55494,4.4,Office,13,No
20017,Finance,Manager,1.5,Master,41009,2.4,Hybrid,21,No
20018,Sales,Analyst,10.6,Master,89690,2.4,Remote,1,No
20019,Marketing,Intern,3.7,Master,137294,3.7,Remote,18,No
20020,Marketing,Analyst,14.3,Bachelor,42457,1.1,Remote,3,No
20021,Operations,Executive,13.7,Master,93558,4.1,Remote,0,Yes
20022,HR,Manager,18.7,Diploma,83598,3.5,Office,10,No
20023,HR,Executive,6.5,PhD,74587,4.9,Hybrid,5,No
20024,Operations,Analyst,8.9,PhD,47465,3.5,Remote,27,Yes
20025,HR,Analyst,4.1,Master,67220,2.2,Office,22,No
20026,Sales,Executive,15.6,PhD,42049,1.5,Hybrid,7,No
20027,Operations,Senior Manager,11.6,Diploma,77322,4.6,Remote,25,No
20028,HR,Manager,15.4,Master,48780,4.7,Remote,4,No
20029,Finance,Senior Manager,7.7,Diploma,114704,4.3,Office,10,No
20030,HR,Manager,11.2,Master,81704,3.9,Remote,18,No
20031,IT,Senior Manager,7.5,Diploma,98197,1.0,Remote,12,Yes
20032,Marketing,Manager,6.6,Master,49156,2.0,Remote,29,No
20033,IT,Intern,6.3,Diploma,173998,4.8,Office,25,No
20034,Sales,Intern,13.3,PhD,98283,4.1,Office,0,No
20035,Sales,Executive,6.7,PhD,159280,1.0,Remote,24,No
20036,HR,Manager,19.5,Bachelor,97867,4.0,Hybrid,16,Yes
20037,Sales,Intern,2.8,PhD,47885,5.0,Hybrid,2,No
20038,HR,Executive,14.1,PhD,44128,3.3,Remote,11,No
20039,IT,Analyst,14.7,Master,138315,2.4,Remote,9,Yes
20040,HR,Executive,6.6,PhD,62748,3.0,Office,33,No
20041,HR,Analyst,10.2,Master,119103,3.4,Hybrid,39,No
20042,Operations,Intern,0.8,Bachelor,112230,1.0,Office,16,No
20043,Marketing,Intern,6.4,Master,85502,1.8,Office,6,No
20044,Marketing,Intern,12.2,PhD,88134,3.1,Hybrid,29,No
20045,Marketing,Senior Manager,13.1,Diploma,102250,4.6,Remote,34,No
20046,Finance,Executive,18.1,PhD,126951,1.0,Remote,37,No
20047,IT,Senior Manager,12.4,Master,47822,2.8,Office,30,Yes
20048,Sales,Manager,16.7,Bachelor,92454,2.3,Office,30,No
20049,HR,Intern,19.5,PhD,130980,2.6,Hybrid,15,No
20050,Operations,Manager,16.7,PhD,72414,3.4,Hybrid,15,No
20051,Marketing,Intern,8.9,Master,51292,4.9,Remote,37,No
20052,HR,Intern,12.9,Diploma,78654,3.4,Remote,3,No
20053,Operations,Executive,2.2,PhD,158445,2.5,Hybrid,19,No
20054,Marketing,Executive,10.5,PhD,142398,4.0,Office,5,No
20055,Sales,Manager,9.5,Diploma,145605,4.4,Hybrid,33,No
20056,IT,Executive,7.4,Bachelor,160865,1.5,Remote,19,No
20057,Sales,Executive,7.3,PhD,30675,1.5,Remote,19,Yes
20058,Sales,Executive,2.9,Master,70032,3.0,Hybrid,18,No
20059,Sales,Executive,0.4,Diploma,56752,3.9,Office,5,No
20060,IT,Senior Manager,10.0,Diploma,16371,1.7,Hybrid,18,No
20061,Sales,Manager,11.1,Bachelor,50896,2.5,Remote,24,No
20062,Sales,Manager,18.5,Master,67364,3.3,Remote,5,No
20063,Marketing,Intern,15.5,Diploma,70399,2.8,Hybrid,27,No
20064,Sales,Executive,13.7,PhD,170513,2.4,Hybrid,19,No
20065,IT,Intern,12.6,PhD,176341,1.1,Remote,28,No
20066,Sales,Executive,16.0,Diploma,120975,4.4,Office,33,No
20067,IT,Manager,15.4,Master,156364,2.2,Hybrid,38,No
20068,Operations,Senior Manager,6.5,Bachelor,166287,4.0,Hybrid,26,No
20069,IT,Intern,17.5,PhD,144016,2.6,Remote,30,No
20070,Operations,Senior Manager,17.6,Bachelor,140946,4.5,Remote,29,No
20071,IT,Senior Manager,6.9,Master,135059,4.1,Hybrid,10,No
20072,Finance,Manager,18.1,Diploma,30313,1.8,Remote,7,No
20073,Sales,Analyst,1.0,Master,150773,4.9,Remote,21,No
20074,Finance,Executive,9.0,PhD,178054,3.2,Office,28,No
20075,Finance,Analyst,4.4,Bachelor,95123,3.0,Remote,16,Yes
20076,Operations,Analyst,3.5,Master,177618,2.4,Office,10,No
20077,Sales,Senior Manager,4.4,PhD,43851,3.1,Remote,28,No
20078,Sales,Analyst,0.1,Diploma,164446,3.0,Hybrid,18,No
20079,Finance,Analyst,17.2,Bachelor,115259,4.2,Remote,18,No
20080,HR,Analyst,12.4,Diploma,92719,1.4,Office,3,No
20081,Marketing,Executive,8.1,PhD,115750,4.5,Remote,30,No
20082,Operations,Intern,5.9,Diploma,43246,1.0,Office,27,No
20083,Sales,Intern,17.2,PhD,178086,4.5,Remote,5,No
20084,IT,Analyst,0.9,Master,123717,4.6,Hybrid,39,Yes
20085,IT,Analyst,2.8,PhD,88936,3.8,Hybrid,3,No
20086,Marketing,Intern,12.1,Bachelor,24099,3.8,Remote,5,No
20087,Sales,Intern,5.0,PhD,117509,4.2,Office,4,Yes
20088,Marketing,Senior Manager,0.6,PhD,166981,3.6,Remote,31,No
20089,Marketing,Manager,0.4,PhD,17241,2.9,Hybrid,4,No
20090,Operations,Executive,18.4,PhD,39984,2.3,Hybrid,39,No
20091,Marketing,Manager,0.2,PhD,96022,3.2,Remote,15,No
20092,Sales,Analyst,17.4,Master,33373,1.2,Office,17,No
20093,Sales,Analyst,16.0,Diploma,169200,4.6,Remote,9,Yes
20094,HR,Senior Manager,17.1,Bachelor,118366,1.7,Office,0,No
20095,Marketing,Intern,8.4,Master,121126,3.3,Hybrid,12,No
20096,Sales,Analyst,2.1,Master,148938,2.2,Remote,6,Yes
20097,HR,Manager,18.7,PhD,83157,1.5,Hybrid,9,No
20098,Finance,Manager,0.6,Master,111696,4.6,Hybrid,23,No
20099,Finance,Senior Manager,13.5,Diploma,134754,4.5,Hybrid,32,Yes
20100,Sales,Executive,6.7,Bachelor,31376,2.0,Office,9,Yes
20101,Operations,Executive,10.9,Bachelor,116841,4.9,Remote,33,Yes
20102,Finance,Senior Manager,8.6,Diploma,114269,3.0,Remote,19,No
20103,Sales,Analyst,9.3,Diploma,58385,2.3,Hybrid,30,Yes
20104,Operations,Senior Manager,15.7,PhD,115295,4.0,Remote,11,No
20105,Marketing,Analyst,7.6,Master,175623,4.7,Hybrid,18,Yes
20106,Marketing,Executive,12.3,Diploma,138658,1.3,Office,39,Yes
20107,Operations,Analyst,13.0,Diploma,29826,2.9,Remote,22,No
20108,HR,Senior Manager,8.9,Master,95841,1.9,Hybrid,37,No
20109,Operations,Analyst,11.5,Master,55400,2.7,Office,6,No
20110,Operations,Analyst,0.8,PhD,88345,1.3,Remote,18,No
20111,Marketing,Manager,3.0,PhD,112660,2.5,Office,25,No
20112,Sales,Executive,7.2,Master,115019,2.9,Hybrid,5,No
20113,IT,Executive,18.3,Diploma,76491,2.2,Hybrid,24,No
20114,Finance,Senior Manager,5.8,PhD,165529,2.0,Office,25,No
20115,Operations,Analyst,8.8,Bachelor,87820,4.3,Office,34,No
20116,Marketing,Manager,0.0,Master,139302,4.8,Hybrid,19,No
20117,Marketing,Intern,11.8,Master,119134,4.6,Hybrid,24,Yes
20118,IT,Intern,1.6,Bachelor,41820,3.6,Office,2,No
20119,IT,Manager,1.1,Master,178264,3.2,Remote,34,Yes
20120,Operations,Manager,12.1,Master,69114,4.2,Office,37,No
20121,Finance,Analyst,16.7,Bachelor,40325,2.4,Office,36,No
20122,HR,Analyst,18.1,Master,141895,1.0,Remote,31,No
20123,Marketing,Executive,13.0,Diploma,81790,3.3,Office,24,No
20124,Finance,Intern,8.5,Diploma,35366,3.3,Hybrid,33,No
20125,Marketing,Manager,6.3,PhD,160923,1.7,Hybrid,29,Yes
20126,HR,Analyst,19.7,Master,150694,1.7,Hybrid,6,No
20127,Finance,Senior Manager,14.8,PhD,36113,2.9,Office,7,No
20128,Sales,Intern,12.8,Bachelor,18018,1.5,Hybrid,19,No
20129,Finance,Intern,0.4,Master,118187,4.5,Office,15,No
20130,Marketing,Senior Manager,2.1,Diploma,52681,2.0,Hybrid,23,Yes
20131,IT,Senior Manager,7.3,PhD,17948,3.2,Hybrid,36,No
20132,Operations,Senior Manager,11.1,PhD,69347,3.1,Hybrid,33,No
20133,Finance,Intern,14.6,Master,31918,1.8,Office,35,No
20134,IT,Manager,11.8,Diploma,26837,3.9,Remote,7,No
20135,Operations,Senior Manager,12.1,Diploma,63251,4.5,Office,23,No
20136,IT,Analyst,7.0,Bachelor,107732,4.1,Office,2,Yes
20137,Marketing,Executive,8.3,Master,73266,2.6,Remote,20,Yes
20138,IT,Intern,6.0,PhD,70174,1.3,Office,21,No
20139,HR,Analyst,2.2,Bachelor,48171,2.2,Hybrid,0,No
20140,Marketing,Manager,8.2,Bachelor,44053,4.3,Hybrid,16,No
20141,Operations,Senior Manager,7.0,Diploma,67685,2.7,Remote,7,No
20142,IT,Executive,4.6,Master,59390,1.5,Remote,36,Yes
20143,Operations,Analyst,8.5,PhD,58444,4.3,Office,9,No
20144,Marketing,Intern,5.7,Bachelor,16606,3.2,Remote,4,No
20145,Sales,Executive,3.4,PhD,98434,4.0,Remote,24,No
20146,Marketing,Senior Manager,11.6,Master,54615,2.0,Office,38,No
20147,IT,Analyst,18.4,Master,112047,1.2,Remote,29,No
20148,Sales,Manager,15.5,PhD,72777,1.2,Office,20,No
20149,HR,Analyst,14.1,Diploma,120013,4.8,Office,37,No
20150,IT,Senior Manager,6.1,Diploma,170730,3.4,Hybrid,19,No
20151,Operations,Analyst,18.8,Master,174755,1.4,Office,25,No
20152,Operations,Analyst,15.5,Bachelor,171337,3.6,Hybrid,34,Yes
20153,Sales,Executive,9.1,Bachelor,72747,2.9,Office,24,No
20154,Marketing,Analyst,2.8,Master,153539,2.7,Remote,14,Yes
20155,HR,Manager,12.0,PhD,40455,1.3,Hybrid,6,No
20156,Sales,Analyst,3.6,PhD,176203,1.5,Hybrid,31,No
20157,IT,Analyst,6.5,Master,27073,3.6,Hybrid,13,No
20158,Marketing,Manager,19.8,Master,73015,4.8,Remote,11,Yes
20159,Marketing,Analyst,11.3,Master,49128,2.0,Remote,6,No
20160,Operations,Executive,3.9,Bachelor,35648,4.6,Hybrid,5,No
20161,Marketing,Senior Manager,6.3,Diploma,130169,1.1,Remote,14,No
20162,Operations,Senior Manager,16.8,PhD,155520,3.3,Hybrid,27,No
20163,Finance,Analyst,1.5,Diploma,149211,2.4,Hybrid,7,No
20164,IT,Analyst,5.2,PhD,68965,3.5,Office,39,No
20165,Sales,Manager,5.1,Bachelor,81793,1.9,Hybrid,16,No
20166,Sales,Executive,4.6,PhD,20555,2.2,Hybrid,0,No
20167,Finance,Analyst,7.9,Master,140492,4.7,Remote,4,No
20168,Marketing,Intern,17.0,Bachelor,102022,2.6,Office,1,No
20169,HR,Analyst,13.6,Diploma,83536,3.4,Office,21,No
20170,Operations,Analyst,18.3,Master,80513,3.6,Office,26,No
20171,Sales,Manager,9.8,Bachelor,21842,4.0,Hybrid,39,No
20172,Operations,Executive,14.9,Bachelor,40695,4.8,Remote,37,No
20173,HR,Analyst,13.1,Master,167286,3.8,Hybrid,21,No
20174,Operations,Analyst,5.8,PhD,110309,3.5,Office,11,No
20175,IT,Senior Manager,20.0,PhD,162402,3.8,Remote,3,No
20176,Operations,Manager,15.7,Bachelor,139088,3.8,Office,7,No
20177,HR,Senior Manager,0.5,PhD,50816,2.1,Hybrid,18,Yes
20178,Marketing,Analyst,19.3,Diploma,129171,1.8,Hybrid,7,No
20179,Sales,Executive,7.4,Diploma,53365,3.4,Office,22,No
20180,Operations,Senior Manager,9.9,Master,79281,4.8,Remote,9,No
20181,IT,Intern,5.4,Diploma,85698,1.2,Remote,7,No
20182,Finance,Intern,5.2,Master,124887,4.1,Office,5,Yes
20183,HR,Executive,14.7,Master,111229,4.4,Remote,23,Yes
20184,Finance,Manager,1.6,Bachelor,53943,2.6,Office,16,No
20185,HR,Analyst,17.0,Bachelor,19253,5.0,Hybrid,25,No
20186,Finance,Senior Manager,0.7,Diploma,144526,4.7,Hybrid,32,No
20187,IT,Manager,1.6,Bachelor,79484,4.2,Office,19,No
20188,IT,Manager,2.7,Bachelor,134752,1.6,Hybrid,8,No
20189,Operations,Intern,7.3,Master,46313,1.4,Remote,22,No
20190,Operations,Executive,7.2,PhD,84893,3.0,Hybrid,25,No
20191,Sales,Senior Manager,13.2,Master,78685,1.7,Office,39,No
20192,IT,Manager,12.5,PhD,77268,1.4,Office,13,No
20193,HR,Intern,11.2,Diploma,103489,2.7,Remote,11,No
20194,HR,Manager,3.5,Master,58630,3.3,Hybrid,20,No
20195,IT,Executive,4.9,Bachelor,62155,2.6,Remote,1,No
20196,IT,Senior Manager,14.5,PhD,117323,1.8,Remote,22,No
20197,IT,Manager,14.0,Diploma,81185,3.6,Hybrid,28,No
20198,Operations,Analyst,18.0,Bachelor,142490,3.6,Hybrid,14,No
20199,Sales,Manager,8.4,Master,98501,2.0,Hybrid,24,No
20200,Finance,Senior Manager,15.1,PhD,32598,4.8,Hybrid,20,Yes
20201,HR,Manager,13.1,Diploma,30043,4.1,Hybrid,5,No
20202,Operations,Manager,5.8,Master,138816,1.8,Hybrid,39,No
20203,Finance,Manager,6.8,Bachelor,136840,1.5,Remote,33,No
20204,Finance,Senior Manager,16.6,PhD,175747,2.7,Remote,12,No
20205,Marketing,Intern,14.0,PhD,98453,1.1,Remote,33,No
20206,Finance,Intern,15.6,Bachelor,74725,3.6,Remote,10,No
20207,Sales,Analyst,18.4,Master,79762,3.2,Hybrid,6,Yes
20208,Marketing,Analyst,10.2,PhD,123492,4.9,Remote,11,No
20209,HR,Intern,6.1,PhD,169685,1.5,Remote,30,No
20210,IT,Analyst,11.9,Master,54772,4.8,Office,9,Yes
20211,Marketing,Executive,12.3,Bachelor,134604,4.3,Hybrid,35,Yes
20212,IT,Executive,2.0,PhD,114070,2.0,Hybrid,11,No
20213,Marketing,Intern,3.7,PhD,152668,2.1,Hybrid,33,No
20214,Sales,Manager,17.5,Master,72867,3.9,Hybrid,23,Yes
20215,Finance,Analyst,13.1,Diploma,123370,3.3,Hybrid,26,No
20216,Marketing,Manager,10.3,PhD,102974,3.9,Office,9,No
20217,IT,Executive,11.1,Bachelor,113804,4.1,Hybrid,25,No
20218,HR,Executive,13.9,PhD,176959,2.9,Remote,3,No
20219,Finance,Senior Manager,7.5,Master,115435,4.0,Hybrid,11,Yes
20220,Marketing,Executive,19.1,Diploma,148997,3.9,Hybrid,29,No
20221,HR,Intern,2.4,Bachelor,35008,2.5,Hybrid,7,No
20222,HR,Executive,4.6,Bachelor,121338,4.6,Office,18,No
20223,Marketing,Senior Manager,11.0,PhD,31733,2.7,Office,8,No
20224,IT,Intern,3.9,Master,133056,4.8,Office,36,Yes
20225,HR,Executive,4.9,PhD,122450,1.9,Office,15,No
20226,Finance,Senior Manager,15.3,Master,139918,2.1,Hybrid,7,No
20227,HR,Analyst,18.3,Diploma,173161,4.7,Remote,11,No
20228,Sales,Executive,9.2,Bachelor,163908,1.8,Hybrid,9,No
20229,Operations,Manager,2.5,Master,149023,4.8,Office,15,No
20230,Operations,Manager,2.6,Master,87848,1.4,Remote,1,No
20231,HR,Intern,9.4,Diploma,141692,4.3,Remote,22,No
20232,IT,Executive,1.4,Bachelor,25845,3.7,Hybrid,9,No
20233,Sales,Intern,15.5,Master,167167,3.4,Office,12,Yes
20234,Finance,Executive,11.4,Master,58246,2.6,Hybrid,1,No
20235,HR,Analyst,12.0,PhD,77210,4.1,Remote,3,No
20236,HR,Executive,0.7,Diploma,147876,3.8,Hybrid,32,Yes
20237,Marketing,Executive,9.0,Master,75125,4.6,Hybrid,39,No
20238,Operations,Executive,18.0,Master,143960,2.3,Remote,2,No
20239,Marketing,Manager,17.3,Bachelor,78196,2.0,Remote,36,No
20240,Sales,Intern,12.6,Diploma,46934,3.6,Remote,29,No
20241,Operations,Executive,7.5,Diploma,120131,3.4,Hybrid,25,No
20242,IT,Senior Manager,8.7,Diploma,122909,3.2,Hybrid,20,No
20243,Operations,Manager,10.7,Master,105466,1.4,Remote,11,No
20244,Finance,Executive,3.4,Diploma,75541,1.5,Hybrid,3,No
20245,Marketing,Intern,13.8,Diploma,56840,2.3,Office,2,Yes
20246,HR,Manager,12.9,Bachelor,105254,2.7,Remote,9,No
20247,Marketing,Senior Manager,4.4,Diploma,21886,4.1,Remote,35,Yes
20248,Finance,Executive,0.3,Bachelor,149634,2.1,Hybrid,3,No
20249,Finance,Manager,0.8,Bachelor,132218,1.6,Remote,34,Yes
20250,HR,Manager,17.9,Master,75939,3.7,Hybrid,12,No
20251,Operations,Analyst,11.1,Bachelor,104079,2.2,Office,6,No
20252,Sales,Analyst,13.0,PhD,156271,2.7,Hybrid,4,No
20253,IT,Analyst,19.2,Master,142822,2.4,Office,30,No
20254,Operations,Executive,7.7,PhD,66765,3.0,Remote,32,No
20255,HR,Analyst,13.4,PhD,63719,1.8,Office,33,No
20256,Sales,Executive,19.8,PhD,69939,2.8,Hybrid,18,No
20257,IT,Manager,8.8,Master,56324,4.7,Office,1,No
20258,Finance,Senior Manager,11.8,Bachelor,161925,2.6,Remote,10,No
20259,HR,Intern,19.8,PhD,174228,4.6,Remote,27,No
20260,IT,Analyst,9.0,Diploma,33307,1.9,Remote,29,Yes
20261,Sales,Senior Manager,5.4,Master,179585,1.6,Hybrid,21,No
20262,Sales,Senior Manager,14.9,Master,33773,4.4,Office,28,No
20263,Marketing,Executive,0.8,Diploma,85171,2.2,Remote,26,No
20264,Operations,Intern,7.6,PhD,108003,2.7,Remote,16,No
20265,Sales,Senior Manager,5.0,PhD,71512,4.2,Hybrid,11,No
20266,IT,Executive,17.7,Bachelor,61824,3.3,Hybrid,13,No
20267,Operations,Senior Manager,2.7,Diploma,101516,1.3,Remote,30,Yes
20268,Marketing,Senior Manager,2.9,PhD,72762,4.5,Hybrid,33,No
20269,Sales,Senior Manager,18.5,Diploma,95703,2.8,Office,15,No
20270,Marketing,Executive,11.6,Bachelor,72524,3.2,Office,25,No
20271,HR,Manager,12.1,Bachelor,107815,3.8,Hybrid,21,Yes
20272,IT,Intern,11.4,Diploma,71867,1.8,Office,17,No
20273,Finance,Executive,2.6,Master,160614,2.7,Hybrid,32,No
20274,Finance,Manager,16.8,Master,21977,3.5,Remote,27,No
20275,HR,Manager,4.1,Diploma,71084,4.7,Office,4,Yes
20276,Marketing,Intern,18.0,PhD,79622,4.0,Office,23,Yes
20277,Sales,Intern,18.1,Diploma,124978,1.2,Remote,18,No
20278,IT,Executive,2.6,Diploma,41643,4.6,Hybrid,6,No
20279,HR,Executive,0.8,Master,101640,2.5,Remote,19,Yes
20280,Marketing,Executive,0.1,Master,102477,1.2,Hybrid,2,No
20281,IT,Manager,13.3,PhD,84591,1.9,Hybrid,33,Yes
20282,HR,Manager,12.9,PhD,130392,2.7,Office,35,No
20283,Operations,Senior Manager,1.5,PhD,24435,3.1,Hybrid,35,No
20284,Finance,Executive,10.5,PhD,128386,3.9,Remote,18,No
20285,Marketing,Manager,12.2,Master,22018,4.2,Remote,2,Yes
20286,Marketing,Analyst,13.4,Diploma,100167,2.5,Hybrid,2,Yes
20287,Marketing,Manager,0.2,Bachelor,132553,4.3,Hybrid,18,No
20288,Marketing,Executive,13.3,Bachelor,77474,4.9,Remote,27,No
20289,Sales,Senior Manager,9.1,Bachelor,87341,4.4,Office,2,No
20290,IT,Analyst,8.0,Bachelor,109921,2.7,Remote,2,No
20291,Finance,Senior Manager,12.8,Diploma,76361,4.1,Hybrid,14,No
20292,HR,Intern,15.2,Diploma,53029,2.4,Remote,9,No
20293,Operations,Intern,5.5,Diploma,80531,1.0,Hybrid,34,Yes
20294,Finance,Executive,13.4,Master,153252,2.1,Remote,32,Yes
20295,IT,Senior Manager,1.9,PhD,37889,1.9,Remote,23,No
20296,Finance,Executive,2.6,PhD,156405,4.2,Office,24,No
20297,Operations,Manager,9.3,Master,62381,4.0,Office,13,No
20298,Operations,Executive,2.9,PhD,64867,3.8,Office,1,No
20299,Operations,Analyst,12.0,Diploma,45827,1.5,Hybrid,39,No
20300,Operations,Intern,10.1,Bachelor,50567,3.1,Remote,34,No
20301,HR,Executive,18.0,Bachelor,149517,2.8,Office,10,No
20302,Finance,Executive,14.0,PhD,103182,1.6,Hybrid,10,No
20303,Marketing,Analyst,5.2,Diploma,130262,2.6,Hybrid,16,No
20304,Operations,Intern,19.2,PhD,115979,3.0,Office,26,No
20305,Finance,Intern,16.3,Bachelor,117503,3.9,Hybrid,13,No
20306,Marketing,Manager,5.1,Diploma,112339,4.3,Hybrid,16,No
20307,HR,Analyst,18.7,Bachelor,86895,2.9,Remote,36,Yes
20308,Operations,Manager,18.8,Bachelor,46047,4.0,Office,15,No
20309,Sales,Intern,2.1,Bachelor,146293,4.5,Hybrid,38,No
20310,Sales,Executive,13.8,PhD,73669,1.9,Remote,4,No
20311,HR,Senior Manager,12.3,Diploma,23893,3.1,Remote,7,Yes
20312,Marketing,Analyst,19.8,Bachelor,164714,1.7,Remote,3,No
20313,Operations,Executive,18.7,Diploma,139372,4.9,Remote,1,No
20314,HR,Analyst,14.5,Master,39367,3.9,Hybrid,32,Yes
20315,Operations,Intern,15.9,Master,152448,2.7,Remote,9,No
20316,IT,Analyst,10.5,PhD,83602,2.3,Office,34,Yes
20317,Marketing,Intern,18.9,Diploma,22714,2.9,Hybrid,30,No
20318,Finance,Intern,13.4,Diploma,67118,5.0,Hybrid,36,No
20319,Operations,Manager,5.6,PhD,148211,3.5,Hybrid,26,Yes
20320,IT,Intern,17.9,PhD,109587,1.7,Hybrid,14,No
20321,IT,Senior Manager,19.9,Master,37229,4.8,Remote,23,Yes
20322,Sales,Executive,6.8,PhD,120312,3.0,Office,22,No
20323,Marketing,Analyst,7.4,Master,176679,2.3,Remote,5,No
20324,HR,Intern,8.6,PhD,162441,1.5,Hybrid,33,No
20325,Sales,Senior Manager,17.7,PhD,77306,1.7,Hybrid,20,No
20326,Operations,Senior Manager,9.2,Master,141009,3.5,Remote,34,No
20327,Marketing,Senior Manager,5.9,PhD,165184,1.5,Remote,8,No
20328,HR,Senior Manager,13.5,Diploma,173726,3.6,Remote,30,Yes
20329,Marketing,Intern,0.1,PhD,72556,2.6,Office,33,No
20330,IT,Analyst,12.5,PhD,111185,3.7,Remote,36,No
20331,Operations,Intern,9.5,PhD,144248,2.4,Remote,29,No
20332,Finance,Manager,14.8,Bachelor,101754,3.2,Hybrid,36,Yes
20333,Sales,Executive,17.7,PhD,151687,4.1,Office,6,No
20334,Sales,Executive,6.5,PhD,133449,1.4,Office,16,No
20335,Marketing,Senior Manager,0.7,PhD,21726,1.4,Office,21,No
20336,HR,Manager,2.2,Master,143698,2.2,Remote,22,Yes
20337,Operations,Executive,3.0,Master,154735,2.9,Hybrid,2,No
20338,Sales,Senior Manager,18.6,Diploma,135663,1.5,Remote,20,No
20339,Operations,Analyst,17.3,Bachelor,127389,1.6,Hybrid,34,No
20340,Operations,Executive,5.1,PhD,101193,5.0,Remote,24,No
20341,Operations,Executive,12.5,Bachelor,37116,4.3,Office,4,Yes
20342,Sales,Intern,8.6,PhD,49627,1.2,Office,34,Yes
20343,Operations,Executive,9.4,PhD,177033,2.3,Remote,0,No
20344,Finance,Senior Manager,16.1,Diploma,41209,1.2,Hybrid,21,No
20345,Sales,Intern,4.2,Diploma,39785,1.1,Office,36,Yes
20346,IT,Analyst,19.6,Diploma,40550,1.9,Office,26,No
20347,IT,Manager,9.0,Diploma,64300,2.0,Remote,14,No
20348,HR,Senior Manager,16.9,PhD,19571,2.5,Office,16,No
20349,Marketing,Analyst,6.5,Diploma,130464,1.5,Office,23,No
20350,Finance,Intern,11.2,Master,76930,1.3,Hybrid,11,No
20351,Finance,Intern,1.7,Diploma,50803,3.9,Remote,34,No
20352,Sales,Executive,9.8,Diploma,168179,3.6,Office,17,No
20353,Sales,Senior Manager,5.9,Master,59804,3.4,Remote,16,No
20354,IT,Intern,7.6,Bachelor,45342,4.4,Remote,24,No
20355,Finance,Senior Manager,16.8,Master,123652,1.8,Remote,11,No
20356,HR,Analyst,19.2,Diploma,125644,4.5,Hybrid,26,No
20357,HR,Executive,3.2,Master,138572,1.2,Remote,15,No
20358,Operations,Manager,16.2,Master,30729,3.9,Remote,19,No
20359,HR,Senior Manager,17.0,Diploma,173820,4.3,Hybrid,11,No
20360,Marketing,Intern,13.0,Diploma,36319,1.4,Office,36,No
20361,IT,Senior Manager,7.2,Diploma,34112,4.0,Office,17,No
20362,Finance,Analyst,14.6,Master,47976,4.8,Office,15,No
20363,Sales,Intern,0.1,PhD,77392,2.2,Remote,14,Yes
20364,Marketing,Senior Manager,0.3,Diploma,131505,2.4,Office,24,No
20365,HR,Senior Manager,2.8,Bachelor,147901,1.6,Remote,0,Yes
20366,Finance,Analyst,18.8,PhD,136759,3.3,Office,27,No
20367,IT,Intern,2.0,Master,172498,2.7,Remote,39,No
20368,Sales,Manager,8.6,Bachelor,116701,4.1,Remote,25,No
20369,IT,Manager,6.3,PhD,72959,3.3,Office,39,No
20370,Operations,Analyst,19.7,Bachelor,108541,4.7,Hybrid,11,No
20371,Operations,Senior Manager,2.4,Master,111323,4.0,Hybrid,25,No
20372,HR,Manager,15.0,Diploma,173388,1.3,Hybrid,13,Yes
20373,IT,Intern,7.6,PhD,133723,4.8,Hybrid,30,No
20374,Sales,Analyst,17.4,Master,157038,3.1,Hybrid,20,Yes
20375,Sales,Analyst,9.9,Diploma,54018,1.3,Office,31,No
20376,Sales,Analyst,6.7,Diploma,33227,1.8,Hybrid,35,No
20377,Finance,Analyst,18.6,Bachelor,46665,4.6,Office,23,No
20378,Marketing,Senior Manager,19.3,PhD,47575,4.3,Office,5,No
20379,Finance,Intern,13.5,PhD,157580,4.1,Office,4,No
20380,HR,Intern,13.9,Diploma,175657,3.4,Remote,15,No
20381,Finance,Intern,3.6,PhD,31968,4.9,Remote,36,No
20382,Marketing,Analyst,1.2,Diploma,156550,3.0,Remote,22,No
20383,IT,Senior Manager,12.7,PhD,158684,1.5,Remote,28,Yes
20384,HR,Manager,8.3,PhD,69113,1.1,Office,18,No
20385,Finance,Intern,10.0,PhD,78258,4.3,Hybrid,1,No
20386,HR,Analyst,16.5,PhD,134271,1.3,Remote,35,No
20387,Finance,Executive,9.4,Bachelor,29686,4.0,Office,13,Yes
20388,Operations,Manager,17.2,Diploma,94889,2.4,Remote,33,No
20389,Finance,Senior Manager,7.9,Diploma,25786,3.9,Office,10,No
20390,Marketing,Executive,18.2,Master,138680,1.3,Office,36,No
20391,Sales,Manager,10.1,Bachelor,115511,1.9,Remote,27,No
20392,IT,Senior Manager,5.3,PhD,171483,2.4,Hybrid,4,No
20393,Marketing,Manager,4.1,Master,129595,4.8,Office,29,No
20394,Operations,Analyst,1.6,Master,167909,5.0,Remote,21,No
20395,Marketing,Executive,14.1,Master,167383,3.1,Remote,18,No
20396,Operations,Executive,6.4,Diploma,26114,2.9,Office,26,Yes
20397,IT,Analyst,6.9,PhD,104496,2.4,Hybrid,38,Yes
20398,IT,Executive,13.1,PhD,144821,3.9,Hybrid,29,No
20399,IT,Manager,19.7,Bachelor,33138,1.6,Office,14,No
20400,Marketing,Intern,8.4,Bachelor,60560,4.9,Office,8,No
20401,HR,Intern,6.6,PhD,107876,2.0,Remote,34,Yes
20402,Marketing,Senior Manager,10.4,Master,108279,2.8,Remote,2,No
20403,Finance,Intern,3.5,Bachelor,41323,4.5,Hybrid,28,No
20404,Marketing,Senior Manager,10.4,Master,93745,4.6,Office,39,No
20405,Operations,Manager,17.1,Master,77670,3.8,Hybrid,34,No
20406,Sales,Manager,2.2,Bachelor,89596,4.5,Remote,19,No
20407,Sales,Senior Manager,4.2,Diploma,43135,2.0,Office,20,No
20408,Operations,Intern,7.2,PhD,175618,4.2,Hybrid,20,No
20409,Finance,Executive,6.9,Diploma,78432,2.8,Remote,34,Yes
20410,Marketing,Executive,6.9,Master,135439,4.8,Office,14,Yes
20411,Sales,Analyst,5.2,Diploma,139952,3.6,Office,11,No
20412,Finance,Executive,18.8,Master,19659,2.4,Remote,28,No
20413,Marketing,Senior Manager,1.4,Bachelor,59459,4.3,Remote,12,No
20414,Operations,Intern,10.8,PhD,164866,1.9,Remote,33,Yes
20415,IT,Manager,7.7,Diploma,169881,4.1,Office,24,No
20416,Operations,Executive,15.6,Master,173727,3.9,Office,11,No
20417,HR,Intern,9.6,Master,165530,2.9,Office,10,No
20418,Sales,Manager,13.4,PhD,175150,4.7,Office,8,No
20419,Finance,Intern,14.3,Diploma,99630,3.2,Office,10,No
20420,Operations,Executive,2.9,Diploma,86391,2.1,Office,8,No
20421,Finance,Executive,18.6,Bachelor,158506,3.0,Hybrid,10,No
20422,HR,Executive,13.4,Master,26872,3.4,Office,5,No
20423,IT,Intern,5.8,PhD,83498,3.2,Hybrid,15,No
20424,Sales,Senior Manager,4.0,Diploma,102624,4.7,Remote,35,No
20425,Finance,Manager,5.3,Bachelor,145458,5.0,Hybrid,26,No
20426,Finance,Analyst,7.5,PhD,163227,4.3,Hybrid,10,No
20427,Finance,Executive,18.6,Bachelor,59435,3.5,Remote,14,No
20428,Marketing,Manager,6.0,Diploma,139525,1.1,Hybrid,3,No
20429,Sales,Intern,18.6,Master,53323,1.6,Office,12,No
20430,Marketing,Executive,9.1,Master,130113,1.4,Office,14,No
20431,HR,Intern,11.1,Master,19554,3.5,Hybrid,38,No
20432,Finance,Intern,3.1,Diploma,71585,3.8,Remote,8,No
20433,Finance,Analyst,19.2,Bachelor,25232,4.9,Hybrid,20,No
20434,HR,Intern,0.8,Bachelor,144521,3.4,Remote,30,Yes
20435,Finance,Executive,14.3,Master,126245,2.8,Remote,18,No
20436,HR,Manager,14.8,Master,172176,2.8,Remote,26,Yes
20437,Finance,Intern,3.4,Diploma,124010,3.0,Remote,22,No
20438,HR,Manager,18.6,Diploma,155447,2.5,Office,11,No
20439,Operations,Executive,9.6,PhD,27875,3.6,Hybrid,13,No
20440,Marketing,Analyst,1.0,Bachelor,89387,3.7,Office,20,No
20441,HR,Intern,5.1,Master,36944,4.1,Hybrid,14,No
20442,Marketing,Senior Manager,19.7,Bachelor,40238,1.7,Hybrid,12,No
20443,IT,Senior Manager,3.7,Bachelor,36293,4.1,Hybrid,31,No
20444,Marketing,Analyst,0.4,Bachelor,62017,3.2,Hybrid,21,No
20445,Marketing,Executive,8.5,Diploma,64662,4.9,Remote,10,No
20446,Operations,Intern,19.0,Diploma,41133,1.5,Remote,2,Yes
20447,IT,Senior Manager,4.6,PhD,35995,2.6,Remote,15,No
20448,HR,Executive,19.6,Bachelor,172961,2.5,Hybrid,28,No
20449,IT,Analyst,17.5,Master,93566,1.2,Hybrid,36,No
20450,HR,Manager,17.2,PhD,148225,3.1,Remote,7,No
20451,Finance,Intern,11.7,Bachelor,17370,2.8,Hybrid,28,No
20452,Finance,Executive,5.6,PhD,169710,2.0,Hybrid,17,No
20453,HR,Senior Manager,11.9,Diploma,97608,3.1,Office,7,No
20454,Finance,Intern,17.7,Master,128353,3.7,Hybrid,39,No
20455,Marketing,Manager,7.1,PhD,66817,3.7,Hybrid,27,No
20456,Marketing,Senior Manager,8.1,Master,162785,1.1,Hybrid,24,No
20457,IT,Intern,7.3,Master,68891,4.0,Office,12,No
20458,Finance,Manager,1.3,Diploma,81848,2.1,Office,12,No
20459,HR,Senior Manager,15.6,PhD,133952,4.6,Remote,28,No
20460,HR,Analyst,3.1,PhD,162524,1.3,Office,37,No
20461,Finance,Manager,9.6,Diploma,116257,4.8,Remote,6,No
20462,Sales,Senior Manager,14.7,Master,151641,4.7,Hybrid,33,No
20463,Marketing,Manager,14.9,PhD,18292,3.0,Remote,31,No
20464,IT,Intern,17.5,Bachelor,42224,1.6,Office,20,No
20465,Sales,Analyst,13.7,PhD,113500,4.4,Remote,30,Yes
20466,Operations,Senior Manager,16.8,Master,140229,1.8,Remote,12,No
20467,Operations,Intern,2.4,Bachelor,127142,4.9,Remote,9,No
20468,HR,Senior Manager,6.6,Bachelor,54321,3.1,Hybrid,23,No
20469,Marketing,Senior Manager,2.8,Bachelor,58197,3.1,Remote,0,No
20470,Marketing,Senior Manager,6.2,Bachelor,117994,1.3,Office,0,Yes
20471,Sales,Executive,0.5,Master,55014,2.0,Hybrid,4,No
20472,Sales,Intern,6.6,Master,172620,3.8,Office,27,No
20473,HR,Manager,16.0,Master,96211,1.7,Hybrid,38,No
20474,Sales,Manager,11.8,Diploma,24231,4.6,Remote,6,No
20475,Operations,Manager,4.1,PhD,172145,3.4,Hybrid,37,No
20476,Marketing,Executive,12.9,PhD,31792,4.5,Office,15,No
20477,Marketing,Senior Manager,12.9,Master,68657,3.5,Remote,22,Yes
20478,Finance,Senior Manager,10.1,Diploma,72152,2.1,Hybrid,29,No
20479,Operations,Manager,11.0,Bachelor,119255,1.5,Hybrid,7,No
20480,IT,Executive,0.3,PhD,114476,3.3,Hybrid,8,No
20481,Finance,Analyst,13.8,PhD,178807,4.4,Office,11,No
20482,Finance,Manager,18.2,Bachelor,114658,1.5,Hybrid,14,No
20483,HR,Analyst,8.0,Master,77951,1.9,Office,10,No
20484,Finance,Senior Manager,12.7,PhD,97358,3.3,Hybrid,6,Yes
20485,IT,Senior Manager,19.4,Diploma,119924,2.2,Hybrid,24,No
20486,HR,Executive,16.9,Diploma,131446,2.0,Remote,37,No
20487,HR,Analyst,3.0,Bachelor,148169,4.9,Hybrid,23,No
20488,Operations,Intern,2.1,PhD,30474,4.5,Office,0,No
20489,Marketing,Intern,3.9,PhD,93543,3.8,Office,39,No
20490,Sales,Manager,14.9,Master,65970,3.2,Hybrid,23,No
20491,HR,Senior Manager,18.5,Master,124233,4.8,Office,7,No
20492,Marketing,Senior Manager,6.9,PhD,120543,2.3,Office,5,No
20493,Marketing,Executive,11.6,Diploma,155245,4.5,Hybrid,22,No
20494,Marketing,Intern,8.5,PhD,84521,4.1,Office,7,No
20495,HR,Executive,19.0,Diploma,122116,2.6,Remote,24,No
20496,HR,Senior Manager,12.2,Master,162706,4.5,Hybrid,12,No
20497,Finance,Senior Manager,10.1,PhD,111122,4.3,Remote,21,Yes
20498,Operations,Analyst,5.2,Master,144014,4.1,Hybrid,33,No
20499,Sales,Analyst,14.3,Master,52516,3.9,Office,39,No
20500,HR,Manager,13.8,Bachelor,125360,1.5,Office,21,No
20501,Marketing,Senior Manager,0.2,Bachelor,175250,2.7,Hybrid,22,No
20502,Sales,Executive,11.7,PhD,111836,3.2,Office,14,No
20503,Finance,Senior Manager,16.6,Bachelor,49169,4.2,Remote,8,No
20504,Operations,Intern,15.9,Diploma,104982,2.4,Office,23,No
20505,Marketing,Senior Manager,5.4,Diploma,59140,3.2,Office,18,Yes
20506,IT,Intern,19.4,Bachelor,136922,4.7,Office,34,No
20507,Operations,Manager,9.6,Master,114032,1.5,Office,35,No
20508,IT,Analyst,14.0,PhD,156882,4.4,Hybrid,20,No
20509,Marketing,Executive,13.6,PhD,139257,1.5,Remote,14,No
20510,IT,Analyst,7.0,Master,48677,3.8,Remote,12,No
20511,IT,Manager,6.0,Master,65432,1.5,Office,30,No
20512,Finance,Manager,19.4,Diploma,88284,1.6,Office,22,No
20513,Operations,Executive,15.5,Bachelor,88522,4.0,Hybrid,26,No
20514,Sales,Senior Manager,8.5,Bachelor,175207,4.6,Remote,4,No
20515,HR,Manager,5.7,Bachelor,148856,1.4,Office,34,No
20516,Operations,Intern,18.5,Diploma,115898,1.7,Hybrid,38,Yes
20517,IT,Intern,8.3,Master,79000,2.7,Office,22,Yes
20518,Marketing,Analyst,1.4,Diploma,100738,5.0,Remote,20,No
20519,Operations,Analyst,11.5,Bachelor,128630,1.3,Remote,3,No
20520,HR,Executive,13.7,Master,105656,5.0,Hybrid,23,No
20521,Finance,Senior Manager,4.4,PhD,37109,1.5,Hybrid,31,No
20522,Finance,Manager,1.3,Diploma,102886,4.0,Office,3,No
20523,Operations,Manager,1.1,Bachelor,60051,1.5,Office,14,No
20524,Sales,Analyst,17.4,PhD,44610,1.6,Office,37,No
20525,IT,Executive,11.3,PhD,54098,2.1,Hybrid,18,Yes
20526,HR,Analyst,2.6,Diploma,157623,3.1,Remote,0,No
20527,HR,Analyst,11.5,Master,49439,3.9,Office,19,No
20528,Marketing,Senior Manager,12.9,PhD,19366,3.4,Office,1,No
20529,HR,Senior Manager,18.5,PhD,110665,2.9,Office,25,No
20530,Finance,Manager,5.5,PhD,18089,1.6,Hybrid,36,No
20531,IT,Senior Manager,18.6,Diploma,114207,4.6,Hybrid,22,Yes
20532,IT,Senior Manager,18.0,Diploma,44717,1.2,Remote,6,No
20533,Finance,Executive,10.4,PhD,82298,3.3,Office,21,No
20534,Finance,Intern,19.6,Master,169706,2.3,Office,32,No
20535,HR,Analyst,7.6,Master,136274,4.0,Hybrid,37,No
20536,Operations,Executive,7.4,Diploma,66616,4.9,Office,3,No
20537,Marketing,Executive,9.0,Diploma,156574,2.7,Remote,18,No
20538,IT,Senior Manager,12.3,Bachelor,78918,1.2,Office,16,No
20539,Finance,Executive,2.5,PhD,52250,2.0,Hybrid,7,No
20540,Finance,Intern,16.4,Master,159329,2.3,Remote,4,No
20541,Marketing,Senior Manager,13.1,Diploma,110351,1.5,Office,5,No
20542,Marketing,Executive,5.8,Master,153504,1.3,Hybrid,36,No
20543,Marketing,Senior Manager,4.0,Bachelor,17603,2.1,Hybrid,26,Yes
20544,Sales,Senior Manager,7.0,PhD,101137,1.1,Remote,11,No
20545,IT,Executive,13.2,Diploma,69503,1.1,Hybrid,9,No
20546,Operations,Intern,15.1,PhD,102362,4.9,Hybrid,24,No
20547,IT,Senior Manager,11.9,Master,59583,2.4,Office,8,No
20548,HR,Manager,4.4,Diploma,76874,5.0,Office,36,No
20549,IT,Senior Manager,12.2,Diploma,18400,3.6,Office,34,Yes
20550,HR,Intern,2.3,Master,38328,4.8,Remote,33,No
20551,Finance,Intern,17.1,Master,129628,3.5,Office,34,No
20552,Marketing,Executive,4.2,Master,79232,5.0,Hybrid,13,No
20553,Finance,Analyst,3.8,Master,144180,4.6,Remote,21,No
20554,Sales,Analyst,13.9,PhD,168938,4.7,Office,34,No
20555,IT,Senior Manager,16.1,PhD,86151,3.9,Remote,28,No
20556,Marketing,Manager,10.2,Bachelor,17667,4.2,Office,39,No
20557,HR,Manager,16.0,PhD,106898,1.1,Remote,18,No
20558,Sales,Intern,2.3,Bachelor,80418,2.3,Hybrid,39,Yes
20559,Operations,Executive,13.8,PhD,120656,3.7,Office,31,No
20560,Sales,Analyst,10.1,PhD,85409,2.6,Hybrid,28,No
20561,Sales,Senior Manager,19.1,PhD,134188,3.2,Office,19,No
20562,Marketing,Manager,6.5,PhD,162015,2.4,Remote,4,No
20563,IT,Executive,13.1,PhD,98179,4.0,Remote,21,No
20564,Operations,Intern,12.2,Diploma,109024,3.5,Hybrid,19,Yes
20565,Operations,Analyst,14.6,Diploma,31757,3.3,Office,3,No
20566,IT,Executive,18.3,PhD,60678,1.8,Hybrid,12,No
20567,Finance,Manager,1.4,Bachelor,91980,3.4,Hybrid,16,No
20568,Marketing,Intern,18.3,Bachelor,24245,2.8,Office,20,No
20569,IT,Analyst,15.8,Bachelor,24222,3.0,Remote,9,No
20570,Operations,Executive,11.1,PhD,166366,2.5,Hybrid,0,No
20571,IT,Intern,6.7,PhD,38082,1.6,Remote,13,No
20572,HR,Executive,5.3,PhD,73887,3.9,Hybrid,11,No
20573,Sales,Executive,11.4,Diploma,131998,3.2,Office,6,No
20574,HR,Intern,19.6,PhD,133240,2.9,Remote,8,No
20575,Sales,Executive,0.7,Bachelor,177225,4.1,Hybrid,11,No
20576,Finance,Executive,4.8,Master,147509,4.9,Hybrid,31,Yes
20577,Finance,Senior Manager,7.1,Master,166245,2.0,Remote,2,No
20578,Finance,Senior Manager,15.7,Master,173882,1.6,Office,34,No
20579,Sales,Analyst,11.8,Diploma,109882,2.7,Remote,5,No
20580,Operations,Executive,15.3,PhD,71728,4.9,Office,28,No
20581,IT,Executive,3.3,PhD,106340,2.6,Hybrid,34,No
20582,Marketing,Manager,15.5,Master,154849,2.5,Hybrid,39,Yes
20583,IT,Intern,18.7,Diploma,41403,2.2,Remote,23,No
20584,Marketing,Manager,6.8,Bachelor,48627,1.7,Remote,19,No
20585,IT,Analyst,2.5,Diploma,72863,1.5,Office,24,No
20586,Operations,Executive,0.6,PhD,166449,4.2,Hybrid,5,No
20587,Sales,Intern,18.4,Master,18359,4.6,Remote,21,No
20588,Operations,Analyst,2.3,Master,30055,2.1,Office,15,No
20589,Finance,Senior Manager,18.8,Diploma,157441,4.0,Office,12,No
20590,Sales,Analyst,7.3,PhD,122565,1.4,Hybrid,17,No
20591,Operations,Intern,11.1,Master,62598,2.4,Hybrid,13,Yes
20592,Operations,Intern,4.7,Diploma,82520,4.8,Office,14,No
20593,HR,Executive,13.7,PhD,26336,4.4,Remote,2,Yes
20594,HR,Senior Manager,15.2,Bachelor,91103,2.7,Remote,19,No
20595,Finance,Intern,14.3,PhD,65244,3.2,Hybrid,37,Yes
20596,Marketing,Executive,14.2,PhD,93353,3.0,Office,6,No
20597,HR,Intern,6.4,PhD,43999,3.7,Hybrid,29,Yes
20598,Marketing,Executive,16.6,Bachelor,84156,4.7,Office,39,No
20599,Operations,Executive,12.0,Master,51728,3.7,Hybrid,0,No
20600,Marketing,Analyst,17.0,Master,108915,4.4,Remote,15,No
20601,Marketing,Analyst,19.0,Bachelor,29639,2.5,Office,34,Yes
20602,Operations,Analyst,12.4,Bachelor,96752,4.5,Remote,4,Yes
20603,HR,Analyst,1.1,Master,58417,1.1,Remote,39,No
20604,Marketing,Executive,3.4,Master,177284,1.0,Remote,24,Yes
20605,Finance,Analyst,19.9,PhD,51919,2.3,Office,27,No
20606,HR,Intern,8.0,Diploma,171722,2.8,Remote,24,No
20607,Sales,Senior Manager,15.8,Master,102913,2.2,Hybrid,30,No
20608,Sales,Executive,5.4,Bachelor,68589,3.6,Hybrid,2,No
20609,IT,Analyst,3.6,Master,38552,2.6,Office,13,Yes
20610,HR,Manager,15.7,Bachelor,43609,3.9,Office,23,No
20611,HR,Executive,12.0,Bachelor,43299,2.2,Hybrid,32,Yes
20612,Sales,Analyst,1.1,Bachelor,108752,2.0,Office,33,No
20613,Marketing,Senior Manager,15.2,Bachelor,117696,4.3,Office,15,No
20614,Sales,Manager,16.9,Bachelor,97454,1.9,Remote,22,No
20615,HR,Manager,3.1,PhD,26068,1.2,Remote,28,Yes
20616,Finance,Analyst,15.3,Diploma,174743,3.3,Remote,14,No
20617,IT,Manager,11.5,PhD,99737,2.9,Office,31,No
20618,Sales,Manager,0.6,Master,66665,3.2,Remote,29,Yes
20619,Finance,Senior Manager,10.2,Master,103819,4.0,Remote,33,Yes
20620,Sales,Intern,8.3,PhD,114921,1.1,Remote,13,No
20621,IT,Manager,8.9,Diploma,92977,4.7,Hybrid,26,Yes
20622,Finance,Executive,13.8,PhD,56974,3.8,Hybrid,11,No
20623,Operations,Intern,1.0,Diploma,92853,3.6,Office,8,No
20624,Marketing,Intern,2.9,Diploma,56349,3.2,Hybrid,28,No
20625,Marketing,Analyst,5.9,Master,61210,2.0,Hybrid,19,No
20626,Finance,Manager,10.9,PhD,169632,3.1,Remote,0,No
20627,IT,Analyst,5.7,Bachelor,67390,4.9,Remote,32,No
20628,IT,Intern,11.3,Diploma,178155,4.3,Hybrid,9,No
20629,Operations,Analyst,18.2,PhD,32414,2.5,Office,22,Yes
20630,Marketing,Analyst,1.2,Bachelor,122026,3.9,Office,19,No
20631,IT,Intern,17.0,Master,68349,3.6,Office,27,No
20632,Finance,Senior Manager,7.2,PhD,163728,1.5,Hybrid,23,No
20633,Operations,Analyst,18.1,Master,52574,2.3,Hybrid,15,Yes
20634,IT,Senior Manager,0.3,Diploma,71194,1.5,Office,3,No
20635,IT,Analyst,7.0,Diploma,54015,1.7,Hybrid,18,No
20636,Finance,Senior Manager,11.4,Diploma,22130,3.4,Hybrid,37,Yes
20637,HR,Intern,11.0,Bachelor,96768,1.9,Office,25,Yes
20638,Operations,Executive,0.4,Bachelor,175219,3.5,Remote,1,Yes
20639,Operations,Executive,0.5,Master,47404,2.3,Hybrid,16,No
20640,HR,Analyst,4.0,Master,55262,2.7,Office,31,No
20641,Sales,Senior Manager,11.8,PhD,33165,4.2,Hybrid,14,No
20642,Finance,Manager,16.6,Master,34141,3.7,Office,6,No
20643,IT,Analyst,4.4,Diploma,50660,3.4,Office,28,Yes
20644,Operations,Intern,16.4,Diploma,106902,5.0,Hybrid,10,No
20645,Operations,Manager,16.6,Bachelor,99397,1.0,Office,34,No
20646,HR,Analyst,18.0,PhD,62681,1.4,Office,8,No
20647,Marketing,Intern,7.6,PhD,145723,3.6,Office,27,Yes
20648,Sales,Senior Manager,1.9,Master,113549,2.7,Hybrid,6,No
20649,Marketing,Manager,16.6,Diploma,144732,2.0,Office,35,No
20650,Operations,Analyst,1.6,PhD,164808,1.5,Hybrid,28,No
20651,Marketing,Executive,12.4,Bachelor,19654,1.5,Office,28,No
20652,Marketing,Intern,11.7,Bachelor,166736,3.8,Hybrid,29,No
20653,HR,Executive,14.4,Master,140140,4.6,Hybrid,38,No
20654,Operations,Manager,18.0,Diploma,107819,4.3,Hybrid,9,No
20655,Finance,Executive,15.5,Bachelor,38981,3.4,Office,29,Yes
20656,Operations,Executive,8.6,Bachelor,34707,2.8,Office,6,No
20657,IT,Intern,9.8,Master,78024,1.0,Hybrid,11,No
20658,Operations,Senior Manager,1.6,Bachelor,172578,2.2,Office,37,No
20659,Sales,Manager,5.4,Master,127368,1.3,Remote,4,No
20660,Marketing,Intern,10.9,PhD,100099,2.9,Office,6,No
20661,Finance,Executive,16.3,PhD,78598,1.6,Office,32,No
20662,HR,Executive,1.4,Bachelor,161097,3.4,Hybrid,1,No
20663,Sales,Analyst,13.6,Diploma,168978,2.8,Hybrid,39,No
20664,HR,Analyst,13.7,Diploma,111263,2.9,Hybrid,26,No
20665,Sales,Intern,5.7,Diploma,163285,3.9,Hybrid,14,No
20666,Sales,Intern,3.8,Diploma,166443,3.1,Office,7,No
20667,HR,Analyst,5.9,Bachelor,61979,3.2,Remote,1,No
20668,HR,Analyst,14.0,PhD,40590,2.0,Hybrid,28,No
20669,Operations,Intern,15.7,Bachelor,74977,1.0,Hybrid,24,No
20670,HR,Senior Manager,8.0,Diploma,73958,3.7,Office,14,No
20671,Marketing,Analyst,10.5,Master,26359,3.5,Office,34,No
20672,Finance,Analyst,13.1,Diploma,172458,2.5,Remote,20,No
20673,Marketing,Manager,11.9,Master,42774,4.7,Office,11,No
20674,Finance,Senior Manager,6.0,Master,75917,3.0,Remote,21,No
20675,Operations,Intern,6.5,Diploma,55445,1.7,Hybrid,8,No
20676,Operations,Intern,3.2,PhD,147306,2.2,Remote,32,No
20677,Operations,Executive,0.5,Diploma,24754,4.5,Remote,34,No
20678,HR,Manager,16.3,Diploma,146188,2.1,Hybrid,23,No
20679,HR,Intern,4.0,PhD,171161,1.0,Hybrid,24,No
20680,Operations,Executive,12.1,Diploma,128348,2.9,Remote,13,No
20681,Sales,Senior Manager,11.5,PhD,99853,1.5,Office,31,No
20682,Sales,Senior Manager,3.3,Bachelor,35421,3.1,Office,15,No
20683,Finance,Analyst,5.3,Bachelor,48408,3.2,Office,10,No
20684,Operations,Manager,9.7,Diploma,86109,3.9,Remote,30,No
20685,Marketing,Executive,0.7,Bachelor,36090,1.4,Hybrid,10,No
20686,Operations,Intern,12.9,Diploma,34586,4.1,Office,19,No
20687,Sales,Senior Manager,0.5,Diploma,131555,4.9,Hybrid,37,Yes
20688,Marketing,Executive,7.8,Master,123317,2.7,Hybrid,16,No
20689,HR,Manager,10.5,PhD,34293,3.1,Remote,21,No
20690,Finance,Intern,8.0,PhD,173451,3.0,Hybrid,11,No
20691,Sales,Intern,0.0,PhD,118308,1.6,Remote,16,No
20692,HR,Manager,17.2,Bachelor,163250,2.7,Office,21,No
20693,Operations,Analyst,12.6,Diploma,45258,2.2,Hybrid,24,No
20694,IT,Manager,19.9,PhD,144860,4.4,Office,5,Yes
20695,Operations,Executive,17.2,Master,27771,2.1,Hybrid,32,No
20696,Sales,Executive,16.6,Master,59085,2.6,Office,27,No
20697,Operations,Senior Manager,9.5,Master,112726,1.2,Hybrid,36,Yes
20698,HR,Intern,14.1,PhD,148849,1.1,Office,22,Yes
20699,Operations,Executive,11.2,Master,86978,2.9,Remote,11,No
20700,IT,Manager,18.1,PhD,89695,1.2,Office,14,Yes
20701,Finance,Intern,19.8,Bachelor,123304,1.2,Hybrid,0,No
20702,Finance,Intern,19.3,Diploma,109704,4.6,Remote,4,No
20703,Sales,Manager,16.2,Master,42968,3.0,Remote,16,Yes
20704,Marketing,Intern,16.4,Master,155270,1.9,Remote,20,No
20705,Marketing,Intern,5.5,Bachelor,19905,1.2,Hybrid,21,No
20706,HR,Manager,0.6,Master,43724,4.7,Office,6,No
20707,Finance,Manager,15.0,Bachelor,131226,3.3,Remote,31,No
20708,Marketing,Executive,7.3,Diploma,63091,4.1,Remote,4,Yes
20709,Operations,Senior Manager,18.2,PhD,162489,1.5,Remote,37,No
20710,Sales,Intern,15.3,PhD,132151,1.2,Hybrid,39,No
20711,Finance,Senior Manager,4.1,PhD,140466,5.0,Office,12,No
20712,Marketing,Analyst,17.9,Bachelor,36958,5.0,Remote,2,No
20713,IT,Analyst,19.8,Master,116232,1.5,Hybrid,26,No
20714,Sales,Executive,14.4,Master,61405,2.8,Office,2,No
20715,HR,Senior Manager,4.8,Diploma,160536,2.8,Hybrid,35,No
20716,Finance,Intern,14.7,Diploma,144567,4.5,Hybrid,26,No
20717,IT,Manager,12.4,Diploma,110792,4.6,Hybrid,19,No
20718,IT,Manager,13.0,Diploma,171920,1.8,Remote,35,No
20719,Marketing,Analyst,19.8,Master,55762,2.7,Remote,15,No
20720,Finance,Intern,0.6,Diploma,111530,3.3,Hybrid,17,Yes
20721,Sales,Senior Manager,8.7,Master,130158,3.9,Hybrid,14,No
20722,Operations,Senior Manager,18.0,Diploma,43602,1.3,Office,6,No
20723,Marketing,Manager,0.1,Diploma,72898,4.9,Office,6,No
20724,Sales,Senior Manager,17.0,Bachelor,89767,3.3,Hybrid,12,No
20725,HR,Manager,4.7,PhD,115400,2.5,Remote,17,No
20726,Marketing,Executive,5.8,Diploma,101680,3.1,Hybrid,27,No
20727,Sales,Manager,16.7,PhD,103703,3.4,Remote,9,No
20728,HR,Senior Manager,10.5,Diploma,78446,3.9,Office,21,No
20729,IT,Intern,9.3,PhD,56636,3.3,Remote,7,No
20730,Marketing,Manager,15.1,Master,42401,4.0,Remote,16,No
20731,Finance,Executive,4.9,Bachelor,97270,2.7,Remote,25,No
20732,Sales,Manager,8.3,PhD,88315,3.0,Remote,1,Yes
20733,Operations,Analyst,6.2,Master,154046,1.8,Remote,9,No
20734,HR,Intern,1.5,PhD,37562,3.3,Hybrid,11,No
20735,Operations,Analyst,8.5,Master,47769,2.4,Hybrid,35,No
20736,Sales,Senior Manager,16.1,Diploma,50462,3.9,Remote,5,Yes
20737,HR,Analyst,13.5,Bachelor,31314,4.4,Office,24,Yes
20738,Finance,Senior Manager,16.2,Diploma,32070,4.0,Hybrid,38,No
20739,IT,Analyst,15.9,Bachelor,165336,1.3,Office,1,No
20740,HR,Senior Manager,9.0,PhD,175233,2.8,Hybrid,18,No
20741,IT,Manager,14.6,PhD,126003,2.9,Remote,0,No
20742,IT,Analyst,13.0,Diploma,95968,3.1,Hybrid,31,Yes
20743,Sales,Manager,13.1,Diploma,154601,1.8,Hybrid,38,No
20744,Sales,Analyst,5.3,Master,84324,2.3,Office,1,No
20745,Marketing,Manager,6.7,Master,166891,3.6,Hybrid,37,No
20746,IT,Manager,14.5,PhD,44619,4.0,Hybrid,30,No
20747,IT,Executive,15.5,PhD,23993,1.4,Office,29,No
20748,Operations,Analyst,11.8,Master,154084,2.4,Remote,25,No
20749,Finance,Analyst,6.4,PhD,56552,4.5,Office,29,No
20750,IT,Manager,15.0,PhD,120517,2.4,Remote,2,No
20751,Sales,Analyst,1.8,Master,110836,4.5,Remote,2,No
20752,IT,Senior Manager,6.2,Diploma,147442,4.6,Office,34,No
20753,IT,Analyst,9.9,Master,128552,1.1,Hybrid,29,No
20754,IT,Manager,4.4,Master,40336,1.2,Hybrid,25,No
20755,Finance,Senior Manager,17.9,Bachelor,175043,4.2,Remote,4,No
20756,IT,Executive,0.8,Master,119838,5.0,Office,30,No
20757,Operations,Intern,15.0,Bachelor,69504,2.7,Hybrid,10,No
20758,Sales,Analyst,18.3,Bachelor,138309,4.0,Hybrid,0,Yes
20759,Finance,Analyst,7.0,PhD,70549,3.5,Remote,33,No
20760,HR,Executive,9.0,Diploma,53168,3.0,Office,20,No
20761,IT,Intern,14.8,PhD,147433,3.2,Hybrid,31,No
20762,HR,Senior Manager,4.7,PhD,15447,3.9,Hybrid,38,No
20763,HR,Manager,9.3,Diploma,123893,4.6,Hybrid,5,No
20764,Operations,Executive,17.3,Master,148370,2.1,Hybrid,24,Yes
20765,IT,Analyst,1.5,Diploma,155352,4.2,Remote,26,No
20766,Marketing,Executive,9.5,Diploma,157474,1.6,Hybrid,11,No
20767,Marketing,Intern,1.8,Diploma,27440,4.3,Remote,11,No
20768,Marketing,Senior Manager,12.9,PhD,38102,4.1,Remote,1,No
20769,Finance,Analyst,11.9,Diploma,178206,4.4,Office,38,No
20770,Marketing,Executive,10.5,Bachelor,35979,4.6,Remote,0,No
20771,IT,Executive,12.5,Diploma,49336,4.4,Hybrid,30,Yes
20772,Sales,Analyst,9.1,Diploma,115010,3.4,Hybrid,37,No
20773,HR,Manager,1.7,Diploma,69085,3.1,Office,11,No
20774,HR,Executive,14.5,Master,68974,4.7,Hybrid,11,Yes
20775,IT,Analyst,15.3,PhD,87672,2.3,Hybrid,39,No
20776,Finance,Intern,16.3,PhD,64854,1.5,Hybrid,31,Yes
20777,HR,Senior Manager,3.1,Bachelor,98465,3.2,Office,4,No
20778,IT,Executive,10.2,Diploma,63358,3.8,Hybrid,2,No
20779,HR,Manager,15.8,Bachelor,37585,2.6,Office,3,No
20780,Sales,Manager,11.3,PhD,106469,3.8,Remote,37,No
20781,Sales,Senior Manager,8.5,Master,66541,3.2,Office,15,Yes
20782,Finance,Executive,16.4,Diploma,166444,3.1,Office,2,No
20783,Sales,Senior Manager,13.9,Master,108207,1.3,Office,13,No
20784,Finance,Executive,9.4,Diploma,146611,4.0,Hybrid,2,Yes
20785,Marketing,Intern,0.3,Bachelor,67003,3.8,Office,35,No
20786,Finance,Executive,17.8,PhD,86055,2.5,Remote,23,No
20787,IT,Executive,1.5,Master,89424,3.3,Hybrid,14,No
20788,HR,Manager,17.7,Diploma,151930,1.1,Remote,35,No
20789,IT,Senior Manager,9.1,Bachelor,103940,2.6,Office,29,No
20790,Marketing,Analyst,7.8,PhD,90313,1.2,Hybrid,4,No
20791,Operations,Intern,1.6,Diploma,34061,1.6,Hybrid,29,No
20792,Operations,Analyst,14.2,Bachelor,93451,3.1,Office,16,No
20793,HR,Intern,14.7,Master,79851,2.2,Office,24,No
20794,Sales,Executive,18.7,PhD,28590,4.6,Hybrid,38,No
20795,Marketing,Manager,5.4,Master,31427,2.0,Hybrid,28,No
20796,Finance,Analyst,4.9,Diploma,121217,4.9,Hybrid,18,No
20797,Finance,Senior Manager,7.6,Diploma,106447,3.7,Remote,26,No
20798,Finance,Manager,6.4,Diploma,44794,2.8,Office,31,No
20799,Marketing,Manager,12.0,Master,66950,1.9,Hybrid,35,No
20800,Sales,Senior Manager,1.3,Bachelor,52260,4.1,Office,30,No
20801,Finance,Intern,0.4,Master,139934,1.1,Hybrid,16,Yes
20802,Operations,Intern,11.6,PhD,21543,3.4,Office,4,No
20803,Marketing,Manager,3.2,Master,159171,3.4,Hybrid,22,No
20804,Sales,Executive,9.9,Diploma,173320,2.3,Remote,2,No
20805,IT,Senior Manager,15.8,PhD,112328,2.9,Hybrid,32,No
20806,HR,Intern,10.6,PhD,48960,1.8,Hybrid,3,No
20807,HR,Executive,18.6,PhD,52936,3.1,Hybrid,23,No
20808,HR,Senior Manager,4.8,Diploma,117839,2.4,Hybrid,28,No
20809,HR,Manager,14.0,Bachelor,36277,4.4,Remote,24,No
20810,Operations,Intern,4.0,Master,148591,1.7,Office,19,No
20811,Finance,Intern,2.4,Diploma,97616,5.0,Office,15,No
20812,Sales,Manager,8.9,Bachelor,97484,3.1,Hybrid,29,No
20813,Sales,Executive,6.8,Diploma,151731,1.3,Hybrid,22,No
20814,IT,Manager,9.5,Master,105462,3.0,Office,13,No
20815,HR,Analyst,16.3,Diploma,133413,3.2,Hybrid,2,No
20816,Finance,Analyst,14.4,Diploma,108708,2.8,Hybrid,28,No
20817,IT,Manager,8.0,Diploma,115472,4.0,Office,21,No
20818,HR,Intern,5.3,PhD,83665,2.7,Office,18,No
20819,IT,Executive,6.9,Bachelor,75714,2.6,Hybrid,27,No
20820,Finance,Executive,3.2,PhD,142288,4.6,Office,26,Yes
20821,Finance,Senior Manager,16.8,PhD,124698,4.1,Remote,9,No
20822,IT,Analyst,13.2,Bachelor,156838,1.7,Hybrid,14,No
20823,HR,Intern,5.1,Diploma,122559,3.5,Hybrid,29,No
20824,Marketing,Executive,15.8,Diploma,112069,4.7,Office,2,No
20825,Operations,Senior Manager,9.1,Bachelor,117381,1.9,Hybrid,7,Yes
20826,Marketing,Manager,14.1,Master,46761,1.0,Remote,32,Yes
20827,Marketing,Intern,1.8,Bachelor,21211,4.8,Office,27,Yes
20828,HR,Senior Manager,5.0,Bachelor,106709,3.6,Office,27,No
20829,Operations,Analyst,6.7,Master,145899,1.8,Office,12,Yes
20830,Marketing,Manager,4.0,Bachelor,165328,2.6,Office,7,No
20831,Operations,Senior Manager,9.7,Diploma,57999,1.8,Remote,30,No
20832,IT,Manager,6.7,Diploma,70441,3.9,Office,29,Yes
20833,Finance,Intern,14.1,Diploma,76829,2.0,Hybrid,1,No
20834,HR,Analyst,14.5,Master,132257,1.1,Office,38,No
20835,Finance,Intern,17.4,Diploma,95594,1.4,Remote,26,No
20836,Operations,Analyst,0.9,PhD,43252,1.5,Hybrid,0,No
20837,Sales,Intern,2.7,Diploma,64960,4.9,Office,16,No
20838,Sales,Executive,19.1,Bachelor,59885,1.7,Hybrid,25,Yes
20839,IT,Senior Manager,19.1,Bachelor,93879,2.1,Office,23,No
20840,Operations,Analyst,0.4,Master,16988,4.6,Remote,26,No
20841,HR,Intern,19.7,Master,17983,2.3,Remote,15,No
20842,Finance,Executive,12.6,Diploma,99556,2.3,Office,5,No
20843,Marketing,Executive,4.5,Bachelor,129550,2.5,Hybrid,6,No
20844,HR,Intern,10.0,Bachelor,139734,1.5,Remote,0,No
20845,IT,Senior Manager,14.8,Master,179101,4.7,Hybrid,24,Yes
20846,Sales,Manager,12.7,Diploma,84195,2.7,Remote,29,No
20847,Marketing,Executive,8.3,Bachelor,82631,1.6,Hybrid,32,No
20848,Finance,Analyst,17.9,Bachelor,120463,1.8,Remote,27,No
20849,HR,Intern,13.3,PhD,22471,3.5,Remote,8,No
20850,IT,Senior Manager,0.3,PhD,27725,1.6,Office,12,No
20851,Marketing,Intern,0.4,Master,174244,2.4,Remote,37,No
20852,Finance,Executive,3.9,Master,51473,1.7,Office,19,No
20853,Finance,Senior Manager,13.5,Bachelor,145510,4.3,Hybrid,15,No
20854,HR,Manager,13.2,Bachelor,92773,3.8,Hybrid,21,Yes
20855,HR,Analyst,6.5,Bachelor,154175,3.9,Hybrid,9,No
20856,Finance,Manager,13.5,PhD,59859,4.1,Hybrid,6,No
20857,IT,Executive,1.0,Master,56039,2.8,Hybrid,20,No
20858,Operations,Senior Manager,5.3,PhD,69989,4.9,Office,9,No
20859,IT,Analyst,2.9,Diploma,107391,2.9,Remote,29,No
20860,IT,Senior Manager,12.4,Bachelor,149112,4.3,Remote,22,No
20861,Marketing,Senior Manager,11.0,PhD,107338,1.4,Hybrid,37,No
20862,HR,Manager,12.1,Diploma,74798,1.1,Hybrid,20,No
20863,IT,Executive,0.7,Diploma,116474,3.3,Hybrid,22,No
20864,Finance,Analyst,9.4,Diploma,26546,2.0,Office,16,Yes
20865,IT,Manager,15.8,Master,171211,4.5,Office,12,No
20866,Sales,Intern,11.2,Bachelor,119850,2.1,Remote,6,No
20867,Operations,Analyst,14.4,Master,124886,1.3,Office,18,No
20868,Operations,Senior Manager,5.9,PhD,43002,2.6,Hybrid,3,No
20869,Finance,Manager,16.1,Diploma,109258,3.0,Remote,1,No
20870,HR,Analyst,10.2,Bachelor,125190,4.8,Remote,24,No
20871,IT,Intern,8.3,PhD,87749,2.1,Office,23,No
20872,HR,Executive,12.6,Master,151196,2.5,Hybrid,30,No
20873,HR,Manager,5.2,PhD,103974,2.0,Hybrid,4,No
20874,HR,Analyst,5.0,Bachelor,45523,1.2,Hybrid,2,No
20875,Sales,Executive,2.8,Master,17385,3.9,Hybrid,32,Yes
20876,Sales,Executive,12.5,Bachelor,60452,2.1,Office,0,No
20877,Sales,Manager,5.2,Bachelor,121614,3.4,Remote,29,No
20878,Finance,Senior Manager,12.1,Master,97915,3.8,Office,19,No
20879,HR,Senior Manager,5.3,PhD,99174,2.4,Remote,6,No
20880,Marketing,Senior Manager,16.6,PhD,69988,1.7,Hybrid,18,No
20881,HR,Senior Manager,1.7,Diploma,30943,4.9,Remote,7,No
20882,Sales,Senior Manager,3.7,Master,94102,2.6,Hybrid,30,No
20883,HR,Executive,18.4,PhD,119929,4.0,Hybrid,7,No
20884,Finance,Manager,14.0,Master,67957,2.0,Office,16,No
20885,Finance,Senior Manager,18.0,Bachelor,75588,1.2,Office,2,No
20886,HR,Executive,2.2,Bachelor,114362,4.4,Remote,33,No
20887,IT,Executive,1.5,PhD,61975,2.1,Hybrid,4,No
20888,Operations,Executive,2.0,Bachelor,16383,4.2,Hybrid,15,No
20889,Operations,Intern,16.9,Bachelor,126929,4.2,Office,37,No
20890,Marketing,Intern,19.2,Bachelor,46034,1.9,Office,7,No
20891,Marketing,Senior Manager,6.1,Bachelor,64038,3.8,Office,23,No
20892,IT,Intern,10.7,Bachelor,168533,4.2,Hybrid,5,Yes
20893,Marketing,Executive,15.2,Bachelor,87434,1.3,Hybrid,5,No
20894,IT,Analyst,0.6,PhD,171782,4.1,Remote,11,No
20895,Finance,Manager,4.0,Master,72161,4.8,Office,31,No
20896,HR,Senior Manager,5.1,PhD,109331,1.8,Hybrid,31,No
20897,IT,Senior Manager,13.6,Master,175532,2.4,Office,35,No
20898,Operations,Analyst,14.5,PhD,16360,2.6,Remote,37,Yes
20899,Finance,Manager,8.5,Diploma,154846,4.5,Remote,36,No
20900,Sales,Executive,13.2,Diploma,75827,3.3,Office,15,No
20901,HR,Analyst,13.1,Master,144195,1.9,Remote,15,No
20902,HR,Intern,2.1,PhD,79976,3.8,Remote,31,No
20903,Operations,Executive,11.6,PhD,32050,4.4,Hybrid,23,Yes
20904,Operations,Analyst,15.5,Master,163951,4.1,Remote,7,Yes
20905,IT,Analyst,2.6,Bachelor,119510,2.0,Remote,0,No
20906,IT,Manager,17.4,Diploma,24101,2.5,Remote,28,Yes
20907,Operations,Analyst,13.1,Master,146435,4.4,Office,25,No
20908,HR,Executive,4.9,Master,104642,1.5,Hybrid,20,No
20909,HR,Manager,13.0,PhD,30167,4.8,Office,37,No
20910,IT,Analyst,13.2,PhD,158590,1.3,Hybrid,6,No
20911,IT,Senior Manager,5.9,PhD,87856,3.1,Office,35,No
20912,Marketing,Senior Manager,14.9,Master,102982,3.6,Remote,32,No
20913,HR,Executive,15.0,PhD,142086,3.4,Hybrid,0,No
20914,Finance,Executive,19.0,Bachelor,92808,3.2,Office,0,Yes
20915,Finance,Intern,15.3,Diploma,155082,1.5,Remote,23,No
20916,IT,Manager,10.6,Diploma,160347,4.9,Office,1,No
20917,Sales,Analyst,9.8,PhD,41983,1.8,Office,17,No
20918,Finance,Manager,4.9,Master,132328,4.1,Remote,15,No
20919,Sales,Senior Manager,13.5,Diploma,178917,1.2,Remote,27,No
20920,Operations,Analyst,3.3,Bachelor,90047,1.9,Remote,17,No
20921,Operations,Executive,6.9,PhD,174176,4.2,Office,39,No
20922,Finance,Executive,3.1,PhD,28035,2.7,Office,14,No
20923,HR,Senior Manager,11.9,Master,17803,1.2,Hybrid,33,No
20924,HR,Analyst,2.9,Master,74172,3.7,Remote,26,No
20925,Sales,Executive,16.4,Diploma,51139,3.1,Office,22,No
20926,HR,Senior Manager,16.8,PhD,165434,3.8,Remote,33,No
20927,Operations,Intern,17.3,Master,139928,4.3,Hybrid,23,Yes
20928,Sales,Executive,16.6,Master,90174,3.6,Office,1,No
20929,IT,Analyst,6.2,Diploma,99887,2.8,Hybrid,5,No
20930,Finance,Executive,18.0,Diploma,131962,2.0,Hybrid,7,Yes
20931,Sales,Manager,15.0,PhD,144367,2.2,Hybrid,19,No
20932,Finance,Manager,14.6,Diploma,169065,4.8,Office,32,No
20933,Finance,Senior Manager,13.3,Master,89123,2.0,Office,38,Yes
20934,Finance,Intern,4.1,Bachelor,160034,3.9,Remote,30,No
20935,IT,Manager,8.3,Master,133068,3.1,Office,1,No
20936,Finance,Executive,7.6,Master,99451,1.4,Office,13,No
20937,IT,Manager,6.1,Bachelor,69308,1.2,Office,18,No
20938,Finance,Analyst,19.0,Master,143009,4.7,Remote,33,No
20939,Operations,Manager,7.9,Master,103919,1.7,Office,7,No
20940,Operations,Intern,15.0,Diploma,137015,3.0,Hybrid,2,No
20941,Finance,Senior Manager,5.9,Master,167358,1.4,Office,23,No
20942,Operations,Senior Manager,13.3,Master,125859,1.5,Hybrid,29,No
20943,HR,Executive,7.8,Bachelor,47969,4.2,Remote,20,No
20944,Marketing,Manager,14.1,PhD,53452,3.3,Office,31,Yes
20945,HR,Executive,1.8,Diploma,166856,1.5,Hybrid,35,Yes
20946,HR,Senior Manager,7.7,Bachelor,140757,2.5,Hybrid,27,No
20947,HR,Manager,5.4,Master,145377,3.2,Remote,22,No
20948,IT,Analyst,2.5,PhD,134545,3.2,Office,31,No
20949,IT,Manager,12.8,Diploma,83944,4.6,Hybrid,1,No
20950,Finance,Analyst,8.1,PhD,71809,2.7,Office,4,No
20951,HR,Senior Manager,12.8,Master,27497,1.2,Hybrid,29,No
20952,IT,Manager,18.3,Diploma,167364,4.4,Remote,2,Yes
20953,Sales,Senior Manager,15.4,Diploma,101854,3.1,Hybrid,4,Yes
20954,Finance,Analyst,3.3,Diploma,73273,1.2,Hybrid,2,No
20955,IT,Analyst,15.3,Bachelor,61437,2.9,Office,24,No
20956,Finance,Manager,17.9,Master,33096,1.6,Remote,22,No
20957,Finance,Senior Manager,16.9,PhD,151823,3.2,Office,15,No
20958,HR,Executive,17.3,PhD,90532,4.0,Hybrid,0,No
20959,Sales,Analyst,18.7,Master,20352,2.2,Hybrid,34,No
20960,Marketing,Senior Manager,2.0,PhD,65361,3.5,Hybrid,0,Yes
20961,IT,Analyst,14.4,PhD,97395,3.1,Office,39,No
20962,Operations,Senior Manager,3.8,Bachelor,106758,4.8,Remote,13,No
20963,HR,Executive,12.8,Diploma,73405,4.6,Office,21,No
20964,Sales,Senior Manager,17.2,Master,92089,1.4,Office,33,No
20965,HR,Manager,1.2,PhD,106534,2.1,Hybrid,10,No
20966,IT,Executive,14.6,PhD,36635,4.0,Hybrid,0,Yes
20967,HR,Senior Manager,9.4,PhD,144927,4.4,Office,19,No
20968,Marketing,Senior Manager,5.4,Diploma,133039,4.7,Remote,33,No
20969,Marketing,Intern,19.4,PhD,88174,2.1,Office,2,No
20970,HR,Manager,6.3,Master,76512,3.1,Office,7,No
20971,Operations,Senior Manager,5.6,Bachelor,37329,4.1,Hybrid,21,No
20972,Finance,Manager,15.4,Bachelor,160976,2.5,Hybrid,13,No
20973,Marketing,Intern,7.7,Bachelor,111406,1.5,Remote,2,Yes
20974,Marketing,Intern,15.6,Bachelor,147252,3.3,Hybrid,31,No
20975,Sales,Manager,9.6,Bachelor,147367,3.6,Office,6,No
20976,Sales,Analyst,7.1,Master,147516,4.1,Hybrid,13,Yes
20977,Marketing,Intern,0.9,PhD,152408,1.1,Hybrid,2,Yes
20978,IT,Intern,8.8,Diploma,153889,3.7,Remote,12,No
20979,Operations,Manager,2.8,Master,110687,4.9,Remote,12,No
20980,IT,Manager,15.6,Master,157425,2.7,Hybrid,33,No
20981,Marketing,Intern,17.7,Bachelor,63931,4.7,Office,21,No
20982,Operations,Executive,14.6,Bachelor,103636,2.5,Office,28,Yes
20983,Finance,Executive,1.1,Bachelor,106522,2.8,Office,21,No
20984,HR,Senior Manager,10.0,PhD,69768,3.2,Hybrid,5,No
20985,Operations,Manager,9.2,Diploma,178020,2.6,Hybrid,3,No
20986,HR,Executive,2.9,Master,66765,3.1,Office,30,No
20987,Sales,Analyst,13.8,PhD,135774,1.3,Office,6,No
20988,Marketing,Intern,18.9,Diploma,50722,3.0,Hybrid,17,No
20989,Finance,Intern,6.1,Master,175530,3.7,Remote,29,No
20990,Operations,Analyst,11.4,PhD,78004,4.6,Remote,21,No
20991,IT,Intern,0.8,Diploma,122156,3.4,Hybrid,29,No
20992,Sales,Executive,1.2,PhD,16872,4.5,Office,21,No
20993,HR,Manager,0.7,Master,166041,2.3,Hybrid,35,No
20994,Operations,Analyst,18.6,Bachelor,58352,3.5,Remote,3,No
20995,Marketing,Executive,8.7,Bachelor,96419,2.6,Hybrid,5,No
20996,Finance,Manager,6.6,Diploma,52408,2.7,Remote,37,No
20997,IT,Analyst,5.6,Diploma,122808,1.6,Remote,21,No
20998,Sales,Executive,3.5,Master,81494,2.1,Hybrid,12,No
20999,Sales,Manager,2.5,Master,92822,3.5,Remote,13,No
21000,IT,Senior Manager,10.5,Bachelor,144733,3.6,Hybrid,7,No
21001,Operations,Manager,3.4,Master,112399,3.4,Office,7,No
21002,IT,Executive,9.1,PhD,149387,4.8,Office,24,No
21003,Operations,Senior Manager,0.5,Master,87411,3.7,Hybrid,2,No
21004,Operations,Manager,18.7,Bachelor,133596,4.9,Remote,38,No
21005,Sales,Manager,15.1,PhD,165305,1.2,Office,35,No
21006,Marketing,Senior Manager,11.6,PhD,70763,4.4,Hybrid,6,No
21007,IT,Senior Manager,12.5,PhD,25334,2.0,Remote,14,No
21008,HR,Intern,19.5,Bachelor,76753,3.8,Remote,18,No
21009,Marketing,Senior Manager,9.7,Bachelor,33301,4.0,Hybrid,28,No
21010,Sales,Analyst,14.6,PhD,148315,1.1,Office,21,Yes
21011,Sales,Intern,18.3,Bachelor,60032,2.0,Remote,8,No
21012,HR,Senior Manager,1.9,Bachelor,168286,4.3,Office,18,Yes
21013,Finance,Analyst,9.0,PhD,108752,3.1,Remote,14,Yes
21014,Marketing,Analyst,18.9,Bachelor,139300,4.0,Remote,34,Yes
21015,Marketing,Analyst,15.5,Bachelor,79115,4.4,Office,26,Yes
21016,HR,Intern,10.7,Bachelor,71009,1.3,Remote,20,No
21017,Finance,Senior Manager,9.7,PhD,120154,1.2,Remote,22,No
21018,Sales,Analyst,9.7,PhD,112712,3.3,Hybrid,37,Yes
21019,Operations,Executive,7.1,Diploma,42913,4.1,Office,2,No
21020,IT,Executive,14.1,Bachelor,103328,3.7,Office,6,No
21021,Marketing,Manager,7.3,PhD,15277,2.8,Office,39,No
21022,Finance,Intern,15.3,Diploma,78347,4.1,Hybrid,2,No
21023,IT,Manager,11.1,PhD,127887,1.8,Hybrid,21,No
21024,IT,Senior Manager,1.2,Master,71339,4.4,Hybrid,25,No
21025,Sales,Senior Manager,14.8,Bachelor,124656,3.9,Hybrid,0,No
21026,IT,Manager,4.5,Diploma,177155,4.7,Remote,37,No
21027,Marketing,Executive,18.8,Diploma,128749,1.8,Remote,10,No
21028,IT,Intern,10.6,Diploma,18593,4.7,Office,15,Yes
21029,Sales,Analyst,6.9,Bachelor,15273,1.7,Hybrid,24,No
21030,HR,Executive,8.2,Master,88716,1.7,Remote,26,No
21031,Operations,Executive,0.8,Bachelor,177597,3.5,Office,20,No
21032,Finance,Executive,5.8,Master,108454,3.8,Remote,12,No
21033,Finance,Executive,1.4,Diploma,157733,2.0,Hybrid,12,No
21034,IT,Senior Manager,7.6,PhD,119174,1.3,Hybrid,36,Yes
21035,Marketing,Manager,11.8,Master,153119,2.3,Office,33,No
21036,Marketing,Executive,6.3,Bachelor,128811,4.5,Remote,10,Yes
21037,Operations,Manager,7.6,Diploma,18487,3.8,Hybrid,23,No
21038,Marketing,Manager,19.9,PhD,108796,4.5,Remote,24,No
21039,Marketing,Analyst,8.7,Diploma,47067,2.5,Remote,22,Yes
21040,HR,Analyst,15.4,PhD,100339,2.9,Office,12,No
21041,Operations,Intern,11.0,PhD,110115,3.6,Hybrid,33,No
21042,Operations,Analyst,11.1,Master,67186,3.7,Remote,14,No
21043,Finance,Analyst,6.8,Bachelor,20206,3.1,Office,39,Yes
21044,Operations,Manager,0.3,Master,109240,2.2,Office,30,No
21045,Operations,Senior Manager,6.5,PhD,94906,3.7,Hybrid,26,No
21046,Marketing,Analyst,18.5,Bachelor,53084,1.6,Office,13,No
21047,Operations,Intern,9.2,Bachelor,46373,3.1,Remote,17,No
21048,Marketing,Executive,11.3,Master,63163,3.1,Hybrid,25,No
21049,Operations,Executive,1.9,Bachelor,151474,4.1,Office,19,No
21050,IT,Executive,16.2,Master,131866,3.9,Remote,10,No
21051,Marketing,Executive,12.1,Master,34882,4.5,Remote,16,Yes
21052,Marketing,Manager,14.1,Bachelor,157168,2.2,Hybrid,10,No
21053,Marketing,Manager,16.5,PhD,17503,4.1,Office,15,No
21054,Finance,Analyst,4.0,Bachelor,87939,3.8,Office,0,No
21055,HR,Analyst,4.6,Master,96907,1.2,Office,23,No
21056,Operations,Executive,18.1,Diploma,81334,2.9,Remote,39,No
21057,Operations,Intern,7.4,Master,160135,3.9,Office,13,No
21058,HR,Intern,9.4,Diploma,178322,3.9,Hybrid,12,No
21059,HR,Executive,1.4,PhD,17629,1.1,Remote,13,No
21060,Marketing,Intern,1.0,PhD,42043,2.1,Office,9,No
21061,Finance,Executive,5.1,Bachelor,86729,1.1,Office,26,No
21062,HR,Analyst,3.8,PhD,165539,2.5,Office,28,No
21063,Marketing,Intern,5.5,PhD,15490,2.8,Office,4,No
21064,HR,Executive,17.2,Diploma,41580,2.7,Office,4,No
21065,Finance,Executive,10.6,Bachelor,112306,4.9,Remote,5,No
21066,Sales,Senior Manager,6.0,Master,79901,2.6,Remote,25,No
21067,Sales,Analyst,1.9,Diploma,51029,2.7,Hybrid,11,No
21068,Sales,Senior Manager,7.8,Diploma,90407,1.8,Office,9,No
21069,Marketing,Analyst,4.8,Master,38960,1.8,Hybrid,33,No
21070,HR,Executive,18.2,Diploma,104799,1.7,Remote,28,No
21071,Operations,Senior Manager,8.4,Bachelor,24495,3.7,Office,10,No
21072,Finance,Senior Manager,19.4,PhD,52376,3.7,Office,37,No
21073,Finance,Executive,19.8,Bachelor,165879,1.9,Remote,26,No
21074,HR,Senior Manager,13.8,Master,27066,4.9,Office,3,No
21075,Operations,Analyst,18.3,Diploma,81289,3.3,Hybrid,35,No
21076,HR,Manager,16.5,Master,116570,2.5,Hybrid,32,No
21077,Finance,Senior Manager,16.8,PhD,18174,1.8,Office,37,No
21078,Sales,Intern,5.6,PhD,128370,4.4,Hybrid,9,No
21079,Operations,Intern,0.2,Diploma,160124,4.9,Office,0,No
21080,HR,Intern,16.1,Diploma,52566,3.8,Hybrid,1,No
21081,HR,Intern,19.9,PhD,164339,3.4,Hybrid,26,No
21082,Sales,Intern,16.7,PhD,49894,4.6,Hybrid,27,No
21083,HR,Intern,0.4,Bachelor,166572,1.0,Hybrid,14,No
21084,Sales,Manager,17.3,Diploma,175120,3.5,Office,7,No
21085,Operations,Executive,16.2,Diploma,52119,3.3,Remote,1,No
21086,Marketing,Executive,10.0,Diploma,124465,4.3,Hybrid,39,Yes
21087,Operations,Senior Manager,13.2,Bachelor,46220,4.7,Hybrid,30,No
21088,HR,Intern,17.7,Bachelor,131477,4.9,Remote,27,No
21089,Marketing,Manager,6.8,PhD,99771,1.8,Remote,2,No
21090,Sales,Manager,12.4,Bachelor,68331,2.1,Office,7,No
21091,IT,Manager,7.5,Bachelor,49208,2.6,Hybrid,34,Yes
21092,Operations,Executive,7.8,PhD,161277,3.2,Remote,29,No
21093,Finance,Analyst,16.6,Master,177424,3.3,Hybrid,18,No
21094,Finance,Executive,8.6,Bachelor,58877,3.1,Hybrid,20,No
21095,HR,Intern,9.5,PhD,41110,3.9,Hybrid,34,No
21096,Sales,Executive,1.1,Diploma,33406,4.4,Office,20,Yes
21097,IT,Senior Manager,18.4,Diploma,20764,2.3,Remote,5,No
21098,Operations,Intern,7.0,Diploma,122965,2.7,Office,23,No
21099,Sales,Senior Manager,4.2,PhD,167062,4.2,Office,13,No
21100,Marketing,Intern,6.2,Master,34837,2.7,Office,20,No
21101,Sales,Manager,17.7,Master,112812,4.8,Office,1,No
21102,Finance,Manager,11.1,Master,40788,4.1,Remote,33,No
21103,IT,Intern,7.8,Diploma,107098,3.0,Remote,29,Yes
21104,Operations,Analyst,4.7,Bachelor,58281,2.9,Remote,34,No
21105,Finance,Manager,1.4,Diploma,139497,2.2,Office,33,No
21106,Operations,Executive,0.2,Diploma,95818,1.4,Hybrid,34,No
21107,IT,Manager,0.6,Diploma,35241,3.5,Office,32,No
21108,Sales,Manager,14.2,Bachelor,120145,2.2,Hybrid,8,No
21109,Finance,Senior Manager,7.1,Diploma,163826,4.4,Office,28,No
21110,Sales,Senior Manager,1.9,Bachelor,165845,4.5,Remote,17,No
21111,Sales,Executive,17.8,Diploma,48946,2.1,Hybrid,19,No
21112,Finance,Executive,11.6,PhD,93933,1.2,Office,32,No
21113,HR,Executive,5.3,PhD,147397,3.1,Hybrid,0,No
21114,Marketing,Analyst,0.3,PhD,160405,1.7,Office,35,No
21115,Marketing,Manager,1.9,Diploma,133569,1.2,Office,4,No
21116,Finance,Senior Manager,9.6,Diploma,153033,4.8,Office,1,No
21117,Marketing,Analyst,2.8,Master,166195,4.8,Hybrid,34,No
21118,Sales,Intern,2.8,PhD,136849,1.3,Hybrid,27,No
21119,IT,Senior Manager,11.6,PhD,167104,3.1,Hybrid,31,No
21120,Sales,Analyst,2.4,PhD,86876,2.0,Office,18,No
21121,HR,Senior Manager,4.7,Diploma,67574,2.2,Office,31,Yes
21122,IT,Manager,12.0,Diploma,131035,2.8,Office,0,No
21123,HR,Senior Manager,0.7,Master,132676,1.6,Remote,11,No
21124,Marketing,Intern,9.1,Bachelor,44256,1.4,Remote,20,No
21125,Sales,Analyst,4.7,Diploma,152984,4.4,Remote,37,No
21126,Operations,Analyst,12.4,PhD,135932,4.5,Office,24,No
21127,Sales,Executive,14.8,Diploma,34634,4.5,Remote,9,No
21128,Finance,Executive,3.5,Bachelor,166621,2.4,Office,38,No
21129,HR,Manager,17.3,PhD,126520,3.8,Office,16,Yes
21130,Operations,Executive,18.1,Diploma,116220,1.1,Remote,22,No
21131,Operations,Senior Manager,18.1,Master,151480,4.9,Remote,10,No
21132,HR,Intern,7.5,PhD,138602,1.4,Office,8,No
21133,Sales,Intern,17.1,Diploma,35133,3.9,Remote,23,No
21134,IT,Manager,6.7,Master,149525,3.9,Remote,20,No
21135,Finance,Analyst,8.0,PhD,99423,3.9,Office,19,Yes
21136,Marketing,Analyst,6.4,PhD,27971,2.3,Hybrid,21,No
21137,Finance,Manager,15.9,Diploma,68396,4.8,Remote,18,Yes
21138,Sales,Analyst,13.5,PhD,72866,3.5,Remote,14,No
21139,IT,Intern,11.2,Master,104192,4.9,Office,29,No
21140,Operations,Senior Manager,15.3,PhD,83112,3.9,Hybrid,9,No
21141,IT,Analyst,6.0,PhD,70872,2.3,Hybrid,24,No
21142,Marketing,Executive,17.6,Bachelor,132323,3.4,Hybrid,14,No
21143,Sales,Analyst,8.6,Diploma,175691,4.8,Office,11,No
21144,Sales,Executive,11.6,Diploma,151464,1.8,Hybrid,3,No
21145,Operations,Senior Manager,8.1,Bachelor,173901,2.0,Hybrid,22,Yes
21146,IT,Manager,4.5,Diploma,166796,3.5,Hybrid,22,Yes
21147,IT,Manager,9.5,Master,108086,2.4,Remote,20,No
21148,Operations,Intern,10.0,Master,139134,4.6,Remote,14,No
21149,IT,Analyst,10.7,Diploma,138315,2.0,Office,22,No
21150,HR,Analyst,16.0,Master,164458,4.4,Remote,6,No
21151,HR,Intern,5.6,PhD,156687,4.1,Hybrid,19,Yes
21152,Marketing,Intern,10.9,Bachelor,18397,1.8,Hybrid,8,No
21153,Marketing,Executive,15.5,Master,54421,4.0,Remote,14,No
21154,HR,Executive,18.2,Diploma,132515,2.8,Office,36,Yes
21155,HR,Intern,15.7,PhD,73467,4.0,Hybrid,25,No
21156,HR,Senior Manager,4.9,Master,40442,2.8,Hybrid,4,No
21157,IT,Manager,15.4,PhD,140733,3.6,Remote,1,No
21158,Sales,Intern,2.5,Diploma,80951,2.2,Office,29,No
21159,Operations,Manager,2.9,PhD,77700,4.6,Remote,27,No
21160,Operations,Senior Manager,13.1,Diploma,126228,2.6,Hybrid,9,No
21161,IT,Executive,9.1,Master,73842,1.1,Hybrid,16,No
21162,HR,Manager,14.2,Bachelor,87976,1.2,Hybrid,29,Yes
21163,Operations,Analyst,13.3,Bachelor,175854,3.8,Hybrid,18,No
21164,Operations,Manager,0.8,Bachelor,18328,1.4,Hybrid,39,Yes
21165,HR,Manager,18.3,Master,173061,1.7,Remote,10,Yes
21166,HR,Executive,1.8,Master,110222,3.8,Remote,33,No
21167,Sales,Manager,16.1,PhD,119383,1.5,Office,11,No
21168,HR,Executive,19.5,Diploma,85617,4.2,Office,34,No
21169,Operations,Manager,10.2,PhD,17682,3.7,Hybrid,30,No
21170,IT,Executive,11.1,Master,102815,2.0,Remote,18,No
21171,Marketing,Senior Manager,6.1,Diploma,91616,2.0,Remote,18,No
21172,IT,Senior Manager,2.2,PhD,171117,2.9,Office,13,No
21173,HR,Manager,19.0,Master,102226,2.1,Hybrid,36,Yes
21174,HR,Analyst,19.0,PhD,20870,4.6,Office,12,No
21175,Sales,Analyst,14.6,Bachelor,78313,4.7,Remote,19,No
21176,IT,Executive,3.0,Master,29792,4.0,Hybrid,13,No
21177,Operations,Manager,12.7,Diploma,161989,1.6,Office,4,No
21178,Sales,Intern,0.7,Diploma,87104,3.8,Office,0,No
21179,IT,Executive,14.2,Diploma,149243,4.1,Office,11,No
21180,Marketing,Intern,15.6,Bachelor,87220,2.3,Office,12,No
21181,IT,Manager,6.3,Diploma,59916,2.4,Office,26,No
21182,IT,Executive,7.0,Bachelor,167647,1.3,Office,35,No
21183,Marketing,Intern,13.3,Master,78747,3.2,Hybrid,33,No
21184,IT,Manager,17.1,Master,116334,2.3,Hybrid,17,No
21185,Sales,Analyst,15.9,Diploma,95579,1.0,Remote,37,No
21186,Sales,Intern,5.7,Master,49715,1.1,Office,21,Yes
21187,Finance,Manager,3.9,Diploma,170886,4.9,Hybrid,11,No
21188,Operations,Intern,7.4,Bachelor,125408,3.1,Remote,16,No
21189,IT,Manager,19.2,PhD,157390,3.5,Remote,4,No
21190,Operations,Senior Manager,8.1,PhD,45523,4.1,Remote,21,No
21191,Sales,Executive,0.7,Diploma,67368,4.0,Office,39,No
21192,IT,Senior Manager,13.7,Diploma,166502,3.2,Hybrid,29,No
21193,HR,Analyst,6.0,Diploma,110990,3.8,Office,24,No
21194,Operations,Senior Manager,17.5,Master,64734,4.0,Remote,22,No
21195,Sales,Executive,2.0,Master,86373,4.5,Office,37,No
21196,HR,Manager,12.5,PhD,85205,4.2,Remote,22,Yes
21197,Marketing,Analyst,19.6,Bachelor,83116,2.4,Hybrid,6,No
21198,IT,Analyst,17.6,Master,90922,3.9,Office,11,Yes
21199,Marketing,Executive,12.4,Master,78161,2.1,Hybrid,38,No
21200,HR,Senior Manager,3.0,Diploma,88092,1.6,Hybrid,13,No
21201,HR,Analyst,17.9,Diploma,117567,2.2,Hybrid,23,No
21202,Operations,Manager,3.5,Bachelor,105350,1.8,Office,34,No
21203,IT,Senior Manager,1.3,Bachelor,131348,4.3,Hybrid,12,No
21204,IT,Intern,5.4,PhD,51017,3.5,Office,15,No
21205,Finance,Manager,4.6,Master,49158,4.7,Office,15,No
21206,IT,Executive,14.2,Bachelor,138752,3.6,Remote,16,No
21207,Sales,Manager,15.6,Diploma,126467,3.6,Remote,26,No
21208,Sales,Executive,8.6,Bachelor,94810,3.2,Remote,36,Yes
21209,HR,Senior Manager,14.2,PhD,46560,1.6,Hybrid,6,No
21210,Sales,Analyst,9.6,PhD,70347,1.5,Remote,18,Yes
21211,Finance,Executive,11.4,PhD,167603,5.0,Remote,32,Yes
21212,Marketing,Intern,17.0,Diploma,83481,4.2,Hybrid,33,No
21213,Operations,Senior Manager,2.3,Bachelor,94143,5.0,Remote,34,No
21214,Marketing,Analyst,16.1,Diploma,108184,3.1,Hybrid,19,No
21215,Sales,Senior Manager,13.9,Master,129890,1.3,Hybrid,30,No
21216,HR,Senior Manager,5.4,PhD,55716,1.3,Hybrid,29,No
21217,IT,Senior Manager,17.3,Diploma,55654,3.9,Office,10,No
21218,Finance,Senior Manager,10.1,PhD,177753,4.8,Hybrid,12,Yes
21219,Operations,Analyst,17.2,Bachelor,101343,1.8,Remote,28,No
21220,Operations,Manager,3.5,Master,46427,1.2,Office,14,No
21221,IT,Analyst,17.4,Master,33891,3.3,Office,32,No
21222,IT,Senior Manager,17.6,Bachelor,83068,2.3,Remote,33,No
21223,IT,Analyst,9.7,PhD,47801,2.6,Hybrid,36,No
21224,IT,Analyst,14.1,PhD,100492,3.6,Hybrid,31,No
21225,Finance,Senior Manager,10.9,Diploma,69922,3.7,Office,4,No
21226,IT,Analyst,14.6,Bachelor,89712,3.1,Hybrid,38,No
21227,HR,Analyst,3.8,Master,76201,3.8,Hybrid,13,No
21228,Marketing,Manager,8.9,Bachelor,151095,3.7,Office,25,No
21229,HR,Senior Manager,18.9,Bachelor,78434,3.4,Office,29,No
21230,HR,Executive,15.2,Diploma,139854,1.5,Remote,7,No
21231,Operations,Executive,0.9,Master,128034,1.1,Office,6,No
21232,Marketing,Intern,3.0,Diploma,47412,3.1,Hybrid,5,No
21233,HR,Manager,9.6,Diploma,127323,2.1,Remote,7,No
21234,Marketing,Manager,15.3,PhD,75825,2.0,Hybrid,26,No
21235,HR,Analyst,3.5,Master,117947,1.2,Hybrid,17,Yes
21236,IT,Manager,1.3,PhD,135776,1.2,Office,34,No
21237,Operations,Senior Manager,1.5,PhD,59432,2.4,Office,10,No
21238,IT,Executive,4.3,Master,106155,2.1,Office,23,No
21239,Marketing,Analyst,17.6,Diploma,62907,1.5,Hybrid,1,No
21240,Operations,Intern,14.6,PhD,65237,1.8,Remote,17,No
21241,Marketing,Analyst,8.6,Master,169451,1.9,Hybrid,2,No
21242,Operations,Executive,3.4,Diploma,83455,1.1,Office,35,No
21243,IT,Senior Manager,3.1,Diploma,124198,4.0,Office,14,No
21244,Operations,Senior Manager,10.9,PhD,152438,1.2,Office,16,No
21245,Marketing,Analyst,12.5,Diploma,89019,3.2,Hybrid,30,No
21246,IT,Senior Manager,13.6,Diploma,143116,1.1,Office,10,No
21247,Operations,Analyst,2.5,Diploma,91864,2.2,Hybrid,3,No
21248,HR,Manager,12.1,Master,90482,3.5,Remote,9,No
21249,Operations,Analyst,1.8,PhD,76565,1.6,Office,3,No
21250,HR,Senior Manager,7.9,Bachelor,164253,3.5,Hybrid,34,No
21251,HR,Manager,9.2,PhD,32110,3.0,Hybrid,10,No
21252,HR,Executive,13.2,PhD,18543,4.1,Office,10,Yes
21253,HR,Intern,12.2,PhD,126171,4.7,Office,16,No
21254,Marketing,Analyst,17.5,PhD,167381,3.6,Office,26,Yes
21255,Sales,Senior Manager,4.1,PhD,68187,2.4,Hybrid,20,No
21256,Marketing,Analyst,15.2,Bachelor,130623,3.6,Hybrid,11,No
21257,Marketing,Intern,10.5,Master,85565,1.3,Remote,12,No
21258,Operations,Senior Manager,19.0,Master,149481,3.2,Remote,37,Yes
21259,Marketing,Intern,0.3,Master,148987,2.7,Office,27,Yes
21260,Operations,Intern,16.4,Bachelor,160652,3.6,Remote,37,No
21261,Marketing,Manager,17.4,Diploma,53944,2.2,Office,18,No
21262,IT,Senior Manager,13.8,Master,28013,4.5,Office,6,No
21263,Sales,Executive,18.5,PhD,162653,2.8,Hybrid,32,No
21264,HR,Manager,10.1,Bachelor,149544,4.1,Office,5,Yes
21265,HR,Manager,3.3,Diploma,45774,4.1,Office,14,No
21266,Finance,Intern,4.1,Master,122278,2.3,Remote,26,No
21267,Finance,Analyst,10.2,Diploma,93432,1.9,Office,28,No
21268,Operations,Senior Manager,17.8,PhD,113993,1.9,Hybrid,21,Yes
21269,Operations,Senior Manager,18.5,Bachelor,99986,1.4,Hybrid,13,No
21270,Sales,Intern,19.1,Master,23278,4.7,Office,29,No
21271,Operations,Executive,6.1,Diploma,138092,3.9,Hybrid,4,No
21272,IT,Senior Manager,17.7,Diploma,76167,1.2,Remote,2,Yes
21273,IT,Manager,3.8,Master,153466,3.1,Hybrid,14,No
21274,IT,Executive,16.9,Diploma,138173,3.1,Office,37,No
21275,Operations,Analyst,20.0,PhD,146116,2.4,Remote,4,No
21276,Finance,Manager,1.5,Master,36017,1.2,Hybrid,37,Yes
21277,Sales,Manager,1.7,Bachelor,73491,1.1,Office,7,No
21278,Marketing,Manager,18.6,PhD,29006,1.0,Hybrid,34,No
21279,Sales,Manager,11.0,PhD,17083,3.1,Remote,1,No
21280,Sales,Analyst,7.8,Master,137732,3.4,Hybrid,20,No
21281,HR,Executive,1.8,Master,171376,1.8,Remote,34,No
21282,Sales,Analyst,11.6,Diploma,41287,1.4,Hybrid,10,Yes
21283,HR,Analyst,11.7,Bachelor,177402,2.1,Remote,18,Yes
21284,Marketing,Senior Manager,15.1,Bachelor,123670,4.8,Office,28,No
21285,HR,Manager,5.8,Bachelor,120745,1.7,Office,36,No
21286,Operations,Manager,9.8,PhD,29943,1.9,Hybrid,10,No
21287,HR,Senior Manager,17.6,Bachelor,99513,3.0,Hybrid,20,No
21288,Operations,Senior Manager,10.3,Master,15866,4.9,Remote,13,Yes
21289,HR,Executive,7.0,Bachelor,149600,4.6,Office,16,No
21290,HR,Intern,15.8,PhD,78336,2.7,Office,25,No
21291,Operations,Manager,0.1,PhD,136012,3.1,Remote,18,Yes
21292,Sales,Manager,11.3,Diploma,25265,4.4,Office,23,Yes
21293,Finance,Intern,19.6,Diploma,110858,3.4,Remote,1,No
21294,Finance,Analyst,11.5,PhD,159314,2.2,Hybrid,3,No
21295,IT,Analyst,17.7,PhD,174833,2.8,Remote,30,No
21296,Marketing,Senior Manager,7.6,Master,138001,3.3,Hybrid,31,Yes
21297,IT,Intern,17.1,Master,64507,1.9,Office,2,No
21298,Finance,Analyst,7.3,PhD,77914,4.2,Office,34,No
21299,IT,Analyst,13.6,PhD,110153,4.6,Office,5,No
21300,Marketing,Manager,0.5,Diploma,34730,1.6,Remote,22,No
21301,Finance,Manager,9.1,Diploma,61994,2.7,Hybrid,25,No
21302,HR,Senior Manager,11.7,Master,137993,3.3,Remote,22,No
21303,Operations,Manager,0.3,Master,100295,2.7,Office,29,No
21304,Finance,Intern,17.6,PhD,122708,1.3,Remote,27,No
21305,IT,Senior Manager,14.3,Master,21334,4.6,Remote,32,No
21306,HR,Intern,13.8,Bachelor,47817,2.1,Remote,12,No
21307,Finance,Executive,0.3,Diploma,109898,2.6,Hybrid,31,No
21308,HR,Analyst,5.4,PhD,107785,3.8,Remote,19,No
21309,Operations,Executive,17.7,Bachelor,102921,3.5,Hybrid,24,No
21310,HR,Analyst,15.5,PhD,161757,2.8,Hybrid,9,No
21311,IT,Intern,0.2,PhD,45197,3.8,Office,27,No
21312,Marketing,Executive,18.8,PhD,107338,1.0,Remote,22,No
21313,Finance,Manager,2.1,Diploma,71301,2.0,Office,11,No
21314,Finance,Executive,14.9,Master,113641,3.4,Remote,17,No
21315,IT,Analyst,2.8,Bachelor,136414,3.0,Remote,11,No
21316,Sales,Senior Manager,19.8,Diploma,16844,2.7,Remote,19,No
21317,Finance,Manager,11.9,PhD,73468,4.2,Office,15,Yes
21318,IT,Manager,10.7,Master,46506,2.8,Office,4,No
21319,Operations,Executive,5.0,Diploma,154381,4.2,Office,39,No
21320,Sales,Analyst,8.9,Diploma,172298,3.0,Office,33,No
21321,Operations,Executive,8.6,Diploma,158937,4.2,Office,37,Yes
21322,Operations,Manager,1.4,Bachelor,144821,1.0,Office,34,No
21323,HR,Manager,9.8,Bachelor,173410,2.6,Hybrid,17,Yes
21324,Operations,Intern,2.4,PhD,101849,3.6,Hybrid,24,No
21325,Sales,Manager,3.8,Diploma,102578,1.3,Remote,20,No
21326,Finance,Intern,9.5,Master,65569,1.6,Hybrid,9,No
21327,Operations,Executive,6.5,PhD,97569,2.7,Office,33,No
21328,HR,Manager,4.7,Diploma,37411,1.2,Office,9,No
21329,Sales,Senior Manager,10.4,PhD,133218,4.9,Hybrid,16,Yes
21330,Operations,Analyst,9.3,Bachelor,27527,1.2,Remote,26,No
21331,IT,Senior Manager,4.1,PhD,160903,1.1,Remote,0,No
21332,Sales,Manager,9.2,Diploma,30523,3.4,Remote,33,No
21333,IT,Manager,2.9,Master,18286,3.5,Office,14,Yes
21334,HR,Intern,0.7,Diploma,132707,4.1,Hybrid,32,No
21335,Operations,Manager,11.7,Master,143163,2.2,Office,38,No
21336,Operations,Intern,1.3,Diploma,117138,3.9,Office,4,No
21337,HR,Senior Manager,3.5,Bachelor,78369,2.9,Remote,37,No
21338,Sales,Executive,14.5,Bachelor,96039,2.5,Office,29,No
21339,Operations,Executive,5.7,Bachelor,113076,3.1,Remote,9,No
21340,Marketing,Manager,8.4,Bachelor,54619,1.2,Office,20,No
21341,Finance,Executive,12.5,Bachelor,134913,1.4,Office,16,No
21342,Marketing,Executive,4.1,Diploma,45889,2.3,Remote,38,No
21343,Finance,Manager,1.2,Master,46194,2.6,Office,11,No
21344,HR,Senior Manager,14.2,Bachelor,58514,4.8,Remote,24,No
21345,Finance,Analyst,2.9,PhD,139817,4.5,Remote,26,No
21346,Operations,Intern,14.5,Bachelor,127173,4.7,Hybrid,30,No
21347,Operations,Executive,19.1,Bachelor,22920,4.0,Remote,3,No
21348,HR,Senior Manager,8.4,Master,177238,1.5,Hybrid,17,No
21349,Marketing,Analyst,11.3,Diploma,161293,3.4,Remote,31,No
21350,Marketing,Analyst,11.0,Bachelor,176048,2.9,Remote,22,No
21351,HR,Intern,7.0,Diploma,81119,2.3,Hybrid,4,No
21352,Finance,Executive,8.1,Master,94692,3.6,Office,28,Yes
21353,IT,Intern,6.6,PhD,154685,3.1,Remote,8,No
21354,Finance,Manager,19.7,PhD,52956,2.1,Hybrid,24,No
21355,Operations,Manager,20.0,Diploma,133614,1.4,Hybrid,37,No
21356,Sales,Manager,12.5,Bachelor,98651,2.1,Remote,16,No
21357,HR,Senior Manager,3.0,PhD,101025,2.2,Remote,29,No
21358,Operations,Senior Manager,14.5,PhD,157276,2.2,Office,33,No
21359,IT,Intern,8.3,PhD,154964,3.2,Remote,20,No
21360,HR,Executive,14.1,Bachelor,135987,3.6,Office,32,No
21361,Marketing,Intern,14.6,Master,71281,1.4,Remote,3,No
21362,Marketing,Analyst,19.7,Diploma,109067,3.2,Office,20,Yes
21363,HR,Manager,0.9,Bachelor,55267,2.1,Hybrid,13,No
21364,Marketing,Senior Manager,10.0,Diploma,179053,2.1,Remote,35,No
21365,HR,Manager,13.9,Bachelor,79362,1.7,Remote,13,Yes
21366,Operations,Analyst,6.8,Diploma,170374,2.8,Office,29,No
21367,Finance,Senior Manager,1.7,PhD,120510,4.6,Remote,1,No
21368,Sales,Executive,8.2,Bachelor,160292,2.1,Remote,3,No
21369,IT,Analyst,11.0,PhD,94942,2.3,Hybrid,21,No
21370,Finance,Executive,17.7,Bachelor,100394,2.6,Hybrid,4,No
21371,Marketing,Executive,12.5,Diploma,148170,2.5,Office,21,No
21372,Sales,Executive,6.9,PhD,125234,3.9,Hybrid,35,No
21373,Finance,Senior Manager,12.2,Diploma,32795,4.3,Remote,21,No
21374,HR,Manager,12.1,PhD,49300,3.0,Office,9,No
21375,IT,Senior Manager,9.4,Diploma,112310,2.8,Remote,17,No
21376,HR,Intern,17.3,Diploma,153662,4.9,Office,5,No
21377,Operations,Intern,12.6,Diploma,41876,4.8,Hybrid,39,No
21378,HR,Executive,17.5,Bachelor,157833,4.8,Remote,26,No
21379,Finance,Executive,3.4,PhD,54907,1.7,Office,25,No
21380,Sales,Analyst,2.0,Diploma,85844,2.7,Office,37,No
21381,IT,Executive,14.1,Bachelor,83487,4.4,Office,31,No
21382,Finance,Analyst,2.3,PhD,121375,1.7,Hybrid,11,No
21383,HR,Executive,4.2,Diploma,32228,2.1,Remote,32,No
21384,IT,Intern,0.2,PhD,124311,3.9,Office,14,Yes
21385,Operations,Senior Manager,14.3,PhD,57608,4.1,Hybrid,23,No
21386,Marketing,Intern,10.7,Bachelor,54403,3.4,Hybrid,5,No
21387,Operations,Analyst,3.3,Master,34911,1.3,Office,16,No
21388,IT,Executive,10.8,Master,50411,4.9,Hybrid,17,Yes
21389,Operations,Executive,4.3,Diploma,91254,4.3,Remote,16,No
21390,Sales,Manager,11.8,Bachelor,138647,3.6,Remote,30,No
21391,HR,Executive,16.3,PhD,74661,2.1,Office,13,No
21392,Finance,Executive,4.7,Bachelor,62531,1.9,Remote,28,Yes
21393,Finance,Executive,8.7,Bachelor,130374,3.6,Hybrid,32,No
21394,Operations,Senior Manager,12.7,Bachelor,72663,3.6,Hybrid,13,No
21395,Operations,Senior Manager,4.2,Bachelor,92330,1.1,Office,26,No
21396,Sales,Executive,17.4,Diploma,115697,1.0,Hybrid,9,No
21397,Operations,Senior Manager,9.9,Diploma,64395,1.3,Hybrid,34,No
21398,IT,Executive,12.7,Bachelor,148865,4.3,Remote,32,No
21399,Marketing,Analyst,19.2,Master,24850,1.4,Hybrid,5,No
21400,Sales,Intern,7.5,Master,91932,3.3,Office,2,No
21401,HR,Manager,3.1,Master,73680,1.1,Office,20,No
21402,Marketing,Intern,15.3,PhD,27625,4.2,Hybrid,11,Yes
21403,Operations,Analyst,3.8,Master,85009,1.9,Remote,24,No
21404,HR,Analyst,4.9,Master,148798,4.0,Remote,35,No
21405,Operations,Manager,19.7,Diploma,30514,3.7,Office,36,No
21406,Marketing,Senior Manager,15.7,Diploma,80503,3.0,Hybrid,3,Yes
21407,Operations,Executive,1.3,Bachelor,128436,3.8,Hybrid,39,No
21408,Sales,Senior Manager,13.9,Diploma,50159,4.3,Office,25,No
21409,Marketing,Executive,18.3,Diploma,23739,2.3,Office,30,Yes
21410,Sales,Executive,8.8,Master,168661,2.9,Office,7,No
21411,Operations,Manager,15.7,Bachelor,73904,2.8,Remote,37,No
21412,HR,Senior Manager,11.6,Master,175072,4.7,Remote,16,No
21413,HR,Analyst,15.4,Bachelor,120046,2.1,Hybrid,38,Yes
21414,Operations,Analyst,12.9,Diploma,72593,3.4,Remote,32,Yes
21415,Finance,Manager,18.1,Master,176610,5.0,Hybrid,20,No
21416,Operations,Senior Manager,7.5,PhD,85870,4.5,Remote,33,Yes
21417,Operations,Intern,4.1,PhD,116335,1.8,Office,0,No
21418,Sales,Intern,17.2,Bachelor,105857,1.2,Hybrid,9,No
21419,Finance,Analyst,0.6,PhD,154130,4.6,Office,27,No
21420,Finance,Manager,4.8,Diploma,18241,4.3,Remote,25,No
21421,Marketing,Intern,7.6,Diploma,42795,4.8,Office,27,No
21422,IT,Senior Manager,16.7,Master,179930,2.7,Hybrid,31,No
21423,Marketing,Analyst,12.9,PhD,28579,2.4,Remote,24,No
21424,IT,Intern,16.9,PhD,163977,4.2,Remote,0,No
21425,HR,Senior Manager,17.0,PhD,94861,2.9,Hybrid,33,Yes
21426,Finance,Intern,19.4,Diploma,34524,2.0,Hybrid,27,No
21427,HR,Intern,10.1,Bachelor,64376,4.7,Remote,27,No
21428,HR,Analyst,12.0,Bachelor,47921,3.2,Office,30,No
21429,Finance,Analyst,12.4,Diploma,52899,4.8,Remote,34,No
21430,HR,Manager,19.6,PhD,162928,4.5,Remote,32,No
21431,Marketing,Senior Manager,12.1,Master,103351,4.6,Office,19,No
21432,Sales,Intern,12.1,PhD,17860,3.3,Remote,11,No
21433,Finance,Senior Manager,3.9,Diploma,106375,1.5,Remote,27,No
21434,Finance,Intern,3.2,PhD,115296,2.9,Remote,36,No
21435,Marketing,Analyst,16.5,Bachelor,46687,5.0,Hybrid,27,No
21436,Operations,Analyst,7.8,Diploma,177085,2.2,Office,30,No
21437,Marketing,Executive,13.5,Master,134202,2.4,Hybrid,21,No
21438,Operations,Executive,12.5,Master,163807,4.7,Remote,10,No
21439,IT,Intern,19.7,Master,78516,4.7,Hybrid,0,No
21440,Sales,Manager,7.6,Diploma,22094,3.2,Office,15,No
21441,HR,Senior Manager,5.0,Bachelor,141945,2.7,Hybrid,21,Yes
21442,IT,Executive,18.5,PhD,153217,4.8,Remote,36,No
21443,IT,Analyst,17.4,Diploma,137815,4.0,Hybrid,11,No
21444,Marketing,Senior Manager,19.5,Diploma,109654,3.5,Remote,0,No
21445,Marketing,Manager,1.5,Diploma,25040,1.8,Remote,36,No
21446,Marketing,Executive,10.7,PhD,108595,3.1,Office,15,Yes
21447,Sales,Analyst,2.0,PhD,85256,2.3,Hybrid,20,No
21448,HR,Executive,8.3,Diploma,24996,4.9,Hybrid,36,No
21449,HR,Executive,8.6,Bachelor,162464,3.5,Office,10,No
21450,Sales,Senior Manager,19.1,Diploma,61209,4.9,Office,8,No
21451,Marketing,Analyst,1.9,Diploma,68423,4.2,Hybrid,21,No
21452,IT,Manager,11.0,Master,39187,1.2,Remote,28,Yes
21453,IT,Senior Manager,1.2,PhD,100178,2.7,Office,14,No
21454,Finance,Intern,14.7,Bachelor,104160,3.0,Office,36,Yes
21455,IT,Manager,18.9,Master,50160,2.7,Remote,25,No
21456,Finance,Analyst,16.6,Master,92211,2.5,Remote,7,Yes
21457,Operations,Executive,8.1,Diploma,129133,1.2,Office,13,No
21458,Finance,Analyst,13.3,Diploma,174941,1.2,Remote,0,Yes
21459,Finance,Analyst,9.5,Master,106350,1.6,Office,8,Yes
21460,Marketing,Analyst,1.9,Diploma,81785,2.2,Office,0,No
21461,Sales,Manager,7.0,Master,99313,1.5,Office,29,No
21462,Marketing,Executive,2.5,PhD,73046,4.8,Hybrid,5,No
21463,Operations,Executive,0.4,Bachelor,148913,2.0,Remote,17,No
21464,Marketing,Analyst,15.6,PhD,34195,2.0,Office,18,No
21465,IT,Intern,15.7,Diploma,119352,1.7,Remote,33,No
21466,Marketing,Intern,19.4,PhD,27303,2.2,Hybrid,11,No
21467,HR,Manager,6.8,Master,129189,1.5,Remote,5,No
21468,Operations,Intern,2.1,Diploma,125678,1.5,Remote,21,No
21469,IT,Intern,6.2,PhD,26066,2.7,Hybrid,11,No
21470,IT,Executive,4.8,Bachelor,37512,1.6,Hybrid,17,No
21471,Finance,Analyst,2.1,Diploma,155521,1.5,Office,18,No
21472,Sales,Intern,2.8,Diploma,18481,4.1,Remote,20,Yes
21473,IT,Executive,10.6,Master,62800,2.5,Hybrid,30,Yes
21474,HR,Manager,10.4,Master,74767,1.6,Hybrid,29,No
21475,IT,Manager,5.9,Master,130373,1.6,Office,18,No
21476,Finance,Manager,16.1,Bachelor,179490,4.8,Office,38,Yes
21477,Sales,Intern,16.3,Bachelor,61492,3.0,Remote,25,No
21478,HR,Analyst,7.4,Diploma,63549,4.0,Hybrid,0,No
21479,HR,Executive,6.2,Bachelor,171561,3.4,Hybrid,24,No
21480,Operations,Intern,11.7,PhD,138714,1.3,Hybrid,2,No
21481,Sales,Executive,18.7,Diploma,20927,2.3,Remote,35,No
21482,IT,Executive,16.8,Bachelor,96816,1.9,Office,1,No
21483,HR,Analyst,6.2,PhD,173952,3.7,Office,4,Yes
21484,IT,Intern,0.9,Bachelor,73299,3.6,Hybrid,0,No
21485,HR,Analyst,2.8,PhD,116837,1.0,Remote,38,No
21486,HR,Intern,9.6,Diploma,34736,4.0,Hybrid,29,Yes
21487,Finance,Senior Manager,14.3,Diploma,136514,1.3,Office,14,No
21488,Finance,Manager,2.4,PhD,111155,2.5,Office,20,No
21489,Finance,Manager,8.8,PhD,149931,3.1,Office,2,No
21490,Marketing,Manager,3.1,Master,88557,4.3,Remote,13,No
21491,Marketing,Senior Manager,14.2,Diploma,17628,1.1,Hybrid,27,No
21492,Sales,Senior Manager,2.4,Master,89976,2.2,Office,13,No
21493,Marketing,Intern,9.1,Master,24721,2.2,Remote,39,No
21494,Operations,Intern,12.0,PhD,161995,3.6,Remote,13,Yes
21495,Finance,Executive,15.3,Bachelor,62424,1.9,Remote,30,No
21496,HR,Senior Manager,3.4,Diploma,96108,2.1,Hybrid,6,No
21497,Sales,Analyst,6.2,Diploma,27958,2.9,Remote,34,Yes
21498,IT,Executive,6.1,Bachelor,153118,2.9,Remote,21,Yes
21499,HR,Manager,7.8,Master,108763,2.3,Office,5,No
21500,IT,Executive,6.7,Bachelor,16100,4.6,Remote,5,No
21501,Operations,Senior Manager,20.0,PhD,23895,2.8,Remote,19,No
21502,IT,Executive,10.2,Diploma,49362,1.1,Hybrid,10,No
21503,Operations,Intern,7.5,Bachelor,137273,4.7,Office,1,No
21504,IT,Manager,13.6,PhD,36686,2.0,Office,31,No
21505,Marketing,Analyst,12.9,PhD,115533,3.7,Hybrid,10,No
21506,HR,Executive,9.5,Master,50682,2.6,Hybrid,7,No
21507,Marketing,Executive,12.9,Diploma,54564,1.2,Remote,4,No
21508,Sales,Executive,19.9,Diploma,175852,3.2,Office,26,No
21509,Sales,Analyst,4.7,Diploma,60527,3.2,Remote,27,No
21510,IT,Executive,18.6,Bachelor,26149,1.8,Office,37,Yes
21511,Finance,Senior Manager,1.0,Bachelor,67241,2.2,Hybrid,21,No
21512,Sales,Manager,15.0,Bachelor,158172,4.1,Office,20,No
21513,IT,Manager,12.2,Bachelor,134865,1.7,Hybrid,3,No
21514,Sales,Executive,17.6,Master,69052,2.7,Remote,4,No
21515,Operations,Intern,4.4,Bachelor,70258,3.3,Remote,4,No
21516,HR,Manager,17.3,Master,145921,2.8,Hybrid,35,No
21517,Finance,Manager,7.5,Bachelor,59898,3.4,Remote,34,No
21518,Sales,Senior Manager,7.2,Master,102143,1.1,Remote,23,No
21519,Finance,Intern,10.3,PhD,65095,3.2,Hybrid,24,Yes
21520,Sales,Manager,4.6,Master,164703,4.1,Remote,21,No
21521,Finance,Intern,15.4,Master,115769,2.4,Hybrid,10,No
21522,HR,Analyst,6.4,Master,68000,3.4,Remote,29,Yes
21523,Marketing,Analyst,9.9,Diploma,78003,3.1,Office,20,No
21524,Sales,Analyst,18.7,Diploma,114274,4.0,Remote,38,No
21525,Marketing,Analyst,2.8,Bachelor,32867,4.3,Office,31,No
21526,HR,Manager,3.3,Diploma,84223,1.4,Remote,23,No
21527,Finance,Intern,15.1,Diploma,177544,2.7,Remote,28,Yes
21528,HR,Intern,10.7,Master,53248,4.1,Office,14,No
21529,Operations,Manager,7.9,Master,154693,4.8,Office,21,No
21530,Operations,Executive,16.2,PhD,62800,2.7,Hybrid,6,No
21531,Finance,Executive,11.7,Bachelor,109727,3.8,Remote,31,No
21532,Sales,Intern,4.9,PhD,155474,4.8,Hybrid,7,No
21533,Operations,Senior Manager,14.2,PhD,138796,3.3,Office,9,No
21534,HR,Analyst,12.0,Diploma,70181,4.5,Office,36,Yes
21535,Sales,Analyst,1.5,PhD,43756,4.7,Remote,28,Yes
21536,HR,Analyst,4.8,Bachelor,93770,3.7,Office,25,No
21537,IT,Manager,17.7,Diploma,69656,2.4,Office,13,No
21538,Operations,Senior Manager,18.0,PhD,124104,1.2,Remote,22,No
21539,Operations,Intern,16.3,Diploma,119031,2.7,Hybrid,31,No
21540,Operations,Executive,3.9,Master,71190,4.1,Office,28,No
21541,Sales,Senior Manager,18.5,Diploma,31309,1.2,Office,33,No
21542,Finance,Manager,15.7,Bachelor,107314,2.6,Hybrid,30,Yes
21543,Operations,Executive,10.4,PhD,90552,2.0,Hybrid,23,No
21544,IT,Analyst,19.0,Master,74370,2.1,Office,3,Yes
21545,HR,Senior Manager,1.7,Master,172156,3.7,Remote,19,Yes
21546,Finance,Senior Manager,19.0,PhD,176626,3.6,Remote,19,No
21547,Operations,Analyst,8.8,PhD,106906,1.2,Hybrid,36,Yes
21548,IT,Senior Manager,18.1,Master,66237,4.9,Hybrid,21,No
21549,Sales,Senior Manager,1.4,Diploma,54345,3.6,Remote,10,No
21550,Operations,Senior Manager,14.6,Bachelor,131889,1.9,Remote,2,No
21551,Marketing,Analyst,3.5,Bachelor,70657,4.1,Hybrid,25,No
21552,Sales,Executive,4.2,Diploma,83157,3.7,Remote,24,No
21553,Finance,Intern,5.4,Diploma,34703,4.4,Office,25,No
21554,HR,Analyst,1.3,Bachelor,29104,3.2,Hybrid,14,No
21555,Finance,Executive,17.3,PhD,173716,2.6,Office,13,Yes
21556,IT,Manager,19.9,PhD,90639,3.3,Office,30,No
21557,Marketing,Senior Manager,6.4,Bachelor,45091,4.7,Office,7,No
21558,Sales,Manager,17.2,PhD,50393,4.8,Hybrid,35,No
21559,Operations,Analyst,16.7,Diploma,44869,3.1,Hybrid,12,No
21560,HR,Executive,13.0,Diploma,23116,3.4,Office,31,No
21561,IT,Senior Manager,3.8,Bachelor,161715,3.6,Hybrid,33,No
21562,Finance,Senior Manager,6.4,PhD,28429,3.4,Office,1,No
21563,IT,Executive,11.2,PhD,78564,2.0,Office,13,No
21564,HR,Analyst,5.0,Master,22216,4.0,Remote,21,No
21565,Sales,Executive,19.5,Master,33241,3.8,Hybrid,8,No
21566,IT,Executive,18.7,Bachelor,113126,3.7,Hybrid,39,No
21567,Marketing,Intern,16.7,Master,88262,4.5,Office,34,No
21568,Finance,Executive,17.6,Bachelor,177809,4.7,Office,9,No
21569,Operations,Executive,13.9,Master,158831,2.9,Hybrid,7,No
21570,Operations,Intern,3.1,PhD,43066,1.0,Remote,28,No
21571,Finance,Senior Manager,18.8,Diploma,148409,3.0,Remote,4,No
21572,Sales,Senior Manager,17.5,Diploma,174924,2.8,Remote,13,No
21573,Finance,Senior Manager,10.4,Bachelor,68922,1.6,Office,27,No
21574,Sales,Intern,16.4,Diploma,110755,3.5,Remote,15,No
21575,Finance,Intern,16.0,PhD,170690,2.9,Hybrid,11,No
21576,IT,Analyst,4.9,Bachelor,175352,1.2,Hybrid,10,No
21577,Finance,Analyst,20.0,Master,72849,3.7,Remote,39,No
21578,Finance,Senior Manager,18.9,Bachelor,154235,1.9,Office,8,No
21579,HR,Analyst,8.9,Master,142471,1.1,Remote,20,No
21580,Marketing,Executive,17.9,Bachelor,103960,2.1,Office,4,No
21581,IT,Analyst,14.0,Master,42552,3.4,Remote,39,No
21582,Finance,Intern,7.4,PhD,137036,1.8,Remote,0,No
21583,Marketing,Manager,6.9,Bachelor,76766,3.7,Office,16,No
21584,IT,Manager,0.5,PhD,133359,1.7,Remote,13,Yes
21585,IT,Executive,7.1,Diploma,158766,4.8,Remote,23,No
21586,HR,Intern,1.9,PhD,69407,4.4,Office,39,No
21587,Sales,Manager,7.3,Master,29559,2.1,Hybrid,14,No
21588,IT,Analyst,5.2,Diploma,51406,4.9,Remote,6,Yes
21589,Marketing,Senior Manager,5.0,PhD,60410,5.0,Office,24,Yes
21590,HR,Manager,12.6,Diploma,111367,4.8,Remote,32,No
21591,HR,Senior Manager,8.2,Diploma,106807,3.5,Remote,32,Yes
21592,IT,Analyst,17.2,Diploma,122410,1.5,Office,8,No
21593,Marketing,Analyst,19.1,Bachelor,49786,4.8,Hybrid,14,No
21594,Marketing,Manager,4.5,Master,167975,1.6,Office,13,Yes
21595,Operations,Senior Manager,4.5,Bachelor,91942,1.9,Remote,15,No
21596,Operations,Manager,9.6,Bachelor,35246,3.1,Remote,12,No
21597,Operations,Analyst,2.5,Master,92303,4.1,Remote,6,No
21598,IT,Analyst,19.5,Diploma,158751,4.6,Hybrid,2,No
21599,Finance,Manager,0.6,PhD,99725,1.3,Remote,0,No
21600,Operations,Analyst,15.7,Bachelor,71680,1.1,Hybrid,2,No
21601,Operations,Manager,9.3,PhD,106241,1.2,Office,30,No
21602,Marketing,Senior Manager,8.1,Diploma,131950,2.7,Remote,2,No
21603,Operations,Analyst,1.1,PhD,158263,4.6,Remote,23,No
21604,HR,Analyst,14.6,PhD,147300,1.1,Office,9,No
21605,Sales,Manager,18.5,PhD,46827,4.2,Remote,2,No
21606,IT,Senior Manager,5.0,Master,83331,1.1,Office,36,No
21607,IT,Manager,1.1,Diploma,145070,1.2,Remote,10,No
21608,Operations,Manager,15.5,PhD,126128,5.0,Office,21,No
21609,HR,Intern,13.9,Bachelor,87183,2.6,Hybrid,26,No
21610,IT,Analyst,3.5,PhD,71480,4.6,Remote,24,No
21611,Finance,Analyst,4.0,Diploma,164702,1.9,Office,21,No
21612,Sales,Senior Manager,15.4,Master,133514,4.5,Remote,14,Yes
21613,IT,Intern,7.0,Bachelor,116312,1.7,Remote,38,No
21614,Finance,Intern,5.6,Diploma,113270,2.1,Remote,31,No
21615,HR,Analyst,1.4,Bachelor,126386,1.3,Office,17,Yes
21616,HR,Manager,14.0,Bachelor,127709,3.9,Office,1,No
21617,Operations,Analyst,15.7,Diploma,18551,3.1,Office,24,No
21618,Finance,Intern,12.9,Master,63150,1.0,Office,28,No
21619,Marketing,Analyst,8.9,Master,173709,2.3,Office,10,No
21620,HR,Analyst,12.4,Diploma,124510,3.2,Remote,34,No
21621,Finance,Intern,3.8,Master,170460,1.2,Hybrid,39,Yes
21622,Finance,Executive,4.9,PhD,67581,4.5,Office,35,No
21623,HR,Intern,5.0,Master,106305,4.6,Remote,27,No
21624,IT,Senior Manager,14.0,Master,141521,4.8,Hybrid,32,No
21625,Sales,Analyst,6.3,PhD,119262,2.4,Remote,1,No
21626,IT,Analyst,16.7,PhD,63695,1.5,Hybrid,29,No
21627,HR,Analyst,2.4,Diploma,129336,1.7,Office,30,No
21628,HR,Intern,0.1,Master,21106,4.1,Office,31,No
21629,Operations,Analyst,8.8,Diploma,131483,2.9,Hybrid,23,No
21630,IT,Analyst,18.2,Bachelor,57847,1.4,Hybrid,22,No
21631,IT,Executive,1.6,Master,71121,4.1,Office,20,No
21632,HR,Executive,2.1,Diploma,123454,2.8,Hybrid,0,Yes
21633,Operations,Intern,14.3,Master,152209,4.1,Hybrid,35,Yes
21634,Finance,Manager,16.4,Diploma,37359,3.0,Office,13,No
21635,Marketing,Analyst,5.8,PhD,38017,1.1,Hybrid,29,No
21636,Sales,Analyst,7.6,Master,116780,4.9,Office,22,No
21637,Operations,Senior Manager,18.5,PhD,66660,2.5,Remote,13,No
21638,Operations,Intern,0.8,Bachelor,171012,3.1,Remote,31,No
21639,Finance,Executive,18.9,Diploma,125201,4.9,Office,22,No
21640,IT,Senior Manager,6.2,PhD,98036,2.9,Office,5,Yes
21641,Sales,Intern,12.8,Diploma,19423,3.9,Office,36,No
21642,Marketing,Executive,14.1,PhD,83736,3.3,Hybrid,2,No
21643,Operations,Analyst,0.0,Diploma,117098,2.4,Hybrid,10,Yes
21644,HR,Executive,11.2,Bachelor,152952,1.2,Office,22,No
21645,Sales,Analyst,13.8,PhD,72439,1.7,Hybrid,14,No
21646,Operations,Senior Manager,0.2,Master,170638,1.1,Remote,36,Yes
21647,Sales,Manager,11.6,Diploma,144956,4.0,Hybrid,18,No
21648,Operations,Manager,2.9,PhD,24979,1.6,Hybrid,2,No
21649,Sales,Executive,2.5,Diploma,81025,2.1,Remote,32,Yes
21650,Operations,Senior Manager,18.6,PhD,139774,2.0,Office,33,No
21651,Operations,Senior Manager,8.8,Master,17721,2.6,Hybrid,22,No
21652,Sales,Manager,6.3,Bachelor,109149,1.4,Remote,15,No
21653,Sales,Executive,4.8,PhD,33650,3.6,Remote,5,Yes
21654,Marketing,Senior Manager,3.6,Master,41277,2.6,Office,35,No
21655,IT,Manager,1.1,Bachelor,76340,1.9,Office,31,No
21656,Finance,Manager,14.1,Bachelor,162805,2.4,Office,3,No
21657,Sales,Senior Manager,0.7,Diploma,117059,4.3,Office,4,No
21658,IT,Manager,5.4,Master,98009,3.5,Hybrid,9,No
21659,Marketing,Manager,9.5,Bachelor,115073,3.0,Hybrid,9,No
21660,Marketing,Manager,5.7,Diploma,126566,1.9,Office,29,Yes
21661,Marketing,Senior Manager,5.0,Diploma,178470,4.4,Office,24,Yes
21662,Finance,Executive,2.0,Master,122290,1.2,Office,36,No
21663,Marketing,Manager,18.9,Master,77370,1.3,Remote,15,No
21664,HR,Analyst,6.0,PhD,134330,1.7,Remote,6,No
21665,Sales,Analyst,1.6,PhD,144406,2.0,Office,24,Yes
21666,Marketing,Manager,8.1,Master,83655,2.8,Remote,16,No
21667,HR,Executive,9.2,Master,144023,3.5,Office,26,No
21668,Finance,Senior Manager,15.1,Master,54864,2.1,Hybrid,21,Yes
21669,Finance,Intern,11.0,PhD,156335,2.3,Office,22,No
21670,HR,Senior Manager,13.9,PhD,121920,1.3,Office,10,No
21671,Finance,Senior Manager,5.3,Diploma,54115,2.8,Remote,31,No
21672,Finance,Analyst,18.0,Master,61326,1.3,Hybrid,20,No
21673,HR,Executive,12.9,Bachelor,23267,4.0,Hybrid,34,Yes
21674,Sales,Manager,17.2,PhD,56925,2.2,Office,12,No
21675,Operations,Intern,11.9,Bachelor,148827,4.6,Hybrid,13,No
21676,Finance,Manager,3.5,Bachelor,75049,3.7,Remote,13,Yes
21677,IT,Analyst,12.8,PhD,179544,4.8,Remote,36,No
21678,Marketing,Manager,7.9,Bachelor,179500,2.0,Hybrid,6,No
21679,Finance,Analyst,3.4,PhD,101759,1.9,Hybrid,0,Yes
21680,IT,Intern,14.0,Bachelor,169916,3.1,Remote,2,No
21681,IT,Analyst,6.0,Bachelor,126704,2.9,Hybrid,15,No
21682,Marketing,Analyst,14.0,Bachelor,115063,3.3,Remote,35,Yes
21683,Operations,Executive,7.1,Master,178385,1.1,Office,12,Yes
21684,IT,Manager,7.7,Master,23563,1.7,Office,38,No
21685,IT,Senior Manager,17.8,Master,147978,1.6,Office,31,No
21686,Operations,Manager,18.2,Bachelor,129685,2.8,Hybrid,34,No
21687,Operations,Analyst,17.6,Master,112330,1.4,Hybrid,37,No
21688,Sales,Intern,11.3,PhD,94682,1.4,Hybrid,16,No
21689,Sales,Senior Manager,11.6,Diploma,76375,1.5,Hybrid,18,No
21690,HR,Analyst,11.5,Master,31141,2.7,Office,6,No
21691,Finance,Intern,16.1,PhD,157535,1.5,Remote,11,Yes
21692,Finance,Executive,14.6,Diploma,29341,1.5,Hybrid,28,No
21693,Finance,Senior Manager,15.6,Master,130845,4.8,Office,14,No
21694,Operations,Manager,6.4,Bachelor,124512,1.8,Hybrid,17,No
21695,Sales,Manager,11.2,Diploma,41694,4.6,Office,33,No
21696,Marketing,Executive,13.2,PhD,140257,1.5,Remote,0,No
21697,Finance,Executive,19.5,PhD,165638,1.2,Office,14,Yes
21698,Marketing,Manager,6.4,Diploma,70108,4.6,Office,2,No
21699,IT,Senior Manager,11.2,Diploma,86740,4.1,Remote,9,No
21700,HR,Manager,0.4,PhD,36679,3.3,Office,26,No
21701,Operations,Senior Manager,8.8,PhD,96079,2.4,Remote,6,No
21702,HR,Executive,17.6,Diploma,54266,1.3,Remote,4,Yes
21703,IT,Executive,3.0,Diploma,56815,1.7,Office,28,No
21704,Finance,Executive,7.9,Master,151396,1.4,Remote,38,No
21705,IT,Senior Manager,14.6,Bachelor,27046,1.4,Remote,33,No
21706,Marketing,Manager,12.0,Master,53914,4.0,Hybrid,31,No
21707,Marketing,Executive,1.2,Master,141785,4.0,Hybrid,39,No
21708,IT,Intern,4.4,Diploma,90369,3.5,Hybrid,8,No
21709,Finance,Analyst,11.2,PhD,163567,3.3,Office,38,No
21710,IT,Intern,10.7,Master,164200,2.5,Hybrid,10,No
21711,Finance,Analyst,7.9,Diploma,54424,2.3,Hybrid,12,No
21712,Finance,Executive,10.9,Diploma,164180,1.4,Office,21,No
21713,Finance,Executive,8.6,Master,109112,3.6,Office,7,No
21714,Sales,Senior Manager,10.8,Bachelor,109081,2.5,Office,6,No
21715,HR,Analyst,18.1,Master,53302,4.8,Office,9,No
21716,Finance,Intern,5.4,Diploma,88197,2.5,Remote,10,No
21717,Finance,Executive,17.3,Diploma,139388,5.0,Office,25,No
21718,Marketing,Executive,19.9,PhD,50305,3.2,Hybrid,14,No
21719,HR,Executive,9.3,PhD,149729,2.4,Hybrid,15,Yes
21720,Sales,Executive,8.4,Master,93421,5.0,Hybrid,6,No
21721,Operations,Executive,16.9,Master,111010,4.1,Remote,0,No
21722,HR,Senior Manager,1.5,Master,176322,3.5,Office,18,No
21723,HR,Analyst,18.0,Master,73710,2.8,Hybrid,9,Yes
21724,Finance,Executive,15.2,PhD,70605,3.8,Hybrid,38,No
21725,HR,Executive,14.3,Diploma,81006,1.1,Remote,11,No
21726,Marketing,Senior Manager,18.0,PhD,72185,3.9,Office,29,Yes
21727,HR,Manager,13.0,Diploma,39905,1.1,Hybrid,11,No
21728,IT,Intern,8.8,Bachelor,27363,1.8,Remote,16,No
21729,HR,Executive,14.0,Bachelor,54905,3.8,Office,24,No
21730,Sales,Executive,14.4,Bachelor,158701,2.2,Office,12,Yes
21731,Operations,Intern,12.0,Bachelor,133379,3.3,Office,16,No
21732,Finance,Intern,19.5,Diploma,128691,4.8,Office,30,No
21733,Marketing,Intern,1.1,Diploma,179252,2.6,Office,32,No
21734,Marketing,Executive,9.7,Diploma,163856,3.5,Hybrid,1,No
21735,Sales,Executive,7.5,Master,92145,3.1,Office,4,No
21736,Sales,Intern,6.6,Diploma,176462,2.3,Hybrid,10,No
21737,Sales,Analyst,0.9,Master,168931,1.4,Remote,35,No
21738,IT,Senior Manager,2.9,Master,59173,3.2,Office,18,No
21739,Sales,Senior Manager,15.4,Bachelor,105170,2.4,Remote,16,No
21740,IT,Manager,6.9,Diploma,22299,2.0,Hybrid,15,Yes
21741,Sales,Analyst,3.9,Diploma,159819,1.4,Remote,5,No
21742,IT,Analyst,12.6,Bachelor,114079,4.1,Hybrid,8,No
21743,Marketing,Executive,0.9,Bachelor,68580,1.2,Remote,9,Yes
21744,Marketing,Executive,13.9,Master,119102,3.7,Remote,17,Yes
21745,HR,Analyst,17.2,PhD,22480,2.5,Hybrid,13,No
21746,Operations,Senior Manager,12.8,Bachelor,25615,4.5,Office,4,No
21747,HR,Senior Manager,4.9,Master,24617,1.8,Remote,6,No
21748,Operations,Senior Manager,17.8,Master,146211,2.7,Office,31,No
21749,Operations,Analyst,11.5,Master,97421,2.1,Hybrid,17,No
21750,Finance,Manager,12.8,Diploma,41162,3.8,Office,29,Yes
21751,Finance,Intern,14.1,Bachelor,46060,3.4,Remote,33,No
21752,Sales,Analyst,2.2,Master,129043,2.3,Office,10,No
21753,IT,Senior Manager,1.6,Bachelor,98111,3.9,Remote,39,No
21754,Marketing,Senior Manager,5.7,Master,165102,1.8,Office,11,Yes
21755,Operations,Intern,10.9,Bachelor,126107,1.3,Hybrid,15,No
21756,IT,Senior Manager,4.1,Bachelor,15502,3.3,Remote,16,No
21757,Operations,Senior Manager,13.9,Bachelor,97647,2.1,Remote,21,No
21758,Marketing,Analyst,13.7,Bachelor,87699,4.4,Remote,7,No
21759,Finance,Intern,3.1,Bachelor,172656,2.8,Office,8,No
21760,HR,Intern,16.1,Diploma,103838,3.4,Office,19,No
21761,Finance,Executive,4.7,Bachelor,69748,4.8,Office,5,No
21762,IT,Intern,2.1,PhD,133169,4.3,Office,38,No
21763,Operations,Senior Manager,7.1,Diploma,53565,2.1,Hybrid,20,No
21764,IT,Executive,0.5,PhD,164724,2.7,Remote,8,No
21765,HR,Intern,5.4,Bachelor,29592,2.6,Remote,1,No
21766,IT,Intern,4.8,PhD,21257,3.9,Office,15,No
21767,Sales,Executive,4.6,Diploma,20351,4.8,Hybrid,23,No
21768,Operations,Senior Manager,6.4,Bachelor,66587,3.2,Remote,24,No
21769,IT,Intern,7.8,Diploma,83788,3.0,Remote,31,No
21770,IT,Manager,3.9,Master,154711,2.4,Remote,22,No
21771,Finance,Executive,15.9,Diploma,39879,4.3,Remote,17,No
21772,Operations,Manager,18.9,PhD,101678,4.4,Hybrid,14,No
21773,IT,Senior Manager,0.3,Bachelor,132558,2.3,Office,30,No
21774,HR,Manager,1.3,Diploma,43905,1.3,Office,20,No
21775,HR,Analyst,8.0,Diploma,155072,4.9,Remote,18,No
21776,Sales,Manager,7.1,Diploma,57668,1.9,Hybrid,29,No
21777,IT,Senior Manager,14.8,Master,123916,4.9,Hybrid,7,Yes
21778,Finance,Manager,6.9,Diploma,48060,2.3,Hybrid,33,No
21779,Finance,Senior Manager,19.9,Diploma,136006,2.8,Remote,34,No
21780,IT,Executive,7.7,Bachelor,141440,2.5,Hybrid,0,Yes
21781,Finance,Intern,5.5,PhD,98984,5.0,Office,9,No
21782,HR,Senior Manager,11.5,Bachelor,160447,1.0,Remote,17,No
21783,Operations,Intern,8.8,Bachelor,118816,3.5,Office,33,Yes
21784,Finance,Executive,5.7,Diploma,152236,1.4,Office,22,No
21785,Finance,Executive,3.8,Diploma,63676,2.6,Hybrid,31,Yes
21786,Sales,Manager,17.9,Diploma,152004,2.0,Remote,23,No
21787,Sales,Manager,18.8,Diploma,121608,2.9,Office,31,No
21788,Marketing,Analyst,9.2,Bachelor,87768,2.2,Office,26,Yes
21789,HR,Senior Manager,15.0,PhD,144195,3.3,Remote,28,No
21790,HR,Analyst,16.0,Master,43753,4.4,Remote,19,Yes
21791,Operations,Analyst,13.0,Master,178959,2.5,Remote,0,No
21792,Finance,Intern,5.9,PhD,68908,5.0,Hybrid,31,Yes
21793,Operations,Analyst,14.4,PhD,48518,1.9,Office,0,No
21794,HR,Intern,18.6,PhD,107766,3.1,Remote,33,Yes
21795,HR,Executive,13.3,PhD,96006,3.5,Remote,21,No
21796,Operations,Executive,9.7,Master,93735,1.8,Office,13,No
21797,Operations,Intern,6.0,Bachelor,170263,3.3,Office,21,No
21798,Finance,Manager,7.7,Diploma,46612,3.0,Office,5,No
21799,Operations,Analyst,12.1,Bachelor,50113,3.8,Office,21,Yes
21800,Marketing,Intern,0.8,Master,76431,4.3,Hybrid,38,Yes
21801,Operations,Intern,7.1,PhD,62021,4.4,Hybrid,36,Yes
21802,Finance,Senior Manager,4.9,PhD,80748,4.0,Hybrid,30,No
21803,Sales,Senior Manager,14.4,PhD,156093,1.1,Office,4,No
21804,Operations,Analyst,0.5,PhD,164077,3.8,Office,20,No
21805,Sales,Senior Manager,10.8,PhD,69780,4.4,Remote,18,No
21806,Operations,Senior Manager,9.7,Master,83458,4.5,Remote,34,No
21807,Finance,Executive,15.7,PhD,35441,1.7,Hybrid,9,No
21808,Operations,Senior Manager,0.0,PhD,169886,3.3,Remote,34,Yes
21809,IT,Analyst,16.2,PhD,17178,4.9,Hybrid,1,No
21810,IT,Senior Manager,16.8,Master,87081,4.3,Hybrid,10,No
21811,Sales,Senior Manager,9.1,Diploma,33014,4.3,Hybrid,34,No
21812,Marketing,Manager,8.9,Bachelor,78550,4.1,Office,8,No
21813,Marketing,Manager,12.1,PhD,71209,4.1,Office,38,No
21814,Operations,Analyst,17.7,Master,88358,4.8,Office,26,No
21815,HR,Analyst,6.2,Diploma,138942,2.5,Remote,38,No
21816,IT,Senior Manager,8.9,Master,108462,1.4,Remote,10,No
21817,IT,Manager,0.7,Diploma,142196,1.0,Office,26,No
21818,Finance,Executive,13.8,Bachelor,152965,1.5,Hybrid,39,No
21819,IT,Executive,3.3,PhD,58260,4.1,Remote,35,No
21820,HR,Executive,17.3,Bachelor,110462,5.0,Hybrid,1,Yes
21821,IT,Executive,18.4,Diploma,157070,2.3,Office,5,No
21822,Sales,Executive,13.4,Diploma,88931,1.3,Remote,2,No
21823,Operations,Intern,1.0,PhD,177803,1.7,Remote,31,Yes
21824,Marketing,Manager,5.3,Master,20143,3.3,Remote,37,No
21825,Marketing,Analyst,13.7,Bachelor,70819,2.0,Office,30,No
21826,Sales,Analyst,5.3,PhD,26598,2.9,Hybrid,25,Yes
21827,Sales,Senior Manager,11.2,Master,159532,3.2,Office,18,No
21828,Marketing,Senior Manager,6.4,Bachelor,177289,4.5,Hybrid,4,Yes
21829,HR,Executive,2.3,Diploma,22245,1.4,Office,28,No
21830,IT,Intern,6.6,Bachelor,79344,3.9,Remote,2,No
21831,Sales,Analyst,15.6,Bachelor,65333,4.4,Remote,21,No
21832,Finance,Analyst,18.9,Diploma,91081,4.7,Remote,39,No
21833,Sales,Analyst,6.3,Master,75321,2.3,Remote,14,No
21834,IT,Intern,19.7,Diploma,82921,3.1,Office,26,Yes
21835,IT,Analyst,13.4,Diploma,85273,1.9,Office,25,No
21836,Finance,Executive,4.6,Master,16747,1.4,Remote,32,No
21837,Marketing,Executive,16.7,PhD,158254,1.0,Hybrid,10,No
21838,HR,Intern,9.8,Bachelor,34811,3.5,Remote,20,Yes
21839,Finance,Manager,1.9,Bachelor,34938,1.8,Hybrid,5,No
21840,Finance,Analyst,0.0,Diploma,104038,2.4,Hybrid,38,No
21841,HR,Intern,0.8,Diploma,137648,3.3,Hybrid,27,No
21842,Sales,Executive,4.4,Diploma,120199,4.0,Remote,24,No
21843,Marketing,Analyst,15.0,Diploma,37895,1.2,Office,17,No
21844,Marketing,Executive,5.3,Master,66600,3.6,Office,9,No
21845,Sales,Executive,6.7,Master,166800,3.0,Remote,14,No
21846,IT,Intern,15.5,Bachelor,157093,3.6,Hybrid,35,No
21847,Finance,Manager,1.0,Master,148110,4.5,Office,3,No
21848,Sales,Manager,9.3,Master,144525,4.8,Remote,1,No
21849,Marketing,Senior Manager,1.5,Bachelor,177773,3.7,Hybrid,23,No
21850,HR,Analyst,8.9,Diploma,170259,2.2,Remote,38,No
21851,Sales,Senior Manager,6.0,Diploma,142943,4.3,Office,15,No
21852,IT,Manager,1.5,Bachelor,81586,1.2,Office,11,Yes
21853,Sales,Intern,15.9,Diploma,41075,2.4,Remote,23,No
21854,Marketing,Executive,14.7,Master,114190,3.5,Office,13,No
21855,Sales,Senior Manager,7.6,Bachelor,156801,3.0,Office,36,No
21856,Sales,Executive,16.6,PhD,89400,4.1,Office,27,Yes
21857,Finance,Manager,8.8,Master,76055,2.5,Remote,5,No
21858,IT,Intern,2.7,Bachelor,25587,4.0,Remote,24,No
21859,IT,Intern,16.8,Bachelor,82842,2.3,Office,31,No
21860,Marketing,Manager,0.2,Bachelor,167735,3.7,Hybrid,19,No
21861,HR,Analyst,9.2,Master,128345,2.5,Hybrid,35,Yes
21862,Finance,Manager,1.8,Master,37196,1.7,Office,19,No
21863,HR,Executive,4.1,Master,139473,2.0,Remote,28,No
21864,Marketing,Intern,16.9,Bachelor,23200,2.5,Remote,14,No
21865,Finance,Analyst,1.8,PhD,126052,1.9,Remote,21,No
21866,Sales,Manager,14.4,Diploma,129538,2.2,Office,38,No
21867,Operations,Intern,16.9,Bachelor,28609,2.2,Hybrid,8,No
21868,IT,Senior Manager,13.6,Master,51728,1.7,Office,26,No
21869,Operations,Senior Manager,1.8,Bachelor,105951,4.3,Office,24,No
21870,Operations,Executive,15.8,Bachelor,63744,2.3,Hybrid,1,No
21871,Sales,Senior Manager,15.6,Master,158269,1.4,Hybrid,24,No
21872,Marketing,Senior Manager,18.3,PhD,116260,4.2,Hybrid,31,No
21873,Sales,Executive,8.7,Master,107157,3.8,Remote,12,No
21874,HR,Manager,9.9,Master,168698,1.9,Office,12,No
21875,Finance,Manager,13.7,Bachelor,55091,4.1,Remote,22,No
21876,Finance,Analyst,4.7,Master,109086,3.9,Office,17,Yes
21877,Operations,Analyst,2.1,Master,149426,1.2,Hybrid,8,No
21878,Marketing,Analyst,3.7,Diploma,118358,2.9,Office,34,No
21879,IT,Analyst,11.2,Diploma,43739,3.7,Remote,11,No
21880,Finance,Intern,1.9,Master,171604,2.2,Remote,17,No
21881,Finance,Executive,3.7,Bachelor,133859,1.1,Office,36,No
21882,Operations,Analyst,8.6,Master,129015,3.2,Remote,38,No
21883,HR,Analyst,16.8,PhD,72938,3.4,Office,3,No
21884,HR,Analyst,13.9,Bachelor,67935,2.0,Hybrid,36,No
21885,Sales,Senior Manager,9.2,Bachelor,105938,3.5,Office,33,No
21886,Finance,Intern,1.8,PhD,100867,4.7,Hybrid,4,No
21887,Operations,Manager,4.4,Bachelor,28702,3.5,Office,33,No
21888,HR,Intern,17.6,Diploma,61828,1.9,Office,37,No
21889,Operations,Analyst,17.9,Bachelor,179772,2.1,Office,8,No
21890,Marketing,Intern,4.7,Master,41982,3.4,Remote,19,No
21891,IT,Manager,3.1,Master,124467,4.2,Hybrid,15,No
21892,HR,Executive,17.1,Bachelor,141491,3.8,Remote,18,No
21893,HR,Analyst,13.7,PhD,41231,1.5,Office,2,Yes
21894,IT,Senior Manager,0.9,PhD,93091,3.0,Hybrid,6,No
21895,Operations,Executive,14.4,Diploma,172938,2.6,Office,24,No
21896,Operations,Executive,12.0,Diploma,30295,3.6,Office,20,No
21897,HR,Senior Manager,19.4,Master,51551,4.3,Remote,37,Yes
21898,HR,Executive,1.3,Bachelor,89979,3.7,Remote,18,No
21899,Operations,Intern,2.7,PhD,159388,2.6,Office,24,No
21900,Finance,Senior Manager,6.4,Master,151914,3.1,Remote,5,No
21901,HR,Intern,9.1,Master,82159,2.1,Office,10,Yes
21902,Operations,Manager,18.8,PhD,134869,1.4,Office,12,No
21903,Finance,Manager,5.0,Master,21271,4.0,Office,6,No
21904,IT,Analyst,0.7,Master,68481,2.3,Remote,39,No
21905,Finance,Senior Manager,13.2,Bachelor,33596,4.1,Office,38,No
21906,Operations,Manager,10.9,Bachelor,92829,2.8,Hybrid,17,No
21907,Sales,Manager,1.4,Master,102730,2.7,Hybrid,14,No
21908,HR,Intern,12.9,PhD,173910,3.0,Remote,25,No
21909,HR,Manager,7.7,Diploma,44556,3.5,Hybrid,24,No
21910,Operations,Executive,17.3,Master,166977,2.5,Hybrid,14,No
21911,Marketing,Manager,4.9,Master,120845,3.3,Remote,30,No
21912,Finance,Senior Manager,7.7,Diploma,57534,2.4,Hybrid,18,Yes
21913,HR,Analyst,16.6,PhD,57680,4.0,Hybrid,39,No
21914,IT,Executive,1.2,Bachelor,23690,3.4,Hybrid,39,No
21915,Finance,Manager,5.0,Diploma,131490,2.6,Hybrid,39,No
21916,HR,Senior Manager,13.8,Master,96151,4.6,Office,15,No
21917,Operations,Executive,3.6,Bachelor,36400,3.7,Hybrid,18,Yes
21918,IT,Analyst,16.5,Diploma,154845,4.7,Remote,24,No
21919,IT,Intern,13.2,Master,171085,1.9,Hybrid,13,No
21920,Marketing,Manager,9.6,Master,52800,3.5,Remote,7,No
21921,Sales,Intern,19.2,PhD,60270,1.5,Hybrid,23,No
21922,IT,Manager,0.3,Master,61557,4.8,Hybrid,34,No
21923,Operations,Intern,9.9,Master,147792,3.6,Remote,17,No
21924,Marketing,Intern,19.0,Master,150138,3.1,Office,9,Yes
21925,HR,Intern,8.5,Diploma,42651,1.8,Hybrid,22,No
21926,Sales,Intern,9.3,Bachelor,89630,4.6,Remote,20,No
21927,IT,Intern,4.0,Master,157704,4.2,Remote,21,Yes
21928,HR,Intern,12.8,Master,61203,3.5,Office,5,No
21929,Marketing,Analyst,2.5,Master,87791,4.8,Remote,1,No
21930,Marketing,Manager,5.6,Master,166422,1.1,Office,25,No
21931,IT,Manager,16.1,Master,62912,2.1,Hybrid,23,No
21932,Finance,Executive,4.4,Master,103297,2.2,Office,25,No
21933,HR,Executive,4.4,Diploma,18799,3.4,Remote,28,No
21934,Operations,Executive,1.4,PhD,33556,4.7,Remote,15,No
21935,Operations,Analyst,18.5,Master,108425,1.0,Remote,23,No
21936,Finance,Executive,10.1,Master,82147,3.4,Office,29,No
21937,Finance,Intern,7.2,Bachelor,88790,4.8,Hybrid,15,No
21938,IT,Intern,0.4,PhD,43242,2.0,Hybrid,36,No
21939,IT,Senior Manager,5.4,Bachelor,34708,4.7,Remote,4,Yes
21940,Marketing,Intern,14.3,PhD,137099,5.0,Remote,14,No
21941,Operations,Senior Manager,14.8,PhD,76974,2.6,Remote,2,No
21942,Operations,Manager,5.6,Bachelor,34830,2.2,Remote,1,No
21943,Finance,Senior Manager,8.4,PhD,105985,4.4,Office,21,No
21944,Sales,Intern,18.7,PhD,163122,3.4,Office,30,No
21945,Operations,Senior Manager,17.5,Master,81241,4.8,Hybrid,35,No
21946,Sales,Intern,5.7,Diploma,149644,3.3,Office,9,No
21947,Operations,Analyst,2.7,Bachelor,16208,4.8,Hybrid,35,Yes
21948,Marketing,Manager,14.3,Master,132957,2.0,Remote,27,No
21949,Finance,Executive,15.4,Diploma,176967,1.7,Office,20,No
21950,Finance,Analyst,11.1,Diploma,166244,5.0,Office,22,No
21951,Operations,Senior Manager,0.5,Bachelor,108418,1.6,Hybrid,34,No
21952,Finance,Senior Manager,14.3,Bachelor,34098,3.9,Hybrid,3,No
21953,Marketing,Senior Manager,5.3,Diploma,162050,4.9,Hybrid,18,No
21954,Sales,Manager,9.3,Master,61151,1.2,Hybrid,36,No
21955,Operations,Intern,9.9,Diploma,71688,3.7,Remote,36,No
21956,Sales,Manager,9.9,Master,63861,2.1,Remote,18,No
21957,Sales,Senior Manager,17.7,PhD,83737,2.0,Office,32,No
21958,Operations,Senior Manager,18.8,Diploma,142033,2.3,Hybrid,23,No
21959,Operations,Manager,17.6,Master,99719,2.3,Office,20,Yes
21960,Finance,Intern,19.4,PhD,22329,2.9,Office,23,No
21961,HR,Intern,3.6,Diploma,137472,2.2,Office,18,Yes
21962,HR,Executive,10.8,Bachelor,83409,2.3,Remote,31,No
21963,Finance,Intern,18.1,Bachelor,178029,2.7,Office,20,No
21964,Sales,Senior Manager,13.0,PhD,75718,4.3,Remote,15,Yes
21965,HR,Analyst,17.1,Bachelor,87080,4.7,Office,9,No
21966,HR,Senior Manager,10.4,Bachelor,132432,3.7,Hybrid,32,No
21967,IT,Executive,3.5,Master,67879,1.1,Office,11,No
21968,Marketing,Intern,10.8,Diploma,59897,4.5,Remote,16,No
21969,Sales,Executive,3.2,PhD,56181,4.0,Remote,0,No
21970,IT,Intern,19.5,Bachelor,169699,3.4,Office,0,No
21971,HR,Analyst,12.5,PhD,162726,4.2,Office,20,No
21972,HR,Manager,14.5,Diploma,156809,1.4,Hybrid,24,No
21973,Finance,Senior Manager,13.0,PhD,127990,4.4,Office,30,Yes
21974,IT,Analyst,7.4,PhD,154255,4.7,Remote,3,No
21975,Marketing,Executive,9.7,Bachelor,84586,1.4,Remote,34,No
21976,Operations,Manager,11.8,PhD,88539,5.0,Office,30,No
21977,IT,Executive,17.0,Bachelor,148234,4.7,Remote,17,No
21978,IT,Executive,0.2,Bachelor,120632,3.2,Hybrid,19,No
21979,IT,Intern,13.0,Bachelor,26873,2.1,Hybrid,29,No
21980,Marketing,Analyst,18.1,Diploma,70058,1.8,Hybrid,19,No
21981,HR,Manager,13.6,Master,56919,1.3,Hybrid,32,No
21982,Operations,Intern,13.0,PhD,25634,3.5,Remote,38,No
21983,Finance,Intern,3.2,Master,91765,1.2,Remote,21,No
21984,HR,Analyst,19.9,Master,101093,3.3,Hybrid,19,No
21985,Finance,Intern,5.6,Bachelor,40511,1.4,Hybrid,36,Yes
21986,Operations,Analyst,6.6,Diploma,27689,4.2,Office,18,No
21987,Sales,Intern,11.6,Bachelor,102907,2.8,Hybrid,26,No
21988,Finance,Intern,15.5,Master,104323,4.9,Hybrid,3,Yes
21989,IT,Executive,11.7,Bachelor,144003,2.8,Remote,22,Yes
21990,Sales,Executive,3.3,PhD,75923,1.2,Hybrid,37,No
21991,Operations,Analyst,9.7,Master,16710,4.7,Hybrid,7,No
21992,HR,Senior Manager,8.8,Diploma,81505,2.4,Office,20,No
21993,IT,Analyst,1.2,Bachelor,16162,2.0,Office,32,No
21994,Operations,Manager,15.2,Diploma,174567,3.7,Hybrid,29,No
21995,IT,Analyst,4.0,Bachelor,68063,2.8,Office,30,Yes
21996,Marketing,Senior Manager,13.1,Diploma,94921,4.4,Remote,37,No
21997,Sales,Senior Manager,11.6,Bachelor,106302,4.2,Hybrid,25,No
21998,Operations,Executive,0.9,PhD,42252,1.6,Office,31,No
21999,Finance,Analyst,15.9,Bachelor,169936,2.1,Hybrid,20,Yes
22000,Operations,Intern,8.3,Master,24904,4.3,Office,37,No
22001,HR,Senior Manager,5.6,PhD,104619,1.7,Hybrid,19,No
22002,Sales,Analyst,11.3,Bachelor,122102,2.8,Hybrid,11,Yes
22003,HR,Analyst,2.0,Diploma,176807,3.7,Hybrid,20,No
22004,Operations,Manager,5.2,Bachelor,16995,4.6,Office,9,No
22005,HR,Executive,16.6,PhD,124103,1.7,Office,14,No
22006,Marketing,Intern,0.2,PhD,31824,4.4,Office,30,No
22007,IT,Senior Manager,5.0,PhD,86662,4.8,Hybrid,24,No
22008,IT,Analyst,17.5,Diploma,127949,1.6,Remote,15,Yes
22009,Marketing,Intern,14.6,Diploma,20733,2.1,Office,36,No
22010,HR,Senior Manager,13.9,Diploma,27672,3.1,Remote,20,No
22011,IT,Analyst,18.7,PhD,122395,3.8,Office,32,No
22012,Marketing,Executive,0.6,PhD,142705,3.0,Office,25,No
22013,Sales,Analyst,19.7,Diploma,108980,3.7,Hybrid,4,No
22014,Finance,Senior Manager,13.0,Bachelor,19702,1.6,Remote,30,No
22015,Operations,Senior Manager,13.3,Bachelor,120148,3.0,Hybrid,31,No
22016,HR,Executive,18.1,Master,165672,2.8,Remote,26,No
22017,Operations,Intern,8.4,Master,97478,3.7,Office,26,No
22018,HR,Analyst,1.5,Bachelor,47360,1.6,Office,25,No
22019,IT,Intern,0.7,Master,67380,2.6,Hybrid,5,No
22020,Marketing,Analyst,15.5,PhD,153317,2.3,Remote,28,No
22021,Finance,Intern,9.8,Bachelor,35624,3.0,Remote,39,No
22022,Finance,Senior Manager,14.9,Bachelor,39363,1.3,Remote,33,Yes
22023,Finance,Manager,19.6,Diploma,102737,1.7,Office,21,No
22024,IT,Manager,2.0,Master,169766,4.2,Hybrid,10,No
22025,Sales,Senior Manager,5.0,Master,86612,1.8,Remote,34,Yes
22026,Finance,Manager,6.3,Bachelor,71673,1.5,Hybrid,27,No
22027,Sales,Intern,1.8,Master,74086,2.6,Office,28,No
22028,Marketing,Manager,0.2,PhD,179118,4.3,Office,17,No
22029,IT,Analyst,13.8,Master,147326,1.6,Remote,10,No
22030,IT,Senior Manager,0.3,PhD,93067,1.0,Office,19,No
22031,Sales,Intern,15.8,Diploma,65729,4.1,Hybrid,29,No
22032,Sales,Executive,1.5,Diploma,170028,1.0,Hybrid,17,No
22033,IT,Executive,3.0,Diploma,17857,2.5,Remote,35,No
22034,Marketing,Intern,16.2,Master,65058,4.6,Remote,18,Yes
22035,HR,Analyst,18.1,Master,71460,1.3,Remote,17,No
22036,HR,Intern,18.7,Bachelor,175874,2.4,Office,17,No
22037,Operations,Intern,18.9,Master,57258,1.5,Hybrid,4,Yes
22038,Finance,Intern,18.0,Bachelor,25910,3.1,Remote,37,No
22039,Sales,Analyst,8.7,Master,59859,2.4,Hybrid,36,No
22040,Finance,Executive,13.2,PhD,57653,1.3,Hybrid,0,No
22041,Finance,Analyst,15.8,Master,44402,4.6,Office,19,Yes
22042,HR,Analyst,13.4,Diploma,110562,2.8,Remote,38,No
22043,Sales,Manager,3.2,Bachelor,101870,4.7,Hybrid,35,No
22044,Marketing,Intern,2.7,Diploma,28825,2.5,Hybrid,31,No
22045,Sales,Senior Manager,0.8,Bachelor,148953,4.9,Office,22,No
22046,Operations,Manager,3.6,Master,63069,4.7,Remote,2,No
22047,HR,Senior Manager,5.9,Bachelor,75629,5.0,Remote,23,Yes
22048,HR,Manager,2.7,Bachelor,57688,2.5,Remote,6,Yes
22049,IT,Intern,6.9,Bachelor,113558,3.1,Office,37,No
22050,Finance,Intern,3.9,Bachelor,41507,4.0,Hybrid,13,Yes
22051,Finance,Analyst,11.5,Master,160347,1.7,Remote,17,Yes
22052,Marketing,Analyst,4.5,PhD,171708,2.0,Hybrid,26,No
22053,IT,Senior Manager,16.2,PhD,155708,1.3,Office,13,No
22054,Sales,Senior Manager,18.2,Master,146773,1.7,Hybrid,30,No
22055,Sales,Manager,9.4,Bachelor,77785,3.9,Hybrid,8,No
22056,IT,Analyst,1.5,Master,133300,1.1,Remote,20,No
22057,Sales,Manager,13.8,Bachelor,69402,4.5,Hybrid,12,No
22058,IT,Manager,12.5,Diploma,148899,1.3,Hybrid,12,No
22059,Sales,Intern,4.0,Bachelor,143142,2.8,Hybrid,28,Yes
22060,IT,Intern,15.9,Diploma,78291,3.2,Hybrid,28,No
22061,Finance,Intern,3.9,Diploma,153534,1.7,Office,23,No
22062,IT,Intern,5.1,Bachelor,167889,4.5,Remote,12,No
22063,Finance,Senior Manager,14.3,PhD,86717,3.3,Hybrid,25,No
22064,IT,Executive,10.9,Master,19699,4.1,Office,21,No
22065,Marketing,Senior Manager,9.6,Bachelor,95466,1.4,Remote,18,No
22066,Finance,Senior Manager,16.9,Master,15986,2.9,Remote,39,No
22067,Operations,Manager,18.6,Bachelor,17978,2.6,Hybrid,37,No
22068,HR,Analyst,6.0,Bachelor,122513,1.5,Remote,27,No
22069,Finance,Senior Manager,14.1,Bachelor,124940,3.8,Office,30,No
22070,IT,Intern,12.5,Diploma,125722,2.4,Office,34,No
22071,HR,Intern,16.3,Diploma,151993,3.7,Office,1,No
22072,Marketing,Intern,14.6,Diploma,64443,2.5,Remote,14,No
22073,Marketing,Executive,5.7,Master,152473,4.2,Remote,22,Yes
22074,HR,Manager,7.2,Diploma,52231,2.7,Remote,35,No
22075,IT,Analyst,16.4,Bachelor,126724,1.4,Hybrid,23,No
22076,Sales,Senior Manager,2.1,Master,63173,3.7,Remote,26,No
22077,Operations,Analyst,6.1,Master,177601,4.3,Hybrid,20,No
22078,IT,Intern,5.3,PhD,152233,4.3,Hybrid,6,No
22079,Operations,Manager,18.8,Bachelor,28495,2.4,Remote,37,Yes
22080,Finance,Manager,1.9,Master,52396,3.5,Office,29,No
22081,HR,Analyst,11.7,Bachelor,142344,4.2,Remote,18,No
22082,Operations,Manager,14.7,Bachelor,40916,3.1,Remote,31,No
22083,IT,Manager,8.6,Diploma,122596,1.0,Office,22,No
22084,Finance,Executive,1.5,Master,114420,2.0,Hybrid,3,No
22085,Finance,Manager,17.7,Bachelor,131909,2.5,Remote,39,No
22086,Operations,Analyst,19.6,PhD,141042,3.6,Remote,14,No
22087,IT,Executive,1.9,PhD,135589,3.9,Hybrid,5,No
22088,Operations,Manager,18.9,Master,150377,3.7,Hybrid,4,No
22089,IT,Executive,4.3,PhD,92278,1.5,Remote,4,No
22090,Finance,Senior Manager,8.4,Master,142873,4.6,Remote,29,No
22091,HR,Manager,15.7,PhD,49864,3.6,Remote,14,No
22092,Operations,Manager,19.4,PhD,145560,3.8,Office,12,No
22093,HR,Executive,4.4,PhD,65150,1.3,Office,20,No
22094,Finance,Manager,18.6,PhD,142809,3.0,Hybrid,12,Yes
22095,Sales,Manager,1.6,PhD,129429,2.0,Office,25,No
22096,Sales,Analyst,12.4,PhD,57557,2.8,Office,38,No
22097,Marketing,Intern,18.6,Bachelor,114099,3.3,Office,14,No
22098,IT,Analyst,10.7,Diploma,156766,4.4,Remote,27,No
22099,IT,Intern,10.8,Diploma,169037,3.8,Office,12,No
22100,Sales,Analyst,9.1,PhD,139060,3.2,Hybrid,22,Yes
22101,IT,Intern,10.4,Master,162811,1.8,Remote,25,No
22102,Marketing,Senior Manager,5.3,Master,45066,4.0,Office,24,No
22103,Finance,Senior Manager,5.5,Diploma,179100,2.3,Remote,23,No
22104,Marketing,Manager,15.0,Diploma,49441,2.1,Office,22,No
22105,Operations,Executive,5.2,Bachelor,165654,1.7,Hybrid,22,No
22106,IT,Intern,4.2,Diploma,35453,4.4,Office,36,No
22107,HR,Analyst,11.0,Bachelor,16457,1.4,Hybrid,37,No
22108,HR,Analyst,10.7,PhD,58255,3.7,Hybrid,25,Yes
22109,Operations,Analyst,0.8,Master,149340,4.9,Hybrid,23,No
22110,Operations,Executive,14.1,PhD,134552,1.9,Remote,10,No
22111,IT,Manager,2.5,Diploma,23222,2.5,Remote,33,Yes
22112,HR,Analyst,15.0,Master,114620,3.2,Hybrid,24,Yes
22113,Sales,Analyst,9.6,Master,99619,3.4,Office,2,No
22114,Finance,Analyst,5.0,Bachelor,131331,2.8,Office,28,Yes
22115,Finance,Analyst,6.9,Master,146777,4.0,Remote,0,No
22116,HR,Manager,10.3,Diploma,108550,3.9,Remote,21,No
22117,HR,Intern,8.1,Bachelor,116113,4.5,Hybrid,3,No
22118,Finance,Manager,12.6,PhD,44760,3.9,Hybrid,22,No
22119,IT,Intern,0.5,Master,148342,1.6,Remote,26,Yes
22120,Finance,Analyst,8.7,Master,152162,2.1,Office,8,No
22121,Marketing,Manager,6.6,Bachelor,157244,2.5,Hybrid,13,Yes
22122,Marketing,Analyst,14.7,Bachelor,18152,3.7,Remote,10,Yes
22123,IT,Executive,12.6,Bachelor,54652,2.6,Remote,22,Yes
22124,IT,Executive,2.2,Master,19245,3.2,Remote,21,Yes
22125,HR,Manager,1.8,Bachelor,120413,1.8,Remote,9,No
22126,Sales,Manager,11.7,Diploma,61802,1.5,Office,31,No
22127,Operations,Executive,18.7,Diploma,111663,2.0,Remote,17,No
22128,IT,Senior Manager,13.6,Diploma,19797,2.3,Remote,23,No
22129,HR,Executive,13.3,Bachelor,15986,4.6,Remote,33,No
22130,IT,Manager,9.7,Bachelor,113177,3.4,Office,2,No
22131,Marketing,Intern,4.4,PhD,25088,4.5,Hybrid,15,No
22132,Marketing,Intern,2.3,Diploma,151912,4.8,Office,38,No
22133,Marketing,Executive,3.7,Master,77378,4.8,Office,0,No
22134,Finance,Manager,19.7,Diploma,27098,1.8,Office,27,No
22135,Operations,Manager,15.5,Diploma,39362,3.8,Remote,10,Yes
22136,HR,Intern,1.5,Diploma,153796,1.6,Hybrid,5,No
22137,HR,Intern,5.8,PhD,68454,1.2,Remote,3,No
22138,Marketing,Intern,14.7,Bachelor,149724,1.4,Remote,39,No
22139,Operations,Senior Manager,5.9,Diploma,63194,2.5,Remote,16,No
22140,IT,Manager,3.4,Master,110394,1.6,Remote,17,No
22141,Finance,Senior Manager,18.4,Bachelor,161618,3.8,Remote,6,No
22142,Finance,Analyst,11.6,Bachelor,144065,3.0,Hybrid,16,No
22143,Marketing,Executive,0.3,Master,28301,1.9,Office,28,No
22144,HR,Intern,2.2,PhD,109737,4.0,Hybrid,29,No
22145,Marketing,Manager,8.4,Bachelor,173981,1.9,Office,18,Yes
22146,Operations,Analyst,13.6,Diploma,146350,3.4,Hybrid,1,No
22147,Operations,Senior Manager,16.2,Master,158560,4.1,Remote,17,No
22148,Finance,Manager,5.2,Master,120592,2.6,Remote,10,No
22149,Marketing,Intern,16.5,Master,160764,4.5,Office,14,No
22150,Operations,Executive,3.8,Bachelor,138640,3.6,Office,28,Yes
22151,Sales,Analyst,3.0,PhD,28235,4.3,Office,1,No
22152,Finance,Executive,16.3,Bachelor,66286,1.4,Hybrid,32,No
22153,Sales,Executive,5.2,PhD,171560,2.2,Remote,0,No
22154,HR,Executive,11.5,PhD,46361,3.1,Hybrid,25,No
22155,Operations,Intern,14.9,Diploma,38507,4.3,Office,10,No
22156,Marketing,Senior Manager,4.3,Master,175943,2.9,Remote,30,No
22157,Finance,Analyst,10.4,Diploma,76132,4.7,Office,19,No
22158,Operations,Senior Manager,19.9,Diploma,73641,2.5,Remote,24,No
22159,Sales,Senior Manager,0.3,Diploma,32888,1.7,Office,32,No
22160,Sales,Intern,4.3,Master,173766,4.4,Hybrid,7,No
22161,Marketing,Intern,18.2,Diploma,96501,3.4,Remote,20,No
22162,IT,Manager,13.6,PhD,32529,2.7,Remote,17,No
22163,Sales,Senior Manager,13.9,Diploma,67323,4.6,Office,28,No
22164,HR,Analyst,8.0,Master,25465,1.7,Office,25,No
22165,Finance,Senior Manager,4.7,Bachelor,25008,4.3,Remote,30,No
22166,IT,Executive,2.9,Master,36101,2.3,Remote,37,No
22167,Operations,Intern,6.3,Bachelor,165284,3.7,Office,5,No
22168,Sales,Executive,12.6,Master,105092,1.9,Remote,29,No
22169,Sales,Senior Manager,19.6,PhD,115493,3.3,Hybrid,10,No
22170,HR,Executive,15.1,Master,89858,2.0,Remote,15,No
22171,Finance,Senior Manager,13.5,PhD,52033,4.8,Hybrid,31,No
22172,Sales,Intern,0.6,Diploma,15129,1.7,Remote,15,No
22173,Finance,Executive,19.2,Bachelor,49942,1.8,Office,7,No
22174,Finance,Executive,15.0,PhD,44399,2.2,Remote,34,No
22175,Operations,Analyst,9.0,Bachelor,39690,4.9,Remote,8,No
22176,Finance,Analyst,6.4,PhD,100494,3.0,Office,13,No
22177,Marketing,Analyst,3.7,PhD,164685,3.1,Remote,20,No
22178,Marketing,Analyst,14.8,Master,32580,3.9,Office,13,No
22179,IT,Manager,2.2,PhD,95644,2.0,Remote,22,No
22180,IT,Senior Manager,11.5,Bachelor,109434,3.8,Office,8,Yes
22181,HR,Executive,9.3,Bachelor,95905,4.7,Office,14,No
22182,Sales,Intern,8.2,Master,67894,2.6,Office,31,No
22183,Marketing,Analyst,4.0,Diploma,25389,4.6,Remote,3,Yes
22184,Marketing,Executive,12.4,Diploma,146207,1.2,Remote,18,No
22185,IT,Senior Manager,19.3,Diploma,60147,3.7,Office,19,No
22186,Sales,Executive,8.1,Diploma,137952,3.8,Remote,28,Yes
22187,Marketing,Manager,16.2,PhD,61130,1.2,Remote,29,No
22188,Sales,Intern,15.3,Master,54651,1.2,Office,15,No
22189,Sales,Executive,6.4,Diploma,40157,2.0,Remote,32,Yes
22190,Sales,Analyst,11.9,Master,94456,4.0,Remote,28,No
22191,HR,Executive,9.8,Diploma,161097,3.8,Hybrid,12,No
22192,Sales,Manager,17.8,Diploma,134150,4.2,Hybrid,31,No
22193,HR,Manager,0.3,Master,49027,2.2,Remote,30,No
22194,Marketing,Senior Manager,17.3,Master,107208,2.4,Remote,15,No
22195,Sales,Executive,1.7,Bachelor,162115,1.0,Hybrid,31,No
22196,Finance,Intern,7.8,Bachelor,42661,1.5,Remote,20,No
22197,Sales,Intern,17.2,Diploma,45797,4.9,Hybrid,6,Yes
22198,Marketing,Executive,8.6,Diploma,35211,4.9,Office,15,No
22199,HR,Manager,10.7,PhD,121749,3.0,Remote,31,No
22200,Sales,Intern,10.3,Bachelor,157949,1.2,Office,2,No
22201,Sales,Executive,4.9,Master,24080,1.6,Remote,29,No
22202,HR,Senior Manager,13.1,Bachelor,153932,2.9,Remote,31,Yes
22203,Sales,Executive,4.0,Master,163344,1.0,Remote,19,No
22204,Marketing,Executive,7.7,Bachelor,43826,2.2,Remote,27,No
22205,Finance,Executive,7.0,Master,91484,2.3,Remote,18,Yes
22206,IT,Analyst,16.0,Diploma,66590,2.4,Office,14,No
22207,IT,Analyst,17.3,Master,64704,5.0,Remote,1,No
22208,Operations,Senior Manager,2.2,Master,159410,1.8,Hybrid,24,No
22209,Sales,Senior Manager,11.5,PhD,177170,4.1,Remote,14,No
22210,Operations,Analyst,9.4,Master,49800,3.3,Hybrid,29,No
22211,Finance,Intern,6.2,Bachelor,65328,4.7,Office,16,Yes
22212,Operations,Executive,18.1,Master,131518,4.9,Hybrid,35,No
22213,Marketing,Senior Manager,11.9,Master,44440,1.1,Office,8,No
22214,Sales,Analyst,11.1,PhD,65780,1.1,Hybrid,22,No
22215,Marketing,Analyst,19.9,PhD,125473,1.3,Hybrid,18,No
22216,IT,Analyst,12.9,Master,25145,4.0,Hybrid,26,No
22217,Operations,Senior Manager,18.6,PhD,47254,3.0,Office,18,No
22218,HR,Senior Manager,12.1,Bachelor,32283,3.2,Remote,14,No
22219,Marketing,Senior Manager,15.6,Master,105786,4.4,Office,9,Yes
22220,HR,Intern,5.6,Master,21490,1.7,Office,16,Yes
22221,Operations,Senior Manager,5.5,PhD,54048,1.0,Hybrid,26,No
22222,HR,Analyst,4.6,PhD,136371,3.8,Remote,5,No
22223,IT,Executive,14.6,PhD,121959,1.1,Remote,23,No
22224,Finance,Analyst,10.7,PhD,134420,4.9,Hybrid,3,No
22225,Finance,Executive,18.9,Diploma,36769,1.5,Office,8,No
22226,Sales,Intern,5.2,PhD,159993,4.0,Remote,19,Yes
22227,Sales,Analyst,16.2,PhD,103432,4.8,Hybrid,38,No
22228,Marketing,Manager,18.2,Bachelor,138055,1.7,Office,7,No
22229,Marketing,Intern,14.4,PhD,144455,4.8,Office,0,No
22230,Operations,Senior Manager,2.3,Master,148256,4.1,Office,10,No
22231,Marketing,Senior Manager,1.4,Diploma,46598,1.4,Office,38,No
22232,Marketing,Executive,5.3,Master,155202,2.9,Remote,10,No
22233,Sales,Senior Manager,10.4,Diploma,38383,2.3,Remote,29,No
22234,Marketing,Analyst,12.9,PhD,17750,4.1,Office,12,No
22235,Sales,Analyst,1.3,Diploma,157075,4.4,Office,21,No
22236,Marketing,Senior Manager,16.9,Diploma,90352,3.8,Hybrid,37,No
22237,IT,Manager,15.5,PhD,110185,4.6,Hybrid,15,No
22238,Marketing,Manager,6.7,PhD,89453,4.5,Office,15,No
22239,Marketing,Intern,9.0,PhD,30025,2.4,Remote,31,No
22240,Sales,Senior Manager,18.1,Diploma,149054,2.1,Hybrid,33,Yes
22241,Operations,Manager,17.7,Bachelor,149574,4.6,Remote,1,No
22242,Sales,Senior Manager,7.1,Bachelor,88478,1.2,Office,34,No
22243,Sales,Intern,2.7,Master,96446,4.2,Remote,2,No
22244,HR,Senior Manager,16.9,Diploma,83601,4.5,Hybrid,19,No
22245,Finance,Executive,12.3,Diploma,144636,4.1,Hybrid,9,No
22246,Sales,Senior Manager,3.1,Master,24613,1.8,Remote,23,Yes
22247,Operations,Analyst,0.9,Diploma,87114,3.3,Hybrid,35,No
22248,IT,Manager,11.8,Bachelor,103110,4.4,Office,26,No
22249,Marketing,Executive,12.1,Diploma,51801,1.4,Remote,35,No
22250,Finance,Executive,19.7,PhD,119921,1.7,Office,3,No
22251,Finance,Analyst,10.3,Master,162336,1.3,Remote,7,No
22252,IT,Analyst,12.9,Bachelor,134788,4.6,Hybrid,37,No
22253,Finance,Executive,11.9,PhD,107927,4.1,Office,17,No
22254,HR,Analyst,13.9,Bachelor,151932,2.6,Hybrid,38,Yes
22255,IT,Executive,16.1,Diploma,136646,1.9,Remote,11,No
22256,IT,Manager,17.0,Diploma,148083,4.8,Remote,16,No
22257,Marketing,Senior Manager,13.6,Diploma,87843,1.9,Office,8,No
22258,IT,Executive,5.1,Bachelor,23033,1.6,Hybrid,3,Yes
22259,IT,Intern,2.8,PhD,119053,3.6,Hybrid,30,Yes
22260,Operations,Senior Manager,16.5,PhD,98187,4.3,Hybrid,5,No
22261,Marketing,Intern,11.6,Bachelor,128037,3.1,Office,3,Yes
22262,Finance,Analyst,7.5,PhD,101372,1.9,Remote,10,No
22263,Marketing,Executive,10.2,Master,63241,2.8,Office,0,No
22264,HR,Senior Manager,16.6,Bachelor,146872,3.4,Office,27,No
22265,Operations,Executive,1.8,PhD,40630,2.7,Office,14,No
22266,Operations,Intern,19.8,Diploma,54790,3.0,Office,36,No
22267,Marketing,Manager,7.9,PhD,43354,3.3,Remote,19,No
22268,Marketing,Executive,12.0,Diploma,113196,1.3,Remote,17,No
22269,Marketing,Senior Manager,16.6,Master,153384,3.3,Office,19,No
22270,IT,Analyst,0.4,Bachelor,114173,3.1,Hybrid,35,No
22271,IT,Senior Manager,0.8,Bachelor,61867,2.9,Office,37,No
22272,Finance,Manager,14.2,Master,144572,4.7,Office,25,No
22273,Sales,Manager,2.6,PhD,60219,3.0,Hybrid,20,No
22274,Operations,Intern,2.0,Diploma,103656,3.8,Remote,6,No
22275,HR,Manager,5.3,PhD,88809,4.5,Office,12,No
22276,Operations,Executive,14.4,Bachelor,37936,1.3,Remote,20,Yes
22277,IT,Intern,9.6,Bachelor,144058,4.7,Remote,26,No
22278,Marketing,Analyst,3.5,Master,67245,1.9,Remote,10,Yes
22279,IT,Intern,18.6,Bachelor,104407,4.4,Remote,32,No
22280,Sales,Executive,12.3,Diploma,126097,3.4,Remote,9,No
22281,HR,Intern,9.1,PhD,62675,1.5,Hybrid,6,No
22282,Operations,Manager,9.8,Master,143151,3.8,Remote,22,No
22283,Operations,Senior Manager,14.5,Bachelor,71986,2.8,Office,31,No
22284,Sales,Analyst,13.6,Diploma,55736,4.4,Hybrid,29,No
22285,IT,Manager,2.4,Diploma,97098,4.9,Office,12,No
22286,Finance,Analyst,14.1,Master,29791,3.1,Office,14,Yes
22287,HR,Senior Manager,10.0,Master,82972,3.2,Hybrid,34,Yes
22288,HR,Manager,17.1,PhD,127797,1.3,Office,2,No
22289,Sales,Executive,9.5,Bachelor,61122,3.7,Remote,8,No
22290,HR,Executive,6.6,Master,138837,3.2,Office,1,Yes
22291,Marketing,Analyst,11.0,Bachelor,35861,2.2,Remote,32,No
22292,IT,Executive,8.1,Bachelor,109245,1.3,Office,4,Yes
22293,Sales,Senior Manager,19.0,Bachelor,29131,3.0,Remote,10,No
22294,IT,Executive,10.3,Master,150484,4.5,Office,37,No
22295,HR,Manager,3.9,Master,156920,4.1,Office,1,No
22296,IT,Manager,17.2,Master,104656,1.6,Remote,15,No
22297,Sales,Senior Manager,13.2,Bachelor,79612,2.3,Remote,15,No
22298,Sales,Manager,18.6,Bachelor,117675,1.5,Office,32,No
22299,IT,Manager,1.6,Bachelor,123807,1.2,Hybrid,1,No
22300,Marketing,Manager,18.0,Bachelor,41112,2.7,Office,18,No
22301,Sales,Manager,16.0,Diploma,83716,4.4,Office,12,No
22302,Operations,Analyst,8.1,PhD,114667,5.0,Remote,15,Yes
22303,Finance,Analyst,19.2,PhD,58937,4.1,Hybrid,35,No
22304,Sales,Analyst,3.3,Master,81915,2.6,Office,20,Yes
22305,Operations,Intern,1.7,Bachelor,89450,3.0,Hybrid,29,No
22306,HR,Executive,2.5,PhD,26032,2.2,Hybrid,36,No
22307,Operations,Senior Manager,4.0,Diploma,159101,4.4,Office,26,No
22308,HR,Executive,9.1,PhD,101578,2.7,Office,23,No
22309,HR,Senior Manager,14.1,Master,74090,4.6,Remote,15,No
22310,IT,Manager,13.4,Bachelor,101055,3.9,Hybrid,2,No
22311,IT,Executive,18.0,Master,132854,1.1,Office,19,No
22312,HR,Analyst,12.4,Bachelor,105225,2.0,Office,6,No
22313,Operations,Senior Manager,3.2,Master,135355,3.8,Remote,15,No
22314,Sales,Manager,4.2,Master,83024,4.1,Remote,3,No
22315,Finance,Executive,14.1,Diploma,18949,2.2,Hybrid,18,No
22316,Sales,Manager,8.1,PhD,118826,1.9,Hybrid,19,Yes
22317,IT,Analyst,7.6,PhD,139493,4.5,Hybrid,8,No
22318,Finance,Manager,13.9,Master,177028,3.3,Remote,10,Yes
22319,IT,Senior Manager,17.6,Diploma,158130,1.4,Remote,35,No
22320,Finance,Senior Manager,14.4,Bachelor,122532,2.0,Remote,31,No
22321,Finance,Senior Manager,13.4,Diploma,177088,4.1,Office,22,No
22322,Marketing,Executive,17.1,PhD,72908,3.4,Office,33,No
22323,Operations,Intern,14.0,Diploma,130586,4.6,Hybrid,3,No
22324,Operations,Manager,1.5,Bachelor,60414,3.2,Hybrid,29,No
22325,Marketing,Executive,10.8,Bachelor,64434,3.5,Hybrid,31,No
22326,Operations,Executive,10.1,Bachelor,104445,3.8,Remote,24,No
22327,HR,Manager,10.8,Master,16362,4.5,Office,26,No
22328,IT,Senior Manager,19.0,Bachelor,57713,1.0,Remote,35,Yes
22329,Sales,Intern,14.5,PhD,104128,2.1,Hybrid,23,Yes
22330,Sales,Intern,10.1,Diploma,72373,1.1,Hybrid,0,No
22331,IT,Executive,16.4,Master,121444,4.4,Hybrid,20,No
22332,Operations,Senior Manager,0.9,Diploma,72239,3.9,Office,24,No
22333,Sales,Intern,15.0,Bachelor,46928,3.3,Hybrid,26,No
22334,Operations,Manager,7.7,Master,178070,3.0,Office,35,No
22335,IT,Analyst,16.3,Diploma,174837,1.3,Office,26,No
22336,HR,Senior Manager,1.3,Master,53600,2.3,Hybrid,10,No
22337,Sales,Manager,18.7,PhD,35851,1.1,Hybrid,31,No
22338,IT,Manager,16.2,Master,55271,2.5,Hybrid,27,No
22339,Marketing,Executive,17.6,Master,63533,3.8,Remote,37,No
22340,Finance,Manager,13.4,Master,88138,2.9,Office,38,No
22341,HR,Senior Manager,18.0,Bachelor,154311,2.4,Office,28,No
22342,Operations,Senior Manager,3.7,Bachelor,116747,3.8,Hybrid,19,No
22343,Marketing,Senior Manager,8.5,Diploma,168274,3.6,Office,3,No
22344,Finance,Senior Manager,9.8,Bachelor,108431,4.9,Remote,7,No
22345,Marketing,Executive,2.4,Diploma,70478,1.1,Office,0,No
22346,IT,Executive,13.8,PhD,35289,1.9,Hybrid,20,No
22347,Marketing,Manager,6.8,Diploma,30063,2.9,Remote,31,No
22348,Marketing,Analyst,15.0,Bachelor,160421,2.5,Office,30,No
22349,Finance,Manager,5.1,PhD,80925,4.4,Office,36,No
22350,HR,Manager,18.2,PhD,47862,4.4,Remote,1,No
22351,Sales,Intern,12.9,Master,92078,4.2,Office,23,Yes
22352,Sales,Analyst,15.4,Master,172994,1.8,Remote,14,No
22353,IT,Analyst,12.5,Diploma,166393,2.9,Hybrid,18,Yes
22354,Marketing,Intern,1.1,Master,99320,2.5,Remote,2,No
22355,HR,Intern,16.7,Master,144243,2.6,Hybrid,34,Yes
22356,IT,Executive,9.6,PhD,140957,3.6,Remote,36,No
22357,Operations,Senior Manager,18.6,Diploma,148051,3.7,Office,39,No
22358,HR,Analyst,10.5,Diploma,15921,2.9,Office,37,No
22359,HR,Manager,18.5,Diploma,164682,1.6,Hybrid,8,No
22360,Marketing,Senior Manager,8.0,Bachelor,143991,2.3,Hybrid,1,No
22361,IT,Manager,12.2,PhD,65980,3.5,Hybrid,3,No
22362,Sales,Manager,18.8,Diploma,104840,3.8,Hybrid,0,No
22363,Sales,Intern,18.9,Diploma,121540,3.1,Office,3,No
22364,IT,Intern,11.0,Diploma,52605,4.1,Remote,2,No
22365,IT,Senior Manager,5.0,PhD,156630,2.2,Office,39,No
22366,Sales,Senior Manager,14.8,Diploma,111234,3.0,Hybrid,38,No
22367,Sales,Analyst,7.9,Bachelor,15278,4.1,Hybrid,34,No
22368,HR,Analyst,7.1,PhD,33611,2.8,Hybrid,36,No
22369,Operations,Senior Manager,8.6,Master,107378,2.3,Remote,10,No
22370,HR,Intern,0.3,Master,155109,4.5,Office,30,No
22371,Marketing,Intern,7.2,Master,140750,5.0,Remote,22,No
22372,Operations,Analyst,16.9,Master,176638,2.0,Remote,15,No
22373,Marketing,Senior Manager,8.0,Master,80204,3.7,Office,5,No
22374,IT,Executive,8.7,PhD,46097,2.9,Office,36,Yes
22375,Sales,Manager,6.7,Bachelor,165954,2.9,Hybrid,9,Yes
22376,Sales,Manager,18.1,Diploma,103461,4.9,Remote,23,Yes
22377,Finance,Manager,4.5,PhD,110543,3.9,Hybrid,24,No
22378,Operations,Manager,10.7,Master,137358,4.2,Hybrid,5,No
22379,HR,Analyst,17.5,Diploma,88822,1.9,Office,4,No
22380,IT,Executive,12.9,PhD,48429,2.8,Office,30,No
22381,Operations,Senior Manager,16.4,PhD,128027,3.1,Office,22,Yes
22382,HR,Manager,2.2,PhD,179338,4.5,Office,18,No
22383,Finance,Senior Manager,2.9,Diploma,155207,3.5,Office,8,No
22384,HR,Executive,10.1,Diploma,34002,5.0,Remote,21,No
22385,Sales,Manager,18.9,PhD,101578,3.3,Hybrid,30,No
22386,Operations,Senior Manager,0.7,Master,17573,2.8,Office,35,Yes
22387,Finance,Senior Manager,8.7,PhD,48662,2.2,Hybrid,37,No
22388,Finance,Intern,8.9,Master,109867,3.7,Remote,19,No
22389,Sales,Analyst,19.5,Bachelor,81895,2.0,Office,15,Yes
22390,HR,Intern,6.4,Diploma,47252,4.3,Remote,20,No
22391,Finance,Executive,17.9,Master,87225,1.4,Office,0,No
22392,HR,Manager,16.7,Diploma,127317,2.1,Hybrid,13,No
22393,Sales,Intern,7.9,Bachelor,45995,4.2,Hybrid,13,Yes
22394,HR,Manager,19.8,PhD,134085,1.4,Remote,18,Yes
22395,Sales,Senior Manager,9.5,PhD,16495,1.2,Remote,29,Yes
22396,Sales,Analyst,8.4,Bachelor,110646,2.2,Remote,24,Yes
22397,Finance,Manager,14.0,Master,44867,3.1,Office,37,No
22398,HR,Executive,11.6,PhD,36935,3.2,Office,22,No
22399,Operations,Senior Manager,19.1,PhD,176928,1.5,Office,3,No
22400,Sales,Analyst,18.1,Diploma,37859,4.5,Office,31,No
22401,IT,Intern,11.4,Master,95874,3.4,Remote,13,No
22402,HR,Intern,0.0,Bachelor,123589,2.4,Remote,36,No
22403,Sales,Executive,5.4,Diploma,140938,2.1,Remote,14,Yes
22404,IT,Analyst,8.5,PhD,61021,1.2,Remote,12,No
22405,Marketing,Intern,7.5,Master,65839,1.3,Office,39,No
22406,Operations,Manager,18.4,Bachelor,163194,1.7,Hybrid,30,No
22407,Sales,Intern,0.9,PhD,60069,1.1,Office,34,No
22408,IT,Senior Manager,17.9,PhD,142083,4.9,Office,17,Yes
22409,Finance,Senior Manager,6.3,Diploma,53772,1.3,Remote,21,Yes
22410,HR,Executive,9.2,PhD,16491,2.3,Remote,26,No
22411,Finance,Intern,11.3,PhD,26822,4.5,Hybrid,11,No
22412,Operations,Analyst,19.9,Diploma,141809,2.3,Hybrid,2,No
22413,Marketing,Intern,10.6,PhD,138663,1.8,Remote,16,No
22414,IT,Senior Manager,15.7,Diploma,179030,4.9,Office,32,No
22415,Marketing,Executive,17.4,PhD,143716,3.8,Remote,19,No
22416,Finance,Analyst,19.3,PhD,38141,2.2,Hybrid,0,No
22417,Finance,Intern,4.7,Diploma,40757,1.5,Office,18,Yes
22418,Finance,Senior Manager,16.4,Diploma,17306,1.5,Office,7,No
22419,Sales,Intern,14.6,Bachelor,93915,4.8,Office,14,No
22420,Finance,Manager,14.9,PhD,20424,3.9,Hybrid,11,No
22421,HR,Intern,16.5,Bachelor,132840,4.0,Remote,32,No
22422,Operations,Intern,7.4,PhD,106659,3.1,Office,10,Yes
22423,IT,Intern,10.1,Bachelor,115471,4.4,Hybrid,12,No
22424,Operations,Executive,16.4,Master,98984,3.3,Remote,16,No
22425,Marketing,Analyst,0.1,Diploma,100636,5.0,Remote,10,Yes
22426,HR,Senior Manager,9.2,Master,43225,5.0,Hybrid,14,No
22427,IT,Manager,1.4,Bachelor,145802,3.0,Office,36,No
22428,Marketing,Executive,10.2,PhD,171397,2.8,Hybrid,38,No
22429,Sales,Analyst,11.8,Bachelor,128415,1.4,Office,4,No
22430,HR,Executive,10.6,PhD,133408,3.3,Office,5,No
22431,HR,Analyst,14.8,Bachelor,69786,3.6,Office,35,No
22432,Finance,Executive,8.5,Bachelor,110450,3.3,Office,1,No
22433,Finance,Manager,2.9,PhD,176449,4.8,Remote,0,No
22434,Operations,Intern,11.2,Bachelor,31352,1.5,Hybrid,3,Yes
22435,Marketing,Analyst,18.1,Diploma,72190,2.3,Remote,33,No
22436,Marketing,Manager,14.2,Bachelor,17620,2.3,Hybrid,7,No
22437,Marketing,Analyst,9.4,Bachelor,132270,2.3,Office,9,No
22438,Marketing,Senior Manager,14.3,Bachelor,113079,4.6,Hybrid,13,No
22439,IT,Intern,1.1,Diploma,157872,3.1,Hybrid,3,Yes
22440,Sales,Intern,8.0,Diploma,72918,3.8,Hybrid,32,No
22441,Finance,Analyst,7.0,PhD,161338,2.3,Office,37,No
22442,Marketing,Senior Manager,0.1,Master,177422,3.5,Remote,32,No
22443,HR,Analyst,10.6,Diploma,120357,1.7,Hybrid,7,No
22444,Marketing,Executive,10.3,Master,76501,4.5,Office,35,No
22445,Marketing,Analyst,5.2,Bachelor,121264,4.1,Hybrid,19,No
22446,Operations,Analyst,1.6,PhD,79587,3.7,Hybrid,16,No
22447,Operations,Intern,19.3,Master,44532,1.6,Remote,12,No
22448,Sales,Intern,12.1,Bachelor,144431,2.4,Remote,11,No
22449,Sales,Manager,9.8,Master,118270,1.3,Hybrid,19,No
22450,HR,Intern,10.3,Master,108934,1.1,Office,22,No
22451,Operations,Senior Manager,10.9,Diploma,139507,3.6,Office,6,No
22452,Operations,Manager,12.2,Diploma,90659,2.4,Office,1,Yes
22453,HR,Manager,8.6,PhD,113350,1.2,Office,3,No
22454,IT,Executive,5.5,PhD,63465,4.4,Hybrid,2,No
22455,Finance,Analyst,15.7,Diploma,178876,4.0,Hybrid,30,No
22456,Operations,Manager,17.1,Diploma,166305,2.2,Office,34,No
22457,IT,Manager,14.5,Bachelor,157126,4.4,Office,23,No
22458,IT,Intern,1.4,Diploma,47373,1.7,Remote,0,No
22459,Finance,Intern,20.0,PhD,34945,3.9,Remote,16,Yes
22460,IT,Executive,7.1,Diploma,68902,1.3,Office,10,No
22461,Marketing,Senior Manager,16.5,PhD,154817,2.1,Remote,32,Yes
22462,Operations,Intern,14.7,PhD,123817,2.2,Hybrid,30,No
22463,Operations,Analyst,13.9,Diploma,104100,3.4,Office,3,No
22464,Operations,Analyst,8.8,PhD,134415,4.1,Hybrid,26,No
22465,IT,Executive,11.0,Master,123121,2.6,Hybrid,3,No
22466,Marketing,Analyst,11.4,Master,130333,2.0,Office,21,No
22467,IT,Intern,9.5,Bachelor,166529,1.6,Office,15,No
22468,Operations,Executive,14.0,PhD,112261,4.9,Office,19,No
22469,Operations,Executive,9.5,Master,43799,1.2,Hybrid,28,No
22470,Operations,Manager,6.8,Diploma,66166,2.7,Hybrid,5,No
22471,HR,Senior Manager,13.1,Diploma,126416,4.3,Remote,0,Yes
22472,HR,Analyst,13.5,Bachelor,102878,3.7,Remote,39,No
22473,Operations,Executive,3.4,PhD,130067,2.0,Remote,1,No
22474,Operations,Manager,4.1,Diploma,57340,3.5,Office,31,No
22475,HR,Executive,5.3,Master,35300,1.1,Hybrid,34,No
22476,Sales,Senior Manager,14.4,Master,64828,5.0,Hybrid,10,No
22477,IT,Senior Manager,16.7,Master,146869,4.7,Office,27,No
22478,Operations,Analyst,8.4,Bachelor,146687,1.3,Office,36,Yes
22479,Finance,Analyst,1.7,Bachelor,28746,3.0,Office,11,No
22480,IT,Executive,16.3,Diploma,173920,2.4,Remote,36,No
22481,IT,Senior Manager,13.5,PhD,168671,4.5,Remote,5,Yes
22482,IT,Manager,14.8,Master,53987,4.2,Remote,39,No
22483,HR,Manager,19.9,Master,154305,1.5,Remote,15,No
22484,HR,Senior Manager,15.8,Diploma,45583,2.5,Hybrid,9,No
22485,Finance,Executive,11.6,Bachelor,166393,4.6,Office,25,No
22486,IT,Manager,13.0,Bachelor,32516,1.7,Office,23,No
22487,IT,Manager,2.3,Bachelor,48237,1.6,Hybrid,31,No
22488,HR,Intern,2.6,Diploma,47417,1.9,Office,18,No
22489,Marketing,Manager,13.4,Master,15407,3.0,Remote,28,No
22490,IT,Analyst,8.3,Bachelor,163853,4.6,Remote,14,No
22491,Operations,Analyst,13.9,PhD,61818,4.8,Office,18,No
22492,HR,Intern,18.9,Master,40455,4.4,Remote,1,Yes
22493,Operations,Analyst,1.2,Master,160437,1.4,Office,30,No
22494,IT,Executive,2.9,Diploma,77976,4.1,Remote,2,No
22495,Marketing,Analyst,18.4,PhD,108640,4.0,Remote,28,No
22496,IT,Manager,16.1,Master,82022,3.7,Office,18,No
22497,HR,Analyst,10.0,Master,57929,1.7,Office,29,No
22498,Finance,Analyst,10.3,PhD,29158,2.0,Remote,22,Yes
22499,Sales,Analyst,5.5,Diploma,89357,4.1,Remote,22,No
22500,Sales,Intern,0.0,Bachelor,135249,1.4,Hybrid,26,Yes
22501,IT,Senior Manager,14.4,PhD,23790,2.6,Office,25,No
22502,Marketing,Manager,2.9,Diploma,175426,4.7,Hybrid,22,Yes
22503,HR,Senior Manager,17.8,Diploma,26408,3.7,Office,17,No
22504,Sales,Intern,4.6,Bachelor,44859,3.0,Remote,6,No
22505,Marketing,Analyst,10.5,Diploma,169081,1.6,Hybrid,34,No
22506,Marketing,Intern,17.2,Bachelor,104429,1.5,Office,0,Yes
22507,Finance,Senior Manager,3.4,Bachelor,131179,4.7,Remote,13,No
22508,IT,Senior Manager,10.9,Bachelor,154702,1.9,Office,21,No
22509,IT,Senior Manager,5.0,Bachelor,158368,3.1,Office,2,Yes
22510,Operations,Intern,14.9,Master,36668,3.1,Remote,0,No
22511,HR,Senior Manager,1.7,Master,167375,4.6,Office,5,No
22512,Marketing,Manager,19.4,Master,144222,4.8,Hybrid,34,No
22513,Sales,Analyst,8.2,PhD,28533,3.6,Office,37,No
22514,Operations,Manager,13.4,Diploma,130325,1.3,Remote,16,No
22515,HR,Intern,7.8,Diploma,119107,2.7,Remote,9,Yes
22516,HR,Senior Manager,19.7,Diploma,82833,1.1,Office,22,No
22517,HR,Intern,14.7,Master,66577,2.4,Remote,35,No
22518,Sales,Manager,17.4,Diploma,158509,2.5,Office,14,No
22519,HR,Manager,15.2,Bachelor,113999,1.1,Hybrid,12,Yes
22520,Operations,Intern,17.3,Master,48351,2.7,Hybrid,24,No
22521,Finance,Senior Manager,6.4,PhD,26276,3.0,Hybrid,12,No
22522,Sales,Intern,1.7,Master,133981,1.1,Office,27,No
22523,Marketing,Intern,0.7,Master,130744,2.4,Hybrid,37,No
22524,Sales,Intern,14.0,Diploma,63131,2.0,Remote,21,Yes
22525,IT,Executive,2.1,Master,132772,3.9,Office,20,No
22526,IT,Executive,10.9,Bachelor,117085,4.7,Hybrid,18,No
22527,Marketing,Manager,9.3,Diploma,31640,3.1,Remote,38,No
22528,Marketing,Manager,0.1,Master,47030,3.0,Remote,24,No
22529,IT,Senior Manager,12.3,Master,63015,3.1,Hybrid,14,No
22530,HR,Executive,11.8,Diploma,71754,3.8,Office,18,No
22531,Sales,Executive,8.8,Diploma,149427,2.3,Office,20,No
22532,Sales,Manager,13.4,PhD,143580,2.7,Remote,13,No
22533,Finance,Intern,2.2,Master,40047,4.0,Office,17,No
22534,HR,Analyst,15.5,Master,62023,1.7,Office,39,No
22535,IT,Analyst,14.5,Bachelor,77321,3.9,Remote,0,No
22536,HR,Executive,17.9,Diploma,138933,2.1,Hybrid,12,No
22537,Operations,Analyst,7.9,PhD,131157,4.9,Hybrid,13,No
22538,HR,Analyst,14.8,Diploma,50680,3.9,Office,22,No
22539,Finance,Executive,8.4,Bachelor,61077,1.6,Remote,15,No
22540,Marketing,Intern,0.3,Master,135897,4.4,Remote,17,No
22541,Finance,Analyst,10.4,PhD,116729,1.6,Office,18,No
22542,Marketing,Manager,13.5,Bachelor,72929,4.5,Remote,1,No
22543,Marketing,Intern,8.6,Bachelor,119492,2.9,Office,9,No
22544,IT,Intern,6.7,Bachelor,34741,1.1,Remote,13,No
22545,Operations,Executive,3.8,Master,76977,2.6,Office,29,Yes
22546,Marketing,Executive,18.4,Bachelor,29278,2.3,Office,21,No
22547,Sales,Analyst,6.1,Master,69524,1.8,Remote,23,Yes
22548,Operations,Executive,6.7,Master,68784,4.2,Hybrid,20,No
22549,HR,Manager,0.0,Master,166373,1.9,Remote,5,No
22550,Operations,Executive,3.3,Diploma,110912,2.1,Remote,32,No
22551,Sales,Executive,2.0,Master,166765,1.1,Remote,24,No
22552,Marketing,Executive,12.6,PhD,159255,4.9,Remote,22,No
22553,Finance,Senior Manager,13.8,Diploma,58845,3.8,Office,1,No
22554,Finance,Manager,9.3,Master,73166,4.3,Hybrid,33,No
22555,Finance,Executive,19.8,Master,48794,3.8,Remote,2,No
22556,HR,Manager,13.6,Master,161455,2.6,Office,6,No
22557,Marketing,Senior Manager,8.1,Master,137645,2.3,Office,24,No
22558,IT,Manager,18.8,Diploma,24305,5.0,Hybrid,30,No
22559,IT,Manager,13.9,Master,114390,4.7,Hybrid,6,No
22560,Finance,Senior Manager,4.4,Master,35986,3.2,Remote,28,Yes
22561,Sales,Analyst,18.9,PhD,135204,1.6,Hybrid,33,No
22562,Finance,Executive,17.8,Bachelor,68022,4.9,Office,27,No
22563,Sales,Analyst,1.5,Bachelor,55230,4.8,Office,38,No
22564,HR,Analyst,15.6,Master,17775,3.9,Hybrid,23,No
22565,IT,Senior Manager,19.2,PhD,156362,4.1,Office,1,No
22566,Operations,Executive,3.2,Diploma,159742,1.2,Hybrid,5,No
22567,HR,Executive,16.2,PhD,55435,1.5,Hybrid,17,No
22568,Sales,Senior Manager,8.0,PhD,116917,2.2,Hybrid,25,No
22569,Finance,Manager,15.3,Bachelor,137742,2.0,Hybrid,35,No
22570,Operations,Manager,1.2,Bachelor,24987,1.5,Office,9,Yes
22571,Operations,Intern,18.3,Diploma,167267,3.9,Hybrid,32,No
22572,Marketing,Analyst,18.7,Bachelor,61747,1.5,Remote,33,Yes
22573,Marketing,Manager,6.3,Diploma,51902,4.0,Office,12,No
22574,IT,Senior Manager,5.6,Master,47504,1.2,Office,34,No
22575,Operations,Intern,2.9,Master,41046,3.0,Remote,5,No
22576,Marketing,Senior Manager,9.5,Bachelor,122812,1.6,Office,22,No
22577,HR,Analyst,7.7,Bachelor,108685,3.3,Hybrid,1,Yes
22578,Marketing,Executive,14.3,Bachelor,40603,2.9,Remote,35,No
22579,Finance,Analyst,5.1,Master,62239,2.2,Hybrid,9,No
22580,Marketing,Manager,12.7,Diploma,70199,1.2,Hybrid,2,No
22581,IT,Senior Manager,17.3,Diploma,143884,2.7,Remote,15,No
22582,HR,Executive,6.5,Bachelor,57082,4.4,Hybrid,31,Yes
22583,Finance,Executive,11.4,PhD,126140,3.6,Hybrid,8,No
22584,Operations,Executive,13.3,Diploma,77017,1.3,Office,7,No
22585,Marketing,Analyst,8.1,Bachelor,154086,3.9,Office,16,No
22586,HR,Intern,12.9,Bachelor,60178,4.1,Office,13,No
22587,IT,Senior Manager,13.6,Master,15977,2.9,Office,35,No
22588,Sales,Manager,19.4,Diploma,43321,4.6,Remote,22,No
22589,Operations,Manager,14.1,PhD,47090,2.2,Hybrid,27,No
22590,Sales,Manager,15.7,Master,123296,4.2,Office,18,Yes
22591,IT,Analyst,6.5,Master,155394,4.1,Office,31,Yes
22592,IT,Intern,11.4,Diploma,152312,4.1,Remote,28,No
22593,Sales,Intern,4.8,PhD,113106,2.8,Office,11,No
22594,Finance,Manager,14.0,Diploma,164631,3.5,Remote,24,Yes
22595,Finance,Manager,11.4,PhD,174276,3.3,Hybrid,12,Yes
22596,Operations,Manager,3.7,Master,22609,3.7,Office,6,No
22597,Operations,Manager,16.9,Diploma,163341,3.7,Office,12,No
22598,Operations,Senior Manager,15.8,Diploma,131739,1.1,Remote,24,No
22599,HR,Intern,3.4,Diploma,132125,2.6,Remote,14,No
22600,HR,Manager,0.6,PhD,131705,3.9,Hybrid,36,No
22601,HR,Senior Manager,1.6,Bachelor,25365,3.6,Remote,21,No
22602,Finance,Manager,11.7,Master,164035,3.1,Hybrid,30,No
22603,Finance,Analyst,9.4,Bachelor,34772,2.4,Office,13,No
22604,Operations,Senior Manager,2.6,Master,105857,2.0,Hybrid,2,No
22605,Sales,Analyst,2.9,Master,51672,3.5,Hybrid,33,No
22606,Sales,Analyst,11.9,PhD,128895,1.7,Office,21,No
22607,Finance,Senior Manager,3.9,Diploma,112474,2.2,Office,21,No
22608,Marketing,Intern,1.7,Master,53384,1.1,Hybrid,14,Yes
22609,HR,Manager,9.1,Bachelor,115458,3.2,Office,24,No
22610,Marketing,Intern,18.4,Diploma,126426,2.8,Office,27,No
22611,Finance,Intern,14.0,Diploma,117799,4.0,Remote,38,No
22612,Finance,Executive,1.4,PhD,140450,3.4,Office,14,No
22613,HR,Analyst,12.4,Master,36839,4.2,Remote,38,No
22614,Marketing,Analyst,16.1,Diploma,36922,4.7,Remote,28,No
22615,Operations,Analyst,14.2,Bachelor,52805,1.3,Remote,21,Yes
22616,IT,Senior Manager,18.7,Master,130404,1.9,Remote,12,Yes
22617,Marketing,Senior Manager,1.4,Bachelor,166284,3.4,Hybrid,39,No
22618,Sales,Analyst,6.4,Diploma,87563,1.7,Remote,21,No
22619,Marketing,Executive,7.8,Master,110186,4.9,Office,9,No
22620,HR,Manager,13.1,Master,142830,2.9,Remote,17,No
22621,Operations,Manager,15.2,PhD,123116,4.2,Remote,27,No
22622,HR,Intern,2.9,Master,24349,1.3,Office,27,No
22623,IT,Manager,15.7,Diploma,148705,2.7,Remote,16,Yes
22624,Operations,Analyst,18.7,PhD,151021,2.3,Remote,34,Yes
22625,Sales,Analyst,4.3,Master,27018,2.3,Hybrid,21,Yes
22626,IT,Intern,17.2,Diploma,24457,4.9,Office,7,No
22627,Finance,Intern,10.0,PhD,87549,3.8,Hybrid,34,No
22628,Finance,Executive,15.2,Diploma,102236,1.2,Remote,0,No
22629,Finance,Manager,12.1,PhD,36648,3.3,Remote,23,No
22630,Operations,Senior Manager,16.9,Diploma,140463,1.9,Remote,14,No
22631,HR,Analyst,6.0,PhD,52745,4.0,Office,14,Yes
22632,Finance,Manager,6.0,Bachelor,56015,2.5,Hybrid,11,No
22633,IT,Senior Manager,11.8,Bachelor,130364,4.5,Remote,17,No
22634,IT,Executive,4.8,PhD,69134,3.1,Office,11,No
22635,Sales,Intern,16.4,PhD,71520,1.7,Remote,33,No
22636,HR,Senior Manager,15.2,Bachelor,173489,1.1,Office,5,No
22637,Operations,Analyst,10.9,Bachelor,169002,4.8,Remote,36,No
22638,HR,Senior Manager,19.6,Bachelor,53066,2.2,Office,16,No
22639,Marketing,Senior Manager,13.9,Master,17460,1.6,Remote,11,No
22640,Finance,Manager,3.9,PhD,129327,1.8,Hybrid,27,Yes
22641,Marketing,Analyst,12.6,PhD,37683,4.9,Office,22,No
22642,Operations,Manager,0.5,Master,140305,2.3,Hybrid,18,Yes
22643,HR,Senior Manager,1.4,PhD,174109,2.9,Remote,19,No
22644,IT,Executive,11.1,Diploma,84694,1.5,Hybrid,13,No
22645,IT,Executive,12.1,Master,137154,3.5,Office,39,No
22646,Sales,Manager,6.1,PhD,108805,4.4,Remote,0,No
22647,HR,Intern,1.8,Bachelor,35571,2.4,Remote,22,No
22648,IT,Analyst,0.1,Bachelor,61036,1.4,Hybrid,29,No
22649,Sales,Analyst,17.5,PhD,66375,1.8,Remote,4,No
22650,Finance,Intern,16.8,Bachelor,22516,2.9,Remote,25,Yes
22651,Marketing,Intern,15.1,Bachelor,75513,4.9,Office,16,No
22652,Finance,Intern,2.8,PhD,169796,4.6,Hybrid,2,No
22653,Marketing,Intern,3.8,Master,34384,1.4,Office,38,No
22654,Operations,Manager,3.0,Diploma,156859,2.3,Remote,39,Yes
22655,Operations,Executive,1.1,Diploma,53840,4.6,Hybrid,3,No
22656,IT,Intern,14.8,Master,61075,4.6,Remote,9,No
22657,Sales,Intern,19.2,Bachelor,155831,2.9,Office,6,No
22658,Finance,Manager,4.5,Master,132848,3.4,Remote,29,No
22659,Operations,Manager,5.2,Diploma,105263,2.0,Remote,10,No
22660,Finance,Executive,10.0,PhD,137720,4.3,Remote,25,Yes
22661,IT,Executive,18.5,Master,51862,2.7,Remote,3,No
22662,Sales,Intern,0.0,Bachelor,48244,1.2,Remote,32,No
22663,Marketing,Senior Manager,1.1,Master,39665,4.9,Office,20,No
22664,Sales,Intern,9.5,PhD,61680,1.9,Remote,17,No
22665,HR,Analyst,16.4,PhD,170755,1.9,Hybrid,24,No
22666,Operations,Manager,0.9,Bachelor,124232,2.9,Hybrid,23,Yes
22667,Operations,Senior Manager,3.0,Master,167775,3.6,Office,34,No
22668,Finance,Senior Manager,13.4,Bachelor,81580,2.0,Hybrid,5,No
22669,IT,Analyst,7.8,Diploma,20731,4.3,Hybrid,17,Yes
22670,IT,Senior Manager,2.4,PhD,106299,4.9,Remote,27,No
22671,IT,Manager,19.7,Master,116608,3.9,Remote,3,No
22672,HR,Intern,5.6,PhD,49731,2.2,Hybrid,17,No
22673,Sales,Executive,7.6,Bachelor,32940,4.6,Remote,16,No
22674,Finance,Intern,0.7,Bachelor,91431,4.7,Hybrid,28,Yes
22675,Finance,Senior Manager,5.3,PhD,116192,4.8,Remote,27,Yes
22676,Operations,Senior Manager,0.7,Master,86114,1.3,Remote,38,Yes
22677,HR,Intern,6.3,Master,51311,1.6,Hybrid,18,No
22678,HR,Intern,1.1,PhD,18915,1.1,Office,11,No
22679,IT,Intern,15.4,Diploma,152389,2.9,Office,8,No
22680,Sales,Executive,13.9,Master,41290,1.3,Remote,37,No
22681,HR,Intern,19.5,PhD,86493,2.7,Hybrid,9,No
22682,Sales,Executive,4.9,Bachelor,79810,1.8,Hybrid,8,Yes
22683,Finance,Manager,14.9,PhD,34247,3.2,Hybrid,9,No
22684,Finance,Senior Manager,18.7,Diploma,33562,2.6,Hybrid,31,No
22685,Finance,Analyst,10.7,Bachelor,38558,3.2,Hybrid,34,No
22686,Marketing,Analyst,10.4,Master,57936,3.9,Hybrid,10,No
22687,IT,Senior Manager,12.7,Diploma,102309,1.3,Hybrid,20,No
22688,HR,Analyst,19.0,Bachelor,48430,1.4,Office,24,No
22689,IT,Senior Manager,12.5,PhD,91031,3.5,Remote,28,No
22690,HR,Manager,7.0,PhD,158280,1.7,Remote,27,No
22691,Marketing,Manager,19.2,Diploma,177795,2.0,Office,20,No
22692,Marketing,Senior Manager,1.6,Bachelor,51101,2.3,Office,30,No
22693,Marketing,Manager,7.3,Master,95894,4.1,Hybrid,1,No
22694,Operations,Analyst,7.8,PhD,55139,4.5,Hybrid,14,No
22695,Sales,Analyst,3.9,Bachelor,36971,3.5,Remote,14,No
22696,Operations,Senior Manager,7.9,Diploma,46772,2.1,Remote,11,Yes
22697,Marketing,Analyst,2.0,Diploma,146435,1.6,Office,31,Yes
22698,HR,Executive,2.8,Bachelor,74881,3.7,Office,0,No
22699,Marketing,Senior Manager,13.7,Diploma,32122,1.5,Office,29,No
22700,Sales,Analyst,16.0,Diploma,148040,3.0,Remote,39,No
22701,Operations,Manager,7.0,PhD,69570,4.4,Office,7,No
22702,Sales,Executive,11.2,PhD,80979,3.4,Hybrid,21,Yes
22703,Marketing,Senior Manager,11.4,PhD,174136,4.6,Hybrid,7,No
22704,IT,Senior Manager,11.0,Bachelor,94831,4.9,Hybrid,36,No
22705,Operations,Manager,8.7,Master,164654,3.2,Office,30,No
22706,Operations,Analyst,9.2,Diploma,64126,4.2,Hybrid,12,No
22707,IT,Manager,10.3,Bachelor,75663,2.3,Remote,30,No
22708,Marketing,Senior Manager,9.8,PhD,39618,1.5,Office,26,Yes
22709,Operations,Senior Manager,13.5,PhD,126313,2.7,Remote,6,No
22710,Operations,Manager,6.2,PhD,106792,4.1,Remote,4,No
22711,Operations,Analyst,17.5,Diploma,39854,1.3,Office,19,No
22712,HR,Analyst,5.0,Master,59875,4.6,Office,25,Yes
22713,Finance,Manager,8.5,Diploma,177957,4.2,Hybrid,35,No
22714,Marketing,Executive,8.8,Diploma,149284,4.4,Hybrid,32,No
22715,IT,Intern,11.2,Bachelor,55727,1.5,Remote,1,No
22716,Finance,Analyst,16.9,Bachelor,28750,3.9,Remote,36,No
22717,IT,Intern,18.8,Master,57050,1.9,Hybrid,1,No
22718,IT,Analyst,5.6,Diploma,57197,1.9,Remote,3,No
22719,Marketing,Manager,16.7,Master,169177,1.1,Remote,26,No
22720,HR,Manager,19.4,Diploma,147838,2.6,Remote,18,No
22721,Operations,Analyst,18.3,Master,75491,2.2,Remote,36,No
22722,IT,Senior Manager,4.2,Master,138961,4.7,Remote,38,No
22723,HR,Senior Manager,6.5,PhD,37972,2.7,Remote,9,No
22724,Finance,Senior Manager,4.6,Master,94366,2.2,Hybrid,35,No
22725,Sales,Executive,6.4,Bachelor,116159,4.9,Hybrid,6,No
22726,Finance,Intern,2.8,Diploma,116000,2.7,Remote,29,No
22727,IT,Analyst,4.5,Diploma,78971,1.7,Remote,27,Yes
22728,Operations,Senior Manager,13.0,Master,31062,4.7,Remote,38,No
22729,IT,Manager,5.2,PhD,38955,1.9,Remote,34,No
22730,Operations,Manager,13.3,PhD,50796,2.2,Remote,5,Yes
22731,HR,Intern,15.5,Master,140691,1.8,Office,1,No
22732,Operations,Executive,18.3,Bachelor,152294,4.6,Remote,14,No
22733,Marketing,Senior Manager,5.3,PhD,166889,5.0,Remote,5,No
22734,Finance,Manager,6.0,PhD,48436,2.6,Office,2,Yes
22735,HR,Analyst,14.1,Diploma,53856,2.8,Hybrid,13,No
22736,Finance,Analyst,5.2,PhD,150636,4.0,Office,33,No
22737,IT,Senior Manager,15.1,PhD,135570,1.9,Office,2,Yes
22738,IT,Intern,11.6,Master,33521,4.3,Office,23,No
22739,Sales,Analyst,17.9,Bachelor,165916,1.0,Hybrid,17,Yes
22740,HR,Executive,5.6,Diploma,157245,1.0,Hybrid,14,No
22741,Operations,Intern,16.8,Bachelor,77274,3.3,Hybrid,1,No
22742,Marketing,Senior Manager,4.7,PhD,29111,1.6,Remote,3,No
22743,Operations,Senior Manager,16.6,Diploma,30203,4.7,Hybrid,21,No
22744,Sales,Intern,3.4,Diploma,172075,2.6,Remote,12,Yes
22745,Sales,Executive,6.6,Master,126354,2.3,Remote,15,No
22746,Sales,Intern,18.0,Bachelor,71143,3.2,Office,39,No
22747,Marketing,Senior Manager,8.4,Master,166110,1.2,Hybrid,0,No
22748,Marketing,Executive,9.5,PhD,118916,3.4,Remote,28,No
22749,Marketing,Senior Manager,15.0,Bachelor,26168,1.4,Remote,39,No
22750,Sales,Senior Manager,19.5,Bachelor,127744,1.9,Hybrid,17,No
22751,HR,Intern,3.3,Bachelor,80029,3.7,Remote,28,No
22752,Sales,Manager,8.9,PhD,163575,2.2,Remote,3,No
22753,Marketing,Senior Manager,14.8,Master,134366,3.0,Hybrid,13,No
22754,IT,Senior Manager,3.9,PhD,136596,2.6,Remote,20,No
22755,Finance,Intern,3.7,Bachelor,61141,4.2,Office,24,No
22756,IT,Analyst,12.4,PhD,163216,4.7,Remote,31,No
22757,IT,Intern,16.0,Diploma,92163,4.9,Office,27,No
22758,Sales,Senior Manager,10.4,Master,136063,3.8,Hybrid,39,No
22759,HR,Analyst,14.9,PhD,126498,2.2,Hybrid,16,No
22760,IT,Intern,5.6,Master,87125,2.5,Hybrid,18,No
22761,Finance,Analyst,14.9,Master,63786,2.6,Office,37,No
22762,IT,Analyst,1.7,Diploma,99512,2.2,Office,1,Yes
22763,Finance,Analyst,9.8,Diploma,18322,2.7,Remote,24,No
22764,Finance,Senior Manager,11.7,Diploma,90679,1.9,Hybrid,6,Yes
22765,Finance,Manager,19.7,Master,36050,1.4,Hybrid,33,No
22766,Marketing,Executive,5.7,Diploma,88967,2.1,Hybrid,19,Yes
22767,Sales,Manager,0.9,Master,63154,3.0,Office,2,No
22768,Marketing,Senior Manager,1.3,Bachelor,116729,2.5,Remote,39,No
22769,IT,Intern,17.4,PhD,134354,1.2,Hybrid,11,No
22770,IT,Intern,13.2,PhD,146839,3.3,Remote,8,No
22771,IT,Manager,11.9,Diploma,39307,3.9,Remote,26,No
22772,Operations,Manager,8.1,Diploma,66467,4.8,Remote,9,No
22773,Operations,Intern,13.0,PhD,39680,3.8,Hybrid,11,No
22774,Finance,Analyst,9.2,PhD,157595,2.1,Hybrid,9,No
22775,Finance,Manager,1.7,Diploma,113031,4.1,Office,18,No
22776,HR,Executive,1.3,Bachelor,174622,4.8,Office,38,Yes
22777,Sales,Intern,4.3,PhD,36361,4.8,Remote,29,No
22778,Finance,Senior Manager,13.8,Bachelor,152240,3.3,Hybrid,30,No
22779,Finance,Executive,8.2,Bachelor,87391,3.5,Office,11,No
22780,IT,Executive,2.7,Master,24267,1.1,Office,16,No
22781,Finance,Senior Manager,19.5,Bachelor,130368,4.2,Office,32,No
22782,Finance,Analyst,15.6,PhD,36559,1.1,Office,0,No
22783,HR,Manager,4.4,PhD,137781,4.5,Remote,34,No
22784,Operations,Senior Manager,6.0,Bachelor,51150,2.6,Remote,11,No
22785,HR,Analyst,18.1,Bachelor,128460,2.3,Office,13,No
22786,HR,Executive,14.8,Diploma,161628,5.0,Hybrid,11,No
22787,IT,Analyst,16.9,Bachelor,118137,3.6,Remote,37,No
22788,Finance,Manager,17.2,Diploma,29393,5.0,Remote,0,No
22789,Sales,Manager,7.6,Bachelor,86447,1.2,Hybrid,36,No
22790,Sales,Intern,11.1,Master,136402,3.6,Office,31,Yes
22791,IT,Manager,2.3,PhD,132169,1.9,Hybrid,12,No
22792,HR,Analyst,6.0,Bachelor,167762,4.7,Office,29,No
22793,Finance,Intern,7.1,Diploma,20244,2.7,Remote,30,No
22794,Marketing,Intern,18.1,Master,65718,2.1,Remote,24,Yes
22795,HR,Analyst,16.6,Diploma,57203,1.7,Office,17,No
22796,Operations,Executive,11.9,PhD,21234,4.6,Remote,22,No
22797,Operations,Senior Manager,9.2,Bachelor,95341,2.2,Office,9,No
22798,Finance,Senior Manager,16.3,PhD,88904,2.3,Remote,0,No
22799,HR,Manager,6.0,Bachelor,95887,4.2,Remote,38,No
22800,HR,Manager,3.4,PhD,41747,3.6,Hybrid,16,Yes
22801,Marketing,Intern,15.2,Diploma,173249,1.4,Hybrid,26,Yes
22802,Finance,Manager,14.2,PhD,109072,1.3,Remote,3,No
22803,Marketing,Analyst,18.0,PhD,118664,4.3,Remote,22,No
22804,Sales,Executive,17.6,Bachelor,26194,3.8,Hybrid,9,No
22805,Finance,Senior Manager,6.1,Master,127926,1.4,Hybrid,21,No
22806,Operations,Executive,1.0,Master,133257,1.3,Office,8,No
22807,Operations,Intern,1.5,Diploma,88922,3.9,Hybrid,14,No
22808,HR,Analyst,0.4,Diploma,173301,2.0,Hybrid,5,Yes
22809,Marketing,Executive,4.8,PhD,150708,2.2,Office,12,No
22810,Sales,Senior Manager,14.7,Master,107964,2.4,Office,17,No
22811,HR,Intern,18.2,Diploma,60489,1.7,Office,27,No
22812,Operations,Executive,1.8,PhD,86428,1.9,Remote,1,No
22813,IT,Intern,6.3,Diploma,112577,4.7,Hybrid,3,Yes
22814,Operations,Intern,18.7,PhD,170500,4.0,Hybrid,22,No
22815,Finance,Intern,17.6,Diploma,77814,1.1,Office,18,No
22816,Operations,Intern,0.0,Master,128849,5.0,Office,17,No
22817,IT,Intern,19.5,Master,144024,4.8,Office,35,Yes
22818,Sales,Executive,9.6,Master,137837,2.8,Remote,20,No
22819,Sales,Intern,11.1,Master,60763,2.0,Office,31,No
22820,Operations,Analyst,17.5,Diploma,142648,2.2,Remote,34,No
22821,HR,Manager,9.1,Diploma,57089,4.3,Office,8,No
22822,Sales,Manager,6.2,Diploma,131604,3.3,Remote,15,Yes
22823,IT,Executive,8.8,Diploma,117426,1.7,Office,14,No
22824,Operations,Analyst,10.8,PhD,88974,4.2,Office,11,Yes
22825,Operations,Senior Manager,9.3,Bachelor,65783,2.5,Hybrid,23,No
22826,HR,Manager,10.7,PhD,96096,4.7,Hybrid,36,No
22827,HR,Analyst,12.9,PhD,91912,1.7,Hybrid,22,No
22828,Marketing,Senior Manager,0.4,Diploma,64547,1.6,Remote,38,No
22829,HR,Analyst,4.1,PhD,88186,1.5,Office,0,Yes
22830,Marketing,Analyst,3.4,PhD,52710,1.1,Remote,28,No
22831,Operations,Executive,14.6,Diploma,32796,2.0,Hybrid,30,No
22832,Marketing,Intern,4.8,Diploma,57986,5.0,Remote,24,No
22833,HR,Senior Manager,8.2,Bachelor,113720,4.3,Hybrid,31,No
22834,Operations,Manager,5.8,Diploma,159921,2.7,Remote,13,No
22835,Operations,Manager,12.8,Bachelor,149269,4.0,Hybrid,24,No
22836,IT,Executive,16.4,Bachelor,116251,4.0,Office,14,No
22837,Finance,Executive,6.0,PhD,128559,3.6,Remote,8,No
22838,Operations,Analyst,8.9,Bachelor,164143,2.6,Remote,39,No
22839,Finance,Analyst,4.9,Bachelor,169402,3.8,Remote,30,No
22840,IT,Senior Manager,12.1,Diploma,103813,1.9,Remote,14,No
22841,Operations,Analyst,16.3,PhD,82916,1.5,Remote,18,No
22842,Finance,Analyst,9.5,Diploma,82387,1.5,Hybrid,15,No
22843,Operations,Intern,12.2,Bachelor,168597,3.0,Office,37,No
22844,Operations,Executive,13.3,PhD,32863,2.9,Office,17,No
22845,Sales,Senior Manager,18.8,Master,36874,2.9,Office,1,Yes
22846,Finance,Analyst,17.0,Diploma,37445,4.7,Hybrid,38,No
22847,Operations,Intern,17.1,PhD,131448,2.1,Hybrid,5,No
22848,Sales,Senior Manager,17.9,Bachelor,108231,2.5,Hybrid,28,No
22849,Sales,Executive,17.9,Master,44061,1.2,Office,20,No
22850,Sales,Manager,7.7,PhD,162107,2.0,Remote,22,No
22851,HR,Analyst,6.1,Diploma,69820,4.6,Remote,19,No
22852,Finance,Senior Manager,15.4,Bachelor,87710,3.5,Remote,22,Yes
22853,Sales,Senior Manager,12.8,Diploma,66593,2.4,Office,1,No
22854,Marketing,Executive,9.4,Master,126366,4.5,Hybrid,27,Yes
22855,Finance,Intern,12.2,Diploma,87359,3.6,Remote,6,Yes
22856,Operations,Intern,8.5,PhD,111866,3.9,Remote,1,No
22857,Sales,Senior Manager,1.9,Master,59082,1.1,Remote,10,No
22858,IT,Senior Manager,18.1,Master,45026,4.2,Hybrid,36,No
22859,Sales,Executive,7.7,Master,22777,3.5,Remote,18,No
22860,IT,Senior Manager,2.8,Diploma,64052,4.3,Office,32,No
22861,HR,Manager,2.9,Bachelor,32361,4.8,Remote,18,Yes
22862,IT,Analyst,1.0,PhD,140693,4.6,Remote,8,Yes
22863,Finance,Intern,16.0,Diploma,137152,3.1,Office,30,Yes
22864,HR,Executive,15.9,Diploma,20618,4.5,Hybrid,2,Yes
22865,HR,Intern,4.3,Bachelor,88620,1.4,Remote,35,No
22866,Operations,Analyst,18.3,Bachelor,69520,3.5,Office,38,Yes
22867,Finance,Analyst,18.0,PhD,18956,3.0,Office,16,No
22868,Finance,Senior Manager,13.5,Diploma,56201,2.2,Remote,9,No
22869,Sales,Manager,19.0,Bachelor,122653,1.5,Hybrid,10,No
22870,Sales,Analyst,11.8,Bachelor,39895,2.6,Hybrid,9,No
22871,Marketing,Intern,1.3,Diploma,118376,1.7,Office,34,Yes
22872,IT,Executive,14.6,Master,36970,1.8,Remote,18,No
22873,Marketing,Intern,7.6,Bachelor,34925,1.7,Hybrid,31,No
22874,IT,Intern,10.8,Bachelor,178030,4.2,Office,27,No
22875,HR,Manager,7.6,Diploma,67221,3.5,Remote,23,Yes
22876,HR,Analyst,19.6,Diploma,70692,3.0,Office,1,No
22877,Operations,Manager,13.2,PhD,151621,4.2,Office,6,Yes
22878,Sales,Senior Manager,1.6,Bachelor,31164,4.8,Hybrid,17,Yes
22879,Sales,Analyst,19.7,Diploma,102088,2.7,Hybrid,14,No
22880,IT,Manager,15.2,Diploma,179105,1.8,Remote,28,No
22881,Finance,Executive,8.9,Master,149924,2.7,Office,24,No
22882,Marketing,Executive,0.4,Diploma,155322,3.7,Remote,32,No
22883,Sales,Executive,17.4,Bachelor,23405,1.6,Office,10,No
22884,Marketing,Executive,4.5,Master,32293,3.8,Remote,31,No
22885,Marketing,Senior Manager,13.5,Diploma,139795,1.9,Remote,25,No
22886,Sales,Executive,4.5,Bachelor,43859,1.2,Remote,23,No
22887,Marketing,Analyst,2.9,Master,132506,3.3,Remote,13,Yes
22888,Finance,Manager,18.3,Master,33150,1.1,Hybrid,9,Yes
22889,HR,Analyst,7.5,Diploma,142783,4.9,Remote,0,No
22890,HR,Intern,19.9,PhD,79228,1.6,Office,5,No
22891,HR,Senior Manager,12.3,Diploma,105485,4.4,Office,39,No
22892,Operations,Manager,15.9,Diploma,96432,4.1,Office,25,No
22893,Operations,Executive,0.8,PhD,41714,2.2,Office,35,No
22894,HR,Intern,2.4,PhD,47026,1.5,Hybrid,36,No
22895,Finance,Executive,3.5,Master,65540,4.8,Hybrid,20,No
22896,Sales,Analyst,12.0,PhD,51455,2.5,Remote,0,No
22897,Marketing,Intern,13.6,Master,107483,2.5,Remote,26,No
22898,Finance,Intern,15.7,PhD,139378,1.6,Remote,10,No
22899,Finance,Intern,1.3,Bachelor,15469,3.9,Remote,2,No
22900,Sales,Executive,10.1,Master,176691,1.7,Hybrid,16,No
22901,Sales,Senior Manager,9.0,Bachelor,51234,1.5,Hybrid,1,No
22902,Operations,Senior Manager,13.6,Diploma,121231,1.4,Office,36,No
22903,HR,Executive,14.8,Master,25133,2.8,Hybrid,9,No
22904,Operations,Senior Manager,0.3,Master,110768,3.1,Hybrid,38,No
22905,Finance,Intern,1.2,Master,172035,3.6,Office,15,No
22906,Operations,Manager,9.8,Master,36918,1.4,Office,9,No
22907,Operations,Executive,11.1,PhD,76114,2.4,Office,39,No
22908,Sales,Intern,18.4,PhD,37722,2.9,Remote,36,No
22909,Operations,Manager,11.2,Diploma,55660,4.9,Hybrid,6,Yes
22910,HR,Senior Manager,8.8,Bachelor,157965,4.6,Remote,15,No
22911,IT,Senior Manager,17.1,Diploma,152861,4.0,Office,34,No
22912,HR,Intern,8.3,PhD,69540,3.9,Remote,4,No
22913,Marketing,Senior Manager,7.7,PhD,179709,1.5,Office,15,No
22914,HR,Executive,11.8,PhD,87372,4.7,Office,10,No
22915,Marketing,Manager,14.5,PhD,174545,1.4,Remote,37,No
22916,Marketing,Executive,4.7,Master,104282,3.1,Hybrid,0,No
22917,Finance,Executive,11.4,Master,122443,1.3,Office,37,No
22918,Marketing,Manager,7.1,Master,22780,2.3,Remote,23,No
22919,IT,Senior Manager,2.2,Diploma,145324,3.9,Office,19,No
22920,Sales,Intern,11.7,PhD,151314,5.0,Hybrid,22,No
22921,Operations,Intern,1.8,Bachelor,58646,4.3,Remote,34,Yes
22922,Sales,Analyst,4.0,PhD,111003,1.8,Hybrid,37,No
22923,Operations,Manager,15.6,Bachelor,35156,4.3,Office,31,No
22924,IT,Senior Manager,16.5,Diploma,22162,5.0,Office,7,No
22925,IT,Analyst,8.5,Master,132669,3.7,Office,25,No
22926,Operations,Manager,8.7,Bachelor,116953,4.3,Office,29,No
22927,HR,Executive,6.0,Master,101967,1.1,Hybrid,18,No
22928,IT,Intern,4.2,Diploma,142013,1.2,Remote,21,No
22929,Operations,Executive,6.2,Bachelor,178613,1.6,Remote,21,No
22930,Marketing,Executive,8.3,Bachelor,140066,2.1,Office,29,No
22931,IT,Intern,10.0,Bachelor,53603,2.0,Remote,24,No
22932,Operations,Executive,0.5,Bachelor,111353,3.4,Remote,35,No
22933,Operations,Manager,13.7,PhD,135168,3.3,Hybrid,21,No
22934,Finance,Senior Manager,11.7,Diploma,71000,1.5,Hybrid,5,No
22935,Operations,Intern,0.1,Diploma,92559,2.9,Office,25,No
22936,IT,Intern,13.4,Bachelor,28990,1.3,Remote,8,Yes
22937,Sales,Executive,3.3,PhD,73527,4.1,Remote,31,No
22938,IT,Executive,10.9,Diploma,167271,1.5,Remote,34,No
22939,HR,Senior Manager,12.8,PhD,153659,2.6,Office,23,No
22940,IT,Manager,10.5,Master,158940,4.7,Hybrid,16,No
22941,Marketing,Executive,6.5,Master,105418,4.6,Hybrid,16,No
22942,Marketing,Intern,14.5,Diploma,47410,2.4,Office,7,No
22943,Marketing,Manager,9.7,Master,29088,3.7,Office,5,No
22944,IT,Senior Manager,13.2,Bachelor,80328,4.9,Hybrid,3,No
22945,IT,Intern,16.7,PhD,59002,3.6,Hybrid,12,No
22946,Finance,Senior Manager,10.3,Master,40842,4.3,Office,27,Yes
22947,Sales,Intern,17.6,Bachelor,95427,4.2,Hybrid,10,No
22948,HR,Executive,1.9,Diploma,44479,2.5,Hybrid,22,No
22949,Operations,Senior Manager,18.8,PhD,118285,1.2,Remote,18,Yes
22950,HR,Manager,15.6,Master,34754,1.3,Hybrid,37,No
22951,Operations,Senior Manager,17.6,PhD,155106,2.2,Hybrid,15,No
22952,IT,Manager,3.8,Master,61213,1.6,Remote,11,No
22953,Finance,Senior Manager,0.3,Bachelor,51144,4.6,Hybrid,2,No
22954,Finance,Senior Manager,2.4,Bachelor,129535,2.5,Office,37,No
22955,Operations,Senior Manager,6.9,Master,72969,2.2,Remote,30,No
22956,Finance,Executive,11.5,Diploma,24224,1.9,Hybrid,22,No
22957,IT,Intern,15.4,Bachelor,43697,3.5,Office,15,No
22958,HR,Intern,17.7,Master,145451,3.2,Hybrid,26,Yes
22959,Finance,Executive,16.5,Bachelor,90120,1.5,Remote,19,No
22960,Operations,Intern,13.7,Master,79160,2.4,Remote,14,Yes
22961,Finance,Manager,10.8,Diploma,44381,3.7,Office,31,No
22962,IT,Manager,0.3,PhD,147068,2.2,Hybrid,29,No
22963,HR,Analyst,3.5,Master,110307,4.1,Hybrid,1,No
22964,Sales,Analyst,18.9,Bachelor,34724,2.7,Office,27,No
22965,Operations,Intern,5.2,PhD,93397,1.5,Remote,32,No
22966,Sales,Senior Manager,7.7,Bachelor,24783,4.8,Hybrid,18,Yes
22967,Marketing,Analyst,1.0,Bachelor,115458,2.2,Hybrid,32,No
22968,HR,Analyst,4.6,PhD,101363,1.7,Hybrid,28,No
22969,Finance,Intern,10.8,Bachelor,73729,1.1,Office,16,Yes
22970,Operations,Manager,11.7,Bachelor,119950,3.9,Remote,14,No
22971,IT,Executive,18.8,PhD,23335,4.9,Office,5,No
22972,Marketing,Manager,6.6,PhD,49569,4.8,Hybrid,39,No
22973,Sales,Intern,4.2,PhD,60907,4.6,Hybrid,7,No
22974,HR,Analyst,12.5,Master,104822,4.5,Hybrid,37,No
22975,IT,Executive,10.1,PhD,160694,1.2,Hybrid,11,No
22976,Finance,Analyst,4.9,Bachelor,29261,3.1,Office,18,No
22977,IT,Manager,10.3,Diploma,25812,4.9,Remote,26,No
22978,Finance,Manager,9.8,Bachelor,86711,1.5,Hybrid,31,No
22979,Marketing,Intern,19.1,Bachelor,133401,4.6,Hybrid,39,No
22980,Sales,Senior Manager,6.7,Diploma,140474,2.2,Hybrid,8,No
22981,Finance,Senior Manager,4.5,PhD,167677,1.9,Office,4,No
22982,Marketing,Intern,19.0,Bachelor,162020,2.5,Remote,16,No
22983,IT,Intern,7.4,Master,66654,4.1,Office,21,No
22984,Sales,Manager,4.3,Bachelor,142912,1.9,Hybrid,35,No
22985,HR,Executive,10.3,Master,25522,4.7,Remote,8,No
22986,Operations,Intern,2.8,Master,109123,3.1,Remote,22,No
22987,Finance,Executive,10.1,Bachelor,84062,4.0,Remote,38,No
22988,HR,Manager,2.0,Master,76679,1.3,Office,15,No
22989,IT,Manager,9.8,Master,150320,4.8,Hybrid,10,No
22990,Sales,Intern,17.0,PhD,150824,2.1,Hybrid,32,No
22991,IT,Manager,11.8,Bachelor,178539,2.4,Remote,2,No
22992,Sales,Analyst,3.0,PhD,53396,2.9,Hybrid,18,No
22993,Operations,Senior Manager,7.3,Master,176230,1.4,Hybrid,31,No
22994,Finance,Manager,6.9,Bachelor,115620,4.6,Office,22,No
22995,Finance,Intern,16.9,Diploma,154747,1.7,Hybrid,2,No
22996,Marketing,Executive,0.4,Master,48076,1.2,Office,34,No
22997,Finance,Manager,8.2,Diploma,59542,3.7,Office,14,No
22998,HR,Manager,18.9,Master,157631,3.5,Hybrid,33,No
22999,Operations,Manager,4.2,PhD,125343,4.7,Remote,10,No
23000,IT,Analyst,18.6,Diploma,46314,3.5,Hybrid,16,No
23001,Operations,Executive,5.7,Diploma,89794,4.1,Remote,1,Yes
23002,Operations,Executive,18.0,Bachelor,142444,5.0,Remote,32,No
23003,Operations,Senior Manager,11.6,Diploma,101114,2.9,Hybrid,33,No
23004,Operations,Senior Manager,17.7,Diploma,121696,1.1,Hybrid,22,No
23005,Operations,Senior Manager,11.0,PhD,37536,2.4,Office,35,No
23006,Operations,Analyst,1.1,PhD,65913,3.8,Hybrid,1,No
23007,Sales,Manager,10.1,PhD,21778,3.6,Hybrid,1,Yes
23008,Sales,Manager,12.7,PhD,19253,3.8,Office,11,Yes
23009,Marketing,Executive,6.1,Bachelor,35616,3.1,Hybrid,30,Yes
23010,Sales,Intern,5.8,Diploma,29359,2.1,Hybrid,6,No
23011,Sales,Manager,10.8,Master,126255,4.3,Hybrid,22,No
23012,Marketing,Executive,9.8,Bachelor,107772,4.8,Office,14,No
23013,Finance,Senior Manager,19.9,Master,91812,2.7,Hybrid,25,No
23014,Finance,Manager,13.9,Master,164870,4.4,Remote,12,No
23015,HR,Intern,0.6,Diploma,143611,1.9,Remote,30,No
23016,Marketing,Manager,17.8,Bachelor,15820,3.4,Remote,5,No
23017,Finance,Intern,12.2,PhD,116233,3.9,Office,26,No
23018,IT,Analyst,8.0,Bachelor,141117,4.4,Office,16,No
23019,Marketing,Manager,8.8,PhD,167800,2.3,Remote,32,No
23020,IT,Executive,17.2,PhD,155675,3.8,Hybrid,20,No
23021,IT,Manager,2.3,PhD,145528,4.8,Hybrid,1,Yes
23022,Finance,Intern,10.1,Diploma,47580,3.4,Remote,31,No
23023,Marketing,Senior Manager,13.5,Master,17791,3.7,Office,4,No
23024,IT,Senior Manager,13.1,PhD,61449,1.2,Remote,5,No
23025,IT,Intern,10.2,Master,39113,1.1,Hybrid,24,No
23026,Operations,Senior Manager,5.2,Master,134971,3.6,Remote,5,No
23027,Operations,Manager,19.9,PhD,98047,3.0,Hybrid,0,No
23028,Operations,Senior Manager,17.5,Diploma,128560,4.3,Office,22,No
23029,IT,Analyst,2.0,Diploma,37667,3.1,Hybrid,7,No
23030,Marketing,Intern,2.7,PhD,171029,1.5,Office,6,No
23031,IT,Executive,12.6,Bachelor,94155,4.8,Hybrid,32,No
23032,IT,Intern,5.5,Master,92093,4.2,Hybrid,24,No
23033,IT,Executive,15.7,PhD,158971,1.4,Office,3,No
23034,IT,Manager,14.2,Bachelor,159238,4.6,Hybrid,24,No
23035,Operations,Analyst,18.7,PhD,144468,1.6,Office,12,No
23036,Finance,Intern,19.1,Master,109498,2.0,Office,31,No
23037,IT,Analyst,19.9,PhD,67481,1.2,Hybrid,9,No
23038,Marketing,Senior Manager,9.9,Master,36753,1.7,Hybrid,38,Yes
23039,Finance,Executive,0.7,Diploma,33861,2.8,Hybrid,13,Yes
23040,Sales,Senior Manager,12.0,Master,145725,4.6,Hybrid,28,No
23041,Operations,Senior Manager,3.9,Diploma,124793,2.1,Hybrid,32,Yes
23042,IT,Intern,6.1,Master,85794,2.3,Remote,33,Yes
23043,Marketing,Analyst,13.1,Bachelor,24624,1.8,Remote,4,No
23044,Operations,Executive,1.8,PhD,44369,1.0,Office,23,No
23045,Operations,Analyst,8.3,Master,19807,4.7,Hybrid,15,Yes
23046,Sales,Manager,3.5,Bachelor,150701,4.3,Hybrid,39,No
23047,Operations,Executive,4.2,Bachelor,101841,4.5,Remote,18,No
23048,Finance,Senior Manager,3.5,Master,169046,2.8,Hybrid,9,No
23049,Operations,Intern,10.6,PhD,159138,4.5,Hybrid,5,Yes
23050,Sales,Manager,13.5,Bachelor,134970,4.1,Remote,25,No
23051,IT,Analyst,14.4,Diploma,75358,3.6,Office,21,No
23052,Sales,Executive,11.2,Master,176401,2.0,Hybrid,24,Yes
23053,Finance,Manager,18.9,Master,166545,4.2,Remote,30,No
23054,Marketing,Executive,8.6,Diploma,125815,2.3,Remote,29,No
23055,Operations,Intern,17.7,Bachelor,82584,2.9,Office,10,No
23056,Sales,Executive,5.6,Master,163598,4.5,Office,29,No
23057,Marketing,Senior Manager,7.0,Master,62084,3.5,Office,30,No
23058,Finance,Analyst,16.6,Master,144312,2.1,Remote,0,No
23059,Operations,Intern,6.2,Master,96096,1.4,Remote,39,No
23060,Marketing,Manager,15.6,Bachelor,71307,4.2,Remote,32,No
23061,Finance,Intern,12.8,Bachelor,70056,1.8,Office,31,No
23062,IT,Manager,9.0,PhD,145589,1.1,Hybrid,26,Yes
23063,Marketing,Executive,7.7,Master,150188,2.0,Office,16,No
23064,Operations,Analyst,5.0,Bachelor,37174,1.9,Hybrid,19,No
23065,Operations,Manager,14.5,Diploma,86587,1.6,Hybrid,30,No
23066,Marketing,Executive,4.7,Bachelor,38224,4.4,Remote,7,No
23067,Operations,Analyst,5.5,Master,62054,2.5,Office,32,No
23068,HR,Executive,11.8,PhD,159928,3.2,Remote,13,No
23069,Marketing,Executive,14.4,PhD,102427,4.2,Hybrid,4,No
23070,Marketing,Intern,6.3,Bachelor,20022,2.9,Remote,5,Yes
23071,Sales,Manager,3.6,PhD,138280,1.9,Office,11,No
23072,Finance,Analyst,7.3,Bachelor,73840,3.5,Remote,32,No
23073,Sales,Senior Manager,16.9,Diploma,71294,1.7,Remote,32,No
23074,IT,Senior Manager,9.8,Diploma,58382,4.1,Remote,11,Yes
23075,Finance,Intern,18.4,Diploma,121088,1.9,Hybrid,22,Yes
23076,Sales,Executive,5.0,Bachelor,71955,1.9,Hybrid,6,No
23077,Marketing,Executive,1.8,Bachelor,132964,1.5,Office,16,No
23078,Sales,Intern,14.9,Bachelor,28410,4.9,Office,11,No
23079,Operations,Executive,17.7,Master,130366,4.5,Remote,20,Yes
23080,Operations,Manager,5.5,Diploma,179576,4.5,Office,5,No
23081,Sales,Senior Manager,8.6,Diploma,50528,2.7,Hybrid,17,No
23082,Sales,Senior Manager,9.6,PhD,99086,1.7,Hybrid,4,No
23083,Sales,Senior Manager,0.8,Master,156645,4.9,Remote,17,Yes
23084,Finance,Senior Manager,13.6,Master,70428,2.0,Office,4,No
23085,HR,Intern,3.7,Diploma,124208,1.3,Hybrid,27,Yes
23086,Finance,Senior Manager,12.7,Diploma,77141,3.8,Hybrid,27,Yes
23087,IT,Senior Manager,3.5,Master,123364,3.0,Remote,22,No
23088,Marketing,Senior Manager,18.7,Bachelor,134286,1.3,Hybrid,38,Yes
23089,HR,Manager,0.2,PhD,71903,2.6,Office,28,No
23090,Sales,Intern,12.3,PhD,66034,1.6,Hybrid,27,No
23091,HR,Intern,8.5,Bachelor,69210,4.4,Hybrid,9,No
23092,Operations,Manager,15.4,Bachelor,87543,2.1,Remote,15,No
23093,Operations,Executive,2.1,Bachelor,34872,3.4,Remote,34,No
23094,HR,Analyst,4.0,Diploma,176088,3.0,Hybrid,2,No
23095,IT,Senior Manager,12.5,Master,47528,4.5,Remote,24,No
23096,HR,Manager,0.4,Diploma,103125,2.9,Hybrid,3,No
23097,Finance,Intern,1.1,Master,174487,1.4,Remote,16,No
23098,Sales,Manager,5.4,PhD,47904,1.8,Office,28,No
23099,Marketing,Executive,7.3,Diploma,86919,3.2,Office,26,No
23100,HR,Executive,13.0,Bachelor,46823,2.3,Hybrid,8,No
23101,Marketing,Executive,2.1,Bachelor,122078,2.5,Office,2,Yes
23102,Operations,Manager,0.9,PhD,41546,1.4,Remote,18,No
23103,HR,Analyst,15.3,PhD,92747,4.7,Hybrid,19,No
23104,Operations,Manager,3.8,Master,42882,3.2,Office,39,Yes
23105,Operations,Senior Manager,16.6,Master,53394,3.0,Hybrid,31,No
23106,HR,Executive,5.9,Bachelor,163002,2.2,Hybrid,27,No
23107,Marketing,Analyst,8.7,PhD,159673,1.4,Hybrid,6,No
23108,Finance,Senior Manager,19.7,Diploma,136619,3.1,Office,19,Yes
23109,Marketing,Senior Manager,1.8,Bachelor,122381,2.2,Office,8,No
23110,Operations,Manager,1.0,Bachelor,72272,1.3,Office,33,No
23111,HR,Intern,3.9,Bachelor,130534,1.6,Hybrid,27,No
23112,Sales,Senior Manager,9.4,Master,37080,3.6,Office,16,No
23113,IT,Executive,12.8,Diploma,135813,4.2,Remote,3,No
23114,Sales,Senior Manager,14.3,Master,23285,2.0,Office,23,No
23115,Marketing,Analyst,8.2,Bachelor,152898,1.7,Remote,13,No
23116,Marketing,Manager,0.5,PhD,40605,2.8,Remote,20,No
23117,Finance,Manager,6.4,Diploma,49460,4.7,Remote,0,No
23118,Operations,Manager,19.6,Diploma,67216,4.5,Remote,1,No
23119,Finance,Intern,17.1,Diploma,136753,3.3,Office,4,No
23120,Sales,Analyst,19.0,Diploma,158588,4.2,Remote,13,No
23121,Sales,Intern,12.4,Diploma,42760,1.2,Office,25,Yes
23122,Sales,Intern,12.8,Diploma,24893,3.1,Office,15,No
23123,Operations,Analyst,6.0,PhD,150237,2.3,Office,6,No
23124,HR,Analyst,18.0,Master,48013,3.8,Remote,18,No
23125,Sales,Executive,11.4,Diploma,87379,4.5,Hybrid,4,No
23126,Finance,Analyst,5.2,Master,146600,2.4,Hybrid,2,No
23127,Operations,Analyst,9.5,Bachelor,80184,1.2,Remote,19,Yes
23128,Operations,Senior Manager,12.2,Diploma,179083,2.3,Office,32,No
23129,HR,Executive,8.9,PhD,21231,3.9,Remote,21,Yes
23130,Finance,Analyst,3.1,Master,152523,4.5,Remote,23,No
23131,Operations,Manager,17.1,Diploma,23495,1.1,Hybrid,34,No
23132,Marketing,Analyst,13.9,Bachelor,116136,4.0,Office,34,No
23133,Operations,Intern,11.8,PhD,75453,1.4,Office,31,No
23134,Finance,Senior Manager,19.5,PhD,85717,2.8,Remote,7,No
23135,IT,Intern,19.9,Master,174114,1.1,Hybrid,26,No
23136,Operations,Analyst,19.6,Diploma,150832,3.2,Office,17,Yes
23137,HR,Analyst,0.8,Master,64449,2.2,Office,22,No
23138,HR,Executive,19.0,PhD,87085,4.5,Hybrid,1,No
23139,Sales,Intern,6.3,Diploma,155507,3.4,Office,16,No
23140,Finance,Senior Manager,13.1,Diploma,51023,3.2,Remote,12,Yes
23141,HR,Intern,20.0,PhD,62367,3.0,Hybrid,27,No
23142,Operations,Senior Manager,17.6,Bachelor,132388,3.8,Office,20,No
23143,HR,Senior Manager,3.5,Bachelor,57912,1.5,Remote,0,No
23144,HR,Manager,9.6,Bachelor,76683,2.4,Remote,38,No
23145,Operations,Executive,1.9,Bachelor,165870,2.5,Office,22,No
23146,Marketing,Intern,0.4,PhD,140056,1.2,Remote,36,No
23147,HR,Executive,17.9,PhD,74548,2.9,Remote,20,No
23148,Operations,Analyst,8.6,Master,78053,2.6,Hybrid,24,Yes
23149,HR,Senior Manager,7.2,Diploma,35144,2.2,Remote,5,Yes
23150,Finance,Executive,18.0,PhD,43120,2.2,Hybrid,31,No
23151,Marketing,Senior Manager,9.9,Master,124093,3.7,Remote,16,No
23152,Finance,Executive,19.7,Bachelor,160400,2.9,Office,28,No
23153,Sales,Intern,2.9,PhD,132849,3.4,Hybrid,35,No
23154,IT,Intern,11.0,Diploma,25509,2.9,Hybrid,32,No
23155,Finance,Analyst,7.1,Bachelor,133853,1.8,Office,5,Yes
23156,Finance,Analyst,0.1,Bachelor,170456,2.0,Office,31,No
23157,IT,Senior Manager,16.2,PhD,119680,1.1,Hybrid,13,No
23158,Finance,Intern,8.7,PhD,100416,1.1,Hybrid,24,No
23159,Finance,Intern,9.7,PhD,148836,4.0,Office,21,No
23160,HR,Manager,17.8,PhD,109009,4.6,Hybrid,19,No
23161,HR,Executive,1.4,Diploma,111387,3.0,Office,25,No
23162,Sales,Senior Manager,12.6,Master,66197,4.1,Remote,12,No
23163,Operations,Analyst,16.3,Diploma,124639,2.0,Hybrid,27,No
23164,Sales,Senior Manager,10.7,Bachelor,119576,4.5,Remote,15,No
23165,Finance,Analyst,19.0,PhD,77433,3.2,Office,0,No
23166,Marketing,Analyst,1.8,Master,134665,1.6,Hybrid,34,No
23167,HR,Senior Manager,14.8,Bachelor,106472,3.3,Office,21,No
23168,Sales,Analyst,17.3,Master,146352,3.8,Office,13,No
23169,IT,Senior Manager,3.4,Diploma,116567,1.0,Hybrid,30,Yes
23170,HR,Executive,4.3,PhD,166839,3.0,Remote,34,No
23171,Finance,Manager,10.0,PhD,59667,3.6,Office,6,No
23172,IT,Intern,8.9,PhD,80501,2.8,Remote,19,No
23173,HR,Intern,12.7,Master,145229,1.4,Remote,16,No
23174,Sales,Executive,15.6,Diploma,103818,4.2,Remote,0,No
23175,Finance,Intern,9.2,Master,23186,4.4,Remote,9,Yes
23176,Marketing,Senior Manager,2.0,PhD,167773,1.3,Office,14,No
23177,IT,Executive,5.0,Master,106651,2.3,Hybrid,5,No
23178,Sales,Senior Manager,3.5,Master,23717,1.9,Hybrid,27,No
23179,Finance,Manager,13.3,Diploma,108807,4.6,Hybrid,34,No
23180,Sales,Manager,14.6,Master,137775,2.2,Office,15,No
23181,IT,Executive,9.5,Master,72427,4.8,Hybrid,18,Yes
23182,Marketing,Analyst,16.8,Master,47256,1.2,Hybrid,1,No
23183,IT,Analyst,7.7,Diploma,137286,2.7,Remote,23,Yes
23184,IT,Manager,12.4,Diploma,74538,3.1,Hybrid,2,No
23185,Finance,Executive,19.6,Bachelor,68008,4.2,Office,19,No
23186,HR,Manager,13.3,PhD,126080,2.3,Remote,10,No
23187,IT,Analyst,9.6,Diploma,107773,3.6,Hybrid,19,No
23188,HR,Analyst,17.2,PhD,145329,3.4,Office,24,No
23189,Operations,Analyst,3.0,Bachelor,26678,3.6,Hybrid,13,No
23190,Finance,Intern,13.4,Diploma,118640,4.2,Office,39,Yes
23191,Marketing,Analyst,16.7,Bachelor,16001,4.6,Hybrid,1,No
23192,Marketing,Senior Manager,13.8,Diploma,157163,1.9,Office,35,No
23193,Finance,Senior Manager,5.0,Bachelor,139071,2.1,Hybrid,22,No
23194,Sales,Intern,2.0,PhD,120245,1.1,Office,10,No
23195,Marketing,Manager,10.6,Bachelor,106820,3.4,Hybrid,35,No
23196,Marketing,Manager,4.0,Diploma,170964,4.8,Office,39,No
23197,Sales,Intern,15.5,PhD,66529,4.1,Office,9,No
23198,Operations,Intern,4.8,Bachelor,79603,4.7,Office,27,No
23199,Marketing,Senior Manager,12.0,Bachelor,90663,4.5,Office,9,No
23200,Operations,Senior Manager,18.6,PhD,166949,4.2,Remote,32,No
23201,Finance,Intern,15.1,Master,148781,1.6,Hybrid,27,No
23202,Finance,Manager,9.5,Bachelor,88194,4.3,Remote,21,No
23203,Operations,Manager,14.9,Master,127719,4.6,Remote,5,No
23204,Sales,Executive,10.6,Master,110439,2.2,Remote,5,No
23205,HR,Manager,19.3,Master,127950,2.6,Hybrid,26,No
23206,Sales,Manager,12.9,Diploma,155573,1.5,Hybrid,7,No
23207,Finance,Senior Manager,4.5,Master,66346,4.7,Hybrid,23,No
23208,Marketing,Manager,1.6,Diploma,160463,4.5,Hybrid,38,Yes
23209,Sales,Senior Manager,5.2,PhD,139613,1.8,Hybrid,39,No
23210,IT,Senior Manager,5.8,Master,149525,4.6,Remote,5,No
23211,HR,Manager,2.9,PhD,169599,3.9,Remote,5,No
23212,HR,Analyst,17.8,Diploma,98975,3.2,Office,12,No
23213,Marketing,Intern,11.2,Master,47333,2.1,Remote,20,No
23214,Marketing,Intern,8.2,Bachelor,85925,2.7,Hybrid,13,No
23215,Operations,Executive,18.0,Diploma,160268,4.2,Office,12,No
23216,Sales,Analyst,2.3,Diploma,87666,1.3,Remote,20,Yes
23217,Marketing,Senior Manager,8.0,Diploma,23562,4.0,Hybrid,33,No
23218,Finance,Executive,8.8,Diploma,171029,2.4,Hybrid,28,No
23219,Marketing,Senior Manager,1.8,Bachelor,83217,4.7,Hybrid,4,No
23220,HR,Executive,14.1,Master,170131,1.9,Remote,23,No
23221,Operations,Senior Manager,7.2,Bachelor,30208,4.2,Office,15,No
23222,Marketing,Analyst,8.4,PhD,96470,2.4,Office,27,No
23223,Marketing,Analyst,4.8,Bachelor,113782,2.7,Hybrid,26,No
23224,Sales,Senior Manager,6.6,Master,16561,1.0,Remote,19,No
23225,HR,Intern,1.0,Bachelor,155592,2.7,Office,18,No
23226,Operations,Manager,16.2,Diploma,107153,2.6,Hybrid,15,No
23227,Sales,Senior Manager,17.7,Master,46221,1.2,Remote,4,No
23228,Finance,Manager,14.9,PhD,26450,4.5,Office,19,No
23229,HR,Manager,2.7,Master,40476,3.9,Office,11,No
23230,IT,Executive,2.0,Diploma,36270,1.3,Hybrid,14,No
23231,Finance,Executive,1.3,Master,174643,2.4,Remote,32,No
23232,Finance,Intern,13.0,Master,155345,3.5,Remote,21,No
23233,Sales,Manager,14.2,Diploma,40591,4.7,Remote,2,No
23234,HR,Executive,4.5,Master,87393,2.8,Hybrid,0,No
23235,Sales,Analyst,10.9,PhD,141294,3.1,Remote,22,Yes
23236,IT,Senior Manager,4.7,Bachelor,148179,4.6,Remote,21,No
23237,Finance,Manager,9.3,Diploma,101807,1.6,Remote,15,No
23238,HR,Executive,3.5,Master,48769,4.2,Remote,22,No
23239,Finance,Manager,6.3,PhD,34414,4.1,Remote,9,Yes
23240,Sales,Analyst,5.0,PhD,17736,3.8,Remote,22,No
23241,IT,Manager,9.1,Diploma,143791,4.3,Office,31,Yes
23242,Marketing,Intern,17.3,Diploma,37628,2.9,Remote,11,No
23243,Sales,Executive,5.9,Bachelor,94621,3.4,Hybrid,11,No
23244,IT,Manager,0.7,Master,39168,5.0,Hybrid,15,Yes
23245,Sales,Manager,12.9,Diploma,74452,1.2,Remote,6,No
23246,Marketing,Analyst,16.0,Diploma,101168,3.0,Office,13,No
23247,Operations,Intern,17.0,Master,93501,4.2,Office,12,No
23248,Marketing,Senior Manager,4.6,Master,121305,3.6,Hybrid,30,No
23249,Marketing,Executive,14.0,Bachelor,178713,4.9,Office,20,No
23250,Finance,Senior Manager,4.8,PhD,73012,2.5,Hybrid,6,No
23251,IT,Intern,9.1,Master,54779,4.3,Remote,1,No
23252,Sales,Senior Manager,9.7,Diploma,135005,1.5,Remote,4,No
23253,IT,Manager,9.7,Master,25335,4.4,Office,29,No
23254,Sales,Senior Manager,17.9,PhD,50151,1.9,Hybrid,30,No
23255,Finance,Analyst,9.5,Bachelor,128509,2.0,Hybrid,0,No
23256,HR,Senior Manager,4.6,Bachelor,113733,2.1,Remote,28,No
23257,Operations,Manager,2.9,Master,99651,3.3,Hybrid,12,No
23258,Operations,Manager,15.8,Bachelor,33352,3.9,Hybrid,31,No
23259,Marketing,Manager,17.2,Master,67417,2.6,Remote,38,No
23260,Operations,Executive,3.0,PhD,162348,1.6,Office,38,Yes
23261,Operations,Manager,12.3,Master,155876,4.0,Hybrid,9,No
23262,HR,Analyst,10.5,Bachelor,100336,1.8,Office,37,Yes
23263,IT,Analyst,17.0,Diploma,131531,1.8,Hybrid,9,No
23264,Sales,Manager,12.8,Master,127051,2.4,Office,8,Yes
23265,Sales,Manager,13.5,PhD,52538,1.5,Office,32,No
23266,IT,Executive,1.9,Master,156472,1.3,Hybrid,24,No
23267,Operations,Executive,1.6,Bachelor,130968,2.4,Hybrid,31,No
23268,Finance,Senior Manager,17.0,Bachelor,51313,2.9,Hybrid,19,No
23269,Marketing,Intern,11.1,Master,102619,2.0,Office,7,No
23270,IT,Manager,17.0,Master,42756,2.8,Office,3,No
23271,Operations,Senior Manager,15.2,Master,155034,3.9,Office,35,No
23272,Operations,Manager,19.1,Bachelor,62265,1.9,Office,37,No
23273,Finance,Executive,11.4,PhD,30431,4.6,Remote,7,Yes
23274,Operations,Intern,6.4,Diploma,148373,1.6,Office,37,No
23275,IT,Executive,13.8,Master,136411,3.6,Remote,37,No
23276,Marketing,Executive,19.7,PhD,81984,4.0,Hybrid,10,No
23277,Sales,Manager,15.4,PhD,33871,2.6,Remote,5,No
23278,Sales,Manager,17.7,Diploma,40789,3.2,Office,9,Yes
23279,Operations,Senior Manager,1.5,Master,70042,4.0,Hybrid,21,Yes
23280,Marketing,Senior Manager,10.2,Master,165958,1.9,Remote,15,No
23281,Sales,Manager,12.4,PhD,138634,1.1,Hybrid,26,No
23282,Finance,Manager,5.7,Bachelor,120821,2.5,Remote,32,No
23283,Finance,Executive,12.8,Master,70515,2.4,Office,18,No
23284,Operations,Executive,8.7,Bachelor,84321,4.6,Office,39,No
23285,HR,Intern,19.3,PhD,69837,4.1,Remote,36,No
23286,Operations,Analyst,10.6,Master,175936,2.0,Hybrid,14,No
23287,Operations,Executive,14.9,Bachelor,16309,1.0,Remote,29,No
23288,Finance,Manager,13.9,Master,33471,2.0,Remote,2,No
23289,Marketing,Senior Manager,18.2,Master,77180,2.4,Hybrid,15,No
23290,HR,Analyst,17.3,Bachelor,26741,1.7,Remote,18,No
23291,Operations,Senior Manager,0.9,Diploma,90980,2.5,Hybrid,2,No
23292,Sales,Analyst,5.9,Bachelor,127517,2.7,Remote,0,No
23293,HR,Executive,19.1,Master,45650,4.5,Office,19,No
23294,IT,Manager,12.8,Diploma,159190,3.2,Remote,18,Yes
23295,IT,Intern,8.1,Master,81644,2.0,Hybrid,30,No
23296,Operations,Senior Manager,9.2,Diploma,176080,4.9,Remote,11,Yes
23297,Sales,Analyst,3.9,PhD,83076,4.8,Hybrid,17,No
23298,Finance,Senior Manager,5.0,Diploma,79445,1.3,Hybrid,31,No
23299,Operations,Manager,15.4,PhD,95571,1.7,Hybrid,39,No
23300,HR,Analyst,17.1,Bachelor,16047,4.0,Hybrid,22,No
23301,Sales,Manager,4.8,Master,178374,1.8,Hybrid,9,No
23302,Marketing,Executive,18.3,Bachelor,160777,3.7,Office,4,No
23303,HR,Senior Manager,16.9,Diploma,139613,3.0,Office,35,No
23304,Sales,Analyst,11.0,Diploma,171205,2.8,Hybrid,9,No
23305,IT,Analyst,11.2,Master,109465,1.4,Hybrid,33,Yes
23306,IT,Analyst,8.4,PhD,161213,4.4,Office,33,No
23307,Operations,Analyst,12.9,Master,26155,2.1,Office,3,No
23308,HR,Executive,5.8,Bachelor,70109,3.3,Hybrid,20,No
23309,Finance,Intern,12.7,Master,121821,3.4,Office,13,Yes
23310,Operations,Senior Manager,15.7,PhD,105989,1.1,Office,25,No
23311,Operations,Senior Manager,13.4,Diploma,81862,4.1,Hybrid,32,No
23312,HR,Analyst,3.7,Diploma,104454,3.2,Office,24,No
23313,IT,Executive,2.8,Diploma,145630,2.1,Remote,11,No
23314,HR,Senior Manager,13.7,Bachelor,165472,2.0,Hybrid,20,No
23315,Finance,Manager,13.9,PhD,25883,4.5,Office,35,No
23316,HR,Analyst,6.8,Bachelor,55193,3.3,Office,39,No
23317,Operations,Executive,17.8,Master,42073,1.3,Hybrid,36,No
23318,Sales,Intern,14.1,Bachelor,168048,3.7,Hybrid,10,No
23319,Operations,Senior Manager,14.5,Bachelor,105051,4.1,Hybrid,38,Yes
23320,Operations,Manager,2.5,Bachelor,25790,2.8,Office,13,Yes
23321,Marketing,Senior Manager,0.8,Master,39830,4.0,Remote,24,No
23322,Finance,Senior Manager,8.5,Diploma,93907,4.2,Remote,14,No
23323,Sales,Manager,16.8,Diploma,173540,4.4,Remote,25,No
23324,IT,Intern,1.6,Bachelor,159317,3.3,Office,24,No
23325,Sales,Intern,10.3,PhD,178197,3.8,Office,11,No
23326,Finance,Intern,1.8,Master,61286,4.5,Hybrid,12,No
23327,Operations,Intern,9.9,PhD,138494,4.9,Hybrid,14,No
23328,Sales,Manager,7.9,PhD,167151,3.8,Remote,31,Yes
23329,Finance,Senior Manager,6.0,Diploma,87266,2.1,Office,26,No
23330,HR,Analyst,12.9,Master,139457,1.3,Remote,13,No
23331,IT,Senior Manager,12.1,Master,151475,2.0,Office,28,No
23332,Marketing,Manager,19.5,Master,51874,3.2,Hybrid,3,No
23333,HR,Senior Manager,14.4,Bachelor,152049,4.2,Remote,33,No
23334,Sales,Senior Manager,13.8,Master,66178,1.2,Remote,24,No
23335,Sales,Analyst,3.2,Master,139141,1.9,Office,15,No
23336,Finance,Manager,15.8,Master,94298,2.3,Remote,32,No
23337,Operations,Senior Manager,6.7,PhD,44521,4.0,Hybrid,9,No
23338,HR,Analyst,4.1,Master,105688,3.3,Hybrid,31,No
23339,Sales,Manager,14.7,Diploma,148847,3.4,Hybrid,39,No
23340,Finance,Manager,17.2,Diploma,132897,4.6,Office,17,No
23341,IT,Analyst,2.0,Master,138122,3.4,Hybrid,25,No
23342,Operations,Analyst,12.8,Bachelor,66251,2.7,Office,33,No
23343,Marketing,Intern,5.1,Diploma,175411,3.6,Office,17,No
23344,Sales,Executive,12.5,Master,93522,1.0,Office,25,Yes
23345,Sales,Intern,13.2,Bachelor,144549,4.2,Remote,11,No
23346,Sales,Analyst,0.6,Diploma,163786,3.6,Office,12,Yes
23347,Finance,Executive,1.3,Bachelor,74657,4.5,Hybrid,6,No
23348,HR,Executive,1.6,PhD,41368,3.8,Hybrid,12,Yes
23349,Finance,Intern,9.3,Diploma,149625,2.6,Hybrid,3,No
23350,IT,Analyst,11.9,Master,144065,4.3,Remote,17,Yes
23351,Finance,Executive,12.6,PhD,147667,2.4,Hybrid,24,No
23352,Sales,Senior Manager,0.9,Master,28708,3.2,Remote,1,No
23353,Finance,Senior Manager,19.6,Diploma,179241,4.6,Hybrid,11,No
23354,Finance,Executive,13.8,PhD,169311,4.4,Hybrid,27,No
23355,Operations,Executive,15.7,PhD,72779,3.8,Office,6,No
23356,Sales,Senior Manager,11.8,PhD,94476,4.1,Hybrid,31,Yes
23357,IT,Executive,6.3,PhD,141204,4.6,Office,1,No
23358,Operations,Manager,7.8,PhD,75107,3.1,Office,16,No
23359,Sales,Manager,1.8,Bachelor,174507,3.0,Office,16,No
23360,Operations,Intern,17.8,Master,27388,3.2,Hybrid,6,No
23361,Marketing,Intern,12.6,Master,70493,4.3,Remote,6,No
23362,Operations,Manager,15.8,Diploma,105349,1.1,Office,8,No
23363,HR,Executive,18.8,PhD,97746,1.3,Remote,25,No
23364,Finance,Manager,17.8,Bachelor,138391,3.5,Office,1,Yes
23365,Sales,Intern,5.0,Bachelor,43005,1.2,Remote,9,No
23366,IT,Intern,7.5,PhD,126488,3.6,Remote,30,No
23367,Finance,Analyst,14.2,Diploma,88336,4.6,Hybrid,20,No
23368,HR,Senior Manager,1.5,Diploma,76311,4.2,Hybrid,18,No
23369,Sales,Analyst,5.1,Bachelor,120666,2.8,Remote,13,No
23370,IT,Executive,0.7,Bachelor,158027,4.5,Remote,6,Yes
23371,Marketing,Intern,8.8,Bachelor,161052,4.5,Office,32,Yes
23372,Sales,Senior Manager,9.5,Diploma,65256,3.9,Office,13,No
23373,Marketing,Executive,12.9,Bachelor,132791,3.8,Hybrid,35,No
23374,HR,Manager,15.6,Diploma,113835,4.7,Hybrid,13,No
23375,Marketing,Manager,19.9,PhD,54206,1.5,Remote,23,No
23376,Finance,Intern,9.7,Bachelor,119136,4.2,Office,9,No
23377,Sales,Executive,5.0,Master,133006,4.0,Remote,2,No
23378,Marketing,Manager,10.5,PhD,170590,4.5,Remote,31,Yes
23379,IT,Senior Manager,19.4,Master,157897,1.2,Office,14,No
23380,Sales,Intern,14.5,Master,163703,2.5,Hybrid,33,No
23381,HR,Intern,12.0,Master,59195,3.0,Remote,33,No
23382,Finance,Manager,1.8,Bachelor,127057,3.8,Remote,6,No
23383,Finance,Intern,17.3,Diploma,88648,3.4,Remote,37,No
23384,HR,Manager,7.7,Bachelor,19565,3.6,Remote,3,No
23385,Sales,Analyst,1.6,Master,30216,3.9,Hybrid,9,No
23386,HR,Analyst,3.8,Master,16318,1.5,Office,14,No
23387,HR,Senior Manager,2.0,Bachelor,71111,3.1,Office,8,Yes
23388,Finance,Senior Manager,12.2,Master,81753,1.0,Hybrid,8,No
23389,Operations,Manager,19.0,Bachelor,158336,3.9,Hybrid,9,Yes
23390,IT,Analyst,3.7,Diploma,153748,3.1,Remote,21,No
23391,Sales,Executive,2.8,PhD,26707,4.2,Office,24,No
23392,HR,Intern,7.9,Bachelor,159311,2.7,Office,4,No
23393,Finance,Executive,9.9,PhD,74978,3.6,Hybrid,10,No
23394,Operations,Intern,1.5,Bachelor,142131,1.4,Office,32,No
23395,Finance,Executive,14.3,Diploma,102333,3.8,Remote,7,No
23396,Finance,Analyst,11.5,Diploma,125575,4.6,Office,33,Yes
23397,Operations,Executive,1.5,PhD,139146,5.0,Hybrid,13,Yes
23398,Sales,Intern,16.7,Bachelor,129814,2.7,Office,13,No
23399,HR,Executive,1.4,Master,110077,2.9,Office,36,No
23400,HR,Analyst,9.5,Master,37311,2.1,Hybrid,13,Yes
23401,Operations,Manager,8.7,Master,34136,3.3,Remote,6,No
23402,HR,Intern,10.1,Bachelor,110471,1.7,Office,21,Yes
23403,IT,Intern,13.0,Master,79571,1.2,Hybrid,37,No
23404,HR,Intern,17.0,Bachelor,172241,3.4,Office,38,No
23405,Operations,Manager,19.8,Diploma,24305,3.7,Office,17,No
23406,Sales,Manager,15.9,PhD,109789,3.9,Office,13,No
23407,Operations,Intern,7.3,Diploma,161872,3.3,Remote,11,No
23408,Operations,Executive,16.5,Master,36488,3.0,Hybrid,19,No
23409,Marketing,Manager,9.6,Master,116185,4.4,Remote,18,No
23410,HR,Executive,5.3,Master,136479,3.2,Hybrid,3,No
23411,Sales,Analyst,7.1,PhD,178077,1.8,Remote,39,No
23412,HR,Intern,10.1,Bachelor,79773,2.9,Office,6,No
23413,Sales,Intern,2.4,PhD,82363,3.6,Office,27,No
23414,Finance,Manager,4.6,Diploma,81146,4.1,Office,39,Yes
23415,Finance,Senior Manager,11.3,Bachelor,135985,3.1,Hybrid,5,No
23416,IT,Senior Manager,12.3,PhD,81425,2.1,Remote,6,No
23417,Operations,Analyst,4.9,Bachelor,175488,4.7,Remote,14,No
23418,IT,Executive,11.2,Master,41591,3.0,Remote,1,Yes
23419,IT,Executive,2.8,Master,62802,1.6,Office,36,No
23420,Finance,Executive,0.7,Bachelor,83461,4.5,Hybrid,36,No
23421,Marketing,Intern,4.8,Diploma,112229,4.3,Remote,22,No
23422,Marketing,Manager,10.0,Diploma,23931,4.4,Office,13,Yes
23423,Sales,Manager,6.0,PhD,62424,2.6,Office,17,No
23424,Operations,Executive,11.8,Master,52148,4.0,Remote,10,No
23425,Finance,Intern,18.5,Master,143113,1.1,Hybrid,13,Yes
23426,IT,Senior Manager,14.6,PhD,88349,2.2,Office,18,No
23427,HR,Senior Manager,13.2,Master,57135,1.7,Remote,2,No
23428,HR,Analyst,5.3,PhD,54378,1.5,Office,38,No
23429,Sales,Executive,2.6,Diploma,77722,1.4,Remote,0,No
23430,Operations,Senior Manager,0.3,Bachelor,141893,1.1,Hybrid,25,Yes
23431,Finance,Executive,19.8,PhD,174912,1.8,Hybrid,27,No
23432,HR,Intern,8.0,Bachelor,33715,4.5,Office,24,No
23433,Operations,Executive,3.0,Diploma,27152,4.5,Office,39,No
23434,Sales,Intern,4.4,Bachelor,179759,4.5,Remote,20,Yes
23435,HR,Senior Manager,11.3,Master,93480,4.8,Remote,19,No
23436,Finance,Senior Manager,15.5,Diploma,115797,1.1,Hybrid,22,Yes
23437,Finance,Intern,6.5,Bachelor,15379,1.4,Remote,39,No
23438,Operations,Intern,18.6,Master,105854,2.5,Office,8,No
23439,IT,Senior Manager,9.9,Master,169309,3.6,Office,15,No
23440,IT,Manager,19.9,PhD,106471,1.4,Hybrid,21,No
23441,Finance,Manager,17.7,Master,122865,3.0,Office,0,No
23442,Operations,Manager,6.1,Bachelor,109164,1.2,Office,1,No
23443,HR,Senior Manager,2.8,Bachelor,80687,3.7,Remote,9,No
23444,Sales,Manager,15.7,Bachelor,46145,4.3,Office,8,No
23445,HR,Analyst,14.4,Diploma,161409,2.4,Remote,7,No
23446,Finance,Senior Manager,4.6,Master,113710,3.4,Office,5,No
23447,Finance,Analyst,19.2,Bachelor,158824,2.2,Hybrid,29,No
23448,Sales,Senior Manager,6.7,Diploma,40613,1.4,Remote,5,No
23449,Operations,Executive,8.4,Diploma,121423,4.0,Remote,27,No
23450,Operations,Manager,4.9,Bachelor,53083,4.7,Office,34,No
23451,Operations,Intern,3.1,Diploma,83433,4.3,Office,24,Yes
23452,Marketing,Analyst,9.2,Bachelor,52278,1.9,Office,32,No
23453,Marketing,Analyst,15.0,PhD,153438,1.6,Remote,37,No
23454,Operations,Intern,19.1,Master,168945,3.5,Remote,34,No
23455,IT,Senior Manager,11.7,Master,86008,1.7,Office,9,No
23456,HR,Intern,3.9,Diploma,45949,3.6,Office,12,Yes
23457,IT,Analyst,2.8,Master,85862,2.9,Office,1,Yes
23458,Marketing,Analyst,8.3,PhD,168776,3.9,Hybrid,34,Yes
23459,HR,Executive,12.8,Master,92700,4.6,Office,4,No
23460,Operations,Analyst,11.6,Diploma,166635,3.0,Office,30,No
23461,Finance,Intern,0.5,Bachelor,81605,1.2,Office,1,No
23462,IT,Intern,8.2,Bachelor,85677,4.8,Remote,28,No
23463,Marketing,Executive,1.9,PhD,102266,2.2,Remote,13,No
23464,HR,Manager,17.3,PhD,100242,2.6,Hybrid,4,No
23465,Finance,Executive,0.2,Diploma,160196,4.1,Remote,4,Yes
23466,HR,Executive,16.9,Diploma,25496,2.7,Hybrid,22,No
23467,HR,Analyst,18.6,PhD,49297,1.9,Remote,0,No
23468,Sales,Analyst,0.2,PhD,175576,3.8,Remote,4,No
23469,IT,Analyst,17.6,PhD,82893,4.1,Remote,32,No
23470,HR,Senior Manager,12.1,Diploma,150561,2.5,Hybrid,22,No
23471,Operations,Manager,19.5,Bachelor,81576,2.7,Hybrid,10,No
23472,HR,Intern,11.1,Master,63426,3.5,Office,25,No
23473,Sales,Executive,3.5,Bachelor,107237,2.9,Office,29,No
23474,Marketing,Senior Manager,13.5,Bachelor,31100,1.0,Remote,13,No
23475,Sales,Executive,2.2,PhD,125890,3.3,Hybrid,34,Yes
23476,Marketing,Senior Manager,19.2,Master,97960,2.2,Remote,20,No
23477,Finance,Analyst,12.6,Bachelor,41960,4.8,Office,12,No
23478,Finance,Analyst,7.3,Bachelor,132353,1.6,Remote,16,No
23479,Operations,Manager,0.6,PhD,79337,3.6,Office,1,No
23480,IT,Senior Manager,7.7,Master,164513,4.6,Hybrid,19,No
23481,Sales,Intern,4.3,Diploma,73097,2.8,Office,8,No
23482,Marketing,Senior Manager,3.2,Bachelor,107255,1.2,Remote,19,No
23483,HR,Analyst,4.1,Bachelor,179068,4.6,Remote,8,No
23484,IT,Manager,6.0,Bachelor,29133,1.3,Remote,13,No
23485,Sales,Analyst,14.3,PhD,114518,1.9,Office,34,Yes
23486,Marketing,Senior Manager,0.6,Bachelor,32907,4.4,Hybrid,28,No
23487,HR,Manager,4.1,Diploma,22609,1.9,Remote,37,No
23488,Operations,Senior Manager,8.2,Bachelor,49946,1.1,Hybrid,34,Yes
23489,Sales,Intern,13.2,Master,76626,2.1,Remote,32,No
23490,Operations,Analyst,3.4,Master,175057,1.3,Hybrid,2,No
23491,Operations,Analyst,9.8,Diploma,134610,3.8,Remote,26,No
23492,IT,Senior Manager,6.7,Bachelor,34721,3.6,Office,16,No
23493,IT,Senior Manager,18.3,Bachelor,129301,2.2,Hybrid,36,No
23494,Sales,Senior Manager,15.0,Diploma,67626,4.8,Office,25,No
23495,IT,Analyst,15.6,Bachelor,91265,3.1,Hybrid,29,No
23496,Sales,Executive,4.5,PhD,75892,4.8,Remote,33,No
23497,Sales,Senior Manager,10.8,Bachelor,136910,4.3,Remote,15,Yes
23498,Operations,Senior Manager,12.5,Diploma,62231,4.3,Hybrid,13,No
23499,Finance,Executive,4.7,PhD,84720,4.0,Remote,10,No
23500,Marketing,Manager,12.3,Bachelor,146286,2.4,Office,1,Yes
23501,Finance,Analyst,13.0,PhD,94776,1.0,Office,38,No
23502,Sales,Intern,10.1,Diploma,43660,4.3,Remote,6,No
23503,Finance,Analyst,15.7,Master,17148,3.6,Hybrid,22,No
23504,Sales,Executive,4.5,Bachelor,101990,1.3,Office,0,No
23505,HR,Executive,12.1,Diploma,74244,2.3,Remote,39,No
23506,Finance,Senior Manager,9.4,Master,131553,1.6,Office,12,No
23507,HR,Senior Manager,9.9,PhD,168088,2.3,Hybrid,32,Yes
23508,Finance,Senior Manager,12.1,Bachelor,156903,4.4,Office,15,No
23509,Sales,Executive,11.0,PhD,83748,2.6,Office,10,No
23510,Marketing,Executive,6.3,Master,24769,2.8,Office,39,No
23511,IT,Intern,6.7,Diploma,109325,2.2,Remote,12,No
23512,Operations,Intern,12.0,PhD,100768,1.8,Hybrid,36,No
23513,IT,Manager,7.3,Bachelor,102262,1.5,Office,18,No
23514,Operations,Analyst,19.9,PhD,169257,1.1,Hybrid,26,No
23515,HR,Executive,3.7,Diploma,50492,1.6,Remote,11,Yes
23516,Finance,Senior Manager,15.2,Master,158289,3.0,Office,35,Yes
23517,HR,Manager,16.9,Diploma,81447,1.3,Office,12,No
23518,Marketing,Intern,10.7,Bachelor,51076,2.7,Hybrid,32,No
23519,Finance,Analyst,16.3,Bachelor,159675,3.0,Remote,7,No
23520,IT,Senior Manager,5.3,Diploma,53183,5.0,Office,3,No
23521,Marketing,Executive,15.4,Diploma,82960,1.9,Remote,9,Yes
23522,Sales,Analyst,16.0,Master,54351,2.0,Remote,1,No
23523,Marketing,Intern,7.0,PhD,177028,4.1,Remote,18,Yes
23524,Finance,Intern,17.7,Bachelor,66460,1.4,Office,28,No
23525,Operations,Analyst,9.3,Diploma,73394,4.1,Remote,1,No
23526,Finance,Intern,8.4,Bachelor,130395,1.8,Hybrid,2,Yes
23527,IT,Intern,19.6,Bachelor,52993,1.8,Office,19,No
23528,HR,Analyst,18.0,PhD,84056,2.4,Remote,2,No
23529,Marketing,Intern,17.3,Diploma,133859,1.9,Remote,28,Yes
23530,Sales,Manager,9.2,Diploma,90610,3.4,Office,28,No
23531,Marketing,Senior Manager,6.1,Diploma,118341,2.7,Hybrid,17,No
23532,IT,Manager,11.5,PhD,97524,4.2,Remote,1,No
23533,HR,Manager,3.6,Bachelor,127907,4.0,Hybrid,35,No
23534,HR,Manager,4.4,Bachelor,107527,2.9,Remote,29,No
23535,Marketing,Analyst,0.2,Bachelor,70344,3.8,Remote,4,No
23536,Marketing,Intern,13.0,PhD,75289,2.2,Hybrid,0,No
23537,Operations,Analyst,3.4,Master,90002,1.9,Office,11,No
23538,HR,Manager,15.2,Bachelor,167624,1.1,Office,0,No
23539,IT,Intern,5.1,Diploma,66813,4.7,Remote,21,No
23540,Operations,Analyst,18.4,Bachelor,50349,4.0,Office,10,No
23541,Marketing,Executive,15.5,Bachelor,41666,3.6,Remote,5,Yes
23542,IT,Analyst,12.4,Diploma,138460,3.4,Remote,32,No
23543,Finance,Manager,5.5,Master,34028,4.6,Hybrid,1,Yes
23544,Finance,Senior Manager,3.2,Bachelor,32847,4.9,Remote,12,Yes
23545,Sales,Executive,2.1,PhD,73268,1.3,Office,19,Yes
23546,Operations,Senior Manager,13.2,Master,41894,1.6,Hybrid,31,No
23547,Operations,Manager,12.1,Bachelor,31162,4.2,Remote,7,No
23548,Sales,Manager,3.0,PhD,20443,4.3,Hybrid,32,No
23549,Sales,Intern,13.5,Diploma,173229,1.5,Remote,38,No
23550,HR,Senior Manager,16.9,Bachelor,77618,2.7,Hybrid,2,Yes
23551,Sales,Manager,18.6,Master,158732,3.7,Hybrid,16,No
23552,Operations,Senior Manager,18.1,Master,102790,2.1,Remote,13,No
23553,HR,Intern,20.0,Master,121362,1.3,Hybrid,23,Yes
23554,Sales,Analyst,1.2,Bachelor,169722,3.1,Office,10,No
23555,IT,Senior Manager,18.3,Bachelor,155548,4.6,Hybrid,38,No
23556,Operations,Manager,12.5,Master,157071,2.1,Hybrid,1,No
23557,Sales,Analyst,3.8,Master,94570,1.7,Office,39,No
23558,Operations,Manager,0.7,Diploma,113051,4.8,Office,38,No
23559,Sales,Manager,6.7,PhD,64791,4.5,Hybrid,30,No
23560,Sales,Intern,2.3,Master,43488,1.9,Remote,8,No
23561,HR,Manager,20.0,Master,85205,4.1,Hybrid,1,No
23562,Marketing,Intern,13.3,Diploma,118484,3.6,Office,9,No
23563,Sales,Intern,18.9,Diploma,39072,4.8,Office,6,Yes
23564,Finance,Executive,6.6,Master,152615,4.8,Hybrid,4,No
23565,Sales,Analyst,4.3,Diploma,148966,2.6,Hybrid,6,No
23566,Finance,Manager,4.9,Diploma,140490,1.6,Office,35,No
23567,Marketing,Manager,10.9,PhD,88452,3.8,Office,22,No
23568,Operations,Executive,6.2,PhD,59222,4.8,Hybrid,30,No
23569,Finance,Manager,3.3,Diploma,92710,2.1,Remote,1,No
23570,Sales,Analyst,9.7,PhD,162847,3.3,Office,34,No
23571,Marketing,Manager,9.5,PhD,65120,1.3,Remote,22,Yes
23572,Operations,Senior Manager,16.4,Diploma,115885,1.3,Remote,20,No
23573,IT,Manager,11.6,PhD,109591,3.8,Hybrid,32,No
23574,Operations,Senior Manager,2.2,PhD,118753,2.2,Hybrid,17,No
23575,Sales,Senior Manager,10.2,Bachelor,169199,4.7,Office,37,Yes
23576,Sales,Executive,17.8,Master,75244,1.8,Remote,2,No
23577,Finance,Executive,12.2,Diploma,124294,3.0,Remote,36,No
23578,HR,Analyst,3.3,Bachelor,33819,3.9,Hybrid,4,No
23579,IT,Executive,15.8,Bachelor,120376,2.3,Office,19,Yes
23580,Operations,Senior Manager,5.4,PhD,42336,2.5,Hybrid,3,No
23581,IT,Senior Manager,6.4,Master,93420,3.9,Hybrid,5,No
23582,Finance,Analyst,4.7,Bachelor,137007,4.9,Office,31,No
23583,IT,Manager,16.4,Diploma,178121,3.8,Office,23,Yes
23584,IT,Intern,15.2,PhD,100965,3.3,Hybrid,29,No
23585,IT,Executive,11.9,Bachelor,103680,2.4,Office,4,Yes
23586,HR,Executive,3.5,PhD,155351,4.4,Office,10,No
23587,Marketing,Manager,10.1,Diploma,68037,1.0,Office,19,No
23588,HR,Analyst,15.9,Master,121588,4.8,Office,19,No
23589,Finance,Analyst,19.6,Diploma,166154,1.0,Remote,9,No
23590,Sales,Executive,17.6,Master,113239,3.6,Hybrid,14,No
23591,Operations,Intern,10.2,PhD,78735,2.0,Remote,38,No
23592,Operations,Manager,14.4,Master,42752,3.3,Hybrid,22,No
23593,IT,Analyst,3.7,Bachelor,123497,2.4,Hybrid,25,No
23594,IT,Senior Manager,15.6,Diploma,149056,1.4,Hybrid,34,No
23595,IT,Executive,10.6,Master,60651,2.1,Hybrid,35,No
23596,Sales,Senior Manager,19.9,PhD,29229,2.6,Office,35,No
23597,HR,Analyst,11.1,PhD,85790,3.6,Hybrid,21,No
23598,Marketing,Manager,19.2,Diploma,116585,4.2,Office,39,No
23599,Finance,Intern,11.6,Master,138137,3.3,Remote,11,No
23600,Sales,Executive,5.4,Bachelor,140097,2.8,Office,16,No
23601,Sales,Analyst,11.3,Bachelor,38390,3.1,Remote,12,No
23602,Marketing,Senior Manager,14.2,Bachelor,154414,4.0,Hybrid,17,No
23603,Sales,Analyst,0.6,PhD,164272,4.4,Remote,28,Yes
23604,HR,Executive,16.8,Diploma,149980,1.3,Remote,2,No
23605,Marketing,Manager,14.0,Diploma,83069,1.6,Office,0,No
23606,Operations,Executive,5.7,PhD,59494,4.8,Hybrid,23,Yes
23607,Finance,Manager,7.5,Diploma,174679,2.0,Remote,15,No
23608,Operations,Executive,16.2,Bachelor,59185,3.1,Remote,5,Yes
23609,Operations,Senior Manager,11.7,Diploma,36029,1.8,Remote,14,No
23610,Marketing,Intern,0.9,Diploma,17554,1.1,Office,29,No
23611,Marketing,Executive,5.2,Master,146294,4.5,Remote,37,No
23612,Sales,Senior Manager,13.6,PhD,107646,1.2,Hybrid,12,No
23613,Operations,Intern,15.3,Master,129440,2.7,Office,37,No
23614,Sales,Senior Manager,0.3,Bachelor,168404,4.3,Remote,5,No
23615,Sales,Intern,11.3,Bachelor,148672,3.5,Office,14,No
23616,HR,Executive,7.8,PhD,142365,4.4,Remote,32,No
23617,Marketing,Manager,1.3,PhD,156111,4.0,Office,29,No
23618,Sales,Senior Manager,18.7,Bachelor,153487,1.1,Remote,20,No
23619,Operations,Executive,4.4,Bachelor,50556,1.2,Office,8,No
23620,Marketing,Senior Manager,3.2,Bachelor,34626,2.4,Office,6,No
23621,HR,Manager,0.8,Bachelor,176285,3.1,Office,36,No
23622,IT,Analyst,17.0,Diploma,166547,1.9,Office,29,No
23623,Finance,Analyst,5.5,Master,144114,1.2,Office,3,Yes
23624,Marketing,Manager,8.7,PhD,62806,2.9,Office,12,No
23625,Operations,Senior Manager,4.2,Master,89021,2.8,Office,28,Yes
23626,Operations,Intern,9.6,Diploma,131237,2.7,Remote,9,No
23627,Sales,Manager,16.1,Master,173238,4.7,Office,39,No
23628,IT,Executive,13.8,PhD,179359,3.7,Hybrid,3,No
23629,Marketing,Manager,18.5,Master,87415,2.7,Office,1,No
23630,Finance,Manager,12.6,Diploma,164299,3.5,Office,20,No
23631,HR,Manager,12.3,Master,164157,3.5,Remote,23,No
23632,Operations,Analyst,0.4,Diploma,85524,1.3,Remote,8,No
23633,Operations,Senior Manager,17.1,Diploma,37501,1.7,Remote,27,No
23634,Operations,Executive,8.1,Bachelor,95565,2.6,Office,26,No
23635,Operations,Executive,19.9,Master,42256,4.1,Remote,9,No
23636,Operations,Executive,15.9,PhD,85494,4.1,Hybrid,6,No
23637,Finance,Executive,18.6,Diploma,120192,1.0,Remote,23,No
23638,Sales,Executive,3.2,Bachelor,51320,4.1,Office,25,No
23639,Finance,Manager,17.2,Diploma,105761,4.0,Hybrid,22,No
23640,HR,Analyst,1.8,Bachelor,120966,5.0,Office,27,No
23641,Marketing,Analyst,1.2,Bachelor,98957,1.7,Office,0,Yes
23642,Operations,Intern,1.1,Bachelor,148549,1.9,Office,30,No
23643,Marketing,Executive,0.4,Bachelor,145856,2.8,Hybrid,26,No
23644,IT,Analyst,9.2,PhD,161409,4.1,Hybrid,14,No
23645,HR,Analyst,13.7,Master,128826,1.0,Office,0,No
23646,Finance,Senior Manager,17.6,PhD,58335,4.8,Hybrid,18,Yes
23647,Finance,Senior Manager,2.3,PhD,85139,3.1,Office,3,No
23648,HR,Intern,11.2,Bachelor,91292,1.8,Remote,27,Yes
23649,Operations,Analyst,6.1,Master,54211,4.9,Remote,9,No
23650,IT,Manager,8.5,Diploma,164970,3.8,Office,36,No
23651,Marketing,Executive,19.7,Bachelor,50319,3.0,Office,36,No
23652,HR,Executive,9.2,Diploma,45064,2.3,Remote,33,Yes
23653,HR,Analyst,13.7,PhD,148638,1.7,Hybrid,6,No
23654,Finance,Manager,17.5,PhD,62286,1.6,Office,7,No
23655,Operations,Executive,11.7,Bachelor,89454,4.2,Hybrid,32,No
23656,Finance,Intern,10.5,PhD,114336,2.7,Remote,10,No
23657,Finance,Manager,6.7,PhD,126329,2.1,Office,28,Yes
23658,Sales,Intern,15.7,PhD,139210,1.8,Remote,2,No
23659,Sales,Intern,8.0,PhD,177231,4.8,Hybrid,3,No
23660,HR,Intern,18.5,Master,169382,1.8,Remote,36,No
23661,Finance,Executive,2.1,Diploma,179714,1.4,Remote,21,No
23662,Sales,Intern,6.6,Master,178231,1.8,Office,12,No
23663,HR,Manager,6.2,Bachelor,87873,5.0,Remote,38,Yes
23664,Sales,Analyst,15.1,Diploma,147548,2.7,Hybrid,24,No
23665,IT,Manager,17.3,Master,64736,1.6,Hybrid,10,No
23666,Marketing,Intern,5.1,PhD,144732,2.6,Hybrid,7,No
23667,HR,Intern,2.8,PhD,77489,4.3,Office,34,No
23668,Finance,Executive,1.8,Bachelor,39683,2.4,Remote,29,No
23669,IT,Executive,18.2,Bachelor,22796,4.6,Office,8,No
23670,Finance,Executive,4.5,Bachelor,115943,3.6,Hybrid,11,No
23671,Operations,Analyst,1.4,Diploma,117896,3.8,Hybrid,28,No
23672,Finance,Executive,10.9,PhD,41743,2.5,Remote,9,No
23673,IT,Analyst,19.8,Diploma,23663,1.5,Remote,11,No
23674,HR,Senior Manager,1.8,Bachelor,138948,1.6,Remote,39,No
23675,Operations,Intern,10.7,PhD,145340,2.2,Office,27,No
23676,Marketing,Senior Manager,10.5,PhD,30156,4.2,Remote,12,No
23677,Marketing,Senior Manager,1.7,PhD,110256,2.4,Hybrid,8,No
23678,Sales,Manager,0.6,Diploma,26567,1.5,Office,30,No
23679,Operations,Analyst,5.0,Bachelor,125384,3.4,Remote,14,Yes
23680,Marketing,Analyst,5.5,PhD,148751,3.4,Office,28,No
23681,IT,Manager,10.3,PhD,35724,3.2,Office,9,No
23682,Finance,Senior Manager,18.3,Bachelor,49091,2.7,Remote,13,No
23683,Operations,Intern,6.1,Bachelor,121365,1.0,Remote,34,No
23684,Marketing,Executive,17.2,Bachelor,166735,3.7,Office,30,Yes
23685,Finance,Senior Manager,0.8,Master,149705,2.6,Hybrid,17,No
23686,Finance,Executive,4.8,PhD,26767,4.0,Office,8,No
23687,IT,Manager,2.4,Master,48449,2.4,Office,30,Yes
23688,Finance,Manager,6.0,PhD,173151,4.7,Hybrid,27,Yes
23689,Finance,Senior Manager,7.7,Master,59376,1.4,Office,19,No
23690,Sales,Manager,3.4,Master,71478,4.7,Office,7,No
23691,Finance,Manager,16.4,PhD,80923,4.4,Hybrid,30,Yes
23692,HR,Manager,14.0,Bachelor,35304,3.8,Hybrid,14,No
23693,IT,Executive,5.5,PhD,168399,2.3,Remote,29,No
23694,Operations,Senior Manager,16.0,Bachelor,74829,2.8,Hybrid,25,No
23695,Operations,Intern,5.0,PhD,86098,1.2,Hybrid,10,No
23696,HR,Manager,1.9,Master,122211,1.7,Remote,25,No
23697,Operations,Executive,15.7,Bachelor,71307,3.5,Hybrid,26,No
23698,Finance,Senior Manager,3.4,Master,58488,4.4,Office,39,Yes
23699,Finance,Manager,4.2,PhD,80835,3.4,Office,20,No
23700,Marketing,Intern,16.1,Bachelor,152837,2.5,Hybrid,1,No
23701,Sales,Analyst,13.7,Bachelor,83110,2.3,Hybrid,5,Yes
23702,HR,Intern,15.9,Bachelor,79953,3.6,Office,14,No
23703,HR,Executive,3.9,Master,84743,1.5,Hybrid,19,No
23704,Finance,Manager,16.0,Master,108921,4.0,Office,36,No
23705,IT,Manager,8.0,PhD,53301,1.1,Remote,29,No
23706,Sales,Analyst,11.7,Diploma,141287,2.0,Hybrid,3,No
23707,Finance,Manager,3.1,Master,86084,4.4,Remote,16,No
23708,Operations,Analyst,9.6,PhD,73676,3.0,Remote,21,No
23709,HR,Executive,7.8,Bachelor,80272,4.2,Office,9,No
23710,HR,Senior Manager,8.8,Diploma,29113,4.4,Hybrid,19,No
23711,Finance,Senior Manager,9.3,Bachelor,110722,4.6,Hybrid,16,No
23712,HR,Intern,6.2,Diploma,124224,2.3,Office,35,No
23713,HR,Senior Manager,8.0,Master,65171,3.9,Office,30,No
23714,Operations,Executive,17.3,Master,157331,1.1,Office,31,No
23715,Finance,Manager,17.4,Master,53539,4.0,Office,18,No
23716,Finance,Senior Manager,19.9,Master,177800,5.0,Hybrid,11,No
23717,IT,Manager,19.3,Bachelor,96739,4.1,Remote,24,No
23718,Operations,Senior Manager,13.4,Bachelor,79315,3.6,Remote,2,No
23719,IT,Analyst,14.2,PhD,113559,2.6,Hybrid,12,Yes
23720,IT,Analyst,7.3,Master,26132,4.0,Office,1,No
23721,Finance,Executive,8.7,Master,154407,2.1,Remote,20,No
23722,HR,Executive,1.3,Diploma,18538,3.2,Office,2,Yes
23723,Operations,Intern,8.3,Bachelor,80518,2.4,Office,38,No
23724,HR,Executive,13.2,Master,51332,3.6,Hybrid,38,No
23725,Sales,Manager,18.3,Diploma,125377,2.1,Office,13,No
23726,Marketing,Manager,12.7,Diploma,90622,3.3,Hybrid,29,No
23727,IT,Manager,12.8,PhD,124610,2.2,Remote,34,No
23728,Finance,Manager,17.2,PhD,36981,3.1,Remote,31,No
23729,Sales,Senior Manager,9.3,Master,138009,4.5,Hybrid,21,No
23730,Marketing,Manager,14.7,Master,170571,4.0,Remote,19,No
23731,HR,Executive,13.4,Diploma,89995,4.0,Hybrid,1,Yes
23732,IT,Executive,5.4,Diploma,92072,2.4,Hybrid,4,No
23733,Finance,Senior Manager,4.4,Diploma,137147,4.8,Remote,38,No
23734,HR,Senior Manager,0.9,Diploma,85820,4.9,Office,12,Yes
23735,Sales,Senior Manager,12.6,Diploma,59012,1.9,Remote,31,No
23736,HR,Executive,14.0,Master,84640,3.7,Office,36,No
23737,Finance,Analyst,8.2,Master,44048,3.8,Hybrid,15,No
23738,Sales,Analyst,0.3,Bachelor,23136,2.5,Hybrid,8,Yes
23739,Marketing,Executive,15.3,PhD,107463,3.5,Remote,9,No
23740,HR,Manager,5.1,Bachelor,145398,2.4,Hybrid,2,Yes
23741,Sales,Manager,2.9,Diploma,16235,1.8,Office,14,Yes
23742,IT,Manager,5.3,Master,161121,3.4,Office,7,No
23743,Operations,Analyst,15.5,Diploma,144715,3.5,Office,32,Yes
23744,HR,Analyst,18.4,Diploma,156975,1.7,Office,5,No
23745,Marketing,Analyst,2.9,PhD,27992,1.4,Remote,30,Yes
23746,Sales,Intern,0.4,Master,39684,4.1,Remote,5,No
23747,Operations,Manager,14.6,Master,46059,3.8,Office,21,Yes
23748,Operations,Senior Manager,16.4,Bachelor,118057,4.0,Remote,6,No
23749,Marketing,Senior Manager,11.3,Diploma,76383,4.9,Remote,35,No
23750,Sales,Analyst,18.2,Master,165316,1.6,Office,20,No
23751,IT,Senior Manager,8.8,Diploma,40582,2.2,Remote,21,No
23752,Marketing,Executive,2.6,Diploma,136004,2.2,Remote,30,No
23753,Operations,Manager,8.7,PhD,85489,2.1,Office,9,Yes
23754,Finance,Intern,11.1,Bachelor,74003,1.9,Remote,38,No
23755,Finance,Executive,16.1,Master,39054,3.9,Hybrid,1,Yes
23756,Operations,Analyst,19.8,Bachelor,125313,1.7,Office,13,No
23757,Marketing,Executive,13.1,Diploma,140342,3.2,Office,35,No
23758,Operations,Manager,16.4,Bachelor,170888,2.7,Remote,17,No
23759,IT,Manager,10.9,Bachelor,24164,4.5,Remote,38,No
23760,Finance,Executive,0.0,Master,24650,4.6,Office,15,No
23761,Finance,Intern,1.4,Diploma,113348,1.8,Remote,6,No
23762,Operations,Executive,2.4,Master,22249,4.1,Remote,0,No
23763,HR,Manager,18.4,Master,49040,3.8,Office,21,No
23764,Operations,Manager,0.3,Master,163959,4.4,Remote,11,No
23765,HR,Analyst,9.9,Master,37099,4.9,Remote,38,No
23766,Operations,Senior Manager,8.5,Bachelor,84005,1.7,Hybrid,1,No
23767,Sales,Senior Manager,16.0,Master,128990,4.0,Hybrid,9,No
23768,Sales,Executive,14.0,Bachelor,20337,2.6,Remote,9,No
23769,Marketing,Analyst,0.7,Master,111275,1.7,Hybrid,5,No
23770,Operations,Manager,9.0,Bachelor,155240,1.5,Office,6,Yes
23771,Sales,Executive,14.4,Diploma,157968,1.7,Hybrid,17,No
23772,Marketing,Analyst,9.0,Master,83419,3.9,Office,19,No
23773,HR,Analyst,5.2,Master,29813,3.6,Remote,30,Yes
23774,Sales,Intern,8.1,PhD,79133,3.6,Office,10,No
23775,Marketing,Executive,7.9,Diploma,37322,3.9,Remote,27,No
23776,Finance,Senior Manager,11.8,PhD,118642,2.0,Hybrid,12,No
23777,HR,Executive,13.4,Bachelor,130536,3.1,Hybrid,1,Yes
23778,Marketing,Manager,6.3,Master,115653,4.2,Hybrid,31,No
23779,Finance,Intern,0.7,Bachelor,124072,3.5,Office,35,No
23780,IT,Executive,14.4,Bachelor,98342,3.5,Hybrid,39,Yes
23781,Operations,Executive,1.4,Bachelor,167018,4.3,Hybrid,16,No
23782,IT,Intern,13.3,Master,103181,3.3,Hybrid,24,No
23783,Marketing,Intern,19.1,Master,162184,1.1,Hybrid,1,No
23784,IT,Senior Manager,8.3,Master,79100,3.9,Remote,10,No
23785,Operations,Intern,19.3,Master,128780,2.9,Hybrid,37,No
23786,Marketing,Senior Manager,18.7,Bachelor,132294,4.3,Remote,23,No
23787,Operations,Analyst,18.0,PhD,115099,3.7,Remote,14,No
23788,Operations,Manager,15.2,Diploma,107398,2.9,Hybrid,12,No
23789,IT,Senior Manager,13.1,PhD,58474,1.1,Remote,30,No
23790,Sales,Analyst,11.5,Bachelor,68682,1.9,Remote,0,Yes
23791,Marketing,Senior Manager,12.1,PhD,74534,1.3,Hybrid,6,No
23792,IT,Intern,19.2,PhD,117337,1.1,Hybrid,35,No
23793,Sales,Senior Manager,3.4,PhD,102287,3.9,Remote,25,No
23794,HR,Manager,9.1,Diploma,82536,2.6,Remote,25,No
23795,Sales,Manager,10.4,Diploma,161967,4.7,Office,36,Yes
23796,Sales,Senior Manager,17.3,Bachelor,77519,2.6,Remote,21,No
23797,IT,Manager,0.5,PhD,173404,1.2,Remote,20,No
23798,Operations,Manager,19.0,Master,112491,3.4,Hybrid,15,No
23799,IT,Executive,9.4,Bachelor,83438,4.2,Office,39,No
23800,Sales,Manager,5.0,Master,106136,4.1,Office,7,No
23801,HR,Intern,11.3,Bachelor,163619,4.0,Remote,14,No
23802,IT,Analyst,7.5,Diploma,170001,1.6,Hybrid,22,No
23803,Finance,Manager,15.4,Master,46803,4.0,Remote,13,Yes
23804,Sales,Executive,6.7,Diploma,101272,1.4,Office,21,No
23805,IT,Intern,16.1,Bachelor,78858,2.1,Office,10,No
23806,Finance,Executive,4.1,Bachelor,160387,2.0,Office,17,Yes
23807,HR,Senior Manager,8.2,Bachelor,133891,4.5,Office,11,No
23808,IT,Intern,17.3,PhD,135408,1.2,Remote,16,No
23809,Marketing,Senior Manager,12.4,Master,131315,1.1,Remote,33,No
23810,Marketing,Analyst,12.0,Master,156369,5.0,Office,36,Yes
23811,Operations,Analyst,9.6,Master,63270,3.4,Hybrid,1,No
23812,Sales,Intern,16.4,Master,53638,3.6,Office,19,No
23813,Marketing,Analyst,10.0,Diploma,119632,4.8,Remote,19,No
23814,Finance,Senior Manager,16.5,Diploma,119152,2.4,Remote,39,No
23815,Operations,Executive,12.2,Master,107892,4.0,Hybrid,11,No
23816,HR,Analyst,18.7,Master,87111,4.7,Remote,15,Yes
23817,Marketing,Executive,10.7,PhD,51764,3.2,Remote,34,No
23818,HR,Analyst,2.1,Master,122299,4.0,Office,37,No
23819,Sales,Senior Manager,15.4,Bachelor,95720,2.0,Hybrid,31,No
23820,Marketing,Analyst,15.8,Master,65719,2.6,Remote,25,No
23821,Sales,Analyst,19.1,Bachelor,177550,4.6,Hybrid,27,No
23822,Sales,Executive,16.2,PhD,136457,4.6,Remote,22,No
23823,HR,Intern,7.9,Diploma,141191,3.4,Hybrid,12,Yes
23824,Operations,Intern,8.9,Bachelor,67787,2.6,Office,28,No
23825,IT,Analyst,18.2,Diploma,18858,4.3,Remote,9,Yes
23826,HR,Intern,11.8,Diploma,146322,3.7,Office,13,Yes
23827,HR,Intern,11.4,Bachelor,155843,1.9,Remote,28,No
23828,Finance,Manager,4.4,Diploma,50585,4.2,Hybrid,15,Yes
23829,Sales,Executive,1.6,PhD,32819,2.4,Hybrid,35,No
23830,Sales,Intern,2.0,Diploma,139219,1.2,Office,31,Yes
23831,HR,Analyst,18.9,Diploma,22742,2.8,Remote,2,No
23832,Finance,Manager,6.4,PhD,146227,2.8,Office,34,No
23833,Sales,Intern,11.0,Master,120189,1.7,Office,14,Yes
23834,Finance,Senior Manager,11.1,Diploma,59891,2.3,Office,39,Yes
23835,Operations,Analyst,15.5,Master,42913,4.4,Remote,23,No
23836,IT,Manager,17.1,Diploma,179022,1.8,Hybrid,5,No
23837,Operations,Manager,8.5,Diploma,75039,1.7,Office,33,No
23838,Operations,Analyst,15.7,Bachelor,174776,4.6,Remote,5,No
23839,Sales,Manager,0.4,PhD,109669,3.3,Remote,11,No
23840,Marketing,Analyst,3.2,Bachelor,32139,3.4,Hybrid,4,No
23841,Finance,Executive,19.7,PhD,27470,1.1,Hybrid,19,No
23842,Sales,Manager,9.7,Diploma,45021,1.8,Office,13,No
23843,HR,Senior Manager,5.5,Bachelor,176433,2.0,Remote,10,No
23844,HR,Executive,18.9,Master,165087,2.1,Office,5,No
23845,Marketing,Intern,5.3,Master,28813,4.7,Remote,5,No
23846,Finance,Executive,14.9,Master,168173,1.8,Remote,36,No
23847,Finance,Executive,15.4,PhD,44118,2.1,Office,33,Yes
23848,Operations,Senior Manager,6.5,Master,175493,4.7,Office,38,Yes
23849,HR,Analyst,3.4,Diploma,78057,3.9,Hybrid,23,No
23850,Marketing,Executive,1.9,Diploma,171666,4.7,Hybrid,17,Yes
23851,IT,Intern,13.1,PhD,46255,1.2,Office,8,No
23852,Finance,Analyst,9.7,Master,31950,4.6,Office,8,No
23853,IT,Senior Manager,18.1,Master,172372,1.4,Remote,6,No
23854,Finance,Senior Manager,6.4,Bachelor,73961,4.5,Remote,24,Yes
23855,HR,Executive,18.8,Diploma,74052,1.2,Hybrid,21,No
23856,Marketing,Senior Manager,1.0,Master,48638,1.2,Office,25,No
23857,HR,Executive,9.3,Bachelor,179858,2.3,Remote,0,Yes
23858,HR,Analyst,19.4,Diploma,151617,3.2,Hybrid,6,No
23859,IT,Manager,0.9,Diploma,100783,2.0,Remote,33,No
23860,Finance,Senior Manager,1.6,Master,66389,3.1,Remote,28,Yes
23861,Finance,Manager,12.1,Diploma,128599,2.3,Hybrid,35,No
23862,Sales,Intern,5.7,PhD,143924,4.4,Remote,30,No
23863,Operations,Senior Manager,11.3,Bachelor,169813,4.1,Office,38,No
23864,IT,Intern,19.9,Diploma,49157,1.8,Office,14,No
23865,Finance,Manager,14.5,Master,63579,3.0,Office,28,No
23866,Operations,Analyst,17.2,Bachelor,15295,4.7,Remote,26,No
23867,Marketing,Manager,10.3,PhD,123664,2.1,Office,33,No
23868,Operations,Analyst,5.1,Master,133620,3.7,Hybrid,19,Yes
23869,HR,Manager,12.8,PhD,112184,4.4,Hybrid,2,No
23870,Finance,Senior Manager,5.3,Diploma,87009,4.1,Hybrid,4,Yes
23871,Sales,Executive,18.7,Bachelor,164722,4.6,Hybrid,38,Yes
23872,Marketing,Executive,19.2,Bachelor,171370,2.5,Office,20,No
23873,Sales,Executive,19.1,Bachelor,161882,3.8,Remote,36,No
23874,Finance,Executive,14.0,Diploma,112251,3.4,Remote,19,No
23875,Finance,Intern,3.5,Diploma,20415,1.5,Office,36,No
23876,HR,Senior Manager,18.9,PhD,178118,2.5,Remote,23,Yes
23877,Operations,Analyst,2.0,PhD,22155,4.0,Remote,18,No
23878,IT,Executive,8.2,PhD,76603,1.6,Remote,6,Yes
23879,HR,Analyst,6.9,PhD,133844,3.9,Remote,18,No
23880,Operations,Manager,5.4,Diploma,125315,4.7,Remote,7,No
23881,Sales,Intern,0.9,Master,78915,4.7,Remote,39,No
23882,Sales,Senior Manager,7.4,Bachelor,29992,1.7,Office,35,No
23883,Operations,Manager,2.4,Master,30230,2.8,Hybrid,21,No
23884,Operations,Manager,1.0,Bachelor,110929,1.5,Hybrid,8,No
23885,HR,Senior Manager,17.7,PhD,64764,3.7,Office,34,No
23886,Finance,Executive,12.0,Master,51250,4.0,Hybrid,39,No
23887,Sales,Manager,9.4,Bachelor,59681,3.7,Office,33,No
23888,Finance,Senior Manager,7.9,Bachelor,130110,1.6,Remote,21,No
23889,Marketing,Analyst,6.5,Master,112118,3.5,Remote,9,No
23890,Sales,Senior Manager,8.0,PhD,20891,1.2,Remote,0,Yes
23891,Marketing,Analyst,16.0,Bachelor,44920,1.9,Hybrid,25,No
23892,Operations,Manager,18.5,Master,160616,1.7,Hybrid,18,No
23893,Finance,Senior Manager,16.3,Diploma,100872,2.2,Remote,20,No
23894,IT,Manager,0.0,Diploma,20223,1.4,Office,7,No
23895,Operations,Manager,11.8,Master,89004,1.3,Hybrid,5,Yes
23896,Operations,Manager,12.4,Master,76375,1.7,Hybrid,10,No
23897,Sales,Manager,0.9,Master,43665,3.9,Hybrid,32,No
23898,Sales,Senior Manager,14.4,Diploma,102947,2.0,Remote,7,No
23899,Marketing,Executive,4.1,Bachelor,39808,4.7,Hybrid,19,No
23900,Marketing,Senior Manager,2.0,PhD,99896,2.5,Remote,32,No
23901,HR,Intern,14.8,PhD,78897,3.8,Hybrid,12,No
23902,HR,Manager,5.7,Diploma,178703,4.9,Hybrid,28,No
23903,Finance,Executive,4.8,Master,147859,1.1,Hybrid,24,No
23904,Operations,Senior Manager,13.5,PhD,171249,3.7,Hybrid,18,No
23905,Sales,Analyst,16.2,Bachelor,18559,1.0,Office,27,No
23906,Finance,Analyst,1.8,Master,176006,1.0,Hybrid,32,No
23907,HR,Analyst,5.9,Bachelor,169293,2.4,Hybrid,36,No
23908,Marketing,Executive,12.1,Master,62449,2.4,Office,2,No
23909,IT,Senior Manager,6.6,Master,78932,1.7,Hybrid,22,No
23910,Finance,Intern,1.4,Diploma,51712,2.7,Office,20,No
23911,Sales,Executive,17.4,Bachelor,135609,1.9,Office,13,No
23912,IT,Analyst,4.3,PhD,137421,4.3,Office,8,No
23913,Finance,Intern,11.7,Master,125760,2.6,Office,13,No
23914,Finance,Analyst,18.9,Bachelor,140439,1.5,Hybrid,23,No
23915,Operations,Executive,10.2,Master,97563,1.2,Office,29,No
23916,Marketing,Executive,5.0,PhD,83175,1.3,Hybrid,10,No
23917,Marketing,Manager,6.0,Bachelor,131484,1.7,Hybrid,2,No
23918,Sales,Intern,18.1,Diploma,149173,4.4,Remote,15,No
23919,Finance,Analyst,2.3,Diploma,21085,3.3,Office,9,No
23920,Operations,Analyst,16.3,Diploma,119089,3.5,Hybrid,3,No
23921,Operations,Senior Manager,5.5,Bachelor,74636,1.1,Remote,13,No
23922,Sales,Intern,0.0,Master,136112,4.1,Hybrid,31,No
23923,Marketing,Analyst,7.9,Bachelor,79156,4.4,Remote,28,No
23924,Marketing,Manager,2.1,Master,132936,5.0,Office,39,No
23925,Marketing,Analyst,0.8,Diploma,160315,1.2,Office,29,No
23926,Sales,Senior Manager,15.1,Bachelor,134462,1.8,Remote,24,No
23927,HR,Intern,18.9,Bachelor,156658,1.2,Remote,26,No
23928,IT,Intern,11.2,PhD,69156,2.9,Office,5,No
23929,IT,Senior Manager,8.6,Bachelor,27516,3.3,Hybrid,36,Yes
23930,Operations,Analyst,7.4,Master,115903,1.9,Hybrid,13,No
23931,HR,Manager,4.3,Bachelor,52768,2.8,Office,24,No
23932,IT,Senior Manager,2.1,Bachelor,51636,4.5,Office,30,No
23933,Finance,Executive,15.0,Diploma,126321,2.7,Office,4,No
23934,Sales,Intern,14.2,PhD,130409,1.3,Hybrid,21,No
23935,Finance,Analyst,12.4,PhD,97193,2.7,Remote,29,Yes
23936,IT,Senior Manager,12.7,PhD,76098,1.3,Remote,10,No
23937,Marketing,Manager,0.3,Bachelor,41893,2.1,Remote,11,No
23938,IT,Analyst,18.8,Master,141818,4.6,Office,30,No
23939,Finance,Manager,5.9,Diploma,125589,1.0,Hybrid,19,No
23940,Marketing,Intern,8.1,PhD,82636,3.0,Remote,4,No
23941,Sales,Intern,2.3,Bachelor,75716,4.4,Office,3,Yes
23942,Finance,Senior Manager,12.2,Diploma,56715,3.7,Office,32,No
23943,Operations,Manager,0.5,Diploma,101056,2.2,Remote,7,No
23944,Finance,Manager,8.4,Diploma,156056,2.1,Office,26,No
23945,Sales,Manager,0.4,Bachelor,142114,2.7,Remote,36,No
23946,IT,Intern,7.8,Diploma,77976,3.0,Remote,19,No
23947,Sales,Analyst,1.4,Master,168208,2.4,Hybrid,2,No
23948,IT,Senior Manager,6.8,PhD,48602,4.4,Office,36,Yes
23949,Marketing,Executive,19.5,PhD,52614,4.8,Hybrid,36,No
23950,HR,Intern,9.8,Diploma,123693,3.2,Hybrid,38,No
23951,Operations,Senior Manager,7.2,Diploma,74867,3.3,Remote,32,No
23952,HR,Executive,18.0,Bachelor,119124,2.4,Office,34,No
23953,Operations,Senior Manager,3.1,Diploma,114461,2.6,Remote,30,No
23954,IT,Manager,11.0,Diploma,27770,3.1,Hybrid,13,No
23955,Sales,Senior Manager,13.1,Master,79007,3.4,Office,37,No
23956,HR,Executive,9.1,PhD,151827,2.8,Office,4,No
23957,Marketing,Executive,15.0,Diploma,115145,4.1,Hybrid,8,No
23958,Operations,Senior Manager,1.5,Bachelor,32625,3.7,Hybrid,11,No
23959,Sales,Intern,0.4,Diploma,33042,4.5,Office,13,No
23960,Finance,Executive,19.0,Bachelor,165210,2.9,Remote,33,No
23961,IT,Intern,1.2,PhD,153167,2.6,Hybrid,30,No
23962,Marketing,Manager,12.6,Diploma,162870,2.3,Remote,9,Yes
23963,HR,Intern,13.3,Bachelor,178436,3.4,Office,26,No
23964,Operations,Analyst,5.9,Bachelor,135845,3.7,Office,20,No
23965,Finance,Manager,9.1,Master,138999,4.7,Hybrid,2,No
23966,Marketing,Intern,18.7,PhD,58138,2.3,Office,33,No
23967,Sales,Analyst,17.3,Diploma,15836,2.0,Remote,15,No
23968,Marketing,Analyst,1.9,Master,137411,2.5,Office,28,No
23969,Finance,Analyst,15.6,Diploma,80011,1.2,Remote,5,No
23970,Sales,Executive,11.4,PhD,37527,2.1,Office,7,No
23971,Sales,Executive,7.1,PhD,77178,2.4,Office,12,No
23972,Operations,Intern,3.5,Bachelor,133190,4.5,Hybrid,11,No
23973,HR,Analyst,9.4,Bachelor,81810,4.7,Remote,11,No
23974,Sales,Manager,8.2,Master,169486,3.6,Hybrid,6,No
23975,Operations,Senior Manager,8.8,PhD,105863,4.3,Hybrid,28,No
23976,Finance,Executive,3.8,Bachelor,99847,3.4,Hybrid,15,No
23977,Finance,Manager,14.7,Master,104294,1.8,Remote,23,Yes
23978,Finance,Executive,8.0,Master,60047,1.7,Remote,1,No
23979,Sales,Executive,7.4,PhD,39502,4.0,Hybrid,35,No
23980,IT,Executive,0.5,PhD,145076,3.7,Remote,6,No
23981,Finance,Executive,0.6,Diploma,66883,1.4,Office,10,No
23982,Operations,Manager,9.2,Diploma,129741,5.0,Hybrid,14,No
23983,Marketing,Analyst,9.2,Master,138844,2.3,Hybrid,35,Yes
23984,Operations,Intern,13.7,Bachelor,61713,2.5,Office,30,No
23985,Finance,Manager,2.7,Diploma,170349,3.4,Hybrid,20,No
23986,Sales,Analyst,18.7,Bachelor,37014,1.3,Remote,27,No
23987,Sales,Analyst,3.0,Master,154042,1.6,Office,31,No
23988,Sales,Analyst,17.1,Master,121360,3.3,Remote,10,No
23989,Sales,Executive,2.3,Master,78911,4.0,Remote,18,Yes
23990,Marketing,Analyst,5.9,Bachelor,178730,3.2,Remote,25,No
23991,Finance,Manager,0.0,Bachelor,75695,3.1,Hybrid,0,No
23992,IT,Analyst,18.7,Diploma,62807,2.4,Hybrid,16,No
23993,HR,Executive,0.2,Bachelor,45789,1.2,Hybrid,25,No
23994,HR,Senior Manager,5.9,Bachelor,111974,3.6,Hybrid,12,No
23995,HR,Executive,16.5,Bachelor,34620,4.3,Remote,7,Yes
23996,Marketing,Executive,12.3,Diploma,171719,3.9,Office,9,No
23997,Marketing,Manager,10.1,Diploma,147782,3.1,Office,18,No
23998,Operations,Manager,8.0,Master,161927,1.6,Office,34,No
23999,Sales,Analyst,12.7,Master,100918,1.8,Remote,13,No
24000,IT,Senior Manager,3.1,Diploma,134619,1.3,Office,15,No
24001,IT,Executive,10.3,Bachelor,155995,2.6,Remote,24,Yes
24002,Finance,Executive,17.5,PhD,80560,4.7,Office,11,No
24003,HR,Intern,17.2,Diploma,36775,4.4,Remote,0,No
24004,Operations,Intern,9.8,PhD,40733,4.0,Office,4,No
24005,HR,Senior Manager,10.8,Master,28980,3.6,Remote,28,No
24006,Marketing,Senior Manager,9.8,PhD,170136,4.1,Hybrid,37,No
24007,Operations,Manager,10.8,Diploma,23792,4.0,Office,8,No
24008,Operations,Senior Manager,12.3,Master,29728,3.5,Remote,34,No
24009,Operations,Manager,1.7,Master,95900,3.9,Remote,26,No
24010,Finance,Analyst,3.5,PhD,154894,3.1,Remote,21,No
24011,HR,Executive,3.5,Master,71969,1.3,Office,15,No
24012,Finance,Analyst,16.5,Bachelor,39271,1.3,Hybrid,21,No
24013,Finance,Manager,4.6,Master,171084,3.3,Office,4,No
24014,IT,Senior Manager,5.8,Diploma,28100,1.7,Office,26,Yes
24015,HR,Intern,2.3,Bachelor,169999,4.4,Remote,22,No
24016,HR,Intern,13.4,Bachelor,149997,4.3,Remote,5,No
24017,Marketing,Intern,18.7,Bachelor,110306,4.0,Hybrid,10,No
24018,IT,Analyst,13.4,Diploma,167750,1.5,Office,22,No
24019,HR,Executive,9.3,Master,143223,1.6,Remote,9,No
24020,IT,Manager,7.0,Diploma,69133,1.0,Remote,30,No
24021,IT,Analyst,16.8,Diploma,175602,2.4,Remote,11,No
24022,Sales,Senior Manager,16.3,Master,133682,1.6,Office,32,No
24023,Marketing,Senior Manager,2.5,Bachelor,108319,3.9,Office,26,Yes
24024,Finance,Manager,18.0,Master,86956,2.0,Office,38,No
24025,Marketing,Manager,10.9,PhD,114755,1.5,Hybrid,3,No
24026,Finance,Analyst,11.6,PhD,44616,3.2,Hybrid,15,No
24027,Finance,Senior Manager,15.9,Bachelor,78137,2.9,Hybrid,38,Yes
24028,HR,Executive,7.4,Bachelor,98641,2.0,Hybrid,13,Yes
24029,IT,Analyst,3.3,PhD,134980,3.8,Hybrid,2,No
24030,IT,Analyst,2.7,Bachelor,70334,3.0,Office,6,No
24031,IT,Analyst,15.0,Bachelor,141591,2.3,Remote,5,Yes
24032,HR,Senior Manager,13.2,Bachelor,114856,3.5,Office,39,No
24033,HR,Manager,12.3,Master,118635,3.6,Hybrid,21,No
24034,Sales,Senior Manager,12.5,Diploma,160320,4.1,Remote,22,No
24035,Marketing,Senior Manager,0.5,Bachelor,88466,3.2,Office,37,No
24036,Marketing,Manager,14.6,Master,155387,3.4,Hybrid,12,No
24037,Finance,Senior Manager,5.0,PhD,110813,2.6,Remote,32,No
24038,Operations,Analyst,9.3,Bachelor,170383,4.1,Remote,34,No
24039,IT,Executive,2.5,PhD,118911,3.8,Hybrid,25,No
24040,IT,Executive,14.8,PhD,26574,1.6,Remote,0,No
24041,Finance,Manager,8.9,Bachelor,80559,4.8,Hybrid,19,No
24042,Operations,Senior Manager,16.6,PhD,85060,4.8,Office,15,No
24043,Finance,Intern,1.8,PhD,104558,4.2,Hybrid,38,No
24044,Marketing,Executive,12.5,Bachelor,154736,3.7,Hybrid,35,No
24045,Finance,Senior Manager,0.9,PhD,16238,2.8,Hybrid,24,Yes
24046,Finance,Senior Manager,0.3,Bachelor,79825,2.3,Hybrid,9,No
24047,Finance,Manager,13.4,Diploma,81223,3.5,Remote,31,No
24048,Operations,Executive,11.7,Master,66082,2.2,Office,16,Yes
24049,Finance,Intern,19.0,Diploma,89351,4.9,Office,5,No
24050,IT,Analyst,14.9,Bachelor,22403,4.0,Office,24,No
24051,HR,Analyst,6.0,Bachelor,92982,4.3,Hybrid,12,No
24052,Marketing,Analyst,15.4,PhD,175423,3.7,Remote,25,No
24053,Sales,Manager,15.4,PhD,156068,2.3,Hybrid,38,No
24054,Finance,Senior Manager,9.4,Bachelor,44135,3.0,Hybrid,37,No
24055,HR,Executive,0.2,Diploma,168019,4.8,Office,27,No
24056,Marketing,Analyst,1.5,PhD,126932,3.6,Hybrid,32,No
24057,Operations,Executive,17.5,Bachelor,127307,4.1,Remote,21,No
24058,Marketing,Senior Manager,3.5,Diploma,36156,1.6,Hybrid,19,No
24059,IT,Executive,14.8,Bachelor,81033,4.8,Hybrid,2,Yes
24060,Marketing,Intern,2.0,Bachelor,92046,2.6,Remote,13,No
24061,Finance,Senior Manager,8.5,PhD,176929,2.1,Hybrid,4,No
24062,Operations,Intern,0.5,Diploma,60262,2.5,Hybrid,23,No
24063,Sales,Intern,10.1,Diploma,83752,3.2,Hybrid,4,No
24064,Finance,Manager,19.0,Diploma,133813,3.1,Hybrid,11,No
24065,Finance,Intern,0.5,PhD,140923,2.4,Remote,21,No
24066,Finance,Manager,13.1,Master,30776,2.2,Remote,31,No
24067,Marketing,Manager,7.8,PhD,98441,1.6,Hybrid,17,No
24068,Finance,Senior Manager,17.2,Master,81812,4.2,Office,27,No
24069,Sales,Analyst,5.6,Diploma,63487,2.9,Remote,16,No
24070,IT,Analyst,17.9,PhD,31516,4.5,Remote,38,No
24071,Sales,Executive,14.8,PhD,111363,1.9,Office,8,No
24072,IT,Intern,10.9,Master,143952,3.9,Office,6,No
24073,Operations,Intern,7.7,Diploma,43402,3.6,Remote,9,No
24074,Sales,Analyst,10.9,Diploma,26681,1.3,Hybrid,27,No
24075,Sales,Intern,1.7,Diploma,100003,2.3,Hybrid,4,No
24076,Operations,Senior Manager,7.6,Master,159875,2.8,Remote,4,No
24077,Marketing,Intern,6.2,PhD,72388,3.6,Hybrid,18,No
24078,Marketing,Intern,17.0,Master,16873,3.3,Office,7,No
24079,IT,Manager,8.0,Diploma,126707,2.1,Remote,2,No
24080,IT,Executive,12.8,Bachelor,139702,2.6,Office,32,No
24081,Sales,Intern,5.6,PhD,19230,3.0,Office,16,No
24082,IT,Manager,19.6,Master,116086,3.9,Hybrid,30,No
24083,Finance,Intern,11.0,Bachelor,177022,5.0,Hybrid,5,No
24084,Finance,Senior Manager,17.6,Diploma,174522,2.4,Remote,30,No
24085,Marketing,Manager,14.5,PhD,122082,3.2,Remote,19,No
24086,Marketing,Senior Manager,0.4,PhD,176125,4.5,Hybrid,37,No
24087,IT,Intern,11.4,Diploma,116160,2.5,Office,32,No
24088,Marketing,Intern,1.1,PhD,174873,4.0,Remote,7,No
24089,Operations,Senior Manager,19.9,Diploma,68764,2.8,Remote,6,No
24090,IT,Intern,1.5,Master,33241,3.5,Hybrid,18,No
24091,Sales,Executive,16.9,Master,63620,4.0,Remote,9,No
24092,HR,Intern,15.7,Master,175827,3.9,Hybrid,0,No
24093,Sales,Senior Manager,1.1,Master,63559,3.6,Remote,0,No
24094,HR,Senior Manager,2.9,Master,139320,1.9,Remote,37,No
24095,HR,Executive,19.3,Master,63491,1.0,Hybrid,9,Yes
24096,Operations,Intern,12.2,PhD,116644,3.5,Remote,11,No
24097,Marketing,Executive,2.5,Bachelor,103349,1.5,Hybrid,32,No
24098,Finance,Executive,3.0,Diploma,26410,4.5,Remote,10,No
24099,IT,Executive,0.7,PhD,48119,4.4,Office,6,No
24100,Marketing,Executive,16.4,Bachelor,162500,1.9,Hybrid,36,No
24101,Sales,Executive,13.2,PhD,38851,2.4,Hybrid,16,Yes
24102,Operations,Executive,12.4,Diploma,172530,3.2,Remote,5,No
24103,Finance,Executive,1.3,PhD,94390,2.1,Remote,15,Yes
24104,Finance,Manager,1.8,PhD,111923,3.7,Office,22,No
24105,IT,Analyst,6.1,Bachelor,118327,3.9,Hybrid,31,Yes
24106,Finance,Manager,12.0,Bachelor,127718,3.6,Hybrid,6,No
24107,Finance,Intern,11.9,Bachelor,96423,4.5,Office,26,No
24108,Operations,Analyst,4.0,Diploma,179732,1.1,Remote,30,Yes
24109,HR,Manager,10.7,PhD,43761,2.3,Office,28,No
24110,Operations,Analyst,14.3,Diploma,49408,2.7,Office,23,No
24111,HR,Senior Manager,16.2,Bachelor,171448,4.3,Office,36,Yes
24112,Marketing,Senior Manager,9.1,Bachelor,89156,3.6,Hybrid,10,No
24113,Marketing,Analyst,10.1,PhD,179105,2.3,Remote,36,No
24114,Sales,Senior Manager,13.7,PhD,137100,1.4,Hybrid,39,No
24115,Finance,Intern,18.1,Bachelor,164306,4.3,Remote,38,No
24116,Marketing,Manager,13.1,Diploma,101144,3.3,Remote,30,No
24117,Sales,Manager,9.3,Bachelor,43510,2.3,Office,25,No
24118,Finance,Intern,18.3,Bachelor,96369,1.6,Remote,3,No
24119,HR,Manager,3.0,PhD,50504,1.7,Hybrid,18,No
24120,HR,Senior Manager,9.7,Master,171687,2.6,Hybrid,14,No
24121,Sales,Analyst,5.6,Bachelor,162310,4.6,Hybrid,27,No
24122,HR,Manager,19.8,Bachelor,84697,4.6,Remote,9,No
24123,HR,Manager,6.7,PhD,178854,1.3,Office,29,No
24124,HR,Intern,0.2,Diploma,104077,1.4,Hybrid,25,No
24125,Sales,Manager,7.7,Bachelor,48773,4.4,Hybrid,17,No
24126,Operations,Analyst,2.0,PhD,83145,1.2,Hybrid,9,Yes
24127,HR,Intern,8.5,Diploma,149523,3.5,Hybrid,23,Yes
24128,IT,Intern,3.2,PhD,167719,1.2,Hybrid,28,No
24129,Operations,Analyst,3.6,Bachelor,92410,4.0,Remote,5,No
24130,Marketing,Intern,2.2,PhD,40004,3.2,Hybrid,24,No
24131,HR,Intern,10.0,Master,168118,2.0,Hybrid,7,Yes
24132,Operations,Executive,11.0,PhD,97450,4.2,Remote,33,No
24133,IT,Senior Manager,16.5,Master,15536,1.3,Remote,15,No
24134,Sales,Intern,12.2,PhD,127750,2.1,Office,18,Yes
24135,Operations,Analyst,17.7,Master,166220,3.0,Office,5,No
24136,Marketing,Manager,6.9,Master,68998,2.9,Remote,26,No
24137,IT,Executive,7.2,Bachelor,124417,4.6,Remote,32,No
24138,Marketing,Intern,4.0,Master,81937,1.8,Remote,34,No
24139,Sales,Executive,8.8,Diploma,162646,2.3,Remote,9,No
24140,Operations,Intern,5.5,PhD,98044,4.6,Hybrid,27,No
24141,Operations,Executive,0.3,PhD,122484,5.0,Hybrid,31,No
24142,HR,Executive,5.8,PhD,144540,3.4,Office,28,No
24143,HR,Senior Manager,2.2,PhD,165591,4.7,Office,31,No
24144,Marketing,Analyst,12.0,Diploma,161588,4.2,Office,15,Yes
24145,Operations,Manager,10.3,PhD,123995,5.0,Office,9,No
24146,Operations,Analyst,0.7,Master,41368,3.2,Remote,0,No
24147,Sales,Senior Manager,7.2,PhD,65474,2.7,Hybrid,25,Yes
24148,Finance,Intern,5.7,Bachelor,27004,3.9,Hybrid,32,No
24149,HR,Executive,17.0,PhD,157736,4.2,Office,21,No
24150,Operations,Senior Manager,5.8,Diploma,44489,5.0,Hybrid,26,No
24151,Sales,Analyst,14.2,Master,179732,1.7,Remote,23,No
24152,Sales,Executive,16.5,PhD,146700,1.3,Remote,11,No
24153,Operations,Senior Manager,6.6,Bachelor,27724,2.0,Office,0,No
24154,Finance,Analyst,17.2,PhD,42691,2.1,Hybrid,20,No
24155,IT,Senior Manager,17.0,Bachelor,18352,1.2,Office,28,No
24156,Operations,Senior Manager,0.9,PhD,43057,4.2,Hybrid,14,No
24157,Marketing,Manager,17.2,PhD,117604,4.2,Remote,18,No
24158,Operations,Intern,0.4,Diploma,97404,3.4,Office,15,Yes
24159,IT,Senior Manager,19.5,Master,96428,1.5,Remote,38,Yes
24160,HR,Intern,6.3,Bachelor,80559,4.4,Hybrid,13,No
24161,Sales,Executive,15.1,Diploma,103876,2.3,Office,38,No
24162,Sales,Analyst,9.7,Diploma,90471,3.5,Office,15,No
24163,Operations,Senior Manager,18.6,Master,96487,1.2,Hybrid,34,Yes
24164,Sales,Senior Manager,1.9,PhD,141236,4.7,Hybrid,2,Yes
24165,Marketing,Senior Manager,15.8,PhD,38519,2.4,Remote,9,No
24166,HR,Senior Manager,8.3,PhD,90746,3.2,Office,8,No
24167,Sales,Executive,1.6,Bachelor,86472,2.3,Hybrid,2,No
24168,Operations,Executive,6.7,PhD,88677,3.0,Remote,32,Yes
24169,Marketing,Executive,0.6,PhD,97628,2.3,Hybrid,3,No
24170,IT,Executive,14.6,Diploma,154574,4.9,Remote,6,Yes
24171,Marketing,Intern,7.0,Master,176321,4.6,Office,35,No
24172,HR,Intern,10.9,Master,149451,3.8,Remote,12,No
24173,Sales,Intern,8.1,Diploma,106412,4.7,Hybrid,34,No
24174,HR,Intern,3.1,Master,68348,4.6,Hybrid,30,No
24175,IT,Executive,9.8,Master,128215,2.8,Hybrid,6,No
24176,IT,Executive,14.4,PhD,22889,3.9,Remote,36,No
24177,HR,Senior Manager,6.6,Master,152808,2.7,Remote,23,No
24178,Finance,Intern,1.1,PhD,137593,4.7,Office,24,No
24179,HR,Manager,16.5,Bachelor,62397,1.8,Remote,16,Yes
24180,Marketing,Intern,8.3,PhD,42289,3.0,Office,32,No
24181,Finance,Analyst,7.5,PhD,60793,3.3,Office,4,No
24182,Operations,Executive,12.7,Bachelor,155562,2.8,Hybrid,18,No
24183,Finance,Intern,17.4,Diploma,17272,2.6,Remote,30,No
24184,Marketing,Analyst,12.4,PhD,93964,1.5,Office,8,No
24185,Finance,Manager,1.4,PhD,170747,1.1,Hybrid,10,No
24186,Sales,Executive,6.3,Master,156352,3.1,Office,9,No
24187,Marketing,Analyst,7.6,Diploma,145833,4.4,Remote,30,No
24188,IT,Analyst,14.1,PhD,86236,3.6,Office,11,No
24189,HR,Analyst,7.5,Diploma,93675,4.1,Hybrid,38,Yes
24190,Sales,Senior Manager,17.4,Master,38016,3.5,Hybrid,28,No
24191,IT,Intern,7.4,PhD,119779,3.0,Office,9,Yes
24192,Finance,Intern,7.9,Master,91921,3.1,Office,24,Yes
24193,Sales,Intern,12.2,PhD,115036,3.8,Remote,18,Yes
24194,Sales,Executive,13.6,PhD,137769,4.1,Office,4,No
24195,Marketing,Senior Manager,17.2,Bachelor,132060,4.5,Remote,7,Yes
24196,Operations,Analyst,1.9,Master,156749,2.6,Hybrid,34,Yes
24197,IT,Executive,3.4,Diploma,160285,1.8,Hybrid,10,No
24198,IT,Intern,11.8,Master,41930,2.5,Office,5,Yes
24199,Sales,Senior Manager,4.7,Diploma,149648,4.0,Office,29,No
24200,IT,Senior Manager,0.3,Diploma,148323,1.1,Remote,10,No
24201,IT,Analyst,7.4,Diploma,86477,3.9,Office,39,Yes
24202,Sales,Intern,9.0,Diploma,106760,3.4,Hybrid,6,No
24203,Sales,Manager,10.0,Diploma,123401,3.7,Office,7,No
24204,Sales,Analyst,8.7,PhD,148985,2.0,Remote,16,No
24205,Marketing,Analyst,6.1,Master,30397,1.0,Office,35,No
24206,Marketing,Executive,7.4,PhD,157493,1.3,Remote,22,No
24207,Operations,Analyst,8.0,Master,124090,2.0,Remote,25,No
24208,IT,Manager,1.9,Master,27842,4.2,Remote,3,No
24209,Marketing,Analyst,17.9,Master,104693,2.8,Hybrid,32,No
24210,Marketing,Executive,15.7,PhD,97204,2.9,Remote,17,No
24211,Sales,Senior Manager,8.1,Bachelor,89186,4.5,Remote,26,Yes
24212,Operations,Executive,4.1,Diploma,82063,2.3,Remote,20,No
24213,Finance,Analyst,12.4,PhD,97999,1.1,Office,33,No
24214,Marketing,Senior Manager,1.4,Bachelor,63634,2.2,Remote,4,No
24215,Marketing,Intern,11.5,Master,179194,3.3,Hybrid,17,No
24216,Finance,Senior Manager,2.6,Bachelor,59856,3.2,Office,36,No
24217,Sales,Intern,5.2,Diploma,30177,1.8,Remote,21,No
24218,Sales,Intern,2.8,Master,145481,4.4,Remote,38,No
24219,Sales,Senior Manager,1.2,PhD,162865,3.7,Office,26,No
24220,HR,Manager,8.0,Master,94332,3.7,Remote,36,No
24221,HR,Senior Manager,9.3,Bachelor,66230,3.1,Remote,8,No
24222,Marketing,Senior Manager,4.2,PhD,107410,2.5,Remote,4,No
24223,Marketing,Executive,19.9,Bachelor,109227,3.6,Office,21,No
24224,Operations,Executive,18.0,Bachelor,99991,2.9,Hybrid,14,No
24225,Finance,Senior Manager,14.0,Diploma,116368,4.4,Office,38,No
24226,IT,Analyst,15.5,Bachelor,40443,3.6,Remote,17,No
24227,Finance,Analyst,2.4,Diploma,118801,2.7,Hybrid,33,No
24228,Operations,Intern,15.2,Diploma,19661,1.2,Office,14,No
24229,IT,Analyst,17.3,Master,54689,2.9,Remote,1,No
24230,Operations,Senior Manager,17.6,PhD,56422,2.2,Hybrid,11,No
24231,Sales,Analyst,12.3,Diploma,153787,3.2,Hybrid,29,No
24232,Marketing,Manager,5.7,Bachelor,108410,3.6,Remote,10,No
24233,Marketing,Intern,4.1,PhD,142578,1.4,Remote,28,Yes
24234,Sales,Manager,2.9,Bachelor,118818,1.5,Office,29,No
24235,IT,Senior Manager,18.8,Diploma,108234,1.8,Hybrid,26,No
24236,Operations,Intern,16.9,Bachelor,62009,2.2,Remote,34,Yes
24237,Finance,Intern,10.8,Diploma,56072,3.5,Remote,5,Yes
24238,Marketing,Manager,18.9,Diploma,37136,4.5,Hybrid,10,No
24239,Finance,Executive,0.5,Bachelor,94158,1.2,Hybrid,10,No
24240,Sales,Analyst,6.2,PhD,118354,2.4,Hybrid,39,No
24241,Operations,Senior Manager,10.4,Master,37311,5.0,Remote,5,No
24242,HR,Senior Manager,12.7,Diploma,99566,3.3,Hybrid,28,No
24243,IT,Manager,5.6,PhD,168046,2.3,Office,2,No
24244,Operations,Senior Manager,1.6,Diploma,127537,3.3,Hybrid,31,No
24245,Operations,Analyst,13.6,Diploma,94437,1.0,Hybrid,0,No
24246,Sales,Senior Manager,7.6,Master,172579,1.8,Remote,15,No
24247,Finance,Analyst,2.6,PhD,67716,2.0,Office,0,No
24248,Marketing,Senior Manager,6.2,Master,115320,1.6,Hybrid,16,No
24249,Operations,Executive,8.2,Diploma,82525,4.2,Remote,16,No
24250,Finance,Senior Manager,15.4,Diploma,21149,2.3,Hybrid,39,No
24251,Sales,Intern,17.1,PhD,137521,2.2,Remote,23,Yes
24252,HR,Analyst,3.7,Master,155091,4.2,Office,33,No
24253,HR,Executive,14.1,PhD,52500,2.1,Remote,17,No
24254,Operations,Manager,17.7,Bachelor,27850,4.5,Office,30,No
24255,Marketing,Manager,17.9,Master,57436,2.0,Remote,17,No
24256,Marketing,Executive,1.7,PhD,55916,1.8,Remote,24,No
24257,Sales,Intern,7.2,Diploma,151069,3.9,Remote,33,No
24258,Operations,Executive,4.1,Diploma,22353,1.5,Remote,18,No
24259,Marketing,Manager,4.5,PhD,109779,1.5,Office,1,No
24260,HR,Senior Manager,4.8,Diploma,148432,2.8,Hybrid,24,No
24261,Sales,Senior Manager,4.4,PhD,42942,3.1,Remote,16,No
24262,Marketing,Senior Manager,19.6,Diploma,85877,2.2,Hybrid,33,No
24263,Operations,Manager,7.3,Bachelor,23780,2.1,Office,19,No
24264,IT,Intern,12.4,Diploma,99877,4.0,Office,16,Yes
24265,Operations,Senior Manager,19.5,Bachelor,60147,4.8,Hybrid,31,No
24266,Operations,Senior Manager,3.5,Bachelor,64450,4.9,Hybrid,25,No
24267,HR,Senior Manager,3.2,Master,172960,3.7,Remote,30,No
24268,IT,Senior Manager,3.8,PhD,124994,1.0,Remote,37,No
24269,Finance,Analyst,19.8,Diploma,31087,4.2,Remote,9,No
24270,Finance,Senior Manager,14.1,PhD,123498,3.5,Office,34,No
24271,Sales,Manager,7.0,Master,78171,4.3,Remote,14,Yes
24272,HR,Manager,12.3,Diploma,19625,2.4,Office,18,No
24273,Operations,Intern,14.3,Diploma,26624,4.2,Remote,26,No
24274,Sales,Executive,5.3,Diploma,124453,1.3,Hybrid,9,No
24275,Marketing,Manager,7.6,Bachelor,136539,2.0,Hybrid,8,No
24276,HR,Analyst,2.1,Diploma,93619,1.4,Hybrid,5,No
24277,Operations,Analyst,2.4,Diploma,137397,2.3,Hybrid,10,No
24278,Operations,Analyst,3.1,Bachelor,82786,1.9,Hybrid,33,No
24279,Operations,Manager,19.0,Master,44590,4.9,Remote,25,No
24280,Operations,Analyst,16.7,PhD,24332,2.0,Hybrid,19,No
24281,Marketing,Senior Manager,19.1,Diploma,75503,3.6,Remote,9,No
24282,Finance,Intern,10.8,Bachelor,55312,2.9,Hybrid,3,Yes
24283,IT,Manager,4.3,Bachelor,151930,3.3,Hybrid,17,No
24284,Sales,Senior Manager,0.6,Master,37067,1.3,Remote,32,No
24285,Operations,Manager,6.6,Diploma,35475,1.2,Hybrid,32,No
24286,HR,Intern,14.9,Master,179803,2.5,Remote,22,No
24287,Operations,Senior Manager,10.3,PhD,37004,2.0,Remote,12,No
24288,Sales,Analyst,4.1,Bachelor,79941,1.5,Office,31,No
24289,HR,Executive,17.9,Bachelor,149784,3.8,Office,20,Yes
24290,HR,Intern,11.2,Bachelor,53484,4.9,Hybrid,26,No
24291,Operations,Executive,18.2,PhD,77121,1.3,Hybrid,10,No
24292,Marketing,Analyst,4.2,Diploma,79312,4.6,Hybrid,10,Yes
24293,IT,Executive,0.8,Master,29602,2.2,Hybrid,27,No
24294,Sales,Senior Manager,13.7,Master,15576,2.4,Office,10,No
24295,IT,Senior Manager,19.9,Bachelor,19491,4.1,Hybrid,17,No
24296,Sales,Intern,7.2,PhD,53129,2.4,Remote,11,Yes
24297,HR,Senior Manager,0.6,Bachelor,62791,4.6,Hybrid,11,No
24298,Operations,Executive,18.5,Diploma,126240,4.6,Remote,35,Yes
24299,Operations,Intern,1.8,PhD,108931,1.2,Hybrid,13,No
24300,IT,Manager,5.3,Diploma,173677,2.9,Remote,18,No
24301,HR,Executive,5.9,Master,22473,3.0,Hybrid,31,No
24302,Sales,Manager,1.0,Diploma,15710,4.3,Hybrid,16,No
24303,HR,Intern,0.2,Master,53437,1.2,Office,21,Yes
24304,HR,Manager,0.8,Diploma,42750,2.9,Office,3,Yes
24305,Sales,Analyst,3.7,Diploma,97614,2.3,Office,4,No
24306,Sales,Senior Manager,3.5,Master,63005,4.4,Office,10,No
24307,Operations,Executive,11.4,PhD,80089,2.7,Hybrid,18,No
24308,IT,Manager,7.2,Master,89132,2.8,Remote,0,No
24309,HR,Manager,7.5,Master,124107,3.0,Office,30,No
24310,Marketing,Executive,15.4,Master,20319,1.6,Hybrid,35,No
24311,Operations,Executive,15.4,PhD,134771,1.7,Hybrid,24,No
24312,Marketing,Executive,12.1,Master,52160,2.3,Remote,25,Yes
24313,Finance,Analyst,16.9,PhD,167247,1.1,Hybrid,33,No
24314,Finance,Manager,14.0,Diploma,108733,3.2,Hybrid,1,Yes
24315,HR,Analyst,17.3,Bachelor,103668,2.6,Remote,3,No
24316,Finance,Senior Manager,14.0,Bachelor,25870,1.7,Office,2,Yes
24317,IT,Analyst,17.0,Bachelor,17851,1.1,Remote,38,No
24318,HR,Analyst,9.4,Bachelor,139400,1.8,Remote,9,Yes
24319,HR,Manager,19.9,Master,80494,1.5,Office,37,No
24320,HR,Analyst,14.1,Master,95984,2.8,Hybrid,28,No
24321,Operations,Executive,17.7,Bachelor,119672,3.6,Hybrid,5,No
24322,IT,Executive,9.7,PhD,149669,3.1,Hybrid,32,No
24323,Sales,Senior Manager,0.9,PhD,44764,4.4,Hybrid,12,No
24324,Finance,Analyst,3.0,Bachelor,109099,2.5,Remote,14,No
24325,Marketing,Manager,6.7,PhD,30469,1.2,Hybrid,4,No
24326,Operations,Executive,6.5,Master,59092,3.2,Office,15,No
24327,Operations,Executive,14.8,PhD,110588,4.5,Hybrid,21,No
24328,HR,Analyst,3.4,PhD,25529,4.0,Remote,6,Yes
24329,IT,Intern,7.8,Diploma,33773,4.5,Remote,20,No
24330,Operations,Intern,10.3,Master,137809,4.3,Office,18,No
24331,IT,Intern,1.3,PhD,73450,1.3,Hybrid,20,No
24332,Finance,Analyst,10.7,Master,99264,4.8,Office,12,Yes
24333,HR,Senior Manager,6.0,Master,121142,3.7,Office,21,Yes
24334,Sales,Manager,19.7,Diploma,76323,3.7,Office,29,No
24335,Finance,Executive,0.9,PhD,132397,1.2,Remote,36,No
24336,Marketing,Manager,10.9,Master,36490,4.0,Office,1,Yes
24337,Marketing,Executive,19.7,PhD,32091,2.6,Hybrid,7,No
24338,Finance,Senior Manager,18.6,Diploma,134426,4.2,Office,28,No
24339,HR,Manager,0.5,Diploma,78332,4.2,Remote,10,No
24340,Marketing,Analyst,7.1,PhD,76852,2.2,Remote,0,No
24341,Sales,Analyst,8.0,Diploma,126441,3.3,Remote,25,No
24342,Marketing,Manager,4.2,Bachelor,87879,2.2,Remote,8,No
24343,Sales,Executive,8.3,Bachelor,125065,3.9,Remote,21,Yes
24344,Sales,Manager,5.9,PhD,83729,4.5,Office,18,No
24345,Sales,Executive,2.6,PhD,148171,2.7,Remote,36,No
24346,IT,Manager,17.9,Diploma,117473,2.4,Hybrid,39,No
24347,IT,Analyst,10.7,PhD,127797,3.3,Hybrid,34,No
24348,HR,Analyst,8.3,Bachelor,81563,2.4,Remote,2,No
24349,Finance,Intern,17.4,Master,61780,2.3,Remote,4,Yes
24350,Sales,Manager,7.0,Diploma,22698,1.6,Hybrid,15,No
24351,Operations,Manager,16.3,PhD,63879,4.4,Remote,2,No
24352,Operations,Executive,10.3,Bachelor,115570,3.7,Office,9,Yes
24353,HR,Analyst,3.0,Master,76539,1.7,Remote,3,No
24354,Marketing,Intern,13.6,PhD,58594,1.3,Office,34,No
24355,HR,Manager,8.1,Bachelor,156033,2.3,Remote,16,No
24356,HR,Intern,6.0,Master,168438,1.7,Office,21,Yes
24357,IT,Analyst,13.0,Master,111135,4.7,Hybrid,12,Yes
24358,Finance,Executive,14.5,PhD,160221,2.6,Remote,21,No
24359,Operations,Intern,0.4,Diploma,174347,3.9,Remote,31,No
24360,IT,Executive,9.2,Diploma,92006,3.3,Office,17,No
24361,Sales,Executive,17.9,Bachelor,124232,1.8,Remote,34,No
24362,IT,Executive,19.9,Master,88435,2.4,Remote,4,No
24363,IT,Analyst,11.2,Diploma,178818,1.6,Hybrid,7,No
24364,Finance,Executive,11.7,Bachelor,87206,4.7,Office,8,Yes
24365,Finance,Senior Manager,3.9,Bachelor,172286,3.4,Office,2,No
24366,Operations,Intern,9.3,Diploma,139726,1.7,Remote,15,No
24367,Sales,Senior Manager,16.6,Diploma,176218,4.7,Remote,32,No
24368,IT,Analyst,1.8,Bachelor,17937,3.2,Office,26,No
24369,Sales,Intern,7.8,Diploma,138468,2.4,Hybrid,33,Yes
24370,Marketing,Executive,18.0,PhD,134022,2.7,Hybrid,5,No
24371,IT,Manager,16.5,Diploma,175214,2.2,Hybrid,26,No
24372,Sales,Manager,4.7,PhD,74158,1.8,Remote,12,No
24373,HR,Analyst,17.8,PhD,123963,2.4,Remote,24,No
24374,Finance,Executive,16.3,PhD,156916,4.4,Hybrid,35,No
24375,IT,Analyst,13.3,Master,63287,4.9,Office,34,No
24376,Finance,Analyst,5.8,PhD,59562,4.8,Office,27,No
24377,Operations,Executive,19.1,Diploma,72320,3.7,Office,10,No
24378,Finance,Intern,13.5,Diploma,172877,4.7,Hybrid,9,No
24379,IT,Manager,16.1,Master,127475,1.9,Hybrid,8,No
24380,Finance,Senior Manager,7.4,Diploma,94953,1.4,Remote,30,No
24381,Finance,Intern,16.9,Bachelor,80470,4.8,Office,28,No
24382,Marketing,Analyst,8.8,Master,106126,4.4,Hybrid,39,Yes
24383,IT,Analyst,1.4,PhD,134503,3.4,Office,20,Yes
24384,Sales,Executive,0.1,Master,146594,1.9,Office,13,No
24385,Marketing,Executive,14.6,Diploma,117474,3.2,Hybrid,31,No
24386,Finance,Intern,17.6,Master,178525,4.2,Hybrid,11,No
24387,Operations,Manager,9.3,Bachelor,119739,5.0,Hybrid,8,No
24388,HR,Executive,15.0,Diploma,89345,4.4,Hybrid,16,Yes
24389,Finance,Executive,9.2,Bachelor,173847,4.8,Hybrid,6,No
24390,IT,Senior Manager,2.5,Master,58970,4.9,Hybrid,25,No
24391,Finance,Analyst,0.9,Master,48304,2.4,Office,22,No
24392,Operations,Manager,19.7,Bachelor,15859,1.8,Hybrid,3,No
24393,IT,Intern,0.4,Bachelor,90330,4.3,Hybrid,21,No
24394,HR,Manager,13.7,Bachelor,142272,4.5,Hybrid,2,No
24395,Marketing,Analyst,17.5,PhD,42232,3.3,Remote,37,No
24396,IT,Analyst,16.2,Diploma,19888,1.6,Office,22,No
24397,Marketing,Senior Manager,13.5,Master,44739,3.4,Hybrid,2,No
24398,Finance,Intern,9.7,Diploma,52211,1.4,Remote,20,Yes
24399,Finance,Analyst,17.7,Master,16079,2.3,Office,33,No
24400,Marketing,Intern,14.4,Diploma,47428,4.2,Hybrid,3,No
24401,IT,Senior Manager,16.1,PhD,174006,3.1,Office,38,No
24402,Marketing,Senior Manager,7.5,Bachelor,87385,2.8,Office,23,No
24403,Marketing,Senior Manager,10.9,Bachelor,149216,3.9,Remote,14,Yes
24404,Marketing,Intern,2.4,Bachelor,35011,1.2,Remote,33,No
24405,HR,Manager,9.6,Bachelor,58750,2.9,Hybrid,29,No
24406,Marketing,Executive,16.9,Diploma,75723,3.2,Remote,15,No
24407,Sales,Executive,11.2,Diploma,43002,1.5,Office,26,No
24408,Operations,Manager,7.2,Master,177324,3.1,Office,9,No
24409,Sales,Senior Manager,5.9,Diploma,106101,4.1,Remote,17,No
24410,IT,Senior Manager,1.4,Bachelor,97095,3.2,Remote,32,Yes
24411,Marketing,Executive,8.4,PhD,22937,3.9,Remote,14,No
24412,Operations,Manager,14.7,Master,85503,1.4,Office,37,No
24413,Sales,Manager,1.1,Diploma,162635,1.7,Office,38,Yes
24414,Operations,Senior Manager,9.3,Bachelor,87975,2.2,Remote,24,No
24415,Marketing,Senior Manager,2.0,Bachelor,133606,2.4,Office,7,No
24416,Finance,Analyst,2.1,PhD,107496,4.2,Remote,7,No
24417,Finance,Intern,14.3,Master,167466,1.2,Remote,9,No
24418,IT,Analyst,19.6,PhD,119571,4.3,Office,30,No
24419,IT,Intern,3.4,Bachelor,162462,3.8,Remote,29,No
24420,Finance,Manager,13.4,PhD,112351,1.7,Hybrid,32,No
24421,IT,Analyst,13.6,Bachelor,60996,4.0,Office,36,No
24422,Marketing,Manager,3.4,Master,76360,4.2,Hybrid,37,No
24423,Operations,Manager,9.2,PhD,59404,2.4,Remote,14,No
24424,Sales,Analyst,1.6,Bachelor,132998,2.5,Remote,37,No
24425,Marketing,Intern,18.2,Master,112683,1.1,Office,32,Yes
24426,Operations,Executive,15.4,Master,136741,4.9,Remote,23,No
24427,HR,Executive,17.0,PhD,35654,3.9,Office,37,No
24428,Finance,Executive,8.8,Diploma,163140,3.3,Office,15,Yes
24429,Marketing,Analyst,5.9,Bachelor,60275,4.2,Office,22,Yes
24430,Operations,Analyst,7.0,PhD,165941,4.7,Office,11,No
24431,Operations,Executive,5.6,Master,123662,3.2,Office,23,No
24432,Finance,Intern,3.0,Bachelor,169990,1.6,Office,13,No
24433,Finance,Manager,1.0,Bachelor,173760,4.7,Office,15,No
24434,HR,Manager,7.8,Diploma,27007,2.0,Hybrid,12,No
24435,Sales,Analyst,11.1,Diploma,89694,2.7,Hybrid,14,No
24436,IT,Manager,9.2,Master,161947,4.0,Hybrid,33,No
24437,Finance,Intern,8.0,PhD,101146,4.2,Office,22,No
24438,Finance,Senior Manager,0.7,PhD,147585,4.5,Remote,8,Yes
24439,Sales,Analyst,7.5,Diploma,169494,1.1,Office,11,No
24440,Operations,Executive,2.3,Bachelor,42454,4.4,Remote,33,No
24441,IT,Manager,13.9,Bachelor,122600,4.4,Hybrid,23,No
24442,Sales,Manager,6.2,Diploma,115564,2.1,Office,33,No
24443,Finance,Manager,10.1,Master,91066,3.1,Office,0,No
24444,Marketing,Manager,7.0,Master,34587,4.7,Hybrid,6,No
24445,Operations,Analyst,10.4,Bachelor,47175,1.6,Hybrid,0,No
24446,Finance,Manager,3.9,Bachelor,171731,4.7,Hybrid,1,No
24447,HR,Manager,1.6,Bachelor,172713,2.2,Hybrid,7,No
24448,Marketing,Intern,4.9,Diploma,113580,4.1,Office,14,No
24449,Marketing,Analyst,4.9,Diploma,29874,1.3,Hybrid,22,No
24450,Marketing,Senior Manager,4.8,PhD,179042,2.6,Hybrid,28,No
24451,Sales,Executive,6.9,Master,95944,3.2,Remote,22,No
24452,Finance,Senior Manager,18.3,PhD,135723,4.9,Office,27,No
24453,Finance,Manager,8.8,Bachelor,128741,2.7,Remote,22,Yes
24454,HR,Executive,1.2,PhD,34298,1.0,Office,33,Yes
24455,Operations,Executive,15.1,Bachelor,131167,3.9,Remote,21,No
24456,Operations,Executive,19.5,PhD,87637,3.8,Office,22,No
24457,Marketing,Senior Manager,5.0,Diploma,139725,4.0,Office,27,No
24458,Marketing,Senior Manager,0.2,Bachelor,46948,4.3,Remote,35,No
24459,HR,Executive,10.1,Bachelor,20062,3.9,Hybrid,15,No
24460,Sales,Manager,16.8,Bachelor,100993,3.3,Office,26,Yes
24461,Marketing,Senior Manager,18.9,Diploma,30141,3.4,Office,21,No
24462,Finance,Executive,13.0,Diploma,165263,2.2,Hybrid,26,No
24463,Marketing,Executive,2.9,Bachelor,58293,1.8,Hybrid,35,Yes
24464,Marketing,Executive,10.9,Diploma,94183,4.7,Hybrid,17,No
24465,HR,Executive,0.6,Diploma,86185,1.7,Remote,23,Yes
24466,Marketing,Executive,1.2,Diploma,53816,3.1,Hybrid,27,No
24467,Marketing,Senior Manager,5.3,PhD,151479,1.6,Remote,0,No
24468,HR,Manager,10.7,PhD,96276,2.4,Remote,17,No
24469,Sales,Intern,1.2,Master,164926,3.7,Remote,30,No
24470,Marketing,Analyst,19.8,Diploma,24042,4.9,Hybrid,22,No
24471,Operations,Analyst,11.8,Master,26073,4.7,Hybrid,22,No
24472,Finance,Senior Manager,3.7,Master,48829,3.8,Remote,13,No
24473,HR,Executive,1.3,Master,113122,1.6,Hybrid,25,No
24474,Finance,Manager,6.9,Diploma,78810,3.3,Hybrid,39,No
24475,Marketing,Manager,15.3,PhD,95936,5.0,Hybrid,9,No
24476,HR,Analyst,13.5,Master,165387,2.6,Hybrid,29,No
24477,HR,Intern,1.2,Diploma,123000,2.0,Office,28,No
24478,Marketing,Analyst,3.6,Diploma,29342,4.9,Office,15,Yes
24479,Operations,Intern,19.6,Bachelor,126476,2.8,Office,14,No
24480,IT,Manager,15.3,Master,168708,1.2,Remote,32,No
24481,Marketing,Executive,7.7,Bachelor,171605,1.9,Office,12,Yes
24482,HR,Senior Manager,13.5,Master,17384,2.2,Remote,28,No
24483,Sales,Executive,10.7,Diploma,163343,2.9,Office,29,No
24484,IT,Analyst,1.6,Master,79209,2.0,Hybrid,0,No
24485,Marketing,Executive,12.2,Master,35475,2.3,Office,1,No
24486,Sales,Analyst,9.4,Bachelor,133883,4.5,Hybrid,21,Yes
24487,Marketing,Manager,12.4,Bachelor,110315,1.5,Office,21,No
24488,IT,Intern,18.8,Master,69757,1.1,Remote,18,No
24489,IT,Executive,0.7,PhD,99950,1.8,Remote,32,No
24490,Finance,Executive,4.0,Bachelor,177506,3.2,Remote,17,Yes
24491,Marketing,Executive,3.7,PhD,49154,3.9,Hybrid,1,No
24492,Marketing,Senior Manager,19.0,Bachelor,66651,2.6,Hybrid,23,No
24493,IT,Executive,17.5,Bachelor,119923,3.3,Remote,11,Yes
24494,Marketing,Analyst,12.4,Master,175420,2.8,Remote,14,No
24495,Sales,Intern,12.8,PhD,142016,2.1,Office,27,No
24496,Operations,Executive,5.9,Master,40281,2.7,Hybrid,10,No
24497,IT,Intern,14.1,Bachelor,32842,3.6,Hybrid,12,Yes
24498,Operations,Executive,15.7,Master,145468,1.1,Hybrid,12,Yes
24499,Finance,Senior Manager,8.5,PhD,30177,4.3,Hybrid,33,No
24500,Operations,Analyst,1.2,PhD,78753,3.8,Remote,0,No
24501,Marketing,Senior Manager,9.6,Diploma,167127,4.5,Remote,23,No
24502,Finance,Manager,17.9,Bachelor,164377,1.9,Office,12,Yes
24503,Marketing,Manager,16.6,Diploma,137301,4.3,Remote,12,No
24504,Operations,Intern,14.7,Diploma,62333,3.8,Hybrid,27,No
24505,Sales,Intern,2.8,PhD,96223,3.4,Remote,20,Yes
24506,Marketing,Analyst,13.9,Master,173873,3.7,Remote,19,Yes
24507,Marketing,Intern,6.2,Diploma,69420,1.5,Office,33,No
24508,Operations,Intern,10.0,Master,69265,4.4,Office,20,Yes
24509,IT,Intern,1.6,Master,172018,4.8,Remote,7,No
24510,IT,Manager,3.1,PhD,71920,3.7,Office,11,No
24511,IT,Analyst,0.4,Master,139365,2.0,Remote,35,No
24512,IT,Analyst,4.9,Bachelor,107405,3.6,Hybrid,18,No
24513,HR,Senior Manager,8.6,Bachelor,35101,2.8,Remote,30,No
24514,Operations,Manager,1.1,Diploma,161206,4.7,Office,33,No
24515,HR,Executive,17.7,Diploma,34732,4.2,Office,38,Yes
24516,Sales,Intern,3.5,PhD,152045,2.4,Office,31,No
24517,IT,Manager,13.0,PhD,118881,2.2,Hybrid,0,No
24518,Operations,Senior Manager,7.7,PhD,82711,3.7,Hybrid,10,No
24519,Marketing,Executive,12.4,Bachelor,158871,1.5,Office,34,No
24520,Sales,Senior Manager,0.5,Diploma,29810,2.1,Hybrid,16,No
24521,IT,Manager,2.0,Master,65238,3.3,Hybrid,14,Yes
24522,HR,Executive,14.8,Bachelor,82974,2.4,Remote,19,No
24523,HR,Senior Manager,2.3,Master,70080,2.0,Office,8,Yes
24524,Sales,Manager,8.9,Bachelor,64683,3.0,Hybrid,10,No
24525,Finance,Senior Manager,8.9,Master,81120,3.9,Office,18,No
24526,IT,Executive,16.1,Master,130733,3.4,Office,5,No
24527,Sales,Executive,2.4,Bachelor,98320,2.0,Hybrid,31,No
24528,Finance,Executive,8.9,Bachelor,97534,1.5,Office,10,No
24529,HR,Manager,1.5,PhD,172377,4.1,Office,11,No
24530,HR,Intern,3.4,Diploma,40051,3.1,Hybrid,16,No
24531,Marketing,Analyst,12.6,Diploma,125502,3.8,Office,35,No
24532,IT,Manager,14.6,PhD,20539,1.8,Hybrid,25,Yes
24533,Operations,Executive,16.9,Diploma,122523,3.1,Office,33,No
24534,Marketing,Analyst,4.7,Diploma,117685,4.5,Office,24,No
24535,Finance,Senior Manager,0.6,Diploma,73684,1.2,Remote,20,No
24536,Finance,Executive,10.4,Master,37597,2.9,Office,2,No
24537,Operations,Intern,16.3,Master,129023,2.4,Office,15,No
24538,Marketing,Intern,9.5,PhD,29312,1.3,Office,25,Yes
24539,Operations,Manager,0.3,PhD,175062,3.4,Hybrid,34,No
24540,IT,Executive,14.8,Bachelor,173955,1.7,Hybrid,11,Yes
24541,HR,Intern,16.7,Bachelor,119455,3.1,Office,38,No
24542,Marketing,Intern,11.6,Diploma,142538,3.4,Office,37,Yes
24543,Sales,Analyst,3.4,Master,66040,2.7,Remote,36,Yes
24544,IT,Manager,15.0,PhD,71263,1.3,Office,39,No
24545,Finance,Analyst,2.8,PhD,179778,2.0,Remote,8,No
24546,HR,Manager,8.4,Bachelor,55066,2.7,Remote,14,No
24547,Marketing,Manager,3.4,Diploma,158082,4.6,Remote,4,No
24548,Marketing,Manager,9.3,PhD,88898,1.5,Hybrid,25,No
24549,Finance,Manager,9.3,PhD,157505,1.9,Office,35,No
24550,HR,Manager,2.4,PhD,35567,4.9,Remote,2,Yes
24551,Marketing,Senior Manager,7.0,Master,62930,2.9,Office,36,Yes
24552,Marketing,Manager,13.6,Bachelor,35413,3.1,Office,23,No
24553,Marketing,Intern,10.0,Bachelor,55362,2.1,Hybrid,29,No
24554,Finance,Manager,19.6,Diploma,156423,1.4,Office,27,No
24555,HR,Executive,2.8,PhD,50648,1.6,Office,34,No
24556,Finance,Intern,17.3,PhD,144432,1.2,Office,27,No
24557,HR,Intern,15.7,Diploma,56543,3.9,Remote,13,No
24558,IT,Executive,18.5,Master,61142,2.2,Hybrid,36,No
24559,HR,Manager,15.5,PhD,175891,4.1,Hybrid,12,No
24560,HR,Analyst,14.1,Diploma,25427,1.0,Office,9,No
24561,Operations,Executive,16.5,Bachelor,85825,2.0,Remote,28,Yes
24562,Finance,Analyst,16.9,Diploma,31223,2.3,Hybrid,25,No
24563,HR,Executive,5.8,Diploma,169433,2.8,Office,31,No
24564,HR,Analyst,11.3,PhD,172892,5.0,Office,37,No
24565,Sales,Analyst,11.2,PhD,24148,2.8,Hybrid,18,Yes
24566,Operations,Analyst,5.7,Bachelor,164827,2.4,Remote,34,Yes
24567,Marketing,Senior Manager,2.0,Master,92265,3.5,Remote,38,No
24568,Operations,Executive,19.2,Master,165059,2.9,Office,11,Yes
24569,Sales,Analyst,3.8,Diploma,75104,1.3,Remote,27,No
24570,Finance,Analyst,18.1,PhD,49146,4.6,Hybrid,2,No
24571,Finance,Intern,0.1,Master,51130,1.1,Remote,4,No
24572,HR,Analyst,5.7,Bachelor,23214,4.8,Remote,7,No
24573,Finance,Senior Manager,7.5,Diploma,75836,3.3,Remote,12,No
24574,Sales,Manager,11.5,Diploma,52181,3.0,Hybrid,19,Yes
24575,Operations,Senior Manager,8.3,PhD,103692,4.0,Hybrid,28,Yes
24576,Finance,Manager,2.5,PhD,52906,4.8,Hybrid,37,No
24577,Finance,Manager,10.1,Master,100319,4.4,Office,17,No
24578,HR,Analyst,15.5,Bachelor,100797,4.9,Remote,7,No
24579,HR,Executive,8.0,PhD,30154,2.0,Office,24,No
24580,Operations,Executive,2.9,Master,115653,2.0,Office,21,No
24581,Finance,Manager,12.8,Master,95317,3.9,Hybrid,38,No
24582,HR,Senior Manager,10.6,Bachelor,33880,3.4,Remote,39,No
24583,HR,Senior Manager,6.6,Bachelor,37720,3.1,Hybrid,28,Yes
24584,Marketing,Manager,19.2,Diploma,43291,2.2,Office,34,No
24585,IT,Executive,3.1,PhD,51814,4.9,Remote,30,No
24586,HR,Senior Manager,16.1,Bachelor,96896,1.2,Hybrid,0,No
24587,IT,Analyst,11.9,Bachelor,176164,3.4,Remote,20,No
24588,Operations,Manager,12.3,Master,100096,1.8,Office,34,No
24589,HR,Executive,6.0,Diploma,81713,3.6,Office,34,No
24590,Operations,Senior Manager,9.2,Diploma,18850,1.6,Hybrid,21,No
24591,Operations,Analyst,6.8,Master,171076,1.4,Office,15,No
24592,Marketing,Executive,1.3,Bachelor,146041,3.0,Remote,0,Yes
24593,Sales,Manager,16.3,Bachelor,138517,3.4,Hybrid,22,No
24594,HR,Executive,18.1,Diploma,104245,3.8,Hybrid,28,No
24595,IT,Intern,9.6,Diploma,156370,1.9,Office,7,No
24596,Operations,Executive,4.6,Bachelor,112443,2.4,Remote,24,No
24597,HR,Senior Manager,7.6,Master,154544,1.8,Hybrid,17,No
24598,IT,Intern,6.2,Diploma,48230,2.3,Hybrid,20,No
24599,Operations,Executive,14.2,Diploma,36784,4.1,Hybrid,35,No
24600,Sales,Senior Manager,17.4,Master,63795,2.6,Remote,14,No
24601,Sales,Intern,11.0,Diploma,116110,3.4,Hybrid,23,Yes
24602,HR,Analyst,19.8,Bachelor,160237,2.0,Office,15,No
24603,Operations,Executive,6.9,Diploma,102628,2.4,Hybrid,22,Yes
24604,Operations,Manager,5.3,Master,72163,4.2,Remote,21,No
24605,Operations,Executive,15.1,Diploma,139772,4.0,Hybrid,32,No
24606,Marketing,Executive,6.5,Bachelor,23946,3.8,Hybrid,37,Yes
24607,Marketing,Intern,6.9,PhD,118866,1.0,Remote,17,No
24608,Sales,Intern,0.9,PhD,115868,4.1,Remote,31,No
24609,IT,Analyst,11.1,Master,122279,2.9,Remote,34,No
24610,Finance,Manager,16.2,PhD,147198,3.3,Remote,19,No
24611,HR,Intern,8.9,Diploma,133845,1.6,Hybrid,37,Yes
24612,Marketing,Manager,11.2,PhD,134840,4.1,Remote,21,No
24613,HR,Intern,14.4,Bachelor,147925,4.7,Remote,6,No
24614,HR,Senior Manager,12.7,Diploma,119206,1.1,Remote,9,Yes
24615,IT,Intern,3.7,Diploma,102428,3.7,Hybrid,34,No
24616,Sales,Manager,0.2,Diploma,59658,2.1,Office,38,No
24617,IT,Intern,5.2,Bachelor,132046,2.5,Hybrid,9,No
24618,Finance,Manager,12.6,PhD,143654,3.7,Hybrid,10,No
24619,HR,Analyst,13.7,PhD,27686,2.3,Remote,10,Yes
24620,HR,Executive,17.3,Bachelor,97296,2.8,Office,15,No
24621,HR,Executive,15.3,Master,43268,4.6,Remote,39,No
24622,Marketing,Executive,4.3,PhD,144223,3.2,Remote,24,No
24623,Marketing,Senior Manager,11.6,Bachelor,103723,1.0,Office,1,Yes
24624,Marketing,Analyst,14.5,Master,26522,4.3,Hybrid,35,No
24625,Sales,Analyst,15.6,PhD,167880,3.8,Office,12,No
24626,Marketing,Manager,7.5,Diploma,44128,1.4,Hybrid,29,No
24627,IT,Intern,0.9,Bachelor,146954,1.6,Hybrid,17,No
24628,Operations,Executive,12.6,Diploma,95477,2.3,Office,29,No
24629,HR,Intern,16.1,Master,72086,4.1,Office,15,Yes
24630,IT,Senior Manager,14.2,Diploma,44390,2.6,Office,17,No
24631,Sales,Intern,14.7,PhD,129999,2.9,Remote,30,No
24632,Marketing,Senior Manager,16.9,PhD,178720,4.1,Office,6,No
24633,Sales,Manager,16.4,Master,51085,1.8,Hybrid,26,No
24634,HR,Intern,9.3,Master,33779,4.7,Hybrid,23,Yes
24635,Finance,Manager,7.5,PhD,34264,2.2,Office,23,No
24636,Operations,Executive,8.8,Diploma,15442,2.7,Remote,9,No
24637,Marketing,Analyst,8.9,PhD,128846,3.9,Remote,34,No
24638,Finance,Senior Manager,14.7,Master,37694,3.8,Hybrid,21,No
24639,HR,Analyst,15.7,PhD,164663,3.6,Hybrid,17,No
24640,Sales,Manager,13.9,Bachelor,22507,1.5,Office,35,No
24641,Operations,Senior Manager,14.5,PhD,124615,4.5,Office,19,No
24642,Operations,Executive,3.0,Bachelor,66884,4.2,Office,37,No
24643,Sales,Senior Manager,2.1,Diploma,87917,2.9,Office,6,No
24644,IT,Senior Manager,9.7,Master,91804,3.8,Hybrid,16,No
24645,IT,Manager,3.7,Bachelor,79109,3.7,Remote,39,No
24646,IT,Intern,11.4,Bachelor,108398,3.5,Remote,34,No
24647,HR,Manager,18.8,Master,47754,3.3,Office,7,Yes
24648,Sales,Senior Manager,2.5,Bachelor,39081,4.4,Office,28,No
24649,Finance,Manager,2.1,Diploma,84234,1.5,Hybrid,14,No
24650,Marketing,Analyst,10.1,Master,59158,4.6,Hybrid,25,Yes
24651,HR,Senior Manager,10.5,Master,115037,4.8,Remote,17,No
24652,Operations,Executive,4.0,Master,145386,1.4,Hybrid,15,Yes
24653,Sales,Manager,4.1,PhD,131001,3.3,Office,19,No
24654,Operations,Manager,19.6,Master,104829,4.7,Office,31,No
24655,Operations,Executive,1.4,Diploma,17663,3.3,Remote,2,No
24656,Operations,Intern,1.0,Master,17540,3.3,Office,8,No
24657,HR,Analyst,17.2,PhD,126011,3.9,Office,3,No
24658,HR,Manager,17.2,Master,53002,1.7,Office,2,Yes
24659,IT,Senior Manager,18.4,Master,143291,1.2,Remote,2,No
24660,Sales,Senior Manager,10.1,Bachelor,169668,2.0,Office,21,Yes
24661,Marketing,Senior Manager,19.7,Master,63668,1.1,Hybrid,2,No
24662,Finance,Analyst,19.9,Bachelor,147890,3.0,Hybrid,15,No
24663,Sales,Senior Manager,10.2,PhD,91252,3.2,Remote,6,No
24664,Sales,Manager,12.5,Master,171033,2.9,Office,39,Yes
24665,IT,Manager,11.8,Master,93474,2.2,Hybrid,7,No
24666,Marketing,Intern,8.5,Diploma,134074,4.5,Office,39,No
24667,Sales,Executive,11.9,Master,82268,2.7,Office,39,Yes
24668,Operations,Senior Manager,17.7,Diploma,25068,4.6,Remote,22,No
24669,Finance,Manager,4.4,Bachelor,133548,4.3,Remote,3,No
24670,HR,Manager,8.4,Bachelor,75976,4.9,Remote,24,No
24671,Marketing,Manager,17.8,PhD,152727,3.0,Remote,4,No
24672,Marketing,Executive,6.0,PhD,22724,4.4,Office,12,Yes
24673,IT,Senior Manager,4.6,Master,97050,4.1,Remote,28,No
24674,Operations,Analyst,3.8,PhD,38979,1.0,Remote,21,No
24675,Sales,Executive,15.9,Master,148959,3.5,Remote,23,Yes
24676,IT,Intern,2.9,Bachelor,25377,2.2,Hybrid,39,No
24677,Sales,Manager,0.3,Diploma,101516,2.3,Office,7,No
24678,Marketing,Executive,2.3,Master,41548,3.3,Office,14,No
24679,Marketing,Executive,1.4,PhD,172871,4.9,Remote,4,No
24680,Marketing,Analyst,4.5,Bachelor,51841,4.3,Remote,12,No
24681,HR,Analyst,16.4,Diploma,133398,3.9,Hybrid,33,No
24682,Marketing,Senior Manager,5.5,Diploma,44490,4.3,Remote,8,No
24683,IT,Intern,13.5,Diploma,27159,2.6,Office,17,No
24684,IT,Manager,17.8,Bachelor,91285,4.9,Hybrid,27,Yes
24685,Operations,Analyst,15.9,PhD,21508,3.2,Hybrid,23,No
24686,Operations,Executive,15.0,Bachelor,20722,3.7,Hybrid,32,No
24687,Marketing,Analyst,19.3,Master,66468,1.1,Remote,9,No
24688,IT,Executive,14.8,PhD,22797,4.0,Office,19,No
24689,IT,Intern,1.5,Master,58321,3.0,Office,31,No
24690,Sales,Analyst,6.6,Master,82221,2.3,Remote,30,No
24691,Marketing,Manager,19.5,Diploma,115168,3.7,Hybrid,38,No
24692,Marketing,Manager,7.4,PhD,98640,4.7,Remote,22,No
24693,Marketing,Executive,20.0,Master,142514,4.1,Remote,35,Yes
24694,HR,Senior Manager,14.1,Bachelor,43591,4.9,Hybrid,21,No
24695,Sales,Intern,2.7,Master,34988,2.7,Office,39,No
24696,Marketing,Executive,16.0,Bachelor,36782,4.6,Hybrid,38,No
24697,HR,Executive,4.2,PhD,145810,1.6,Office,0,Yes
24698,HR,Intern,6.6,Diploma,151321,4.5,Office,34,Yes
24699,Marketing,Intern,7.6,Bachelor,77903,1.9,Remote,1,Yes
24700,IT,Intern,14.8,Diploma,27160,2.6,Hybrid,35,No
24701,Sales,Executive,1.8,PhD,156594,4.2,Remote,33,No
24702,Finance,Analyst,13.1,Master,84426,3.5,Office,10,No
24703,HR,Senior Manager,17.1,Diploma,112788,1.2,Hybrid,31,Yes
24704,Finance,Senior Manager,5.5,Master,173810,2.9,Office,10,No
24705,HR,Senior Manager,16.8,Diploma,65430,1.4,Hybrid,35,No
24706,HR,Senior Manager,15.7,Diploma,33385,1.1,Remote,18,No
24707,IT,Executive,5.5,Master,69097,3.5,Remote,11,No
24708,Operations,Senior Manager,4.8,Master,82800,1.2,Office,32,No
24709,Operations,Manager,2.7,Diploma,122129,4.8,Hybrid,28,No
24710,Sales,Senior Manager,7.1,Diploma,92547,1.1,Remote,29,No
24711,Operations,Executive,9.7,Diploma,76939,4.7,Hybrid,21,No
24712,HR,Senior Manager,15.3,Bachelor,128826,1.6,Office,36,Yes
24713,IT,Intern,15.9,Bachelor,27492,3.0,Hybrid,17,No
24714,Marketing,Senior Manager,1.0,Bachelor,144848,1.8,Hybrid,14,No
24715,HR,Senior Manager,15.7,PhD,23736,1.1,Office,39,No
24716,Marketing,Executive,12.9,Bachelor,136081,1.7,Hybrid,21,No
24717,IT,Executive,11.6,Bachelor,51915,2.8,Hybrid,17,Yes
24718,Operations,Intern,19.7,Diploma,163650,2.5,Office,16,No
24719,HR,Intern,8.6,Diploma,118966,3.8,Hybrid,18,No
24720,Marketing,Manager,0.6,Master,64302,4.1,Hybrid,27,No
24721,HR,Intern,7.0,PhD,29444,4.9,Remote,17,Yes
24722,HR,Intern,16.1,PhD,174642,2.7,Office,34,No
24723,Sales,Analyst,12.2,PhD,127831,2.0,Hybrid,12,No
24724,Finance,Executive,5.8,Diploma,93392,3.3,Hybrid,13,No
24725,Sales,Analyst,4.5,Master,155319,3.8,Remote,33,No
24726,Marketing,Executive,1.8,PhD,39456,2.7,Remote,22,No
24727,Operations,Analyst,19.6,Master,71960,4.7,Hybrid,7,No
24728,Operations,Manager,19.9,PhD,54993,2.0,Office,18,No
24729,IT,Senior Manager,5.8,PhD,42435,2.0,Hybrid,23,No
24730,HR,Analyst,2.1,Bachelor,20075,1.5,Office,39,Yes
24731,IT,Executive,16.5,PhD,51271,1.1,Hybrid,34,No
24732,HR,Executive,5.7,Master,53285,3.4,Remote,7,Yes
24733,Operations,Intern,12.6,Master,77661,3.6,Office,6,No
24734,Operations,Executive,0.8,Diploma,113549,2.9,Hybrid,39,No
24735,Operations,Analyst,6.8,PhD,92771,3.1,Office,34,No
24736,Marketing,Manager,1.8,Diploma,88623,3.0,Office,18,No
24737,HR,Executive,0.2,Diploma,142868,2.9,Remote,31,No
24738,Marketing,Intern,15.5,Bachelor,47470,3.1,Office,0,No
24739,Marketing,Manager,2.6,Diploma,97494,1.9,Hybrid,39,No
24740,Finance,Senior Manager,0.1,Bachelor,32065,1.3,Office,10,Yes
24741,Operations,Manager,17.4,Diploma,134894,3.7,Remote,2,No
24742,HR,Intern,0.2,PhD,45229,2.9,Office,1,No
24743,HR,Executive,6.1,Diploma,99593,4.3,Office,39,No
24744,Marketing,Senior Manager,8.0,Bachelor,155858,1.1,Remote,17,No
24745,Marketing,Analyst,18.7,PhD,146697,1.2,Office,7,No
24746,Finance,Analyst,19.4,PhD,116207,4.8,Hybrid,15,Yes
24747,Finance,Analyst,19.0,Diploma,98498,1.4,Hybrid,39,No
24748,Operations,Analyst,16.1,PhD,24320,3.3,Hybrid,17,No
24749,Operations,Executive,14.5,Master,121528,4.7,Remote,14,No
24750,Sales,Senior Manager,19.9,Master,103187,3.5,Hybrid,17,No
24751,HR,Intern,7.5,PhD,129695,2.1,Office,27,No
24752,Sales,Analyst,1.7,Bachelor,115395,2.8,Hybrid,27,No
24753,Finance,Analyst,7.8,Bachelor,71049,2.2,Office,21,No
24754,HR,Intern,0.2,PhD,148813,4.5,Office,27,No
24755,Marketing,Executive,6.9,Bachelor,88420,3.6,Remote,8,Yes
24756,Finance,Analyst,8.2,Master,18269,3.9,Hybrid,2,No
24757,HR,Manager,6.1,PhD,68725,4.1,Hybrid,38,No
24758,Sales,Senior Manager,12.0,Master,111995,1.3,Remote,30,No
24759,HR,Executive,9.9,Diploma,170283,1.8,Hybrid,7,No
24760,Sales,Executive,12.8,PhD,161099,3.1,Hybrid,24,No
24761,Finance,Senior Manager,7.7,Master,164250,2.5,Hybrid,20,No
24762,Finance,Intern,16.7,Bachelor,71367,4.9,Office,16,No
24763,Marketing,Manager,8.3,PhD,102142,2.9,Office,0,No
24764,Finance,Senior Manager,0.7,Master,120435,3.4,Office,8,No
24765,Operations,Manager,4.2,PhD,56384,1.4,Remote,0,No
24766,Marketing,Senior Manager,10.6,Bachelor,146639,2.6,Office,16,Yes
24767,Marketing,Executive,13.5,Master,95576,4.8,Hybrid,22,Yes
24768,HR,Senior Manager,12.7,PhD,124537,1.3,Office,17,No
24769,Finance,Analyst,8.9,PhD,147202,1.2,Remote,8,No
24770,HR,Executive,17.6,Diploma,116169,2.3,Remote,10,No
24771,Sales,Manager,4.9,Bachelor,168454,3.6,Remote,5,No
24772,Operations,Executive,8.2,Diploma,27188,5.0,Office,7,No
24773,IT,Manager,4.7,Diploma,178108,1.8,Remote,16,No
24774,Finance,Manager,15.4,Bachelor,53239,4.9,Remote,1,No
24775,Operations,Analyst,13.2,Bachelor,98780,3.5,Office,5,No
24776,Marketing,Intern,8.5,Master,147123,3.4,Office,12,No
24777,Operations,Manager,5.4,Master,124630,5.0,Remote,37,No
24778,HR,Intern,14.1,Master,34932,2.6,Hybrid,22,No
24779,Marketing,Intern,19.1,Master,132177,3.4,Hybrid,3,No
24780,Sales,Executive,17.6,Diploma,21741,1.1,Remote,23,No
24781,Operations,Analyst,5.7,Bachelor,69639,2.7,Hybrid,37,No
24782,Finance,Executive,2.6,PhD,61767,3.0,Hybrid,38,Yes
24783,Finance,Intern,0.3,Bachelor,129622,1.2,Hybrid,23,No
24784,Finance,Senior Manager,6.8,Diploma,41371,4.0,Office,13,No
24785,IT,Analyst,18.1,Diploma,135521,1.9,Hybrid,14,No
24786,Marketing,Senior Manager,18.4,Diploma,79146,3.7,Hybrid,2,No
24787,Sales,Analyst,17.7,Bachelor,147042,3.4,Remote,14,No
24788,Operations,Intern,3.2,PhD,24759,1.6,Office,17,No
24789,Marketing,Senior Manager,6.3,Diploma,135247,2.8,Office,4,Yes
24790,Sales,Executive,2.1,Master,90544,2.1,Remote,14,No
24791,Finance,Intern,18.5,Master,99746,1.7,Office,34,No
24792,Marketing,Senior Manager,13.9,Bachelor,86543,4.9,Hybrid,9,No
24793,Finance,Senior Manager,11.4,PhD,86903,4.8,Remote,19,No
24794,Sales,Analyst,13.4,Diploma,56334,4.9,Hybrid,31,No
24795,Sales,Senior Manager,2.1,Bachelor,85802,4.6,Hybrid,23,No
24796,Sales,Executive,1.6,Diploma,25816,1.8,Hybrid,10,No
24797,Finance,Intern,13.6,PhD,80794,1.7,Office,14,Yes
24798,Marketing,Analyst,2.7,Bachelor,71670,1.1,Hybrid,1,No
24799,Marketing,Manager,5.4,PhD,102872,2.5,Remote,33,No
24800,Marketing,Executive,8.8,Bachelor,31935,3.9,Remote,9,No
24801,Finance,Analyst,13.6,Diploma,114300,4.7,Office,8,Yes
24802,Operations,Analyst,13.9,Master,144849,3.7,Remote,17,Yes
24803,Sales,Senior Manager,4.8,PhD,156946,1.3,Remote,31,No
24804,Finance,Analyst,17.3,Master,50018,1.1,Office,4,No
24805,Finance,Senior Manager,9.1,Diploma,159641,3.4,Hybrid,24,No
24806,HR,Executive,8.1,PhD,120177,1.0,Hybrid,7,No
24807,HR,Senior Manager,4.8,Bachelor,92840,1.6,Remote,21,No
24808,IT,Executive,6.6,Diploma,95496,4.4,Office,39,Yes
24809,IT,Senior Manager,10.5,PhD,64461,2.9,Remote,20,Yes
24810,HR,Senior Manager,4.2,Master,16689,2.9,Remote,15,No
24811,Finance,Intern,12.4,Bachelor,87389,1.3,Office,35,No
24812,Sales,Executive,8.6,Bachelor,66694,1.9,Office,2,No
24813,IT,Executive,13.5,Master,81314,3.8,Office,14,No
24814,Sales,Intern,19.6,PhD,45821,1.7,Remote,23,No
24815,Marketing,Manager,17.1,Master,113968,3.2,Office,37,No
24816,Marketing,Executive,12.5,Diploma,68783,1.6,Office,17,No
24817,Finance,Manager,19.7,Master,130476,3.2,Office,5,Yes
24818,HR,Manager,2.1,Diploma,26518,3.5,Remote,7,No
24819,Operations,Manager,1.7,Bachelor,172118,4.9,Remote,16,No
24820,IT,Manager,13.5,Diploma,96051,3.1,Remote,4,No
24821,Finance,Senior Manager,11.8,Master,73991,4.2,Hybrid,23,No
24822,Operations,Executive,5.1,Master,81521,2.4,Office,12,No
24823,Sales,Intern,18.6,Master,156772,1.6,Office,23,No
24824,HR,Senior Manager,4.7,PhD,66829,1.5,Office,28,No
24825,Operations,Senior Manager,14.0,PhD,148719,1.9,Remote,36,No
24826,Operations,Intern,12.1,Diploma,20306,1.2,Remote,5,Yes
24827,Operations,Manager,1.6,Master,152302,3.5,Remote,35,No
24828,HR,Senior Manager,15.0,PhD,160525,1.1,Office,5,No
24829,Marketing,Analyst,14.4,Master,151714,2.9,Remote,15,No
24830,Marketing,Senior Manager,4.4,PhD,51555,2.6,Office,29,No
24831,Sales,Manager,4.0,Bachelor,16933,2.5,Hybrid,20,No
24832,HR,Executive,9.8,PhD,150602,1.5,Hybrid,33,No
24833,Sales,Senior Manager,6.3,Diploma,84255,3.3,Office,30,No
24834,Finance,Intern,12.9,Diploma,179030,2.4,Hybrid,4,No
24835,Operations,Senior Manager,0.4,PhD,160982,3.3,Office,27,No
24836,Marketing,Manager,1.6,Master,132272,4.3,Hybrid,1,No
24837,Sales,Intern,1.7,Diploma,118060,2.9,Office,16,No
24838,IT,Executive,5.5,PhD,177469,4.3,Hybrid,30,No
24839,Sales,Executive,11.5,Master,90203,2.1,Remote,37,No
24840,IT,Senior Manager,19.7,PhD,134271,2.6,Remote,14,No
24841,Sales,Manager,2.7,Master,93328,2.9,Hybrid,25,No
24842,Operations,Executive,15.3,Diploma,166935,4.8,Remote,30,No
24843,IT,Senior Manager,2.5,Master,82847,2.4,Hybrid,2,No
24844,Operations,Senior Manager,15.8,Diploma,35784,4.7,Office,32,Yes
24845,Sales,Senior Manager,3.3,Diploma,168352,2.2,Office,19,No
24846,HR,Senior Manager,2.2,Bachelor,125091,2.2,Remote,15,No
24847,HR,Senior Manager,1.4,PhD,64479,4.9,Remote,9,No
24848,HR,Intern,11.6,Diploma,164535,3.2,Remote,1,Yes
24849,Operations,Executive,7.8,Master,156501,1.3,Remote,5,Yes
24850,Operations,Senior Manager,4.7,Master,164295,4.0,Remote,31,Yes
24851,Operations,Intern,15.8,PhD,148214,1.4,Remote,23,No
24852,HR,Manager,8.2,Diploma,23897,1.6,Remote,13,Yes
24853,Marketing,Senior Manager,7.1,Master,93566,3.0,Office,13,No
24854,Marketing,Manager,11.7,Bachelor,113458,4.3,Hybrid,26,No
24855,Operations,Senior Manager,17.4,Bachelor,62869,1.8,Office,27,No
24856,IT,Senior Manager,4.2,PhD,127024,1.9,Office,13,Yes
24857,IT,Senior Manager,13.9,Diploma,135751,3.5,Hybrid,1,No
24858,Operations,Executive,10.1,Bachelor,54191,1.2,Office,14,No
24859,Operations,Analyst,9.2,Master,79075,4.5,Remote,39,No
24860,HR,Executive,17.6,PhD,74750,1.7,Hybrid,25,No
24861,Finance,Manager,10.5,Diploma,162976,4.1,Office,28,No
24862,Operations,Intern,5.0,Master,110885,1.7,Office,33,No
24863,Operations,Executive,0.7,PhD,95074,4.1,Office,6,No
24864,HR,Executive,13.7,Diploma,43853,3.9,Remote,22,Yes
24865,Finance,Manager,5.4,Master,152768,1.8,Hybrid,34,No
24866,Operations,Manager,11.5,Master,91453,3.9,Office,2,No
24867,IT,Manager,7.3,Diploma,104173,1.3,Remote,20,No
24868,Sales,Intern,5.2,Diploma,45573,3.0,Office,9,No
24869,HR,Analyst,2.5,Master,74729,1.3,Remote,1,No
24870,Operations,Analyst,7.9,Master,79605,1.0,Remote,31,No
24871,Operations,Intern,12.9,Bachelor,19893,4.9,Remote,6,No
24872,Sales,Analyst,19.8,Master,18649,4.5,Office,28,No
24873,Operations,Intern,9.8,Master,140390,3.5,Hybrid,38,No
24874,Marketing,Senior Manager,18.0,Diploma,86560,4.7,Hybrid,0,No
24875,IT,Executive,7.3,PhD,59086,1.1,Office,19,No
24876,IT,Executive,14.8,PhD,141670,2.6,Office,17,No
24877,Operations,Executive,6.4,Bachelor,68995,3.1,Office,32,No
24878,HR,Intern,7.8,Bachelor,86514,1.6,Office,21,Yes
24879,IT,Manager,12.6,Master,132267,3.0,Hybrid,8,No
24880,IT,Executive,12.5,Bachelor,28786,3.3,Remote,33,Yes
24881,Marketing,Senior Manager,16.3,PhD,77165,3.7,Office,12,No
24882,HR,Senior Manager,9.1,PhD,150578,1.7,Office,18,No
24883,Finance,Executive,2.9,Diploma,140211,5.0,Office,25,No
24884,Operations,Executive,11.2,Master,129442,1.2,Hybrid,3,No
24885,IT,Analyst,6.6,Bachelor,75188,2.5,Hybrid,34,No
24886,Sales,Intern,9.8,Diploma,92521,1.1,Hybrid,6,No
24887,Sales,Senior Manager,9.3,Bachelor,171789,1.3,Hybrid,17,No
24888,Marketing,Senior Manager,14.1,PhD,50668,2.1,Remote,37,Yes
24889,HR,Executive,0.9,PhD,124364,2.1,Remote,0,No
24890,IT,Senior Manager,8.1,Bachelor,114403,1.1,Hybrid,36,No
24891,IT,Intern,6.9,PhD,41842,2.2,Office,25,No
24892,HR,Executive,14.3,Diploma,86323,3.6,Office,36,No
24893,Finance,Intern,19.0,Master,45947,1.3,Remote,4,No
24894,IT,Executive,12.3,Diploma,26487,4.3,Office,6,No
24895,Marketing,Manager,9.4,PhD,174019,4.4,Office,3,No
24896,IT,Senior Manager,15.7,Diploma,48817,2.2,Hybrid,23,No
24897,Finance,Senior Manager,19.9,Master,142260,3.3,Remote,25,No
24898,Operations,Senior Manager,19.5,PhD,32277,4.3,Office,12,No
24899,IT,Analyst,2.7,PhD,23267,3.3,Remote,14,No
24900,Marketing,Intern,0.1,Master,24553,3.2,Office,13,No
24901,Operations,Senior Manager,11.4,Master,42275,4.3,Office,15,No
24902,IT,Manager,8.8,PhD,29028,4.9,Office,20,No
24903,Operations,Senior Manager,10.1,Diploma,142098,1.3,Office,35,Yes
24904,Marketing,Intern,15.0,Master,137615,1.9,Hybrid,29,No
24905,IT,Executive,1.8,PhD,155419,1.4,Remote,38,No
24906,IT,Executive,2.7,Diploma,170427,4.9,Office,0,No
24907,Finance,Analyst,14.2,Master,170582,2.9,Office,20,No
24908,Operations,Executive,19.7,PhD,19292,2.8,Remote,22,No
24909,IT,Senior Manager,13.3,PhD,134401,1.9,Hybrid,10,No
24910,Finance,Senior Manager,1.1,Master,144998,2.8,Hybrid,27,No
24911,Sales,Senior Manager,3.6,Diploma,163448,1.4,Hybrid,29,Yes
24912,Finance,Senior Manager,19.6,Diploma,150993,4.3,Remote,34,No
24913,Marketing,Manager,19.7,Master,178561,3.2,Remote,2,No
24914,Sales,Senior Manager,0.7,Master,105078,4.7,Office,17,No
24915,Marketing,Manager,0.5,PhD,34143,3.3,Remote,37,No
24916,Sales,Executive,7.2,Bachelor,28853,1.3,Remote,38,No
24917,Sales,Analyst,12.5,Diploma,52208,4.1,Hybrid,24,Yes
24918,Marketing,Manager,17.1,Bachelor,142746,3.6,Hybrid,3,Yes
24919,Sales,Analyst,6.2,Bachelor,71751,3.4,Remote,2,Yes
24920,Sales,Intern,19.2,PhD,103654,2.5,Office,12,No
24921,Operations,Senior Manager,13.3,Diploma,102420,1.8,Hybrid,0,No
24922,Finance,Manager,3.2,Diploma,28838,2.1,Remote,2,No
24923,IT,Intern,9.7,PhD,106728,3.3,Remote,0,No
24924,Marketing,Intern,9.9,Diploma,56425,4.8,Remote,6,No
24925,Finance,Executive,3.4,Diploma,16376,2.7,Remote,11,No
24926,Finance,Analyst,3.5,Diploma,53852,1.7,Remote,36,No
24927,IT,Intern,18.4,Master,178478,3.8,Remote,5,No
24928,Operations,Intern,1.4,PhD,172004,1.7,Office,34,No
24929,Operations,Intern,7.3,Bachelor,85522,2.8,Hybrid,7,No
24930,Finance,Senior Manager,6.1,PhD,178525,3.4,Hybrid,10,No
24931,Operations,Senior Manager,14.5,Master,128615,1.3,Hybrid,35,No
24932,IT,Intern,3.2,Master,65842,1.4,Hybrid,2,Yes
24933,Operations,Executive,1.0,PhD,173703,2.9,Remote,22,No
24934,Sales,Analyst,7.0,Bachelor,111266,4.0,Remote,8,No
24935,HR,Analyst,7.4,Diploma,80571,1.1,Remote,30,No
24936,Operations,Senior Manager,9.5,PhD,68348,4.8,Remote,20,No
24937,Finance,Senior Manager,13.3,PhD,91513,3.5,Remote,28,No
24938,Marketing,Executive,14.8,Diploma,124559,2.7,Hybrid,7,No
24939,HR,Intern,7.4,Diploma,134546,1.0,Office,38,No
24940,Sales,Manager,12.7,Bachelor,49599,4.9,Remote,20,No
24941,Operations,Manager,9.7,Diploma,45477,4.7,Office,7,No
24942,Operations,Manager,0.2,PhD,56290,3.9,Office,11,No
24943,Operations,Intern,17.6,Diploma,75941,1.6,Remote,16,Yes
24944,Finance,Senior Manager,11.5,Bachelor,170646,4.5,Remote,33,No
24945,Marketing,Senior Manager,8.7,Diploma,59661,4.0,Remote,0,No
24946,Finance,Manager,8.8,Bachelor,77987,2.4,Office,21,No
24947,Sales,Senior Manager,9.2,Master,147666,3.0,Office,34,No
24948,Sales,Executive,11.2,Bachelor,30140,1.1,Remote,28,No
24949,HR,Analyst,5.1,Diploma,175713,4.1,Office,3,No
24950,HR,Manager,12.6,Bachelor,92957,3.4,Hybrid,19,No
24951,Sales,Executive,15.0,Bachelor,152278,3.7,Hybrid,1,Yes
24952,IT,Executive,6.5,PhD,151555,4.6,Office,20,No
24953,HR,Intern,5.1,Diploma,41289,1.3,Remote,23,Yes
24954,Marketing,Analyst,12.1,Diploma,15219,2.9,Hybrid,14,No
24955,Finance,Executive,17.0,Bachelor,72598,3.7,Remote,28,No
24956,HR,Manager,7.1,PhD,67863,3.5,Office,3,No
24957,HR,Manager,19.6,Diploma,56057,4.2,Hybrid,11,No
24958,Operations,Senior Manager,11.5,Master,119101,3.9,Remote,14,No
24959,Finance,Executive,5.6,Diploma,35449,4.8,Office,6,No
24960,Operations,Analyst,6.4,Master,136056,2.1,Hybrid,14,No
24961,Marketing,Executive,10.1,Master,22930,3.6,Hybrid,7,No
24962,Operations,Manager,8.1,Bachelor,139917,2.4,Hybrid,2,Yes
24963,Marketing,Senior Manager,11.2,PhD,73548,2.8,Hybrid,7,No
24964,Operations,Manager,0.6,Master,114367,3.4,Hybrid,2,No
24965,Operations,Manager,17.6,PhD,103885,3.4,Remote,21,No
24966,Marketing,Manager,16.5,PhD,136372,1.8,Remote,4,No
24967,Sales,Manager,12.1,PhD,121071,2.1,Hybrid,13,No
24968,Finance,Senior Manager,6.8,Bachelor,30219,3.8,Remote,16,No
24969,Finance,Manager,19.6,Bachelor,103004,1.2,Hybrid,34,Yes
24970,Marketing,Intern,17.4,Bachelor,103498,4.7,Remote,38,No
24971,Operations,Intern,12.9,Bachelor,120882,1.1,Office,0,Yes
24972,HR,Executive,9.8,Master,39062,2.4,Hybrid,19,No
24973,Sales,Analyst,6.1,Bachelor,63507,3.9,Office,32,Yes
24974,IT,Manager,3.4,Bachelor,46862,4.8,Remote,2,No
24975,IT,Intern,5.6,Bachelor,178953,1.7,Hybrid,26,No
24976,Marketing,Analyst,0.5,Master,76334,4.7,Hybrid,14,No
24977,Operations,Senior Manager,19.0,PhD,127315,2.3,Remote,14,No
24978,HR,Intern,15.0,PhD,96595,1.3,Hybrid,12,No
24979,Operations,Senior Manager,6.8,Master,146530,1.1,Hybrid,36,Yes
24980,HR,Manager,8.3,Master,169612,3.4,Remote,35,No
24981,Sales,Executive,16.5,Diploma,71628,3.7,Remote,1,No
24982,Sales,Intern,3.3,PhD,147129,4.1,Hybrid,28,Yes
24983,Sales,Analyst,11.0,PhD,16226,3.3,Remote,31,No
24984,Marketing,Intern,2.5,PhD,95802,2.4,Office,0,No
24985,IT,Executive,9.7,Master,47594,2.5,Office,28,No
24986,Finance,Intern,6.7,Master,172842,2.7,Remote,23,No
24987,Marketing,Intern,13.8,Bachelor,38111,2.6,Office,12,No
24988,Operations,Manager,5.0,Diploma,130706,4.4,Hybrid,38,No
24989,HR,Executive,15.0,PhD,106557,4.9,Hybrid,32,Yes
24990,Marketing,Senior Manager,4.3,Diploma,179443,3.2,Remote,39,Yes
24991,Operations,Senior Manager,13.0,Master,57576,3.5,Office,24,No
24992,Operations,Analyst,14.5,Master,39181,2.7,Hybrid,13,No
24993,IT,Senior Manager,14.4,Diploma,90652,3.3,Remote,17,Yes
24994,Sales,Senior Manager,0.2,PhD,91975,2.9,Hybrid,20,No
24995,HR,Senior Manager,12.8,PhD,100945,4.3,Office,18,No
24996,Sales,Manager,3.2,PhD,138555,4.2,Remote,5,No
24997,Finance,Senior Manager,6.4,Diploma,125229,1.0,Hybrid,36,No
24998,Sales,Analyst,11.5,Master,147687,2.8,Office,25,No
24999,Operations,Executive,8.7,PhD,50969,2.6,Remote,9,No
25000,Sales,Executive,17.4,PhD,137078,1.5,Office,9,No
25001,IT,Analyst,1.6,PhD,119968,3.7,Office,34,No
25002,Sales,Analyst,7.0,PhD,36049,1.4,Remote,22,No
25003,Operations,Analyst,9.3,Bachelor,119311,3.8,Office,2,No
25004,Finance,Intern,6.2,Bachelor,157506,1.8,Office,28,No
25005,IT,Intern,18.5,Diploma,100301,2.3,Hybrid,24,Yes
25006,Operations,Executive,6.2,Master,141588,1.6,Office,9,No
25007,Finance,Executive,18.6,Master,124710,2.8,Hybrid,39,Yes
25008,HR,Analyst,6.0,Diploma,119694,4.6,Remote,38,No
25009,Finance,Senior Manager,5.9,PhD,26212,3.2,Office,23,Yes
25010,Operations,Manager,18.8,Master,168166,4.5,Remote,12,Yes
25011,HR,Intern,18.5,PhD,93274,2.5,Office,11,No
25012,Marketing,Executive,7.6,Bachelor,21831,2.4,Office,27,No
25013,IT,Senior Manager,4.5,Master,142243,2.6,Office,12,No
25014,Marketing,Manager,7.5,PhD,87353,2.8,Office,23,No
25015,Marketing,Manager,8.2,Bachelor,21440,4.4,Hybrid,39,No
25016,Finance,Analyst,18.0,PhD,119031,4.7,Hybrid,5,No
25017,HR,Executive,9.9,PhD,60251,4.0,Office,10,Yes
25018,Operations,Analyst,7.1,Diploma,108624,4.9,Hybrid,15,No
25019,Sales,Senior Manager,11.8,Bachelor,32588,4.6,Remote,3,No
25020,Marketing,Executive,14.3,Bachelor,144565,2.9,Office,3,Yes
25021,IT,Analyst,2.0,Diploma,127292,2.3,Office,24,Yes
25022,HR,Senior Manager,17.1,Master,155620,3.5,Hybrid,38,No
25023,Marketing,Executive,3.5,Diploma,128999,2.6,Hybrid,3,No
25024,Sales,Senior Manager,9.8,Bachelor,177252,1.0,Office,32,No
25025,IT,Executive,18.7,Master,121871,1.6,Office,24,No
25026,IT,Analyst,2.6,Master,98053,1.9,Remote,11,No
25027,Sales,Manager,11.6,Master,117498,2.8,Hybrid,9,No
25028,HR,Analyst,19.1,Diploma,98747,2.9,Remote,5,No
25029,Marketing,Executive,7.8,Diploma,61063,4.2,Office,18,No
25030,Sales,Analyst,14.8,Bachelor,174471,1.5,Remote,6,No
25031,IT,Senior Manager,4.4,Diploma,55241,2.1,Office,39,No
25032,Operations,Intern,2.4,Diploma,171917,2.7,Hybrid,31,Yes
25033,Finance,Executive,1.9,PhD,157924,3.1,Office,36,No
25034,Sales,Executive,4.0,Master,107687,4.2,Hybrid,8,No
25035,Sales,Senior Manager,13.6,PhD,87803,1.4,Remote,4,No
25036,HR,Analyst,10.9,Bachelor,145613,2.9,Office,13,No
25037,Finance,Analyst,15.2,Diploma,43988,3.5,Hybrid,28,No
25038,Sales,Intern,1.3,Diploma,110315,2.8,Remote,33,Yes
25039,Sales,Intern,2.9,Master,160256,3.2,Remote,25,No
25040,Marketing,Intern,2.5,PhD,158725,3.5,Office,4,No
25041,Marketing,Manager,12.4,Bachelor,62943,4.6,Office,8,No
25042,IT,Analyst,6.3,Master,30201,1.2,Remote,11,Yes
25043,Finance,Manager,5.0,PhD,101891,1.1,Hybrid,8,Yes
25044,HR,Senior Manager,6.1,PhD,108578,4.7,Office,37,No
25045,Finance,Executive,11.2,Master,171085,2.5,Hybrid,1,No
25046,Marketing,Analyst,5.8,Bachelor,48143,2.8,Hybrid,21,Yes
25047,Sales,Intern,14.4,Diploma,165216,1.4,Office,7,No
25048,Finance,Senior Manager,5.3,Master,85869,2.5,Remote,8,No
25049,IT,Intern,1.3,PhD,58021,4.8,Remote,3,No
25050,HR,Senior Manager,16.2,Bachelor,151383,2.8,Remote,10,Yes
25051,Operations,Manager,2.0,Diploma,50569,2.9,Office,7,Yes
25052,Sales,Senior Manager,1.9,Bachelor,58711,1.5,Office,37,Yes
25053,Marketing,Analyst,3.2,Master,113643,1.7,Hybrid,26,Yes
25054,Finance,Manager,4.1,Diploma,89992,1.5,Remote,36,No
25055,HR,Analyst,14.9,Bachelor,22362,2.7,Remote,14,No
25056,Finance,Executive,17.0,Diploma,61848,2.6,Office,4,Yes
25057,IT,Manager,16.3,Master,55634,4.5,Office,32,No
25058,Operations,Analyst,3.6,Master,55534,1.5,Remote,33,Yes
25059,Operations,Executive,11.7,PhD,117239,1.6,Remote,39,No
25060,Marketing,Senior Manager,19.4,Master,144086,2.2,Hybrid,10,No
25061,Finance,Analyst,0.0,Master,114377,4.9,Office,27,No
25062,Operations,Manager,18.0,Master,144009,4.4,Remote,38,Yes
25063,IT,Executive,6.4,PhD,137319,4.2,Office,25,No
25064,HR,Senior Manager,10.9,PhD,48621,3.7,Office,28,Yes
25065,Marketing,Intern,18.5,PhD,143600,3.5,Remote,5,No
25066,HR,Manager,11.2,Diploma,144166,2.9,Office,5,No
25067,Operations,Analyst,5.5,Bachelor,129381,3.6,Office,4,No
25068,Operations,Senior Manager,2.1,Bachelor,171012,1.0,Remote,28,No
25069,IT,Senior Manager,6.0,Diploma,157939,4.0,Remote,27,No
25070,Operations,Manager,7.0,Diploma,173511,4.0,Office,30,No
25071,Marketing,Executive,9.3,Master,58421,2.4,Office,31,Yes
25072,Finance,Intern,7.4,PhD,60329,1.1,Hybrid,33,No
25073,Marketing,Analyst,1.7,Bachelor,129149,3.5,Hybrid,12,No
25074,HR,Executive,18.0,Bachelor,157544,1.1,Remote,38,No
25075,Operations,Analyst,6.6,Bachelor,169758,4.4,Remote,0,No
25076,HR,Intern,11.7,Master,71646,4.9,Office,3,No
25077,IT,Senior Manager,10.9,Diploma,26493,1.8,Remote,26,No
25078,Finance,Executive,2.3,Bachelor,119353,1.6,Office,22,No
25079,Operations,Intern,14.0,PhD,170166,1.8,Hybrid,35,No
25080,HR,Manager,5.7,Bachelor,87733,3.3,Office,35,No
25081,Operations,Manager,9.5,Bachelor,33439,1.7,Office,23,No
25082,Marketing,Manager,7.0,Master,66100,3.1,Hybrid,13,Yes
25083,Marketing,Executive,15.6,Diploma,150130,4.1,Remote,28,No
25084,Operations,Manager,10.3,Master,65465,2.5,Remote,39,No
25085,Marketing,Intern,13.7,Diploma,178920,1.2,Remote,6,No
25086,Sales,Senior Manager,3.0,Bachelor,27444,2.3,Office,6,No
25087,Finance,Intern,18.9,Diploma,169389,2.1,Office,17,Yes
25088,IT,Manager,0.6,Bachelor,70331,3.4,Hybrid,30,Yes
25089,IT,Executive,4.8,Bachelor,137826,1.4,Remote,21,No
25090,Marketing,Intern,10.7,Master,34075,1.2,Hybrid,24,Yes
25091,IT,Manager,15.4,Diploma,131087,2.1,Hybrid,18,No
25092,Operations,Manager,9.5,PhD,75599,1.1,Remote,20,No
25093,Marketing,Intern,14.1,Diploma,39018,2.4,Office,33,No
25094,Operations,Executive,13.2,Bachelor,144676,4.8,Hybrid,1,Yes
25095,Operations,Senior Manager,14.2,Master,28438,4.7,Hybrid,35,No
25096,Sales,Senior Manager,18.2,Master,91919,1.7,Remote,29,No
25097,Marketing,Senior Manager,8.8,Master,93712,1.3,Office,6,No
25098,Finance,Intern,4.3,PhD,158264,5.0,Office,8,No
25099,HR,Intern,16.3,PhD,37851,3.3,Office,13,No
25100,Finance,Senior Manager,7.4,PhD,93391,1.1,Remote,14,No
25101,Sales,Intern,4.7,Diploma,49681,4.7,Remote,4,No
25102,Finance,Executive,0.7,Bachelor,131472,4.2,Office,28,No
25103,Finance,Intern,18.2,Diploma,17693,4.6,Office,0,No
25104,Marketing,Executive,13.6,PhD,87070,1.3,Office,19,No
25105,Marketing,Executive,8.0,PhD,103105,4.5,Remote,3,No
25106,Sales,Manager,4.1,PhD,121142,4.2,Office,12,No
25107,Operations,Analyst,18.7,PhD,86575,4.8,Remote,25,No
25108,HR,Analyst,3.4,PhD,77314,1.6,Remote,27,Yes
25109,IT,Manager,10.4,Bachelor,37785,2.8,Remote,20,No
25110,Finance,Senior Manager,4.2,Bachelor,169483,2.5,Remote,31,Yes
25111,Operations,Manager,15.4,Master,148200,2.0,Office,35,Yes
25112,HR,Analyst,9.4,Bachelor,18187,3.5,Hybrid,15,Yes
25113,Sales,Manager,3.7,Master,94695,2.7,Hybrid,25,No
25114,Finance,Intern,2.8,PhD,74800,4.3,Office,2,No
25115,IT,Analyst,0.1,Bachelor,160103,3.1,Hybrid,10,No
25116,Operations,Senior Manager,12.1,Diploma,101387,3.0,Remote,16,No
25117,HR,Senior Manager,10.1,Master,35111,4.6,Hybrid,24,No
25118,Sales,Intern,4.1,Bachelor,82965,4.5,Office,7,No
25119,Sales,Intern,0.3,PhD,159065,4.2,Office,36,No
25120,Sales,Executive,16.5,Bachelor,179539,3.9,Remote,24,No
25121,IT,Intern,16.4,Bachelor,101569,4.7,Remote,23,No
25122,HR,Intern,11.0,PhD,42112,1.3,Remote,1,No
25123,HR,Senior Manager,1.5,Master,84289,3.4,Remote,23,No
25124,Finance,Executive,2.1,Master,42080,1.4,Office,4,No
25125,Finance,Executive,2.8,Master,30760,4.6,Office,17,No
25126,HR,Manager,14.2,Diploma,30029,1.6,Hybrid,14,No
25127,Sales,Intern,19.9,Diploma,72206,3.0,Hybrid,28,No
25128,Sales,Manager,2.2,PhD,107467,1.8,Remote,9,No
25129,Operations,Manager,8.3,Bachelor,161573,4.6,Hybrid,12,No
25130,Operations,Manager,10.5,Master,62536,3.1,Hybrid,2,No
25131,Operations,Executive,16.8,Diploma,82717,4.6,Remote,21,No
25132,Finance,Executive,14.4,Master,168694,3.2,Office,16,No
25133,Marketing,Intern,16.4,Master,173659,3.5,Remote,25,Yes
25134,Marketing,Manager,17.8,PhD,117926,3.2,Hybrid,9,No
25135,IT,Analyst,12.3,Master,122967,2.2,Hybrid,14,No
25136,IT,Analyst,16.7,Master,127478,4.4,Hybrid,10,No
25137,HR,Manager,9.8,Bachelor,130113,1.9,Office,31,No
25138,HR,Executive,1.1,Bachelor,65122,3.5,Hybrid,8,Yes
25139,Finance,Senior Manager,4.4,Master,96813,4.8,Office,24,No
25140,Marketing,Executive,19.1,PhD,67168,4.0,Hybrid,39,No
25141,IT,Manager,7.8,Diploma,33502,4.7,Remote,27,No
25142,HR,Executive,10.1,Master,35850,2.3,Office,16,Yes
25143,Operations,Senior Manager,19.4,PhD,120976,2.8,Office,31,No
25144,HR,Manager,13.9,Master,75948,4.8,Hybrid,27,No
25145,Finance,Intern,8.2,Diploma,42672,3.2,Hybrid,19,No
25146,Sales,Intern,13.7,Bachelor,61082,1.5,Office,26,No
25147,Marketing,Manager,11.0,PhD,155922,3.2,Hybrid,33,No
25148,Sales,Intern,19.2,Diploma,36445,2.5,Remote,36,No
25149,HR,Manager,0.2,Bachelor,93551,2.0,Office,26,No
25150,HR,Intern,9.7,Diploma,26308,3.5,Hybrid,18,Yes
25151,Sales,Executive,13.9,Bachelor,104607,3.6,Office,13,No
25152,HR,Manager,11.0,PhD,18824,4.9,Remote,6,Yes
25153,IT,Senior Manager,6.3,Master,46019,4.4,Remote,38,No
25154,Finance,Executive,11.8,PhD,124049,2.4,Remote,18,No
25155,Finance,Executive,0.5,Master,96779,2.2,Hybrid,2,No
25156,Finance,Senior Manager,15.1,Master,171694,3.0,Office,20,No
25157,HR,Analyst,13.3,Bachelor,118548,4.5,Remote,20,No
25158,HR,Intern,6.9,Master,35861,1.4,Remote,21,Yes
25159,IT,Senior Manager,17.8,Diploma,25453,3.2,Remote,6,No
25160,Finance,Senior Manager,14.6,Master,116737,2.8,Hybrid,1,No
25161,Marketing,Analyst,4.7,Bachelor,170762,1.6,Remote,20,No
25162,Sales,Analyst,7.2,PhD,56592,3.0,Hybrid,33,No
25163,Sales,Analyst,1.3,Diploma,162317,4.5,Remote,22,No
25164,Finance,Analyst,14.1,Bachelor,144497,1.2,Remote,39,No
25165,Sales,Analyst,4.2,PhD,52060,3.4,Hybrid,11,Yes
25166,Finance,Intern,8.9,PhD,128063,2.7,Office,37,Yes
25167,Finance,Senior Manager,9.2,Bachelor,34988,2.3,Office,12,No
25168,Operations,Executive,6.8,Bachelor,116495,3.3,Remote,7,No
25169,Marketing,Senior Manager,13.6,Diploma,160851,2.1,Hybrid,12,No
25170,Finance,Senior Manager,19.4,Bachelor,107432,1.6,Office,18,No
25171,Sales,Manager,2.4,PhD,136263,1.7,Hybrid,35,No
25172,Sales,Senior Manager,11.1,PhD,118195,4.0,Remote,26,Yes
25173,Sales,Analyst,3.0,Master,33288,2.1,Office,26,No
25174,HR,Senior Manager,4.4,Diploma,145071,4.6,Office,18,No
25175,Marketing,Senior Manager,9.2,Master,87542,2.7,Hybrid,0,No
25176,Finance,Analyst,3.4,Bachelor,31352,1.0,Remote,28,Yes
25177,Operations,Executive,2.6,Diploma,94874,3.1,Hybrid,24,No
25178,Marketing,Analyst,12.6,PhD,144710,1.8,Hybrid,10,No
25179,IT,Senior Manager,14.1,PhD,99293,1.2,Office,0,No
25180,Marketing,Manager,17.6,Master,121327,3.2,Office,0,No
25181,Finance,Manager,6.1,Diploma,51231,2.6,Remote,25,No
25182,Operations,Senior Manager,17.3,Master,47766,2.0,Remote,1,No
25183,HR,Executive,0.3,Diploma,177296,2.7,Office,30,Yes
25184,IT,Executive,6.9,Bachelor,103849,2.5,Hybrid,38,No
25185,Operations,Manager,4.9,Master,110475,1.5,Office,6,No
25186,Finance,Intern,6.8,Bachelor,175703,2.7,Remote,23,No
25187,HR,Intern,14.6,Bachelor,170841,1.1,Remote,3,Yes
25188,Operations,Executive,18.5,Master,136193,1.4,Office,10,No
25189,Marketing,Manager,5.2,Diploma,152387,1.6,Hybrid,13,No
25190,Marketing,Senior Manager,11.9,Bachelor,104866,2.9,Office,23,No
25191,Finance,Executive,15.6,PhD,52776,3.5,Remote,17,No
25192,Operations,Intern,13.3,PhD,86952,4.0,Office,25,No
25193,Sales,Intern,7.3,Master,90464,1.1,Hybrid,21,No
25194,Finance,Manager,13.6,Bachelor,114450,4.0,Office,35,No
25195,HR,Analyst,1.7,Master,89426,1.1,Hybrid,2,No
25196,HR,Intern,11.1,Master,42385,3.6,Remote,25,No
25197,Operations,Senior Manager,19.1,PhD,118402,2.6,Remote,36,No
25198,Sales,Analyst,6.8,Bachelor,86149,1.8,Remote,1,No
25199,Finance,Analyst,7.6,PhD,166108,2.4,Office,22,No
25200,Finance,Intern,4.0,Master,136810,3.0,Hybrid,1,No
25201,Marketing,Senior Manager,7.3,PhD,132832,2.8,Remote,39,Yes
25202,Finance,Intern,1.9,Bachelor,65827,4.7,Office,24,No
25203,Finance,Analyst,2.9,Diploma,34789,1.5,Office,32,No
25204,HR,Intern,13.0,Bachelor,15315,1.1,Office,3,No
25205,Sales,Senior Manager,8.2,PhD,20289,3.5,Office,34,No
25206,HR,Intern,12.1,Master,88514,1.5,Remote,17,No
25207,Sales,Analyst,18.9,Bachelor,53082,2.5,Remote,24,No
25208,IT,Analyst,8.8,Bachelor,77050,4.4,Hybrid,4,No
25209,Finance,Intern,18.5,Bachelor,35249,4.1,Hybrid,2,Yes
25210,Operations,Analyst,7.7,Bachelor,37946,1.3,Hybrid,11,No
25211,IT,Intern,11.8,Master,167059,4.4,Office,2,No
25212,HR,Senior Manager,5.2,Master,127493,4.1,Office,39,No
25213,Operations,Intern,11.7,PhD,70501,1.5,Office,1,No
25214,IT,Executive,8.3,Master,80543,2.1,Office,3,No
25215,HR,Manager,16.7,Bachelor,114859,4.3,Remote,22,Yes
25216,Sales,Intern,1.2,Master,59519,1.0,Remote,0,No
25217,Finance,Intern,9.0,Diploma,112307,4.1,Remote,36,No
25218,IT,Executive,7.2,PhD,73213,3.6,Hybrid,8,No
25219,HR,Intern,14.2,Bachelor,40707,1.2,Remote,5,No
25220,IT,Intern,2.3,Master,107976,4.2,Remote,4,Yes
25221,Operations,Manager,4.2,Master,79011,1.3,Office,12,No
25222,Sales,Manager,9.2,Master,39263,2.7,Office,7,Yes
25223,Finance,Executive,16.8,Bachelor,60649,4.9,Office,28,No
25224,IT,Analyst,19.6,Master,134792,2.5,Hybrid,9,No
25225,IT,Intern,13.9,Bachelor,71981,2.4,Office,14,No
25226,Finance,Executive,16.3,Master,168239,4.2,Office,23,Yes
25227,HR,Senior Manager,14.4,Master,131712,3.7,Office,1,No
25228,Operations,Intern,1.9,Diploma,28995,1.2,Hybrid,3,Yes
25229,Sales,Executive,14.7,Bachelor,29914,2.6,Remote,10,No
25230,IT,Executive,15.4,Master,46232,4.7,Hybrid,39,No
25231,HR,Senior Manager,9.5,Diploma,163473,2.6,Remote,33,No
25232,Sales,Manager,16.0,Bachelor,169294,2.1,Remote,9,No
25233,IT,Analyst,18.7,Bachelor,97845,1.2,Office,14,No
25234,HR,Intern,14.2,Diploma,116310,1.2,Remote,20,No
25235,Sales,Analyst,7.8,PhD,140156,4.1,Remote,30,No
25236,Marketing,Manager,7.2,Diploma,153070,4.1,Hybrid,7,No
25237,Sales,Manager,17.6,PhD,42171,2.3,Hybrid,7,No
25238,Marketing,Executive,0.0,Bachelor,22923,4.5,Remote,15,No
25239,Finance,Executive,13.0,PhD,73894,1.0,Remote,0,No
25240,IT,Senior Manager,12.5,PhD,60430,3.5,Hybrid,25,No
25241,Sales,Senior Manager,12.6,PhD,79653,4.6,Hybrid,7,No
25242,Finance,Executive,6.3,Bachelor,178625,2.4,Hybrid,34,No
25243,Finance,Manager,11.2,Bachelor,140759,4.0,Hybrid,35,No
25244,Sales,Executive,10.5,Bachelor,80611,2.5,Remote,12,No
25245,Marketing,Intern,17.6,Master,104725,3.5,Office,27,No
25246,Marketing,Manager,19.3,Bachelor,118007,2.6,Remote,25,No
25247,Sales,Analyst,8.0,Master,49051,3.1,Remote,4,No
25248,Sales,Senior Manager,17.3,Diploma,157519,1.6,Hybrid,11,No
25249,Marketing,Executive,9.6,Master,28613,5.0,Remote,11,No
25250,Finance,Executive,16.6,Bachelor,100725,1.9,Remote,26,No
25251,Marketing,Analyst,5.0,Diploma,154092,1.8,Hybrid,18,No
25252,Marketing,Executive,11.9,Master,27369,2.6,Remote,20,Yes
25253,Marketing,Intern,1.4,Master,131779,3.5,Hybrid,34,No
25254,Operations,Manager,3.2,Master,87611,4.4,Hybrid,15,No
25255,Operations,Intern,13.2,PhD,171233,4.0,Office,3,No
25256,HR,Manager,2.3,Master,121547,3.3,Hybrid,30,No
25257,Marketing,Senior Manager,5.9,Diploma,59011,3.6,Remote,20,No
25258,HR,Executive,0.5,Master,149467,4.0,Hybrid,27,No
25259,Operations,Analyst,4.5,Master,112711,4.4,Remote,11,No
25260,HR,Executive,9.5,PhD,127921,3.8,Remote,32,No
25261,Finance,Analyst,12.7,Bachelor,125250,1.5,Hybrid,30,Yes
25262,Sales,Senior Manager,5.1,Bachelor,115263,4.0,Office,0,No
25263,Sales,Senior Manager,1.6,Bachelor,114026,2.1,Hybrid,26,Yes
25264,HR,Intern,18.9,PhD,106707,3.4,Office,23,No
25265,Marketing,Manager,14.2,Master,111481,4.0,Hybrid,6,Yes
25266,Marketing,Manager,12.6,Master,137233,4.9,Remote,37,Yes
25267,HR,Manager,8.2,Bachelor,89264,3.1,Office,24,Yes
25268,IT,Senior Manager,4.2,Bachelor,84403,1.6,Office,32,No
25269,Marketing,Intern,5.4,Diploma,103749,4.8,Remote,19,No
25270,Finance,Senior Manager,8.8,Master,98149,2.7,Office,30,No
25271,Finance,Analyst,17.9,Bachelor,96900,3.2,Hybrid,7,No
25272,HR,Analyst,15.5,Bachelor,153214,1.2,Remote,35,No
25273,Sales,Intern,18.0,PhD,97275,3.8,Hybrid,23,No
25274,IT,Analyst,1.5,Bachelor,159447,2.8,Office,11,No
25275,HR,Intern,17.9,Diploma,56289,4.1,Remote,13,No
25276,HR,Analyst,11.8,Bachelor,64486,1.8,Remote,7,No
25277,Operations,Intern,6.4,Diploma,174549,4.3,Hybrid,3,No
25278,Finance,Analyst,4.1,PhD,39464,3.0,Office,23,Yes
25279,HR,Executive,17.6,Master,47433,1.2,Remote,25,Yes
25280,HR,Senior Manager,4.7,Master,99302,2.8,Remote,2,No
25281,Finance,Analyst,5.7,Diploma,74957,2.2,Remote,20,No
25282,Finance,Intern,15.0,Bachelor,142421,2.4,Office,6,Yes
25283,HR,Manager,7.8,Diploma,143709,3.1,Hybrid,21,No
25284,Sales,Analyst,2.9,Bachelor,136006,2.5,Remote,19,No
25285,Finance,Executive,13.0,PhD,110358,2.7,Office,16,No
25286,Marketing,Executive,1.7,Master,36128,2.6,Hybrid,15,No
25287,Marketing,Analyst,16.0,Bachelor,17724,2.0,Hybrid,33,Yes
25288,Operations,Manager,0.8,Diploma,69148,1.1,Remote,35,No
25289,IT,Executive,6.3,Diploma,116372,1.8,Office,39,No
25290,Finance,Manager,16.0,Diploma,101219,2.8,Hybrid,26,No
25291,Operations,Manager,10.2,Diploma,119352,1.3,Remote,38,No
25292,Marketing,Manager,19.3,Diploma,72837,2.3,Office,16,No
25293,IT,Analyst,12.3,Diploma,62226,3.2,Office,9,No
25294,Marketing,Manager,12.8,Bachelor,168339,2.5,Remote,31,No
25295,Sales,Manager,17.1,PhD,69780,1.2,Hybrid,22,Yes
25296,Finance,Manager,18.7,Bachelor,25087,2.3,Remote,6,No
25297,Sales,Senior Manager,1.5,Diploma,175317,3.0,Hybrid,34,No
25298,Marketing,Intern,17.6,Bachelor,165993,2.4,Remote,0,No
25299,HR,Executive,15.3,Diploma,117827,4.5,Hybrid,11,No
25300,Marketing,Senior Manager,17.0,Bachelor,156830,2.5,Remote,19,No
25301,Operations,Senior Manager,15.5,PhD,62486,3.9,Remote,24,No
25302,Finance,Intern,16.4,PhD,39517,3.4,Office,2,No
25303,HR,Manager,1.4,Master,63939,3.7,Remote,19,Yes
25304,HR,Senior Manager,14.9,Master,86047,2.4,Hybrid,7,No
25305,Marketing,Analyst,4.4,Diploma,148029,2.4,Office,16,No
25306,Marketing,Manager,16.4,Master,121361,4.0,Office,15,Yes
25307,Marketing,Executive,4.7,Bachelor,165987,1.3,Office,32,No
25308,Sales,Intern,8.5,PhD,57598,2.1,Office,28,Yes
25309,Sales,Executive,18.9,Diploma,19347,4.2,Office,32,Yes
25310,IT,Analyst,11.7,PhD,97530,1.4,Hybrid,13,No
25311,Sales,Manager,16.8,PhD,143725,2.5,Hybrid,13,No
25312,Finance,Analyst,4.5,Diploma,66157,4.8,Remote,39,No
25313,Operations,Executive,12.1,PhD,87791,3.3,Hybrid,1,No
25314,Operations,Senior Manager,9.0,Diploma,93194,2.1,Hybrid,7,No
25315,IT,Senior Manager,5.5,PhD,41198,4.9,Remote,0,No
25316,IT,Manager,1.5,Bachelor,166594,4.9,Hybrid,13,No
25317,Operations,Senior Manager,12.8,Bachelor,138831,4.1,Office,13,No
25318,Marketing,Executive,17.7,Master,144230,1.5,Hybrid,32,No
25319,Finance,Intern,4.4,Bachelor,73727,4.9,Hybrid,15,Yes
25320,IT,Manager,0.8,Master,97399,4.5,Office,7,No
25321,Finance,Executive,1.1,Diploma,127531,2.1,Hybrid,5,No
25322,Operations,Analyst,10.8,Bachelor,166790,3.4,Office,14,No
25323,Finance,Intern,1.2,PhD,178702,2.9,Office,1,No
25324,Marketing,Analyst,13.8,PhD,85670,1.9,Hybrid,39,No
25325,Sales,Intern,11.3,Master,85630,4.7,Hybrid,32,No
25326,Sales,Executive,7.4,Bachelor,149577,2.1,Hybrid,38,No
25327,Operations,Senior Manager,6.7,Master,64279,3.7,Office,26,No
25328,Marketing,Analyst,16.6,Master,32914,2.0,Office,9,No
25329,HR,Manager,13.5,PhD,17130,2.0,Hybrid,13,No
25330,Operations,Senior Manager,6.7,Master,167411,3.3,Hybrid,6,No
25331,Finance,Executive,2.3,PhD,128478,1.4,Office,26,No
25332,Sales,Senior Manager,7.8,Diploma,102727,1.6,Office,22,No
25333,Marketing,Analyst,8.0,Bachelor,79588,4.6,Hybrid,38,No
25334,Marketing,Analyst,2.7,Diploma,60975,1.0,Hybrid,4,Yes
25335,Sales,Intern,6.0,Master,109242,3.0,Office,28,No
25336,IT,Analyst,6.9,Master,171301,3.5,Hybrid,17,Yes
25337,IT,Senior Manager,8.6,Bachelor,141494,4.3,Remote,14,Yes
25338,HR,Manager,14.0,Diploma,116899,3.7,Hybrid,27,No
25339,HR,Intern,9.1,Bachelor,26892,1.6,Remote,30,No
25340,IT,Intern,11.4,Master,172395,2.7,Remote,36,No
25341,Finance,Analyst,5.2,Diploma,66762,1.4,Hybrid,19,Yes
25342,Sales,Senior Manager,15.9,Bachelor,74297,2.9,Office,6,No
25343,Operations,Manager,12.2,Diploma,146369,3.9,Remote,4,Yes
25344,HR,Senior Manager,13.5,Master,137478,1.4,Office,16,No
25345,IT,Senior Manager,8.9,Bachelor,175200,4.2,Office,9,No
25346,Finance,Manager,1.4,Bachelor,163210,1.9,Remote,33,No
25347,HR,Intern,12.6,Master,148759,4.2,Hybrid,24,No
25348,Marketing,Executive,11.3,PhD,44294,4.1,Office,6,No
25349,IT,Analyst,16.3,Bachelor,50398,3.5,Remote,22,No
25350,HR,Senior Manager,11.7,PhD,158707,1.0,Office,19,Yes
25351,Sales,Executive,17.4,Bachelor,64228,3.5,Office,10,No
25352,Operations,Analyst,12.1,Bachelor,119348,3.4,Remote,9,No
25353,Marketing,Manager,4.0,Diploma,112380,2.9,Remote,4,No
25354,Operations,Analyst,19.3,Diploma,95583,4.9,Office,10,No
25355,IT,Intern,13.5,Master,73752,1.5,Hybrid,30,No
25356,Finance,Analyst,6.5,PhD,38956,4.9,Remote,18,No
25357,Marketing,Senior Manager,5.5,Diploma,101880,4.1,Hybrid,15,No
25358,Operations,Senior Manager,18.9,Master,179323,3.8,Remote,25,No
25359,HR,Executive,19.1,Master,155785,3.4,Remote,5,Yes
25360,Operations,Analyst,16.3,Diploma,146016,2.2,Office,33,No
25361,Marketing,Intern,6.8,PhD,167504,1.1,Remote,27,No
25362,Sales,Senior Manager,11.1,Diploma,103761,1.6,Hybrid,17,Yes
25363,Marketing,Intern,18.2,PhD,119002,4.2,Remote,0,Yes
25364,Sales,Executive,8.7,PhD,47535,1.4,Remote,21,No
25365,Marketing,Executive,14.9,PhD,105158,4.8,Remote,32,No
25366,IT,Senior Manager,6.2,Master,82243,3.4,Hybrid,22,No
25367,Operations,Manager,2.7,Bachelor,120459,3.1,Office,11,No
25368,Operations,Executive,10.4,Diploma,95397,3.1,Remote,17,Yes
25369,Operations,Senior Manager,14.0,PhD,36996,3.9,Remote,9,No
25370,Operations,Executive,8.9,PhD,64081,1.0,Office,34,No
25371,Operations,Senior Manager,4.1,Bachelor,66981,2.1,Hybrid,1,No
25372,IT,Intern,0.6,Bachelor,108659,1.1,Remote,28,No
25373,Finance,Analyst,18.8,Master,30411,1.7,Office,6,Yes
25374,Finance,Executive,11.3,Bachelor,20049,1.3,Office,38,No
25375,Marketing,Senior Manager,5.2,Diploma,75277,3.6,Remote,15,No
25376,Operations,Intern,6.7,Master,104809,2.1,Office,12,No
25377,Sales,Manager,16.8,Diploma,89947,2.2,Office,4,No
25378,Marketing,Intern,16.7,Bachelor,174102,3.9,Office,10,No
25379,Marketing,Analyst,3.5,Master,131009,4.3,Office,25,No
25380,Sales,Analyst,13.5,PhD,48994,3.3,Office,34,Yes
25381,Marketing,Executive,4.2,Master,130695,4.5,Remote,28,No
25382,IT,Executive,8.7,Diploma,36433,3.4,Remote,26,No
25383,Finance,Executive,9.5,PhD,148801,3.4,Hybrid,29,No
25384,Marketing,Manager,8.9,PhD,166656,1.8,Hybrid,4,No
25385,Finance,Intern,8.5,Bachelor,149655,1.2,Remote,3,No
25386,Operations,Analyst,18.4,PhD,88765,3.9,Hybrid,16,Yes
25387,IT,Analyst,8.5,Diploma,20297,2.3,Office,30,No
25388,Finance,Manager,10.5,Bachelor,152106,1.0,Office,26,No
25389,HR,Manager,10.4,PhD,41559,3.9,Hybrid,39,No
25390,IT,Intern,14.1,PhD,162153,2.6,Office,34,No
25391,HR,Manager,15.3,Diploma,20768,2.7,Office,27,No
25392,Marketing,Analyst,15.0,Master,171540,2.1,Remote,36,No
25393,Finance,Intern,7.9,Diploma,59660,2.2,Office,29,No
25394,Sales,Executive,9.2,Master,25564,2.4,Remote,13,Yes
25395,Sales,Executive,1.4,PhD,94429,3.4,Remote,6,No
25396,Finance,Executive,14.7,PhD,63099,3.7,Hybrid,7,No
25397,Sales,Senior Manager,3.7,Master,75864,1.4,Hybrid,2,No
25398,Operations,Analyst,6.0,Master,123479,5.0,Hybrid,9,Yes
25399,Sales,Analyst,0.3,Master,37114,4.2,Office,27,No
25400,HR,Manager,16.7,Master,121351,4.8,Remote,21,No
25401,HR,Executive,0.3,Bachelor,51605,1.1,Office,20,No
25402,Sales,Intern,14.3,Diploma,151334,2.9,Office,21,Yes
25403,HR,Intern,5.8,Diploma,20527,1.5,Office,7,No
25404,Sales,Analyst,18.9,Bachelor,43129,2.3,Office,4,No
25405,Operations,Manager,15.7,Master,83561,4.1,Remote,15,No
25406,Operations,Manager,2.8,PhD,164250,4.3,Remote,28,No
25407,HR,Analyst,14.5,Diploma,135685,3.4,Office,13,No
25408,Sales,Senior Manager,9.2,Bachelor,65064,4.4,Hybrid,33,No
25409,Marketing,Analyst,12.8,Diploma,91104,1.2,Remote,35,No
25410,Marketing,Intern,8.0,Bachelor,155308,1.3,Office,11,No
25411,HR,Senior Manager,6.5,Master,70800,1.3,Office,31,No
25412,HR,Intern,18.7,Bachelor,111685,1.5,Remote,11,No
25413,Operations,Manager,9.0,Diploma,16706,1.9,Office,26,Yes
25414,Finance,Analyst,6.1,PhD,163519,3.2,Hybrid,2,No
25415,Marketing,Senior Manager,1.1,Diploma,63181,3.6,Remote,38,No
25416,Marketing,Senior Manager,3.4,Diploma,23821,4.2,Office,28,No
25417,Marketing,Senior Manager,13.2,Bachelor,113866,3.6,Office,32,Yes
25418,HR,Analyst,8.5,PhD,48315,3.3,Office,4,No
25419,Operations,Manager,10.6,Master,82218,2.6,Office,2,No
25420,Finance,Executive,11.5,Bachelor,157448,2.9,Office,34,No
25421,IT,Executive,2.1,PhD,142540,1.0,Office,16,No
25422,Sales,Manager,11.6,Bachelor,27058,3.6,Office,35,No
25423,Sales,Analyst,2.9,Diploma,79129,4.4,Hybrid,7,No
25424,Sales,Intern,14.6,Bachelor,172177,2.9,Hybrid,7,No
25425,HR,Analyst,10.2,Diploma,82452,4.4,Remote,13,No
25426,Sales,Senior Manager,16.2,Bachelor,25526,4.1,Office,20,No
25427,Finance,Intern,2.9,PhD,67905,4.3,Remote,8,No
25428,Sales,Intern,8.9,PhD,152885,1.8,Hybrid,9,No
25429,Marketing,Senior Manager,3.7,Master,139326,3.7,Remote,10,No
25430,Finance,Senior Manager,12.1,Bachelor,133174,3.0,Office,39,No
25431,Sales,Manager,1.4,Bachelor,130338,2.3,Remote,21,No
25432,HR,Intern,8.1,Bachelor,146646,3.1,Hybrid,25,No
25433,Sales,Manager,10.3,Bachelor,127302,2.6,Office,17,No
25434,Finance,Manager,20.0,Bachelor,158264,1.9,Office,1,Yes
25435,Sales,Analyst,7.6,Master,16069,4.2,Remote,18,No
25436,HR,Executive,10.5,PhD,98588,3.1,Remote,26,No
25437,IT,Analyst,3.0,Bachelor,60345,2.3,Remote,13,No
25438,Finance,Senior Manager,4.1,Bachelor,113550,4.1,Hybrid,12,Yes
25439,Finance,Analyst,5.1,Master,120303,4.8,Remote,3,No
25440,HR,Manager,18.7,Diploma,162468,3.7,Remote,18,No
25441,HR,Intern,19.1,Bachelor,49288,1.5,Hybrid,20,No
25442,Sales,Analyst,14.6,Diploma,117279,1.4,Remote,19,Yes
25443,Finance,Executive,18.8,PhD,165588,3.1,Hybrid,38,No
25444,HR,Executive,17.4,PhD,63200,2.9,Remote,33,No
25445,Finance,Analyst,17.7,Diploma,95469,4.1,Hybrid,23,No
25446,Sales,Analyst,0.8,Diploma,45707,2.2,Office,21,No
25447,Operations,Senior Manager,8.4,Diploma,23768,1.3,Hybrid,38,No
25448,Operations,Intern,8.0,Master,116586,1.4,Hybrid,39,No
25449,Operations,Senior Manager,17.4,Bachelor,178345,2.4,Office,17,No
25450,Finance,Analyst,9.1,Diploma,146502,3.2,Hybrid,29,No
25451,HR,Manager,19.2,Bachelor,124586,4.3,Remote,19,No
25452,Operations,Analyst,6.0,PhD,47120,1.4,Hybrid,15,Yes
25453,HR,Senior Manager,11.0,PhD,53026,3.4,Office,37,No
25454,IT,Manager,12.6,Master,72621,3.5,Hybrid,24,No
25455,HR,Analyst,11.1,PhD,51090,3.6,Remote,16,No
25456,Operations,Manager,6.6,Master,113824,3.0,Office,28,No
25457,Sales,Executive,0.3,PhD,98283,4.3,Hybrid,6,Yes
25458,HR,Executive,10.0,Diploma,158487,3.8,Hybrid,33,No
25459,Finance,Manager,19.6,Bachelor,95271,4.9,Hybrid,13,No
25460,IT,Manager,1.2,PhD,142101,4.1,Office,18,No
25461,IT,Executive,16.6,Bachelor,26066,2.5,Office,8,No
25462,Marketing,Analyst,8.6,Bachelor,93472,3.3,Office,22,No
25463,Marketing,Intern,17.9,Bachelor,112837,3.4,Remote,5,No
25464,Sales,Analyst,10.1,Master,106435,4.4,Remote,22,No
25465,Finance,Senior Manager,17.9,Bachelor,97204,1.9,Hybrid,32,No
25466,HR,Senior Manager,12.6,Bachelor,132658,3.2,Remote,19,No
25467,IT,Manager,4.9,PhD,56056,3.5,Hybrid,2,No
25468,Finance,Manager,0.7,Diploma,139570,4.2,Remote,37,Yes
25469,Operations,Senior Manager,13.4,Master,167620,3.1,Hybrid,6,No
25470,IT,Intern,10.9,Diploma,78145,1.2,Remote,23,No
25471,Operations,Intern,19.2,Bachelor,113234,4.4,Remote,36,No
25472,IT,Executive,2.4,Bachelor,96352,4.7,Office,24,No
25473,Operations,Intern,4.4,Bachelor,38915,3.5,Office,19,No
25474,Marketing,Intern,5.7,Bachelor,161820,3.8,Office,16,No
25475,Operations,Analyst,12.6,Master,16410,4.4,Hybrid,14,No
25476,Sales,Analyst,9.8,Diploma,160109,1.6,Office,25,No
25477,Marketing,Analyst,4.5,Diploma,82562,2.1,Office,22,No
25478,Sales,Senior Manager,1.1,Diploma,56882,1.4,Hybrid,18,No
25479,HR,Executive,4.9,Master,93426,2.9,Office,6,No
25480,IT,Intern,12.0,Bachelor,155118,3.2,Hybrid,17,No
25481,Marketing,Manager,15.2,Bachelor,69115,1.1,Office,10,No
25482,Marketing,Intern,15.1,Master,82849,1.9,Remote,14,No
25483,Sales,Analyst,3.4,Master,67990,4.6,Hybrid,32,Yes
25484,Operations,Intern,4.8,PhD,92616,3.3,Remote,13,No
25485,HR,Senior Manager,6.3,Master,36079,2.4,Office,15,Yes
25486,Operations,Manager,8.5,Diploma,135882,3.8,Hybrid,35,Yes
25487,Operations,Executive,4.1,Diploma,21780,3.4,Remote,36,Yes
25488,Marketing,Analyst,17.9,PhD,169991,4.2,Remote,34,Yes
25489,IT,Intern,12.8,Bachelor,50453,3.7,Remote,23,No
25490,Finance,Analyst,14.5,Diploma,109823,3.0,Office,37,No
25491,Operations,Analyst,2.8,Bachelor,124555,3.3,Remote,22,No
25492,IT,Intern,3.1,PhD,156493,3.6,Hybrid,33,No
25493,Sales,Intern,10.7,Diploma,111596,4.0,Office,21,Yes
25494,Operations,Intern,11.7,PhD,139932,1.3,Office,26,No
25495,Operations,Senior Manager,15.5,Diploma,73303,1.8,Hybrid,13,No
25496,HR,Executive,2.3,PhD,126323,3.8,Hybrid,27,No
25497,Finance,Analyst,7.7,Master,73580,2.0,Office,34,Yes
25498,HR,Executive,14.0,PhD,115982,1.8,Remote,16,No
25499,Finance,Senior Manager,17.5,Diploma,54731,2.6,Hybrid,38,No
25500,Sales,Intern,11.8,Diploma,159542,3.4,Hybrid,23,Yes
25501,HR,Analyst,4.3,PhD,35385,2.0,Hybrid,31,No
25502,HR,Analyst,1.9,PhD,131189,3.1,Office,20,No
25503,HR,Senior Manager,13.4,Master,22941,2.3,Remote,24,Yes
25504,HR,Senior Manager,7.9,PhD,87098,2.7,Remote,22,No
25505,Sales,Manager,7.3,PhD,116985,3.8,Office,0,Yes
25506,IT,Analyst,8.4,Bachelor,56292,2.4,Office,37,Yes
25507,IT,Executive,7.5,Bachelor,49501,4.7,Office,6,No
25508,Operations,Intern,15.9,PhD,132153,1.2,Office,23,No
25509,Finance,Intern,1.1,Master,123129,4.4,Office,5,No
25510,Sales,Intern,14.5,PhD,17453,3.8,Office,21,No
25511,Marketing,Analyst,4.5,Diploma,80802,1.1,Remote,39,No
25512,Operations,Executive,18.0,PhD,40837,2.6,Hybrid,37,No
25513,HR,Manager,2.4,Diploma,82270,4.6,Remote,24,Yes
25514,Operations,Analyst,19.0,Master,62142,3.4,Remote,6,No
25515,Finance,Executive,16.3,Bachelor,103760,3.6,Hybrid,39,No
25516,IT,Analyst,3.7,Bachelor,24166,2.0,Hybrid,19,No
25517,Sales,Senior Manager,1.2,Diploma,164345,4.2,Hybrid,39,No
25518,Marketing,Senior Manager,19.8,Master,46372,3.0,Hybrid,14,No
25519,Operations,Senior Manager,19.7,PhD,63487,2.9,Office,6,Yes
25520,Marketing,Manager,3.7,Bachelor,89602,5.0,Office,25,No
25521,Marketing,Intern,11.3,Diploma,175773,4.9,Remote,15,No
25522,Sales,Senior Manager,8.6,Master,140252,3.8,Hybrid,39,No
25523,Finance,Senior Manager,4.8,Diploma,58932,1.2,Hybrid,8,No
25524,Finance,Executive,12.3,PhD,163497,1.7,Hybrid,19,No
25525,Finance,Senior Manager,17.9,PhD,37512,1.5,Office,6,No
25526,IT,Manager,14.9,Bachelor,145526,2.9,Remote,25,No
25527,Marketing,Manager,4.6,Master,153763,1.7,Remote,34,No
25528,HR,Intern,11.4,PhD,28665,3.6,Remote,9,No
25529,Marketing,Intern,2.8,Master,122592,4.3,Remote,7,Yes
25530,Marketing,Senior Manager,3.4,Master,106621,4.0,Office,37,No
25531,HR,Senior Manager,18.8,Master,141333,1.3,Office,12,No
25532,Finance,Analyst,2.0,Diploma,160412,4.5,Hybrid,25,No
25533,Operations,Analyst,0.0,Master,127911,4.4,Office,21,No
25534,HR,Intern,3.9,Bachelor,80526,3.1,Hybrid,2,No
25535,Marketing,Analyst,6.6,Diploma,32942,1.5,Remote,39,Yes
25536,Finance,Manager,8.6,Bachelor,82762,1.7,Hybrid,23,Yes
25537,Sales,Executive,15.1,Diploma,128432,4.4,Hybrid,11,No
25538,Operations,Executive,13.7,Master,110703,1.5,Office,26,No
25539,Operations,Intern,0.8,Bachelor,34803,2.8,Remote,20,No
25540,Finance,Manager,6.5,Master,49266,2.0,Office,22,Yes
25541,IT,Intern,9.9,Master,68099,3.7,Remote,9,No
25542,Sales,Manager,11.7,Bachelor,126989,3.1,Office,21,No
25543,Operations,Executive,4.3,PhD,106724,3.4,Hybrid,5,No
25544,IT,Intern,9.5,PhD,108231,2.1,Office,19,No
25545,Finance,Manager,15.3,PhD,74588,1.2,Remote,11,Yes
25546,IT,Manager,15.1,Bachelor,42745,2.1,Hybrid,38,No
25547,Operations,Executive,2.0,Bachelor,42432,4.3,Remote,18,No
25548,Operations,Intern,7.0,Diploma,164785,1.8,Office,15,No
25549,IT,Executive,13.7,Diploma,117930,2.8,Hybrid,3,Yes
25550,Finance,Manager,18.8,Diploma,67871,3.6,Remote,33,No
25551,IT,Manager,3.4,PhD,45375,2.5,Office,4,No
25552,Operations,Analyst,7.4,Diploma,115004,3.4,Hybrid,39,No
25553,Marketing,Senior Manager,3.7,Bachelor,157339,4.1,Hybrid,2,Yes
25554,IT,Manager,15.1,Bachelor,131288,1.5,Remote,14,No
25555,Sales,Executive,18.6,PhD,85073,2.3,Remote,36,No
25556,IT,Senior Manager,16.1,Bachelor,37029,2.0,Hybrid,22,No
25557,IT,Analyst,5.5,Master,66529,3.3,Office,12,No
25558,Sales,Executive,13.6,Master,19871,2.9,Office,22,No
25559,IT,Executive,0.7,Bachelor,117465,3.6,Remote,36,No
25560,Marketing,Senior Manager,19.6,PhD,168872,4.8,Hybrid,32,No
25561,Sales,Analyst,4.2,PhD,164257,2.1,Office,11,No
25562,HR,Intern,15.4,Master,132592,3.3,Hybrid,13,No
25563,IT,Intern,13.0,Bachelor,80002,3.3,Remote,1,Yes
25564,Operations,Executive,5.1,PhD,123500,4.9,Hybrid,15,No
25565,Sales,Senior Manager,12.1,Diploma,77221,2.6,Remote,12,No
25566,HR,Analyst,13.7,PhD,30238,4.9,Office,7,No
25567,Marketing,Senior Manager,14.6,Bachelor,138521,1.4,Office,30,No
25568,Sales,Executive,5.7,Bachelor,164789,1.2,Hybrid,27,No
25569,Sales,Executive,18.4,Diploma,152053,1.8,Hybrid,10,No
25570,Finance,Analyst,18.2,Master,78216,1.4,Office,5,Yes
25571,Finance,Analyst,6.1,Master,38191,2.1,Remote,6,No
25572,IT,Analyst,0.8,Bachelor,78368,1.4,Hybrid,22,No
25573,Operations,Intern,15.7,PhD,179020,2.8,Hybrid,14,No
25574,Marketing,Executive,8.5,Diploma,77878,1.9,Remote,27,No
25575,Sales,Manager,18.9,Diploma,53164,2.4,Remote,4,No
25576,Marketing,Executive,6.5,Bachelor,55753,1.7,Office,30,No
25577,IT,Analyst,2.7,Master,107630,3.3,Remote,39,No
25578,Sales,Intern,6.8,PhD,138845,2.1,Remote,6,Yes
25579,Operations,Executive,1.0,PhD,153594,1.7,Office,26,Yes
25580,Marketing,Manager,14.1,PhD,26115,3.9,Remote,32,No
25581,Finance,Analyst,8.7,Diploma,80899,3.4,Remote,8,No
25582,Sales,Intern,1.8,Diploma,179376,2.3,Office,22,Yes
25583,IT,Senior Manager,4.0,Bachelor,106388,1.1,Office,4,Yes
25584,Marketing,Analyst,8.2,Master,26052,1.4,Remote,2,No
25585,Marketing,Analyst,1.3,PhD,37740,4.2,Office,37,No
25586,Finance,Senior Manager,15.4,Diploma,36356,4.3,Hybrid,36,No
25587,Sales,Manager,3.2,PhD,130398,3.6,Remote,14,No
25588,Marketing,Analyst,6.7,PhD,38727,4.7,Remote,17,No
25589,Sales,Executive,0.2,PhD,130607,4.3,Office,38,No
25590,Finance,Intern,2.1,Bachelor,78867,2.6,Remote,8,No
25591,Sales,Analyst,9.0,PhD,164840,3.4,Remote,10,No
25592,HR,Executive,11.4,PhD,68086,2.7,Remote,18,No
25593,HR,Manager,12.9,PhD,69490,1.0,Remote,25,No
25594,HR,Manager,10.3,Master,131373,2.7,Hybrid,38,No
25595,Finance,Analyst,0.1,Diploma,24531,3.0,Office,11,No
25596,HR,Executive,14.1,Diploma,23276,1.7,Hybrid,14,Yes
25597,Sales,Manager,12.6,Bachelor,74388,3.6,Office,3,Yes
25598,Sales,Executive,4.2,Master,32092,1.1,Hybrid,21,No
25599,Sales,Intern,7.7,PhD,117805,3.1,Hybrid,17,No
25600,HR,Executive,8.2,Master,58845,1.2,Remote,22,No
25601,Marketing,Senior Manager,0.3,Master,133453,3.5,Hybrid,37,No
25602,Sales,Executive,17.5,PhD,148282,3.6,Remote,24,No
25603,HR,Intern,15.1,Bachelor,53874,1.1,Remote,13,No
25604,Sales,Intern,7.6,Master,132319,2.5,Office,6,No
25605,IT,Executive,11.3,Diploma,170457,4.0,Hybrid,33,No
25606,Operations,Executive,12.4,PhD,176188,2.5,Hybrid,5,No
25607,Marketing,Manager,4.9,Diploma,171754,2.9,Office,26,No
25608,Sales,Intern,5.3,Diploma,125587,1.7,Hybrid,26,No
25609,Finance,Executive,3.7,Master,67934,2.9,Hybrid,21,No
25610,Marketing,Intern,12.8,Bachelor,137582,2.8,Office,4,No
25611,Finance,Manager,11.8,Bachelor,155904,1.8,Office,1,No
25612,Finance,Analyst,7.8,Diploma,54924,4.4,Office,21,No
25613,Operations,Intern,4.0,PhD,54868,1.5,Office,25,Yes
25614,Finance,Analyst,0.3,Bachelor,27511,1.4,Hybrid,38,No
25615,Operations,Intern,10.1,Master,40339,1.0,Office,9,No
25616,IT,Executive,1.3,Bachelor,71607,2.7,Hybrid,27,No
25617,Sales,Executive,3.0,Master,51210,2.5,Office,27,Yes
25618,IT,Intern,10.7,Bachelor,148517,3.6,Hybrid,5,No
25619,Finance,Senior Manager,17.1,Bachelor,125110,3.0,Hybrid,3,No
25620,Marketing,Manager,10.4,Master,40709,3.3,Remote,29,No
25621,HR,Analyst,8.5,Master,99542,4.1,Hybrid,20,No
25622,HR,Analyst,5.5,PhD,77772,4.3,Office,20,No
25623,Marketing,Executive,4.3,Master,160288,2.9,Remote,30,No
25624,Operations,Senior Manager,9.6,PhD,124864,3.5,Remote,19,Yes
25625,HR,Executive,18.1,Bachelor,75441,4.7,Remote,5,No
25626,Marketing,Executive,8.3,Master,48834,1.4,Hybrid,27,No
25627,Sales,Executive,5.3,Master,93593,1.2,Remote,31,No
25628,Sales,Manager,7.1,Diploma,71582,3.0,Hybrid,25,No
25629,IT,Manager,19.9,Master,151164,4.1,Office,4,No
25630,Sales,Senior Manager,7.9,Master,177058,4.2,Remote,12,No
25631,Marketing,Intern,10.8,Diploma,159572,2.8,Remote,15,No
25632,Operations,Intern,17.4,Bachelor,21689,2.8,Hybrid,35,No
25633,IT,Senior Manager,16.5,Bachelor,27483,4.0,Hybrid,3,No
25634,IT,Senior Manager,13.3,PhD,65280,4.9,Office,27,No
25635,HR,Manager,4.4,Diploma,50268,1.4,Hybrid,3,No
25636,Operations,Intern,4.1,PhD,150530,4.9,Office,17,Yes
25637,Operations,Executive,8.3,Master,119878,4.2,Remote,35,No
25638,Operations,Analyst,5.2,PhD,162956,1.8,Office,22,No
25639,IT,Senior Manager,15.7,Bachelor,143406,2.3,Hybrid,6,No
25640,IT,Senior Manager,2.7,PhD,55327,2.6,Office,36,No
25641,Finance,Intern,16.5,Diploma,121908,1.5,Hybrid,30,No
25642,IT,Senior Manager,11.0,Bachelor,169007,2.3,Office,20,No
25643,Sales,Intern,7.6,Master,137303,3.1,Remote,10,Yes
25644,IT,Manager,3.9,Bachelor,42241,4.7,Office,22,Yes
25645,Sales,Intern,0.3,PhD,80310,1.4,Hybrid,12,No
25646,Operations,Senior Manager,9.2,Diploma,29583,2.6,Office,4,No
25647,Marketing,Senior Manager,9.7,PhD,100498,3.6,Hybrid,32,No
25648,Sales,Analyst,0.4,Master,71863,1.4,Remote,9,No
25649,Finance,Manager,16.3,Bachelor,32287,4.2,Remote,2,No
25650,Operations,Intern,6.0,Diploma,58971,3.7,Hybrid,37,No
25651,HR,Manager,17.9,Bachelor,139599,4.5,Hybrid,30,No
25652,Operations,Intern,0.3,PhD,116099,3.5,Office,0,No
25653,Operations,Analyst,0.4,PhD,64896,3.1,Remote,8,Yes
25654,Marketing,Senior Manager,11.8,Master,115203,2.2,Hybrid,36,Yes
25655,HR,Intern,14.1,Diploma,112392,1.5,Hybrid,23,No
25656,Operations,Intern,16.2,Master,27995,2.3,Office,9,No
25657,HR,Manager,9.2,Bachelor,139041,4.7,Remote,26,No
25658,Finance,Senior Manager,3.7,PhD,157526,4.2,Office,2,No
25659,HR,Analyst,11.9,Master,138298,4.8,Hybrid,36,Yes
25660,IT,Executive,5.1,PhD,80195,1.6,Remote,26,No
25661,Sales,Intern,8.3,Diploma,99481,3.1,Remote,27,No
25662,IT,Senior Manager,12.3,Master,19164,4.1,Remote,15,No
25663,Sales,Analyst,9.9,Bachelor,51099,4.0,Office,27,No
25664,IT,Senior Manager,14.0,Bachelor,67752,2.4,Remote,1,No
25665,Marketing,Executive,18.7,Diploma,82924,1.5,Remote,19,Yes
25666,Operations,Senior Manager,18.6,Master,83979,2.6,Office,34,No
25667,Marketing,Analyst,18.7,Bachelor,172157,4.2,Hybrid,13,No
25668,Operations,Intern,6.0,Diploma,125782,4.4,Remote,38,No
25669,Operations,Senior Manager,16.7,PhD,83651,3.8,Remote,12,No
25670,Finance,Executive,16.1,Diploma,60762,2.3,Hybrid,4,No
25671,HR,Manager,12.0,Diploma,134416,3.4,Hybrid,27,No
25672,Finance,Intern,3.0,Diploma,74104,3.6,Office,8,No
25673,Marketing,Senior Manager,9.5,Diploma,106862,4.0,Office,25,No
25674,Sales,Intern,14.6,Bachelor,62643,2.5,Office,27,No
25675,IT,Manager,2.0,Diploma,85928,3.2,Remote,12,No
25676,Sales,Senior Manager,1.7,PhD,28129,4.3,Hybrid,4,No
25677,HR,Executive,3.7,Diploma,54866,2.4,Office,10,No
25678,Sales,Manager,7.8,PhD,24037,4.1,Office,36,No
25679,Finance,Manager,7.7,Master,97584,3.8,Office,37,Yes
25680,Sales,Intern,6.3,Master,86136,1.2,Hybrid,32,No
25681,Sales,Executive,0.3,Diploma,82701,2.5,Hybrid,24,No
25682,HR,Senior Manager,7.2,Master,34848,4.9,Office,29,No
25683,IT,Manager,18.8,PhD,102486,1.4,Remote,38,No
25684,Operations,Senior Manager,17.0,Bachelor,138989,2.5,Remote,30,No
25685,HR,Analyst,16.5,Master,144245,3.3,Office,5,No
25686,Finance,Executive,6.3,PhD,160435,2.5,Office,4,Yes
25687,Marketing,Manager,0.7,PhD,149183,3.0,Office,38,No
25688,IT,Executive,18.8,Diploma,80213,2.0,Hybrid,5,Yes
25689,IT,Analyst,18.6,PhD,162016,2.4,Office,11,No
25690,Finance,Analyst,12.0,Bachelor,22063,4.3,Remote,1,No
25691,Finance,Analyst,11.2,Master,155045,3.5,Office,29,No
25692,Finance,Executive,6.6,Master,41822,3.2,Hybrid,20,No
25693,Sales,Analyst,15.5,Master,172057,4.0,Office,34,No
25694,Finance,Manager,10.5,PhD,113645,3.6,Remote,3,No
25695,IT,Analyst,4.2,Master,54075,3.9,Office,33,No
25696,HR,Senior Manager,5.4,Bachelor,63321,3.8,Hybrid,39,No
25697,Marketing,Senior Manager,0.8,PhD,55039,4.6,Office,33,Yes
25698,IT,Analyst,7.7,PhD,177129,2.8,Office,36,No
25699,HR,Senior Manager,11.0,Master,37832,2.1,Remote,6,No
25700,HR,Executive,14.8,PhD,89082,2.9,Hybrid,25,No
25701,Finance,Manager,15.2,PhD,131234,3.2,Office,33,Yes
25702,Marketing,Intern,2.3,PhD,131095,3.8,Remote,27,No
25703,HR,Executive,12.0,PhD,121169,4.7,Remote,7,No
25704,Finance,Analyst,19.9,PhD,121312,4.4,Hybrid,29,No
25705,Finance,Executive,4.9,Bachelor,84748,1.2,Office,6,No
25706,Finance,Senior Manager,8.2,Bachelor,155012,4.9,Office,5,No
25707,Sales,Manager,16.7,PhD,66908,1.8,Remote,16,No
25708,Sales,Intern,4.3,Diploma,38393,4.5,Hybrid,19,No
25709,Operations,Executive,15.8,Bachelor,127383,4.7,Remote,35,No
25710,Marketing,Analyst,10.7,Diploma,21161,4.4,Remote,16,No
25711,Finance,Senior Manager,10.8,Diploma,172893,1.6,Hybrid,20,No
25712,Finance,Senior Manager,12.5,Master,76664,4.8,Office,6,No
25713,IT,Senior Manager,19.8,Master,131731,2.7,Office,24,No
25714,HR,Manager,16.5,Master,65632,3.0,Office,16,Yes
25715,HR,Manager,11.0,Diploma,45801,3.8,Remote,15,Yes
25716,Operations,Manager,4.0,PhD,136231,2.0,Hybrid,34,No
25717,Sales,Executive,14.5,PhD,137671,1.5,Remote,9,No
25718,HR,Manager,8.0,Bachelor,121560,4.4,Office,7,No
25719,Sales,Senior Manager,8.2,PhD,91713,1.9,Remote,18,Yes
25720,HR,Manager,18.4,Master,139249,1.8,Office,0,No
25721,Finance,Executive,17.7,Master,108694,2.2,Remote,6,No
25722,HR,Manager,15.6,Diploma,35429,4.9,Remote,14,No
25723,Finance,Analyst,9.2,PhD,177619,1.8,Remote,25,No
25724,Operations,Senior Manager,12.3,PhD,179474,2.7,Office,18,No
25725,HR,Analyst,8.8,Diploma,147433,3.5,Remote,14,No
25726,Marketing,Executive,9.8,PhD,105622,2.0,Office,23,No
25727,Finance,Manager,9.7,PhD,170709,3.1,Remote,35,No
25728,HR,Senior Manager,10.2,Master,147020,4.1,Office,34,No
25729,Operations,Manager,7.0,PhD,173196,1.2,Remote,20,No
25730,Finance,Analyst,15.8,PhD,17555,4.9,Office,34,No
25731,Operations,Analyst,11.2,Bachelor,91152,1.2,Hybrid,18,No
25732,Marketing,Intern,17.4,PhD,69992,3.0,Office,28,No
25733,Marketing,Analyst,19.4,Bachelor,147561,4.7,Remote,14,No
25734,Marketing,Executive,11.1,Master,178765,4.2,Remote,3,No
25735,Finance,Analyst,12.8,Diploma,49659,3.7,Hybrid,2,No
25736,Sales,Manager,13.6,PhD,173795,3.0,Hybrid,9,No
25737,IT,Executive,17.4,Diploma,178652,4.7,Hybrid,8,No
25738,Operations,Manager,17.2,Diploma,80890,2.8,Office,21,No
25739,Finance,Senior Manager,1.1,Bachelor,111624,4.1,Hybrid,13,No
25740,HR,Analyst,12.6,Diploma,45370,2.5,Office,12,No
25741,Operations,Executive,2.0,PhD,141931,4.7,Remote,12,Yes
25742,Marketing,Manager,9.0,PhD,57199,3.9,Hybrid,16,No
25743,Marketing,Senior Manager,10.9,PhD,148048,4.5,Remote,29,Yes
25744,Finance,Executive,6.7,Diploma,127096,4.6,Office,2,No
25745,Finance,Senior Manager,17.5,Diploma,67996,1.4,Office,8,No
25746,Marketing,Senior Manager,14.1,PhD,24494,3.1,Hybrid,36,No
25747,Operations,Intern,16.7,PhD,107615,3.7,Office,27,No
25748,Marketing,Manager,0.9,Bachelor,98205,1.9,Remote,22,No
25749,Operations,Senior Manager,16.3,Diploma,21098,3.6,Hybrid,30,Yes
25750,Sales,Executive,14.6,PhD,89019,4.5,Hybrid,5,No
25751,Operations,Senior Manager,12.3,PhD,123555,3.7,Hybrid,17,No
25752,Sales,Manager,2.2,Master,31387,1.5,Hybrid,12,No
25753,Sales,Executive,15.5,Diploma,44743,3.5,Office,28,No
25754,Operations,Analyst,19.8,PhD,117266,4.0,Office,36,No
25755,IT,Manager,1.9,Bachelor,178233,3.0,Remote,12,No
25756,HR,Analyst,14.1,Diploma,39688,1.7,Office,14,Yes
25757,Finance,Intern,4.8,PhD,146955,4.8,Hybrid,35,No
25758,Finance,Executive,1.9,Master,81273,4.7,Remote,0,No
25759,Marketing,Analyst,17.0,Diploma,95992,4.8,Remote,14,No
25760,HR,Analyst,4.4,Diploma,163568,2.5,Remote,11,Yes
25761,Marketing,Senior Manager,4.7,Master,139408,1.7,Remote,23,No
25762,Marketing,Manager,17.5,Bachelor,120064,3.7,Hybrid,0,No
25763,HR,Manager,19.6,PhD,70967,1.8,Remote,11,No
25764,IT,Manager,14.3,Diploma,64561,2.5,Office,31,No
25765,HR,Analyst,9.1,PhD,124540,2.3,Office,12,No
25766,Finance,Manager,1.5,Diploma,36812,1.1,Remote,15,No
25767,HR,Executive,13.6,PhD,111502,4.0,Hybrid,15,Yes
25768,Sales,Executive,16.3,PhD,76040,1.8,Remote,8,No
25769,HR,Analyst,8.4,PhD,114992,2.8,Remote,34,No
25770,Sales,Analyst,1.6,Master,87324,1.2,Remote,34,No
25771,Sales,Manager,8.7,PhD,122666,2.6,Remote,2,No
25772,Operations,Executive,1.4,Diploma,153700,1.3,Hybrid,1,No
25773,Finance,Analyst,3.0,PhD,107038,3.3,Hybrid,11,No
25774,Sales,Analyst,4.6,Bachelor,25133,2.0,Hybrid,37,No
25775,Finance,Senior Manager,13.4,Master,62240,4.6,Hybrid,16,No
25776,IT,Analyst,9.2,Master,168734,2.1,Office,39,No
25777,Finance,Manager,14.7,Bachelor,84454,1.4,Remote,35,No
25778,IT,Analyst,16.3,Bachelor,144160,3.1,Remote,31,No
25779,IT,Manager,13.9,Diploma,124523,3.8,Office,15,No
25780,Sales,Executive,4.5,PhD,93794,3.7,Hybrid,29,No
25781,Finance,Executive,9.0,Diploma,107013,4.2,Hybrid,14,Yes
25782,Operations,Intern,16.9,Bachelor,44465,4.4,Hybrid,31,No
25783,Finance,Executive,0.9,Diploma,141430,1.5,Hybrid,17,No
25784,IT,Senior Manager,12.4,Bachelor,138164,4.1,Hybrid,25,No
25785,Operations,Intern,1.8,PhD,138160,3.8,Remote,27,Yes
25786,HR,Manager,16.0,Diploma,49020,1.0,Remote,25,No
25787,HR,Senior Manager,0.8,Master,124415,4.4,Hybrid,0,No
25788,Operations,Intern,14.0,PhD,108431,2.2,Hybrid,28,No
25789,Marketing,Analyst,3.7,Bachelor,25877,2.4,Hybrid,26,No
25790,Operations,Analyst,2.7,Master,146513,1.2,Hybrid,11,No
25791,Sales,Executive,12.1,Bachelor,120022,3.3,Office,28,No
25792,Finance,Intern,13.1,PhD,116815,2.9,Remote,27,Yes
25793,Operations,Intern,7.5,Master,119678,1.6,Remote,14,No
25794,IT,Manager,2.5,PhD,158873,1.4,Hybrid,11,No
25795,Finance,Senior Manager,7.0,PhD,91181,2.3,Hybrid,12,No
25796,IT,Senior Manager,11.1,Master,97266,4.5,Remote,9,No
25797,HR,Manager,5.2,Bachelor,81240,2.9,Hybrid,18,No
25798,Sales,Senior Manager,4.0,PhD,103031,3.6,Office,11,No
25799,Finance,Executive,7.7,PhD,57093,2.1,Remote,0,No
25800,Sales,Senior Manager,9.0,Master,96613,3.4,Office,31,No
25801,Operations,Analyst,18.0,Bachelor,49766,4.3,Hybrid,20,No
25802,Sales,Senior Manager,17.1,Master,170204,3.4,Remote,0,Yes
25803,IT,Senior Manager,2.4,Master,162357,2.9,Office,3,No
25804,Sales,Senior Manager,10.8,Diploma,126222,2.1,Office,12,No
25805,IT,Senior Manager,7.2,Diploma,28940,3.0,Hybrid,5,No
25806,IT,Executive,18.0,Bachelor,46259,2.3,Hybrid,15,No
25807,IT,Senior Manager,4.9,Diploma,113311,2.9,Office,39,No
25808,Operations,Intern,1.7,Bachelor,137360,1.6,Hybrid,21,Yes
25809,IT,Executive,6.6,Master,169588,4.1,Office,36,No
25810,Operations,Manager,16.9,PhD,91067,1.3,Remote,8,No
25811,Finance,Intern,3.0,Bachelor,135343,4.4,Remote,8,Yes
25812,Operations,Executive,0.8,PhD,85626,2.1,Office,13,No
25813,Finance,Intern,19.7,PhD,114631,3.3,Remote,3,No
25814,Marketing,Senior Manager,17.3,Master,164343,2.1,Office,24,No
25815,IT,Senior Manager,13.8,Diploma,97074,4.0,Hybrid,7,No
25816,HR,Intern,13.4,Bachelor,88350,1.9,Office,24,No
25817,Operations,Senior Manager,17.7,PhD,170247,4.0,Remote,9,No
25818,Sales,Senior Manager,19.2,Bachelor,70358,2.2,Remote,28,Yes
25819,HR,Executive,7.4,Diploma,53301,3.9,Office,2,No
25820,Marketing,Executive,11.3,Bachelor,162909,3.6,Office,15,No
25821,Marketing,Analyst,11.0,PhD,72522,4.3,Hybrid,20,No
25822,IT,Intern,11.4,Master,110860,2.2,Office,37,No
25823,Marketing,Intern,16.7,Master,42321,2.3,Remote,11,No
25824,Sales,Executive,14.8,Diploma,148994,4.9,Office,5,No
25825,Finance,Executive,5.4,Diploma,128384,3.1,Office,14,Yes
25826,Marketing,Intern,11.3,PhD,159788,1.9,Office,31,No
25827,IT,Analyst,0.8,Diploma,141072,3.8,Hybrid,11,No
25828,Sales,Senior Manager,4.7,PhD,131982,4.5,Hybrid,12,Yes
25829,HR,Analyst,18.4,Bachelor,89876,2.2,Hybrid,10,No
25830,Finance,Manager,6.7,Diploma,151200,3.8,Hybrid,33,No
25831,Marketing,Intern,11.3,Bachelor,79243,1.9,Remote,4,No
25832,Operations,Intern,10.4,Master,17175,4.3,Hybrid,20,No
25833,Marketing,Analyst,18.4,Bachelor,25736,3.0,Remote,22,No
25834,HR,Manager,19.8,PhD,52553,2.0,Office,10,No
25835,Marketing,Analyst,5.8,Master,99303,5.0,Hybrid,38,No
25836,IT,Senior Manager,2.1,Master,67790,2.7,Office,29,No
25837,HR,Executive,15.0,Bachelor,173379,5.0,Office,5,No
25838,Operations,Senior Manager,13.1,Diploma,135802,1.6,Hybrid,0,No
25839,Finance,Senior Manager,3.9,Diploma,36165,2.9,Office,19,No
25840,IT,Analyst,5.9,Bachelor,31455,1.8,Hybrid,15,No
25841,Finance,Analyst,18.6,PhD,50197,4.2,Office,34,No
25842,IT,Manager,16.8,Bachelor,116940,4.9,Remote,34,Yes
25843,Finance,Intern,1.6,Diploma,16499,2.6,Office,16,No
25844,HR,Analyst,17.9,Bachelor,23438,2.4,Office,7,No
25845,Marketing,Manager,17.7,Master,173960,4.8,Office,0,No
25846,Sales,Analyst,9.7,Diploma,122399,3.5,Hybrid,25,No
25847,IT,Analyst,3.3,Bachelor,47668,5.0,Hybrid,21,No
25848,Sales,Intern,2.6,Diploma,49080,3.8,Office,19,No
25849,IT,Analyst,1.6,Master,129248,3.1,Remote,5,No
25850,Finance,Senior Manager,10.7,Master,104887,1.8,Office,20,No
25851,HR,Manager,19.6,Master,136583,4.1,Hybrid,17,No
25852,Sales,Executive,5.2,Master,20500,1.0,Hybrid,7,No
25853,Operations,Intern,9.0,Diploma,81504,3.2,Hybrid,9,No
25854,HR,Senior Manager,2.9,Bachelor,128664,1.8,Remote,1,No
25855,Finance,Executive,8.2,PhD,150031,5.0,Office,28,No
25856,HR,Analyst,2.8,Master,179025,3.3,Hybrid,6,Yes
25857,IT,Manager,9.7,Bachelor,108789,3.6,Remote,2,No
25858,HR,Intern,7.5,Bachelor,106279,1.5,Hybrid,1,No
25859,Finance,Executive,19.0,Master,99409,1.7,Office,26,Yes
25860,Marketing,Senior Manager,6.9,PhD,126790,2.9,Remote,11,No
25861,HR,Intern,11.4,Master,45564,1.2,Office,18,No
25862,Marketing,Analyst,10.4,Diploma,39145,2.6,Office,39,No
25863,Marketing,Intern,1.0,Diploma,17951,2.1,Office,20,No
25864,Finance,Senior Manager,14.5,Master,168257,3.8,Remote,37,Yes
25865,Sales,Intern,15.7,Bachelor,122241,1.1,Remote,26,No
25866,Sales,Executive,6.4,PhD,147937,2.0,Office,23,Yes
25867,Operations,Intern,7.8,PhD,152535,4.8,Hybrid,11,No
25868,Marketing,Manager,18.9,Bachelor,18391,4.6,Office,34,No
25869,Marketing,Manager,8.4,Diploma,29916,4.2,Office,20,No
25870,Marketing,Intern,0.6,Bachelor,163920,1.2,Remote,23,No
25871,Marketing,Analyst,0.4,Bachelor,133045,4.6,Remote,25,No
25872,Marketing,Manager,12.5,PhD,27123,3.3,Remote,11,No
25873,IT,Manager,7.3,Bachelor,157519,1.4,Remote,37,No
25874,Operations,Manager,12.9,Diploma,85052,2.5,Remote,23,Yes
25875,IT,Manager,1.6,Master,52487,2.3,Office,38,No
25876,Finance,Analyst,18.5,PhD,60402,5.0,Office,31,No
25877,Sales,Manager,10.8,Bachelor,110068,1.2,Remote,32,No
25878,IT,Manager,10.5,Master,119544,2.1,Office,34,No
25879,Finance,Analyst,17.6,Diploma,38198,2.3,Remote,13,No
25880,Operations,Senior Manager,17.3,Bachelor,25212,2.6,Hybrid,18,No
25881,Finance,Analyst,14.9,Bachelor,97996,4.6,Office,26,No
25882,Marketing,Intern,8.2,Bachelor,108995,1.3,Hybrid,13,No
25883,Operations,Manager,7.4,PhD,59621,4.9,Remote,2,No
25884,Finance,Analyst,19.7,Diploma,72356,4.0,Hybrid,37,No
25885,Finance,Intern,15.9,Diploma,51995,3.5,Hybrid,22,No
25886,Operations,Intern,7.2,Master,18863,3.1,Office,16,Yes
25887,IT,Intern,17.6,Bachelor,155024,4.5,Hybrid,39,No
25888,Sales,Senior Manager,8.9,Bachelor,121647,1.2,Hybrid,28,No
25889,Sales,Intern,2.9,PhD,156202,1.7,Remote,32,No
25890,IT,Senior Manager,0.0,Diploma,110996,4.4,Office,16,No
25891,Marketing,Senior Manager,14.4,Bachelor,93446,1.9,Hybrid,12,No
25892,Marketing,Analyst,15.7,Master,51380,3.1,Office,4,No
25893,HR,Intern,12.2,PhD,92132,4.5,Office,24,No
25894,Sales,Executive,11.8,Master,138767,4.7,Remote,30,Yes
25895,Marketing,Intern,0.2,Diploma,154075,3.8,Office,9,No
25896,IT,Senior Manager,8.3,PhD,25940,1.8,Remote,36,No
25897,Marketing,Manager,0.6,Master,167798,4.8,Hybrid,2,Yes
25898,Marketing,Analyst,0.4,Bachelor,41863,3.1,Office,30,Yes
25899,Operations,Intern,15.2,PhD,132882,3.8,Hybrid,20,No
25900,IT,Manager,2.5,Master,124933,4.9,Hybrid,2,No
25901,Marketing,Intern,2.4,Bachelor,105208,3.8,Hybrid,3,No
25902,Sales,Senior Manager,13.5,Bachelor,113837,2.4,Hybrid,16,No
25903,Sales,Manager,3.5,Bachelor,19557,3.5,Hybrid,29,Yes
25904,HR,Manager,5.1,Master,82592,1.2,Office,15,No
25905,HR,Analyst,9.9,Master,36347,4.2,Remote,20,No
25906,Finance,Senior Manager,14.7,Diploma,26159,2.2,Office,30,No
25907,Marketing,Intern,11.1,PhD,131250,1.1,Remote,33,No
25908,HR,Intern,2.2,Bachelor,31723,3.4,Remote,21,No
25909,Marketing,Senior Manager,8.6,Master,18140,2.2,Hybrid,28,No
25910,IT,Executive,14.4,Diploma,100321,2.1,Remote,4,No
25911,IT,Manager,12.7,PhD,162863,3.7,Hybrid,14,No
25912,IT,Executive,0.6,Diploma,178493,2.9,Hybrid,38,No
25913,Finance,Executive,17.6,Master,128897,1.2,Hybrid,3,No
25914,Marketing,Senior Manager,12.7,Diploma,130525,3.9,Hybrid,25,No
25915,Finance,Executive,18.5,PhD,57125,2.4,Remote,16,No
25916,Marketing,Analyst,1.3,PhD,94153,1.0,Hybrid,7,No
25917,Finance,Manager,0.3,Master,33672,3.8,Hybrid,33,No
25918,Operations,Manager,5.2,Master,100561,2.2,Remote,3,No
25919,Marketing,Manager,2.4,PhD,64970,3.3,Hybrid,6,No
25920,Marketing,Executive,9.8,Diploma,98436,2.8,Office,34,No
25921,HR,Executive,18.3,PhD,63449,1.3,Hybrid,22,No
25922,Operations,Senior Manager,9.4,Master,170985,1.3,Hybrid,10,No
25923,Marketing,Executive,13.6,Bachelor,92136,3.9,Office,18,No
25924,Operations,Intern,11.5,Master,142519,1.9,Hybrid,6,No
25925,IT,Intern,6.5,Bachelor,16909,2.2,Hybrid,11,No
25926,HR,Senior Manager,15.4,Bachelor,143384,1.6,Remote,32,No
25927,IT,Manager,16.5,Master,90318,1.5,Office,33,No
25928,Sales,Intern,1.4,Master,142215,2.7,Hybrid,29,Yes
25929,HR,Senior Manager,19.8,Bachelor,130941,4.9,Office,28,No
25930,HR,Analyst,6.2,Bachelor,87403,2.3,Hybrid,15,No
25931,HR,Senior Manager,16.2,Bachelor,62904,2.3,Office,38,Yes
25932,HR,Senior Manager,11.8,Diploma,160633,2.0,Hybrid,5,No
25933,Finance,Analyst,12.5,Diploma,147719,1.6,Office,33,No
25934,Operations,Intern,18.1,PhD,23278,3.3,Remote,9,No
25935,HR,Manager,17.4,Diploma,56178,2.6,Hybrid,4,Yes
25936,Sales,Senior Manager,15.6,PhD,167571,4.6,Remote,27,Yes
25937,IT,Senior Manager,6.0,Diploma,152699,3.2,Hybrid,23,No
25938,IT,Manager,4.5,PhD,15764,2.7,Hybrid,10,No
25939,IT,Analyst,14.2,Master,64670,2.5,Office,14,No
25940,Sales,Executive,1.2,Master,134753,4.9,Hybrid,12,No
25941,IT,Executive,12.5,PhD,121290,2.8,Office,39,No
25942,IT,Intern,15.3,Bachelor,32872,2.6,Hybrid,15,No
25943,IT,Manager,8.6,PhD,106414,2.6,Hybrid,25,No
25944,IT,Manager,13.2,PhD,50593,2.5,Remote,8,No
25945,IT,Analyst,11.5,Diploma,167349,4.9,Hybrid,31,No
25946,HR,Manager,13.9,Master,80881,2.6,Hybrid,22,No
25947,IT,Senior Manager,17.0,Bachelor,170137,2.8,Hybrid,6,No
25948,Marketing,Executive,7.6,Diploma,34478,4.3,Hybrid,3,No
25949,HR,Intern,0.4,Bachelor,75956,1.6,Hybrid,25,No
25950,Finance,Senior Manager,8.6,Diploma,130896,1.7,Remote,19,No
25951,Finance,Senior Manager,2.8,Master,74350,4.1,Remote,25,No
25952,Finance,Analyst,12.2,Bachelor,133316,3.6,Remote,14,No
25953,Operations,Executive,7.5,Bachelor,117128,2.4,Remote,3,No
25954,Marketing,Intern,2.6,Master,169572,2.4,Office,4,No
25955,HR,Executive,14.8,PhD,159089,3.0,Remote,27,No
25956,Finance,Intern,17.2,Bachelor,151283,1.9,Office,7,No
25957,Sales,Executive,4.4,Master,144284,3.2,Office,24,No
25958,Sales,Analyst,16.0,Master,96466,4.1,Hybrid,0,Yes
25959,Finance,Executive,5.0,PhD,148699,1.8,Office,33,No
25960,Finance,Intern,2.1,Diploma,58201,4.1,Remote,15,No
25961,Marketing,Intern,5.5,Diploma,23800,1.4,Remote,18,No
25962,HR,Manager,4.1,PhD,45973,3.8,Office,5,Yes
25963,Marketing,Executive,15.1,Master,15308,1.4,Office,10,Yes
25964,HR,Analyst,14.2,Diploma,108632,4.0,Hybrid,36,No
25965,IT,Senior Manager,9.2,Diploma,107933,4.3,Remote,26,Yes
25966,HR,Senior Manager,5.3,PhD,164916,3.1,Office,20,No
25967,IT,Executive,3.2,Master,154920,3.4,Hybrid,35,No
25968,Finance,Analyst,7.8,PhD,122435,1.6,Remote,6,No
25969,Sales,Executive,3.9,Diploma,130025,1.8,Remote,34,No
25970,Operations,Senior Manager,6.1,Bachelor,93466,2.8,Remote,28,No
25971,Finance,Executive,5.6,Master,172084,3.9,Remote,6,Yes
25972,Operations,Analyst,11.5,Diploma,75102,3.7,Remote,1,No
25973,IT,Analyst,10.2,PhD,149622,3.8,Remote,2,No
25974,IT,Executive,12.0,Master,82410,4.9,Hybrid,16,No
25975,Operations,Senior Manager,7.7,PhD,32261,1.2,Office,15,No
25976,Operations,Analyst,7.3,Bachelor,60622,1.2,Hybrid,35,No
25977,HR,Executive,1.2,PhD,19567,1.0,Office,19,No
25978,Operations,Executive,9.3,Master,156299,2.3,Hybrid,7,No
25979,HR,Intern,18.3,PhD,129714,2.8,Office,5,No
25980,Marketing,Manager,10.1,PhD,123313,4.9,Remote,1,Yes
25981,Finance,Senior Manager,6.8,Bachelor,60932,4.7,Remote,16,No
25982,Sales,Intern,12.3,Master,73953,3.4,Remote,11,Yes
25983,HR,Senior Manager,12.6,Bachelor,102163,4.5,Remote,24,No
25984,HR,Intern,1.4,Diploma,140502,4.9,Hybrid,9,No
25985,Operations,Analyst,13.0,Master,131847,5.0,Hybrid,16,Yes
25986,Marketing,Intern,4.2,Master,143156,4.0,Remote,30,Yes
25987,Operations,Analyst,4.2,PhD,41730,1.3,Remote,38,No
25988,IT,Senior Manager,18.2,Diploma,41334,4.4,Hybrid,23,No
25989,Finance,Intern,13.8,Master,171216,2.7,Hybrid,29,No
25990,Marketing,Senior Manager,11.9,Master,109144,4.0,Hybrid,0,No
25991,Marketing,Analyst,15.1,PhD,31358,3.4,Office,34,No
25992,Finance,Intern,10.9,Diploma,20348,4.6,Office,5,No
25993,Marketing,Intern,13.2,Master,51352,3.6,Remote,8,No
25994,Marketing,Manager,3.9,PhD,53340,1.5,Hybrid,1,No
25995,Operations,Analyst,14.7,Diploma,144379,4.5,Office,3,No
25996,Marketing,Manager,14.3,PhD,115915,2.1,Hybrid,38,No
25997,HR,Analyst,10.1,Diploma,69134,1.4,Remote,10,No
25998,HR,Manager,14.4,Bachelor,102229,1.5,Hybrid,12,Yes
25999,IT,Manager,7.6,Master,147380,1.5,Hybrid,17,No
26000,Marketing,Manager,1.8,Master,119200,2.1,Hybrid,23,No
