"Date","Company","Open","High","Low","Close","Volume","Market_Sentiment","News_Impact"
"2015-01-01","Apple",119.48,122.77,118.59,120.21,4405490,"Negative","Low"
"2015-01-02","Tesla",116.84,120.4,114.7,118.6,2750012,"Positive","Medium"
"2015-01-03","Apple",119.42,121.96,117.48,121.11,1849900,"Neutral","High"
"2015-01-04","Amazon",123.88,125.75,121.84,122.52,2363126,"Positive","Medium"
"2015-01-05","Amazon",125.94,128.3,121.82,123.91,722779,"Neutral","Medium"
"2015-01-06","Tesla",121.9,124.32,118.74,120.08,4732024,"Neutral","Medium"
"2015-01-07","Amazon",122.75,123.47,118.55,120.2,1278751,"Neutral","High"
"2015-01-08","Tesla",117.94,120.12,116.65,117.62,1165381,"Negative","Medium"
"2015-01-09","Apple",119.28,124.55,116.83,121.79,4253643,"Neutral","Low"
"2015-01-10","Google",124.77,127.22,123.33,124.8,976874,"Neutral","High"
"2015-01-11","Google",121.33,123.19,120.24,121.19,4827987,"Neutral","High"
"2015-01-12","Amazon",121.13,123.54,120.6,121.91,1870974,"Neutral","Medium"
"2015-01-13","Tesla",122.63,125.11,118.12,119.31,3193639,"Neutral","Medium"
"2015-01-14","Tesla",125.42,125.87,123.54,124.95,4528529,"Positive","Low"
"2015-01-15","Google",124.86,126.65,121.57,124.44,1060208,"Negative","Low"
"2015-01-16","Apple",126.27,127.04,123.78,125.25,4802583,"Positive","Medium"
"2015-01-17","Amazon",129.76,131.53,127.7,129.29,3143176,"Positive","High"
"2015-01-18","Microsoft",131.36,135.23,129.56,132.44,2207274,"Positive","Low"
"2015-01-19","Tesla",131.94,132.57,129.07,131.47,2704736,"Neutral","Medium"
"2015-01-20","Apple",129.23,132.15,126.1,128.83,3390267,"Positive","Low"
"2015-01-21","Tesla",127.46,131.11,125.57,130.83,2891404,"Neutral","Medium"
"2015-01-22","Tesla",127.36,131.39,126.24,128.61,4955903,"Neutral","Low"
"2015-01-23","Apple",129.6,132.41,128.23,130.5,4744143,"Neutral","Low"
"2015-01-24","Apple",128.41,131.07,127.05,129.64,661384,"Positive","Low"
"2015-01-25","Tesla",126.79,129.76,123.76,126.51,1938380,"Negative","High"
"2015-01-26","Microsoft",125.72,128.7,121,122.35,1283753,"Neutral","Medium"
"2015-01-27","Amazon",121.67,124.17,119.17,123.49,1522931,"Positive","High"
"2015-01-28","Google",127.2,129.24,124.09,127.02,4242435,"Positive","High"
"2015-01-29","Tesla",129.01,130.86,127.88,129.02,530313,"Positive","Medium"
"2015-01-30","Tesla",130.56,133.26,127.86,127.93,821057,"Positive","Low"
"2015-01-31","Microsoft",132.68,134.88,126.58,129.03,1164805,"Neutral","Low"
"2015-02-01","Microsoft",129.29,131.02,126.66,129.77,4951144,"Positive","Medium"
"2015-02-02","Amazon",130.13,132.98,129.46,130.33,1288279,"Neutral","Medium"
"2015-02-03","Amazon",133.61,136.41,131.68,133.63,816917,"Negative","Medium"
"2015-02-04","Apple",136.39,138.28,132.52,134.11,1468340,"Neutral","Low"
"2015-02-05","Apple",137.25,138.59,134.54,134.54,4693493,"Positive","Medium"
"2015-02-06","Tesla",136.26,136.62,133.35,135.19,1401988,"Neutral","Medium"
"2015-02-07","Tesla",137.87,140.42,135.43,137.04,4154136,"Neutral","Medium"
"2015-02-08","Apple",143.65,145.52,142.37,144.36,521208,"Positive","Medium"
"2015-02-09","Microsoft",145.88,147.32,144.69,147.28,1277492,"Positive","High"
"2015-02-10","Microsoft",141.69,144.11,140.04,143.98,1916944,"Neutral","Medium"
"2015-02-11","Microsoft",139.51,142.87,136.62,141.86,4206488,"Positive","High"
"2015-02-12","Microsoft",144.67,146.24,142.35,143.43,2041758,"Positive","Medium"
"2015-02-13","Amazon",141.2,144.27,138.45,143.21,651856,"Neutral","High"
"2015-02-14","Tesla",145.42,146.43,143.07,145.61,2784271,"Neutral","Medium"
"2015-02-15","Google",151.2,151.44,149.7,149.73,4381166,"Negative","Medium"
"2015-02-16","Google",149.87,152.07,147.91,151.08,1142400,"Negative","Low"
"2015-02-17","Apple",151.1,153.86,147.23,148.83,4021753,"Positive","Medium"
"2015-02-18","Google",154.8,157.38,153.19,153.83,658605,"Negative","Medium"
"2015-02-19","Tesla",151.21,153.57,150.7,151.53,4336864,"Neutral","Medium"
"2015-02-20","Google",147.82,150.91,145.13,148.01,2126261,"Neutral","Low"
"2015-02-21","Amazon",147.79,149.03,144.11,145.84,3371427,"Neutral","Low"
"2015-02-22","Apple",146.66,149.34,144.68,148.59,623878,"Positive","Low"
"2015-02-23","Tesla",152.63,153.16,150.66,151.92,1892070,"Positive","Low"
"2015-02-24","Amazon",148.95,150.3,144.68,147.49,2877340,"Positive","Low"
"2015-02-25","Amazon",145.12,147.76,143.97,146.03,2983270,"Neutral","Medium"
"2015-02-26","Apple",148.12,150.41,145.89,146.46,3999093,"Positive","Low"
"2015-02-27","Tesla",150,155.88,149.72,153.79,551269,"Negative","Low"
"2015-02-28","Amazon",148.26,149.05,145.83,148.04,4891137,"Positive","Medium"
"2015-03-01","Apple",151.23,153.28,149.59,150.37,2478581,"Neutral","Low"
"2015-03-02","Tesla",148.75,152.42,147.36,149.71,3633084,"Positive","Low"
"2015-03-03","Apple",151.23,151.29,148.21,148.9,1352305,"Positive","Low"
"2015-03-04","Tesla",149.21,151.61,145.92,147.56,4993954,"Neutral","High"
"2015-03-05","Amazon",148.29,152.79,146.7,150.27,2511183,"Neutral","Low"
"2015-03-06","Tesla",144.28,148.88,143.1,147.5,2060016,"Positive","Medium"
"2015-03-07","Amazon",143.17,143.97,141.29,143.84,3559742,"Negative","High"
"2015-03-08","Tesla",142.27,143.73,141.67,142.05,1406809,"Neutral","Low"
"2015-03-09","Google",143.1,143.45,141.74,143.32,831362,"Positive","Low"
"2015-03-10","Amazon",144.68,146.19,144.35,144.5,3242533,"Neutral","Low"
"2015-03-11","Google",144.37,149.14,142.01,147.9,3185334,"Positive","Medium"
"2015-03-12","Apple",146.72,149.48,144.13,146.26,3546932,"Positive","Medium"
"2015-03-13","Microsoft",145.6,146.63,143.8,144.83,1149454,"Neutral","Medium"
"2015-03-14","Google",143.61,146.67,142.16,144.1,2098196,"Positive","Low"
"2015-03-15","Microsoft",144.3,144.57,140.72,142.68,2984730,"Positive","Medium"
"2015-03-16","Microsoft",144.96,147.26,142.11,146.15,1254970,"Positive","Medium"
"2015-03-17","Apple",145.5,148.27,142.7,147.92,768313,"Positive","High"
"2015-03-18","Google",146.52,148.08,144.69,146.33,2333300,"Neutral","Medium"
"2015-03-19","Apple",145.7,148.57,144.86,147.39,3064840,"Positive","Medium"
"2015-03-20","Apple",149.19,154.04,147.6,151.24,4496634,"Neutral","Medium"
"2015-03-21","Microsoft",149.1,153.11,146.25,151.87,3899277,"Neutral","Medium"
"2015-03-22","Apple",147.57,148.97,143.24,146.23,3327231,"Positive","Low"
"2015-03-23","Amazon",148.72,150.02,143.77,145.15,4058001,"Neutral","Low"
"2015-03-24","Google",145.31,146.72,144.25,144.35,3320233,"Negative","Low"
"2015-03-25","Tesla",144.84,144.91,143.99,144.09,1977361,"Positive","High"
"2015-03-26","Apple",147.19,147.73,144.2,147.24,4872872,"Positive","Low"
"2015-03-27","Amazon",151.95,152.73,147.95,149.22,3396939,"Positive","Medium"
"2015-03-28","Apple",149.85,150.6,147.99,149.51,3593782,"Neutral","High"
"2015-03-29","Microsoft",151.88,154.35,150.72,152.11,2109182,"Neutral","Low"
"2015-03-30","Microsoft",152.46,154.64,151.33,151.43,3408941,"Negative","Low"
"2015-03-31","Microsoft",147.49,149.02,146.56,146.59,1996557,"Negative","Medium"
"2015-04-01","Tesla",145.55,148.87,144.8,146.58,1663188,"Positive","High"
"2015-04-02","Apple",147,147.41,142.5,143.13,4353203,"Positive","Medium"
"2015-04-03","Apple",144.25,145.71,142.45,143.59,1865352,"Positive","Medium"
"2015-04-04","Apple",141.9,144.64,141.1,142.5,1609060,"Positive","High"
"2015-04-05","Tesla",142.91,144.41,139.93,142.94,3884127,"Neutral","Low"
"2015-04-06","Google",141.22,145.65,140.34,143.41,4082271,"Positive","Low"
"2015-04-07","Microsoft",144.06,146.58,143.02,144.94,4922912,"Negative","Low"
"2015-04-08","Google",146.96,148.78,144.81,146.61,3707860,"Positive","High"
"2015-04-09","Amazon",146.62,147.78,140.91,143.41,1810542,"Neutral","Low"
"2015-04-10","Microsoft",146.16,146.4,144.17,145.81,2054208,"Negative","Medium"
"2015-04-11","Microsoft",146.01,147.11,145.24,145.89,1880305,"Positive","Medium"
"2015-04-12","Amazon",143.48,144.78,141.08,143.43,4870583,"Positive","Low"
"2015-04-13","Tesla",140.4,140.91,136.96,138.87,2477596,"Neutral","Low"
"2015-04-14","Tesla",141.26,143.26,137.33,138.75,3123528,"Positive","Low"
"2015-04-15","Microsoft",138.11,139.4,137.84,138.95,1429150,"Neutral","High"
"2015-04-16","Microsoft",140.93,142.97,139.67,141.64,1445347,"Neutral","High"
"2015-04-17","Google",144.6,146.79,141.11,143.31,3485107,"Positive","High"
"2015-04-18","Apple",149.69,151.6,144.1,146.62,3741959,"Positive","Medium"
"2015-04-19","Microsoft",146.18,148.92,145.02,146.43,3841607,"Negative","Low"
"2015-04-20","Amazon",147.28,149.99,144.49,149.54,2004782,"Positive","Low"
"2015-04-21","Google",153.37,156.17,149.86,150.66,4352460,"Neutral","Low"
"2015-04-22","Apple",152.02,157.11,149.85,155.56,886889,"Negative","Low"
"2015-04-23","Tesla",154.96,156.84,151.12,153.89,4661469,"Positive","Medium"
"2015-04-24","Google",150.56,153.82,148.65,152.03,3346474,"Positive","Medium"
"2015-04-25","Tesla",152.43,156.75,149.92,153.83,3089533,"Positive","Low"
"2015-04-26","Google",154.51,156.24,148.98,151.94,912714,"Positive","Low"
"2015-04-27","Amazon",153.33,157.15,152.83,155.04,2261491,"Neutral","Low"
"2015-04-28","Amazon",153.89,156.18,151.63,152.66,590979,"Positive","Medium"
"2015-04-29","Google",155.63,157.4,154.07,155.25,2259954,"Positive","Medium"
"2015-04-30","Tesla",153.7,158.9,152.25,156.55,3402457,"Neutral","Medium"
"2015-05-01","Google",157.58,159.73,157.31,157.37,3239884,"Negative","Low"
"2015-05-02","Microsoft",156.43,159.05,156.02,157.56,4432170,"Negative","Low"
"2015-05-03","Tesla",160.91,161.78,160.09,161.15,1287312,"Neutral","Medium"
"2015-05-04","Microsoft",159.14,161.03,158.01,160.55,1775624,"Positive","Medium"
"2015-05-05","Tesla",163.34,163.37,161.86,163.04,3547906,"Positive","Low"
"2015-05-06","Apple",158.75,161.91,158.42,160.23,4898141,"Positive","Medium"
"2015-05-07","Microsoft",160.51,163.4,159.23,159.58,2172037,"Negative","Medium"
"2015-05-08","Tesla",162.34,163.65,159.41,159.94,3788658,"Positive","Medium"
"2015-05-09","Microsoft",158.13,163.53,155.9,160.54,2433343,"Neutral","Medium"
"2015-05-10","Microsoft",158.32,159.65,155.85,159.28,4890418,"Positive","High"
"2015-05-11","Apple",161.08,164.05,158.19,163.92,3374704,"Positive","Medium"
"2015-05-12","Tesla",159.34,162.41,159.09,161.67,4259853,"Positive","Low"
"2015-05-13","Google",159.15,160.1,155.92,158.45,3118583,"Positive","Low"
"2015-05-14","Tesla",155.18,157.43,151.5,154.35,771733,"Positive","Medium"
"2015-05-15","Google",153.77,156.4,151.97,153.56,4343372,"Positive","Low"
"2015-05-16","Tesla",152.85,152.98,149.11,150.2,3542133,"Neutral","Low"
"2015-05-17","Microsoft",152.83,153.8,150.05,152.98,3298302,"Positive","Medium"
"2015-05-18","Amazon",152.78,155.56,150.56,152.42,4461194,"Positive","Low"
"2015-05-19","Amazon",151.63,154.73,150.18,151.75,3549437,"Positive","Medium"
"2015-05-20","Microsoft",153.07,155.39,149.44,150.14,1464107,"Neutral","Low"
"2015-05-21","Microsoft",151.92,152.13,148.63,150.39,3711489,"Neutral","Low"
"2015-05-22","Amazon",152.22,156.53,149.53,154.18,2688472,"Positive","Low"
"2015-05-23","Amazon",154.53,155.24,152.05,152.98,784276,"Positive","High"
"2015-05-24","Google",152.1,154.67,151.74,151.9,1125062,"Positive","Low"
"2015-05-25","Tesla",150.91,153.89,148.72,151.04,647305,"Positive","Low"
"2015-05-26","Google",147.33,149.59,143.62,145.79,1387670,"Negative","Medium"
"2015-05-27","Amazon",147.56,148.07,146.31,147.41,3049533,"Negative","Low"
"2015-05-28","Microsoft",147.56,148.61,146.7,148.24,3979500,"Negative","Medium"
"2015-05-29","Google",147.31,150.45,144.4,149.03,3104531,"Negative","Low"
"2015-05-30","Microsoft",149.84,150.72,148.87,149.29,4311333,"Positive","High"
"2015-05-31","Amazon",152.01,154.63,150.83,151.59,4922829,"Positive","Medium"
"2015-06-01","Google",153.61,154.12,151.21,152.85,2319914,"Neutral","Low"
"2015-06-02","Microsoft",152.67,152.96,150.43,151.99,3202173,"Negative","High"
"2015-06-03","Amazon",154.31,157.02,148.72,151.12,2820634,"Negative","Medium"
"2015-06-04","Microsoft",156.06,158.58,153.04,155.72,4875038,"Negative","Low"
"2015-06-05","Apple",159.71,161.82,157.36,161.52,2428830,"Neutral","Medium"
"2015-06-06","Apple",156.95,159.81,154.53,157.31,3773268,"Positive","Low"
"2015-06-07","Tesla",155.97,156.76,151.66,154.35,847923,"Negative","Medium"
"2015-06-08","Microsoft",152.9,154.15,151.08,152.21,3444022,"Negative","Medium"
"2015-06-09","Apple",155.16,157.42,152.81,155.15,2738010,"Positive","Low"
"2015-06-10","Amazon",152.25,154.64,149.54,153.28,2793240,"Negative","High"
"2015-06-11","Apple",154.12,157.37,152.87,154.51,3677192,"Neutral","High"
"2015-06-12","Microsoft",152.47,155.95,152.19,154.06,1426392,"Positive","Low"
"2015-06-13","Google",155.97,160.97,155.49,158.17,1328026,"Positive","Medium"
"2015-06-14","Tesla",160.17,161.59,155.79,158.26,4753713,"Neutral","Medium"
"2015-06-15","Microsoft",161.11,162.08,158.36,158.72,3654046,"Neutral","Low"
"2015-06-16","Amazon",161.38,164.49,160.33,162.6,3743623,"Positive","Low"
"2015-06-17","Microsoft",166.75,168.02,165.09,165.72,3488987,"Positive","Low"
"2015-06-18","Amazon",169.14,169.29,165.75,167.85,4741115,"Neutral","High"
"2015-06-19","Tesla",170.08,170.58,166.44,168.47,1274128,"Positive","Low"
"2015-06-20","Amazon",173.28,174.99,171,173.64,4516867,"Positive","Low"
"2015-06-21","Tesla",173.4,174.94,169.8,170.56,4530808,"Neutral","Low"
"2015-06-22","Tesla",177.84,178.05,173.97,176.27,3032771,"Positive","Medium"
"2015-06-23","Apple",175.73,177.63,172.39,173.82,3654127,"Positive","High"
"2015-06-24","Amazon",176.79,180.52,174.47,177.99,2574862,"Positive","High"
"2015-06-25","Google",176.32,178.59,175.92,176.5,1939349,"Neutral","Medium"
"2015-06-26","Tesla",172.69,173.75,172.44,173.1,1638478,"Neutral","Low"
"2015-06-27","Amazon",178.57,179.25,176.39,177.72,2051525,"Negative","Medium"
"2015-06-28","Tesla",176.77,178.41,173.38,174.25,3221905,"Neutral","High"
"2015-06-29","Amazon",174.64,175.13,173.85,173.94,1291714,"Positive","Low"
"2015-06-30","Apple",171.68,172.75,170.3,170.35,2510473,"Neutral","Low"
"2015-07-01","Apple",172.39,174.93,170.94,171.66,3801078,"Negative","High"
"2015-07-02","Amazon",170.03,173.35,169.66,172.1,4533443,"Neutral","Medium"
"2015-07-03","Google",169.15,172.18,167.69,169.3,3973960,"Negative","Low"
"2015-07-04","Tesla",170.88,172.66,169.32,172.32,3618205,"Positive","Medium"
"2015-07-05","Amazon",170.27,172.75,169.29,171.15,3957092,"Positive","Medium"
"2015-07-06","Amazon",175.44,178.51,173.85,176.84,2704256,"Positive","Low"
"2015-07-07","Amazon",175.73,177.82,171.53,173.74,1466239,"Positive","Medium"
"2015-07-08","Amazon",171.39,175.19,169.48,172.24,4744008,"Neutral","Medium"
"2015-07-09","Apple",175.89,176.88,172.59,173.94,1468160,"Neutral","Low"
"2015-07-10","Microsoft",175.55,181.91,174.97,178.97,1598428,"Positive","Low"
"2015-07-11","Google",178.29,183.55,177.12,181.05,1939757,"Positive","Low"
"2015-07-12","Apple",179.44,181.16,177.98,179.8,3117925,"Positive","Medium"
"2015-07-13","Amazon",183.59,185.83,182.65,182.71,1436817,"Neutral","Medium"
"2015-07-14","Apple",182.17,183.23,179.38,181.11,3293375,"Neutral","High"
"2015-07-15","Amazon",180.78,184.42,178.6,181.96,3966835,"Positive","Medium"
"2015-07-16","Google",180.43,185.01,179.27,182.07,1785007,"Negative","Medium"
"2015-07-17","Google",177,182.64,175.72,180.81,2034259,"Neutral","Medium"
"2015-07-18","Apple",175.1,177.48,172.11,174.39,3330583,"Positive","Low"
"2015-07-19","Google",173.94,174.83,173.22,173.69,1336457,"Positive","High"
"2015-07-20","Tesla",175.17,176.75,173.34,175.14,3346902,"Positive","Low"
"2015-07-21","Amazon",173.37,174.2,168.23,170.29,872318,"Negative","Low"
"2015-07-22","Microsoft",173.32,177.31,172.32,175.39,2708197,"Negative","Medium"
"2015-07-23","Google",178.25,179.73,176.55,177.87,3909490,"Positive","Medium"
"2015-07-24","Amazon",179.55,179.97,176.85,178.96,2495386,"Negative","Low"
"2015-07-25","Microsoft",178.07,180.21,177.55,177.79,1429543,"Negative","Medium"
"2015-07-26","Microsoft",179.99,180.17,177.08,178.17,1229761,"Neutral","Low"
"2015-07-27","Tesla",179.85,182,176.34,178.02,2495196,"Neutral","Medium"
"2015-07-28","Amazon",179.24,181.01,177.82,180.24,2053788,"Positive","Low"
"2015-07-29","Google",180.2,181.81,178.36,180.71,1849339,"Positive","Medium"
"2015-07-30","Google",180.28,183.91,178.82,182.15,4717955,"Positive","Low"
"2015-07-31","Amazon",183.6,186.81,180.63,184.43,1824348,"Neutral","Low"
"2015-08-01","Amazon",184.3,185.3,180.49,183.01,4464634,"Positive","Low"
"2015-08-02","Microsoft",186.92,187.08,185.17,186.11,3550242,"Neutral","High"
"2015-08-03","Amazon",189.35,192.01,188.24,189.08,3773365,"Neutral","High"
"2015-08-04","Amazon",185.92,189.64,185.4,187.24,1821348,"Negative","Medium"
"2015-08-05","Google",184.35,184.62,181.69,183.75,3534783,"Neutral","Low"
"2015-08-06","Tesla",189.19,190.17,186.89,189.63,3017162,"Positive","Low"
"2015-08-07","Google",189.76,191.5,184.69,187.48,816907,"Positive","Medium"
"2015-08-08","Amazon",187.95,190.36,186.55,187.28,4061685,"Positive","Low"
"2015-08-09","Tesla",187.79,187.81,183.54,186.05,3806082,"Positive","Medium"
"2015-08-10","Tesla",188.37,188.95,187.48,188.39,910297,"Negative","High"
"2015-08-11","Microsoft",189.08,194.58,186.17,191.64,2105625,"Neutral","Low"
"2015-08-12","Google",188.79,189.13,186.68,187.75,2214157,"Negative","Low"
"2015-08-13","Google",184.81,188.53,183.76,185.72,2766485,"Neutral","Medium"
"2015-08-14","Apple",189.67,192.11,185.81,188.77,4253933,"Positive","Low"
"2015-08-15","Tesla",189.91,194.24,189.31,191.73,3541442,"Positive","Medium"
"2015-08-16","Tesla",185.08,188.82,183.29,187.32,3029396,"Positive","Low"
"2015-08-17","Microsoft",187.46,192.78,185.19,190.58,4193492,"Negative","Low"
"2015-08-18","Apple",185.25,188.1,182.86,187.88,2381549,"Positive","Low"
"2015-08-19","Amazon",184.72,187.53,183.15,184.01,697707,"Positive","High"
"2015-08-20","Apple",187.52,188.34,183.96,185.88,1312255,"Positive","Medium"
"2015-08-21","Tesla",185.23,186.68,183.53,184.02,1904651,"Negative","Low"
"2015-08-22","Microsoft",187.25,189.64,184.51,187.8,1355749,"Negative","Low"
"2015-08-23","Apple",184.37,186.88,181.44,184.77,1875149,"Positive","Medium"
"2015-08-24","Amazon",183.53,184.52,183.38,183.86,2989830,"Positive","Medium"
"2015-08-25","Apple",181.71,183.9,178.93,182.76,4530404,"Neutral","Medium"
"2015-08-26","Microsoft",178.36,180.18,175.72,178.86,795407,"Neutral","Medium"
"2015-08-27","Tesla",176.05,177.79,174.37,176.43,2537209,"Positive","Low"
"2015-08-28","Amazon",177.85,177.9,175.72,176.68,3205856,"Positive","High"
"2015-08-29","Google",181,181.62,177.06,177.84,1895981,"Positive","Medium"
"2015-08-30","Apple",183.4,184.01,179.33,181.88,4627398,"Neutral","Low"
"2015-08-31","Tesla",183.87,186.84,180.4,182.62,2859901,"Neutral","Medium"
"2015-09-01","Amazon",182.35,183.69,178.93,181.38,3172812,"Negative","Low"
"2015-09-02","Microsoft",181.51,182.27,180.37,181.39,532792,"Positive","Low"
"2015-09-03","Tesla",182.66,185.58,180.11,184.58,4151603,"Negative","Medium"
"2015-09-04","Google",184.93,187.75,180.03,181.79,4155825,"Negative","Medium"
"2015-09-05","Apple",186.67,188.79,184.8,187.59,3842806,"Neutral","High"
"2015-09-06","Apple",188.61,191.44,187.18,187.48,3396718,"Positive","Medium"
"2015-09-07","Amazon",185.47,188.31,183.1,185.24,1641470,"Positive","Medium"
"2015-09-08","Tesla",182.74,185.08,180.49,182.35,1957376,"Neutral","High"
"2015-09-09","Apple",186.4,188.79,186.1,186.41,3448511,"Positive","Low"
"2015-09-10","Amazon",187.35,189.77,185.72,187.25,4395794,"Neutral","Low"
"2015-09-11","Apple",189.33,193.06,186.56,190.43,1472561,"Positive","Low"
"2015-09-12","Amazon",190.61,190.88,186.84,189.25,1419928,"Negative","Low"
"2015-09-13","Microsoft",191.16,192.33,187.04,189.92,2067906,"Positive","Medium"
"2015-09-14","Microsoft",195.32,195.74,192.77,193.91,1542190,"Positive","Low"
"2015-09-15","Google",193.12,194.8,191.69,193.05,3284450,"Positive","Low"
"2015-09-16","Amazon",190.77,192.12,188.38,190.27,4359122,"Negative","Medium"
"2015-09-17","Tesla",191.15,195.49,188.5,192.63,4441905,"Positive","Medium"
"2015-09-18","Google",190.68,193.65,189.45,191.99,3463450,"Positive","Medium"
"2015-09-19","Microsoft",193.29,194.09,190.5,192.26,4184232,"Neutral","Medium"
"2015-09-20","Google",196.97,198.93,195.28,196.26,1422329,"Positive","High"
"2015-09-21","Google",193,196.76,191.38,193.99,2953656,"Negative","Medium"
"2015-09-22","Apple",196.98,199.78,195.07,198.64,4237620,"Neutral","Medium"
"2015-09-23","Apple",194.3,195.87,191.65,195.09,2831118,"Positive","Low"
"2015-09-24","Tesla",197.9,199.16,197.74,198.3,4263839,"Positive","High"
"2015-09-25","Tesla",194.26,196.07,192.68,195.55,1015947,"Neutral","Low"
"2015-09-26","Amazon",190.61,192.83,187.78,190.63,2868437,"Positive","Medium"
"2015-09-27","Tesla",195.84,200.39,195.08,197.42,4081736,"Positive","High"
"2015-09-28","Tesla",194.36,194.44,192.45,193.25,4049261,"Neutral","Medium"
"2015-09-29","Google",190.38,191.61,188.87,189.44,2877303,"Positive","Low"
"2015-09-30","Microsoft",194,194.06,191.93,193.41,4911161,"Neutral","High"
"2015-10-01","Google",192.09,193.74,189.18,192.04,4499677,"Positive","Low"
"2015-10-02","Microsoft",188.34,190.93,185.74,189.21,2887498,"Negative","Low"
"2015-10-03","Apple",185.99,186.89,184.57,185.51,2385981,"Positive","Medium"
"2015-10-04","Apple",189.94,191.22,187.5,190.22,4632751,"Neutral","Medium"
"2015-10-05","Tesla",194.73,196.74,193.18,193.51,3999325,"Negative","Low"
"2015-10-06","Google",195.47,196.82,194.08,194.61,1612869,"Positive","Low"
"2015-10-07","Google",192.8,194.85,188.8,191.27,3827926,"Neutral","Medium"
"2015-10-08","Google",188.1,193.33,185.73,191.97,2251183,"Positive","Low"
"2015-10-09","Microsoft",191.9,194.82,189.17,191.09,3609589,"Positive","High"
"2015-10-10","Tesla",191.16,194.8,190.34,194.29,1149855,"Positive","Medium"
"2015-10-11","Google",191.97,192.71,188.89,191.04,3854794,"Neutral","Medium"
"2015-10-12","Amazon",189.82,191.64,186.93,188.22,3716810,"Neutral","Medium"
"2015-10-13","Microsoft",192.14,193.56,188.52,190.67,4465370,"Positive","Medium"
"2015-10-14","Apple",192,196.22,190.64,195.8,2161430,"Negative","Low"
"2015-10-15","Amazon",193.35,196.07,191.32,192.23,3217338,"Neutral","High"
"2015-10-16","Microsoft",191.77,194.2,188.26,190.96,4655982,"Positive","Medium"
"2015-10-17","Google",193.93,196.77,193.21,193.49,4656056,"Negative","Low"
"2015-10-18","Google",190.22,191.33,186.94,188.16,4371671,"Positive","Medium"
"2015-10-19","Microsoft",192.66,193.93,187.66,190.5,3367928,"Neutral","Medium"
"2015-10-20","Tesla",192.54,195.35,192.22,193.21,4686772,"Negative","High"
"2015-10-21","Tesla",189.9,190.1,189.84,190.02,3514322,"Positive","Medium"
"2015-10-22","Tesla",188,191.38,185.75,188.69,2399846,"Negative","Medium"
"2015-10-23","Amazon",188.86,191.86,187.76,191.3,2800133,"Positive","Low"
"2015-10-24","Apple",193.69,195.05,191.62,193.4,3888304,"Positive","High"
"2015-10-25","Amazon",191.05,194.55,190.56,192.84,3241702,"Positive","Low"
"2015-10-26","Google",193.31,194.82,193.16,193.76,2469315,"Positive","High"
"2015-10-27","Apple",190.93,192.93,187.69,189.67,2515808,"Positive","Low"
"2015-10-28","Google",187.68,189.6,186.59,187.64,3387381,"Neutral","Low"
"2015-10-29","Google",186.92,188.32,184.07,186.46,1293307,"Neutral","Medium"
"2015-10-30","Tesla",186.69,187.66,184.45,185.74,683630,"Positive","Low"
"2015-10-31","Google",184.84,186.56,178.57,181.01,2217415,"Positive","Low"
"2015-11-01","Microsoft",184.93,187.69,184.88,187.54,4030769,"Negative","Medium"
"2015-11-02","Amazon",183.36,187.57,183.34,185.94,2312671,"Neutral","Medium"
"2015-11-03","Microsoft",185.89,187.47,182.69,184.85,3693121,"Positive","High"
"2015-11-04","Amazon",182.76,184.27,181.74,183.05,4031684,"Neutral","Low"
"2015-11-05","Amazon",179.96,181.29,178.57,180.26,1812443,"Positive","Low"
"2015-11-06","Google",177.15,180.35,177.12,180.01,945073,"Positive","Low"
"2015-11-07","Microsoft",176.51,180.81,174.75,178.96,4992495,"Neutral","Medium"
"2015-11-08","Amazon",180.65,181.59,180.46,180.71,2532177,"Positive","Low"
"2015-11-09","Microsoft",182.96,184.53,180.51,180.86,1247782,"Positive","Medium"
"2015-11-10","Apple",182.87,188.73,180.6,185.8,4359034,"Neutral","High"
"2015-11-11","Google",188.88,190.38,183.13,186.07,4604667,"Positive","Low"
"2015-11-12","Microsoft",193.7,194.4,191.98,193.85,2878385,"Negative","Medium"
"2015-11-13","Apple",187.14,188.67,185.15,187.77,681920,"Neutral","Medium"
"2015-11-14","Tesla",187.25,192.77,185.45,190.61,2133503,"Negative","High"
"2015-11-15","Apple",188.58,189.82,185.53,186.49,4828478,"Neutral","Medium"
"2015-11-16","Microsoft",186.58,188.92,185.54,186.79,3181256,"Neutral","Medium"
"2015-11-17","Amazon",187.16,192.08,186.31,190.24,1306825,"Positive","Medium"
"2015-11-18","Tesla",188.51,190.12,187.98,189.92,1341702,"Neutral","Medium"
"2015-11-19","Amazon",190.91,191.4,188,189.83,4880746,"Positive","Low"
"2015-11-20","Apple",185.09,188.3,183.06,185.57,3313632,"Positive","Medium"
"2015-11-21","Tesla",184.96,188.45,183.75,187.16,3054173,"Positive","High"
"2015-11-22","Apple",188.91,190.26,187.26,187.68,2018068,"Positive","Low"
"2015-11-23","Microsoft",187.38,191.3,185.67,189.95,4908369,"Positive","Medium"
"2015-11-24","Tesla",186.78,190.36,184.64,188.45,4452859,"Neutral","High"
"2015-11-25","Apple",186.27,187.87,182.51,184.5,3681313,"Positive","Medium"
"2015-11-26","Google",188.43,188.52,182.73,185.12,1776198,"Positive","Low"
"2015-11-27","Google",184.71,187.77,182,184.8,538218,"Neutral","Medium"
"2015-11-28","Google",186.4,189.77,183.6,189.26,1045433,"Positive","Low"
"2015-11-29","Amazon",185.29,187.08,180.76,183.58,3293973,"Positive","High"
"2015-11-30","Apple",186.84,188.83,185.65,188.48,3227993,"Positive","Low"
"2015-12-01","Tesla",191.61,191.79,188.48,190.34,3137724,"Neutral","Low"
"2015-12-02","Google",193.52,193.79,190.79,192.55,633382,"Neutral","Low"
"2015-12-03","Tesla",189.39,192.69,187.21,192.27,2398890,"Positive","Low"
"2015-12-04","Tesla",193.24,194.02,190.76,192.2,1168473,"Positive","Low"
"2015-12-05","Tesla",193.23,195.5,192.02,192.1,4715988,"Negative","Medium"
"2015-12-06","Google",192.39,193.96,188.18,191.04,2978378,"Negative","Low"
"2015-12-07","Apple",194.76,197.1,192.44,196.82,1089574,"Neutral","Low"
"2015-12-08","Amazon",193.25,193.88,192.45,193.13,4629529,"Negative","Low"
"2015-12-09","Google",192.95,196.33,190.95,193.89,1197544,"Neutral","Medium"
"2015-12-10","Microsoft",199.77,201.14,197.88,199.87,933606,"Positive","High"
"2015-12-11","Microsoft",197.48,198.26,196.3,196.6,3406429,"Neutral","Low"
"2015-12-12","Apple",198.74,201.77,196.43,200.08,2959983,"Positive","Low"
"2015-12-13","Amazon",198.02,200.85,197.3,197.83,3723869,"Negative","Low"
"2015-12-14","Apple",198.4,198.91,196.11,198.46,1212096,"Positive","Low"
"2015-12-15","Apple",202.48,202.59,198.87,200.05,1509095,"Negative","Medium"
"2015-12-16","Apple",197.01,200.53,196.11,199.8,747364,"Negative","Low"
"2015-12-17","Microsoft",196.86,198.27,196.57,196.57,2028724,"Negative","Medium"
"2015-12-18","Apple",195.38,198.2,191.99,194.66,3218517,"Neutral","Medium"
"2015-12-19","Tesla",194.39,196.25,190.09,192.2,2881641,"Negative","Low"
"2015-12-20","Apple",193.8,196.71,193.65,195.36,3098587,"Neutral","High"
"2015-12-21","Apple",191.75,191.83,191.38,191.69,4131944,"Positive","High"
"2015-12-22","Apple",191.62,192.35,190.09,191.81,2179071,"Neutral","Low"
"2015-12-23","Microsoft",189.05,193.98,186.84,191.16,1202600,"Negative","Low"
"2015-12-24","Google",192.83,193.92,189.01,191.02,4521484,"Positive","Low"
"2015-12-25","Google",191.85,196.37,189.26,193.86,624785,"Negative","Medium"
"2015-12-26","Apple",192.7,195.36,190.89,194.99,3457920,"Positive","Medium"
"2015-12-27","Google",197.53,197.76,197.43,197.69,3739959,"Negative","High"
"2015-12-28","Apple",195.1,196.78,192.71,195.82,4951830,"Neutral","Medium"
"2015-12-29","Amazon",191.34,192.47,190.1,192.19,2679534,"Neutral","High"
"2015-12-30","Amazon",194.19,196.03,189.51,192.11,1262988,"Neutral","Low"
"2015-12-31","Amazon",193.9,196.85,191.63,192.61,3824130,"Neutral","High"
"2016-01-01","Apple",194.14,194.66,189.62,192.18,4744774,"Neutral","High"
"2016-01-02","Microsoft",192.51,194.7,192.35,193.56,3214959,"Neutral","Medium"
"2016-01-03","Amazon",188.2,189.14,187.56,187.68,1237149,"Neutral","Low"
"2016-01-04","Apple",191.07,191.31,187.51,190.3,3858865,"Positive","Low"
"2016-01-05","Apple",189.44,190.52,189.27,189.74,4812952,"Negative","Low"
"2016-01-06","Microsoft",185.11,188.38,182.43,188.17,2742191,"Negative","Medium"
"2016-01-07","Apple",188.04,190.55,187.22,188.96,4902299,"Negative","Medium"
"2016-01-08","Google",194.17,197.51,193.2,195.74,1914173,"Neutral","High"
"2016-01-09","Apple",197.62,198.97,194.67,195.91,3016815,"Positive","Low"
"2016-01-10","Amazon",193.03,196.1,190.54,194.57,1114957,"Positive","Medium"
"2016-01-11","Amazon",197.3,200.02,194.69,199.61,2911946,"Positive","Low"
"2016-01-12","Tesla",198.31,202.42,197.33,199.57,2422974,"Positive","Low"
"2016-01-13","Apple",194.37,197.9,191.45,195.47,1187698,"Negative","High"
"2016-01-14","Microsoft",197.85,198.53,192.49,194.12,1999437,"Positive","Low"
"2016-01-15","Amazon",195.23,196.75,193.74,195.76,3717704,"Negative","Low"
"2016-01-16","Apple",194.45,197.37,192.62,194.4,4075285,"Neutral","Low"
"2016-01-17","Amazon",193.62,195.98,192.24,192.33,4542176,"Neutral","High"
"2016-01-18","Tesla",197.4,200.04,192.79,195.07,932839,"Neutral","Medium"
"2016-01-19","Amazon",198.73,199.25,197.7,198.24,4218860,"Neutral","Low"
"2016-01-20","Amazon",195.86,198.67,194.7,198.46,2524435,"Neutral","Low"
"2016-01-21","Apple",194.83,196.36,193.84,194.73,2318532,"Positive","Medium"
"2016-01-22","Microsoft",196.18,200.35,196.05,198.8,3506592,"Neutral","Low"
"2016-01-23","Microsoft",201.61,204.03,200.35,202.45,2206485,"Positive","Low"
"2016-01-24","Microsoft",201.07,202.87,199.4,200.43,3125624,"Positive","High"
"2016-01-25","Tesla",199.06,201.07,197.65,198.26,2669416,"Neutral","High"
"2016-01-26","Apple",199.9,201.36,199.79,200,3011506,"Positive","Medium"
"2016-01-27","Google",203.14,204.91,200.38,201.85,3878435,"Neutral","Medium"
"2016-01-28","Google",200.42,202.6,199.66,200.25,3446267,"Neutral","Medium"
"2016-01-29","Tesla",201.38,204.89,199.21,202.75,3559033,"Positive","Medium"
"2016-01-30","Apple",202,204.92,197.2,199.67,1970688,"Neutral","Medium"
"2016-01-31","Microsoft",203.37,204.48,202.42,204.28,2575562,"Negative","Medium"
"2016-02-01","Tesla",205.81,206.68,203.81,206.12,4077246,"Positive","Low"
"2016-02-02","Microsoft",205.63,206.48,202.27,204.03,1269579,"Positive","Medium"
"2016-02-03","Google",207.87,209.31,206.1,206.54,1855219,"Positive","Medium"
"2016-02-04","Microsoft",206.25,209.63,205.05,206.77,1631188,"Positive","Medium"
"2016-02-05","Google",205.44,205.71,200.9,202.66,1469062,"Positive","Medium"
"2016-02-06","Apple",205.87,208.59,204.62,207.24,3808303,"Neutral","Low"
"2016-02-07","Google",210.24,211.56,206.4,207.06,1414855,"Neutral","Low"
"2016-02-08","Microsoft",212.02,214.7,209.57,213.19,4414132,"Neutral","Medium"
"2016-02-09","Google",218.09,218.63,217.21,217.45,1309097,"Positive","Medium"
"2016-02-10","Apple",215.56,216.31,215.15,215.41,4676796,"Positive","High"
"2016-02-11","Apple",218.8,222.02,216.57,219.69,4879666,"Negative","Medium"
"2016-02-12","Apple",217.21,218.27,216.28,217.21,1998666,"Positive","Low"
"2016-02-13","Microsoft",220.69,221.71,218.12,220.55,1493332,"Neutral","High"
"2016-02-14","Apple",217.61,219.32,215.12,217.67,1038909,"Positive","High"
"2016-02-15","Microsoft",217.06,219.93,212.71,215.28,2516836,"Negative","Medium"
"2016-02-16","Apple",217.56,217.73,213.01,215.18,3555020,"Positive","High"
"2016-02-17","Apple",218.48,222.3,218.48,221.76,4569626,"Neutral","Medium"
"2016-02-18","Google",222.38,225.61,219.44,224.63,4458305,"Neutral","Low"
"2016-02-19","Apple",221.71,224.33,218.06,219.64,1394685,"Positive","Medium"
"2016-02-20","Google",221.19,222.02,219.64,221.08,945254,"Positive","Low"
"2016-02-21","Microsoft",223.46,227.15,220.99,225.36,4103592,"Positive","High"
"2016-02-22","Amazon",220.55,223.6,220.36,223.05,849954,"Positive","High"
"2016-02-23","Tesla",221.38,221.43,219.76,220.7,3240683,"Positive","Medium"
"2016-02-24","Google",221.48,221.69,220.12,221.57,4992273,"Positive","Medium"
"2016-02-25","Tesla",221.76,226.33,221.29,223.93,1481709,"Positive","Low"
"2016-02-26","Tesla",225.04,225.37,222.65,224.94,2884393,"Positive","High"
"2016-02-27","Tesla",224.93,226.49,223.57,224.89,848193,"Positive","Low"
"2016-02-28","Tesla",224.69,228.2,223.23,225.76,3350354,"Positive","Low"
"2016-02-29","Google",223.25,223.65,222.44,222.81,4878664,"Positive","High"
"2016-03-01","Apple",225.29,227.82,224.11,227.45,1797112,"Positive","High"
"2016-03-02","Microsoft",225.94,228.22,223.49,226.81,3118453,"Neutral","Medium"
"2016-03-03","Microsoft",224.53,228.08,221.64,227.77,3579414,"Positive","Medium"
"2016-03-04","Amazon",224.39,225.59,220.31,222.84,720931,"Positive","Low"
"2016-03-05","Apple",223.94,227.97,222.48,226,1237529,"Negative","Medium"
"2016-03-06","Google",224.08,226.59,221.84,222.34,1222074,"Neutral","Low"
"2016-03-07","Apple",225.14,225.91,222.41,224.14,1394342,"Positive","Medium"
"2016-03-08","Microsoft",230.85,231.25,230.04,230.87,1695349,"Negative","Low"
"2016-03-09","Google",231.89,233.06,231.15,231.52,3470367,"Positive","Low"
"2016-03-10","Amazon",234.35,236.91,231.62,235.98,1491387,"Neutral","High"
"2016-03-11","Apple",234.39,238.36,232.27,236.68,3732894,"Positive","High"
"2016-03-12","Google",238.94,241.79,236.36,236.6,2782876,"Positive","Medium"
"2016-03-13","Google",234.72,240.52,232.96,237.78,4275140,"Neutral","Low"
"2016-03-14","Apple",235.86,239.16,235.65,236.42,3150206,"Neutral","Low"
"2016-03-15","Amazon",235.88,236.32,235.01,236.19,1689274,"Negative","High"
"2016-03-16","Apple",234.52,235.51,233.62,234.4,771704,"Negative","Low"
"2016-03-17","Amazon",237.1,239.2,235.99,236.88,2350465,"Negative","Medium"
"2016-03-18","Tesla",236.37,236.64,234.52,236.64,1283280,"Positive","Medium"
"2016-03-19","Microsoft",239.85,242.62,234.98,237.67,2035138,"Positive","Low"
"2016-03-20","Tesla",240.69,242.94,236.43,237.26,1064466,"Negative","Medium"
"2016-03-21","Tesla",239.83,242.8,238.36,239.92,3861556,"Neutral","Medium"
"2016-03-22","Apple",242.92,243.1,239.51,242.27,1486716,"Neutral","Low"
"2016-03-23","Tesla",239.55,241.42,237.98,238.11,855663,"Negative","Low"
"2016-03-24","Tesla",242.21,244.4,239.49,239.66,3216987,"Positive","Low"
"2016-03-25","Tesla",238.26,242.21,236.44,241.6,2697182,"Negative","Medium"
"2016-03-26","Microsoft",239.74,240.8,236.91,239.45,4729695,"Positive","High"
"2016-03-27","Apple",242.83,243.84,239.34,241.89,4528718,"Neutral","High"
"2016-03-28","Amazon",244.84,246.81,244.33,245.7,1150486,"Positive","Low"
"2016-03-29","Tesla",243.91,246.39,239.63,241.32,3632939,"Positive","High"
"2016-03-30","Google",244.05,245.48,241.39,242.97,1455457,"Positive","Low"
"2016-03-31","Microsoft",239.96,242.56,238.1,240.1,4927664,"Positive","Low"
"2016-04-01","Google",241.75,244.15,241.05,241.71,2609872,"Positive","Low"
"2016-04-02","Apple",242.56,243.74,237.62,240.23,4616344,"Positive","High"
"2016-04-03","Apple",245.49,248.1,243.47,245.63,2158418,"Negative","Medium"
"2016-04-04","Microsoft",242.07,245.14,239.14,242.41,3638488,"Positive","High"
"2016-04-05","Tesla",244.67,245.12,241.72,242.36,4234383,"Neutral","Medium"
"2016-04-06","Apple",242.76,246.68,242.71,244.75,2192488,"Neutral","Low"
"2016-04-07","Google",241.61,241.65,237.01,239.74,1388624,"Neutral","High"
"2016-04-08","Tesla",240.38,243.24,237.75,239.23,1370125,"Positive","Low"
"2016-04-09","Apple",240.24,241.42,240.11,241.11,693354,"Positive","Low"
"2016-04-10","Google",238.19,240.8,236.55,240.53,1396078,"Positive","Low"
"2016-04-11","Apple",235.57,238.95,234.28,237.07,4317044,"Negative","Medium"
"2016-04-12","Google",231.66,232.67,230.42,232.06,4317677,"Negative","Low"
"2016-04-13","Amazon",233.25,236.21,233.09,233.17,613799,"Negative","Low"
"2016-04-14","Google",233,235.57,231.4,235.08,2698564,"Neutral","Low"
"2016-04-15","Google",236.02,238.57,233.85,237.24,4196210,"Neutral","Medium"
"2016-04-16","Amazon",236.02,238.46,234.01,236.31,673448,"Neutral","Low"
"2016-04-17","Microsoft",239.33,240.6,234.53,237.06,1615135,"Neutral","Low"
"2016-04-18","Microsoft",237.15,240.52,235.69,238.08,2797866,"Positive","High"
"2016-04-19","Google",240.77,241.98,239.76,240.07,2339687,"Neutral","High"
"2016-04-20","Microsoft",243.82,246.52,242.2,244.16,3634055,"Positive","Low"
"2016-04-21","Microsoft",239.24,243.34,236.58,241.64,2479711,"Positive","High"
"2016-04-22","Microsoft",240.27,242.46,235.04,237.95,594724,"Positive","Medium"
"2016-04-23","Microsoft",241.39,241.46,238.35,238.51,972150,"Positive","High"
"2016-04-24","Microsoft",242.46,242.96,241.74,242.85,1639292,"Positive","Low"
"2016-04-25","Amazon",248.74,249.57,245.02,246.71,3206889,"Neutral","Low"
"2016-04-26","Microsoft",249.57,255.25,247.15,252.28,581503,"Neutral","High"
"2016-04-27","Google",251.94,253.65,247.15,250.01,2936644,"Positive","Low"
"2016-04-28","Microsoft",256.19,259.06,255.22,256.57,4719304,"Positive","Medium"
"2016-04-29","Amazon",252.95,256.12,251.36,253.69,1812262,"Positive","Medium"
"2016-04-30","Microsoft",249.58,253.43,248.55,251.15,1711838,"Positive","Low"
"2016-05-01","Apple",252.44,252.73,248.79,250.34,3783829,"Neutral","Medium"
"2016-05-02","Apple",252.03,255.77,250.99,252.92,1333358,"Negative","Medium"
"2016-05-03","Apple",249.05,252.3,246.06,249.35,557640,"Positive","Low"
"2016-05-04","Google",250.25,251.91,249.38,250.01,3767442,"Neutral","Low"
"2016-05-05","Google",248.11,248.3,246.66,247.42,4039790,"Positive","Medium"
"2016-05-06","Tesla",253.63,256.62,249.14,251.89,2351160,"Neutral","Low"
"2016-05-07","Microsoft",256.95,259.12,255.59,256.38,3668252,"Negative","High"
"2016-05-08","Google",261.21,262.36,257.55,259.65,1500229,"Negative","Medium"
"2016-05-09","Amazon",256.82,257.23,256.71,256.73,3029372,"Positive","Low"
"2016-05-10","Microsoft",256.25,256.45,255.31,255.69,3050646,"Positive","Medium"
"2016-05-11","Apple",257.83,259.97,255.19,257.6,3105236,"Positive","High"
"2016-05-12","Amazon",256.52,257.72,255.4,255.83,1106911,"Neutral","Medium"
"2016-05-13","Microsoft",257.82,262.84,254.87,260.72,2585731,"Negative","High"
"2016-05-14","Amazon",258.27,258.77,255,257.27,1867781,"Positive","Low"
"2016-05-15","Microsoft",258.45,262.51,258.3,261.54,4771444,"Neutral","High"
"2016-05-16","Amazon",259.8,262.65,258.29,259.03,4317593,"Neutral","Low"
"2016-05-17","Google",263.92,264.6,261.3,263.66,2346846,"Positive","Low"
"2016-05-18","Tesla",266.71,268.36,264.36,265.68,4450926,"Positive","Medium"
"2016-05-19","Tesla",267.35,268.58,264.13,265.04,1654088,"Negative","Medium"
"2016-05-20","Google",264.18,265.6,260.76,263.41,4541465,"Negative","High"
"2016-05-21","Microsoft",261.73,265.05,261.37,263.81,1490542,"Neutral","Low"
"2016-05-22","Google",266.91,268.49,263.83,265.25,1644605,"Positive","Medium"
"2016-05-23","Tesla",261.54,264.98,260.51,263.27,2713049,"Neutral","Low"
"2016-05-24","Apple",263.39,265.38,260.87,264.02,2937684,"Neutral","Low"
"2016-05-25","Apple",259.52,262.85,258.45,261.76,2851205,"Negative","Medium"
"2016-05-26","Apple",261.3,262.11,256.72,259.41,2051980,"Negative","Medium"
"2016-05-27","Google",258.38,258.53,254.94,256.55,2144359,"Neutral","Medium"
"2016-05-28","Microsoft",254.55,255.79,252.49,254.34,4857332,"Neutral","Medium"
"2016-05-29","Google",257.28,258,254.44,257.42,4450666,"Negative","Low"
"2016-05-30","Apple",257.32,258.42,253.58,254.62,4519020,"Neutral","High"
"2016-05-31","Google",260.13,262.52,255.7,257.91,1629837,"Negative","Low"
"2016-06-01","Tesla",262,265.06,261.86,264.16,2769492,"Neutral","Low"
"2016-06-02","Tesla",264.64,268.16,262.22,265.67,675960,"Neutral","Medium"
"2016-06-03","Apple",266.21,270.46,266.21,268.3,2616323,"Negative","Low"
"2016-06-04","Microsoft",266.83,268.93,266.83,266.88,3933998,"Neutral","Medium"
"2016-06-05","Tesla",269.66,272.57,267.04,271,4388574,"Positive","High"
"2016-06-06","Google",265.8,269.03,263,267.66,4558177,"Positive","Low"
"2016-06-07","Tesla",268.04,269.51,266.63,269.35,2508015,"Positive","Low"
"2016-06-08","Google",268.83,270.57,268.11,268.75,2912138,"Neutral","Medium"
"2016-06-09","Google",271.41,274,270.7,273.91,1801895,"Neutral","Low"
"2016-06-10","Amazon",271.13,272.66,267.16,270.16,3957081,"Neutral","Medium"
"2016-06-11","Google",266.46,270.38,263.49,268.28,3494666,"Negative","Low"
"2016-06-12","Microsoft",271.32,272.55,267.74,268.75,3790563,"Neutral","Low"
"2016-06-13","Apple",272.89,275.54,271.52,272.41,2054479,"Positive","Low"
"2016-06-14","Microsoft",274.82,276.84,273.82,275.72,3850369,"Positive","Medium"
"2016-06-15","Google",277.2,278,275.31,277.23,4851080,"Positive","Medium"
"2016-06-16","Apple",277.52,280.74,275.37,278.06,3288295,"Neutral","High"
"2016-06-17","Amazon",281.18,283.12,280.03,280.18,520347,"Neutral","Medium"
"2016-06-18","Amazon",284.06,288.54,283.78,286.37,4249313,"Positive","Medium"
"2016-06-19","Amazon",285.32,285.9,283.05,284.58,4746338,"Positive","Low"
"2016-06-20","Google",287.02,288.89,284.35,286.04,4280770,"Neutral","High"
"2016-06-21","Microsoft",291.2,292.42,289.21,290.45,2257202,"Negative","Medium"
"2016-06-22","Google",295.17,297.72,290.68,293.29,1684563,"Negative","High"
"2016-06-23","Microsoft",292.21,294.86,289.06,291.58,2963372,"Positive","High"
"2016-06-24","Amazon",295.6,298.58,294.7,297.78,3097217,"Positive","Medium"
"2016-06-25","Microsoft",294.45,299.91,292.38,297.31,1062872,"Neutral","Medium"
"2016-06-26","Microsoft",296.94,299.33,294.84,298.75,2908263,"Neutral","Low"
"2016-06-27","Amazon",295.71,297.83,292.43,292.81,3249840,"Neutral","Medium"
"2016-06-28","Apple",295.45,299.28,292.86,296.93,1370935,"Positive","Low"
"2016-06-29","Tesla",299.78,302.02,297.18,297.24,4832692,"Neutral","Low"
"2016-06-30","Google",298.48,298.61,297.24,298.02,1206613,"Positive","High"
"2016-07-01","Tesla",300.66,302.56,299.96,299.97,3462804,"Neutral","Low"
"2016-07-02","Amazon",296.82,300.31,295.48,297.34,3014648,"Neutral","Medium"
"2016-07-03","Google",297.14,302.32,296.4,300.17,1997356,"Neutral","Medium"
"2016-07-04","Amazon",299.07,302.07,298.48,299.81,4954261,"Positive","Medium"
"2016-07-05","Tesla",303.44,306.25,301.11,305,3344099,"Positive","Low"
"2016-07-06","Amazon",309.41,312.27,305.95,307.05,1136195,"Neutral","Low"
"2016-07-07","Microsoft",310.06,310.11,304.52,307.51,3340926,"Negative","Medium"
"2016-07-08","Amazon",308.29,310.06,305.63,309.46,1987720,"Neutral","Low"
"2016-07-09","Amazon",308.69,309.83,304.34,305.05,2826621,"Positive","Medium"
"2016-07-10","Microsoft",306.55,308.82,302.53,304,1808105,"Positive","Low"
"2016-07-11","Amazon",303.33,304.94,301.79,304.87,1855742,"Neutral","Low"
"2016-07-12","Microsoft",302.01,303.19,298.51,300.23,941097,"Positive","Medium"
"2016-07-13","Tesla",305.07,305.96,302.83,303.14,2671330,"Neutral","Medium"
"2016-07-14","Microsoft",305.88,308.56,303.72,307.59,3191725,"Negative","Low"
"2016-07-15","Microsoft",302.08,304.31,298.96,301.74,3334620,"Negative","Low"
"2016-07-16","Tesla",301.36,304.17,299.57,303.55,2907814,"Neutral","Medium"
"2016-07-17","Tesla",301.01,302.23,298.15,301.77,2426106,"Positive","Low"
"2016-07-18","Tesla",302.09,306.09,302.07,305.67,4314786,"Positive","High"
"2016-07-19","Amazon",300.38,302.24,299.87,301.33,2293872,"Neutral","High"
"2016-07-20","Microsoft",297.52,301.55,296.35,300.95,2059912,"Positive","High"
"2016-07-21","Tesla",297.98,301.56,295.8,299.72,4715761,"Neutral","Low"
"2016-07-22","Tesla",301.98,304.84,299.52,300.16,4425371,"Negative","Medium"
"2016-07-23","Tesla",299.24,299.53,294.57,297.3,2064178,"Neutral","Medium"
"2016-07-24","Tesla",297.23,300.27,295.06,297.5,1863753,"Neutral","Medium"
"2016-07-25","Amazon",294.22,297.67,293.35,295.3,4026247,"Positive","Low"
"2016-07-26","Google",296.9,302.32,296.16,299.84,4201194,"Neutral","High"
"2016-07-27","Amazon",296.92,298.18,294.19,294.4,1447850,"Positive","Low"
"2016-07-28","Tesla",298.07,301.31,295.56,299.98,4121508,"Positive","Medium"
"2016-07-29","Amazon",297.84,300.39,292.72,294.53,4316336,"Neutral","Low"
"2016-07-30","Apple",294.35,296.65,293.99,294.87,3207841,"Negative","Medium"
"2016-07-31","Amazon",295.26,296.15,293.16,294.56,2635999,"Neutral","High"
"2016-08-01","Tesla",298.36,302.31,297.83,301.43,4856270,"Negative","Low"
"2016-08-02","Google",303.92,304.81,299.65,302.13,502255,"Neutral","Medium"
"2016-08-03","Tesla",306.35,307.63,303.85,306.13,3015635,"Positive","Medium"
"2016-08-04","Apple",307.41,310.47,306.82,309.15,1320618,"Neutral","Low"
"2016-08-05","Amazon",311.99,312.6,308.45,311.23,4151022,"Neutral","Medium"
"2016-08-06","Microsoft",313.87,315.27,312.81,313.61,3751018,"Positive","Medium"
"2016-08-07","Amazon",318.09,321.74,316.78,320.5,3813420,"Neutral","Medium"
"2016-08-08","Tesla",322.18,327.34,319.39,324.45,1331145,"Positive","High"
"2016-08-09","Apple",323.25,326.64,321.08,324.61,2553454,"Neutral","High"
"2016-08-10","Amazon",325.72,328.45,322.75,323.1,868186,"Neutral","Medium"
"2016-08-11","Google",326.63,330.96,325.23,329.43,4783137,"Positive","Low"
"2016-08-12","Apple",332.63,333.68,330.6,332.31,4317060,"Neutral","Medium"
"2016-08-13","Microsoft",333.47,336.65,332.92,335.84,3885180,"Positive","Low"
"2016-08-14","Tesla",334.38,339.49,333.28,337.93,3268604,"Negative","Medium"
"2016-08-15","Google",335.53,337.01,333.51,334.71,4162227,"Positive","Low"
"2016-08-16","Apple",330.05,332.74,329.06,331.44,2560928,"Neutral","Medium"
"2016-08-17","Apple",334.24,335.81,331.45,334.91,675828,"Neutral","Low"
"2016-08-18","Apple",331.49,332.54,328.87,331.02,3388778,"Neutral","Low"
"2016-08-19","Amazon",329.61,333.81,327.03,331.23,2976824,"Positive","Medium"
"2016-08-20","Microsoft",331.34,334,328.31,331.17,3594661,"Positive","Medium"
"2016-08-21","Tesla",329.88,332.68,326.52,326.94,4036773,"Positive","Low"
"2016-08-22","Amazon",329.4,331.56,327.81,329.96,1752724,"Positive","Medium"
"2016-08-23","Tesla",336.64,339.26,332.77,333.76,1497306,"Negative","High"
"2016-08-24","Apple",338.8,339.51,337.48,338.68,4708696,"Positive","Medium"
"2016-08-25","Tesla",339.56,339.78,338.79,339.52,1284438,"Positive","Low"
"2016-08-26","Amazon",340.08,343.18,338.23,342.66,1865150,"Neutral","High"
"2016-08-27","Amazon",340.89,342.18,337.95,341.82,1562467,"Negative","Medium"
"2016-08-28","Microsoft",341.57,341.86,338.42,340.24,2513272,"Positive","Medium"
"2016-08-29","Microsoft",339.06,341.97,336.85,340.96,2130491,"Positive","High"
"2016-08-30","Amazon",338.76,341.47,337,340.39,3834173,"Positive","Medium"
"2016-08-31","Amazon",338.25,339.59,336.63,338.35,4104759,"Positive","Low"
"2016-09-01","Tesla",335.03,337,333.92,335.71,4494129,"Positive","Low"
"2016-09-02","Amazon",335.06,335.58,333.3,334.75,3283225,"Positive","Low"
"2016-09-03","Tesla",338.31,341.17,334.27,337.25,1930230,"Neutral","Low"
"2016-09-04","Apple",338.96,341.48,336.26,338.12,2538487,"Neutral","Medium"
"2016-09-05","Apple",344.17,344.46,340.29,342.82,3704746,"Positive","Low"
"2016-09-06","Google",345.69,346.9,340.44,343.1,3054298,"Positive","Medium"
"2016-09-07","Tesla",346.11,348.04,344.88,345.05,1600173,"Positive","Low"
"2016-09-08","Apple",344.54,344.75,340.9,342.66,1931181,"Negative","Low"
"2016-09-09","Tesla",344.01,347.81,343.89,345.83,2149031,"Positive","Low"
"2016-09-10","Google",343.66,346.77,341.46,344.55,1725165,"Negative","High"
"2016-09-11","Google",342.72,347.16,342.23,345.66,1385324,"Positive","Medium"
"2016-09-12","Tesla",343.87,345.86,340.62,340.93,1560880,"Positive","Low"
"2016-09-13","Google",340.86,344.09,338.09,342.65,1559306,"Neutral","Medium"
"2016-09-14","Amazon",344.19,347.07,342.68,345.26,3285387,"Neutral","Low"
"2016-09-15","Amazon",343.56,346.32,341.66,342.43,3596207,"Positive","Low"
"2016-09-16","Google",346,348.5,341.2,343.82,4651082,"Positive","Low"
"2016-09-17","Amazon",343.73,344.73,340.13,341.3,4525998,"Positive","Low"
"2016-09-18","Apple",343.59,344.43,340.68,342.4,946207,"Neutral","Low"
"2016-09-19","Amazon",345.31,345.64,342.65,343.84,3753504,"Negative","Low"
"2016-09-20","Apple",345.37,346.14,343.65,344.16,3121441,"Neutral","Medium"
"2016-09-21","Google",345.56,348.11,342.92,344.2,4637195,"Negative","Low"
"2016-09-22","Google",345.25,345.99,341.92,343.64,4917680,"Neutral","Medium"
"2016-09-23","Amazon",346.5,349.11,344.62,346.29,2899147,"Negative","Medium"
"2016-09-24","Google",343.76,346.13,339.79,341.68,2628437,"Neutral","High"
"2016-09-25","Apple",341.29,343.01,339.08,342.54,1208542,"Positive","High"
"2016-09-26","Amazon",340.15,342.06,340,340.09,1429186,"Neutral","Low"
"2016-09-27","Google",346.63,346.81,343.67,345.57,3840911,"Neutral","Low"
"2016-09-28","Apple",347.52,351.37,347.33,348.51,1344610,"Neutral","Medium"
"2016-09-29","Apple",345.68,348.54,344.86,345.99,1726621,"Neutral","Low"
"2016-09-30","Amazon",345.37,345.59,344.76,345.06,3603801,"Positive","High"
"2016-10-01","Microsoft",344.06,344.43,341.82,342.4,1345499,"Neutral","Medium"
"2016-10-02","Amazon",343.8,345.54,341.56,344.95,826819,"Neutral","Medium"
"2016-10-03","Tesla",345.6,345.94,344.04,345.23,2473497,"Positive","High"
"2016-10-04","Apple",347.99,349.45,346.71,348.45,2167094,"Negative","Medium"
"2016-10-05","Apple",345.96,347.38,342.23,344.39,1320245,"Neutral","Medium"
"2016-10-06","Google",344.11,345.28,340.87,343.5,2250215,"Positive","Medium"
"2016-10-07","Apple",343.93,346.77,339.66,342.4,3741422,"Neutral","Low"
"2016-10-08","Google",344.48,345.3,342.59,342.83,1739472,"Positive","Low"
"2016-10-09","Apple",347.97,348.16,346.18,347.25,1127608,"Neutral","Low"
"2016-10-10","Amazon",348.05,350.59,345.57,346.51,619898,"Negative","Low"
"2016-10-11","Microsoft",345.49,346.77,342.73,343.78,4366866,"Neutral","Low"
"2016-10-12","Amazon",340.44,343.69,337.94,340.9,4980798,"Positive","Low"
"2016-10-13","Amazon",340.25,341.3,336.43,339.18,954644,"Neutral","Low"
"2016-10-14","Tesla",341.73,342.56,339.72,341.7,1144231,"Neutral","Low"
"2016-10-15","Apple",342.51,344.33,339.92,342.65,4769964,"Positive","Low"
"2016-10-16","Apple",343.57,346.05,340.54,343.39,3910162,"Positive","Low"
"2016-10-17","Google",343.09,343.64,341.74,343.34,1292537,"Neutral","Low"
"2016-10-18","Google",340.61,341.23,336.42,338.9,4352351,"Positive","Low"
"2016-10-19","Apple",342.93,343.98,340.27,341.31,3144349,"Positive","Medium"
"2016-10-20","Microsoft",346.3,348.55,342.76,345.44,3530155,"Negative","Medium"
"2016-10-21","Amazon",346.15,348.75,344.13,345.55,4591630,"Positive","Low"
"2016-10-22","Microsoft",342.91,344.29,341.27,343.03,4503804,"Neutral","Low"
"2016-10-23","Tesla",347.25,347.27,345.01,346.6,2338660,"Neutral","Medium"
"2016-10-24","Tesla",348.15,349.18,347.78,348.9,844655,"Positive","High"
"2016-10-25","Amazon",345.3,348.97,343.17,347.94,595151,"Positive","Low"
"2016-10-26","Apple",346.46,350.63,344.04,349.18,898259,"Neutral","High"
"2016-10-27","Tesla",347.05,350.37,344.89,347.84,2963409,"Negative","Medium"
"2016-10-28","Microsoft",344.85,345.1,341.29,342.79,4090938,"Positive","Medium"
"2016-10-29","Apple",341.2,344.18,338.25,342.13,4033108,"Positive","Low"
"2016-10-30","Google",347.08,347.75,345.58,347.28,3819524,"Positive","Medium"
"2016-10-31","Microsoft",350,350.4,349.43,349.49,4854577,"Positive","Low"
"2016-11-01","Microsoft",347.06,347.92,344.34,346.78,2664023,"Positive","Medium"
"2016-11-02","Microsoft",351.6,353.29,349.64,350.11,4414688,"Positive","High"
"2016-11-03","Apple",353.93,354.18,352.67,353.74,3017782,"Neutral","Low"
"2016-11-04","Google",355.22,357.14,354.85,356.65,4777095,"Positive","Medium"
"2016-11-05","Microsoft",357.92,361.55,356.41,359.67,1104872,"Positive","Low"
"2016-11-06","Amazon",357.4,359.02,357.01,358.61,4079690,"Neutral","Medium"
"2016-11-07","Tesla",355.62,356.69,355.21,355.53,1901981,"Positive","High"
"2016-11-08","Amazon",360.76,362.64,358.13,360.9,2368483,"Positive","Medium"
"2016-11-09","Apple",358.44,361.28,357.35,360.05,2181544,"Neutral","High"
"2016-11-10","Google",357.7,359.08,354.9,358.83,4724464,"Negative","Medium"
"2016-11-11","Tesla",359.41,359.44,358.15,358.32,1520188,"Positive","Low"
"2016-11-12","Tesla",361.25,364.27,358.97,364,1682789,"Positive","Medium"
"2016-11-13","Google",361.97,362.56,359.99,362.51,4024533,"Neutral","Low"
"2016-11-14","Google",364.79,370.19,363.04,367.92,861064,"Neutral","High"
"2016-11-15","Tesla",367.08,367.45,365.84,367.04,2720861,"Positive","Low"
"2016-11-16","Tesla",367.53,369.49,363.38,366.22,4170780,"Positive","Medium"
"2016-11-17","Amazon",365.98,367.68,363.69,366.29,3224538,"Neutral","Low"
"2016-11-18","Google",366.09,372.1,365.12,369.45,4931337,"Negative","Low"
"2016-11-19","Apple",368.62,371.23,367.22,368.64,4267848,"Neutral","Low"
"2016-11-20","Tesla",370.43,371.78,368.8,370.74,2388828,"Neutral","Low"
"2016-11-21","Microsoft",370.55,370.89,368.97,369.31,3183646,"Neutral","Low"
"2016-11-22","Tesla",374.01,374.83,371.3,374.28,3719675,"Neutral","Low"
"2016-11-23","Google",375.11,376.12,371.94,372.75,4316459,"Neutral","Medium"
"2016-11-24","Apple",375.14,376.7,370.85,373.51,4961108,"Positive","Low"
"2016-11-25","Google",372.89,375.45,371.83,374.69,2114820,"Negative","High"
"2016-11-26","Microsoft",374.69,375.6,370.65,373.38,3501889,"Positive","Medium"
"2016-11-27","Amazon",372.13,373.56,370.22,371.81,660415,"Negative","Low"
"2016-11-28","Microsoft",372.56,373.36,371.82,372.86,1021553,"Positive","High"
"2016-11-29","Microsoft",374.04,375.67,371.68,373.05,2788387,"Neutral","Low"
"2016-11-30","Microsoft",369.77,372.67,368.74,371.87,1229058,"Positive","Medium"
"2016-12-01","Amazon",369.64,370.53,367.08,369.8,1610765,"Neutral","Medium"
"2016-12-02","Google",367.73,370.41,367.69,369.88,4396964,"Positive","Medium"
"2016-12-03","Google",366.04,368.18,365.17,367.58,3383254,"Positive","Medium"
"2016-12-04","Apple",364.94,366.6,363.36,364.36,4802314,"Positive","Low"
"2016-12-05","Google",360.21,362.77,355.69,358.37,2072298,"Negative","Medium"
"2016-12-06","Apple",356.36,357.01,356.17,356.87,1452803,"Negative","High"
"2016-12-07","Amazon",357.78,358.64,356.15,358.58,836705,"Negative","Medium"
"2016-12-08","Microsoft",359.11,359.5,356.3,358.07,2353241,"Positive","Medium"
"2016-12-09","Apple",357.17,357.25,355.46,357.11,2887291,"Neutral","High"
"2016-12-10","Amazon",358.68,359.54,357.61,357.68,1539657,"Negative","High"
"2016-12-11","Tesla",364.11,366.5,360.8,361.76,4700809,"Positive","Low"
"2016-12-12","Tesla",361.63,362.8,360.31,361.71,3960400,"Positive","High"
"2016-12-13","Apple",362.65,364.29,360.17,361.66,1562024,"Positive","Low"
"2016-12-14","Amazon",361.39,362.61,359.84,361.94,1051887,"Neutral","Low"
"2016-12-15","Microsoft",360.97,363.32,359.17,362.59,4031312,"Negative","Low"
"2016-12-16","Tesla",361.48,362.46,357.13,359.58,2156623,"Positive","Low"
"2016-12-17","Apple",358.86,361.01,357.84,359.64,4326296,"Neutral","High"
"2016-12-18","Microsoft",356.15,357.8,354.13,356.69,4167564,"Positive","Medium"
"2016-12-19","Amazon",358.96,361.22,355.54,357.97,4922732,"Negative","Low"
"2016-12-20","Amazon",357.46,359.66,354.87,355.39,2651047,"Positive","Medium"
"2016-12-21","Amazon",357.95,360.94,354.82,356.43,1241607,"Positive","Medium"
"2016-12-22","Tesla",356.82,361.76,354.69,359.8,4295034,"Positive","High"
"2016-12-23","Microsoft",362.65,363.37,357.83,360,1085002,"Positive","Medium"
"2016-12-24","Apple",362.95,362.96,359.39,359.48,3360796,"Positive","High"
"2016-12-25","Microsoft",358.22,360.87,357.84,358.5,1694984,"Positive","High"
"2016-12-26","Tesla",364.14,365.3,361.83,364.06,2879060,"Negative","High"
"2016-12-27","Microsoft",363.21,365.69,358.99,361.39,1850273,"Positive","High"
"2016-12-28","Google",365.74,369.09,362.87,366.74,3442629,"Neutral","Medium"
"2016-12-29","Tesla",367.12,369.29,366.06,368.8,1418357,"Positive","Medium"
"2016-12-30","Apple",372.76,373.94,370.75,371.34,705339,"Neutral","Medium"
"2016-12-31","Microsoft",368.13,370.76,367.63,370.33,558121,"Negative","Medium"
"2017-01-01","Amazon",370.48,370.91,368.42,369.86,3369008,"Negative","Low"
"2017-01-02","Google",375.42,376.81,372.37,374.38,1738120,"Positive","High"
"2017-01-03","Apple",375.13,377.26,372.91,374,1488185,"Positive","High"
"2017-01-04","Apple",376.58,377.9,374.85,376.53,907702,"Negative","Medium"
"2017-01-05","Tesla",378.81,381.79,376.33,377.33,3200785,"Positive","Medium"
"2017-01-06","Google",378.74,381.97,378.74,380.59,1532195,"Neutral","Medium"
"2017-01-07","Tesla",379.13,379.89,376.96,379.27,1343651,"Negative","High"
"2017-01-08","Tesla",382.53,384.15,381.76,383.06,4892712,"Neutral","High"
"2017-01-09","Tesla",382.48,384.2,379.04,381.28,762350,"Positive","High"
"2017-01-10","Tesla",380.88,382.46,379.95,380.95,4637341,"Neutral","Low"
"2017-01-11","Apple",383.19,385.05,381.84,383.07,3281742,"Positive","High"
"2017-01-12","Microsoft",386.65,387.77,384.26,386.7,3939947,"Positive","High"
"2017-01-13","Amazon",389.09,389.34,385.06,387.22,2961707,"Positive","Medium"
"2017-01-14","Amazon",389.6,391.36,388.73,389.04,1755221,"Negative","Medium"
"2017-01-15","Tesla",390.53,391.66,389.68,390.59,870458,"Positive","Low"
"2017-01-16","Amazon",393.63,397.9,391.08,395.35,617014,"Neutral","Low"
"2017-01-17","Google",397.96,400.1,395.47,398.77,4424234,"Positive","High"
"2017-01-18","Apple",394.96,397.13,393.85,394.62,2769732,"Neutral","Low"
"2017-01-19","Tesla",394.66,394.72,394.12,394.58,659954,"Positive","Medium"
"2017-01-20","Microsoft",393.55,396.29,392.93,393.85,2833982,"Negative","Low"
"2017-01-21","Google",393.47,395.47,390.93,393.21,3481822,"Neutral","Low"
"2017-01-22","Microsoft",390.8,393.66,388.68,389.98,3688796,"Positive","High"
"2017-01-23","Google",390.5,392.59,388.96,390.23,2948554,"Positive","Low"
"2017-01-24","Amazon",389.9,390.56,386.82,389.72,3386283,"Positive","Low"
"2017-01-25","Tesla",392.98,395.56,391.82,392.52,527369,"Neutral","Medium"
"2017-01-26","Microsoft",393.74,398.62,390.88,395.92,3585234,"Negative","Medium"
"2017-01-27","Apple",395.96,400.64,393.9,397.78,3319393,"Neutral","Medium"
"2017-01-28","Tesla",394.84,396.08,393.76,394.7,1655912,"Positive","High"
"2017-01-29","Amazon",393.44,396.8,391.85,395.48,2654572,"Positive","Medium"
"2017-01-30","Tesla",400.37,402.25,397.24,399.76,4945776,"Neutral","Medium"
"2017-01-31","Apple",400.82,403.44,396.49,398.29,1559606,"Positive","High"
"2017-02-01","Apple",400.04,400.75,398.29,400.06,887930,"Positive","Low"
"2017-02-02","Microsoft",404.2,405.71,400.77,403.32,3981467,"Negative","Low"
"2017-02-03","Amazon",404.85,405.38,399.26,401.44,3515662,"Positive","Medium"
"2017-02-04","Tesla",406.2,407.76,400.85,403.73,720698,"Positive","High"
"2017-02-05","Google",402.1,403.52,400.6,402.68,3628841,"Positive","Medium"
"2017-02-06","Tesla",406.73,409.78,406.24,407.63,2861923,"Neutral","Medium"
"2017-02-07","Apple",407.73,412.99,405.11,410.11,3358429,"Positive","Medium"
"2017-02-08","Microsoft",406.59,409.5,404.73,405.86,1640833,"Neutral","Low"
"2017-02-09","Google",406.55,410.7,405.76,407.75,2291449,"Negative","Medium"
"2017-02-10","Google",409.88,411.23,406.97,408.15,2259263,"Neutral","Medium"
"2017-02-11","Apple",407.92,410.47,403.22,405.57,3812093,"Negative","Medium"
"2017-02-12","Microsoft",406.1,407.52,406.01,406.24,2581090,"Neutral","Medium"
"2017-02-13","Tesla",402.78,404.86,402.75,404.2,4419200,"Positive","Medium"
"2017-02-14","Apple",405.3,408.91,403.85,407.08,2172406,"Positive","Medium"
"2017-02-15","Google",411.04,412.17,410.02,411,3833309,"Neutral","Low"
"2017-02-16","Tesla",406.01,411.37,403.29,408.5,2668711,"Negative","High"
"2017-02-17","Tesla",405.32,407.12,402.86,407.02,1178550,"Neutral","Low"
"2017-02-18","Tesla",404.12,406.77,403.16,404.19,989970,"Positive","Medium"
"2017-02-19","Amazon",402.81,404.49,400.8,402.32,600852,"Neutral","High"
"2017-02-20","Apple",405.29,406.59,404.47,404.52,4546963,"Neutral","Low"
"2017-02-21","Tesla",411.3,413.47,409.29,409.85,633594,"Positive","High"
"2017-02-22","Microsoft",409,411.62,404.68,407.08,1009773,"Positive","High"
"2017-02-23","Tesla",405.69,406.69,405.59,406.12,1452121,"Positive","Medium"
"2017-02-24","Google",409.14,409.92,408.96,409.16,933563,"Negative","Low"
"2017-02-25","Amazon",414.05,414.41,411.3,411.68,3971178,"Negative","Medium"
"2017-02-26","Google",415.54,416.56,412.66,416.26,3114596,"Neutral","Medium"
"2017-02-27","Amazon",417.43,418,415,417.38,4372083,"Positive","Medium"
"2017-02-28","Apple",417.45,419.76,414.85,416.97,2853036,"Positive","Medium"
"2017-03-01","Apple",419.31,424.14,418.44,422.82,3280526,"Neutral","Medium"
"2017-03-02","Apple",424.36,425.62,422.53,423.96,4593198,"Positive","High"
"2017-03-03","Apple",422.59,425,419.33,421.08,2586155,"Neutral","Low"
"2017-03-04","Google",416.02,419.42,414.17,418.59,3939347,"Neutral","Medium"
"2017-03-05","Apple",415.08,418.07,413.62,415.14,3116410,"Positive","High"
"2017-03-06","Google",416.59,418.2,416.32,416.85,958684,"Neutral","Low"
"2017-03-07","Amazon",415.28,417.36,412.25,414.99,2604315,"Positive","Medium"
"2017-03-08","Apple",414.96,415.88,412.78,415.11,2224600,"Positive","High"
"2017-03-09","Microsoft",412.84,413.61,412.41,412.93,3598971,"Positive","Low"
"2017-03-10","Google",412.47,413.1,408.9,411.66,1387049,"Positive","Low"
"2017-03-11","Apple",412.42,418.26,411.21,415.37,1286132,"Positive","Medium"
"2017-03-12","Microsoft",413.51,416.96,411.94,414.5,2551046,"Neutral","Low"
"2017-03-13","Tesla",413.47,414.68,411.4,413.37,2528188,"Positive","Low"
"2017-03-14","Amazon",411.51,414.13,407.52,409.42,4092332,"Neutral","Low"
"2017-03-15","Apple",409.41,415.24,409.05,412.47,4158682,"Negative","Medium"
"2017-03-16","Tesla",415.37,415.57,413.77,415.26,2824829,"Neutral","High"
"2017-03-17","Apple",412.23,416.68,411.25,413.89,1574471,"Negative","Low"
"2017-03-18","Apple",413.98,415.66,412.33,413.02,2339774,"Positive","Medium"
"2017-03-19","Tesla",416.55,418.55,412.7,415.12,1218576,"Positive","Medium"
"2017-03-20","Microsoft",420.78,422.82,415.22,418.13,4293261,"Negative","Low"
"2017-03-21","Google",421.27,424.97,419.08,424.13,4924927,"Positive","Medium"
"2017-03-22","Google",425.48,425.78,423.11,424.41,1779394,"Positive","Low"
"2017-03-23","Microsoft",422.26,425.13,420.58,424.29,4226826,"Positive","Medium"
"2017-03-24","Apple",420.17,422.89,417.43,419.05,3317403,"Neutral","Medium"
"2017-03-25","Google",419.92,424.63,417.64,422.29,1636350,"Positive","Low"
"2017-03-26","Tesla",423.1,425.92,420.84,421.97,907641,"Neutral","High"
"2017-03-27","Amazon",424.18,427.48,424.03,427.4,1561222,"Negative","High"
"2017-03-28","Microsoft",427.9,429.9,425.54,429.37,3333913,"Negative","Medium"
"2017-03-29","Microsoft",430.88,435.35,429.09,432.52,2567778,"Positive","Medium"
"2017-03-30","Tesla",428.14,432.49,426.56,430.83,2286120,"Neutral","Medium"
"2017-03-31","Apple",428.16,431.87,425.69,430.88,1525529,"Neutral","High"
"2017-04-01","Google",430.04,435.13,427.88,433.89,2053810,"Negative","Medium"
"2017-04-02","Amazon",435.49,436.09,431.13,433.17,1364184,"Positive","Medium"
"2017-04-03","Google",432.99,434.17,432.58,432.67,2584331,"Positive","Low"
"2017-04-04","Tesla",431.77,433.3,429.84,432.94,1996217,"Positive","Medium"
"2017-04-05","Amazon",435.21,438.65,433.9,437.39,3232673,"Negative","Low"
"2017-04-06","Amazon",433.37,436.5,431.27,435.29,4914336,"Positive","Low"
"2017-04-07","Tesla",431.37,435.84,428.42,434.64,1983367,"Positive","Low"
"2017-04-08","Microsoft",436.86,437.35,435.53,435.83,818282,"Neutral","High"
"2017-04-09","Microsoft",437.94,440.24,435.39,438.59,2722900,"Positive","Medium"
"2017-04-10","Google",441.6,443.93,440.69,441.7,923323,"Positive","High"
"2017-04-11","Google",440.23,440.97,439.6,440.44,2112903,"Positive","High"
"2017-04-12","Google",435.01,437.06,434.56,434.92,3320030,"Negative","High"
"2017-04-13","Apple",437.25,438.26,434.34,436.62,741355,"Positive","Low"
"2017-04-14","Tesla",439,439.44,437.5,438.02,873356,"Negative","Medium"
"2017-04-15","Amazon",438.39,440.88,435.55,438.13,1058576,"Positive","Medium"
"2017-04-16","Google",437.74,442.28,435.19,440.8,2005314,"Negative","High"
"2017-04-17","Amazon",436.75,440.6,434.68,437.95,1968129,"Positive","Low"
"2017-04-18","Amazon",436.46,438.04,433.53,433.74,2634827,"Neutral","Low"
"2017-04-19","Microsoft",435.22,439.31,434.55,436.82,2003905,"Neutral","Low"
"2017-04-20","Amazon",432.03,433.73,430.14,433.38,4457515,"Neutral","Medium"
"2017-04-21","Apple",430.14,434.66,429.3,432.02,2097427,"Positive","Low"
"2017-04-22","Google",434.09,437.12,432.05,435.23,4928632,"Positive","Medium"
"2017-04-23","Amazon",435.46,435.74,434.61,435.64,2465799,"Neutral","Medium"
"2017-04-24","Tesla",436.2,440.5,435.87,438.13,623176,"Neutral","Low"
"2017-04-25","Tesla",434.59,438.91,433.7,436.18,1290217,"Neutral","High"
"2017-04-26","Amazon",441.22,443.73,439.43,440.97,2399554,"Positive","Medium"
"2017-04-27","Amazon",438.71,441.56,435.42,438.37,2323167,"Positive","Medium"
"2017-04-28","Microsoft",434.33,438.8,433.33,436.02,3550440,"Negative","Low"
"2017-04-29","Apple",435.23,437.55,433.06,435.38,1178211,"Neutral","High"
"2017-04-30","Tesla",439.3,440.05,437.34,439.93,1259308,"Positive","High"
"2017-05-01","Tesla",440.09,442.38,437.69,439.85,4955851,"Positive","Medium"
"2017-05-02","Apple",441.13,442.24,438.91,441.74,3863073,"Neutral","Medium"
"2017-05-03","Microsoft",440.04,444.78,437.95,442.41,3416659,"Neutral","Low"
"2017-05-04","Amazon",443.07,449.48,442.3,446.56,4800780,"Positive","Low"
"2017-05-05","Microsoft",446.63,447.29,443.6,445.74,2199880,"Positive","High"
"2017-05-06","Tesla",446.43,448.83,445.6,447.21,2813478,"Neutral","High"
"2017-05-07","Microsoft",448.01,449.69,445.85,446.44,3176691,"Negative","Low"
"2017-05-08","Microsoft",451.77,452.11,449.06,452.07,2822035,"Positive","High"
"2017-05-09","Microsoft",449.39,454.5,447.53,451.97,659622,"Negative","Low"
"2017-05-10","Apple",451.73,454.08,450.17,451.48,4948241,"Negative","Medium"
"2017-05-11","Google",450.67,452.57,445.84,447.75,1470989,"Negative","Low"
"2017-05-12","Tesla",444.13,448.32,443.86,447.63,4453629,"Negative","Low"
"2017-05-13","Google",442.31,446.46,440.06,444.23,3862852,"Positive","Low"
"2017-05-14","Tesla",444.05,444.32,443.53,444.24,2153321,"Positive","High"
"2017-05-15","Amazon",439.9,440.25,438.95,439.03,4045511,"Neutral","High"
"2017-05-16","Tesla",444.64,444.96,442.64,444.77,561239,"Neutral","High"
"2017-05-17","Google",446.52,449.22,442.55,445.21,4792887,"Positive","Low"
"2017-05-18","Apple",443.94,444.77,437.83,440.39,1922470,"Positive","Low"
"2017-05-19","Amazon",443.71,446.26,443.36,443.66,1954877,"Positive","High"
"2017-05-20","Amazon",446.79,447.87,443.82,445.07,3914121,"Positive","Low"
"2017-05-21","Apple",447.12,448.65,446.77,447.97,3832301,"Positive","High"
"2017-05-22","Microsoft",449.49,451.83,447.01,448.07,1971661,"Negative","Low"
"2017-05-23","Google",447.25,447.49,445.04,447.15,4105537,"Positive","Medium"
"2017-05-24","Tesla",444.35,446.42,441.71,445.82,936586,"Positive","High"
"2017-05-25","Google",444.99,447.49,439.95,442.83,796724,"Neutral","Low"
"2017-05-26","Tesla",439.83,443.81,438.29,441.72,3165454,"Positive","Medium"
"2017-05-27","Apple",437.69,441.89,436.49,439.99,1098298,"Positive","Low"
"2017-05-28","Microsoft",437.14,441.51,435.3,439.28,3010426,"Negative","High"
"2017-05-29","Tesla",441.09,442.79,439.12,440.74,2239285,"Negative","Low"
"2017-05-30","Apple",440.09,441.43,438.46,439.52,3976053,"Positive","High"
"2017-05-31","Google",441.53,442.08,440.93,442,4535513,"Positive","Low"
"2017-06-01","Apple",443.22,446.84,441.63,443.86,3842354,"Positive","Low"
"2017-06-02","Tesla",440.87,444.16,437.97,443.26,1110445,"Neutral","Medium"
"2017-06-03","Tesla",440.73,442.29,437.42,438.68,4334148,"Positive","High"
"2017-06-04","Google",437.55,438.52,436.34,437.64,2912086,"Neutral","High"
"2017-06-05","Tesla",441.09,441.28,438.72,440.9,801310,"Neutral","Low"
"2017-06-06","Google",439.96,440.65,438.8,438.91,3207621,"Neutral","Medium"
"2017-06-07","Tesla",437.54,439.63,437.29,437.56,3850165,"Positive","High"
"2017-06-08","Tesla",436.45,438.13,436.38,437.46,3802856,"Positive","Low"
"2017-06-09","Google",436.63,438.83,432.48,433.99,4452999,"Positive","Medium"
"2017-06-10","Apple",436.47,437.96,436.01,436.96,1525225,"Negative","Medium"
"2017-06-11","Amazon",437.69,438.42,433.9,435.55,3811800,"Negative","Medium"
"2017-06-12","Microsoft",439.66,441.2,438.88,439.57,830105,"Positive","High"
"2017-06-13","Google",442.7,444.97,440.76,441.35,1502606,"Neutral","Medium"
"2017-06-14","Apple",443.06,447.04,442.27,444.33,925283,"Positive","Low"
"2017-06-15","Microsoft",440.68,443.1,439.05,441.18,1035055,"Neutral","Low"
"2017-06-16","Tesla",445.11,447.7,442.61,444.62,2170008,"Neutral","Medium"
"2017-06-17","Google",449.52,452.35,445.94,446.75,1585433,"Positive","Low"
"2017-06-18","Tesla",446.81,449.31,446.22,447.69,912188,"Neutral","Low"
"2017-06-19","Google",451.77,452.6,447.67,448.87,1339922,"Neutral","Medium"
"2017-06-20","Amazon",449.77,449.77,445.85,446.89,4829356,"Positive","Medium"
"2017-06-21","Microsoft",447.41,449.57,446.63,448.91,2766343,"Negative","Low"
"2017-06-22","Apple",446.02,449.69,443.88,447.62,4671419,"Positive","Low"
"2017-06-23","Google",442.03,445.9,439.39,444.14,3181008,"Negative","Low"
"2017-06-24","Microsoft",448.22,448.64,446.11,446.84,619916,"Neutral","Medium"
"2017-06-25","Microsoft",450.87,452.24,445.01,447.62,1951735,"Neutral","High"
"2017-06-26","Google",446.88,449.95,445.3,447.92,2354770,"Neutral","Low"
"2017-06-27","Tesla",448.13,448.74,444.54,445.63,3681969,"Positive","Low"
"2017-06-28","Microsoft",449.51,450.82,446.57,449.92,3466952,"Positive","High"
"2017-06-29","Amazon",450.85,451.31,449.54,449.71,1560584,"Positive","High"
"2017-06-30","Tesla",447.53,448.45,442.61,445.14,3845717,"Positive","Medium"
"2017-07-01","Apple",447.47,451.01,445.75,450.17,1952120,"Positive","Medium"
"2017-07-02","Google",449.2,450.81,445.78,447.44,3518858,"Neutral","Low"
"2017-07-03","Google",448.42,448.79,447.66,447.92,1752060,"Neutral","Low"
"2017-07-04","Tesla",447.16,449.79,444.72,447.98,639601,"Negative","Medium"
"2017-07-05","Microsoft",451.38,452.72,447.88,449.77,2244841,"Positive","Low"
"2017-07-06","Google",449.33,451.33,446.55,447.13,2178940,"Neutral","Low"
"2017-07-07","Google",450.12,455.35,449.67,452.91,4636501,"Neutral","Medium"
"2017-07-08","Microsoft",447.16,453.22,444.28,450.67,3385427,"Positive","Low"
"2017-07-09","Amazon",449.61,453.55,448.61,452.84,2999321,"Positive","Medium"
"2017-07-10","Apple",453.18,456.73,451.97,455.69,2368217,"Negative","Low"
"2017-07-11","Microsoft",460.06,462.05,458.84,460.31,1281212,"Neutral","High"
"2017-07-12","Apple",454.76,458.18,452.97,456.74,3805258,"Positive","Low"
"2017-07-13","Microsoft",456.67,458.09,454.41,456.66,3158434,"Negative","Low"
"2017-07-14","Google",459.26,462.56,458.6,460.54,4977515,"Negative","Low"
"2017-07-15","Google",458.27,460.57,454.75,455.6,1595319,"Negative","Medium"
"2017-07-16","Microsoft",455.92,456.95,455.12,455.58,3190287,"Neutral","Low"
"2017-07-17","Apple",456.57,461.52,454.77,459.5,3569565,"Neutral","High"
"2017-07-18","Google",457.84,458.91,455.06,458.07,4798817,"Positive","Low"
"2017-07-19","Microsoft",460.46,461.9,458.94,460.15,1045687,"Negative","Low"
"2017-07-20","Amazon",456.84,458.77,456.05,458.49,2965011,"Neutral","Medium"
"2017-07-21","Google",457.6,459.96,456.45,458.35,1276181,"Positive","Low"
"2017-07-22","Apple",456.73,459.83,455.42,459.59,4983375,"Positive","Low"
"2017-07-23","Apple",458.35,458.51,456.86,457.36,4832531,"Neutral","Low"
"2017-07-24","Apple",454.68,456.68,452.71,454.33,3720537,"Neutral","Medium"
"2017-07-25","Google",454.48,457.5,453.25,456.96,988008,"Positive","Low"
"2017-07-26","Amazon",455.26,456.89,452.7,454.59,4043523,"Neutral","Medium"
"2017-07-27","Microsoft",450.11,453.63,449.34,452.34,1290112,"Positive","Medium"
"2017-07-28","Apple",454.1,458.63,452.77,457.99,1276487,"Neutral","Low"
"2017-07-29","Amazon",460.29,462.94,458.02,459.79,3698204,"Neutral","Medium"
"2017-07-30","Tesla",461.84,462.87,457.47,459.09,4115194,"Positive","Medium"
"2017-07-31","Microsoft",459.35,461.87,456.39,459.4,2844297,"Positive","Medium"
"2017-08-01","Google",463.22,464.11,458.9,460.71,4964282,"Neutral","Low"
"2017-08-02","Apple",463.78,466.76,461.83,464.14,1335761,"Negative","Medium"
"2017-08-03","Microsoft",460.74,464.1,459.7,461.55,4223142,"Positive","Medium"
"2017-08-04","Google",459.61,461.75,456.1,457.38,3391187,"Positive","Medium"
"2017-08-05","Google",457.46,459.1,454.72,455.85,3802331,"Positive","Low"
"2017-08-06","Amazon",457.33,461.41,454.79,460.59,602729,"Positive","High"
"2017-08-07","Tesla",463.05,463.31,459.83,461.28,2849761,"Neutral","High"
"2017-08-08","Apple",461.79,462.71,455.51,458.33,4077978,"Positive","Medium"
"2017-08-09","Google",461.44,463.95,461.08,463.19,3366315,"Positive","Low"
"2017-08-10","Google",458.69,461.71,458.05,460.38,3126529,"Negative","Low"
"2017-08-11","Apple",461.99,463.53,461.95,462.99,2724041,"Positive","Low"
"2017-08-12","Microsoft",464.88,470.05,463.47,467.7,1475071,"Neutral","Medium"
"2017-08-13","Amazon",469.08,469.77,465.71,467.65,700089,"Positive","High"
"2017-08-14","Tesla",467.65,468.58,465.92,467.23,1782367,"Negative","Medium"
"2017-08-15","Microsoft",465.53,468.28,463.28,463.52,1603010,"Negative","Low"
"2017-08-16","Amazon",463.04,464.19,460.73,464.02,2975647,"Positive","Low"
"2017-08-17","Tesla",462.77,462.87,460.02,461.99,2205695,"Positive","Low"
"2017-08-18","Google",458.99,461.59,454.62,457.62,2005297,"Positive","Medium"
"2017-08-19","Amazon",456.94,457.32,452.89,455.82,4335540,"Positive","Medium"
"2017-08-20","Amazon",453.68,455.04,452.54,453.13,1817973,"Positive","High"
"2017-08-21","Google",456.43,457.06,452.73,454.28,3303684,"Positive","Medium"
"2017-08-22","Amazon",451.21,454.51,449.86,452.61,4342566,"Positive","Medium"
"2017-08-23","Tesla",453.84,454.29,451.6,453.95,2302882,"Negative","Low"
"2017-08-24","Amazon",453.31,454.43,450.36,453.33,1309127,"Neutral","Low"
"2017-08-25","Apple",452.89,453.77,451.44,453.39,2671790,"Positive","Low"
"2017-08-26","Apple",456.04,457.22,453.36,455.38,4689430,"Neutral","Low"
"2017-08-27","Apple",454.21,455.84,452.68,455.15,1775326,"Neutral","Medium"
"2017-08-28","Apple",456.86,461.11,454.55,458.85,2049235,"Neutral","Low"
"2017-08-29","Amazon",460.41,464.78,458.73,462.22,1575154,"Positive","Low"
"2017-08-30","Microsoft",459.9,461.37,458.42,460.97,1231465,"Positive","Medium"
"2017-08-31","Google",464.42,466.42,461.23,463.43,1500351,"Positive","Low"
"2017-09-01","Tesla",465.69,467.31,461.22,463.88,716126,"Negative","High"
"2017-09-02","Apple",468.64,469.11,464.31,467.16,2495252,"Positive","High"
"2017-09-03","Tesla",467.58,470.65,467.4,467.85,1200732,"Neutral","Low"
"2017-09-04","Google",467.66,471.05,466.29,468.66,3885835,"Positive","High"
"2017-09-05","Apple",472.38,475.31,470.55,472.85,4095967,"Negative","Low"
"2017-09-06","Microsoft",473.11,475.71,472.82,475.01,4017016,"Neutral","Low"
"2017-09-07","Tesla",476.05,478.81,472.27,474.55,3522513,"Neutral","Medium"
"2017-09-08","Amazon",476.63,477.1,474.76,476.65,1854113,"Neutral","Medium"
"2017-09-09","Amazon",480.19,480.87,480.08,480.24,3501968,"Positive","Medium"
"2017-09-10","Apple",483.41,485.84,481.59,483.02,4161940,"Positive","Low"
"2017-09-11","Amazon",482.69,485.39,479.75,481.26,597231,"Negative","Medium"
"2017-09-12","Microsoft",480.41,483.28,478.24,479.43,4519475,"Negative","Low"
"2017-09-13","Microsoft",478.77,479.45,475.12,477.8,3203024,"Negative","Medium"
"2017-09-14","Google",479.37,483.14,477.25,480.4,3223121,"Negative","Medium"
"2017-09-15","Microsoft",482.59,485.13,478.68,479.07,606245,"Neutral","Low"
"2017-09-16","Google",479.57,482.07,475.54,477.71,4531965,"Neutral","Medium"
"2017-09-17","Microsoft",477.64,480.58,474.98,477.77,896545,"Neutral","Low"
"2017-09-18","Microsoft",483.98,484.68,481.81,483.17,2985131,"Positive","Medium"
"2017-09-19","Microsoft",482.59,485.95,480.89,484.62,1729495,"Positive","High"
"2017-09-20","Amazon",485.03,488.44,482.98,485.47,4139815,"Neutral","Medium"
"2017-09-21","Apple",483.82,487.84,483.12,485.91,3595659,"Neutral","Medium"
"2017-09-22","Tesla",485.33,488.03,480.76,483.51,1606067,"Negative","High"
"2017-09-23","Amazon",484.75,487.11,481.51,483.68,3170301,"Negative","Medium"
"2017-09-24","Google",488.43,491.26,484.35,486.46,3846232,"Positive","Medium"
"2017-09-25","Tesla",490.86,492.91,490.2,490.78,1342214,"Positive","Low"
"2017-09-26","Google",490.35,494.77,490.17,491.91,3928608,"Neutral","Medium"
"2017-09-27","Tesla",489.9,491.82,488.5,488.86,2106656,"Positive","Low"
"2017-09-28","Apple",492.69,494.55,491.57,491.67,1778646,"Negative","Low"
"2017-09-29","Tesla",491.13,493.18,488.9,489.79,3171061,"Positive","Medium"
"2017-09-30","Tesla",489.21,490.05,486.41,489.99,1132925,"Positive","Low"
"2017-10-01","Google",491.7,492.64,489.35,492.21,3456235,"Negative","Medium"
"2017-10-02","Microsoft",491.56,495.85,490.91,493.47,4087723,"Neutral","Low"
"2017-10-03","Tesla",494.85,496.71,494.07,494.92,2124030,"Positive","Low"
"2017-10-04","Tesla",495.79,501.02,493.66,498.13,4385898,"Positive","Low"
"2017-10-05","Google",494.91,497.54,492.18,493.28,1210958,"Positive","Medium"
"2017-10-06","Amazon",496.39,498,494.95,495.69,3344955,"Positive","Medium"
"2017-10-07","Microsoft",495.05,495.44,491.67,493.7,680136,"Positive","Medium"
"2017-10-08","Microsoft",494.3,495.46,491.67,494.18,4170003,"Positive","High"
"2017-10-09","Tesla",491.49,493.98,489.17,491.57,2428260,"Positive","Low"
"2017-10-10","Microsoft",490.79,493.56,488.27,490.77,2993496,"Positive","Medium"
"2017-10-11","Google",490.45,491.06,488.6,488.7,726936,"Negative","Low"
"2017-10-12","Apple",490.16,492.08,486.17,489.04,628783,"Negative","Medium"
"2017-10-13","Microsoft",487.81,489.25,486.73,487.68,2879469,"Positive","Medium"
"2017-10-14","Microsoft",487.28,490.95,487.01,488.83,1384301,"Neutral","Low"
"2017-10-15","Google",492.29,494.89,488.88,491.8,2115172,"Positive","Medium"
"2017-10-16","Google",495.5,498.37,491.65,493.19,3710221,"Neutral","Medium"
"2017-10-17","Apple",491.78,493.63,488.83,489.51,979129,"Neutral","High"
"2017-10-18","Google",491.58,495.66,489.82,492.73,4437302,"Negative","Medium"
"2017-10-19","Google",492.07,492.84,490.19,492.4,667299,"Positive","Low"
"2017-10-20","Google",492.4,496.13,489.7,494.97,4738702,"Neutral","Low"
"2017-10-21","Amazon",495.04,497.84,492.47,496.53,2062900,"Positive","Medium"
"2017-10-22","Tesla",496.42,499.12,494.41,496.37,809850,"Positive","High"
"2017-10-23","Google",497.17,499.26,496,496.95,2462690,"Positive","Low"
"2017-10-24","Microsoft",496.03,501.42,493.88,499.91,3647019,"Neutral","High"
"2017-10-25","Amazon",501.31,504.78,501.12,502.5,4354243,"Positive","Low"
"2017-10-26","Tesla",503.71,506.01,500.05,501.2,2819553,"Positive","Medium"
"2017-10-27","Apple",498.29,499.51,496.65,498.64,2886842,"Neutral","Medium"
"2017-10-28","Amazon",500.89,503.02,499.24,501.71,3183504,"Positive","Low"
"2017-10-29","Amazon",502.18,503.81,501.52,501.61,3983579,"Neutral","Medium"
"2017-10-30","Google",498.69,499.12,497.82,498.08,4017412,"Neutral","High"
"2017-10-31","Google",497.17,498.59,496.06,497.56,4524914,"Negative","Medium"
"2017-11-01","Google",494.05,496.89,492.86,495.79,1169862,"Neutral","Medium"
"2017-11-02","Tesla",497.91,498.35,494.35,494.76,1627705,"Positive","Medium"
"2017-11-03","Microsoft",495.32,497.81,494.09,495.21,1813135,"Neutral","Low"
"2017-11-04","Apple",493.2,499.18,490.9,496.67,2105594,"Negative","Low"
"2017-11-05","Apple",496.03,498.91,494.24,497.81,2899797,"Negative","Low"
"2017-11-06","Apple",494.49,494.9,492.47,494.59,2739303,"Neutral","Low"
"2017-11-07","Microsoft",497.77,499.05,497.67,498.41,3763945,"Positive","Medium"
"2017-11-08","Google",502.56,505.16,499.73,501.67,2867871,"Positive","Low"
"2017-11-09","Amazon",499.26,501.98,497.66,499.55,1706745,"Positive","Medium"
"2017-11-10","Microsoft",496.44,496.59,493.14,494.83,3446635,"Positive","Low"
"2017-11-11","Microsoft",494.01,495.49,492.22,493.52,2318515,"Negative","Low"
"2017-11-12","Microsoft",495.85,500.08,494.64,498.81,1801268,"Negative","High"
"2017-11-13","Microsoft",498.75,500.03,495.76,499.37,1757155,"Positive","High"
"2017-11-14","Microsoft",503.57,504.14,500.27,502.98,4576850,"Negative","Medium"
"2017-11-15","Microsoft",502.2,504.72,499.07,500.53,1696306,"Positive","Medium"
"2017-11-16","Microsoft",503.37,505.92,500.58,503.98,4605976,"Positive","Low"
"2017-11-17","Amazon",501.46,501.76,499.84,501.33,1705443,"Positive","Medium"
"2017-11-18","Google",504.29,506.78,502.34,504.85,629047,"Negative","High"
"2017-11-19","Apple",501.42,501.43,497.16,499.47,4966009,"Positive","Low"
"2017-11-20","Google",500.08,502.68,498.25,499.5,918785,"Negative","High"
"2017-11-21","Microsoft",497.71,500.44,496.84,498.7,743587,"Positive","Medium"
"2017-11-22","Tesla",497.6,499.94,496.73,498.95,1945560,"Neutral","Low"
"2017-11-23","Amazon",497.69,501.35,496.28,499.33,4506124,"Positive","Medium"
"2017-11-24","Amazon",500.21,502.49,497.09,498.36,677004,"Positive","High"
"2017-11-25","Apple",496.25,497.29,496.06,497.12,1804985,"Positive","Medium"
"2017-11-26","Apple",496.49,497.66,493.18,494.44,2644486,"Neutral","Medium"
"2017-11-27","Tesla",492.15,493.94,491.23,492.88,4667050,"Neutral","Low"
"2017-11-28","Apple",494.42,495.07,493.32,494.53,3711285,"Negative","Low"
"2017-11-29","Amazon",494.44,494.94,491.61,494.2,4642893,"Positive","Low"
"2017-11-30","Google",495.9,497.59,491.63,492.2,1189861,"Positive","Low"
"2017-12-01","Google",494.28,496.4,491,493.44,1482569,"Positive","Low"
"2017-12-02","Google",493.89,494.36,492.63,494.21,4441679,"Positive","Medium"
"2017-12-03","Amazon",493.49,495.91,492.13,495.04,1550410,"Positive","Medium"
"2017-12-04","Apple",492.44,494.82,491.26,492.9,3480076,"Positive","Medium"
"2017-12-05","Apple",494.24,496.38,492.35,493.05,3840030,"Positive","Medium"
"2017-12-06","Microsoft",495.96,498.87,492.9,495.45,3462752,"Positive","Medium"
"2017-12-07","Microsoft",492.4,495.62,489.8,492.67,2360927,"Positive","Low"
"2017-12-08","Google",491.27,495.33,489.2,492.49,3608999,"Negative","Medium"
"2017-12-09","Apple",493.49,496.43,492.61,493.55,3056172,"Neutral","Medium"
"2017-12-10","Amazon",494.19,494.79,491.24,493.57,685373,"Positive","Low"
"2017-12-11","Microsoft",498.66,501.25,497.95,499.69,1642761,"Positive","Low"
"2017-12-12","Amazon",495.83,497.97,493.8,496.26,2631317,"Neutral","Low"
"2017-12-13","Amazon",494.11,496.97,493.34,495.27,2814055,"Positive","High"
"2017-12-14","Microsoft",499.22,500.3,495.32,497.21,3492703,"Positive","Medium"
"2017-12-15","Apple",493.67,494.62,493.16,493.49,1178999,"Negative","Medium"
"2017-12-16","Amazon",497.64,497.9,492.39,495.17,2082705,"Positive","Medium"
"2017-12-17","Amazon",492.17,497.62,490.51,495.78,4039009,"Neutral","Low"
"2017-12-18","Google",492.33,493.62,490.02,492.58,4353491,"Positive","Low"
"2017-12-19","Microsoft",494.94,496.19,493.31,494.38,4105167,"Neutral","Low"
"2017-12-20","Microsoft",498.53,501.39,497.75,498.16,3846914,"Negative","High"
"2017-12-21","Google",501.52,502.72,498.83,500.54,4567451,"Positive","Medium"
"2017-12-22","Apple",497.73,501.3,495.94,498.4,3619045,"Neutral","Low"
"2017-12-23","Amazon",495.35,499.29,494.07,497.39,4181456,"Negative","Medium"
"2017-12-24","Amazon",494.96,497.42,493.07,493.82,3686336,"Neutral","Medium"
"2017-12-25","Amazon",494.5,498.11,492.33,495.19,1686275,"Neutral","Medium"
"2017-12-26","Tesla",497.38,497.44,494.49,494.78,2672585,"Negative","Low"
"2017-12-27","Tesla",495.44,497.89,494.73,497.04,2794546,"Negative","Low"
"2017-12-28","Tesla",497.99,500.83,494.63,497.18,1708371,"Positive","Medium"
"2017-12-29","Amazon",495.85,499.35,495.78,497.11,2002945,"Positive","Medium"
"2017-12-30","Apple",494.61,496.51,491.14,492.55,1215672,"Neutral","Medium"
"2017-12-31","Microsoft",492,495.51,490.61,494.31,3490027,"Positive","Low"
"2018-01-01","Microsoft",491.93,493.19,489.18,491.5,609338,"Positive","High"
"2018-01-02","Amazon",494.26,497.02,492.44,493.9,3653494,"Neutral","Medium"
"2018-01-03","Amazon",493.75,495.35,490.98,494.44,3306450,"Positive","Medium"
"2018-01-04","Microsoft",495.54,497.99,494.32,495.16,1704353,"Positive","Medium"
"2018-01-05","Google",494.76,495.98,493.15,494.62,1989519,"Neutral","Medium"
"2018-01-06","Tesla",491.56,492.93,490.14,492,1950636,"Neutral","Medium"
"2018-01-07","Apple",491.56,494.83,489.38,493.81,4452147,"Positive","High"
"2018-01-08","Microsoft",494.02,496.75,490.63,493.05,2347039,"Positive","Low"
"2018-01-09","Apple",490.52,492.23,489.14,490.6,3096872,"Neutral","Medium"
"2018-01-10","Google",495.9,497.18,492.03,494.75,541525,"Positive","Medium"
"2018-01-11","Tesla",497.71,497.78,496.28,497.75,1887727,"Neutral","Medium"
"2018-01-12","Apple",499.17,501.51,498.09,499.86,1040383,"Neutral","High"
"2018-01-13","Amazon",500.04,503.02,497.78,498.99,1570968,"Negative","High"
"2018-01-14","Tesla",504.69,505.24,502.3,504.02,1999929,"Positive","High"
"2018-01-15","Microsoft",502.64,505.68,499.71,504.6,1635518,"Positive","Medium"
"2018-01-16","Microsoft",504.02,506.68,503.88,505.46,1200506,"Positive","Low"
"2018-01-17","Apple",504.49,507.33,502.7,502.79,4091562,"Positive","Medium"
"2018-01-18","Tesla",507.17,510.2,505.7,508.83,4899788,"Positive","Low"
"2018-01-19","Microsoft",505.04,509.84,504.85,507.43,2494973,"Positive","Medium"
"2018-01-20","Microsoft",509.22,510.21,506.74,507.24,3014788,"Neutral","Low"
"2018-01-21","Tesla",510.58,511.79,508.61,509.02,4965751,"Negative","Medium"
"2018-01-22","Apple",514.65,515.4,513.83,514.98,4236398,"Positive","Low"
"2018-01-23","Amazon",509.3,511.13,506.5,510.12,2264397,"Negative","High"
"2018-01-24","Google",509.81,511.94,508.92,509.41,3646767,"Positive","Medium"
"2018-01-25","Microsoft",512.29,515.11,511.66,512.1,850371,"Positive","Medium"
"2018-01-26","Apple",516.99,519.85,512.78,515.59,3013150,"Negative","Medium"
"2018-01-27","Amazon",514.47,515.33,512.44,514.32,2993403,"Negative","Medium"
"2018-01-28","Microsoft",513.26,515.89,511.02,515.68,3079952,"Positive","Medium"
"2018-01-29","Apple",516.08,518.47,513.78,517.99,2642786,"Neutral","Low"
"2018-01-30","Microsoft",518.29,520.19,517.53,518.36,3358635,"Negative","Medium"
"2018-01-31","Amazon",519.86,522.27,519.43,519.48,4964657,"Neutral","High"
"2018-02-01","Apple",521.59,524.1,518.92,519.02,3324060,"Positive","Low"
"2018-02-02","Tesla",522.96,525.27,521.92,524.01,2253022,"Positive","Medium"
"2018-02-03","Google",524.26,525.03,518.66,521.11,593649,"Neutral","High"
"2018-02-04","Microsoft",523.24,524.97,522.59,523.31,2283090,"Positive","Low"
"2018-02-05","Microsoft",523.89,524.95,522.31,524.44,3466529,"Negative","Low"
"2018-02-06","Google",527.94,530.45,527.18,527.99,4790726,"Neutral","Low"
"2018-02-07","Tesla",525.9,527.43,523.85,527.41,2982263,"Neutral","High"
"2018-02-08","Apple",527.19,532.86,524.75,530.08,3647813,"Negative","Low"
"2018-02-09","Apple",526.5,529.81,526.05,529.04,3209308,"Neutral","Low"
"2018-02-10","Tesla",530.09,531.8,529.61,530.98,1561035,"Positive","High"
"2018-02-11","Tesla",533.08,533.08,531.83,532.67,2262230,"Positive","Low"
"2018-02-12","Tesla",531.22,533.68,529.35,531.78,4054165,"Positive","Low"
"2018-02-13","Apple",535.37,536.09,533.79,535.18,1066409,"Positive","High"
"2018-02-14","Google",532.53,534.4,532.06,532.12,725171,"Positive","Low"
"2018-02-15","Apple",534.12,535.29,530.62,532.94,2988409,"Positive","Medium"
"2018-02-16","Tesla",537.83,539.76,534.6,537.16,4709501,"Positive","Medium"
"2018-02-17","Microsoft",533.21,534.15,530.68,533.91,1257221,"Positive","Low"
"2018-02-18","Apple",533.82,536.67,530.42,532.59,1199174,"Positive","Low"
"2018-02-19","Google",534.71,539.8,532.68,537.18,2239082,"Neutral","Low"
"2018-02-20","Tesla",537.36,538.42,536.32,536.66,3633421,"Positive","High"
"2018-02-21","Amazon",536.37,540.03,534.14,537.37,2238578,"Positive","High"
"2018-02-22","Tesla",540.5,543.02,538.75,539.26,1165085,"Positive","Low"
"2018-02-23","Apple",543.01,543.47,540.34,543.09,4693266,"Positive","Low"
"2018-02-24","Google",545.74,546.19,543.55,545,1798950,"Positive","Medium"
"2018-02-25","Tesla",544.64,546.79,541.85,544.15,1428604,"Positive","Medium"
"2018-02-26","Microsoft",547.33,549.11,546.63,548.79,950418,"Positive","Low"
"2018-02-27","Apple",550.64,552.44,548.88,549.05,814965,"Neutral","Medium"
"2018-02-28","Apple",551.54,555.85,549.99,554.87,3372168,"Negative","Medium"
"2018-03-01","Apple",549.12,553.18,547.15,550.31,1608595,"Neutral","Low"
"2018-03-02","Microsoft",545.55,547.63,545.43,547.06,1082134,"Positive","High"
"2018-03-03","Microsoft",542.97,545.47,541.36,542.99,4796405,"Neutral","Low"
"2018-03-04","Apple",541.81,542.16,539.87,541.18,4653727,"Neutral","Low"
"2018-03-05","Apple",544.79,546.96,543.56,544.22,2721288,"Neutral","Medium"
"2018-03-06","Microsoft",541.88,544.33,540.98,541.83,1700571,"Negative","Medium"
"2018-03-07","Amazon",540.74,542.04,536.89,539.29,2551480,"Neutral","Low"
"2018-03-08","Microsoft",538.69,542.28,538.62,541.56,4323637,"Neutral","Medium"
"2018-03-09","Microsoft",543.84,544.09,539.29,542.2,4946863,"Positive","Low"
"2018-03-10","Apple",546.76,547.01,540.34,543.01,2596218,"Neutral","Medium"
"2018-03-11","Amazon",547.06,549.21,544.1,547.14,4885044,"Positive","Low"
"2018-03-12","Amazon",545.88,549.4,544.1,548.19,4415019,"Neutral","Low"
"2018-03-13","Microsoft",549.3,551.05,547.69,548.25,4188580,"Negative","Medium"
"2018-03-14","Microsoft",550.89,554.57,549.46,551.92,4167782,"Neutral","Low"
"2018-03-15","Microsoft",551.25,554.22,550.61,550.87,2903645,"Positive","Medium"
"2018-03-16","Google",555.1,556.99,553.15,555.47,1233166,"Positive","Low"
"2018-03-17","Tesla",552.93,554.57,551.95,552.7,2583543,"Positive","Medium"
"2018-03-18","Tesla",551.17,554.74,550.5,552.77,4950635,"Positive","Low"
"2018-03-19","Apple",552.09,556.84,551.42,553.84,1023517,"Positive","Low"
"2018-03-20","Microsoft",552.55,554.64,550.51,551.97,2386100,"Positive","Medium"
"2018-03-21","Apple",554.71,558.29,552.75,556.16,2554031,"Positive","High"
"2018-03-22","Microsoft",553.37,554.12,549.36,550.21,3699763,"Negative","High"
"2018-03-23","Tesla",554.38,554.39,549.93,551.89,4383168,"Positive","Low"
"2018-03-24","Microsoft",553.19,553.49,550.87,552.42,4129824,"Neutral","Low"
"2018-03-25","Apple",554.96,556.69,553.07,553.87,1079734,"Positive","Low"
"2018-03-26","Microsoft",553.9,556.38,552.07,554.44,2451716,"Negative","Low"
"2018-03-27","Tesla",553.14,556,551.91,554.29,3431235,"Negative","High"
"2018-03-28","Microsoft",556.24,558.42,555.07,558.26,4913902,"Neutral","Medium"
"2018-03-29","Microsoft",556.22,557.08,553.03,553.42,2009292,"Positive","Medium"
"2018-03-30","Tesla",555.6,558.03,551.69,554.17,1107036,"Neutral","Low"
"2018-03-31","Microsoft",553.48,555.56,550.64,551.74,881124,"Neutral","Medium"
"2018-04-01","Google",551.27,552.53,547.3,549.16,4588226,"Negative","Low"
"2018-04-02","Apple",555.11,556.17,552.63,555.65,4526598,"Neutral","Low"
"2018-04-03","Google",552.07,555.86,549.21,554.77,4693129,"Positive","Medium"
"2018-04-04","Amazon",553.47,553.63,551.81,552.41,4911083,"Negative","Medium"
"2018-04-05","Tesla",555.49,555.95,552.55,554.57,3848611,"Positive","Low"
"2018-04-06","Apple",551.72,554.26,548.6,550.58,2803531,"Neutral","Low"
"2018-04-07","Amazon",550.44,553.28,547.62,548.26,730974,"Positive","Low"
"2018-04-08","Apple",548.75,551.23,548.17,548.39,3311165,"Neutral","Low"
"2018-04-09","Apple",544.68,545.52,543.73,544.57,1077783,"Positive","High"
"2018-04-10","Apple",543.21,543.47,540.54,543.46,4578767,"Neutral","Medium"
"2018-04-11","Microsoft",546.72,549.08,546.43,547.79,2358226,"Neutral","Low"
"2018-04-12","Apple",546.22,546.65,544.74,546.25,1934377,"Neutral","Low"
"2018-04-13","Amazon",550.2,550.67,548.75,549.18,607311,"Neutral","Medium"
"2018-04-14","Amazon",548.12,549.71,546.89,548.44,573000,"Neutral","High"
"2018-04-15","Amazon",545.29,548.93,544.78,548.78,3014692,"Neutral","High"
"2018-04-16","Amazon",552.3,552.4,549.36,550.56,3457187,"Neutral","Medium"
"2018-04-17","Microsoft",555.26,557.71,550.11,552.6,2426904,"Negative","Low"
"2018-04-18","Microsoft",553.1,555.11,549.29,551.95,2784060,"Positive","Medium"
"2018-04-19","Google",555.04,555.94,552.87,554.55,1172674,"Positive","High"
"2018-04-20","Apple",554.32,557.4,552.56,555.44,2751948,"Positive","Medium"
"2018-04-21","Amazon",552.86,554.83,550.21,552.8,535889,"Neutral","Low"
"2018-04-22","Microsoft",554.73,557.77,553.24,555.44,862310,"Positive","Low"
"2018-04-23","Amazon",557.7,560.09,554.85,558.02,3764059,"Neutral","Medium"
"2018-04-24","Amazon",559.77,560.2,558.05,559.66,4883607,"Positive","Medium"
"2018-04-25","Amazon",558.79,559.35,555.99,557.33,4223196,"Positive","High"
"2018-04-26","Microsoft",554.13,555.68,551.31,555.45,4092039,"Neutral","Low"
"2018-04-27","Google",554.86,556.19,553.65,554.26,3494771,"Positive","Medium"
"2018-04-28","Apple",556.83,558.48,555.58,558.38,708611,"Positive","Low"
"2018-04-29","Google",560.64,564.37,558.75,561.51,3650893,"Positive","Medium"
"2018-04-30","Apple",562.19,567.28,559.41,565.04,3567748,"Negative","Medium"
"2018-05-01","Apple",564.49,569.27,561.51,566.63,4839281,"Positive","Low"
"2018-05-02","Apple",564.09,566.59,561.92,562.01,2804160,"Neutral","Medium"
"2018-05-03","Amazon",563.84,567.79,561.08,566.95,3921533,"Neutral","Medium"
"2018-05-04","Amazon",569.34,571.4,565.69,568.2,883264,"Positive","High"
"2018-05-05","Apple",566.44,566.68,565.31,566.43,4244033,"Neutral","Medium"
"2018-05-06","Apple",562.05,565.13,560.86,563.72,1379613,"Positive","Medium"
"2018-05-07","Microsoft",559.58,561.51,557.59,560.38,3518084,"Negative","Medium"
"2018-05-08","Microsoft",559.01,561.65,557.25,558.89,4256771,"Positive","High"
"2018-05-09","Google",558.39,559.64,557.79,558.6,4300044,"Positive","Low"
"2018-05-10","Google",563.89,566.05,560.9,562.77,1464654,"Positive","Low"
"2018-05-11","Amazon",562.14,564.42,560.89,562.75,3644026,"Neutral","Low"
"2018-05-12","Google",560.04,563.32,559.67,561.38,4846715,"Negative","High"
"2018-05-13","Apple",561.69,564.18,560.1,560.84,4203211,"Positive","High"
"2018-05-14","Apple",562.58,565.57,561.74,563.69,3033270,"Positive","Low"
"2018-05-15","Google",564.72,568.36,563.76,566.87,4499940,"Negative","High"
"2018-05-16","Google",561.52,562.22,560.32,560.98,3900174,"Positive","Medium"
"2018-05-17","Apple",562.84,564.99,560.44,560.6,4924915,"Positive","Low"
"2018-05-18","Amazon",565.23,566.59,562.32,565.91,3948491,"Positive","Low"
"2018-05-19","Amazon",566.21,567.45,562.39,564.69,562626,"Positive","High"
"2018-05-20","Amazon",568.8,569.33,565.2,567.47,1003727,"Positive","Medium"
"2018-05-21","Apple",565.08,566.8,565.07,565.92,4189054,"Positive","Medium"
"2018-05-22","Google",564.05,567.94,561.86,565.36,2360382,"Positive","Medium"
"2018-05-23","Apple",567.99,569.67,564.38,567.22,3915937,"Neutral","Medium"
"2018-05-24","Microsoft",570.15,576.8,567.63,573.97,909129,"Positive","High"
"2018-05-25","Apple",573.25,574.43,570.99,573.39,2032657,"Positive","Medium"
"2018-05-26","Google",573.87,575.95,569.12,570.76,3410112,"Positive","Medium"
"2018-05-27","Amazon",569.9,572.71,567.76,569.09,1444051,"Neutral","Medium"
"2018-05-28","Amazon",572.68,574.88,570.1,573.28,1444689,"Positive","Low"
"2018-05-29","Google",570.91,571.66,569.55,571.64,3729869,"Neutral","Low"
"2018-05-30","Microsoft",576.56,578,574.22,575.13,4591345,"Positive","Medium"
"2018-05-31","Microsoft",576.55,579.28,573.67,575.7,4917292,"Neutral","High"
"2018-06-01","Amazon",577.14,581.99,576.37,579.11,505739,"Negative","Medium"
"2018-06-02","Amazon",581.77,584.37,578.79,580.24,1244171,"Neutral","Low"
"2018-06-03","Google",583.05,585.97,583,585.18,3601524,"Positive","Low"
"2018-06-04","Google",590.53,592.09,587.56,588.17,2813007,"Negative","Medium"
"2018-06-05","Microsoft",591.96,592.8,589.97,590.75,4669018,"Positive","Low"
"2018-06-06","Google",588.54,591.39,587.32,591.31,3864235,"Positive","High"
"2018-06-07","Microsoft",588.04,590.61,585.49,589.21,2049546,"Neutral","Low"
"2018-06-08","Google",591.8,593.24,589.37,591.63,3876568,"Negative","High"
"2018-06-09","Amazon",594.32,596.72,593.11,593.27,3822624,"Positive","Low"
"2018-06-10","Google",592.48,594.56,590.74,591.11,1811934,"Neutral","Low"
"2018-06-11","Tesla",588.32,592.45,587.13,590.1,4232180,"Neutral","Low"
"2018-06-12","Microsoft",588.69,589.96,586.92,589.07,2992804,"Neutral","Medium"
"2018-06-13","Tesla",591.8,593.19,590.93,591.02,4427160,"Positive","Medium"
"2018-06-14","Amazon",595.86,598.65,595.34,595.54,2419246,"Positive","Low"
"2018-06-15","Apple",598.49,600.91,595.32,598.06,3671294,"Positive","Low"
"2018-06-16","Tesla",595.43,596.92,594.21,596.8,3037554,"Positive","High"
"2018-06-17","Tesla",593.61,595.05,592.63,594.33,3890895,"Neutral","Medium"
"2018-06-18","Microsoft",592.39,594.27,590.89,592.02,2585626,"Positive","Low"
"2018-06-19","Amazon",591.69,594.38,589.42,593.1,1841866,"Positive","Low"
"2018-06-20","Microsoft",589.15,594.01,586.47,592.3,4971943,"Positive","Medium"
"2018-06-21","Apple",590.64,590.84,588.06,588.71,1175855,"Positive","Low"
"2018-06-22","Apple",589.65,591.84,589.02,590.39,3264597,"Positive","Low"
"2018-06-23","Microsoft",590.66,592.78,589.63,592.26,4026192,"Negative","Medium"
"2018-06-24","Tesla",594.38,596.79,593.84,594,2872901,"Positive","High"
"2018-06-25","Microsoft",588.9,590.43,588.34,588.5,3242170,"Neutral","Low"
"2018-06-26","Apple",587.57,590.69,586.64,589.74,2375843,"Positive","Medium"
"2018-06-27","Amazon",586.28,589.5,584.55,587.27,2792155,"Positive","Low"
"2018-06-28","Microsoft",582.72,588.27,579.9,585.88,2883712,"Neutral","Low"
"2018-06-29","Tesla",585.65,586.48,581.54,584.41,4697863,"Neutral","Low"
"2018-06-30","Microsoft",589.33,592.05,585.62,586.32,2157854,"Neutral","Low"
"2018-07-01","Google",587.92,588.12,584.6,585.7,2077391,"Negative","Low"
"2018-07-02","Amazon",585.81,588.27,582.42,585.41,2256862,"Neutral","Medium"
"2018-07-03","Google",585.25,587.62,584.92,585.48,2001256,"Positive","Low"
"2018-07-04","Apple",587.56,588.59,585.22,586.86,4533299,"Neutral","Low"
"2018-07-05","Google",587.85,588.21,585.68,587.2,3463236,"Positive","Low"
"2018-07-06","Google",590.66,591.35,589.11,589.29,3562580,"Neutral","Medium"
"2018-07-07","Amazon",592.83,593.7,588.93,591.03,1508014,"Positive","Medium"
"2018-07-08","Google",591.87,592.56,588.45,591.01,2762735,"Neutral","High"
"2018-07-09","Microsoft",590.81,593.13,588.44,589.77,2622785,"Negative","Medium"
"2018-07-10","Apple",593.38,596.17,590.87,595.6,3105923,"Neutral","Low"
"2018-07-11","Apple",596.97,598.41,591.54,593.39,3903129,"Positive","Medium"
"2018-07-12","Microsoft",595.32,597.6,594.8,595.65,4306691,"Neutral","High"
"2018-07-13","Amazon",595.12,596.29,594.72,595.66,4655286,"Neutral","Low"
"2018-07-14","Microsoft",589.24,591.58,586.46,589.79,4654390,"Positive","Low"
"2018-07-15","Tesla",592.87,594.57,592.36,593.37,1741460,"Neutral","Low"
"2018-07-16","Google",593.84,594.71,591.17,591.72,4629587,"Positive","Low"
"2018-07-17","Google",592.75,593.71,586.82,589.69,3109830,"Neutral","Low"
"2018-07-18","Tesla",591.65,593.69,588.8,592.07,1539991,"Neutral","High"
"2018-07-19","Amazon",589.92,591.17,587.9,591.1,1632420,"Positive","Low"
"2018-07-20","Microsoft",586.77,587.35,585.43,587.23,2241610,"Positive","Low"
"2018-07-21","Microsoft",586.25,588.07,584.02,586.45,3822771,"Neutral","Medium"
"2018-07-22","Microsoft",588.11,589.74,585.33,588.06,3191939,"Neutral","Medium"
"2018-07-23","Google",587.27,591.71,584.58,589.79,2617078,"Positive","Medium"
"2018-07-24","Apple",588.9,589.4,583.91,585.54,4534392,"Negative","Low"
"2018-07-25","Amazon",588.3,589.3,588.24,588.29,2374101,"Positive","Medium"
"2018-07-26","Tesla",585.43,587.02,582.27,584.13,2138554,"Positive","Low"
"2018-07-27","Google",587.84,590.58,585.56,586.15,3463827,"Positive","Medium"
"2018-07-28","Tesla",590.41,592.28,587.96,591.64,4803060,"Positive","Low"
"2018-07-29","Google",594.01,596.74,592.33,594.39,4114053,"Negative","Low"
"2018-07-30","Amazon",594.64,595.67,593.6,594.32,3814874,"Positive","Low"
"2018-07-31","Google",594.29,596.57,591.71,594.1,3867187,"Neutral","High"
"2018-08-01","Tesla",591.12,596.72,589.6,593.85,3119566,"Positive","Low"
"2018-08-02","Apple",591.84,592.67,588.46,591.16,1983517,"Negative","High"
"2018-08-03","Amazon",593.43,593.79,589.5,592.39,4780908,"Neutral","Low"
"2018-08-04","Tesla",594.57,597.38,594.25,596.99,2081894,"Positive","Medium"
"2018-08-05","Microsoft",593.19,593.63,588.17,590.5,4554891,"Neutral","Low"
"2018-08-06","Amazon",591.28,595.06,588.48,593.7,2938392,"Negative","Low"
"2018-08-07","Microsoft",598.82,600.32,594.43,595.86,2865547,"Neutral","Low"
"2018-08-08","Microsoft",597.25,597.96,595.59,597.54,2706864,"Positive","Medium"
"2018-08-09","Apple",598.61,600.99,597.73,598.85,3117589,"Positive","Medium"
"2018-08-10","Apple",599.88,603.48,597.02,601.44,2847803,"Positive","Low"
"2018-08-11","Google",601.76,605.79,600.91,604.16,3416952,"Neutral","Low"
"2018-08-12","Tesla",601.19,601.86,598.22,599.87,4507090,"Positive","Low"
"2018-08-13","Microsoft",601.67,605.37,601.39,602.63,4676706,"Neutral","Medium"
"2018-08-14","Apple",604.25,606.29,600.95,602.87,1910006,"Neutral","Medium"
"2018-08-15","Microsoft",607.11,607.91,605.35,605.75,4466228,"Negative","Low"
"2018-08-16","Microsoft",605.67,606.69,603.44,604.77,1054296,"Positive","Low"
"2018-08-17","Apple",601.4,603.41,599.87,603.38,1630544,"Negative","Medium"
"2018-08-18","Google",602.59,605.78,600.77,603.87,4429184,"Neutral","Low"
"2018-08-19","Apple",608,609.16,605.03,607.98,3364058,"Neutral","Medium"
"2018-08-20","Tesla",610.68,612.23,610.07,611.68,2071846,"Positive","Medium"
"2018-08-21","Microsoft",610.82,612.91,607.42,609.32,2468898,"Negative","Low"
"2018-08-22","Microsoft",615.45,618.3,613.07,615.74,3266421,"Neutral","Medium"
"2018-08-23","Apple",614.45,615.69,613.4,615.65,1325191,"Neutral","Low"
"2018-08-24","Tesla",613.01,616.44,612.66,613.65,4860771,"Positive","Medium"
"2018-08-25","Microsoft",613.96,615.93,612.48,614.93,4985288,"Positive","Low"
"2018-08-26","Amazon",614.27,617.07,612.11,615.28,3519794,"Neutral","Medium"
"2018-08-27","Tesla",619.69,620.68,618.96,619.26,4790243,"Positive","Medium"
"2018-08-28","Microsoft",616.2,618.85,615.22,618.28,3511665,"Positive","Low"
"2018-08-29","Amazon",616.34,617.99,611.97,614.28,860057,"Positive","Low"
"2018-08-30","Microsoft",618.46,618.6,614.8,616.54,1082312,"Neutral","Medium"
"2018-08-31","Amazon",622,623.89,619.31,621.77,2667418,"Positive","Low"
"2018-09-01","Google",621.77,624.61,621.64,623.52,3424948,"Positive","Low"
"2018-09-02","Apple",621.35,623.09,618.08,618.65,1009267,"Neutral","Low"
"2018-09-03","Amazon",617.64,620.16,617.36,618.13,2789333,"Positive","Medium"
"2018-09-04","Amazon",614.93,617.24,614.04,615.82,1231960,"Neutral","Low"
"2018-09-05","Microsoft",617.1,621.39,616.95,619.59,2957678,"Positive","Medium"
"2018-09-06","Google",613.19,616.64,612.66,614.52,4353724,"Positive","Low"
"2018-09-07","Amazon",614.46,616.97,614.44,615.04,3879846,"Neutral","Medium"
"2018-09-08","Google",614.9,618.56,613.38,615.85,2453458,"Positive","Medium"
"2018-09-09","Apple",617,617.26,614.04,616.41,2604462,"Positive","High"
"2018-09-10","Apple",615.85,615.89,614.86,615.34,2280829,"Neutral","Low"
"2018-09-11","Microsoft",615.17,617.79,613.44,615.18,712118,"Neutral","Medium"
"2018-09-12","Tesla",616.58,617.88,616.49,616.5,1965013,"Positive","Low"
"2018-09-13","Tesla",621.22,621.45,618.02,620.08,917748,"Positive","Medium"
"2018-09-14","Microsoft",622.74,624.65,620.6,621.7,2003338,"Positive","Medium"
"2018-09-15","Google",627.28,629.96,623.76,626.41,4419344,"Neutral","Low"
"2018-09-16","Google",628.22,630.99,626.86,629.44,3430134,"Neutral","Low"
"2018-09-17","Microsoft",635.28,636.28,633.19,633.34,3540135,"Neutral","Medium"
"2018-09-18","Amazon",632.77,633.67,627.7,630.32,4843036,"Negative","Low"
"2018-09-19","Google",637.09,638.01,636.43,637.11,3088907,"Positive","Low"
"2018-09-20","Google",634.42,636.08,633.27,634.75,1332418,"Positive","Medium"
"2018-09-21","Microsoft",631.81,634.33,626.6,629.55,3724344,"Positive","Low"
"2018-09-22","Google",634.67,635.54,633.53,634.44,3269524,"Neutral","High"
"2018-09-23","Amazon",637.69,637.74,635.35,637.19,2808619,"Neutral","Low"
"2018-09-24","Apple",639.71,642.38,637.67,638.57,3074816,"Negative","Medium"
"2018-09-25","Apple",640.79,645.83,640.5,642.9,1490750,"Negative","Medium"
"2018-09-26","Microsoft",637.74,640.68,636.46,637.35,2393688,"Neutral","Low"
"2018-09-27","Tesla",635.04,638.08,634.24,637.15,4227007,"Neutral","Low"
"2018-09-28","Amazon",638.76,641.21,638.02,638.07,4631960,"Neutral","Low"
"2018-09-29","Google",633.93,635.52,632.42,633.68,539418,"Negative","Low"
"2018-09-30","Microsoft",638.83,639.64,637.02,638.61,902810,"Neutral","Medium"
"2018-10-01","Apple",637.36,643.29,637,640.48,3443660,"Neutral","Medium"
"2018-10-02","Google",643.49,646.01,638.93,641.85,1109354,"Neutral","Medium"
"2018-10-03","Microsoft",641.06,642.36,637.52,638.88,1199851,"Positive","Medium"
"2018-10-04","Tesla",642.2,643.02,640.32,641.97,3518248,"Neutral","High"
"2018-10-05","Microsoft",637.47,642.7,636,640.97,1580429,"Neutral","Low"
"2018-10-06","Tesla",641.67,642.74,639.91,641.67,1389638,"Positive","Low"
"2018-10-07","Tesla",646.3,646.52,643.02,645.29,3902679,"Neutral","Low"
"2018-10-08","Apple",644.18,646.72,641.24,644.65,1992091,"Neutral","Low"
"2018-10-09","Google",644.62,646.32,643.91,644.46,4136885,"Neutral","Medium"
"2018-10-10","Apple",642.73,644.78,638.44,641.38,4465610,"Neutral","Low"
"2018-10-11","Amazon",644.79,646.66,641.43,643.45,1493475,"Negative","Medium"
"2018-10-12","Tesla",642.18,642.67,640.56,642.21,2362568,"Neutral","Low"
"2018-10-13","Amazon",639.35,640.53,638.52,639.05,1460209,"Positive","Medium"
"2018-10-14","Amazon",634.18,636.24,633.69,634.79,3279370,"Positive","Low"
"2018-10-15","Apple",633.88,637.06,632.85,634.26,543541,"Neutral","Low"
"2018-10-16","Tesla",637.32,639.71,634.51,636.12,851249,"Neutral","Low"
"2018-10-17","Apple",641.53,642.7,637.4,638.05,2040662,"Positive","Low"
"2018-10-18","Microsoft",636.98,638.95,633.93,636.4,632981,"Positive","Low"
"2018-10-19","Microsoft",633.44,637.1,633.12,636.33,2289041,"Positive","High"
"2018-10-20","Amazon",632.39,635.55,631.71,635.31,1293106,"Positive","Low"
"2018-10-21","Apple",634.58,639.5,633.58,637.01,1518437,"Negative","Low"
"2018-10-22","Tesla",635.44,638.22,632.15,634.97,1465832,"Neutral","Medium"
"2018-10-23","Microsoft",636.65,640.73,636.04,638.26,3520611,"Neutral","Medium"
"2018-10-24","Apple",638.19,639.17,635.28,636.98,3686183,"Negative","Medium"
"2018-10-25","Amazon",635.25,637.8,632.65,636.54,2194829,"Positive","High"
"2018-10-26","Google",638.13,643.61,635.5,640.82,2041870,"Neutral","Medium"
"2018-10-27","Google",639.52,641.24,637.68,639.35,3500516,"Neutral","Medium"
"2018-10-28","Google",639.63,640.92,636.75,640.39,3994664,"Neutral","Low"
"2018-10-29","Google",643.42,643.67,640.65,641.98,2643445,"Positive","Medium"
"2018-10-30","Google",646.59,647.22,645.53,646.73,2773570,"Positive","Low"
"2018-10-31","Amazon",647.41,649.1,646.21,647.18,3318893,"Positive","High"
"2018-11-01","Apple",650.99,653.72,649.17,649.64,4023356,"Neutral","Low"
"2018-11-02","Apple",654.23,655.46,653.49,653.73,4114541,"Positive","Medium"
"2018-11-03","Tesla",656.94,658.49,654.64,655.93,4695336,"Neutral","Medium"
"2018-11-04","Amazon",658.09,661.89,655.61,659.14,1354329,"Positive","Low"
"2018-11-05","Amazon",659.83,660.71,657.54,659.6,815590,"Positive","Low"
"2018-11-06","Apple",656.12,659.01,656.05,657.69,4893913,"Negative","Medium"
"2018-11-07","Microsoft",663.8,664.52,661.38,662.51,2807088,"Positive","Medium"
"2018-11-08","Google",660.97,662.2,656.2,659.13,800065,"Neutral","Medium"
"2018-11-09","Google",658.26,660.16,656.24,657.78,4020028,"Positive","Medium"
"2018-11-10","Tesla",660.36,663.53,657.84,661.5,4893381,"Positive","Low"
"2018-11-11","Tesla",657.31,659.08,654.51,657.74,3031233,"Neutral","Low"
"2018-11-12","Microsoft",660.72,662.41,660.63,660.84,541211,"Neutral","Low"
"2018-11-13","Tesla",662.32,663.17,658.7,660.37,1301940,"Positive","Medium"
"2018-11-14","Tesla",657.21,662.98,654.94,660.93,3588240,"Positive","Medium"
"2018-11-15","Tesla",660.66,660.69,656.93,658.32,848945,"Neutral","Medium"
"2018-11-16","Tesla",662.38,662.78,660.26,662.39,4268618,"Positive","Low"
"2018-11-17","Amazon",666.86,667.45,661.75,663.91,1152061,"Positive","Medium"
"2018-11-18","Apple",667.64,668.36,665.93,667.77,2488668,"Neutral","High"
"2018-11-19","Google",665.92,667.86,663.84,665.99,837849,"Negative","Medium"
"2018-11-20","Google",666.01,669.51,665.68,666.53,4452048,"Positive","High"
"2018-11-21","Google",664.16,669.58,662.12,666.77,1888607,"Positive","High"
"2018-11-22","Google",666.7,669.74,665.42,667.95,4138970,"Positive","High"
"2018-11-23","Apple",666.1,670.87,665.93,668.58,3969861,"Positive","Medium"
"2018-11-24","Apple",671.98,674.98,670.53,672.13,4255379,"Positive","High"
"2018-11-25","Apple",676.13,677.35,672.44,674.71,1840349,"Positive","Low"
"2018-11-26","Amazon",675.33,677.92,675.06,676.82,2763388,"Neutral","High"
"2018-11-27","Google",673.86,675.91,669.05,672.01,2934382,"Positive","Medium"
"2018-11-28","Google",671.29,674.34,669.46,672.75,3798426,"Positive","Medium"
"2018-11-29","Microsoft",672.41,674.77,671.53,673.7,3090656,"Positive","Medium"
"2018-11-30","Amazon",673.24,674.33,670.49,674.3,4629125,"Negative","Low"
"2018-12-01","Tesla",673.01,675.18,671.85,672.48,3187961,"Negative","High"
"2018-12-02","Tesla",678.98,681.84,677.07,678.2,1700808,"Positive","Low"
"2018-12-03","Apple",677.88,677.89,675.53,676.37,1472083,"Negative","Low"
"2018-12-04","Amazon",675.98,680.77,673.66,678.3,764453,"Positive","Low"
"2018-12-05","Microsoft",680.93,682.15,678.83,681.45,3944918,"Positive","Medium"
"2018-12-06","Google",678.99,680.06,673.62,676.02,3697104,"Positive","Low"
"2018-12-07","Amazon",676.76,677.8,675.73,676.57,4588272,"Positive","Medium"
"2018-12-08","Google",672.72,675.4,671.08,672.04,2520606,"Neutral","Medium"
"2018-12-09","Microsoft",673.84,676.51,672.46,674.36,2862002,"Positive","Low"
"2018-12-10","Amazon",676.11,679.13,673.71,678.75,4595466,"Positive","Low"
"2018-12-11","Apple",676.51,676.79,674.1,674.61,4049064,"Positive","Medium"
"2018-12-12","Apple",679.99,681.89,676.73,679.24,3683403,"Positive","Medium"
"2018-12-13","Microsoft",682.55,684.34,679.93,680.36,4932417,"Negative","Low"
"2018-12-14","Apple",685.87,688.3,682.1,683.54,3567594,"Positive","Medium"
"2018-12-15","Apple",683.62,686.51,680.57,681.9,1184823,"Positive","Low"
"2018-12-16","Apple",683.85,686.57,680.07,681.71,3129665,"Positive","Low"
"2018-12-17","Google",684.74,685.8,682.67,684.95,3380299,"Neutral","Low"
"2018-12-18","Tesla",682.74,685.59,680.31,682.72,2385644,"Neutral","Low"
"2018-12-19","Apple",687.13,691.15,686.99,689.96,587542,"Neutral","Low"
"2018-12-20","Amazon",683.33,685.71,682.81,683.52,2022160,"Neutral","High"
"2018-12-21","Amazon",686.5,690.44,685.67,687.63,3004256,"Negative","Medium"
"2018-12-22","Microsoft",691.43,692.9,688.92,690.4,4481003,"Negative","High"
"2018-12-23","Amazon",688.86,691.12,686.22,689.27,2579279,"Neutral","Low"
"2018-12-24","Google",685.5,689.42,683.24,688.3,3187894,"Neutral","Low"
"2018-12-25","Amazon",688.49,694.15,688.14,691.32,4505969,"Positive","High"
"2018-12-26","Amazon",692.43,694.96,691,694.44,1081970,"Positive","High"
"2018-12-27","Amazon",692.67,694.11,689.7,691.23,2820799,"Positive","Low"
"2018-12-28","Amazon",693.6,696.23,690.59,693.29,2213107,"Neutral","Low"
"2018-12-29","Apple",693.39,695.06,691.22,694.41,4268571,"Positive","Medium"
"2018-12-30","Google",691.52,693.64,688.13,690.17,1046135,"Positive","Low"
"2018-12-31","Apple",693.65,693.75,692.94,693.29,2958672,"Positive","Low"
"2019-01-01","Tesla",690.78,693.36,690.53,691.6,1135623,"Neutral","Medium"
"2019-01-02","Apple",691.48,692.58,689.18,691.05,631491,"Neutral","Medium"
"2019-01-03","Google",690.63,692.58,687.66,692.09,4541509,"Neutral","High"
"2019-01-04","Amazon",689.97,691.82,687.12,688.51,1335160,"Positive","Medium"
"2019-01-05","Amazon",686.26,688.31,685.33,687.75,4293672,"Positive","Medium"
"2019-01-06","Apple",683.01,686.51,682.07,684.37,3790942,"Positive","Medium"
"2019-01-07","Amazon",688.93,691.49,685.38,686.18,4450592,"Negative","High"
"2019-01-08","Amazon",688.33,688.59,685.98,686.74,2362197,"Neutral","Medium"
"2019-01-09","Google",682.4,683.95,681.21,683.52,2406915,"Neutral","High"
"2019-01-10","Tesla",688.38,691.19,686.26,688.99,3234346,"Positive","Medium"
"2019-01-11","Google",687.97,689.11,686.39,689.09,2921920,"Positive","Medium"
"2019-01-12","Google",691.23,691.66,691.12,691.13,2729566,"Neutral","Low"
"2019-01-13","Apple",695.15,697.31,690.72,693.34,4488225,"Neutral","Low"
"2019-01-14","Apple",694.66,696.53,692.29,694.73,4822721,"Neutral","Low"
"2019-01-15","Tesla",698.45,699.51,696.84,698.48,4851892,"Positive","Medium"
"2019-01-16","Google",699.26,704.84,697.83,701.9,2978539,"Positive","Low"
"2019-01-17","Microsoft",701.92,703.19,700.88,701.7,4778227,"Positive","Medium"
"2019-01-18","Google",707.76,707.77,702.76,704,4716295,"Negative","Low"
"2019-01-19","Apple",706.9,707.55,703.41,704.62,1604468,"Negative","Low"
"2019-01-20","Amazon",709.46,712.6,707.82,710.15,4781818,"Neutral","Medium"
"2019-01-21","Tesla",710.12,715.06,709.92,712.57,3619822,"Neutral","High"
"2019-01-22","Microsoft",716.12,717.91,714.46,714.74,3464838,"Neutral","Low"
"2019-01-23","Tesla",712,715.76,710.19,714.9,1467991,"Positive","Medium"
"2019-01-24","Microsoft",716.85,719.76,714.82,718.3,719793,"Neutral","High"
"2019-01-25","Tesla",716.21,718.96,715.58,717.68,2964533,"Negative","High"
"2019-01-26","Microsoft",723.9,726.88,719.16,720.39,4663679,"Neutral","High"
"2019-01-27","Microsoft",724.38,724.48,723.26,724.26,2188816,"Positive","Low"
"2019-01-28","Tesla",725.49,726.79,724.42,725.64,2520418,"Positive","Low"
"2019-01-29","Microsoft",730.71,731.66,727.5,729.8,991345,"Negative","Medium"
"2019-01-30","Microsoft",727.04,729.51,726.79,727.05,1191993,"Positive","Low"
"2019-01-31","Amazon",725.45,728.26,725.09,725.2,4762098,"Positive","Low"
"2019-02-01","Apple",723.74,725.78,721.89,723.77,982555,"Positive","Low"
"2019-02-02","Tesla",722.5,723.21,720.21,721.6,2518386,"Neutral","High"
"2019-02-03","Tesla",718.04,721.02,716.57,717.49,3534274,"Neutral","Low"
"2019-02-04","Apple",719.15,721.31,718.48,719.26,1154421,"Neutral","Low"
"2019-02-05","Apple",722.66,727.08,720.31,724.85,2238200,"Positive","Medium"
"2019-02-06","Microsoft",722.71,724.91,720.88,723.91,4371577,"Positive","Low"
"2019-02-07","Tesla",719.91,720.8,716.56,718.48,1484921,"Negative","Low"
"2019-02-08","Google",717.89,719.5,716.6,716.74,2367007,"Positive","Medium"
"2019-02-09","Amazon",717.81,720.6,716.63,717.62,2244528,"Negative","Medium"
"2019-02-10","Google",722.5,723.29,718.69,721.67,2191021,"Negative","Low"
"2019-02-11","Google",725.8,728.25,723.76,724.77,4333723,"Positive","Low"
"2019-02-12","Amazon",723.87,726.03,721.47,722.62,4257452,"Neutral","Low"
"2019-02-13","Microsoft",721.59,727.01,721.08,724.34,2850457,"Positive","Medium"
"2019-02-14","Apple",718.09,720.76,716.05,718.27,1226061,"Neutral","Medium"
"2019-02-15","Tesla",725.18,727.06,723.05,725.25,853966,"Neutral","Medium"
"2019-02-16","Tesla",721.35,726.19,720.54,723.2,3922680,"Positive","Low"
"2019-02-17","Google",721.11,721.88,718.18,720,991317,"Positive","Medium"
"2019-02-18","Tesla",717.06,719.52,715.07,715.3,2422084,"Negative","High"
"2019-02-19","Amazon",719.6,723.09,718.07,721.5,1695315,"Positive","Low"
"2019-02-20","Tesla",718.95,721.29,717.96,719.11,541694,"Positive","Medium"
"2019-02-21","Amazon",716.51,719.09,712.75,714.64,4971636,"Positive","Medium"
"2019-02-22","Apple",718.08,719.64,717.85,719.2,4981508,"Positive","Low"
"2019-02-23","Google",718.75,720.67,718.29,719.53,4443760,"Positive","Low"
"2019-02-24","Tesla",723.61,725.77,719.7,721.14,2492668,"Neutral","Low"
"2019-02-25","Apple",720.77,723.86,720.07,722.21,2119029,"Positive","Low"
"2019-02-26","Google",718.2,718.35,715.22,718.2,1574539,"Positive","Low"
"2019-02-27","Apple",715,716.31,711.44,714.09,542892,"Positive","Low"
"2019-02-28","Google",713.83,714.12,710.47,711.17,3690308,"Positive","High"
"2019-03-01","Google",710.66,710.91,708.87,709.77,4592507,"Neutral","Medium"
"2019-03-02","Amazon",708.63,712.96,706.82,710.28,4376115,"Positive","High"
"2019-03-03","Google",711.06,715.27,710.73,714.88,4489519,"Positive","High"
"2019-03-04","Google",711.09,711.75,709,709.99,1352156,"Negative","Medium"
"2019-03-05","Amazon",710.31,711.37,707.78,710.14,522282,"Positive","Low"
"2019-03-06","Tesla",712.34,715.01,709.46,711.81,811460,"Positive","Low"
"2019-03-07","Apple",714.98,717.4,712.4,717.37,3081379,"Negative","Medium"
"2019-03-08","Google",713.01,714.05,711.92,712.17,4666946,"Neutral","Low"
"2019-03-09","Amazon",711.14,712.69,710.81,712.06,2248747,"Neutral","Low"
"2019-03-10","Google",712.16,716.27,709.36,715.62,726237,"Positive","High"
"2019-03-11","Google",712.28,713.6,709.33,709.93,4511698,"Neutral","Low"
"2019-03-12","Google",711.8,713.94,709.52,711.14,3337287,"Neutral","Medium"
"2019-03-13","Tesla",711.56,715.34,709.51,713.33,1844022,"Positive","Low"
"2019-03-14","Apple",715.29,715.92,710.99,713.41,1056909,"Positive","Medium"
"2019-03-15","Microsoft",711.72,715.86,711.46,714.84,2355863,"Positive","Medium"
"2019-03-16","Apple",715.89,717.31,715.33,715.48,4302481,"Positive","High"
"2019-03-17","Amazon",713.97,716.33,710.4,713.04,633758,"Positive","Low"
"2019-03-18","Amazon",720.57,720.59,716.72,718.62,2638441,"Positive","Medium"
"2019-03-19","Google",722.57,722.58,721.85,722.16,4467586,"Positive","High"
"2019-03-20","Amazon",719.23,721.77,718.61,720.88,4762997,"Negative","Medium"
"2019-03-21","Google",721.47,723.3,719.89,721.9,3646764,"Positive","High"
"2019-03-22","Tesla",718.85,721.64,718.16,720.21,698654,"Positive","Low"
"2019-03-23","Tesla",722.85,723.96,719.16,721.73,4619388,"Neutral","Medium"
"2019-03-24","Google",723.38,724.82,720.68,724.29,3376084,"Negative","High"
"2019-03-25","Amazon",719.32,720.96,718.61,720.13,4821173,"Positive","High"
"2019-03-26","Amazon",724.08,724.99,720.65,722.79,908092,"Positive","Low"
"2019-03-27","Microsoft",721.66,723.68,719.24,720.25,3624461,"Positive","Low"
"2019-03-28","Microsoft",723.7,724.42,719.93,722.02,3426403,"Positive","Medium"
"2019-03-29","Tesla",725.68,728.07,720.93,722.37,3473263,"Positive","Medium"
"2019-03-30","Microsoft",720.23,721.92,719.5,719.74,2955159,"Negative","Low"
"2019-03-31","Microsoft",723.64,724.32,721.66,723.87,4031675,"Neutral","High"
"2019-04-01","Tesla",723.52,725.84,721.11,724.62,4619858,"Neutral","Medium"
"2019-04-02","Amazon",725.92,727.19,723.67,725.64,3732018,"Positive","Low"
"2019-04-03","Amazon",723,727.58,721.51,726.25,2212873,"Negative","Medium"
"2019-04-04","Apple",728.25,729.72,726.16,727.54,3213615,"Neutral","Low"
"2019-04-05","Apple",728.63,730.88,728.27,729.52,3081975,"Neutral","Medium"
"2019-04-06","Tesla",731.93,734.86,729.85,732.1,4177564,"Negative","High"
"2019-04-07","Microsoft",730.41,733.32,730.29,730.78,1775105,"Negative","Low"
"2019-04-08","Google",735.67,737.49,735.59,736.24,2224697,"Positive","Low"
"2019-04-09","Google",733.3,735.83,732.95,735.04,2641217,"Neutral","Medium"
"2019-04-10","Tesla",730.06,734.14,727.16,731.35,4767860,"Negative","Medium"
"2019-04-11","Amazon",726.97,731.4,724.96,729.8,3677310,"Positive","Medium"
"2019-04-12","Amazon",727.29,730.22,725.95,729.25,1021204,"Positive","Medium"
"2019-04-13","Amazon",730.48,731.05,729.09,729.69,3243753,"Positive","Medium"
"2019-04-14","Google",735.91,737.18,733.79,734.29,3425993,"Negative","High"
"2019-04-15","Google",733.97,737.37,733.23,736.81,1079788,"Positive","Medium"
"2019-04-16","Microsoft",734.28,737.93,731.51,736.96,3160789,"Negative","Low"
"2019-04-17","Amazon",735.15,737.15,732.49,734.66,3906827,"Neutral","Low"
"2019-04-18","Tesla",740.09,742.18,737.59,738.88,4071373,"Neutral","Medium"
"2019-04-19","Microsoft",737.12,742.23,736.17,739.54,3083394,"Negative","Low"
"2019-04-20","Apple",734.44,735.9,732.57,735.08,2554173,"Neutral","Low"
"2019-04-21","Amazon",734.27,736.95,733.08,733.85,646033,"Positive","Medium"
"2019-04-22","Amazon",731.87,733.26,730.88,731.05,2410769,"Neutral","Medium"
"2019-04-23","Apple",733,735.27,732.98,733.53,4095763,"Neutral","Low"
"2019-04-24","Google",734.05,737.7,731.26,735.44,3824817,"Positive","Low"
"2019-04-25","Google",733.06,735.18,728.17,730.46,649941,"Neutral","Low"
"2019-04-26","Microsoft",730.78,731.46,729.33,729.43,3918138,"Neutral","Medium"
"2019-04-27","Apple",733.55,734.47,728.88,731.18,4568503,"Neutral","Medium"
"2019-04-28","Apple",734.58,737.11,733.08,735.02,4897814,"Positive","Medium"
"2019-04-29","Microsoft",737.9,740.87,734.88,735.01,921571,"Neutral","Low"
"2019-04-30","Apple",741.75,742.9,739.06,740.73,3043930,"Negative","Low"
"2019-05-01","Amazon",740.1,743.26,739.51,740.8,2344821,"Neutral","Low"
"2019-05-02","Amazon",740.11,742.97,737.37,737.69,1284061,"Neutral","Low"
"2019-05-03","Tesla",744.69,745.23,740.69,741.83,4921601,"Negative","Medium"
"2019-05-04","Google",745.79,747.34,743.15,746.99,1161144,"Neutral","Low"
"2019-05-05","Google",748.74,751.44,743.92,745.56,3587080,"Positive","Low"
"2019-05-06","Microsoft",750.64,752.76,745.08,747.37,3989498,"Positive","Low"
"2019-05-07","Apple",750.2,750.94,746.59,748.94,1225623,"Positive","Low"
"2019-05-08","Amazon",750.82,751.52,747.4,750.2,2094265,"Neutral","Low"
"2019-05-09","Apple",753.33,754.62,752.07,754.39,1309990,"Negative","Low"
"2019-05-10","Tesla",755.26,756.16,751.48,754.46,2056748,"Neutral","Medium"
"2019-05-11","Google",759.39,759.8,756.91,758.94,2375900,"Negative","Medium"
"2019-05-12","Google",759.91,761.51,758.51,758.72,1223423,"Positive","Low"
"2019-05-13","Microsoft",761.9,763.23,760.54,763.07,1564975,"Neutral","Medium"
"2019-05-14","Microsoft",759.2,762.45,756.59,760.09,524267,"Positive","Medium"
"2019-05-15","Tesla",756.45,760.87,756.39,758.3,2569320,"Positive","Low"
"2019-05-16","Tesla",759.69,762.77,756.81,759.88,4423698,"Negative","Medium"
"2019-05-17","Google",758.21,759.3,757.76,758.48,680259,"Neutral","Medium"
"2019-05-18","Microsoft",762.44,764.27,760.88,761.6,3440204,"Neutral","Low"
"2019-05-19","Google",765.97,769.6,763.19,766.84,4393782,"Negative","Low"
"2019-05-20","Apple",766.47,768.64,762.74,765.52,4878962,"Positive","High"
"2019-05-21","Amazon",766.64,767.88,764.21,766.2,4503305,"Neutral","Low"
"2019-05-22","Apple",762.31,765.1,760.45,764.41,1895609,"Neutral","High"
"2019-05-23","Tesla",762.74,765.11,761.42,764.66,2872812,"Negative","High"
"2019-05-24","Microsoft",762.24,764.09,759.67,761.99,4675595,"Negative","Medium"
"2019-05-25","Apple",765.63,766.79,764.22,764.22,1365991,"Neutral","Medium"
"2019-05-26","Apple",763.15,766.96,762.49,764.14,3415072,"Positive","Medium"
"2019-05-27","Microsoft",768.4,770.64,765.44,767.41,4191778,"Neutral","High"
"2019-05-28","Apple",771.92,774.04,771.3,771.37,2412589,"Neutral","Low"
"2019-05-29","Microsoft",775.83,777.29,773.7,776.82,1052644,"Positive","High"
"2019-05-30","Tesla",777.9,780.91,777.67,778.73,4236194,"Positive","Medium"
"2019-05-31","Google",778.43,782.86,777.44,780.92,4844616,"Neutral","High"
"2019-06-01","Tesla",784.03,786.67,782.15,784.99,1770853,"Neutral","High"
"2019-06-02","Apple",784.47,787.78,784.23,785.17,3475570,"Neutral","Low"
"2019-06-03","Tesla",786.59,788.19,785.23,786.15,3346220,"Positive","Low"
"2019-06-04","Apple",788.68,790.28,785.22,787.08,4324337,"Positive","Low"
"2019-06-05","Apple",789.68,792.41,786.9,788.73,510806,"Neutral","High"
"2019-06-06","Google",790.24,791.88,786.49,789.31,1651840,"Positive","Medium"
"2019-06-07","Tesla",793.45,794.33,789.83,791.78,3922396,"Positive","High"
"2019-06-08","Tesla",792.87,793.28,790.67,791.09,3495037,"Neutral","Low"
"2019-06-09","Google",786.97,788.57,785.12,787.51,1176804,"Positive","Medium"
"2019-06-10","Amazon",785.83,788.51,783.45,784.45,3868542,"Negative","Medium"
"2019-06-11","Google",784.88,786.94,782.77,784.85,1181021,"Neutral","Low"
"2019-06-12","Amazon",782.61,784.21,780.83,780.87,2323743,"Neutral","Medium"
"2019-06-13","Apple",782.66,785.49,779.25,780.12,1598431,"Positive","Medium"
"2019-06-14","Apple",780.83,781.37,777.47,779.44,1269739,"Neutral","Low"
"2019-06-15","Amazon",783.99,784.04,780.98,781.22,2026711,"Positive","Low"
"2019-06-16","Amazon",782.04,785.17,781.66,783.58,3177460,"Positive","Low"
"2019-06-17","Tesla",782.42,783.44,780.65,781.97,2798299,"Positive","Low"
"2019-06-18","Tesla",779.01,783.12,776.64,780.52,4781232,"Positive","Medium"
"2019-06-19","Tesla",781.73,785.19,780.95,783.58,2021060,"Neutral","High"
"2019-06-20","Tesla",785.57,787.52,783.18,783.73,2190488,"Neutral","High"
"2019-06-21","Microsoft",783.2,784.59,781.39,782.91,3329052,"Negative","High"
"2019-06-22","Amazon",784.4,784.82,783.87,784.15,2538861,"Positive","Low"
"2019-06-23","Google",782.25,785.03,780.98,783.89,762867,"Neutral","Medium"
"2019-06-24","Apple",788.73,790.27,786.96,788.9,3829203,"Negative","Medium"
"2019-06-25","Tesla",783.37,787.79,781.79,785.6,4250084,"Positive","Low"
"2019-06-26","Apple",782.78,785.98,780.6,784.05,1880196,"Negative","High"
"2019-06-27","Google",786.82,788.51,784.45,785.88,1744018,"Negative","High"
"2019-06-28","Microsoft",786.74,789.46,783.84,786.17,1761328,"Neutral","Low"
"2019-06-29","Google",786.28,788.65,784.42,784.67,888916,"Neutral","Medium"
"2019-06-30","Apple",785.99,788.65,785.55,786.98,4315932,"Negative","Medium"
"2019-07-01","Google",790.69,792.9,790.45,790.94,3440667,"Neutral","Low"
"2019-07-02","Microsoft",793.83,796.5,791.16,792.45,3009938,"Neutral","High"
"2019-07-03","Google",796.89,800.16,794.42,797.45,3478763,"Neutral","Medium"
"2019-07-04","Google",798.87,804.16,797.11,801.92,1300131,"Neutral","High"
"2019-07-05","Amazon",803.38,805.59,800.92,804.99,4535517,"Positive","Medium"
"2019-07-06","Amazon",803.13,803.52,800.45,802.74,1706511,"Negative","High"
"2019-07-07","Google",805.24,805.8,800.43,803.41,3443373,"Negative","Medium"
"2019-07-08","Google",804.47,806.92,802.41,805.64,3976000,"Negative","High"
"2019-07-09","Apple",808.61,810.19,806.42,809.32,4116358,"Negative","High"
"2019-07-10","Tesla",807.95,811.17,806.15,809.81,3716804,"Positive","Medium"
"2019-07-11","Google",808.43,813.69,806.94,811.96,1397959,"Positive","Medium"
"2019-07-12","Tesla",812.82,812.96,811.55,812.17,3242527,"Positive","Low"
"2019-07-13","Amazon",818.95,821.19,816.63,817.14,4314454,"Positive","Low"
"2019-07-14","Tesla",815.96,817.63,814.87,815.04,4383298,"Negative","Low"
"2019-07-15","Amazon",817.49,818.09,817.25,818.01,4265030,"Negative","High"
"2019-07-16","Amazon",813.27,814.43,811.63,813.21,1501141,"Positive","Medium"
"2019-07-17","Google",817.93,819.01,814.11,815.6,3992460,"Positive","Low"
"2019-07-18","Amazon",815.04,819.86,813.38,817.37,3922399,"Neutral","High"
"2019-07-19","Microsoft",812.92,813.71,811.96,812.81,1899631,"Positive","Medium"
"2019-07-20","Apple",816.58,817.61,815.54,816.26,1158764,"Negative","Low"
"2019-07-21","Tesla",814.09,818.98,813.7,816.85,2221830,"Neutral","Low"
"2019-07-22","Amazon",817.1,819.83,816.45,818.01,3556307,"Positive","High"
"2019-07-23","Apple",816.88,819.41,816.07,816.56,4912482,"Neutral","Low"
"2019-07-24","Microsoft",820.13,822.69,818.42,820.3,1579561,"Neutral","Low"
"2019-07-25","Google",824.56,827.43,824.06,824.4,2545312,"Positive","Medium"
"2019-07-26","Microsoft",825.65,828.2,821.81,824.59,4849395,"Negative","Medium"
"2019-07-27","Google",825.82,827.14,823.77,826.14,2856402,"Positive","Medium"
"2019-07-28","Apple",826.99,827.28,823.98,824.68,4218893,"Positive","Low"
"2019-07-29","Apple",828.34,831.74,827.77,828.87,2399271,"Negative","High"
"2019-07-30","Google",832.49,835.42,830.41,830.87,539964,"Negative","High"
"2019-07-31","Tesla",830.79,833.94,828.82,832.23,4778427,"Negative","High"
"2019-08-01","Tesla",833.88,834.63,832.83,834.37,2071673,"Positive","Low"
"2019-08-02","Apple",834.63,838.21,832.92,835.74,1483950,"Neutral","Low"
"2019-08-03","Google",832.94,834.05,830.84,833.59,4425798,"Positive","High"
"2019-08-04","Amazon",837.95,838.95,836.17,836.98,3436463,"Positive","Low"
"2019-08-05","Amazon",835.59,839.56,834.73,837.71,4921978,"Positive","Low"
"2019-08-06","Amazon",835.39,836.35,831.28,833.26,3183487,"Positive","Medium"
"2019-08-07","Amazon",836.56,839.42,832.03,833.7,4967747,"Positive","Low"
"2019-08-08","Apple",837.72,839.02,833.23,835.6,4701096,"Positive","Low"
"2019-08-09","Amazon",838.22,840.64,834.71,836.53,3754583,"Negative","High"
"2019-08-10","Amazon",839.14,840.03,835.01,836.03,1797631,"Positive","High"
"2019-08-11","Microsoft",837.35,839.53,834.36,838.82,3359522,"Neutral","Low"
"2019-08-12","Microsoft",835.62,838.45,834.36,837.62,1563314,"Negative","Low"
"2019-08-13","Apple",834.44,834.62,831.21,833.64,4497739,"Neutral","Low"
"2019-08-14","Amazon",832.2,835.1,832.19,834.46,2505092,"Negative","Low"
"2019-08-15","Tesla",831.74,834.03,826.73,829.69,4142249,"Positive","Low"
"2019-08-16","Apple",826.63,829.92,824.16,828.61,4653488,"Positive","Medium"
"2019-08-17","Microsoft",823.41,825.64,822.34,823.55,1488202,"Positive","Medium"
"2019-08-18","Microsoft",825.83,828.32,822.54,824.13,845546,"Positive","Medium"
"2019-08-19","Google",828.26,830.64,825.36,827.04,3578424,"Positive","Medium"
"2019-08-20","Amazon",832.94,834.91,829.39,831.73,932906,"Neutral","Medium"
"2019-08-21","Tesla",831.94,835.08,831.46,832.47,4828827,"Negative","Medium"
"2019-08-22","Apple",835.69,837.18,832.57,834.22,4898658,"Neutral","Low"
"2019-08-23","Google",835.16,839.91,833.86,838.27,4685969,"Negative","Low"
"2019-08-24","Google",841.06,844.42,841,842.52,2957991,"Positive","Low"
"2019-08-25","Amazon",844.29,847.69,841.31,846.67,526776,"Neutral","Medium"
"2019-08-26","Amazon",844.74,847.05,840.84,843.68,2275128,"Negative","Medium"
"2019-08-27","Microsoft",842.55,844.98,840.7,841.83,1954541,"Positive","Low"
"2019-08-28","Microsoft",843.39,844.64,840.41,843.8,1229758,"Negative","High"
"2019-08-29","Amazon",847.84,849.15,846.3,847.1,2921390,"Positive","Low"
"2019-08-30","Amazon",846.3,852.16,844.55,849.33,3807680,"Neutral","Medium"
"2019-08-31","Tesla",844.01,848.1,841.92,846.3,3727015,"Positive","Low"
"2019-09-01","Amazon",849.81,850.78,847.36,850.49,2767141,"Positive","Low"
"2019-09-02","Tesla",851.76,852.57,848.17,850.69,1230779,"Neutral","Medium"
"2019-09-03","Amazon",856.03,857.52,855.84,856.49,3836792,"Negative","Medium"
"2019-09-04","Tesla",858.17,859.46,855.97,857.24,1827874,"Positive","High"
"2019-09-05","Apple",856.59,856.73,851.67,853.66,1075720,"Negative","Low"
"2019-09-06","Google",853.58,856.09,852.18,854.92,4058210,"Neutral","Low"
"2019-09-07","Microsoft",851.65,855.02,850.16,852.36,2846029,"Negative","Medium"
"2019-09-08","Microsoft",847.13,850.02,846.51,847.07,3879780,"Neutral","Medium"
"2019-09-09","Apple",851.93,852.4,848.08,850.41,4573922,"Positive","Medium"
"2019-09-10","Apple",853.48,853.67,849.97,852.44,1948368,"Negative","High"
"2019-09-11","Google",852.29,856.47,850.04,854.87,2956371,"Positive","Low"
"2019-09-12","Tesla",855.17,857.86,854.1,855.47,818016,"Positive","Medium"
"2019-09-13","Amazon",855.7,858.3,853.89,858.05,2079680,"Positive","Medium"
"2019-09-14","Apple",859.12,861.65,856.67,860.97,2021067,"Positive","Medium"
"2019-09-15","Tesla",857.96,860.91,855.8,859.14,1887804,"Positive","High"
"2019-09-16","Microsoft",859.68,864.21,857.96,862.19,4041059,"Neutral","High"
"2019-09-17","Google",862.94,865.16,860.67,863.93,1200351,"Neutral","Medium"
"2019-09-18","Microsoft",866.8,868.5,862.49,864.33,4274580,"Positive","Medium"
"2019-09-19","Apple",867.43,870.08,866.41,868.79,3436544,"Positive","Medium"
"2019-09-20","Google",867.46,869.13,864.68,868.95,3647738,"Positive","Low"
"2019-09-21","Microsoft",870.87,871.99,866.36,868.95,2427168,"Positive","High"
"2019-09-22","Tesla",866.88,869.63,862.65,865.19,1452393,"Positive","Medium"
"2019-09-23","Google",863.4,866.86,860.55,864.63,4250861,"Positive","Low"
"2019-09-24","Amazon",859.22,862.57,856.34,861.37,1672197,"Positive","High"
"2019-09-25","Tesla",862.01,863.36,856.61,859.6,4586516,"Positive","Low"
"2019-09-26","Tesla",863.01,865.75,860.22,864.63,1790099,"Neutral","Medium"
"2019-09-27","Amazon",864.67,867.66,862,863.22,2157614,"Neutral","Low"
"2019-09-28","Amazon",863.99,864.58,862.64,863.1,1251388,"Negative","Medium"
"2019-09-29","Amazon",865.43,866.56,864.59,865.06,4365518,"Positive","Medium"
"2019-09-30","Google",870.64,873.58,870.15,871.71,2082188,"Positive","Low"
"2019-10-01","Apple",868.44,871.58,867.64,869.17,1390229,"Positive","Low"
"2019-10-02","Apple",871.61,874.12,868.14,870.71,3183112,"Positive","Low"
"2019-10-03","Amazon",871.69,873.48,870.12,872.83,2251264,"Positive","Low"
"2019-10-04","Tesla",876.98,877.61,875.04,876.83,3957899,"Positive","Medium"
"2019-10-05","Microsoft",873.55,875.2,873,874.57,1970172,"Positive","High"
"2019-10-06","Google",870.68,873.2,870.07,873.18,4762857,"Neutral","Low"
"2019-10-07","Google",872.04,876.23,870.14,875.21,557794,"Negative","High"
"2019-10-08","Microsoft",875.68,876.65,873.47,875.42,2192352,"Negative","Medium"
"2019-10-09","Google",873.88,876.11,870.89,874.46,4792757,"Neutral","High"
"2019-10-10","Tesla",876.42,878.04,873.8,875.57,4548055,"Neutral","High"
"2019-10-11","Google",874.51,876.36,873.25,873.68,1068132,"Positive","Medium"
"2019-10-12","Tesla",871.64,872.77,867.77,870.18,939963,"Positive","Low"
"2019-10-13","Amazon",873.31,876.01,870.92,874.98,3034408,"Negative","Low"
"2019-10-14","Google",871.15,873.2,868.38,871.57,3758050,"Neutral","High"
"2019-10-15","Microsoft",872.15,874.71,871.52,872.84,2025114,"Negative","Medium"
"2019-10-16","Apple",874.12,879.55,872.26,877.41,1527840,"Positive","Low"
"2019-10-17","Apple",881.03,882.03,878.31,879.47,1739640,"Positive","Medium"
"2019-10-18","Microsoft",877.99,879.79,875.45,878.17,4668145,"Negative","High"
"2019-10-19","Microsoft",875.94,877.74,874.74,876.22,1674790,"Neutral","Low"
"2019-10-20","Amazon",876.79,879.64,874.07,876.85,3493207,"Positive","High"
"2019-10-21","Microsoft",881.38,882.58,877.12,879.44,2732847,"Neutral","Low"
"2019-10-22","Tesla",884.26,886.85,879.91,881.51,3558733,"Positive","Medium"
"2019-10-23","Tesla",885.97,889.65,884.89,887.64,2880469,"Negative","Medium"
"2019-10-24","Tesla",890.74,893.52,889.11,890.87,1017724,"Positive","Medium"
"2019-10-25","Google",893.38,898.24,890.9,895.92,2116839,"Neutral","Medium"
"2019-10-26","Microsoft",897.81,898.46,895.1,895.63,4689520,"Negative","Medium"
"2019-10-27","Tesla",898.85,901.58,898.73,899.74,3200675,"Neutral","Low"
"2019-10-28","Apple",900.61,900.86,900.03,900.66,1823301,"Positive","High"
"2019-10-29","Tesla",902.85,903.86,901.45,902.75,2446331,"Neutral","Low"
"2019-10-30","Amazon",907.66,909.9,904.57,907.4,3353832,"Positive","Low"
"2019-10-31","Apple",913.71,914.44,909.36,912.22,1934864,"Neutral","High"
"2019-11-01","Apple",909.65,911.34,908.83,909.58,4240713,"Negative","Medium"
"2019-11-02","Apple",907.27,910.01,906.59,906.73,4425973,"Negative","High"
"2019-11-03","Tesla",909,911.21,907.57,908.67,2582038,"Neutral","Medium"
"2019-11-04","Amazon",910.99,913.66,909.91,911.85,3405585,"Neutral","High"
"2019-11-05","Apple",913.39,913.83,911.06,911.87,3521384,"Positive","Medium"
"2019-11-06","Tesla",910.4,913.61,907.87,910.88,3040310,"Neutral","Low"
"2019-11-07","Apple",911.11,911.85,909.59,911.06,4739192,"Negative","Medium"
"2019-11-08","Microsoft",906.5,908.66,904.46,908.53,3183407,"Neutral","Low"
"2019-11-09","Microsoft",904.9,905.1,902.23,903.4,3270187,"Neutral","Low"
"2019-11-10","Amazon",905.78,907.5,904.53,906.76,2385563,"Negative","High"
"2019-11-11","Tesla",906.41,908.97,904.56,905.73,4019005,"Negative","Medium"
"2019-11-12","Tesla",909.24,911.35,906.36,909.43,4033324,"Neutral","High"
"2019-11-13","Microsoft",907.02,909.54,906.91,909.14,2591052,"Positive","Medium"
"2019-11-14","Amazon",908.01,911.43,907.16,908.88,1114155,"Positive","Medium"
"2019-11-15","Google",905.91,907.84,905.54,906.8,3515835,"Neutral","Low"
"2019-11-16","Microsoft",904.23,906.43,903.19,904.98,1403747,"Neutral","High"
"2019-11-17","Tesla",903.44,906.89,901.73,904.5,4805664,"Neutral","Low"
"2019-11-18","Google",906.21,910.73,903.94,907.95,4865241,"Positive","Low"
"2019-11-19","Google",909.98,910.11,909.55,909.81,3435395,"Neutral","Medium"
"2019-11-20","Apple",907.13,911.47,905.21,908.92,2826374,"Negative","High"
"2019-11-21","Microsoft",909.03,909.49,904.49,906.4,3340165,"Negative","Low"
"2019-11-22","Amazon",909.24,909.25,908.2,908.55,828554,"Positive","High"
"2019-11-23","Tesla",909.36,913.52,907.52,911.31,3258348,"Positive","Low"
"2019-11-24","Google",909.89,910.24,907.03,908.13,2302502,"Positive","Low"
"2019-11-25","Tesla",908.28,911.13,906.11,908.11,1282647,"Positive","Medium"
"2019-11-26","Tesla",906.05,909.97,905.38,907.88,3086524,"Positive","Low"
"2019-11-27","Apple",905.09,905.13,900.72,903.44,1733495,"Negative","Low"
"2019-11-28","Google",906.69,908.11,903.89,905.49,1299803,"Positive","Low"
"2019-11-29","Google",909.07,911.13,906.11,908.36,1753616,"Positive","High"
"2019-11-30","Tesla",908.7,909.47,905.04,907.5,4558727,"Neutral","Medium"
"2019-12-01","Microsoft",909.95,912.88,908.31,909.06,3947305,"Neutral","Low"
"2019-12-02","Amazon",910.58,911.61,908.26,910.91,2728921,"Neutral","Low"
"2019-12-03","Tesla",911.84,915.73,910.15,913.67,3885145,"Neutral","Medium"
"2019-12-04","Google",911.35,912.52,909.29,910.87,4230005,"Negative","Medium"
"2019-12-05","Amazon",912.32,912.47,909.72,910.14,991143,"Negative","High"
"2019-12-06","Google",912.32,912.42,909.12,911.91,2817442,"Negative","Medium"
"2019-12-07","Amazon",911.99,916.02,909.06,914.47,4483688,"Positive","Medium"
"2019-12-08","Apple",911.3,913.51,910.91,912.95,4538549,"Neutral","Medium"
"2019-12-09","Google",910.91,913.03,909.15,912.63,1600752,"Negative","Medium"
"2019-12-10","Amazon",911.2,913.35,911.08,911.17,1547386,"Neutral","Low"
"2019-12-11","Microsoft",912.77,915.07,912.11,912.3,4221403,"Negative","High"
"2019-12-12","Amazon",914.86,916.78,911.43,912.35,4459943,"Positive","High"
"2019-12-13","Microsoft",914.92,916.46,910.23,911.68,3360050,"Positive","Medium"
"2019-12-14","Tesla",914.72,917.41,909.91,912.54,3737317,"Positive","High"
"2019-12-15","Tesla",919.62,921.24,918.84,919.67,3401755,"Negative","Low"
"2019-12-16","Amazon",917.58,921.69,917.27,918.78,3280669,"Negative","Medium"
"2019-12-17","Tesla",916.6,919.04,915.55,917.48,1302235,"Positive","High"
"2019-12-18","Tesla",914.55,917.04,913.75,916.69,2383259,"Neutral","Medium"
"2019-12-19","Amazon",914.1,915.68,912.8,913.68,3873570,"Positive","Medium"
"2019-12-20","Apple",915.43,916.58,910.19,913.08,541402,"Neutral","Low"
"2019-12-21","Google",913.14,915.27,908.5,910.34,2076304,"Positive","Low"
"2019-12-22","Tesla",915.14,918.13,912.92,916.43,2847025,"Positive","High"
"2019-12-23","Microsoft",913.89,917.39,912.06,916.96,2123619,"Positive","Low"
"2019-12-24","Microsoft",915.46,916.69,914.05,915.74,4373840,"Neutral","Medium"
"2019-12-25","Amazon",913.73,915.87,910.81,913.65,3053142,"Negative","Low"
"2019-12-26","Amazon",912.1,917.44,909.91,914.87,1192366,"Positive","Low"
"2019-12-27","Microsoft",914.08,915.26,912.03,913.67,1495538,"Positive","High"
"2019-12-28","Apple",918.03,921.25,916.97,919.51,4480530,"Negative","Low"
"2019-12-29","Microsoft",913.95,917.14,912.13,914.55,1429028,"Negative","High"
"2019-12-30","Amazon",911.57,913.82,909.39,910.4,2696568,"Positive","High"
"2019-12-31","Apple",912.88,913.24,909.85,910.85,3158771,"Positive","High"
"2020-01-01","Apple",913.48,917.01,912.31,914.99,917139,"Negative","Low"
"2020-01-02","Google",913.31,915.58,911.4,911.46,3736777,"Neutral","Low"
"2020-01-03","Apple",916.59,917.1,916.42,916.47,3011966,"Neutral","Low"
"2020-01-04","Apple",915.36,916.41,912.7,914.12,2950836,"Negative","Low"
"2020-01-05","Apple",915.13,915.5,914.47,915.38,896131,"Neutral","High"
"2020-01-06","Microsoft",919.49,919.85,915.83,917.26,3617525,"Positive","High"
"2020-01-07","Microsoft",921.92,924.28,918.73,920.64,2890444,"Positive","Low"
"2020-01-08","Tesla",917.42,920.85,915.51,920.61,2771099,"Neutral","Low"
"2020-01-09","Microsoft",918.86,921.09,915.56,917.06,505649,"Positive","High"
"2020-01-10","Apple",920.67,924.06,920.15,921.95,1212611,"Positive","Low"
"2020-01-11","Amazon",918.77,920.48,917.05,917.27,2899196,"Neutral","Medium"
"2020-01-12","Tesla",917.51,919.4,917.32,917.62,1740730,"Neutral","Low"
"2020-01-13","Microsoft",919.11,921.64,917.55,919.39,1203787,"Negative","Low"
"2020-01-14","Tesla",918.52,918.8,916.62,918.31,3927284,"Negative","Medium"
"2020-01-15","Amazon",917.62,919.01,915.38,917.54,4309499,"Positive","Medium"
"2020-01-16","Amazon",922.62,924.24,920.84,922.54,546176,"Positive","Medium"
"2020-01-17","Google",922.02,925.62,921.02,923.89,3487795,"Positive","Low"
"2020-01-18","Tesla",922.97,925.45,922.01,922.58,3206965,"Positive","Medium"
"2020-01-19","Apple",921.17,923.72,918.76,923.14,1861327,"Positive","Low"
"2020-01-20","Microsoft",922.37,924.34,920.61,922.96,4067108,"Positive","High"
"2020-01-21","Apple",925.68,929.61,924.5,927.54,2196286,"Positive","High"
"2020-01-22","Google",929.43,929.6,927.97,928.84,2955928,"Positive","Low"
"2020-01-23","Tesla",927.6,928.98,921.81,924.53,3772301,"Positive","Low"
"2020-01-24","Microsoft",929.39,931.18,928.56,929.31,1397843,"Negative","Medium"
"2020-01-25","Tesla",928,931.44,926.16,929.17,1769649,"Neutral","Low"
"2020-01-26","Microsoft",930.65,933.86,927.68,932.47,3023549,"Positive","Low"
"2020-01-27","Apple",926.85,927.84,926.72,927.72,4909328,"Neutral","Low"
"2020-01-28","Tesla",930.09,934.73,927.14,933.76,1955919,"Positive","High"
"2020-01-29","Amazon",929.92,931.97,929.73,930.92,1858008,"Negative","Low"
"2020-01-30","Google",927.17,930.4,925.98,929.46,1940970,"Positive","Medium"
"2020-01-31","Microsoft",930.25,934.09,927.77,932.45,2273631,"Neutral","Low"
"2020-02-01","Amazon",932.3,933.3,931.67,932.75,1110922,"Neutral","Medium"
"2020-02-02","Google",933.36,936.36,930.84,935.42,2202330,"Positive","Low"
"2020-02-03","Apple",935.68,938.24,932.72,934.4,1879916,"Neutral","Medium"
"2020-02-04","Apple",933.11,935.64,931.13,933.81,3241222,"Positive","Medium"
"2020-02-05","Google",937.17,938.53,936.42,936.53,1616291,"Positive","Low"
"2020-02-06","Google",938.93,938.93,934.96,937.42,3299949,"Positive","Medium"
"2020-02-07","Google",940.19,944.05,937.82,941.33,3560324,"Negative","Low"
"2020-02-08","Microsoft",943.33,946.99,942.84,945.72,1579448,"Positive","Medium"
"2020-02-09","Tesla",944.4,948.98,941.85,946.37,3079293,"Positive","Medium"
"2020-02-10","Google",943.83,946.67,941.28,946.42,3182300,"Neutral","Medium"
"2020-02-11","Amazon",945.25,949.13,944.41,946.2,4452665,"Positive","Low"
"2020-02-12","Google",950.62,952.62,947.01,949.08,2706823,"Positive","Low"
"2020-02-13","Tesla",954.35,956.34,950.83,951.46,1458556,"Neutral","High"
"2020-02-14","Apple",953.38,955.92,950.61,955.32,2752249,"Positive","Medium"
"2020-02-15","Microsoft",955.44,956.14,953.96,954.62,4020299,"Neutral","Medium"
"2020-02-16","Apple",953.59,955.7,950.83,953.79,2787177,"Negative","Low"
"2020-02-17","Google",952.82,956.61,949.88,954.46,3815220,"Positive","Low"
"2020-02-18","Apple",957.74,957.91,955.77,956.87,3896275,"Positive","Medium"
"2020-02-19","Apple",953.8,955.01,950.79,953.72,4156742,"Positive","Low"
"2020-02-20","Tesla",951.74,952.52,946.85,948.17,1144788,"Positive","Low"
"2020-02-21","Amazon",949.08,949.51,948.14,949.2,1970876,"Neutral","High"
"2020-02-22","Microsoft",947.15,951.47,945.64,949.62,666513,"Positive","Medium"
"2020-02-23","Apple",952.84,955.24,949.73,952.02,4865629,"Negative","Medium"
"2020-02-24","Microsoft",952.32,955.25,949.94,952.1,4437338,"Negative","Medium"
"2020-02-25","Microsoft",953.76,957.66,951.72,955.14,1343034,"Positive","Low"
"2020-02-26","Microsoft",958.83,960.83,956.41,958.33,1652753,"Neutral","Low"
"2020-02-27","Google",960.47,963.19,958.68,961.89,1595401,"Positive","Low"
"2020-02-28","Amazon",965.49,966.38,959.5,962.27,4709023,"Positive","Low"
"2020-02-29","Tesla",964.58,966.69,963.71,963.74,3754786,"Negative","Medium"
"2020-03-01","Amazon",966.46,970.79,965.34,968.11,4758200,"Positive","Medium"
"2020-03-02","Apple",966.78,968.4,965.14,966.17,781887,"Positive","Medium"
"2020-03-03","Apple",963.17,964.16,961.55,963.88,4839414,"Positive","Medium"
"2020-03-04","Amazon",962.66,965.55,961.67,962.62,626345,"Neutral","Low"
"2020-03-05","Tesla",965.54,966.99,963.4,965.02,1183024,"Neutral","High"
"2020-03-06","Tesla",959.42,962.03,958.47,961.07,1172232,"Positive","Medium"
"2020-03-07","Apple",964.73,965.82,964.04,964.9,4759894,"Neutral","High"
"2020-03-08","Apple",961.08,967.45,959.7,964.5,4469192,"Neutral","Low"
"2020-03-09","Tesla",962.72,967.12,960.88,965.91,4944896,"Positive","Medium"
"2020-03-10","Google",967.42,969.96,964.86,965.06,2120557,"Negative","Medium"
"2020-03-11","Microsoft",966.51,970.63,964.41,969.6,2430944,"Negative","Low"
"2020-03-12","Amazon",970.36,972.88,968.81,970.89,2111298,"Positive","Medium"
"2020-03-13","Microsoft",970.61,975.09,970.23,973.66,1199551,"Positive","Low"
"2020-03-14","Apple",972.97,974.27,971.43,973.54,2235668,"Neutral","Medium"
"2020-03-15","Google",968.14,974.46,965.59,971.73,1178271,"Positive","High"
"2020-03-16","Apple",972.35,973.4,972.32,972.95,822178,"Neutral","Medium"
"2020-03-17","Amazon",970.12,972.05,969.22,971.46,3554997,"Neutral","High"
"2020-03-18","Tesla",976.1,977.36,972.01,974.86,1119588,"Negative","Low"
"2020-03-19","Microsoft",975.91,978.68,973,976.2,537487,"Neutral","Medium"
"2020-03-20","Tesla",979.43,982.26,978.54,978.93,1892986,"Positive","High"
"2020-03-21","Microsoft",980.1,981.92,979.51,980.37,2633938,"Positive","Medium"
"2020-03-22","Amazon",978.7,983.45,978.69,980.9,3509339,"Negative","Low"
"2020-03-23","Amazon",976.63,979.83,973.82,978.49,963112,"Positive","Medium"
"2020-03-24","Amazon",976.81,982.46,975.23,979.64,2338808,"Neutral","Medium"
"2020-03-25","Tesla",977.78,980.22,975.17,976.56,3229063,"Positive","Low"
"2020-03-26","Tesla",974.74,976.67,972.74,974.39,1825586,"Negative","Medium"
"2020-03-27","Microsoft",970.5,973.73,968.36,973.13,2486305,"Positive","Low"
"2020-03-28","Tesla",971.27,973.87,971.07,971.67,1132472,"Negative","Medium"
"2020-03-29","Microsoft",972.06,972.45,970.47,972.32,1232683,"Negative","High"
"2020-03-30","Amazon",971.74,975.05,970.29,974.98,4350276,"Neutral","Medium"
"2020-03-31","Tesla",975.72,978.05,973.53,975.15,2486528,"Positive","Medium"
"2020-04-01","Tesla",978.18,980.16,977.64,979.34,2709428,"Positive","Medium"
"2020-04-02","Google",979.39,980.8,976.53,977.14,3848783,"Neutral","Medium"
"2020-04-03","Microsoft",977.96,979.66,977.57,978.32,4809414,"Positive","High"
"2020-04-04","Tesla",982.63,984.25,979.57,980.95,4652894,"Negative","Medium"
"2020-04-05","Amazon",981.15,984.3,978.22,982.78,2961468,"Positive","High"
"2020-04-06","Tesla",979.74,984.33,978.99,982.7,2053904,"Positive","Medium"
"2020-04-07","Google",978.08,981.53,975.11,979.6,1348579,"Neutral","Medium"
"2020-04-08","Apple",984.77,984.83,981.18,983.58,2674858,"Negative","Medium"
"2020-04-09","Microsoft",980.09,984.2,979.11,983.86,1062904,"Positive","Medium"
"2020-04-10","Tesla",982.7,983.81,980.74,981.39,4628960,"Positive","Medium"
"2020-04-11","Apple",981.31,982.61,980.88,981.25,3976653,"Neutral","Medium"
"2020-04-12","Microsoft",982.82,985.18,981.49,983.21,4640404,"Neutral","Low"
"2020-04-13","Amazon",985.44,987.43,981.19,982.71,1690294,"Positive","Medium"
"2020-04-14","Apple",983.94,985.46,981.07,983.46,776710,"Positive","Low"
"2020-04-15","Google",978.87,980.38,978.46,979.11,2464993,"Neutral","Medium"
"2020-04-16","Google",982.06,984.12,979.12,982.35,655629,"Positive","Medium"
"2020-04-17","Tesla",982.43,983.54,979.72,982.3,755815,"Neutral","Medium"
"2020-04-18","Amazon",976.44,976.6,973.7,976.5,936587,"Positive","High"
"2020-04-19","Microsoft",977.58,978.61,975.27,977.69,2930053,"Neutral","Low"
"2020-04-20","Apple",978.4,984.02,975.52,981.59,2977205,"Positive","Medium"
"2020-04-21","Amazon",981.78,985.67,981.02,984.17,3567202,"Positive","Medium"
"2020-04-22","Tesla",983.37,985.57,980.56,982.79,4991618,"Positive","Low"
"2020-04-23","Apple",983.57,984.88,982.31,983.6,4690837,"Positive","High"
"2020-04-24","Amazon",982.84,984.76,980.86,982.05,2215403,"Neutral","Low"
"2020-04-25","Google",977.51,980.6,974.8,980.42,1798224,"Positive","High"
"2020-04-26","Amazon",976.81,980.46,975.28,979.43,2300742,"Neutral","Medium"
"2020-04-27","Amazon",978.41,983.27,976.03,980.49,3660834,"Neutral","Low"
"2020-04-28","Microsoft",980.86,981.52,978.55,979.16,3452311,"Neutral","Low"
"2020-04-29","Microsoft",978.75,979.23,976.1,976.86,605323,"Positive","Medium"
"2020-04-30","Google",976.98,977.17,974.26,975.34,1421282,"Neutral","High"
"2020-05-01","Amazon",977.92,980.1,977.1,979.98,2339230,"Neutral","High"
"2020-05-02","Apple",976.57,980.97,973.66,978.83,4624496,"Neutral","Medium"
"2020-05-03","Apple",973.44,975.9,971.4,974.15,4900643,"Neutral","High"
"2020-05-04","Apple",973.4,976.05,970.59,971.62,1476047,"Neutral","Low"
"2020-05-05","Microsoft",967.93,971.27,966.6,969.14,673769,"Neutral","Low"
"2020-05-06","Apple",965.62,969.23,964.56,968.09,1374576,"Positive","Low"
"2020-05-07","Amazon",969.36,970.14,969.01,969.45,1239600,"Neutral","Low"
"2020-05-08","Apple",967.41,968.84,965.52,966.1,2841369,"Positive","High"
"2020-05-09","Microsoft",963.38,967.42,962.11,965.22,4342628,"Positive","High"
"2020-05-10","Amazon",970.35,971.67,967.64,970.65,1326506,"Neutral","Low"
"2020-05-11","Google",964.09,967.16,962.39,966.08,782049,"Positive","Low"
"2020-05-12","Google",965.15,967.23,964.5,964.9,2071367,"Positive","Low"
"2020-05-13","Amazon",964.07,966.23,962.89,965.79,4927661,"Neutral","Medium"
"2020-05-14","Apple",964.87,968.21,964.33,965.71,3506803,"Positive","Medium"
"2020-05-15","Apple",962.96,965.41,960.14,962.31,3242572,"Negative","Low"
"2020-05-16","Microsoft",959.22,960.03,958.9,959.17,2745167,"Neutral","Medium"
"2020-05-17","Apple",958,961.46,957.38,958.7,2992656,"Positive","Medium"
"2020-05-18","Amazon",955.01,956.93,954.34,955.14,2417890,"Neutral","Low"
"2020-05-19","Microsoft",962,965.35,959.45,962.77,3146107,"Positive","Medium"
"2020-05-20","Apple",957.37,959.68,955.32,958.96,4481971,"Neutral","High"
"2020-05-21","Google",957.5,958.66,956.06,956.9,3159435,"Negative","Low"
"2020-05-22","Amazon",960.34,960.59,956.91,958.99,3426629,"Positive","Medium"
"2020-05-23","Microsoft",959.47,961.33,959.44,960.81,4427286,"Neutral","Medium"
"2020-05-24","Google",959.81,961.13,957.41,958.09,3486587,"Neutral","High"
"2020-05-25","Apple",955.07,958.56,953.07,957.65,4120882,"Neutral","Medium"
"2020-05-26","Apple",958.73,961.71,953.04,955.72,3601463,"Negative","High"
"2020-05-27","Tesla",954.4,956.91,951.42,956.6,2359114,"Neutral","Medium"
"2020-05-28","Microsoft",952.18,953.94,950.61,951.42,2245865,"Neutral","Medium"
"2020-05-29","Microsoft",952.34,953.98,950.09,951.08,934811,"Negative","Medium"
"2020-05-30","Tesla",952.16,954.93,947.7,949.3,2628824,"Positive","Medium"
"2020-05-31","Microsoft",954.4,955.46,951.47,954.96,4021948,"Negative","Medium"
"2020-06-01","Microsoft",955,956.79,951.7,953.34,2663556,"Positive","High"
"2020-06-02","Apple",955.9,955.91,951.94,953.37,3717129,"Negative","Low"
"2020-06-03","Apple",956.55,957.21,953.55,955.95,2223919,"Negative","Medium"
"2020-06-04","Amazon",958.29,958.59,955.23,958.21,4231961,"Negative","High"
"2020-06-05","Microsoft",955.34,960.42,954.21,958.96,1654271,"Positive","Low"
"2020-06-06","Apple",954.92,956.19,953.06,956.18,4594345,"Positive","Low"
"2020-06-07","Amazon",957.51,958.15,953.73,955.03,4900234,"Positive","Low"
"2020-06-08","Apple",957.29,960.16,953.83,956.66,3896723,"Negative","Medium"
"2020-06-09","Google",958.11,960.72,957.94,958.94,4490488,"Negative","Low"
"2020-06-10","Google",956.34,958.54,953.82,957.5,3733257,"Neutral","Medium"
"2020-06-11","Google",959.71,963.1,957.86,961.07,4794604,"Negative","Low"
"2020-06-12","Apple",959.95,962.76,957.98,958.55,1744894,"Negative","Medium"
"2020-06-13","Tesla",960.48,962.69,955.61,957.89,2419157,"Positive","Medium"
"2020-06-14","Apple",960.49,961.08,956.92,959.35,1732197,"Negative","Low"
"2020-06-15","Amazon",958.48,959.67,954.73,956.8,2242794,"Negative","Medium"
"2020-06-16","Google",961.86,963.42,961.86,962.97,3567777,"Neutral","Low"
"2020-06-17","Google",957.98,959.1,955.03,957.71,2453287,"Negative","Medium"
"2020-06-18","Apple",960.68,963.57,958.13,958.2,3423258,"Positive","High"
"2020-06-19","Amazon",960.2,962.68,958.65,960.25,4182791,"Positive","High"
"2020-06-20","Microsoft",960.98,963.84,958.49,961.1,2479396,"Positive","High"
"2020-06-21","Amazon",960.47,963.21,956.76,959.02,4006865,"Neutral","Low"
"2020-06-22","Tesla",961.21,962.39,956.89,959.8,1475478,"Positive","Medium"
"2020-06-23","Amazon",959.6,960.45,956.64,959.73,3264688,"Neutral","Low"
"2020-06-24","Apple",957.72,957.9,956.61,956.78,4816915,"Negative","High"
"2020-06-25","Microsoft",959.35,960.08,958.08,958.38,3724948,"Neutral","High"
"2020-06-26","Microsoft",959.43,961.66,958.39,961.27,2213724,"Negative","Medium"
"2020-06-27","Tesla",958.88,960.96,955.91,960.75,2000605,"Neutral","Low"
"2020-06-28","Tesla",960.85,963.24,960.55,960.61,2660443,"Positive","Medium"
"2020-06-29","Microsoft",960.46,961.48,958.76,959.17,1999507,"Neutral","Medium"
"2020-06-30","Amazon",963.09,964.08,962.8,963.77,2682738,"Negative","Medium"
"2020-07-01","Microsoft",964.1,965.97,960.68,963.32,837346,"Neutral","Medium"
"2020-07-02","Apple",966.55,969.46,965.82,966.54,2602172,"Positive","Medium"
"2020-07-03","Google",966.98,968.66,964.01,966.21,4802304,"Negative","High"
"2020-07-04","Google",966.19,967.27,962.7,963.41,2423912,"Neutral","Low"
"2020-07-05","Google",960.24,962.45,959.53,962.26,3473134,"Positive","Low"
"2020-07-06","Tesla",961.58,962.77,959.76,962.57,4507578,"Negative","Low"
"2020-07-07","Microsoft",961.97,962.06,958.44,959.06,3070611,"Neutral","Low"
"2020-07-08","Google",962.74,965.58,962.58,965.42,4087800,"Neutral","High"
"2020-07-09","Microsoft",961.65,963.74,961.28,961.54,616441,"Positive","Low"
"2020-07-10","Microsoft",959.58,961.38,957.48,959.8,2850208,"Positive","Low"
"2020-07-11","Tesla",963.87,965.51,960.37,960.55,973322,"Positive","Low"
"2020-07-12","Amazon",966.08,969.18,964.39,966.33,1545848,"Neutral","Low"
"2020-07-13","Apple",965.29,968.62,964.71,967.66,3636294,"Negative","Medium"
"2020-07-14","Apple",969.71,970.9,965.56,968.41,3669875,"Positive","Medium"
"2020-07-15","Google",964.52,968.58,961.9,966.68,3481937,"Neutral","Medium"
"2020-07-16","Tesla",965.88,968.01,965.07,966.58,4459000,"Negative","Medium"
"2020-07-17","Google",962.03,965.05,960.19,962.36,2819990,"Negative","Low"
"2020-07-18","Microsoft",966.46,968.75,964.75,967.43,1283841,"Positive","Low"
"2020-07-19","Google",965.78,968.29,961.29,963.07,2847577,"Positive","Medium"
"2020-07-20","Apple",965.8,968.36,964.61,965.45,2145364,"Positive","Medium"
"2020-07-21","Google",966.21,972.38,965.37,969.8,4466830,"Positive","Low"
"2020-07-22","Tesla",969.1,971.2,966.79,969.5,3130496,"Neutral","Medium"
"2020-07-23","Google",970.36,971.43,964.55,967.52,843250,"Neutral","Medium"
"2020-07-24","Apple",966.57,969.23,964.4,965.4,4381224,"Positive","High"
"2020-07-25","Apple",969.33,973.6,968.87,971.27,3989225,"Neutral","Medium"
"2020-07-26","Tesla",974.2,976.62,972.68,974.46,3466462,"Neutral","Medium"
"2020-07-27","Google",978.19,978.52,975.41,976.36,693158,"Negative","Low"
"2020-07-28","Amazon",975.05,978.29,974.26,976.37,2065486,"Neutral","Low"
"2020-07-29","Microsoft",976.16,979.91,975.82,977.64,2351685,"Positive","High"
"2020-07-30","Tesla",975.44,977.44,971.12,973.02,2658804,"Positive","Medium"
"2020-07-31","Amazon",971.89,973.62,969.12,972.76,851175,"Negative","Low"
"2020-08-01","Tesla",970.39,971.62,969.52,971.11,4557029,"Positive","Medium"
"2020-08-02","Amazon",970.94,971.27,970.81,970.84,627924,"Positive","High"
"2020-08-03","Google",970.4,972.04,970.26,971.83,1335995,"Neutral","Medium"
"2020-08-04","Google",970.84,972.07,967.46,970.39,2990993,"Neutral","Low"
"2020-08-05","Amazon",969.32,972.14,967.15,968.38,2882042,"Negative","Medium"
"2020-08-06","Apple",963.28,968.06,961.49,966.13,3953888,"Negative","Low"
"2020-08-07","Tesla",963.84,965.73,962.38,963.82,4779081,"Positive","Medium"
"2020-08-08","Amazon",959.25,961.98,957.18,960.55,893717,"Positive","Low"
"2020-08-09","Amazon",960.74,963.12,958.64,961.27,4931857,"Negative","Medium"
"2020-08-10","Apple",961.75,963.85,957.25,958.5,1462294,"Positive","Medium"
"2020-08-11","Apple",965.29,965.82,963.33,965.13,3306440,"Positive","Low"
"2020-08-12","Google",961.46,965.89,959.78,964.2,4466436,"Negative","Low"
"2020-08-13","Microsoft",963.62,965.13,960.87,963,4587959,"Neutral","Low"
"2020-08-14","Microsoft",962.57,964.35,961.39,962.74,1104399,"Neutral","High"
"2020-08-15","Apple",964.73,969.59,963.89,967.25,2236468,"Positive","Low"
"2020-08-16","Amazon",969.37,974.32,969.12,971.95,1257361,"Positive","High"
"2020-08-17","Google",973.1,976.69,971.25,975.17,3865183,"Neutral","Medium"
"2020-08-18","Apple",977.94,979.51,974.61,977.14,4905102,"Negative","Medium"
"2020-08-19","Google",981.46,982.45,977.85,978.85,1286675,"Negative","Medium"
"2020-08-20","Amazon",976.18,980.27,975.92,977.89,4871390,"Positive","Low"
"2020-08-21","Apple",977.73,979.88,976.39,978.18,2398738,"Positive","High"
"2020-08-22","Microsoft",977.84,979.96,974.9,976.15,4423366,"Negative","Low"
"2020-08-23","Amazon",978.34,980.51,977.02,978.6,3889127,"Neutral","Medium"
"2020-08-24","Google",981.34,983.6,979.93,981.96,753963,"Positive","Medium"
"2020-08-25","Tesla",986.6,987.83,984.66,985.83,1463668,"Positive","High"
"2020-08-26","Google",985.71,986.53,983.9,985.88,607117,"Positive","High"
"2020-08-27","Google",989.02,991.83,988.44,988.8,3281521,"Neutral","Medium"
"2020-08-28","Tesla",990.62,992.75,986.16,988.42,4610828,"Neutral","Low"
"2020-08-29","Apple",992.64,995.95,992.57,993.41,1693072,"Positive","Medium"
"2020-08-30","Apple",998.38,1000,997.28,998.99,4525600,"Neutral","Low"
"2020-08-31","Google",994.09,998.72,993.7,997.6,3343035,"Neutral","Medium"
"2020-09-01","Amazon",997.46,1000.71,996.58,998.19,516039,"Negative","Medium"
"2020-09-02","Microsoft",998.29,998.86,994.73,997.56,1149823,"Positive","Low"
"2020-09-03","Microsoft",995.76,996.45,992.68,994.63,4567944,"Positive","Medium"
"2020-09-04","Google",996.71,998.95,995.71,995.79,3621495,"Neutral","Medium"
"2020-09-05","Apple",991.73,994.22,989.84,990.14,3622929,"Negative","Medium"
"2020-09-06","Apple",992.79,995.18,991.09,993.59,2575679,"Neutral","Low"
"2020-09-07","Microsoft",992.13,992.66,988.8,991.29,4268076,"Negative","Medium"
"2020-09-08","Apple",987.49,989.99,986.85,989.89,4622520,"Positive","Medium"
"2020-09-09","Amazon",985.77,989.61,985.67,987.68,1331981,"Negative","Medium"
"2020-09-10","Microsoft",983.99,985.76,983.94,984.29,2142569,"Positive","Medium"
"2020-09-11","Apple",987.52,988.97,981.77,984.23,2202483,"Neutral","Medium"
"2020-09-12","Apple",985.66,988.14,982.25,982.48,4929076,"Positive","Low"
"2020-09-13","Apple",988.26,990.24,985.74,988.19,1674016,"Positive","High"
"2020-09-14","Tesla",983.89,985.04,981.63,982.15,4763117,"Neutral","Medium"
"2020-09-15","Microsoft",984.65,986.75,981.16,982.03,2361331,"Neutral","Low"
"2020-09-16","Apple",986.74,989.89,985.16,989.52,4046870,"Neutral","Medium"
"2020-09-17","Apple",984.47,987.78,981.68,986.6,4199394,"Positive","Low"
"2020-09-18","Tesla",983.3,985.28,981.66,984.56,1277155,"Positive","Medium"
"2020-09-19","Microsoft",981.98,983.22,978.7,980.08,2727324,"Neutral","Low"
"2020-09-20","Google",985.51,987.63,982.95,985.41,1126257,"Negative","Low"
"2020-09-21","Apple",984.99,986.28,983.61,984.57,1450570,"Negative","Medium"
"2020-09-22","Amazon",982.64,986.81,982.44,984.16,2630001,"Positive","Medium"
"2020-09-23","Amazon",984.04,984.18,981.27,982.51,4660237,"Negative","Low"
"2020-09-24","Apple",983.7,985.68,982.5,983.61,2322342,"Neutral","Medium"
"2020-09-25","Amazon",982.44,984.1,981.04,982.09,751035,"Positive","Low"
"2020-09-26","Google",985.43,987.77,984.19,985.41,3756954,"Negative","Medium"
"2020-09-27","Apple",989.58,989.62,986.29,987.13,4308914,"Positive","Low"
"2020-09-28","Tesla",986.61,990.78,985.32,988.37,4421986,"Neutral","High"
"2020-09-29","Apple",989.89,991.61,987.26,989.83,2915021,"Neutral","High"
"2020-09-30","Google",994.04,994.95,992.38,992.93,1004776,"Neutral","Medium"
"2020-10-01","Amazon",994.19,995.43,992.31,994.15,1357382,"Positive","High"
"2020-10-02","Microsoft",994.66,996.67,992.96,993.76,4459662,"Negative","Medium"
"2020-10-03","Amazon",997.52,999.04,994.73,997.77,3664523,"Negative","Medium"
"2020-10-04","Google",998.71,999.12,996,998.72,2938345,"Neutral","Medium"
"2020-10-05","Tesla",1000.12,1000.87,999.39,999.62,3304913,"Positive","Low"
"2020-10-06","Amazon",1000.48,1002.24,999.61,1000.48,2037882,"Negative","Medium"
"2020-10-07","Google",999.56,1001.12,998.47,999.5,877192,"Positive","Low"
"2020-10-08","Google",1003.26,1005.81,998.92,1001.28,3336851,"Neutral","Low"
"2020-10-09","Google",998.56,1001.34,997.31,998.67,1035066,"Neutral","Low"
"2020-10-10","Microsoft",1005.52,1006.83,1001.36,1003.45,4114932,"Negative","Low"
"2020-10-11","Google",1005.89,1007.28,1002.45,1005.34,2217007,"Positive","Low"
"2020-10-12","Tesla",1007.48,1010.33,1005.1,1006.75,3980723,"Negative","Low"
"2020-10-13","Apple",1009.93,1012.22,1007.51,1010.44,2214996,"Neutral","Medium"
"2020-10-14","Tesla",1005.5,1009.74,1005.1,1007.92,2262061,"Negative","Low"
"2020-10-15","Tesla",1006.57,1008.35,1005.66,1006.09,1824294,"Negative","Low"
"2020-10-16","Tesla",1001.14,1004.35,1000.51,1003,3795593,"Neutral","Low"
"2020-10-17","Tesla",1001.66,1003.89,998.74,1001.23,3353739,"Negative","High"
"2020-10-18","Tesla",1005.15,1006.08,1001.31,1004.12,2397508,"Positive","Medium"
"2020-10-19","Tesla",1003.61,1006.15,1001.38,1003.77,2956298,"Positive","Medium"
"2020-10-20","Amazon",1006.8,1008.09,1005.31,1007.36,2039869,"Positive","Medium"
"2020-10-21","Apple",1005.31,1006.19,1002.15,1003.06,3577165,"Neutral","Medium"
"2020-10-22","Microsoft",1006.17,1007.82,1004.29,1004.61,518948,"Neutral","Medium"
"2020-10-23","Tesla",1005.56,1005.89,1003.99,1005.63,3151221,"Negative","Medium"
"2020-10-24","Amazon",1002.14,1003.13,1001.54,1001.77,4737553,"Negative","Medium"
"2020-10-25","Google",1005.69,1008.62,1004.5,1005.78,3464663,"Neutral","Low"
"2020-10-26","Microsoft",1010.91,1011.65,1008.41,1010.81,4954871,"Negative","Medium"
"2020-10-27","Google",1005.62,1010.71,1004.5,1008.92,3397254,"Positive","Low"
"2020-10-28","Google",1006.7,1010.31,1006.39,1007.38,2847845,"Negative","Medium"
"2020-10-29","Google",1008.09,1010.82,1007.73,1010.11,765876,"Neutral","Low"
"2020-10-30","Amazon",1008.61,1010,1005.21,1005.22,2179792,"Neutral","Low"
"2020-10-31","Amazon",1012.43,1014.32,1010.69,1011.29,3036378,"Positive","Medium"
"2020-11-01","Microsoft",1013.06,1014.17,1010.87,1011.93,3221910,"Neutral","Low"
"2020-11-02","Google",1009.85,1011.23,1007.93,1010.33,4353031,"Positive","Medium"
"2020-11-03","Amazon",1009.59,1011.56,1006.98,1009.05,4447713,"Negative","Medium"
"2020-11-04","Tesla",1011.9,1011.99,1011.56,1011.75,4840171,"Positive","Low"
"2020-11-05","Google",1012.33,1015.91,1011.95,1013.45,1553582,"Positive","High"
"2020-11-06","Apple",1011.32,1014.51,1008.7,1013.85,2253200,"Positive","Low"
"2020-11-07","Apple",1012.15,1013.47,1011.58,1011.82,2454537,"Neutral","Low"
"2020-11-08","Amazon",1013.62,1016.94,1013.12,1014.68,2716414,"Neutral","Medium"
"2020-11-09","Apple",1013.79,1016.63,1010.2,1013.17,2703250,"Positive","Medium"
"2020-11-10","Tesla",1016.4,1018.94,1014.77,1017.16,2904905,"Negative","Low"
"2020-11-11","Amazon",1018.76,1021.53,1016.85,1017.84,1320300,"Positive","Medium"
"2020-11-12","Google",1020.54,1022.96,1015.67,1017.08,1861647,"Negative","Low"
"2020-11-13","Google",1014.96,1017.18,1013.6,1015.76,1886963,"Positive","Medium"
"2020-11-14","Microsoft",1014.96,1015.66,1014.24,1014.97,987474,"Positive","Low"
"2020-11-15","Apple",1017.68,1019.75,1015.47,1017.69,3707344,"Neutral","Low"
"2020-11-16","Apple",1021.12,1021.24,1019.45,1019.59,2146547,"Negative","Low"
"2020-11-17","Microsoft",1024.23,1025.68,1020.87,1023.15,1236223,"Negative","Low"
"2020-11-18","Apple",1025.4,1028.81,1023.16,1027.07,4098760,"Positive","High"
"2020-11-19","Apple",1031.63,1034.22,1027.44,1029.02,2847784,"Positive","Medium"
"2020-11-20","Microsoft",1033.02,1034.96,1030.73,1031.77,4285297,"Negative","Medium"
"2020-11-21","Amazon",1034.4,1037.28,1033.37,1034.12,1435379,"Neutral","Low"
"2020-11-22","Google",1035.22,1037.8,1032.46,1034.5,4617375,"Positive","High"
"2020-11-23","Apple",1035.94,1039.21,1034.23,1037.38,1457760,"Negative","Low"
"2020-11-24","Amazon",1036.29,1037.19,1034.92,1035.5,4562953,"Negative","High"
"2020-11-25","Microsoft",1041.12,1041.16,1038.78,1039.34,3175505,"Positive","Medium"
"2020-11-26","Amazon",1045.61,1047.49,1042.44,1044.47,4275946,"Negative","High"
"2020-11-27","Amazon",1040.37,1045.29,1039.77,1043.88,4800101,"Positive","Low"
"2020-11-28","Microsoft",1045.33,1047.75,1044.63,1046.45,1546340,"Positive","High"
"2020-11-29","Microsoft",1045.57,1050.27,1043.37,1047.37,4567682,"Neutral","Medium"
"2020-11-30","Amazon",1042.87,1046.47,1041.71,1043.97,4848319,"Positive","High"
"2020-12-01","Amazon",1045.07,1047.67,1045.03,1045.92,1214937,"Positive","High"
"2020-12-02","Microsoft",1040.68,1042,1037.77,1039.39,2755402,"Positive","Low"
"2020-12-03","Apple",1044.99,1046.38,1044.5,1045.81,4130635,"Positive","Medium"
"2020-12-04","Tesla",1045.31,1047.33,1045.14,1045.38,656704,"Positive","Low"
"2020-12-05","Google",1047.65,1048.81,1045.34,1048.45,3217881,"Positive","Low"
"2020-12-06","Microsoft",1044.51,1048.38,1042.62,1046.78,4019357,"Positive","Low"
"2020-12-07","Tesla",1048.36,1051.08,1045.17,1047.45,4831178,"Neutral","High"
"2020-12-08","Google",1045.08,1047.06,1042.6,1044.58,1632320,"Neutral","Low"
"2020-12-09","Amazon",1044,1044.27,1041.29,1044.04,4289519,"Negative","Low"
"2020-12-10","Google",1047.71,1048.32,1045.36,1047.37,2971864,"Neutral","Low"
"2020-12-11","Google",1048.49,1050.38,1046.08,1049.92,3673033,"Positive","Medium"
"2020-12-12","Microsoft",1049.86,1052.47,1049.27,1049.81,1184813,"Neutral","Medium"
"2020-12-13","Microsoft",1049.05,1053.4,1048.35,1051.45,1145962,"Positive","Medium"
"2020-12-14","Tesla",1049.61,1051.43,1045,1047.6,3684085,"Positive","Low"
"2020-12-15","Amazon",1045.12,1050.17,1044.97,1047.82,2380444,"Negative","Low"
"2020-12-16","Google",1045.41,1049.12,1045.13,1046.9,2149232,"Positive","Medium"
"2020-12-17","Apple",1046.36,1049.12,1045.43,1046,1077754,"Positive","Low"
"2020-12-18","Apple",1044.33,1044.89,1041.84,1042.57,1567883,"Positive","Low"
"2020-12-19","Microsoft",1045.61,1047.9,1042.99,1046.38,4680456,"Neutral","Medium"
"2020-12-20","Amazon",1050.92,1052.91,1045.57,1048.39,2877084,"Neutral","Low"
"2020-12-21","Google",1050.1,1053.06,1050.06,1050.44,3150754,"Neutral","Low"
"2020-12-22","Microsoft",1053.67,1056.11,1053.05,1054.24,1800120,"Positive","Medium"
"2020-12-23","Google",1056.96,1058.42,1054.33,1055.72,1671580,"Neutral","Low"
"2020-12-24","Tesla",1056.28,1061.52,1054.82,1059.54,1113627,"Positive","Low"
"2020-12-25","Google",1060.04,1063.01,1056.04,1058.06,1301633,"Neutral","Medium"
"2020-12-26","Google",1060.31,1063.97,1058.49,1061.77,1426098,"Neutral","Medium"
"2020-12-27","Microsoft",1061.23,1064.27,1060.55,1062.43,2028497,"Positive","Medium"
"2020-12-28","Apple",1060.67,1062.2,1058.57,1061.28,1032656,"Positive","Low"
"2020-12-29","Google",1065.9,1068.12,1065.76,1065.94,557029,"Neutral","High"
"2020-12-30","Apple",1064.57,1066.15,1063.99,1064.1,3338038,"Neutral","High"
"2020-12-31","Amazon",1065.01,1069.56,1064,1068.15,3589706,"Negative","Medium"
"2021-01-01","Tesla",1068.4,1070.2,1066.31,1069.96,702775,"Neutral","Medium"
"2021-01-02","Apple",1073.08,1074.92,1072.03,1072.12,1679060,"Positive","Medium"
"2021-01-03","Tesla",1073.94,1076.65,1072.34,1074.58,4193057,"Positive","Medium"
"2021-01-04","Apple",1078.34,1080.94,1076.71,1080.81,579655,"Negative","Medium"
"2021-01-05","Google",1079.58,1084.04,1077.71,1082.08,1280102,"Neutral","Medium"
"2021-01-06","Amazon",1083.31,1088.06,1081.63,1086.15,726372,"Positive","Medium"
"2021-01-07","Google",1080.31,1084.67,1080.18,1083.22,851914,"Positive","Low"
"2021-01-08","Google",1087.15,1087.69,1086.06,1087.39,4125277,"Neutral","Low"
"2021-01-09","Microsoft",1088.04,1089.03,1084.64,1087.04,2645704,"Positive","Low"
"2021-01-10","Google",1093.23,1095.27,1090.34,1092.95,3324842,"Negative","Medium"
"2021-01-11","Google",1091.98,1095.14,1090.31,1092.97,588651,"Neutral","Medium"
"2021-01-12","Microsoft",1093.34,1096.11,1090.49,1091.31,3105397,"Positive","High"
"2021-01-13","Microsoft",1094.04,1094.79,1091.53,1093.71,1208955,"Positive","Low"
"2021-01-14","Amazon",1092.44,1097.79,1090.68,1094.88,4654781,"Positive","Medium"
"2021-01-15","Tesla",1097.15,1098.3,1093.86,1096.16,1986351,"Neutral","High"
"2021-01-16","Google",1099.99,1100.48,1095.35,1097.92,4795038,"Negative","Medium"
"2021-01-17","Apple",1098.98,1101.81,1098.45,1100.29,4390971,"Neutral","Medium"
"2021-01-18","Amazon",1101.19,1103.99,1098.49,1100.89,4663689,"Neutral","Low"
"2021-01-19","Apple",1103.18,1106.14,1101.84,1105.54,2395536,"Negative","High"
"2021-01-20","Tesla",1107.06,1109.5,1104.76,1105.35,4598261,"Neutral","Low"
"2021-01-21","Amazon",1111.06,1112.2,1108,1110.1,1452950,"Negative","Medium"
"2021-01-22","Amazon",1110.7,1113.64,1107.54,1108.95,2934367,"Neutral","Low"
"2021-01-23","Google",1107.19,1109.7,1105.8,1107.66,3798340,"Positive","Medium"
"2021-01-24","Apple",1111.45,1111.53,1109.99,1111.51,2783583,"Positive","Low"
"2021-01-25","Apple",1107.63,1110.87,1106.21,1110.19,2183348,"Positive","Medium"
"2021-01-26","Apple",1105.28,1106.37,1102.36,1104.6,3573649,"Negative","Low"
"2021-01-27","Google",1101.85,1105.08,1101.3,1103.79,2738736,"Negative","High"
"2021-01-28","Tesla",1104.08,1110.02,1103.74,1107.34,3254795,"Positive","Medium"
"2021-01-29","Tesla",1104.32,1106.49,1100.24,1102.1,4837108,"Positive","Low"
"2021-01-30","Tesla",1101.88,1103.29,1100.78,1100.96,2981490,"Neutral","Low"
"2021-01-31","Amazon",1101.98,1103.44,1099.97,1101.95,2722005,"Neutral","Low"
"2021-02-01","Tesla",1098.59,1104.54,1096.71,1101.99,2250389,"Positive","High"
"2021-02-02","Tesla",1097.95,1098.27,1096.78,1097.3,3488004,"Positive","Low"
"2021-02-03","Microsoft",1095.42,1097.51,1093.68,1093.75,1080866,"Positive","Medium"
"2021-02-04","Microsoft",1097.31,1099.69,1095.08,1098.66,3299460,"Positive","High"
"2021-02-05","Apple",1094.57,1095.1,1092.78,1095.06,4680865,"Positive","Medium"
"2021-02-06","Tesla",1094.78,1097.44,1092.7,1096.56,3423362,"Negative","Low"
"2021-02-07","Amazon",1099.84,1101.5,1095.38,1098.17,1454270,"Neutral","High"
"2021-02-08","Google",1097.73,1098.06,1095.45,1097.75,1841246,"Neutral","Medium"
"2021-02-09","Amazon",1102.27,1104.45,1101.5,1102.32,1616347,"Negative","High"
"2021-02-10","Google",1102.59,1104.73,1096.79,1099.39,1138076,"Neutral","Medium"
"2021-02-11","Amazon",1103.16,1105.37,1097.68,1100.53,1083007,"Positive","High"
"2021-02-12","Tesla",1104.27,1105.52,1104.1,1104.78,2338793,"Negative","Medium"
"2021-02-13","Tesla",1104.94,1107.89,1102.13,1105.04,2687634,"Positive","Low"
"2021-02-14","Apple",1104.22,1105.9,1101.93,1103.3,704506,"Neutral","Medium"
"2021-02-15","Amazon",1100.36,1101.81,1096.44,1099.39,2859098,"Positive","Medium"
"2021-02-16","Google",1099.46,1101.58,1098.36,1098.82,978161,"Positive","High"
"2021-02-17","Amazon",1103.57,1106.38,1100.64,1102.27,1366912,"Positive","Low"
"2021-02-18","Google",1103.15,1104.95,1102.89,1103.45,4339642,"Positive","Medium"
"2021-02-19","Microsoft",1102.9,1104.66,1099.96,1103.15,2720980,"Positive","High"
"2021-02-20","Microsoft",1103.6,1105.85,1101.1,1103.15,2555026,"Negative","Medium"
"2021-02-21","Google",1104.17,1106.62,1102.84,1105.95,2829649,"Neutral","Low"
"2021-02-22","Google",1101.97,1105.01,1101.57,1103.29,1131084,"Positive","Medium"
"2021-02-23","Tesla",1104.39,1105.83,1101.26,1103.9,2070163,"Positive","High"
"2021-02-24","Amazon",1102.1,1105.55,1100.18,1103.12,1472789,"Negative","Medium"
"2021-02-25","Amazon",1103.5,1106.75,1101.28,1103.76,1006973,"Negative","Medium"
"2021-02-26","Amazon",1102.42,1103.47,1099.93,1101.49,2447250,"Neutral","Low"
"2021-02-27","Google",1104.82,1106.93,1100.62,1101.09,1698430,"Positive","Low"
"2021-02-28","Apple",1099.73,1101.1,1097.85,1100.61,1725876,"Negative","Medium"
"2021-03-01","Google",1100.35,1102.92,1097.12,1098.59,4490674,"Neutral","Medium"
"2021-03-02","Tesla",1098.65,1099.75,1096.51,1096.77,3119363,"Positive","Medium"
"2021-03-03","Amazon",1096.3,1100.17,1096.08,1097.93,875896,"Positive","High"
"2021-03-04","Microsoft",1101.56,1103,1101.32,1101.33,2712401,"Neutral","Low"
"2021-03-05","Microsoft",1100.49,1103.14,1099.38,1100.02,4768203,"Negative","Low"
"2021-03-06","Google",1096.04,1097.8,1094.97,1096.44,1397019,"Neutral","High"
"2021-03-07","Tesla",1092.26,1096.32,1090.08,1094.43,832948,"Neutral","Low"
"2021-03-08","Apple",1094.96,1096.3,1092.94,1094.04,3077886,"Neutral","Medium"
"2021-03-09","Apple",1091.87,1094.44,1090.37,1091.55,2214124,"Positive","Low"
"2021-03-10","Apple",1089.79,1093.61,1088.91,1091.04,3656178,"Positive","Low"
"2021-03-11","Amazon",1090.8,1091.95,1087.81,1089.82,3475175,"Positive","Medium"
"2021-03-12","Microsoft",1090.37,1093.27,1089.24,1091.16,1799182,"Negative","Low"
"2021-03-13","Microsoft",1091.42,1094.22,1091.13,1093.96,3446140,"Negative","High"
"2021-03-14","Microsoft",1095.11,1098.42,1094.63,1097.41,4851639,"Positive","Medium"
"2021-03-15","Tesla",1097.14,1099.64,1094.16,1095.83,986155,"Negative","Medium"
"2021-03-16","Tesla",1094.56,1097.44,1092.58,1092.97,1217413,"Neutral","Low"
"2021-03-17","Google",1095.2,1097.9,1095.2,1097.21,3399750,"Negative","Medium"
"2021-03-18","Apple",1097.29,1097.77,1096.01,1097.02,3981921,"Neutral","Low"
"2021-03-19","Amazon",1094.35,1098.11,1093.9,1095.73,4842215,"Negative","Medium"
"2021-03-20","Tesla",1093.71,1096.17,1092.96,1093.82,4586059,"Neutral","Low"
"2021-03-21","Microsoft",1092.45,1096.8,1092.42,1094.99,3519416,"Positive","Low"
"2021-03-22","Amazon",1098.96,1101.25,1097.82,1099,2919027,"Positive","Medium"
"2021-03-23","Tesla",1098.01,1100.37,1095.69,1097.09,2101999,"Negative","Low"
"2021-03-24","Tesla",1095.27,1101.25,1093.23,1098.48,1391665,"Negative","High"
"2021-03-25","Apple",1094.3,1097.1,1091.37,1094.21,1720822,"Positive","High"
"2021-03-26","Google",1097.92,1102.54,1096.7,1099.73,1156266,"Positive","High"
"2021-03-27","Amazon",1101.63,1106.65,1099.18,1104.15,4739562,"Neutral","Low"
"2021-03-28","Apple",1104.81,1107.74,1102.99,1106.08,4506161,"Positive","High"
"2021-03-29","Tesla",1107.77,1110.81,1107.42,1109.34,3654571,"Neutral","Low"
"2021-03-30","Tesla",1104.54,1104.56,1101.77,1104.54,2837422,"Positive","Low"
"2021-03-31","Google",1104.46,1108.04,1104.37,1105.42,527936,"Negative","High"
"2021-04-01","Google",1103.24,1105.51,1100.7,1101.07,4949128,"Positive","Medium"
"2021-04-02","Microsoft",1105.47,1107.92,1103.31,1104.47,2723968,"Negative","Low"
"2021-04-03","Google",1103.57,1104.98,1100.48,1102.77,4722014,"Positive","Low"
"2021-04-04","Tesla",1105.49,1106.92,1104.63,1105.23,3507270,"Neutral","Low"
"2021-04-05","Microsoft",1104.69,1106.98,1104.03,1106.97,3485291,"Neutral","Medium"
"2021-04-06","Tesla",1104.9,1108.92,1103.26,1107.27,857057,"Positive","High"
"2021-04-07","Amazon",1103.02,1104.28,1101.12,1102.71,4795419,"Positive","Medium"
"2021-04-08","Amazon",1105.13,1106.58,1104.62,1105.53,3933992,"Positive","Low"
"2021-04-09","Tesla",1108.46,1110.07,1106.77,1107.66,1613736,"Neutral","High"
"2021-04-10","Amazon",1109.47,1110.09,1108.77,1108.94,2877849,"Positive","Medium"
"2021-04-11","Tesla",1111.44,1113.04,1109.95,1112.56,3567580,"Positive","Low"
"2021-04-12","Microsoft",1111.3,1114.33,1108.6,1112.49,1526374,"Negative","Low"
"2021-04-13","Google",1115.41,1117.41,1112.97,1114.41,4862403,"Negative","Medium"
"2021-04-14","Google",1117.18,1120.08,1116.46,1117.01,4391812,"Neutral","Medium"
"2021-04-15","Microsoft",1116.94,1119.54,1113.92,1116.32,3511308,"Negative","High"
"2021-04-16","Amazon",1117.11,1117.85,1115.93,1117.79,1263433,"Positive","Medium"
"2021-04-17","Amazon",1117.15,1119.06,1116.73,1117.36,3655375,"Positive","Medium"
"2021-04-18","Tesla",1117.37,1119.64,1114.8,1116.62,2606402,"Neutral","Medium"
"2021-04-19","Google",1111.64,1114.16,1111.6,1112.62,4924208,"Neutral","Low"
"2021-04-20","Tesla",1114.47,1116.15,1113.25,1115.19,2159307,"Positive","Medium"
"2021-04-21","Microsoft",1114.28,1118.5,1111.33,1116.73,2351745,"Positive","Low"
"2021-04-22","Amazon",1116.42,1118.36,1114.66,1114.8,2888105,"Positive","Low"
"2021-04-23","Amazon",1117.3,1118.92,1116.71,1118.41,1147035,"Negative","Medium"
"2021-04-24","Amazon",1117.77,1118.46,1111.6,1114.53,2361152,"Neutral","Medium"
"2021-04-25","Apple",1113.48,1113.8,1111.16,1113.02,4715583,"Positive","Low"
"2021-04-26","Microsoft",1118.36,1121.12,1115.11,1115.88,4712804,"Positive","Medium"
"2021-04-27","Microsoft",1118.08,1119.22,1113.67,1115.08,4318405,"Neutral","Medium"
"2021-04-28","Tesla",1118.85,1120.95,1115.92,1117.8,3713176,"Positive","High"
"2021-04-29","Google",1124.78,1125.52,1119.88,1121.76,4185927,"Neutral","Medium"
"2021-04-30","Google",1128.03,1129.3,1125.98,1128.01,3200615,"Neutral","Low"
"2021-05-01","Amazon",1123.95,1128.79,1122.93,1126.52,3463172,"Positive","Low"
"2021-05-02","Google",1127.44,1130.31,1124.71,1128.06,3895887,"Positive","High"
"2021-05-03","Tesla",1129.52,1130.25,1126.24,1128.43,2266016,"Positive","Low"
"2021-05-04","Tesla",1124.33,1126.81,1123.55,1125.01,4402876,"Positive","High"
"2021-05-05","Apple",1122.9,1125.62,1122.43,1124.21,1876912,"Neutral","High"
"2021-05-06","Apple",1123.45,1127.43,1121.92,1124.88,2004273,"Positive","Low"
"2021-05-07","Amazon",1118.47,1121.06,1115.91,1118.37,3855665,"Neutral","Medium"
"2021-05-08","Amazon",1119.15,1120.88,1116.62,1118.86,1093659,"Negative","Low"
"2021-05-09","Apple",1123.3,1124.78,1119.78,1120.32,4431063,"Neutral","Medium"
"2021-05-10","Amazon",1123.48,1124.71,1123.06,1123.67,1957502,"Neutral","Low"
"2021-05-11","Microsoft",1122.44,1124.42,1121.06,1123.46,1841312,"Neutral","Medium"
"2021-05-12","Tesla",1123.95,1125.86,1121.01,1125.46,1491451,"Positive","Low"
"2021-05-13","Google",1125.14,1125.88,1122.09,1124.92,1968066,"Positive","Medium"
"2021-05-14","Google",1123.35,1126.77,1123.3,1124.18,4641772,"Neutral","Medium"
"2021-05-15","Tesla",1125.09,1127.46,1120.62,1122.85,4572972,"Neutral","High"
"2021-05-16","Microsoft",1123.28,1126.2,1121.78,1123.14,4638807,"Positive","Low"
"2021-05-17","Tesla",1124.18,1126.18,1123.66,1125.58,3293275,"Positive","Low"
"2021-05-18","Amazon",1126.06,1127.2,1124.59,1124.96,1260946,"Positive","Low"
"2021-05-19","Apple",1125.84,1127.91,1120.97,1122.91,2614123,"Negative","Low"
"2021-05-20","Tesla",1127.25,1130.19,1125.3,1128.77,4698214,"Positive","Medium"
"2021-05-21","Amazon",1125.34,1127.29,1124.39,1126.9,3210918,"Positive","Low"
"2021-05-22","Amazon",1127.23,1127.99,1126.57,1127.11,2048157,"Neutral","Medium"
"2021-05-23","Apple",1121.12,1124.28,1120.25,1122.36,990096,"Neutral","Medium"
"2021-05-24","Google",1126.06,1128.1,1125.86,1128.06,2057834,"Neutral","Medium"
"2021-05-25","Apple",1131.7,1132.51,1127,1129.22,4188957,"Negative","Medium"
"2021-05-26","Amazon",1127.17,1131.17,1125.73,1129.38,2618812,"Positive","Medium"
"2021-05-27","Google",1126.01,1127.54,1124.66,1125.57,2624386,"Neutral","Low"
"2021-05-28","Microsoft",1127.62,1131.49,1125.08,1128.74,3560667,"Neutral","Low"
"2021-05-29","Google",1132.19,1134.83,1131.28,1132.5,3399747,"Neutral","Low"
"2021-05-30","Apple",1130.9,1131.49,1124.53,1127.19,2647774,"Positive","Medium"
"2021-05-31","Apple",1129.65,1131.69,1125.18,1127.66,4867129,"Positive","Low"
"2021-06-01","Microsoft",1132.69,1135.42,1131.75,1132.79,3627433,"Neutral","Medium"
"2021-06-02","Tesla",1132.81,1136.34,1131.07,1133.96,3417045,"Positive","Low"
"2021-06-03","Microsoft",1133.02,1133.28,1128.86,1131.15,768914,"Positive","Low"
"2021-06-04","Tesla",1129.97,1132.32,1128.7,1130.08,3202775,"Negative","Medium"
"2021-06-05","Microsoft",1126.5,1128.96,1125.12,1127.49,1696509,"Positive","Medium"
"2021-06-06","Tesla",1124.65,1127.63,1123.48,1126.08,2021484,"Neutral","Low"
"2021-06-07","Tesla",1123.19,1125.5,1117.81,1120.25,1927638,"Negative","Low"
"2021-06-08","Google",1122.55,1128.16,1120.39,1125.5,1922486,"Negative","Low"
"2021-06-09","Amazon",1128.85,1131.1,1127.59,1129.51,3535906,"Neutral","High"
"2021-06-10","Google",1127.23,1127.25,1125.01,1125.8,1969786,"Neutral","High"
"2021-06-11","Tesla",1130.74,1133.31,1129.14,1131.47,2654262,"Positive","High"
"2021-06-12","Apple",1136.83,1139.65,1131.9,1133.79,4738967,"Neutral","Low"
"2021-06-13","Amazon",1132.38,1133.34,1131.14,1132.86,1460566,"Neutral","High"
"2021-06-14","Tesla",1132.33,1135.58,1129.51,1133.1,1881365,"Positive","High"
"2021-06-15","Google",1132.17,1134.69,1131.71,1132.33,4359653,"Positive","High"
"2021-06-16","Amazon",1132.03,1132.08,1127.79,1130.71,860457,"Positive","Medium"
"2021-06-17","Amazon",1134.8,1136.86,1131.62,1132.27,4471518,"Positive","Low"
"2021-06-18","Apple",1129.9,1130.53,1128.07,1130.15,581250,"Neutral","High"
"2021-06-19","Microsoft",1131.35,1131.38,1130.27,1131.08,2666584,"Negative","High"
"2021-06-20","Amazon",1131.65,1131.76,1127.22,1130.04,1860998,"Positive","Medium"
"2021-06-21","Apple",1137.33,1139.71,1136.79,1137.18,4046326,"Neutral","High"
"2021-06-22","Apple",1137.26,1139.96,1133.29,1136.28,3845137,"Neutral","Medium"
"2021-06-23","Microsoft",1140.02,1142.73,1136.66,1137.72,4456825,"Neutral","Low"
"2021-06-24","Tesla",1139.11,1140.69,1137.13,1138.4,4517730,"Negative","Medium"
"2021-06-25","Amazon",1140.36,1141.47,1136.46,1139.15,849846,"Neutral","Low"
"2021-06-26","Apple",1140.61,1142.82,1138.34,1140.18,683802,"Neutral","Low"
"2021-06-27","Amazon",1143.87,1146.63,1142.74,1144.06,2115348,"Negative","Medium"
"2021-06-28","Google",1140.61,1141.2,1137.53,1139.13,893340,"Positive","High"
"2021-06-29","Google",1139.9,1142.42,1136.86,1139.74,2622662,"Negative","Medium"
"2021-06-30","Tesla",1138.72,1139.02,1136.14,1138.28,2989275,"Neutral","Low"
"2021-07-01","Amazon",1139.3,1142.11,1137.63,1139.47,2183696,"Positive","Medium"
"2021-07-02","Microsoft",1139.11,1142.99,1136.21,1140.54,3989231,"Negative","Low"
"2021-07-03","Tesla",1142.67,1147.74,1141.93,1145.6,2742007,"Negative","Low"
"2021-07-04","Apple",1142.19,1144.55,1141.02,1142.68,4223811,"Positive","Medium"
"2021-07-05","Apple",1144.02,1146.02,1141.42,1143.69,3954118,"Positive","Low"
"2021-07-06","Tesla",1145.71,1146.42,1142.9,1144.57,2860101,"Neutral","Medium"
"2021-07-07","Tesla",1146.8,1148.19,1145.81,1148.17,766008,"Negative","High"
"2021-07-08","Apple",1144.61,1148.27,1143.38,1145.74,2069196,"Positive","Low"
"2021-07-09","Amazon",1149.75,1150.94,1147.07,1148.28,3063402,"Positive","Low"
"2021-07-10","Amazon",1152.68,1155.46,1152.28,1153.42,2821529,"Positive","Medium"
"2021-07-11","Google",1151.49,1152.56,1151.47,1151.87,703335,"Positive","High"
"2021-07-12","Apple",1148.84,1151.11,1146.8,1147.91,3565469,"Positive","Low"
"2021-07-13","Amazon",1148.66,1151.64,1147.92,1149.58,2500046,"Neutral","Medium"
"2021-07-14","Tesla",1146.65,1147.37,1144.12,1146.73,2730755,"Neutral","High"
"2021-07-15","Amazon",1142.78,1147.99,1141.75,1145.71,2795867,"Negative","Medium"
"2021-07-16","Google",1149.89,1151.4,1145.7,1146.47,1844137,"Neutral","Low"
"2021-07-17","Apple",1150.61,1154.07,1147.75,1151.68,1172526,"Neutral","Low"
"2021-07-18","Google",1153.45,1157.48,1153.2,1155.98,3414611,"Positive","Low"
"2021-07-19","Microsoft",1151.66,1153.2,1149.56,1150.28,561922,"Neutral","Low"
"2021-07-20","Amazon",1151.51,1153.03,1150.9,1152.91,1798327,"Positive","Medium"
"2021-07-21","Microsoft",1149.25,1152.1,1145.23,1148.18,3854570,"Positive","Low"
"2021-07-22","Apple",1148.88,1149.41,1145.67,1147.15,2677311,"Neutral","Medium"
"2021-07-23","Amazon",1150.34,1151.4,1147.75,1150.87,1528247,"Positive","Low"
"2021-07-24","Microsoft",1147.82,1148.45,1146.18,1147.6,1528231,"Negative","Low"
"2021-07-25","Google",1152.01,1152.93,1150.32,1151.03,4900217,"Positive","Medium"
"2021-07-26","Amazon",1150.28,1152.56,1147.52,1151.36,3477641,"Neutral","Low"
"2021-07-27","Microsoft",1155.25,1158.24,1152.92,1153.56,4160449,"Positive","Medium"
"2021-07-28","Tesla",1152.02,1153.82,1148.43,1150.45,1439229,"Positive","Low"
"2021-07-29","Amazon",1151.42,1157.18,1149.37,1154.84,3121657,"Negative","Medium"
"2021-07-30","Apple",1153.48,1157.53,1151.68,1154.79,3494812,"Neutral","Medium"
"2021-07-31","Apple",1159.8,1160.38,1157.28,1159.43,1831753,"Negative","Medium"
"2021-08-01","Google",1161.92,1163.91,1160.05,1162.1,1835552,"Negative","Medium"
"2021-08-02","Microsoft",1158.1,1160.5,1157.79,1159.61,3190425,"Neutral","High"
"2021-08-03","Apple",1157.18,1162.2,1156.2,1159.47,4297417,"Neutral","Medium"
"2021-08-04","Microsoft",1157.54,1157.77,1155.74,1156.54,1159103,"Positive","Medium"
"2021-08-05","Apple",1155.21,1155.24,1153.18,1154.49,947289,"Neutral","Low"
"2021-08-06","Tesla",1158.76,1159.42,1155.88,1157.07,4019078,"Positive","Low"
"2021-08-07","Tesla",1157.69,1159.27,1157.02,1158.31,2779219,"Positive","Low"
"2021-08-08","Tesla",1156.97,1158.87,1155.16,1155.49,4004487,"Positive","Low"
"2021-08-09","Apple",1154.47,1155.97,1154.46,1155.81,3648627,"Positive","Low"
"2021-08-10","Microsoft",1155.31,1157.1,1153.28,1155.6,1312126,"Negative","Medium"
"2021-08-11","Google",1160.83,1162.94,1158.61,1160.19,2554119,"Negative","Medium"
"2021-08-12","Google",1159.96,1162.94,1158.7,1161.92,4022167,"Neutral","Low"
"2021-08-13","Amazon",1159.15,1159.33,1154.2,1157.2,4252378,"Negative","High"
"2021-08-14","Amazon",1157.31,1158.65,1154.08,1156.82,906130,"Positive","Medium"
"2021-08-15","Apple",1152.15,1154.37,1150.25,1153.14,4019146,"Neutral","Medium"
"2021-08-16","Microsoft",1159.86,1159.94,1157.13,1157.71,4400391,"Positive","Low"
"2021-08-17","Apple",1158,1163.15,1156.76,1160.51,1052549,"Positive","Low"
"2021-08-18","Google",1158.15,1159.67,1156.86,1158.67,2419479,"Positive","Medium"
"2021-08-19","Tesla",1158.7,1161.3,1158.16,1159.15,2834624,"Neutral","Low"
"2021-08-20","Amazon",1161.84,1164.12,1161.59,1161.72,4529242,"Neutral","Medium"
"2021-08-21","Tesla",1157.63,1162.12,1157.61,1159.74,4877046,"Positive","Medium"
"2021-08-22","Microsoft",1156.36,1158.6,1154.23,1158.46,3233018,"Positive","Low"
"2021-08-23","Tesla",1160.4,1161.86,1157.67,1161.8,1078903,"Positive","Medium"
"2021-08-24","Microsoft",1164.95,1166.42,1159.18,1162.01,1774264,"Positive","Low"
"2021-08-25","Amazon",1166.29,1168,1164.01,1164.51,1719746,"Neutral","Low"
"2021-08-26","Apple",1165.79,1166.4,1162.43,1163.13,3555693,"Positive","High"
"2021-08-27","Apple",1161.98,1163.94,1157.68,1160.4,859807,"Negative","Low"
"2021-08-28","Google",1163.32,1164.52,1160.94,1164.41,1443604,"Negative","Medium"
"2021-08-29","Google",1167.3,1168.03,1166.8,1166.87,755964,"Positive","High"
"2021-08-30","Google",1167.01,1168.28,1166.47,1167.99,4894253,"Positive","Low"
"2021-08-31","Google",1166.91,1171.13,1164.2,1168.62,3835103,"Neutral","Low"
"2021-09-01","Microsoft",1168.08,1170.66,1164.84,1165.24,3132166,"Neutral","Medium"
"2021-09-02","Tesla",1171.01,1173.19,1168.06,1171.25,1057090,"Negative","High"
"2021-09-03","Tesla",1170.05,1172.06,1168.76,1170.26,2159411,"Neutral","Low"
"2021-09-04","Tesla",1174.19,1174.88,1170.18,1172.84,1924322,"Positive","High"
"2021-09-05","Microsoft",1179.75,1181.23,1178.48,1179.64,764725,"Neutral","Low"
"2021-09-06","Apple",1181.48,1183.84,1179.13,1182.63,699304,"Neutral","High"
"2021-09-07","Tesla",1179.18,1181.78,1178.9,1180.1,2275433,"Neutral","Low"
"2021-09-08","Microsoft",1178.37,1180.98,1176.14,1178.28,2027080,"Negative","Medium"
"2021-09-09","Microsoft",1177.48,1180.74,1174.58,1179.69,3371454,"Negative","Medium"
"2021-09-10","Apple",1180.93,1180.97,1179.41,1180.12,2132900,"Neutral","Low"
"2021-09-11","Amazon",1176.2,1178.78,1174.82,1176.45,4976816,"Positive","Medium"
"2021-09-12","Google",1173.61,1175.18,1170.77,1173.12,3074008,"Positive","Medium"
"2021-09-13","Microsoft",1171.75,1175.61,1171.06,1174.12,1917155,"Positive","Low"
"2021-09-14","Amazon",1171.75,1174.79,1170.53,1173.35,4985196,"Negative","Low"
"2021-09-15","Tesla",1172.64,1173.81,1171.08,1172.9,3557220,"Positive","High"
"2021-09-16","Amazon",1174.24,1175.25,1170.43,1173.25,3960839,"Neutral","Low"
"2021-09-17","Microsoft",1178.99,1179.41,1173.33,1175.83,4722509,"Positive","High"
"2021-09-18","Microsoft",1174.75,1177.09,1171.83,1173.7,669508,"Neutral","High"
"2021-09-19","Google",1179.09,1179.34,1175.97,1177.61,2196895,"Positive","Medium"
"2021-09-20","Tesla",1180.35,1183.27,1180.12,1182.52,3060504,"Neutral","Low"
"2021-09-21","Apple",1181.24,1183.97,1179.61,1183.46,1148773,"Positive","Medium"
"2021-09-22","Microsoft",1184.12,1185.17,1182.02,1184.55,2855464,"Neutral","High"
"2021-09-23","Amazon",1183.9,1187.6,1181.82,1185.03,1975951,"Neutral","Medium"
"2021-09-24","Microsoft",1186.23,1188.98,1184.55,1185.41,594952,"Negative","Medium"
"2021-09-25","Tesla",1188.76,1194.08,1185.87,1191.94,3760052,"Positive","Medium"
"2021-09-26","Tesla",1194.17,1196.04,1191.58,1192.46,3499904,"Positive","Medium"
"2021-09-27","Apple",1191.45,1192.49,1190.5,1192.11,1517844,"Neutral","Low"
"2021-09-28","Tesla",1189.85,1190.09,1188.37,1189.44,4933515,"Positive","Low"
"2021-09-29","Microsoft",1185.88,1189.03,1185.51,1186.47,1932779,"Negative","Low"
"2021-09-30","Tesla",1183.63,1186.56,1182.33,1183.66,3517514,"Neutral","Low"
"2021-10-01","Microsoft",1180.44,1183.94,1178.09,1181.62,633143,"Negative","High"
"2021-10-02","Microsoft",1185.13,1187.67,1184.17,1184.45,2349075,"Negative","High"
"2021-10-03","Tesla",1189.4,1190.97,1188.67,1190.85,1318889,"Neutral","High"
"2021-10-04","Apple",1187.41,1190.28,1182.55,1185.4,2754962,"Positive","Low"
"2021-10-05","Apple",1185.82,1188.3,1183.9,1187.74,4923767,"Positive","Medium"
"2021-10-06","Google",1190.67,1190.75,1187.67,1188.9,3286906,"Neutral","Medium"
"2021-10-07","Amazon",1191.15,1196.58,1189.59,1194.73,3785168,"Neutral","Low"
"2021-10-08","Google",1196.25,1197.1,1193.15,1195.1,2568501,"Neutral","Low"
"2021-10-09","Google",1198.16,1199.47,1195.56,1196.68,3839979,"Negative","Medium"
"2021-10-10","Microsoft",1199.59,1200.32,1198.18,1200.2,3637070,"Negative","Medium"
"2021-10-11","Microsoft",1197.24,1201.06,1196.31,1198.5,2578503,"Positive","Low"
"2021-10-12","Google",1200.58,1204.45,1200.43,1202.93,785926,"Neutral","Low"
"2021-10-13","Apple",1200.73,1202.31,1200.48,1200.93,2651094,"Positive","Low"
"2021-10-14","Google",1202.27,1203.69,1201.29,1202.7,700278,"Neutral","High"
"2021-10-15","Apple",1205.36,1207.3,1204.23,1205.57,4365687,"Positive","Low"
"2021-10-16","Amazon",1208.81,1211.19,1204.04,1206.44,4106722,"Positive","Low"
"2021-10-17","Google",1211.37,1213.54,1210.06,1210.86,3083107,"Neutral","Low"
"2021-10-18","Tesla",1214.98,1216.34,1211.91,1214.24,3225162,"Positive","Low"
"2021-10-19","Apple",1210.67,1210.74,1210.5,1210.56,1910863,"Positive","High"
"2021-10-20","Google",1211.4,1212.93,1207.83,1210.1,1344446,"Neutral","High"
"2021-10-21","Google",1210.9,1212.19,1209.52,1210.1,4190687,"Negative","Medium"
"2021-10-22","Apple",1212.25,1212.29,1210.36,1210.63,2668199,"Neutral","Low"
"2021-10-23","Microsoft",1209.11,1212.61,1206.54,1211.94,2041321,"Negative","Medium"
"2021-10-24","Amazon",1208.03,1210.01,1205.87,1207.2,4822739,"Negative","Low"
"2021-10-25","Google",1210.44,1214.71,1209.27,1211.75,2903564,"Positive","Medium"
"2021-10-26","Microsoft",1213.42,1216.51,1211.83,1215.18,1434667,"Neutral","Medium"
"2021-10-27","Tesla",1213.9,1216.07,1209.55,1210.3,4111197,"Positive","Low"
"2021-10-28","Microsoft",1212.38,1212.86,1209.16,1209.81,4574392,"Positive","Medium"
"2021-10-29","Amazon",1213.35,1215.09,1213.27,1214.02,3506730,"Positive","High"
"2021-10-30","Google",1219.52,1221.47,1215.62,1216.08,4030909,"Neutral","Low"
"2021-10-31","Google",1219.63,1223.01,1218.61,1222.11,4272882,"Positive","High"
"2021-11-01","Tesla",1221.72,1222.32,1218.61,1220.82,3249963,"Negative","High"
"2021-11-02","Microsoft",1221.01,1223.39,1220.92,1223.22,659242,"Neutral","Medium"
"2021-11-03","Google",1225.33,1226.48,1221.56,1223.83,1525722,"Positive","Low"
"2021-11-04","Microsoft",1223.44,1227.19,1222.29,1225.59,3109614,"Positive","Low"
"2021-11-05","Apple",1229.13,1229.45,1226.27,1227.85,2529457,"Neutral","Low"
"2021-11-06","Tesla",1227.16,1228.24,1225.71,1226.06,1580042,"Neutral","Medium"
"2021-11-07","Apple",1228.86,1230.99,1227.72,1228.87,4743988,"Neutral","High"
"2021-11-08","Apple",1231.84,1234.47,1231.42,1233.07,2365707,"Neutral","High"
"2021-11-09","Google",1232.21,1236.71,1229.39,1234.26,1452618,"Positive","Low"
"2021-11-10","Microsoft",1234.64,1236.75,1232.33,1234.07,2636292,"Positive","Medium"
"2021-11-11","Google",1233.45,1234.42,1230.57,1230.9,4078352,"Positive","Low"
"2021-11-12","Apple",1232.22,1234.82,1229.33,1230.97,4930955,"Neutral","Low"
"2021-11-13","Google",1232.66,1235.02,1230.48,1231.46,3726766,"Negative","Low"
"2021-11-14","Microsoft",1232.3,1236.98,1231.87,1234.15,2785673,"Neutral","Low"
"2021-11-15","Amazon",1236.26,1239.41,1234.87,1236.61,2648546,"Positive","Medium"
"2021-11-16","Tesla",1238.87,1240.07,1233.13,1235.2,3055725,"Negative","Medium"
"2021-11-17","Tesla",1236.67,1239.05,1235.92,1237.82,4466236,"Neutral","Medium"
"2021-11-18","Apple",1235.61,1236.59,1235.5,1236.35,3127105,"Positive","Low"
"2021-11-19","Apple",1233.98,1236.82,1233.01,1234.4,743164,"Negative","Medium"
"2021-11-20","Microsoft",1234.18,1236.98,1233.05,1235.55,822828,"Positive","Low"
"2021-11-21","Tesla",1234.2,1237.01,1229.83,1232.32,2758592,"Negative","Low"
"2021-11-22","Microsoft",1233.49,1235.51,1230.71,1234.56,2166619,"Positive","High"
"2021-11-23","Apple",1236.91,1238.9,1232.08,1234.75,4388086,"Positive","Medium"
"2021-11-24","Google",1236.91,1240.56,1235.43,1237.9,866229,"Neutral","Medium"
"2021-11-25","Tesla",1240.94,1243.32,1238.54,1241.14,4638284,"Negative","Low"
"2021-11-26","Amazon",1241.4,1243.7,1237.52,1239.95,3399199,"Positive","Medium"
"2021-11-27","Microsoft",1243.87,1245.62,1243.16,1243.17,1260822,"Positive","High"
"2021-11-28","Amazon",1240.81,1243.78,1237.92,1243.07,1738944,"Neutral","Medium"
"2021-11-29","Amazon",1245.58,1245.82,1241.88,1243.29,4685829,"Neutral","Medium"
"2021-11-30","Google",1243.3,1245.61,1242.34,1243.41,4434865,"Positive","Medium"
"2021-12-01","Google",1244.34,1247.44,1244.29,1244.92,3687566,"Neutral","Low"
"2021-12-02","Amazon",1245.56,1245.85,1243.2,1245.38,3563538,"Positive","Low"
"2021-12-03","Apple",1244.74,1249.01,1241.74,1246.42,4182819,"Neutral","Medium"
"2021-12-04","Google",1247.17,1247.27,1245.13,1245.51,1345887,"Positive","Medium"
"2021-12-05","Tesla",1245.02,1245.07,1242.44,1243.85,1798935,"Positive","Low"
"2021-12-06","Amazon",1245.58,1248.26,1240.96,1242.92,4906949,"Neutral","High"
"2021-12-07","Google",1246.76,1248.55,1245.39,1245.66,2169539,"Positive","Low"
"2021-12-08","Apple",1249.07,1249.53,1247.62,1249.35,4243597,"Positive","Medium"
"2021-12-09","Google",1249.35,1249.43,1248.81,1249.13,3110173,"Positive","Low"
"2021-12-10","Microsoft",1248.97,1250.25,1246.08,1248.73,2108172,"Positive","Low"
"2021-12-11","Apple",1249.65,1252.09,1246.88,1248.68,1514294,"Neutral","Medium"
"2021-12-12","Amazon",1246.19,1249.55,1244.56,1247.87,4309678,"Negative","Low"
"2021-12-13","Amazon",1247.88,1249.93,1244.08,1246.8,3358103,"Positive","High"
"2021-12-14","Apple",1249.63,1251.82,1245.73,1248.01,4777969,"Neutral","Low"
"2021-12-15","Amazon",1245.41,1246.39,1243.02,1245.91,1583501,"Positive","Low"
"2021-12-16","Amazon",1248.65,1250.85,1247.68,1250.38,3897488,"Neutral","Medium"
"2021-12-17","Apple",1251.1,1251.36,1248.8,1251.25,1616484,"Neutral","High"
"2021-12-18","Tesla",1250.78,1253.93,1249.85,1253.11,915975,"Positive","Low"
"2021-12-19","Tesla",1250.12,1252.93,1247.86,1251.81,2767184,"Positive","Low"
"2021-12-20","Amazon",1254.53,1254.72,1250.71,1252.36,2269714,"Positive","Medium"
"2021-12-21","Microsoft",1253.18,1258.19,1251.76,1255.66,4268143,"Neutral","Medium"
"2021-12-22","Apple",1253.06,1253.07,1249.45,1250.25,664292,"Negative","Medium"
"2021-12-23","Apple",1251.97,1254.57,1249.56,1251.51,686094,"Positive","Medium"
"2021-12-24","Amazon",1252.73,1254.27,1250.59,1253.52,3262835,"Negative","Medium"
"2021-12-25","Amazon",1254.27,1255.22,1250.42,1251.05,4975443,"Neutral","Medium"
"2021-12-26","Amazon",1257.73,1258.79,1255.66,1257.53,1416130,"Positive","Low"
"2021-12-27","Tesla",1259.96,1261.44,1256.93,1258.84,2600299,"Positive","High"
"2021-12-28","Amazon",1259.34,1261.14,1257.37,1259.12,1956406,"Neutral","Medium"
"2021-12-29","Microsoft",1256.2,1258.27,1254.06,1256.61,3310589,"Positive","Medium"
"2021-12-30","Google",1258.68,1261.54,1255.97,1257.08,3005973,"Neutral","High"
"2021-12-31","Microsoft",1258.41,1260.28,1255.22,1255.94,4762641,"Neutral","Medium"
"2022-01-01","Apple",1256.55,1259.44,1254.06,1254.61,1519731,"Positive","High"
"2022-01-02","Microsoft",1254.76,1256.05,1251.46,1252.89,1397809,"Positive","Low"
"2022-01-03","Amazon",1254.72,1256.85,1253.66,1254.29,3446671,"Negative","Medium"
"2022-01-04","Google",1255.16,1258.48,1253.62,1256.18,4514592,"Negative","High"
"2022-01-05","Apple",1255.93,1256.06,1252.99,1254.41,2955107,"Neutral","Medium"
"2022-01-06","Amazon",1252.29,1253.28,1249.29,1252.59,2685942,"Neutral","Low"
"2022-01-07","Tesla",1254.64,1256.21,1250.88,1252.26,4509676,"Positive","Low"
"2022-01-08","Amazon",1254.98,1255.86,1249.51,1252.25,4362513,"Neutral","Medium"
"2022-01-09","Apple",1251.67,1253.13,1249.53,1252.79,2807020,"Positive","Low"
"2022-01-10","Google",1255.2,1258.79,1255.14,1256.05,3502959,"Neutral","Medium"
"2022-01-11","Amazon",1256.67,1258.04,1255.87,1256.42,1462487,"Neutral","Medium"
"2022-01-12","Amazon",1254.73,1260,1252.56,1257.9,1830079,"Neutral","Low"
"2022-01-13","Tesla",1254.24,1256.87,1251.25,1254.94,3692852,"Negative","Medium"
"2022-01-14","Tesla",1258.68,1260.94,1256.27,1260.72,878534,"Neutral","Medium"
"2022-01-15","Google",1262.09,1262.36,1260.85,1261.69,1090055,"Negative","Medium"
"2022-01-16","Amazon",1260.65,1262.34,1257.66,1260.59,623653,"Neutral","Medium"
"2022-01-17","Google",1256.88,1259.86,1256.04,1256.73,3493750,"Neutral","High"
"2022-01-18","Apple",1261.31,1262.67,1257.83,1260.25,1009977,"Positive","Low"
"2022-01-19","Apple",1262.53,1262.56,1259.67,1261.94,1970028,"Positive","High"
"2022-01-20","Tesla",1263.58,1264.77,1258.48,1261.37,741959,"Positive","Low"
"2022-01-21","Microsoft",1265.17,1268.11,1264.21,1265.62,2965052,"Negative","Low"
"2022-01-22","Microsoft",1263.45,1263.82,1260.58,1262.53,4080159,"Neutral","Low"
"2022-01-23","Microsoft",1263.27,1265.79,1260.11,1262.82,3320663,"Neutral","Medium"
"2022-01-24","Amazon",1262.27,1263.55,1261.57,1262.12,3259115,"Neutral","High"
"2022-01-25","Microsoft",1261.76,1264.51,1258.76,1261.15,2629086,"Neutral","Medium"
"2022-01-26","Apple",1264.94,1266.17,1262.65,1263.92,2386892,"Neutral","Medium"
"2022-01-27","Microsoft",1259.83,1261.91,1257.32,1260.35,1108331,"Positive","Low"
"2022-01-28","Apple",1263.53,1267.53,1260.72,1265.66,1650900,"Neutral","Low"
"2022-01-29","Apple",1265.8,1269.63,1263.49,1267.85,4002565,"Positive","High"
"2022-01-30","Microsoft",1269.23,1269.96,1267.14,1268.28,4082746,"Positive","Medium"
"2022-01-31","Amazon",1266.17,1267.99,1261.26,1263.63,4373576,"Positive","High"
"2022-02-01","Microsoft",1262.84,1264.63,1261.26,1264.3,3512352,"Positive","Low"
"2022-02-02","Apple",1259.27,1262.05,1259.25,1261.6,1274228,"Positive","Low"
"2022-02-03","Apple",1261.62,1265.62,1261.31,1263.65,2172535,"Positive","Low"
"2022-02-04","Google",1260.78,1263.06,1259.16,1260.17,3565539,"Neutral","Medium"
"2022-02-05","Apple",1263.49,1265,1260.99,1263.17,3049834,"Neutral","Medium"
"2022-02-06","Microsoft",1265.02,1269.74,1262.61,1267.91,4361772,"Positive","Medium"
"2022-02-07","Tesla",1270.95,1271.62,1270.17,1271.58,1545839,"Positive","Medium"
"2022-02-08","Google",1267.6,1270.54,1266.22,1268.59,2236021,"Neutral","High"
"2022-02-09","Google",1266.27,1267.25,1263.82,1265.23,1140192,"Positive","Medium"
"2022-02-10","Tesla",1262.08,1263.91,1260.1,1262.18,3173065,"Negative","High"
"2022-02-11","Apple",1269.63,1271.42,1267.03,1269.41,1594398,"Negative","Low"
"2022-02-12","Tesla",1272.38,1274.32,1269.69,1271.03,1699501,"Neutral","Low"
"2022-02-13","Microsoft",1271.83,1274.43,1269.18,1269.32,3798784,"Positive","Medium"
"2022-02-14","Microsoft",1270.99,1273.21,1270.47,1271.52,601352,"Negative","Medium"
"2022-02-15","Tesla",1270.8,1272.82,1266.87,1268.64,3541918,"Positive","High"
"2022-02-16","Tesla",1270.33,1274.58,1269.33,1271.97,4328839,"Positive","High"
"2022-02-17","Google",1272.53,1273.38,1268.63,1269.15,1223928,"Positive","Medium"
"2022-02-18","Amazon",1273.41,1274.92,1272.25,1272.52,1086606,"Neutral","Medium"
"2022-02-19","Amazon",1272.82,1272.95,1269.31,1270.43,4551988,"Neutral","Low"
"2022-02-20","Amazon",1270.89,1274.16,1269.44,1271.77,4387042,"Neutral","Low"
"2022-02-21","Amazon",1266.15,1271.56,1263.83,1269.45,2923024,"Negative","Low"
"2022-02-22","Microsoft",1269.3,1273.82,1267.72,1270.92,2688679,"Positive","Medium"
"2022-02-23","Google",1268.31,1270.08,1264.42,1267.02,2709593,"Negative","Low"
"2022-02-24","Microsoft",1267.49,1269.63,1265.31,1267.97,1534307,"Positive","Low"
"2022-02-25","Tesla",1269.23,1269.56,1268.44,1268.95,698256,"Positive","High"
"2022-02-26","Amazon",1272.26,1275.78,1271.75,1273.68,2197486,"Positive","Low"
"2022-02-27","Apple",1273.11,1274.25,1272.92,1273.85,3320774,"Negative","Low"
"2022-02-28","Amazon",1273.69,1275.6,1267.9,1270.72,3002064,"Positive","Low"
"2022-03-01","Microsoft",1269.86,1272.06,1267.46,1269.81,591932,"Negative","Medium"
"2022-03-02","Google",1273.53,1274.23,1271.61,1274.13,3535563,"Neutral","Medium"
"2022-03-03","Tesla",1274.62,1277.38,1270.18,1271.1,3745656,"Neutral","Medium"
"2022-03-04","Microsoft",1270.25,1274,1267.78,1271.15,1213990,"Positive","High"
"2022-03-05","Google",1267.16,1270.42,1265.22,1269.07,4058596,"Positive","Low"
"2022-03-06","Apple",1266.64,1268.13,1266.62,1266.75,4340168,"Negative","Medium"
"2022-03-07","Tesla",1269.86,1270.39,1268.1,1269.68,1280851,"Negative","Low"
"2022-03-08","Microsoft",1270.97,1273.11,1268.15,1268.21,3848043,"Neutral","High"
"2022-03-09","Apple",1272.49,1275.24,1270.89,1272.91,1934225,"Neutral","Low"
"2022-03-10","Microsoft",1268.87,1271.62,1265.71,1267.91,3603011,"Positive","Medium"
"2022-03-11","Apple",1268.93,1270.01,1266.51,1269.19,1268712,"Negative","High"
"2022-03-12","Google",1267.73,1271.93,1267.69,1269.55,1554126,"Negative","Medium"
"2022-03-13","Microsoft",1271.66,1274.59,1270.46,1271.6,1991779,"Positive","Low"
"2022-03-14","Google",1267.21,1268.7,1265.6,1267.84,1045830,"Positive","High"
"2022-03-15","Apple",1268.02,1271.67,1265.57,1268.75,1130347,"Positive","Medium"
"2022-03-16","Microsoft",1270.28,1271.9,1268.88,1270.89,2796198,"Neutral","Low"
"2022-03-17","Microsoft",1267.81,1270.08,1264.89,1268.09,3072463,"Positive","High"
"2022-03-18","Google",1264.85,1265.86,1261.82,1264.02,963913,"Neutral","Low"
"2022-03-19","Tesla",1266.05,1269.31,1265.22,1268.75,3447709,"Positive","Low"
"2022-03-20","Amazon",1272.35,1275.17,1271.81,1272.84,4325619,"Neutral","Medium"
"2022-03-21","Microsoft",1269.35,1272.04,1268.97,1271.84,4012941,"Negative","Low"
"2022-03-22","Apple",1271.11,1273.6,1269.88,1271.71,3737553,"Positive","Medium"
"2022-03-23","Tesla",1273.37,1275.19,1272.23,1272.35,3124595,"Positive","Medium"
"2022-03-24","Microsoft",1273.07,1276.62,1272.09,1275.42,2010327,"Neutral","Low"
"2022-03-25","Tesla",1274.08,1275.79,1271.91,1273.67,1525381,"Positive","Low"
"2022-03-26","Google",1274.14,1274.44,1273.47,1274.08,1362234,"Neutral","Medium"
"2022-03-27","Google",1275.87,1276.83,1273.33,1275.84,4662078,"Positive","Low"
"2022-03-28","Tesla",1270.92,1274.21,1270.08,1271.97,2947733,"Positive","Medium"
"2022-03-29","Google",1268.73,1270.34,1266.55,1268.05,2963715,"Positive","Medium"
"2022-03-30","Google",1265.54,1268.15,1265.12,1265.71,1934180,"Positive","Medium"
"2022-03-31","Tesla",1266.19,1266.5,1264.33,1266.22,4652462,"Negative","Medium"
"2022-04-01","Amazon",1266.09,1268.5,1263.8,1265.09,4614738,"Positive","High"
"2022-04-02","Microsoft",1264.51,1266.15,1261.75,1264.17,4862479,"Neutral","High"
"2022-04-03","Microsoft",1264.84,1265.7,1263.64,1263.98,3503633,"Negative","Medium"
"2022-04-04","Tesla",1267.17,1270.5,1265.82,1269.41,2471007,"Negative","Low"
"2022-04-05","Tesla",1272.29,1273.15,1268.45,1271.37,3830002,"Positive","Low"
"2022-04-06","Amazon",1272.23,1275.03,1271.94,1273.9,3722553,"Neutral","Medium"
"2022-04-07","Tesla",1273.48,1274.73,1271.21,1274.66,1336364,"Positive","Low"
"2022-04-08","Tesla",1274.75,1278.48,1273.31,1276.35,1217756,"Positive","Low"
"2022-04-09","Microsoft",1278.66,1278.73,1276.02,1277.53,2353903,"Positive","Low"
"2022-04-10","Apple",1282.04,1283.73,1280.44,1281.26,3716258,"Neutral","Medium"
"2022-04-11","Microsoft",1280.23,1283.52,1278.15,1281.3,617136,"Neutral","Low"
"2022-04-12","Apple",1277.31,1281.49,1277.03,1280.12,3087778,"Positive","Low"
"2022-04-13","Apple",1282.61,1283.4,1282.56,1283.05,4964998,"Neutral","Medium"
"2022-04-14","Google",1283.5,1283.58,1281.17,1283.55,501926,"Negative","Low"
"2022-04-15","Microsoft",1284.75,1287.41,1282.33,1286.29,793860,"Positive","Medium"
"2022-04-16","Google",1284.66,1286.15,1283.47,1285.6,4217102,"Positive","Low"
"2022-04-17","Apple",1285.81,1289.5,1285.07,1287.92,3363977,"Neutral","Medium"
"2022-04-18","Google",1287.91,1288.48,1286.23,1286.27,767769,"Neutral","Low"
"2022-04-19","Microsoft",1283.51,1288.63,1280.9,1286.32,3670079,"Positive","Low"
"2022-04-20","Amazon",1287.66,1291.41,1285.51,1288.58,4624823,"Neutral","Low"
"2022-04-21","Tesla",1285.23,1289.3,1284.3,1287.98,1465922,"Positive","Medium"
"2022-04-22","Amazon",1289.6,1292.9,1289.57,1290.24,4645859,"Positive","Medium"
"2022-04-23","Tesla",1293.98,1294.23,1292.17,1293.24,1372662,"Positive","Medium"
"2022-04-24","Apple",1292.38,1298.22,1289.58,1295.74,942502,"Negative","Low"
"2022-04-25","Apple",1296.91,1299.69,1293.58,1294.35,1063439,"Positive","Medium"
"2022-04-26","Google",1297.06,1299.54,1296.9,1299.18,4407067,"Positive","Low"
"2022-04-27","Amazon",1302.29,1307.57,1301.38,1304.73,2610043,"Neutral","Medium"
"2022-04-28","Amazon",1301.1,1302.67,1300.69,1300.83,761638,"Positive","Low"
"2022-04-29","Google",1295.65,1298.99,1294.39,1297.79,3975755,"Neutral","Low"
"2022-04-30","Apple",1297.83,1301.07,1297.28,1300.45,1858493,"Positive","Low"
"2022-05-01","Apple",1296.63,1298.01,1293.07,1295.95,2646571,"Neutral","High"
"2022-05-02","Amazon",1294.08,1295.71,1291.69,1293.92,2106115,"Negative","High"
"2022-05-03","Microsoft",1298.47,1301.64,1295.88,1298.89,3723576,"Positive","Medium"
"2022-05-04","Tesla",1300.05,1304.66,1299.04,1301.99,3519220,"Negative","Medium"
"2022-05-05","Google",1296.88,1298.16,1296.17,1297.9,2027918,"Neutral","Low"
"2022-05-06","Apple",1295.7,1298.57,1293.05,1294.09,978303,"Positive","Medium"
"2022-05-07","Google",1297.35,1300.23,1294.88,1295.69,3832645,"Negative","Low"
"2022-05-08","Amazon",1295.42,1297.53,1293.57,1296.77,4103823,"Neutral","Low"
"2022-05-09","Amazon",1295.83,1298,1295.58,1295.91,4145906,"Positive","Medium"
"2022-05-10","Microsoft",1290.13,1292.62,1289.97,1290.01,2035610,"Negative","Medium"
"2022-05-11","Amazon",1288.09,1289.57,1285.95,1287.01,2286676,"Neutral","High"
"2022-05-12","Amazon",1293.45,1295.39,1288.73,1290.5,1305913,"Positive","Medium"
"2022-05-13","Amazon",1294.6,1297.86,1291.69,1296.35,1261961,"Neutral","Medium"
"2022-05-14","Amazon",1295.52,1296.3,1294.34,1295.93,4120021,"Positive","Low"
"2022-05-15","Tesla",1300.65,1305.08,1298.49,1302.54,2692553,"Positive","High"
"2022-05-16","Apple",1299.84,1300.89,1299.64,1299.93,2894233,"Positive","Medium"
"2022-05-17","Tesla",1301.91,1304.64,1300.9,1303.06,1134276,"Neutral","Low"
"2022-05-18","Microsoft",1303.84,1305.85,1301.65,1303.81,588752,"Positive","Low"
"2022-05-19","Google",1302.94,1306.16,1300.47,1304.68,2581710,"Positive","Medium"
"2022-05-20","Microsoft",1304.82,1307.75,1302.16,1306.26,2892707,"Positive","Low"
"2022-05-21","Apple",1300.31,1304.6,1299.59,1302.44,3415496,"Neutral","Medium"
"2022-05-22","Amazon",1303.44,1303.63,1302.76,1303.45,1926007,"Neutral","Medium"
"2022-05-23","Amazon",1302.51,1304.78,1300.71,1303.5,2804994,"Positive","Low"
"2022-05-24","Amazon",1301.91,1302.84,1299.36,1301.91,4016620,"Positive","Medium"
"2022-05-25","Amazon",1301.36,1303.83,1297.4,1298.02,1062207,"Neutral","Medium"
"2022-05-26","Amazon",1304.62,1306.85,1303.02,1303.87,1982784,"Neutral","Medium"
"2022-05-27","Microsoft",1301.1,1303.61,1296.41,1299.27,1437475,"Positive","High"
"2022-05-28","Google",1298.39,1300.34,1295.97,1299.64,2083106,"Neutral","Low"
"2022-05-29","Microsoft",1298.99,1301.45,1296.11,1296.65,2197703,"Neutral","Low"
"2022-05-30","Apple",1301.45,1303.7,1295.63,1298.43,4352040,"Neutral","High"
"2022-05-31","Amazon",1296.51,1297.46,1295.93,1296.84,4864720,"Neutral","Medium"
"2022-06-01","Google",1296.38,1296.47,1292.58,1295.5,4992516,"Negative","Low"
"2022-06-02","Microsoft",1297.61,1298.12,1295.5,1296.67,2581055,"Neutral","Medium"
"2022-06-03","Amazon",1300.87,1302.44,1300.67,1301.16,2751326,"Positive","Medium"
"2022-06-04","Microsoft",1299.06,1303.3,1297.99,1301.87,4233740,"Neutral","Medium"
"2022-06-05","Apple",1303.99,1304.79,1299.83,1301.49,3395386,"Neutral","Low"
"2022-06-06","Apple",1302.97,1304.48,1297.39,1300.02,3234244,"Negative","Low"
"2022-06-07","Amazon",1306.55,1309.49,1304.7,1305,1258057,"Neutral","Low"
"2022-06-08","Google",1303.33,1305.72,1301.55,1304.28,4224075,"Positive","High"
"2022-06-09","Google",1305.93,1307.01,1305.19,1306.55,4362072,"Positive","Medium"
"2022-06-10","Amazon",1307.24,1310.86,1305.77,1308.01,2174045,"Positive","Medium"
"2022-06-11","Google",1305.22,1308.07,1302.43,1306.86,1447750,"Positive","Medium"
"2022-06-12","Apple",1305.06,1307.64,1303.91,1305.18,2110437,"Negative","High"
"2022-06-13","Tesla",1304.13,1306.33,1300.92,1303.59,3735923,"Neutral","Medium"
"2022-06-14","Apple",1303.97,1307.08,1301.62,1304.85,4010156,"Neutral","High"
"2022-06-15","Microsoft",1308.98,1309.92,1305.88,1306.48,4297383,"Neutral","Medium"
"2022-06-16","Tesla",1311.04,1313.54,1307.02,1309.18,1053345,"Neutral","Low"
"2022-06-17","Google",1312.07,1312.52,1307.79,1310.15,4188904,"Neutral","Medium"
"2022-06-18","Apple",1314.35,1314.81,1311.33,1313.11,4452668,"Positive","High"
"2022-06-19","Tesla",1316.04,1316.54,1313.14,1316.26,4483038,"Neutral","Medium"
"2022-06-20","Apple",1315.97,1315.99,1311.26,1313.44,4926819,"Positive","High"
"2022-06-21","Tesla",1317.92,1318.78,1314.92,1316.59,3139585,"Positive","Low"
"2022-06-22","Microsoft",1315.19,1320.11,1312.62,1317.19,952181,"Positive","Low"
"2022-06-23","Microsoft",1314.44,1316.57,1313.09,1314.21,3809497,"Positive","Low"
"2022-06-24","Tesla",1314.11,1315.92,1312.29,1314.58,1098386,"Neutral","Medium"
"2022-06-25","Microsoft",1309.71,1311.27,1309.18,1309.58,1180423,"Positive","Low"
"2022-06-26","Google",1312.11,1312.23,1310.62,1311.33,1580749,"Negative","Medium"
"2022-06-27","Amazon",1307.86,1309.92,1305.07,1307.2,3690944,"Neutral","Low"
"2022-06-28","Tesla",1311.01,1313.49,1308.07,1311.08,2972115,"Positive","High"
"2022-06-29","Microsoft",1309.45,1310.37,1307.88,1309.66,1541883,"Positive","Medium"
"2022-06-30","Microsoft",1304.43,1307.35,1303.15,1304.07,1177811,"Positive","Low"
"2022-07-01","Google",1307.6,1310.3,1305.07,1305.36,1489427,"Positive","High"
"2022-07-02","Tesla",1306.7,1309.94,1305.24,1307.13,3359585,"Negative","High"
"2022-07-03","Microsoft",1306.55,1307.49,1304.79,1306.31,3005535,"Neutral","Medium"
"2022-07-04","Google",1312.29,1315.41,1312.21,1312.47,3176854,"Positive","Low"
"2022-07-05","Microsoft",1307.43,1310.67,1306.21,1308.22,3516951,"Positive","Medium"
"2022-07-06","Apple",1311.96,1314.36,1311.04,1312.86,811589,"Negative","Medium"
"2022-07-07","Apple",1312.46,1315.46,1311.25,1313.07,1924892,"Positive","High"
"2022-07-08","Amazon",1312.12,1312.37,1308.68,1310.23,3102777,"Neutral","High"
"2022-07-09","Microsoft",1312.86,1314.64,1309.03,1309.56,1451396,"Positive","Low"
"2022-07-10","Apple",1312.66,1315.76,1310.85,1313.3,625462,"Neutral","Low"
"2022-07-11","Google",1314.77,1315.57,1311.66,1313.5,3680671,"Positive","High"
"2022-07-12","Google",1316.46,1317.81,1313.28,1315.27,3089736,"Neutral","Medium"
"2022-07-13","Google",1311.22,1314.53,1309.7,1312.53,2667080,"Positive","Low"
"2022-07-14","Apple",1313.45,1316.89,1312.09,1315.94,827473,"Positive","High"
"2022-07-15","Tesla",1313.69,1314.35,1309.22,1311.15,4703914,"Neutral","High"
"2022-07-16","Amazon",1314.85,1315.03,1311.79,1314.26,1142098,"Positive","High"
"2022-07-17","Tesla",1313.83,1315.51,1311.66,1311.99,2147988,"Positive","High"
"2022-07-18","Google",1308.19,1309.1,1306.94,1307.96,714959,"Neutral","Low"
"2022-07-19","Amazon",1308.95,1309.27,1304.65,1305.66,574425,"Positive","High"
"2022-07-20","Apple",1302.6,1308.28,1299.97,1305.93,2622946,"Negative","Medium"
"2022-07-21","Apple",1308.62,1311.26,1306.83,1309.31,2621318,"Positive","Low"
"2022-07-22","Microsoft",1303.1,1308.33,1301.03,1306.06,4962328,"Positive","Low"
"2022-07-23","Tesla",1309.13,1311.83,1306.64,1308.64,4958052,"Neutral","Medium"
"2022-07-24","Tesla",1312.06,1313.53,1308.13,1309.58,688510,"Negative","Low"
"2022-07-25","Tesla",1310.49,1313.11,1309.08,1310.93,2842771,"Negative","Medium"
"2022-07-26","Microsoft",1314.46,1314.82,1309.04,1311.91,3388173,"Neutral","High"
"2022-07-27","Microsoft",1316.02,1318.58,1314.06,1315.7,4020275,"Neutral","High"
"2022-07-28","Amazon",1314.6,1315.47,1311.2,1312.54,643961,"Neutral","Medium"
"2022-07-29","Microsoft",1314.44,1315.47,1312.84,1314.98,1397346,"Positive","Low"
"2022-07-30","Amazon",1313.38,1315.08,1310.47,1311.83,2192668,"Positive","Low"
"2022-07-31","Google",1314.72,1319.17,1314.12,1317.74,4091315,"Positive","High"
"2022-08-01","Tesla",1313.33,1316.85,1310.77,1314.75,682325,"Positive","High"
"2022-08-02","Apple",1313.91,1314.69,1310.85,1313.76,2678433,"Positive","Medium"
"2022-08-03","Google",1309.05,1312.14,1308.69,1311.98,4715933,"Negative","Medium"
"2022-08-04","Tesla",1310.44,1314.81,1309.86,1312.69,2082856,"Neutral","Medium"
"2022-08-05","Tesla",1313.56,1318.44,1311.91,1315.61,1180943,"Positive","Low"
"2022-08-06","Microsoft",1314.99,1315.58,1313.43,1315.39,1022619,"Neutral","Low"
"2022-08-07","Google",1313.97,1316.59,1309.82,1310.93,3303784,"Positive","Low"
"2022-08-08","Amazon",1315.56,1318.32,1312.42,1314.26,3663341,"Neutral","Medium"
"2022-08-09","Microsoft",1315.39,1316.04,1311.83,1313.5,4954228,"Positive","Medium"
"2022-08-10","Google",1311.01,1311.14,1310.33,1311,3460970,"Neutral","Medium"
"2022-08-11","Microsoft",1308.48,1310.9,1306.67,1308.18,3078488,"Positive","Low"
"2022-08-12","Amazon",1311.88,1315.07,1311.46,1312.41,3129763,"Positive","Medium"
"2022-08-13","Google",1310.05,1312.44,1309.02,1309.24,4578081,"Positive","Medium"
"2022-08-14","Amazon",1314.13,1315.48,1313.88,1314.65,3615941,"Negative","Low"
"2022-08-15","Microsoft",1313.24,1313.55,1310.8,1311.99,4860724,"Positive","Low"
"2022-08-16","Tesla",1313.99,1315.84,1310.26,1312.11,3141562,"Negative","Low"
"2022-08-17","Tesla",1317.35,1317.4,1313.08,1314.78,3449161,"Neutral","Medium"
"2022-08-18","Amazon",1319.11,1320.34,1316.93,1318.15,3517295,"Positive","Medium"
"2022-08-19","Amazon",1320.39,1321.21,1318.97,1319.16,606556,"Neutral","Medium"
"2022-08-20","Apple",1321.56,1326.31,1319.98,1324.32,4004014,"Positive","Low"
"2022-08-21","Tesla",1322.4,1323.68,1319.72,1322.4,1863289,"Neutral","Low"
"2022-08-22","Microsoft",1327.57,1329.29,1324.98,1327.04,3843092,"Positive","Low"
"2022-08-23","Amazon",1328.38,1328.58,1325.15,1327.13,3676597,"Neutral","High"
"2022-08-24","Apple",1333.54,1336.04,1333.08,1333.34,3411194,"Positive","High"
"2022-08-25","Apple",1335.1,1335.87,1330.34,1333.01,3908417,"Negative","High"
"2022-08-26","Google",1335.45,1337.23,1332.77,1336.65,2985718,"Positive","Low"
"2022-08-27","Google",1333.35,1337.33,1330.79,1335.82,3799883,"Positive","High"
"2022-08-28","Microsoft",1336.59,1340.95,1335.09,1338.07,2181698,"Negative","Medium"
"2022-08-29","Tesla",1340.9,1343.05,1338.61,1341.73,3212880,"Positive","Medium"
"2022-08-30","Apple",1339.96,1342.03,1339.3,1340.2,3771434,"Negative","Low"
"2022-08-31","Google",1338.82,1339.24,1335.08,1335.5,4358919,"Neutral","Medium"
"2022-09-01","Apple",1342.99,1343.6,1341.55,1342.87,1092465,"Negative","Low"
"2022-09-02","Microsoft",1343.82,1348.67,1342.95,1345.92,2557453,"Negative","Medium"
"2022-09-03","Apple",1347.2,1348.76,1344.98,1346.11,2096927,"Negative","Low"
"2022-09-04","Apple",1349.06,1351.99,1347.76,1349.17,4706677,"Positive","Medium"
"2022-09-05","Microsoft",1355.88,1357.48,1353.82,1354.78,1901028,"Positive","High"
"2022-09-06","Apple",1355.28,1356.37,1349.96,1352.32,4132735,"Negative","Low"
"2022-09-07","Amazon",1356.08,1359.68,1354.03,1356.89,4133576,"Negative","High"
"2022-09-08","Google",1357.88,1360.7,1353.62,1356.59,4600569,"Positive","High"
"2022-09-09","Amazon",1354.81,1358.66,1354.03,1356.68,3874219,"Positive","Medium"
"2022-09-10","Amazon",1354.28,1354.84,1354.25,1354.63,2862912,"Negative","Medium"
"2022-09-11","Tesla",1357.13,1362.72,1355.56,1359.77,4587568,"Positive","High"
"2022-09-12","Google",1354.9,1357.28,1352.02,1355.58,3358200,"Neutral","Low"
"2022-09-13","Tesla",1352.59,1353.55,1350.15,1352.78,3080131,"Positive","Low"
"2022-09-14","Tesla",1351.59,1352.05,1350.16,1351.07,4546837,"Neutral","Medium"
"2022-09-15","Amazon",1349.22,1351.81,1348.94,1349.71,1850677,"Positive","High"
"2022-09-16","Apple",1353.8,1355.7,1351.49,1351.63,2586380,"Positive","Medium"
"2022-09-17","Apple",1348.36,1353.23,1347.92,1350.76,713537,"Positive","High"
"2022-09-18","Tesla",1347.64,1350.48,1345.84,1347.8,579045,"Positive","Low"
"2022-09-19","Google",1350.01,1352.41,1346.13,1347.53,3737600,"Positive","Low"
"2022-09-20","Amazon",1347.38,1349.73,1343.94,1345.03,1416153,"Negative","Low"
"2022-09-21","Amazon",1349.23,1351.25,1346.39,1347.01,700183,"Positive","Medium"
"2022-09-22","Microsoft",1345.02,1348.59,1343.01,1347.56,1892863,"Positive","Medium"
"2022-09-23","Tesla",1350.57,1351.71,1349.74,1351.21,2778852,"Neutral","Medium"
"2022-09-24","Google",1345.52,1349.04,1344.12,1346.82,820788,"Positive","Low"
"2022-09-25","Amazon",1347.69,1350.36,1345.86,1346.58,3510164,"Negative","Medium"
"2022-09-26","Amazon",1347.26,1348.53,1345.16,1346.68,2688918,"Neutral","High"
"2022-09-27","Tesla",1345.36,1348.54,1343.45,1346.11,1641865,"Positive","High"
"2022-09-28","Microsoft",1347.94,1348.85,1344.49,1345.7,3079329,"Negative","Low"
"2022-09-29","Apple",1343.17,1345.08,1341.96,1343.55,4953033,"Neutral","High"
"2022-09-30","Tesla",1344.9,1345.47,1339.99,1341.15,904058,"Positive","Medium"
"2022-10-01","Amazon",1342.5,1343.16,1339.53,1343.04,3755525,"Neutral","Medium"
"2022-10-02","Microsoft",1345.39,1346.08,1340.77,1343.64,4474321,"Neutral","High"
"2022-10-03","Microsoft",1343.22,1346.71,1341.55,1343.96,755225,"Neutral","Low"
"2022-10-04","Apple",1344.53,1347.09,1342.62,1346.57,971475,"Positive","Low"
"2022-10-05","Apple",1347.99,1348.29,1345.32,1346.3,1107841,"Positive","Low"
"2022-10-06","Microsoft",1352.08,1352.92,1349.55,1350.56,2626981,"Neutral","High"
"2022-10-07","Amazon",1351.88,1355.15,1351.19,1352.56,3315653,"Neutral","Medium"
"2022-10-08","Apple",1356.65,1358.91,1356.01,1357.45,4050423,"Neutral","High"
"2022-10-09","Microsoft",1358.58,1361.04,1355.12,1356.51,2609321,"Positive","Low"
"2022-10-10","Tesla",1356.36,1356.78,1353.28,1356.14,3976115,"Positive","Medium"
"2022-10-11","Apple",1358.46,1360.02,1354.41,1355.87,4838020,"Neutral","Low"
"2022-10-12","Microsoft",1360.2,1360.91,1358.29,1359.29,4600232,"Positive","Medium"
"2022-10-13","Apple",1363.79,1366.78,1363.76,1364.43,1648973,"Positive","Medium"
"2022-10-14","Microsoft",1363.17,1364.38,1360.22,1363.28,3145726,"Neutral","High"
"2022-10-15","Tesla",1360.27,1361.44,1354.84,1357.29,4620571,"Positive","Low"
"2022-10-16","Google",1361.11,1361.78,1358.07,1360.66,3771628,"Neutral","Medium"
"2022-10-17","Google",1359.85,1363.11,1356.88,1360.62,3240132,"Negative","High"
"2022-10-18","Apple",1360.39,1361.82,1358.93,1360.56,2219844,"Negative","Medium"
"2022-10-19","Microsoft",1362.59,1364.74,1359.47,1360.69,4244458,"Positive","Low"
"2022-10-20","Apple",1357,1360.47,1356.53,1359.43,2379901,"Negative","Low"
"2022-10-21","Microsoft",1362.68,1363.47,1359.99,1362.13,1332474,"Positive","High"
"2022-10-22","Tesla",1364.17,1364.43,1363.15,1364.3,1682632,"Negative","High"
"2022-10-23","Apple",1368.01,1369.57,1365.87,1368.63,2076846,"Negative","Low"
"2022-10-24","Google",1371.85,1372.32,1368.73,1369.75,684916,"Negative","Low"
"2022-10-25","Amazon",1369.48,1372.4,1368.31,1371.8,1521322,"Positive","Medium"
"2022-10-26","Microsoft",1372.22,1372.68,1370.09,1370.64,3283092,"Negative","Low"
"2022-10-27","Google",1370.63,1370.73,1368.67,1368.86,2494433,"Neutral","Medium"
"2022-10-28","Tesla",1369.21,1370.12,1366.25,1369.33,2152507,"Neutral","Medium"
"2022-10-29","Tesla",1368.32,1372.64,1367.39,1369.9,4963347,"Neutral","High"
"2022-10-30","Google",1370.2,1371.03,1368.49,1368.91,3845989,"Positive","Medium"
"2022-10-31","Tesla",1373.6,1376.25,1371.01,1373.7,3809506,"Positive","Low"
"2022-11-01","Google",1375.31,1378.78,1374.98,1376.65,1280311,"Positive","High"
"2022-11-02","Microsoft",1377.48,1378.69,1373.41,1376.38,2756362,"Positive","High"
"2022-11-03","Apple",1374.5,1376.33,1372.87,1375.83,4048433,"Neutral","High"
"2022-11-04","Apple",1375.69,1377.46,1374.85,1376.96,3790934,"Positive","Medium"
"2022-11-05","Amazon",1372.49,1377.02,1370.89,1374.82,2574747,"Neutral","High"
"2022-11-06","Amazon",1374.77,1377.54,1373.06,1375.69,4968336,"Positive","Low"
"2022-11-07","Amazon",1373.1,1375.44,1370.58,1373.31,2652570,"Neutral","Medium"
"2022-11-08","Tesla",1370.08,1373.47,1367.43,1370.97,2244166,"Positive","High"
"2022-11-09","Microsoft",1373.47,1378.86,1370.78,1376.45,3957567,"Negative","Medium"
"2022-11-10","Google",1374.01,1376.78,1371.26,1376.47,2589367,"Negative","Low"
"2022-11-11","Amazon",1374.99,1375.9,1373.52,1374.89,1821842,"Neutral","Low"
"2022-11-12","Amazon",1372.68,1374.2,1369.6,1371.4,1361435,"Neutral","High"
"2022-11-13","Google",1372.76,1374.52,1369.32,1370.33,1887800,"Neutral","Medium"
"2022-11-14","Amazon",1373.53,1375.88,1370.21,1370.71,1024541,"Positive","High"
"2022-11-15","Google",1374.86,1376.39,1373.75,1373.85,2193429,"Neutral","Medium"
"2022-11-16","Apple",1374.54,1375.6,1372.21,1374.3,852261,"Neutral","Low"
"2022-11-17","Tesla",1368.33,1372.22,1366.78,1370.91,1216361,"Negative","High"
"2022-11-18","Tesla",1369.05,1369.12,1368.34,1369.08,1275063,"Positive","Low"
"2022-11-19","Apple",1375.99,1378.61,1372.03,1372.07,4274252,"Positive","Low"
"2022-11-20","Amazon",1379.6,1382.25,1376.24,1379.11,952711,"Positive","Medium"
"2022-11-21","Amazon",1379.26,1379.67,1376.6,1379.52,1598450,"Positive","Medium"
"2022-11-22","Tesla",1377.89,1381.08,1375.87,1378.15,4779175,"Neutral","Low"
"2022-11-23","Microsoft",1380.89,1383.8,1377.73,1380.08,2622457,"Neutral","Medium"
"2022-11-24","Apple",1378.99,1382.64,1376.19,1379.82,3339892,"Neutral","Low"
"2022-11-25","Google",1381.76,1384.43,1378.03,1379.32,2939399,"Positive","Low"
"2022-11-26","Apple",1378.84,1383.34,1376.11,1381.37,3745351,"Neutral","Low"
"2022-11-27","Apple",1377.57,1378.36,1375.54,1377.18,728224,"Positive","Low"
"2022-11-28","Microsoft",1378.31,1380.24,1375.18,1378.11,3367372,"Negative","Medium"
"2022-11-29","Microsoft",1380.61,1381.33,1376.26,1379.21,4380963,"Negative","Low"
"2022-11-30","Google",1378.67,1379.87,1374.1,1376.07,4177928,"Positive","Medium"
"2022-12-01","Tesla",1377.21,1378.54,1375.86,1376.55,801213,"Positive","Medium"
"2022-12-02","Microsoft",1376.71,1377.34,1375.03,1376.77,3846477,"Neutral","Low"
"2022-12-03","Google",1372.98,1376.63,1371.88,1374.48,4085006,"Neutral","Low"
"2022-12-04","Microsoft",1374.73,1375.01,1372.06,1374.3,4738319,"Neutral","High"
"2022-12-05","Amazon",1378.28,1381.11,1376.54,1376.85,793140,"Neutral","Medium"
"2022-12-06","Microsoft",1380.45,1383.41,1377.19,1379.48,4322340,"Neutral","Low"
"2022-12-07","Tesla",1384.14,1385.02,1382.95,1383.98,1763648,"Positive","High"
"2022-12-08","Microsoft",1381.81,1384.91,1381.2,1383.29,2368482,"Positive","Medium"
"2022-12-09","Google",1380.42,1382.76,1375.78,1378.53,1315032,"Positive","Medium"
"2022-12-10","Amazon",1384.39,1385.84,1382.67,1384.44,1905390,"Neutral","Medium"
"2022-12-11","Apple",1381.21,1381.82,1379.08,1381.05,4788842,"Negative","High"
"2022-12-12","Tesla",1382.15,1383.55,1379.57,1383.38,1389524,"Positive","Low"
"2022-12-13","Apple",1379.43,1380.97,1376.55,1380.94,1877024,"Positive","Medium"
"2022-12-14","Google",1380.6,1382.69,1378.35,1379.34,1907314,"Negative","Low"
"2022-12-15","Google",1379.23,1384.48,1378.95,1382.55,3512772,"Neutral","Medium"
"2022-12-16","Google",1385.11,1385.4,1382.37,1384.81,4472264,"Neutral","Low"
"2022-12-17","Microsoft",1390.49,1393.47,1388.47,1389.95,2061617,"Positive","Medium"
"2022-12-18","Tesla",1390.83,1392.94,1390.65,1391.62,4382592,"Neutral","High"
"2022-12-19","Apple",1386.24,1389.56,1384.72,1387.88,1952018,"Negative","Low"
"2022-12-20","Tesla",1389.52,1392.13,1388.11,1389.13,546574,"Positive","High"
"2022-12-21","Apple",1391.25,1394.8,1390.42,1394.56,2756409,"Positive","Medium"
"2022-12-22","Apple",1389.68,1394.68,1388.82,1392.17,3479134,"Positive","Medium"
"2022-12-23","Amazon",1389.17,1391.23,1385.08,1387.73,1439129,"Positive","High"
"2022-12-24","Google",1393.16,1395.2,1391.19,1391.61,1812791,"Positive","Low"
"2022-12-25","Microsoft",1395.97,1397.51,1392.29,1393.73,2759274,"Positive","Medium"
"2022-12-26","Amazon",1397.85,1399.53,1394.4,1396.89,1397508,"Neutral","High"
"2022-12-27","Microsoft",1399.98,1402.22,1397.36,1399.96,2686657,"Neutral","High"
"2022-12-28","Apple",1397.62,1400.61,1397.03,1397.9,509470,"Positive","Low"
"2022-12-29","Apple",1404.27,1406.41,1400.63,1402.35,2075933,"Neutral","High"
"2022-12-30","Google",1404.82,1406.48,1401.58,1402.6,4191182,"Negative","Low"
"2022-12-31","Microsoft",1403,1404.99,1401.78,1404.33,1268073,"Neutral","Low"
"2023-01-01","Apple",1405.37,1405.87,1402.42,1403.23,2662288,"Positive","Low"
"2023-01-02","Tesla",1403.92,1404.08,1401.51,1403.83,1244101,"Neutral","Low"
"2023-01-03","Microsoft",1402.58,1404.37,1400.73,1403.4,1283740,"Positive","Medium"
"2023-01-04","Microsoft",1409.09,1410.68,1404.13,1406.14,1729477,"Negative","Medium"
"2023-01-05","Microsoft",1404.71,1408.68,1403.22,1406.13,3053941,"Neutral","Low"
"2023-01-06","Microsoft",1401.58,1404.2,1397.94,1400.44,4424953,"Positive","Medium"
"2023-01-07","Microsoft",1401.16,1403.41,1400.23,1401.03,1718111,"Negative","Low"
"2023-01-08","Tesla",1404.28,1407.03,1401.68,1402.19,2308359,"Neutral","High"
"2023-01-09","Amazon",1402.04,1405.95,1399.04,1403.06,2733514,"Positive","Low"
"2023-01-10","Amazon",1400.39,1404.86,1398.12,1402.55,2907192,"Positive","Medium"
"2023-01-11","Amazon",1399.43,1401.11,1398.62,1398.89,4900837,"Positive","High"
"2023-01-12","Apple",1395.92,1398.78,1393.23,1395.27,1505545,"Positive","Medium"
"2023-01-13","Microsoft",1395.73,1397.06,1394.51,1395.52,1888533,"Positive","Low"
"2023-01-14","Tesla",1399.98,1401.49,1395.79,1398.36,4066055,"Positive","Medium"
"2023-01-15","Microsoft",1400.92,1401.33,1400.38,1400.78,1259396,"Neutral","High"
"2023-01-16","Amazon",1405.52,1406.52,1404.86,1406.11,2182316,"Neutral","Low"
"2023-01-17","Amazon",1410.41,1412.74,1409.72,1410.22,1500255,"Negative","High"
"2023-01-18","Microsoft",1413.19,1415.48,1412.69,1413.99,3878650,"Positive","High"
"2023-01-19","Amazon",1416.42,1417.95,1414.22,1416.09,1892975,"Neutral","Medium"
"2023-01-20","Apple",1420.83,1423.53,1417.77,1420.15,2222009,"Neutral","Medium"
"2023-01-21","Tesla",1418.41,1420.37,1418.23,1418.82,3899177,"Positive","Medium"
"2023-01-22","Amazon",1417.11,1417.78,1413.64,1415.05,4439928,"Negative","Low"
"2023-01-23","Tesla",1417.38,1417.97,1416.34,1417.09,2828613,"Neutral","High"
"2023-01-24","Microsoft",1416.2,1418.88,1414.17,1416.22,1584964,"Positive","Low"
"2023-01-25","Google",1420.65,1421.2,1418.44,1419.77,4117644,"Neutral","Medium"
"2023-01-26","Microsoft",1418.35,1418.99,1418.2,1418.94,4873660,"Negative","Medium"
"2023-01-27","Microsoft",1420.91,1421.93,1418.49,1420.11,4859050,"Negative","Low"
"2023-01-28","Google",1420.69,1424.72,1418,1422.21,3587647,"Positive","Low"
"2023-01-29","Microsoft",1419.2,1419.2,1416.65,1419.07,1301408,"Positive","Low"
"2023-01-30","Tesla",1420.91,1422.64,1419.38,1422.13,2586658,"Neutral","Low"
"2023-01-31","Google",1419.89,1420.56,1418.07,1420.26,1396931,"Neutral","High"
"2023-02-01","Microsoft",1418.49,1420.27,1415.03,1417.55,4648835,"Neutral","Low"
"2023-02-02","Tesla",1419.87,1424.27,1417.73,1421.51,3443425,"Positive","High"
"2023-02-03","Google",1419.27,1422.2,1416.37,1421.83,4595308,"Positive","Medium"
"2023-02-04","Apple",1422.75,1424.98,1420.18,1421.33,1965624,"Positive","High"
"2023-02-05","Amazon",1421.61,1424.74,1419.68,1421.86,4804580,"Positive","High"
"2023-02-06","Tesla",1419.43,1420.86,1416.99,1418.03,1494921,"Positive","Medium"
"2023-02-07","Amazon",1417.32,1421.13,1416.26,1420.22,2434330,"Negative","Medium"
"2023-02-08","Microsoft",1415.98,1417.12,1415.53,1416.26,2574222,"Negative","High"
"2023-02-09","Google",1419.91,1420.46,1417.9,1418.26,4087122,"Neutral","Low"
"2023-02-10","Tesla",1415.42,1418.39,1412.83,1416.41,4232544,"Neutral","Medium"
"2023-02-11","Tesla",1420.69,1420.8,1417.44,1419.62,2933607,"Negative","Medium"
"2023-02-12","Amazon",1422.18,1423.74,1421.14,1421.25,2352079,"Negative","Medium"
"2023-02-13","Tesla",1425.74,1427.39,1423.63,1424.99,607074,"Positive","Medium"
"2023-02-14","Google",1425.22,1430.17,1425.01,1427.63,1181001,"Neutral","Medium"
"2023-02-15","Amazon",1430,1432.21,1427.36,1427.83,1405655,"Neutral","Low"
"2023-02-16","Apple",1431.92,1433.09,1429.01,1429.68,4269224,"Negative","High"
"2023-02-17","Apple",1434.52,1437.52,1432.18,1433.45,2615651,"Positive","Low"
"2023-02-18","Microsoft",1436.16,1438.74,1434.36,1435.91,807893,"Neutral","Medium"
"2023-02-19","Amazon",1437.02,1438.93,1435.19,1438.31,4443568,"Neutral","Low"
"2023-02-20","Tesla",1436.61,1440.81,1435.17,1438.25,4087461,"Positive","Low"
"2023-02-21","Amazon",1435.67,1437.64,1433.27,1435.27,4557544,"Neutral","Medium"
"2023-02-22","Amazon",1436.23,1437.89,1433.55,1435.13,2511175,"Neutral","Low"
"2023-02-23","Google",1433.87,1436.19,1433.09,1434.78,3485555,"Positive","Medium"
"2023-02-24","Amazon",1432.95,1435.78,1429.78,1431.26,2697254,"Positive","High"
"2023-02-25","Google",1433.32,1436.44,1431.82,1435.07,2221201,"Positive","High"
"2023-02-26","Apple",1432.46,1434.35,1429.63,1432.37,2192821,"Neutral","Medium"
"2023-02-27","Google",1430.39,1432.15,1428.16,1429.83,4949256,"Positive","Low"
"2023-02-28","Google",1431.13,1435.52,1429.35,1433.12,2699186,"Negative","High"
"2023-03-01","Microsoft",1432.61,1434.16,1427.83,1430.75,903643,"Neutral","Low"
"2023-03-02","Google",1434.88,1437.2,1430.73,1433.24,1035901,"Positive","Medium"
"2023-03-03","Amazon",1434.23,1434.54,1431.34,1434,1373770,"Neutral","Medium"
"2023-03-04","Tesla",1438.65,1440.98,1435.28,1437.21,2186213,"Negative","Low"
"2023-03-05","Amazon",1439.33,1440.42,1437.45,1438.21,2718733,"Negative","High"
"2023-03-06","Google",1442.44,1442.88,1441.52,1441.84,1805909,"Negative","Low"
"2023-03-07","Tesla",1444.83,1447.38,1441.04,1443.45,3392726,"Negative","High"
"2023-03-08","Tesla",1446.99,1448.42,1442.63,1444.41,3347281,"Neutral","Medium"
"2023-03-09","Apple",1443.16,1445.95,1443.12,1443.93,4403077,"Positive","Medium"
"2023-03-10","Microsoft",1447.08,1447.84,1444.38,1447.74,957533,"Positive","Medium"
"2023-03-11","Amazon",1451.69,1454.33,1448.5,1450.78,2165909,"Neutral","Low"
"2023-03-12","Amazon",1455.42,1457.05,1452.24,1454.86,1975546,"Positive","Low"
"2023-03-13","Apple",1451.78,1457.94,1448.81,1454.97,2808243,"Negative","Medium"
"2023-03-14","Apple",1456.38,1457.8,1455.24,1456.59,3393512,"Negative","Medium"
"2023-03-15","Google",1452.8,1454.02,1451.27,1452.02,3255563,"Positive","Low"
"2023-03-16","Apple",1453.65,1458.68,1452.86,1455.97,1560254,"Neutral","Low"
"2023-03-17","Google",1452.42,1453.85,1450.88,1452.05,3216985,"Negative","Low"
"2023-03-18","Microsoft",1450.69,1452.17,1446.88,1449.73,1089248,"Positive","High"
"2023-03-19","Tesla",1449.56,1452.03,1447.34,1449.93,1381278,"Neutral","High"
