Date,City,State,Avg_Temperature_C,Rainfall_mm,Humidity_%,Wind_Speed_kmph,Weather_Type,Pressure_hPa
2018-01-01,New York,IL,18.5,0.54,68,12.3,Cloudy,1014
2018-01-02,Chicago,IL,18.1,8.75,52,2.9,Cloudy,1029
2018-01-03,Houston,CA,21.8,0.82,34,4.6,Rainy,995
2018-01-04,Chicago,AZ,23.7,4.39,49,22.3,Sunny,1007
2018-01-05,Chicago,IL,18.8,0.72,42,8.7,Cloudy,1010
2018-01-06,Houston,AZ,18.8,3.93,77,7.8,Sunny,1032
2018-01-07,Chicago,CA,17.4,2.09,47,10.1,Snow,1000
2018-01-08,Houston,CA,12.5,0.75,47,2.1,Cloudy,998
2018-01-09,Houston,TX,21.5,8.05,78,16.9,Storm,1019
2018-01-10,New York,CA,10.7,7.61,70,5.4,Sunny,1031
2018-01-11,Houston,IL,16.4,3.41,69,10.8,Cloudy,1012
2018-01-12,Phoenix,IL,10.6,2.56,43,6.5,Rainy,1003
2018-01-13,Phoenix,NY,10.2,4.08,33,2.5,Sunny,1007
2018-01-14,Houston,IL,13.4,0.62,43,24.0,Sunny,994
2018-01-15,New York,NY,10.2,6.43,33,4.9,Cloudy,983
2018-01-16,New York,CA,15.1,0.18,73,1.0,Cloudy,1012
2018-01-17,New York,IL,18.4,0.83,37,1.0,Sunny,984
2018-01-18,Houston,AZ,20.2,3.91,31,15.0,Cloudy,1012
2018-01-19,Houston,IL,7.6,4.19,77,22.5,Sunny,1030
2018-01-20,Houston,CA,10.3,2.17,93,2.7,Rainy,1016
2018-01-21,New York,IL,12.0,2.23,81,18.6,Sunny,1004
2018-01-22,New York,NY,9.8,0.47,44,21.1,Cloudy,1018
2018-01-23,New York,IL,7.3,3.74,37,17.4,Sunny,984
2018-01-24,Los Angeles,TX,16.5,0.88,94,18.5,Sunny,997
2018-01-25,Phoenix,TX,5.8,0.14,90,24.8,Cloudy,986
2018-01-26,New York,AZ,-2.8,2.46,78,1.6,Cloudy,1012
2018-01-27,New York,IL,12.5,1.37,92,10.8,Sunny,1019
2018-01-28,Houston,IL,9.3,1.56,45,13.0,Sunny,1019
2018-01-29,New York,NY,5.6,0.82,69,18.4,Storm,1002
2018-01-30,Houston,TX,0.3,3.84,65,19.4,Rainy,998
2018-01-31,Houston,AZ,3.9,4.21,55,11.8,Rainy,1020
2018-02-01,Houston,TX,12.8,2.91,93,7.1,Cloudy,1009
2018-02-02,Los Angeles,AZ,11.6,5.53,94,4.0,Rainy,1017
2018-02-03,Los Angeles,CA,-3.0,28.76,32,20.8,Sunny,984
2018-02-04,Chicago,IL,4.4,7.96,67,17.5,Sunny,1009
2018-02-05,New York,IL,11.4,5.99,61,17.9,Cloudy,988
2018-02-06,Phoenix,TX,9.9,2.87,69,8.7,Cloudy,1023
2018-02-07,Phoenix,IL,-1.7,5.37,70,3.6,Cloudy,991
2018-02-08,Los Angeles,CA,1.9,1.15,76,6.0,Cloudy,1001
2018-02-09,Phoenix,AZ,1.3,1.55,45,23.1,Cloudy,989
2018-02-10,Phoenix,TX,2.6,2.82,89,17.8,Sunny,1008
2018-02-11,Los Angeles,AZ,3.2,4.11,38,10.2,Cloudy,980
2018-02-12,Phoenix,AZ,9.0,6.31,67,16.5,Sunny,1000
2018-02-13,Chicago,TX,-3.8,6.79,30,10.0,Sunny,1004
2018-02-14,Phoenix,NY,7.7,1.06,93,13.2,Cloudy,987
2018-02-15,Chicago,AZ,1.4,2.27,84,1.7,Rainy,1012
2018-02-16,Phoenix,AZ,3.3,0.17,82,8.9,Rainy,1007
2018-02-17,New York,AZ,-1.3,0.91,30,21.9,Sunny,981
2018-02-18,Houston,AZ,-4.2,6.71,57,6.8,Cloudy,991
2018-02-19,New York,NY,7.5,0.8,31,8.3,Cloudy,991
2018-02-20,Houston,NY,2.3,0.92,36,23.7,Sunny,1019
2018-02-21,Los Angeles,TX,2.2,2.26,58,12.4,Sunny,1019
2018-02-22,Phoenix,IL,0.0,0.0,50,2.0,Sunny,1013
2018-02-23,Los Angeles,NY,8.8,0.31,53,24.9,Cloudy,1003
2018-02-24,Chicago,NY,9.0,1.34,37,5.8,Sunny,1014
2018-02-25,Houston,TX,-1.0,0.43,78,12.4,Cloudy,1005
2018-02-26,Houston,TX,5.3,0.29,50,19.9,Rainy,1031
2018-02-27,Houston,CA,-3.6,0.41,49,16.6,Rainy,1003
2018-02-28,Houston,NY,7.0,5.76,78,18.5,Sunny,980
2018-03-01,Chicago,CA,0.1,2.0,48,23.1,Sunny,1005
2018-03-02,New York,CA,-2.3,4.28,49,6.5,Rainy,1007
2018-03-03,Phoenix,NY,5.9,6.12,43,1.2,Cloudy,1006
2018-03-04,Chicago,TX,0.0,8.03,65,13.4,Cloudy,983
2018-03-05,Los Angeles,TX,0.2,5.72,60,19.1,Sunny,990
2018-03-06,Phoenix,CA,-3.1,1.63,63,12.1,Sunny,1001
2018-03-07,Chicago,AZ,-2.2,7.55,33,14.2,Sunny,985
2018-03-08,Los Angeles,TX,5.7,6.42,67,8.0,Sunny,989
2018-03-09,Houston,TX,7.5,0.53,54,7.4,Cloudy,1002
2018-03-10,New York,IL,-2.2,0.12,53,5.0,Sunny,1009
2018-03-11,Houston,TX,2.8,2.53,76,6.9,Sunny,1025
2018-03-12,New York,TX,2.3,4.07,36,12.2,Cloudy,1020
2018-03-13,New York,AZ,1.1,0.03,57,18.1,Snow,1034
2018-03-14,Los Angeles,CA,3.1,0.74,62,15.1,Rainy,1009
2018-03-15,Phoenix,AZ,4.8,3.29,61,22.9,Sunny,1010
2018-03-16,Chicago,NY,10.4,1.27,46,22.3,Cloudy,983
2018-03-17,Los Angeles,AZ,5.3,1.87,54,15.8,Rainy,1007
2018-03-18,Houston,AZ,7.5,7.8,86,5.5,Rainy,1014
2018-03-19,Phoenix,AZ,-1.9,4.99,91,6.1,Sunny,1022
2018-03-20,Houston,NY,5.7,0.41,60,19.1,Rainy,1009
2018-03-21,Los Angeles,NY,3.8,4.66,81,17.9,Cloudy,1016
2018-03-22,Houston,CA,3.5,2.22,74,11.1,Sunny,1003
2018-03-23,Houston,IL,0.0,4.72,72,16.5,Rainy,991
2018-03-24,Phoenix,CA,9.4,0.74,50,8.1,Cloudy,995
2018-03-25,Los Angeles,IL,11.7,0.32,57,18.5,Storm,983
2018-03-26,Los Angeles,NY,7.1,6.07,77,16.1,Cloudy,1029
2018-03-27,Chicago,AZ,12.3,1.37,61,11.1,Cloudy,1018
2018-03-28,New York,CA,11.8,0.45,71,16.4,Rainy,999
2018-03-29,Chicago,NY,5.3,3.22,48,3.8,Sunny,1012
2018-03-30,Los Angeles,AZ,5.5,0.87,80,5.6,Storm,1003
2018-03-31,Houston,CA,6.3,1.26,75,15.9,Sunny,1006
2018-04-01,New York,TX,7.2,1.73,68,2.9,Storm,1004
2018-04-02,Chicago,IL,2.2,0.25,69,4.3,Cloudy,1015
2018-04-03,New York,AZ,0.5,2.92,33,11.9,Sunny,1000
2018-04-04,Phoenix,TX,-0.1,4.36,41,15.1,Cloudy,1025
2018-04-05,Phoenix,CA,9.6,2.23,51,3.4,Cloudy,995
2018-04-06,Chicago,CA,10.7,2.55,71,12.7,Cloudy,1002
2018-04-07,Los Angeles,CA,1.9,3.33,44,18.7,Snow,1005
2018-04-08,Chicago,AZ,-1.6,22.03,75,4.6,Cloudy,990
2018-04-09,Houston,TX,5.3,2.98,39,15.8,Rainy,1024
2018-04-10,New York,NY,-0.7,1.53,37,12.9,Sunny,995
2018-04-11,Chicago,AZ,4.0,1.35,87,17.6,Storm,1034
2018-04-12,Chicago,AZ,4.4,3.12,87,8.8,Rainy,1015
2018-04-13,New York,IL,4.5,0.36,45,17.3,Sunny,1033
2018-04-14,Chicago,IL,4.5,0.34,62,2.1,Storm,1034
2018-04-15,New York,NY,7.3,2.04,81,12.4,Cloudy,1015
2018-04-16,Houston,AZ,0.9,8.13,46,8.9,Storm,1019
2018-04-17,New York,AZ,2.9,3.72,54,24.2,Storm,982
2018-04-18,Phoenix,AZ,7.7,0.55,81,1.1,Cloudy,980
2018-04-19,Houston,AZ,4.6,0.77,63,5.0,Sunny,1032
2018-04-20,Phoenix,IL,10.3,2.81,76,12.8,Sunny,1019
2018-04-21,Chicago,AZ,10.7,1.81,76,2.1,Rainy,1025
2018-04-22,Chicago,CA,12.4,12.42,33,8.4,Cloudy,1010
2018-04-23,Los Angeles,IL,14.3,5.57,36,4.0,Sunny,1025
2018-04-24,Los Angeles,TX,10.6,9.13,72,7.6,Cloudy,1018
2018-04-25,Chicago,CA,0.7,1.84,59,19.7,Cloudy,993
2018-04-26,Houston,NY,0.3,1.91,65,11.2,Rainy,1018
2018-04-27,New York,CA,-0.7,8.32,30,9.6,Cloudy,989
2018-04-28,Phoenix,TX,3.6,5.48,70,7.0,Sunny,981
2018-04-29,Los Angeles,TX,7.6,5.86,85,1.6,Cloudy,1014
2018-04-30,Phoenix,AZ,4.6,6.51,50,3.2,Cloudy,1030
2018-05-01,Chicago,AZ,5.2,10.77,56,11.2,Cloudy,1019
2018-05-02,Los Angeles,TX,9.0,0.19,61,1.1,Sunny,996
2018-05-03,Los Angeles,NY,1.1,3.59,88,23.9,Rainy,1011
2018-05-04,Chicago,TX,8.2,7.16,48,8.5,Snow,992
2018-05-05,Phoenix,TX,14.8,13.35,83,11.8,Storm,1034
2018-05-06,Chicago,AZ,7.2,6.69,35,9.2,Sunny,1006
2018-05-07,Phoenix,IL,6.3,1.29,74,11.7,Snow,999
2018-05-08,Chicago,AZ,12.8,2.45,46,2.0,Cloudy,1006
2018-05-09,Houston,AZ,13.7,1.52,53,2.9,Sunny,1019
2018-05-10,Los Angeles,NY,11.0,4.56,79,4.1,Cloudy,992
2018-05-11,New York,CA,18.3,1.75,85,15.4,Cloudy,1012
2018-05-12,New York,CA,13.7,3.02,75,20.6,Rainy,1034
2018-05-13,Houston,TX,10.0,0.66,65,24.2,Snow,1004
2018-05-14,New York,TX,16.3,1.13,88,11.4,Cloudy,997
2018-05-15,Phoenix,TX,16.9,1.33,79,1.3,Sunny,997
2018-05-16,Houston,NY,16.1,3.22,34,17.3,Sunny,998
2018-05-17,Houston,CA,20.6,1.95,89,22.9,Rainy,1029
2018-05-18,Phoenix,CA,28.0,2.05,75,22.2,Rainy,985
2018-05-19,New York,IL,20.0,1.22,78,7.4,Sunny,1002
2018-05-20,New York,NY,27.4,0.79,30,11.1,Rainy,1027
2018-05-21,New York,CA,18.1,3.49,39,8.7,Snow,1017
2018-05-22,Los Angeles,CA,22.0,2.55,51,7.7,Sunny,997
2018-05-23,New York,NY,30.4,7.57,93,17.4,Rainy,1002
2018-05-24,Phoenix,NY,24.9,2.85,53,6.1,Sunny,1028
2018-05-25,Phoenix,TX,22.7,5.42,45,21.7,Sunny,1002
2018-05-26,Phoenix,TX,32.5,3.36,85,3.3,Sunny,994
2018-05-27,New York,CA,32.8,6.31,81,3.7,Sunny,985
2018-05-28,Houston,TX,32.6,2.05,88,19.6,Cloudy,1014
2018-05-29,Los Angeles,NY,36.0,0.22,31,22.1,Sunny,1025
2018-05-30,Phoenix,NY,23.3,6.36,77,6.5,Sunny,982
2018-05-31,Chicago,TX,28.9,1.01,31,19.1,Sunny,982
2018-06-01,New York,AZ,26.0,2.02,89,2.6,Sunny,1028
2018-06-02,Phoenix,TX,19.4,3.53,52,5.9,Sunny,1017
2018-06-03,Chicago,NY,24.7,3.2,77,21.6,Cloudy,991
2018-06-04,Phoenix,CA,25.8,5.38,87,9.2,Storm,1033
2018-06-05,Chicago,TX,26.9,2.26,67,14.0,Rainy,990
2018-06-06,Los Angeles,IL,23.6,0.35,66,2.4,Rainy,1006
2018-06-07,Los Angeles,TX,29.3,0.9,41,11.9,Snow,1033
2018-06-08,Phoenix,AZ,28.2,0.34,75,8.5,Rainy,999
2018-06-09,Houston,NY,25.6,7.51,32,20.5,Rainy,1033
2018-06-10,New York,CA,36.7,0.25,43,10.0,Cloudy,988
2018-06-11,Los Angeles,TX,23.2,0.67,79,3.8,Storm,1017
2018-06-12,Phoenix,IL,28.6,0.22,59,7.0,Sunny,1009
2018-06-13,Houston,IL,29.7,3.94,52,22.5,Sunny,1016
2018-06-14,Houston,NY,17.4,10.46,80,6.8,Sunny,982
2018-06-15,Chicago,NY,28.7,2.77,40,9.2,Rainy,1013
2018-06-16,Phoenix,NY,24.9,0.38,80,23.9,Sunny,991
2018-06-17,New York,AZ,27.8,0.62,40,12.9,Rainy,1026
2018-06-18,Houston,AZ,30.0,1.73,60,5.8,Storm,1009
2018-06-19,Houston,TX,39.4,0.51,66,22.1,Rainy,991
2018-06-20,Houston,IL,29.2,1.35,77,11.2,Snow,983
2018-06-21,Houston,AZ,31.1,6.29,81,8.6,Rainy,998
2018-06-22,Chicago,TX,29.2,0.18,90,4.4,Sunny,1013
2018-06-23,Phoenix,AZ,22.0,2.13,88,7.7,Sunny,997
2018-06-24,Chicago,AZ,22.1,1.99,67,14.4,Cloudy,993
2018-06-25,New York,CA,20.5,0.41,44,25.0,Rainy,996
2018-06-26,Phoenix,NY,34.3,10.65,65,24.6,Storm,1031
2018-06-27,Phoenix,IL,27.6,1.66,87,10.9,Rainy,1032
2018-06-28,Chicago,TX,31.2,2.07,62,5.0,Sunny,1004
2018-06-29,Chicago,AZ,18.5,1.63,77,10.1,Storm,1031
2018-06-30,Phoenix,NY,32.3,4.14,56,11.4,Cloudy,1002
2018-07-01,Chicago,IL,33.6,8.54,39,10.2,Cloudy,997
2018-07-02,New York,CA,30.2,0.44,35,13.6,Cloudy,993
2018-07-03,Phoenix,TX,31.9,5.84,65,19.1,Rainy,983
2018-07-04,Houston,NY,25.3,0.1,88,20.1,Storm,1015
2018-07-05,Phoenix,NY,30.7,3.03,86,5.3,Sunny,1024
2018-07-06,Phoenix,TX,22.1,0.91,83,22.1,Sunny,1009
2018-07-07,New York,CA,32.5,5.32,81,8.7,Rainy,1030
2018-07-08,Chicago,AZ,33.0,11.12,56,15.2,Cloudy,1022
2018-07-09,Phoenix,TX,27.8,0.86,45,20.4,Sunny,994
2018-07-10,Houston,CA,26.6,0.27,67,2.9,Rainy,1027
2018-07-11,New York,AZ,21.7,6.27,40,9.2,Rainy,1034
2018-07-12,New York,AZ,31.9,3.91,74,17.8,Snow,1021
2018-07-13,New York,NY,23.1,1.69,30,4.8,Storm,1020
2018-07-14,Houston,CA,35.7,11.83,43,13.8,Sunny,1026
2018-07-15,Houston,IL,27.1,4.75,54,11.1,Storm,1028
2018-07-16,New York,CA,25.6,5.95,85,8.9,Rainy,998
2018-07-17,New York,NY,19.5,0.97,45,19.8,Cloudy,1030
2018-07-18,Houston,AZ,31.7,2.46,60,3.6,Rainy,1025
2018-07-19,New York,AZ,18.4,3.26,41,22.7,Sunny,987
2018-07-20,Phoenix,IL,22.7,0.5,51,6.6,Sunny,1003
2018-07-21,Houston,TX,23.0,5.18,35,22.0,Sunny,997
2018-07-22,Houston,TX,21.7,0.65,71,7.8,Sunny,996
2018-07-23,Chicago,TX,17.9,2.25,91,12.2,Storm,989
2018-07-24,Los Angeles,NY,24.3,0.02,94,2.2,Storm,994
2018-07-25,Phoenix,CA,20.4,3.22,77,10.1,Sunny,1014
2018-07-26,New York,IL,16.2,1.86,42,23.9,Rainy,1032
2018-07-27,Houston,CA,25.6,0.61,71,23.2,Cloudy,986
2018-07-28,Houston,AZ,27.4,2.69,85,10.0,Rainy,992
2018-07-29,Chicago,IL,26.7,7.16,94,1.7,Sunny,997
2018-07-30,Houston,NY,20.3,4.16,59,10.8,Sunny,1034
2018-07-31,Phoenix,IL,22.1,2.14,33,7.2,Sunny,1007
2018-08-01,Phoenix,AZ,20.1,0.91,71,4.5,Sunny,1034
2018-08-02,Chicago,CA,22.4,4.74,80,11.6,Rainy,1004
2018-08-03,Chicago,TX,23.3,1.71,60,7.9,Rainy,987
2018-08-04,Houston,AZ,19.6,3.48,53,16.5,Cloudy,1022
2018-08-05,Chicago,AZ,20.3,0.46,79,14.8,Sunny,980
2018-08-06,New York,NY,22.9,0.06,63,1.4,Rainy,1031
2018-08-07,Phoenix,AZ,26.2,4.05,78,5.6,Rainy,997
2018-08-08,New York,IL,29.1,0.68,67,19.0,Rainy,1012
2018-08-09,Chicago,TX,35.6,1.66,44,24.4,Storm,985
2018-08-10,New York,IL,40.1,4.57,80,2.6,Sunny,1021
2018-08-11,Phoenix,AZ,27.7,0.42,46,9.3,Rainy,1012
2018-08-12,Houston,CA,31.1,1.98,70,10.5,Sunny,1022
2018-08-13,Houston,AZ,39.5,0.18,92,20.8,Rainy,999
2018-08-14,New York,NY,37.8,4.65,33,4.3,Sunny,1020
2018-08-15,Los Angeles,NY,30.1,1.46,71,16.2,Snow,1021
2018-08-16,New York,NY,31.6,0.75,78,11.7,Cloudy,1005
2018-08-17,New York,AZ,29.7,0.63,60,9.2,Cloudy,1013
2018-08-18,Phoenix,IL,34.6,6.34,94,17.2,Sunny,1030
2018-08-19,New York,NY,36.7,3.2,54,6.6,Cloudy,1028
2018-08-20,Houston,NY,39.7,3.54,48,5.4,Sunny,981
2018-08-21,Houston,NY,30.7,0.35,62,4.1,Cloudy,996
2018-08-22,New York,IL,40.7,0.87,34,1.6,Rainy,988
2018-08-23,Chicago,CA,30.7,3.78,87,23.3,Cloudy,1023
2018-08-24,New York,NY,28.5,0.91,89,16.8,Storm,982
2018-08-25,Houston,TX,38.7,0.91,67,3.1,Sunny,1022
2018-08-26,New York,NY,30.3,5.43,92,6.4,Sunny,1033
2018-08-27,Los Angeles,CA,33.7,0.8,36,4.4,Rainy,1007
2018-08-28,Los Angeles,AZ,27.3,10.24,31,10.6,Sunny,1011
2018-08-29,Los Angeles,AZ,35.0,6.04,66,14.7,Cloudy,1015
2018-08-30,New York,AZ,22.5,1.93,39,8.8,Sunny,986
2018-08-31,Phoenix,CA,23.1,2.47,51,12.9,Sunny,993
2018-09-01,Los Angeles,CA,27.9,0.04,38,5.8,Sunny,997
2018-09-02,Houston,NY,25.0,0.87,87,24.7,Snow,992
2018-09-03,New York,NY,39.3,0.92,78,8.1,Cloudy,1015
2018-09-04,Los Angeles,IL,31.5,1.08,54,6.9,Sunny,996
2018-09-05,Houston,IL,23.0,4.84,49,13.2,Sunny,1032
2018-09-06,Phoenix,NY,36.7,4.16,67,24.0,Cloudy,1031
2018-09-07,New York,IL,33.0,8.18,74,23.2,Rainy,1003
2018-09-08,Phoenix,TX,37.3,5.33,66,16.0,Storm,986
2018-09-09,New York,NY,38.7,0.74,74,23.1,Storm,990
2018-09-10,Houston,CA,39.0,0.36,41,17.4,Sunny,1016
2018-09-11,Phoenix,TX,39.6,0.36,54,8.8,Cloudy,1009
2018-09-12,Los Angeles,CA,43.4,4.57,83,11.6,Rainy,1032
2018-09-13,New York,CA,32.3,0.73,66,4.2,Cloudy,1030
2018-09-14,Chicago,IL,29.6,16.49,33,11.4,Cloudy,991
2018-09-15,Los Angeles,IL,29.5,1.6,59,24.2,Storm,988
2018-09-16,Los Angeles,AZ,29.6,7.0,66,20.4,Sunny,1023
2018-09-17,New York,IL,41.7,1.21,86,16.5,Snow,985
2018-09-18,New York,TX,31.2,0.66,68,20.7,Sunny,1013
2018-09-19,Los Angeles,AZ,40.1,2.69,69,10.9,Cloudy,1014
2018-09-20,Chicago,NY,41.7,2.95,65,20.4,Rainy,992
2018-09-21,Houston,NY,43.8,0.39,86,18.0,Rainy,1012
2018-09-22,New York,CA,39.9,2.69,49,20.9,Rainy,1012
2018-09-23,New York,NY,38.6,0.37,40,6.4,Cloudy,1025
2018-09-24,Phoenix,TX,50.8,2.33,91,13.5,Sunny,1017
2018-09-25,Los Angeles,NY,40.6,9.04,56,22.0,Storm,987
2018-09-26,Houston,CA,47.8,12.44,61,14.3,Sunny,1000
2018-09-27,New York,TX,36.8,1.17,89,12.1,Sunny,996
2018-09-28,Houston,NY,38.9,0.13,75,19.3,Snow,984
2018-09-29,Los Angeles,IL,43.8,2.0,41,20.0,Cloudy,1024
2018-09-30,New York,TX,37.6,1.73,93,11.1,Storm,987
2018-10-01,Los Angeles,TX,38.4,5.08,73,12.4,Sunny,988
2018-10-02,Los Angeles,CA,52.0,0.09,56,3.5,Sunny,992
2018-10-03,Phoenix,IL,39.9,2.96,70,14.4,Cloudy,994
2018-10-04,Chicago,CA,46.5,0.98,55,16.2,Rainy,1024
2018-10-05,New York,TX,51.9,5.77,44,22.1,Cloudy,991
2018-10-06,Houston,NY,53.4,3.22,66,9.3,Sunny,991
2018-10-07,Phoenix,AZ,45.1,0.54,92,18.3,Sunny,993
2018-10-08,New York,NY,48.9,1.91,75,15.6,Sunny,1012
2018-10-09,Los Angeles,CA,43.5,2.47,50,5.0,Sunny,1002
2018-10-10,Phoenix,IL,41.9,0.82,78,17.8,Sunny,1017
2018-10-11,Phoenix,AZ,45.0,4.27,64,14.0,Rainy,1011
2018-10-12,Phoenix,NY,45.0,4.25,83,14.2,Snow,1013
2018-10-13,New York,AZ,42.1,1.57,90,10.3,Cloudy,996
2018-10-14,Houston,TX,45.6,0.56,76,14.5,Sunny,1033
2018-10-15,Houston,CA,47.4,0.8,73,16.0,Rainy,991
2018-10-16,New York,NY,46.8,3.15,52,3.6,Storm,984
2018-10-17,Phoenix,TX,43.8,0.78,54,8.4,Cloudy,1000
2018-10-18,Houston,IL,39.8,0.95,45,21.4,Cloudy,1023
2018-10-19,New York,TX,44.4,3.29,30,2.3,Sunny,1002
2018-10-20,Houston,CA,35.7,1.75,41,6.8,Rainy,1023
2018-10-21,Phoenix,IL,45.3,0.15,42,14.6,Rainy,999
2018-10-22,Houston,IL,48.4,1.4,47,19.1,Cloudy,985
2018-10-23,Phoenix,CA,42.1,1.53,77,21.9,Cloudy,1023
2018-10-24,New York,NY,38.3,3.87,60,21.5,Sunny,987
2018-10-25,Phoenix,IL,48.8,2.46,38,21.2,Storm,984
2018-10-26,Houston,TX,37.4,6.52,44,21.5,Sunny,1029
2018-10-27,Chicago,CA,43.2,1.17,90,3.6,Cloudy,1022
2018-10-28,New York,IL,49.4,2.0,58,14.6,Cloudy,999
2018-10-29,New York,CA,48.2,11.29,82,18.3,Storm,1034
2018-10-30,Houston,AZ,51.7,15.28,30,9.3,Sunny,991
2018-10-31,Chicago,IL,47.3,4.03,94,2.2,Storm,1023
2018-11-01,Houston,NY,44.0,5.91,93,6.0,Rainy,986
2018-11-02,Phoenix,NY,51.6,1.2,64,16.0,Sunny,1033
2018-11-03,New York,NY,53.8,0.64,61,11.3,Rainy,1010
2018-11-04,Los Angeles,IL,54.6,2.37,43,10.1,Sunny,1021
2018-11-05,Chicago,NY,56.3,3.44,31,15.5,Snow,1008
2018-11-06,Chicago,AZ,53.8,0.85,87,10.3,Cloudy,1005
2018-11-07,Chicago,AZ,55.4,12.94,56,13.0,Rainy,983
2018-11-08,New York,CA,60.6,0.12,51,2.5,Storm,1021
2018-11-09,Chicago,CA,52.2,3.29,58,23.0,Rainy,1017
2018-11-10,Phoenix,TX,46.1,4.49,60,18.8,Rainy,1020
2018-11-11,Phoenix,TX,55.4,2.84,72,17.8,Cloudy,989
2018-11-12,New York,AZ,45.0,1.27,57,11.6,Snow,991
2018-11-13,Phoenix,TX,47.9,0.13,78,6.9,Sunny,984
2018-11-14,Houston,AZ,48.4,1.22,48,18.7,Cloudy,994
2018-11-15,Houston,IL,52.9,1.3,84,5.4,Rainy,997
2018-11-16,Chicago,IL,55.1,1.92,51,23.9,Cloudy,980
2018-11-17,New York,AZ,56.0,1.74,69,8.8,Cloudy,992
2018-11-18,Los Angeles,CA,42.9,11.28,91,24.3,Sunny,1028
2018-11-19,Chicago,AZ,44.5,0.33,45,2.2,Storm,1001
2018-11-20,New York,NY,52.0,23.15,82,20.1,Sunny,1032
2018-11-21,Houston,TX,52.4,1.17,51,2.8,Storm,989
2018-11-22,New York,CA,43.1,4.01,47,15.6,Storm,1034
2018-11-23,Houston,TX,47.3,4.21,65,10.5,Rainy,998
2018-11-24,Houston,AZ,46.1,2.17,41,21.5,Sunny,1033
2018-11-25,Los Angeles,CA,42.3,0.92,32,14.7,Rainy,1022
2018-11-26,Phoenix,NY,34.2,2.85,41,13.4,Rainy,1034
2018-11-27,Chicago,TX,38.5,2.58,46,2.9,Storm,988
2018-11-28,Los Angeles,IL,37.8,1.55,40,11.8,Cloudy,1031
2018-11-29,Chicago,NY,33.7,2.8,78,10.9,Cloudy,990
2018-11-30,Houston,AZ,39.7,10.97,46,3.3,Rainy,1003
2018-12-01,Los Angeles,TX,30.5,2.62,68,3.9,Sunny,987
2018-12-02,Chicago,TX,26.7,4.72,87,4.9,Cloudy,1009
2018-12-03,Los Angeles,TX,37.5,1.54,48,2.2,Storm,1016
2018-12-04,Los Angeles,TX,29.1,2.77,72,21.0,Sunny,988
2018-12-05,Chicago,NY,39.6,0.24,86,8.2,Sunny,999
2018-12-06,Chicago,NY,30.7,0.48,93,9.0,Snow,1003
2018-12-07,Chicago,CA,37.2,4.76,59,2.1,Rainy,1002
2018-12-08,Chicago,NY,30.7,0.42,46,16.5,Sunny,997
2018-12-09,New York,NY,35.0,1.0,44,17.1,Storm,1017
2018-12-10,Phoenix,AZ,32.8,0.6,88,18.5,Snow,997
2018-12-11,Chicago,AZ,42.9,3.03,78,16.3,Sunny,998
2018-12-12,Chicago,TX,29.5,6.6,51,20.7,Sunny,1008
2018-12-13,Houston,CA,41.2,10.71,72,20.2,Rainy,1014
2018-12-14,Los Angeles,IL,38.6,0.97,57,19.0,Cloudy,1014
2018-12-15,New York,NY,40.0,2.63,49,19.1,Storm,994
2018-12-16,Phoenix,NY,37.2,0.95,71,7.4,Sunny,1030
2018-12-17,Los Angeles,CA,30.8,1.07,92,4.6,Cloudy,981
2018-12-18,Chicago,TX,34.7,0.9,78,2.1,Cloudy,1013
2018-12-19,Chicago,CA,42.2,4.06,61,9.0,Sunny,1016
2018-12-20,Los Angeles,AZ,38.0,13.4,45,24.1,Cloudy,1033
2018-12-21,Phoenix,CA,45.4,1.75,56,18.8,Cloudy,1005
2018-12-22,Los Angeles,AZ,42.0,2.15,60,9.6,Rainy,1024
2018-12-23,Phoenix,IL,42.8,5.85,59,19.6,Storm,985
2018-12-24,Los Angeles,NY,40.6,8.23,81,5.4,Cloudy,1013
2018-12-25,New York,TX,31.1,1.87,92,14.1,Rainy,1007
2018-12-26,Houston,IL,34.6,0.92,63,6.7,Sunny,1023
2018-12-27,Chicago,IL,30.4,1.68,60,19.6,Sunny,998
2018-12-28,Phoenix,TX,36.0,5.02,81,1.9,Sunny,981
2018-12-29,Los Angeles,NY,30.1,3.09,77,9.2,Sunny,1017
2018-12-30,Phoenix,CA,32.9,0.13,56,2.2,Rainy,983
2018-12-31,Houston,CA,36.9,6.27,94,19.7,Sunny,1000
2019-01-01,Los Angeles,NY,39.0,3.32,44,2.2,Sunny,1032
2019-01-02,Phoenix,NY,40.1,1.11,63,6.2,Storm,1011
2019-01-03,Phoenix,NY,40.4,1.18,68,11.7,Snow,1009
2019-01-04,Houston,IL,40.2,1.19,88,2.8,Sunny,988
2019-01-05,Chicago,AZ,28.3,5.48,63,5.9,Rainy,996
2019-01-06,Phoenix,TX,37.6,0.45,85,17.2,Rainy,983
2019-01-07,New York,CA,40.9,0.06,69,10.7,Rainy,1033
2019-01-08,Los Angeles,IL,32.5,5.19,71,18.8,Sunny,986
2019-01-09,Chicago,CA,40.2,0.99,64,10.3,Cloudy,1013
2019-01-10,New York,TX,49.3,1.38,41,20.1,Snow,1014
2019-01-11,Chicago,IL,42.9,4.4,33,23.1,Rainy,1025
2019-01-12,Los Angeles,CA,50.7,2.7,75,12.4,Rainy,990
2019-01-13,Chicago,CA,35.1,0.04,42,7.1,Cloudy,1019
2019-01-14,Phoenix,CA,38.6,2.26,87,8.3,Cloudy,1013
2019-01-15,Houston,TX,46.0,3.07,45,4.3,Rainy,994
2019-01-16,New York,IL,41.4,0.27,74,16.0,Sunny,990
2019-01-17,Chicago,TX,33.7,1.48,62,1.7,Sunny,1011
2019-01-18,Phoenix,AZ,39.6,3.48,51,1.8,Sunny,1031
2019-01-19,Phoenix,TX,33.1,2.56,61,24.4,Rainy,1011
2019-01-20,New York,AZ,42.2,0.02,57,1.8,Sunny,992
2019-01-21,Los Angeles,NY,41.1,2.76,83,11.5,Rainy,985
2019-01-22,Houston,NY,36.4,1.01,38,14.2,Storm,992
2019-01-23,Phoenix,TX,43.7,4.7,79,24.0,Rainy,1004
2019-01-24,Phoenix,CA,30.1,7.99,64,24.1,Cloudy,986
2019-01-25,Los Angeles,AZ,35.6,2.01,37,14.2,Cloudy,1015
2019-01-26,Los Angeles,CA,41.4,4.88,91,1.5,Rainy,989
2019-01-27,Phoenix,AZ,38.1,3.69,89,21.1,Cloudy,990
2019-01-28,Houston,CA,40.7,3.17,75,18.6,Snow,984
2019-01-29,Phoenix,AZ,39.0,0.72,89,13.3,Sunny,1008
2019-01-30,Chicago,IL,39.8,0.58,41,17.6,Storm,996
2019-01-31,Chicago,IL,42.7,1.38,41,23.5,Sunny,1013
2019-02-01,Chicago,AZ,40.6,4.94,49,11.5,Rainy,1029
2019-02-02,Phoenix,NY,35.3,1.99,84,4.0,Storm,1001
2019-02-03,Phoenix,AZ,44.4,0.4,64,13.2,Cloudy,1015
2019-02-04,Phoenix,AZ,37.6,0.28,61,6.9,Rainy,984
2019-02-05,Chicago,IL,47.1,0.95,58,16.0,Sunny,991
2019-02-06,Phoenix,IL,34.7,8.89,92,7.2,Storm,1000
2019-02-07,Phoenix,IL,41.3,2.55,74,2.3,Rainy,1026
2019-02-08,Los Angeles,TX,42.1,9.3,42,24.9,Cloudy,995
2019-02-09,Phoenix,IL,33.8,5.17,44,20.8,Rainy,994
2019-02-10,Houston,CA,44.5,2.33,73,6.7,Rainy,996
2019-02-11,Chicago,TX,39.6,14.21,47,9.7,Cloudy,983
2019-02-12,Chicago,AZ,39.8,5.61,71,14.9,Cloudy,1034
2019-02-13,Chicago,NY,43.9,3.8,62,4.5,Sunny,1022
2019-02-14,Chicago,AZ,37.7,1.09,45,4.3,Sunny,1004
2019-02-15,Chicago,AZ,41.6,0.99,47,12.7,Cloudy,1003
2019-02-16,Houston,NY,34.3,1.54,67,6.1,Rainy,1014
2019-02-17,Phoenix,CA,34.6,6.69,71,17.5,Cloudy,1028
2019-02-18,Houston,TX,38.5,19.55,86,8.8,Rainy,1028
2019-02-19,Houston,CA,40.6,4.15,38,17.0,Cloudy,1033
2019-02-20,Houston,NY,39.7,1.75,76,24.3,Rainy,999
2019-02-21,Chicago,CA,33.9,6.65,68,13.9,Sunny,1004
2019-02-22,Chicago,NY,42.8,0.15,89,14.0,Sunny,999
2019-02-23,Phoenix,CA,37.9,0.61,43,2.3,Cloudy,995
2019-02-24,Los Angeles,IL,28.4,7.33,78,17.3,Rainy,1008
2019-02-25,Los Angeles,NY,31.6,2.26,93,15.8,Cloudy,1016
2019-02-26,Phoenix,TX,25.2,1.23,71,13.9,Storm,999
2019-02-27,Los Angeles,TX,39.3,1.33,79,4.2,Cloudy,1034
2019-02-28,Chicago,CA,28.6,0.71,33,19.3,Storm,987
2019-03-01,New York,TX,35.8,9.99,68,8.1,Sunny,1011
2019-03-02,Phoenix,CA,40.4,1.2,46,25.0,Sunny,1020
2019-03-03,Houston,NY,32.9,9.4,70,17.2,Cloudy,1025
2019-03-04,Chicago,AZ,25.9,3.22,35,3.3,Cloudy,1016
2019-03-05,Chicago,AZ,36.7,0.8,48,5.8,Sunny,989
2019-03-06,New York,CA,24.7,7.14,85,6.6,Sunny,985
2019-03-07,Los Angeles,NY,29.1,3.59,89,2.7,Cloudy,1008
2019-03-08,Los Angeles,CA,34.8,1.11,59,4.1,Cloudy,1002
2019-03-09,Phoenix,NY,20.1,0.94,39,22.0,Cloudy,1028
2019-03-10,New York,NY,29.9,0.1,47,18.3,Sunny,1020
2019-03-11,Chicago,TX,24.1,1.05,35,11.5,Sunny,1033
2019-03-12,Los Angeles,CA,22.7,2.63,59,2.7,Storm,1019
2019-03-13,New York,TX,26.1,15.47,55,7.1,Storm,1026
2019-03-14,New York,AZ,31.7,0.53,31,12.2,Rainy,995
2019-03-15,Houston,NY,19.3,1.49,66,15.2,Sunny,1020
2019-03-16,Houston,IL,22.0,1.42,77,24.8,Cloudy,1005
2019-03-17,New York,AZ,31.6,6.2,49,1.1,Storm,1025
2019-03-18,Chicago,CA,30.0,4.04,77,7.2,Sunny,997
2019-03-19,New York,CA,31.8,5.27,94,19.2,Sunny,1001
2019-03-20,Chicago,AZ,23.0,1.08,32,12.4,Sunny,1022
2019-03-21,Chicago,AZ,29.6,1.05,88,7.9,Rainy,1006
2019-03-22,New York,CA,29.4,2.58,42,24.2,Sunny,986
2019-03-23,Los Angeles,NY,23.6,0.78,37,11.2,Sunny,999
2019-03-24,New York,IL,29.3,0.59,74,5.8,Storm,1024
2019-03-25,Phoenix,IL,32.5,7.74,60,12.0,Storm,982
2019-03-26,Phoenix,AZ,19.2,2.58,38,8.7,Rainy,991
2019-03-27,Houston,NY,22.2,1.02,83,16.9,Sunny,996
2019-03-28,Chicago,TX,21.1,3.3,55,22.9,Rainy,986
2019-03-29,Chicago,NY,14.5,0.81,40,3.4,Cloudy,1031
2019-03-30,Phoenix,CA,24.4,3.57,78,22.8,Cloudy,1026
2019-03-31,Los Angeles,IL,18.9,1.32,74,21.0,Storm,1024
2019-04-01,Phoenix,NY,17.1,1.06,39,10.0,Cloudy,1032
2019-04-02,Los Angeles,CA,22.5,8.1,48,24.3,Rainy,987
2019-04-03,Phoenix,IL,24.4,0.48,36,1.7,Sunny,1034
2019-04-04,Phoenix,NY,17.9,1.44,84,9.7,Rainy,1015
2019-04-05,Houston,IL,16.3,9.98,90,12.3,Storm,999
2019-04-06,Houston,TX,21.5,8.34,94,6.6,Storm,1013
2019-04-07,Los Angeles,NY,28.2,0.05,45,2.2,Sunny,1034
2019-04-08,Chicago,AZ,18.8,0.64,91,13.3,Rainy,1026
2019-04-09,Phoenix,CA,26.0,3.48,89,14.8,Sunny,1026
2019-04-10,New York,TX,14.8,7.05,94,2.6,Rainy,986
2019-04-11,New York,IL,14.3,2.05,93,8.3,Rainy,980
2019-04-12,New York,IL,21.0,0.76,78,20.1,Sunny,988
2019-04-13,Los Angeles,CA,15.8,3.77,53,21.9,Rainy,984
2019-04-14,Chicago,TX,10.3,0.61,79,5.6,Cloudy,996
2019-04-15,Chicago,CA,10.5,2.99,54,8.4,Storm,990
2019-04-16,Houston,AZ,19.8,8.13,86,17.4,Rainy,1016
2019-04-17,Houston,IL,20.4,0.43,56,17.6,Sunny,980
2019-04-18,Chicago,TX,24.0,4.87,55,13.2,Cloudy,985
2019-04-19,New York,CA,15.0,3.79,41,13.2,Sunny,1025
2019-04-20,Phoenix,AZ,12.4,8.53,90,20.3,Rainy,1002
2019-04-21,Houston,IL,18.9,4.19,58,12.8,Storm,1019
2019-04-22,Chicago,CA,19.6,1.08,66,21.9,Snow,996
2019-04-23,Houston,AZ,20.1,0.23,68,20.8,Rainy,1022
2019-04-24,Phoenix,TX,22.4,0.09,84,20.1,Cloudy,1031
2019-04-25,New York,IL,21.1,1.07,73,16.4,Storm,995
2019-04-26,Houston,AZ,22.0,4.5,92,16.8,Sunny,1033
2019-04-27,Phoenix,IL,26.0,9.59,30,18.4,Rainy,984
2019-04-28,New York,IL,14.6,0.3,40,21.1,Rainy,1009
2019-04-29,New York,TX,22.5,1.69,89,17.8,Cloudy,987
2019-04-30,New York,NY,32.9,0.06,58,12.0,Storm,1018
2019-05-01,Houston,AZ,25.0,7.93,46,24.9,Cloudy,984
2019-05-02,Chicago,CA,16.8,8.8,30,19.3,Sunny,993
2019-05-03,Phoenix,TX,26.7,3.44,76,13.2,Sunny,1019
2019-05-04,Los Angeles,AZ,32.8,4.2,66,16.1,Rainy,1003
2019-05-05,New York,NY,23.3,10.32,90,17.0,Rainy,1010
2019-05-06,Phoenix,CA,26.2,1.37,70,24.4,Cloudy,1030
2019-05-07,Houston,TX,23.9,1.71,31,18.3,Cloudy,1028
2019-05-08,Chicago,IL,21.5,0.59,39,24.4,Sunny,1014
2019-05-09,New York,AZ,34.0,2.19,59,12.8,Rainy,1010
2019-05-10,Phoenix,CA,29.5,2.41,84,17.4,Rainy,1023
2019-05-11,Los Angeles,NY,32.7,0.63,70,3.8,Rainy,1021
2019-05-12,Houston,NY,28.7,0.14,58,11.2,Cloudy,996
2019-05-13,Houston,TX,27.7,2.78,87,24.3,Sunny,980
2019-05-14,New York,CA,32.3,3.37,71,23.3,Rainy,1001
2019-05-15,Los Angeles,IL,29.0,7.5,84,6.8,Cloudy,1001
2019-05-16,Chicago,NY,29.8,4.74,90,4.1,Cloudy,1025
2019-05-17,Houston,NY,24.7,2.84,34,22.4,Rainy,1014
2019-05-18,New York,AZ,22.7,2.05,68,4.9,Cloudy,1024
2019-05-19,Chicago,CA,28.0,0.52,65,8.2,Storm,1031
2019-05-20,New York,CA,29.3,3.7,33,9.9,Sunny,1002
2019-05-21,New York,TX,21.8,2.51,62,5.7,Cloudy,1025
2019-05-22,Phoenix,CA,25.7,2.1,93,19.5,Sunny,996
2019-05-23,Chicago,IL,20.9,0.82,55,25.0,Storm,1003
2019-05-24,Chicago,CA,30.1,3.54,90,3.0,Storm,1008
2019-05-25,Houston,AZ,28.0,12.0,53,11.3,Snow,990
2019-05-26,Houston,AZ,19.2,4.74,37,1.6,Rainy,981
2019-05-27,Houston,AZ,22.4,6.27,90,6.5,Rainy,989
2019-05-28,New York,TX,24.8,0.64,92,5.9,Sunny,990
2019-05-29,New York,TX,15.6,1.36,78,4.5,Storm,1006
2019-05-30,Los Angeles,NY,28.7,10.01,77,14.1,Cloudy,990
2019-05-31,Los Angeles,IL,21.5,1.1,72,22.9,Rainy,1002
2019-06-01,Phoenix,TX,15.4,0.66,61,23.1,Cloudy,1020
2019-06-02,Phoenix,AZ,19.1,0.29,79,1.5,Sunny,1000
2019-06-03,Chicago,NY,14.3,0.97,47,18.2,Storm,1021
2019-06-04,Los Angeles,TX,10.5,1.02,41,19.1,Storm,985
2019-06-05,New York,AZ,12.1,2.41,48,16.4,Cloudy,981
2019-06-06,Chicago,NY,10.7,1.63,66,16.7,Sunny,993
2019-06-07,Los Angeles,NY,4.8,2.38,42,3.9,Sunny,984
2019-06-08,Houston,TX,17.9,1.0,87,23.4,Cloudy,1028
2019-06-09,Chicago,IL,10.1,0.99,88,24.6,Cloudy,1007
2019-06-10,Chicago,CA,6.5,1.38,90,8.3,Rainy,1028
2019-06-11,Phoenix,NY,10.9,2.95,35,21.5,Sunny,1033
2019-06-12,Los Angeles,AZ,4.4,1.27,50,24.7,Rainy,981
2019-06-13,Chicago,CA,14.2,0.75,66,16.7,Sunny,1018
2019-06-14,Phoenix,AZ,7.6,0.57,53,15.3,Sunny,1033
2019-06-15,Phoenix,CA,6.4,2.13,85,19.9,Rainy,991
2019-06-16,Chicago,AZ,16.5,7.7,57,6.2,Cloudy,1015
2019-06-17,Houston,TX,11.1,0.99,50,13.0,Rainy,1027
2019-06-18,Los Angeles,NY,14.8,0.86,75,22.5,Rainy,1016
2019-06-19,Los Angeles,CA,15.0,3.7,79,7.2,Cloudy,1008
2019-06-20,New York,NY,13.2,0.87,89,20.8,Rainy,1016
2019-06-21,Houston,CA,10.1,1.5,67,22.9,Sunny,982
2019-06-22,Los Angeles,AZ,7.3,1.06,52,15.2,Storm,991
2019-06-23,Los Angeles,TX,5.9,5.16,32,23.1,Cloudy,1008
2019-06-24,New York,AZ,3.8,1.53,52,20.4,Rainy,1022
2019-06-25,Chicago,TX,3.5,5.63,54,14.0,Storm,1015
2019-06-26,Los Angeles,NY,1.2,6.65,37,23.6,Cloudy,990
2019-06-27,Chicago,NY,1.2,4.8,89,12.1,Sunny,992
2019-06-28,New York,AZ,-3.4,3.57,73,16.9,Sunny,1004
2019-06-29,Chicago,AZ,6.8,0.11,92,14.9,Storm,999
2019-06-30,Chicago,CA,4.9,0.51,76,16.9,Rainy,1008
2019-07-01,Houston,IL,-0.1,1.41,76,3.5,Snow,1034
2019-07-02,Phoenix,AZ,3.7,2.14,40,13.1,Rainy,1010
2019-07-03,Phoenix,AZ,9.5,1.88,32,13.9,Sunny,1000
2019-07-04,New York,IL,5.8,3.31,41,17.4,Sunny,1029
2019-07-05,New York,NY,6.6,0.5,60,7.5,Cloudy,1014
2019-07-06,Phoenix,IL,7.9,2.66,89,20.8,Storm,993
2019-07-07,Chicago,CA,5.4,0.97,37,9.8,Storm,1034
2019-07-08,Phoenix,NY,-0.7,2.49,79,24.0,Sunny,1028
2019-07-09,Chicago,TX,10.4,13.33,76,21.4,Rainy,998
2019-07-10,Los Angeles,IL,3.3,9.06,80,14.1,Rainy,1025
2019-07-11,Chicago,TX,-0.4,0.71,61,24.7,Storm,1026
2019-07-12,New York,IL,-3.7,0.36,84,21.6,Cloudy,1018
2019-07-13,Chicago,NY,1.4,3.1,49,19.3,Cloudy,1011
2019-07-14,New York,NY,12.3,1.94,61,23.7,Sunny,1024
2019-07-15,Chicago,AZ,3.2,9.11,30,6.9,Sunny,1020
2019-07-16,Chicago,AZ,4.2,0.09,46,13.4,Rainy,1020
2019-07-17,Chicago,TX,5.9,1.04,80,19.6,Sunny,1004
2019-07-18,New York,CA,-1.0,1.85,68,17.0,Sunny,1008
2019-07-19,Chicago,TX,-3.8,1.06,85,10.2,Sunny,998
2019-07-20,New York,CA,4.6,7.58,31,5.0,Storm,1027
2019-07-21,Los Angeles,IL,-3.4,2.51,67,8.8,Cloudy,981
2019-07-22,Houston,CA,4.5,3.15,33,2.2,Sunny,1012
2019-07-23,New York,IL,5.1,2.14,88,4.0,Cloudy,1002
2019-07-24,New York,AZ,8.9,3.61,63,12.5,Rainy,994
2019-07-25,New York,CA,-0.8,0.59,40,14.2,Rainy,981
2019-07-26,Los Angeles,IL,2.9,7.2,80,5.2,Cloudy,1031
2019-07-27,Chicago,IL,10.0,1.52,65,14.3,Storm,991
2019-07-28,New York,IL,-0.9,3.45,35,18.2,Cloudy,984
2019-07-29,Phoenix,TX,-4.4,3.99,93,6.5,Sunny,1034
2019-07-30,Phoenix,AZ,-2.9,8.48,92,3.1,Cloudy,1033
2019-07-31,Phoenix,NY,8.4,16.11,55,22.3,Rainy,984
2019-08-01,Houston,TX,7.9,1.14,30,12.4,Rainy,1004
2019-08-02,Phoenix,CA,4.5,8.07,77,19.8,Storm,998
2019-08-03,Chicago,CA,8.9,9.96,69,20.6,Cloudy,982
2019-08-04,Houston,TX,2.0,3.77,62,21.6,Cloudy,999
2019-08-05,Los Angeles,TX,13.3,1.87,60,4.5,Storm,1020
2019-08-06,Chicago,IL,-1.6,17.96,46,11.0,Rainy,1030
2019-08-07,Houston,IL,9.2,0.5,48,12.8,Sunny,1003
2019-08-08,Los Angeles,TX,7.8,2.01,89,11.7,Snow,980
2019-08-09,New York,NY,6.1,0.45,90,6.5,Sunny,1029
2019-08-10,Los Angeles,CA,4.3,5.59,43,5.2,Sunny,982
2019-08-11,Houston,AZ,6.9,14.24,71,10.6,Sunny,1032
2019-08-12,Houston,IL,5.2,2.83,57,7.4,Cloudy,993
2019-08-13,Phoenix,AZ,7.1,0.69,53,20.0,Rainy,1009
2019-08-14,Chicago,IL,11.4,1.01,46,17.0,Cloudy,1007
2019-08-15,Houston,IL,11.9,0.0,38,18.3,Storm,988
2019-08-16,Chicago,IL,7.5,0.14,81,15.1,Storm,1010
2019-08-17,Los Angeles,NY,11.8,0.25,84,4.9,Sunny,983
2019-08-18,Phoenix,NY,8.8,8.23,58,24.7,Sunny,1029
2019-08-19,Los Angeles,IL,13.5,5.62,61,4.9,Rainy,981
2019-08-20,Los Angeles,TX,8.8,3.0,79,14.0,Sunny,1014
2019-08-21,New York,AZ,12.4,0.52,87,21.6,Sunny,1023
2019-08-22,New York,CA,12.6,0.51,66,18.7,Rainy,1009
2019-08-23,Los Angeles,NY,11.8,0.35,57,9.4,Rainy,1009
2019-08-24,New York,IL,2.3,1.44,30,16.6,Rainy,1023
2019-08-25,Houston,AZ,10.1,3.33,41,21.0,Sunny,1020
2019-08-26,Los Angeles,IL,16.9,1.35,63,5.6,Sunny,991
2019-08-27,Los Angeles,CA,10.0,2.59,47,20.6,Rainy,1002
2019-08-28,Phoenix,NY,3.8,2.76,78,1.6,Sunny,1022
2019-08-29,Phoenix,NY,4.3,2.02,52,12.5,Rainy,1033
2019-08-30,Los Angeles,CA,1.7,2.56,60,7.1,Rainy,1029
2019-08-31,Houston,TX,1.4,2.74,77,16.1,Sunny,1009
2019-09-01,Phoenix,AZ,0.2,6.76,53,22.6,Sunny,1017
2019-09-02,Chicago,AZ,13.1,0.49,93,12.5,Cloudy,1034
2019-09-03,Chicago,NY,1.1,3.19,67,21.5,Storm,1003
2019-09-04,Los Angeles,CA,3.7,1.67,78,6.0,Cloudy,1026
2019-09-05,Phoenix,CA,7.2,0.03,65,9.6,Cloudy,999
2019-09-06,Phoenix,IL,2.2,0.73,85,7.9,Storm,988
2019-09-07,Los Angeles,TX,-0.6,0.66,62,9.1,Rainy,993
2019-09-08,Chicago,NY,11.3,0.48,79,5.9,Rainy,1031
2019-09-09,Phoenix,NY,6.4,0.84,70,22.1,Cloudy,984
2019-09-10,New York,CA,3.3,0.56,83,10.0,Rainy,1011
2019-09-11,Houston,CA,4.2,3.21,73,4.0,Sunny,1013
2019-09-12,Chicago,AZ,11.5,6.85,68,10.2,Cloudy,1009
2019-09-13,New York,CA,-1.8,1.72,53,24.0,Sunny,996
2019-09-14,Chicago,NY,9.9,5.32,90,20.3,Rainy,989
2019-09-15,Chicago,AZ,-2.9,5.43,61,12.2,Rainy,1009
2019-09-16,Chicago,IL,6.4,1.07,40,5.4,Sunny,1024
2019-09-17,Chicago,TX,7.8,1.5,40,5.7,Rainy,1007
2019-09-18,Phoenix,IL,8.9,3.0,41,24.3,Sunny,1015
2019-09-19,Houston,AZ,4.0,0.55,75,8.2,Rainy,1014
2019-09-20,New York,IL,6.6,5.32,91,1.4,Cloudy,1016
2019-09-21,Chicago,TX,-1.9,3.47,52,1.7,Sunny,988
2019-09-22,New York,AZ,2.3,3.61,31,3.0,Sunny,1014
2019-09-23,Houston,TX,4.7,3.42,70,21.4,Sunny,1004
2019-09-24,Chicago,IL,16.0,1.26,72,17.3,Storm,981
2019-09-25,New York,CA,10.7,0.26,72,11.1,Sunny,997
2019-09-26,Houston,TX,17.8,0.15,38,15.1,Rainy,985
2019-09-27,New York,CA,3.1,2.5,43,2.1,Sunny,1025
2019-09-28,Los Angeles,IL,7.7,0.1,42,7.3,Cloudy,982
2019-09-29,Los Angeles,CA,4.0,0.04,50,21.1,Sunny,997
2019-09-30,Phoenix,AZ,-1.7,1.83,35,7.5,Storm,1022
2019-10-01,New York,IL,9.3,0.4,43,16.6,Sunny,984
2019-10-02,New York,IL,1.0,4.7,91,8.6,Rainy,996
2019-10-03,Chicago,IL,15.2,3.88,80,20.8,Sunny,1006
2019-10-04,Houston,IL,6.7,5.3,70,3.3,Storm,995
2019-10-05,Chicago,NY,8.3,2.26,55,11.1,Cloudy,986
2019-10-06,New York,TX,4.3,4.61,62,4.3,Sunny,1020
2019-10-07,Los Angeles,IL,4.5,6.38,76,2.4,Rainy,1023
2019-10-08,Houston,CA,7.9,1.85,66,23.6,Sunny,1024
2019-10-09,Houston,TX,-1.9,1.35,57,12.4,Cloudy,1024
2019-10-10,New York,AZ,7.8,0.5,52,17.8,Rainy,993
2019-10-11,Los Angeles,IL,3.6,2.43,32,9.9,Rainy,984
2019-10-12,Chicago,TX,3.1,2.21,93,1.0,Sunny,983
2019-10-13,Houston,IL,5.9,1.59,93,7.1,Cloudy,1002
2019-10-14,Phoenix,TX,0.1,1.36,79,4.1,Rainy,984
2019-10-15,New York,TX,4.1,1.79,47,2.6,Sunny,1008
2019-10-16,Houston,TX,-4.5,0.51,55,3.8,Sunny,1028
2019-10-17,Houston,TX,-3.6,15.71,63,10.4,Sunny,1012
2019-10-18,New York,TX,2.9,1.56,88,24.2,Cloudy,1005
2019-10-19,New York,TX,2.4,5.78,38,21.0,Storm,1008
2019-10-20,Phoenix,IL,4.5,6.87,54,24.1,Rainy,990
2019-10-21,Phoenix,AZ,9.1,3.29,41,23.7,Rainy,1016
2019-10-22,Phoenix,CA,2.5,1.73,75,3.1,Sunny,997
2019-10-23,Houston,TX,3.3,1.34,45,14.2,Sunny,984
2019-10-24,Los Angeles,AZ,9.2,3.51,51,24.8,Rainy,1022
2019-10-25,New York,TX,-2.4,0.81,90,4.4,Sunny,982
2019-10-26,New York,TX,8.2,3.52,76,9.6,Storm,1009
2019-10-27,New York,TX,3.4,1.46,52,14.0,Cloudy,1019
2019-10-28,Los Angeles,CA,12.3,4.01,55,16.8,Storm,1005
2019-10-29,Chicago,IL,5.6,1.62,69,8.5,Cloudy,1025
2019-10-30,Phoenix,NY,4.4,2.16,44,18.1,Sunny,983
2019-10-31,Phoenix,IL,2.2,0.9,60,1.3,Cloudy,1007
2019-11-01,Houston,IL,5.8,1.5,71,1.1,Storm,1033
2019-11-02,Houston,TX,-1.1,0.82,47,20.1,Rainy,1009
2019-11-03,Houston,IL,2.2,2.16,68,12.8,Cloudy,1028
2019-11-04,Phoenix,NY,9.6,2.74,81,2.8,Rainy,1002
2019-11-05,Chicago,NY,3.5,2.59,54,21.9,Sunny,1025
2019-11-06,Phoenix,TX,7.7,7.27,46,21.0,Cloudy,1016
2019-11-07,Phoenix,AZ,6.0,3.61,94,9.6,Cloudy,982
2019-11-08,Phoenix,CA,20.3,2.21,77,1.4,Rainy,1015
2019-11-09,Chicago,TX,17.8,1.75,87,15.9,Cloudy,996
2019-11-10,New York,CA,6.7,2.43,54,18.9,Sunny,1020
2019-11-11,Phoenix,IL,15.5,3.35,59,8.5,Rainy,1006
2019-11-12,Chicago,IL,15.7,4.32,45,14.4,Sunny,1011
2019-11-13,Houston,IL,7.3,0.65,63,21.3,Rainy,997
2019-11-14,Houston,CA,7.6,0.26,87,13.5,Rainy,1006
2019-11-15,Chicago,IL,19.5,1.4,56,8.9,Rainy,1003
2019-11-16,Los Angeles,TX,10.1,7.41,40,15.9,Storm,1019
2019-11-17,Chicago,IL,14.2,1.68,72,23.0,Storm,1031
2019-11-18,Houston,TX,11.8,2.68,76,16.0,Cloudy,985
2019-11-19,Chicago,NY,10.7,1.55,88,19.5,Rainy,1017
2019-11-20,Chicago,IL,19.3,0.56,94,1.6,Snow,982
2019-11-21,Phoenix,NY,23.4,5.97,94,5.7,Rainy,1021
2019-11-22,Chicago,AZ,21.1,0.49,86,20.6,Rainy,1030
2019-11-23,Chicago,AZ,17.5,0.61,93,8.6,Sunny,999
2019-11-24,Houston,AZ,18.6,0.93,31,9.2,Rainy,1025
2019-11-25,Chicago,CA,19.9,9.48,93,18.1,Snow,986
2019-11-26,Houston,TX,19.2,1.13,89,1.3,Cloudy,1007
2019-11-27,New York,NY,28.5,3.27,36,24.8,Sunny,984
2019-11-28,Phoenix,CA,30.7,3.82,55,12.1,Sunny,1021
2019-11-29,Los Angeles,AZ,31.3,1.45,33,3.3,Cloudy,1007
2019-11-30,Los Angeles,NY,27.4,4.76,43,3.9,Cloudy,999
2019-12-01,Phoenix,AZ,23.4,1.8,86,12.1,Rainy,1003
2019-12-02,Los Angeles,AZ,22.1,0.62,51,11.0,Sunny,993
2019-12-03,Los Angeles,TX,28.2,3.17,62,2.2,Rainy,995
2019-12-04,Los Angeles,AZ,28.2,1.3,70,6.4,Sunny,1023
2019-12-05,Phoenix,NY,25.2,0.05,59,1.6,Storm,996
2019-12-06,Chicago,NY,15.9,5.3,38,9.9,Rainy,1017
2019-12-07,New York,AZ,21.9,1.93,49,14.7,Sunny,994
2019-12-08,Phoenix,AZ,12.4,0.81,33,18.5,Sunny,1011
2019-12-09,Houston,TX,16.3,7.44,93,11.9,Cloudy,1014
2019-12-10,Phoenix,NY,12.2,17.18,36,2.4,Sunny,1003
2019-12-11,Houston,TX,17.3,1.16,41,13.5,Sunny,988
2019-12-12,Phoenix,AZ,14.3,0.16,70,14.1,Sunny,1031
2019-12-13,Chicago,AZ,12.5,12.43,78,8.6,Cloudy,987
2019-12-14,Houston,CA,16.3,2.56,61,8.3,Sunny,1017
2019-12-15,Los Angeles,TX,10.2,5.11,72,11.9,Rainy,982
2019-12-16,Phoenix,NY,19.6,2.56,45,11.6,Rainy,986
2019-12-17,Chicago,NY,11.9,3.8,75,10.8,Sunny,1028
2019-12-18,Phoenix,TX,14.5,5.2,66,14.6,Rainy,1019
2019-12-19,Chicago,AZ,8.6,1.28,71,22.0,Sunny,1004
2019-12-20,Phoenix,CA,17.9,1.53,70,6.6,Sunny,1034
2019-12-21,Phoenix,TX,12.1,3.46,42,20.3,Cloudy,1034
2019-12-22,Chicago,NY,12.1,23.36,91,15.8,Cloudy,998
2019-12-23,Phoenix,IL,13.8,2.97,34,9.9,Cloudy,1010
2019-12-24,Phoenix,AZ,15.4,2.24,88,12.7,Cloudy,984
2019-12-25,Houston,IL,13.3,0.75,63,2.0,Cloudy,1033
2019-12-26,Phoenix,TX,13.2,1.33,54,20.9,Rainy,988
2019-12-27,Chicago,NY,25.2,1.56,84,23.7,Sunny,1011
2019-12-28,Houston,AZ,16.2,4.18,94,4.1,Sunny,1028
2019-12-29,New York,CA,16.7,1.2,40,3.3,Sunny,1012
2019-12-30,Chicago,AZ,16.6,2.86,53,24.3,Rainy,982
2019-12-31,New York,CA,21.2,7.08,93,20.0,Cloudy,1031
2020-01-01,Phoenix,TX,21.3,0.16,55,19.9,Sunny,1019
2020-01-02,Los Angeles,IL,17.5,3.05,81,3.4,Storm,1028
2020-01-03,Phoenix,IL,14.8,2.87,38,2.5,Rainy,983
2020-01-04,New York,TX,20.6,3.89,86,4.0,Storm,1009
2020-01-05,New York,TX,5.7,2.11,66,11.7,Rainy,983
2020-01-06,New York,IL,5.6,0.27,56,21.3,Sunny,981
2020-01-07,Chicago,AZ,5.4,1.79,65,19.1,Sunny,1004
2020-01-08,Houston,AZ,9.7,0.44,72,19.5,Rainy,1002
2020-01-09,Houston,CA,2.6,5.32,42,21.2,Cloudy,990
2020-01-10,Los Angeles,TX,1.0,3.82,46,16.7,Storm,983
2020-01-11,Chicago,CA,14.9,1.0,50,17.6,Storm,1006
2020-01-12,New York,TX,5.6,1.63,94,21.2,Sunny,1011
2020-01-13,New York,CA,-0.6,0.71,82,4.1,Sunny,1014
2020-01-14,Houston,AZ,9.1,0.57,91,4.0,Rainy,984
2020-01-15,Chicago,NY,-1.0,3.03,36,20.6,Rainy,1004
2020-01-16,Houston,NY,2.3,0.24,49,2.7,Sunny,997
2020-01-17,Houston,NY,6.5,1.23,30,6.0,Sunny,1007
2020-01-18,Los Angeles,NY,3.8,3.98,30,18.6,Sunny,1007
2020-01-19,New York,NY,7.1,8.22,72,6.3,Rainy,1003
2020-01-20,Los Angeles,AZ,4.4,1.15,33,21.7,Storm,1004
2020-01-21,Houston,TX,6.4,1.33,57,21.8,Cloudy,989
2020-01-22,Chicago,TX,10.7,4.7,73,9.8,Sunny,1023
2020-01-23,Houston,TX,0.4,3.71,58,19.1,Storm,1001
2020-01-24,New York,TX,11.5,0.55,65,18.7,Cloudy,984
2020-01-25,Houston,TX,10.9,0.2,74,8.3,Rainy,1020
2020-01-26,Los Angeles,CA,8.2,0.33,87,9.5,Cloudy,991
2020-01-27,Phoenix,CA,9.7,3.48,51,20.9,Sunny,1024
2020-01-28,New York,TX,3.7,0.26,40,3.6,Rainy,1025
2020-01-29,Phoenix,NY,13.2,0.37,55,22.1,Rainy,1010
2020-01-30,Los Angeles,NY,2.9,3.49,74,3.6,Rainy,1017
2020-01-31,Chicago,TX,6.8,7.64,30,18.4,Sunny,997
2020-02-01,Houston,IL,6.6,0.9,71,13.3,Sunny,1007
2020-02-02,Los Angeles,AZ,9.2,3.99,76,22.1,Rainy,1004
2020-02-03,Chicago,NY,10.7,5.24,65,11.7,Sunny,1002
2020-02-04,Phoenix,CA,11.6,15.43,71,23.7,Sunny,1024
2020-02-05,Houston,TX,2.7,8.22,85,1.5,Sunny,1030
2020-02-06,Houston,NY,8.1,4.95,85,7.5,Cloudy,987
2020-02-07,Chicago,CA,-2.3,9.27,94,24.5,Rainy,1027
2020-02-08,New York,NY,5.5,0.91,76,13.8,Rainy,1015
2020-02-09,Phoenix,NY,0.3,5.59,50,3.8,Sunny,999
2020-02-10,Phoenix,IL,5.3,5.96,51,1.1,Rainy,987
2020-02-11,Los Angeles,TX,1.3,0.21,89,24.2,Sunny,1022
2020-02-12,Chicago,NY,11.2,1.45,71,1.8,Sunny,1018
2020-02-13,New York,NY,7.2,3.26,42,6.3,Sunny,1009
2020-02-14,Phoenix,NY,13.2,1.15,55,17.7,Sunny,994
2020-02-15,Chicago,IL,8.5,1.59,86,23.1,Rainy,985
2020-02-16,New York,TX,7.1,2.48,56,4.6,Snow,989
2020-02-17,New York,NY,9.7,1.0,75,5.8,Sunny,998
2020-02-18,Chicago,TX,10.3,5.11,45,18.2,Rainy,1007
2020-02-19,Phoenix,AZ,12.3,1.63,76,13.0,Sunny,1017
2020-02-20,Houston,TX,8.4,4.88,50,11.4,Sunny,988
2020-02-21,Los Angeles,TX,6.7,2.35,66,12.1,Cloudy,996
2020-02-22,Chicago,AZ,-0.2,16.97,33,9.3,Sunny,1027
2020-02-23,Chicago,AZ,6.5,6.6,70,7.2,Sunny,991
2020-02-24,Houston,NY,2.1,3.3,78,16.1,Storm,1022
2020-02-25,Phoenix,IL,11.5,4.33,61,2.5,Sunny,1008
2020-02-26,Houston,CA,1.0,1.19,63,7.1,Sunny,1032
2020-02-27,Los Angeles,IL,5.9,12.22,78,2.8,Sunny,988
2020-02-28,Houston,IL,-0.6,1.09,87,8.4,Cloudy,1033
2020-02-29,New York,TX,3.1,0.19,40,13.3,Rainy,990
2020-03-01,New York,TX,4.1,0.91,61,21.3,Sunny,1020
2020-03-02,Houston,CA,-2.3,0.07,56,11.7,Snow,1026
2020-03-03,New York,NY,2.6,0.47,72,16.2,Sunny,1008
2020-03-04,Phoenix,IL,11.5,10.48,49,21.9,Sunny,1019
2020-03-05,Los Angeles,AZ,1.0,3.06,48,8.8,Cloudy,1018
2020-03-06,New York,CA,4.2,5.11,73,20.5,Cloudy,1002
2020-03-07,New York,CA,8.0,0.55,34,8.9,Cloudy,981
2020-03-08,Los Angeles,IL,4.6,0.24,87,8.6,Cloudy,1000
2020-03-09,Houston,NY,4.5,5.41,30,18.9,Sunny,1006
2020-03-10,Houston,IL,5.1,2.58,73,2.0,Cloudy,993
2020-03-11,Chicago,NY,8.6,9.29,49,20.5,Sunny,1010
2020-03-12,Houston,CA,8.0,5.13,45,25.0,Sunny,996
2020-03-13,Houston,NY,-2.4,1.06,47,12.2,Cloudy,1010
2020-03-14,Phoenix,CA,6.9,0.86,67,12.6,Cloudy,1013
2020-03-15,Houston,NY,2.9,1.63,92,8.9,Rainy,1031
2020-03-16,Phoenix,TX,-1.7,2.59,90,1.5,Snow,1013
2020-03-17,Houston,NY,0.4,4.49,92,15.8,Sunny,992
2020-03-18,Los Angeles,IL,11.4,10.53,62,2.0,Storm,983
2020-03-19,Chicago,TX,-0.6,6.15,50,7.7,Sunny,994
2020-03-20,Houston,AZ,9.3,0.0,41,19.6,Rainy,999
2020-03-21,Phoenix,IL,16.2,1.58,74,13.2,Cloudy,1032
2020-03-22,Los Angeles,IL,15.2,1.39,68,5.7,Rainy,1001
2020-03-23,Chicago,TX,7.1,1.99,33,12.8,Storm,990
2020-03-24,Los Angeles,NY,18.9,1.33,86,9.5,Rainy,1014
2020-03-25,New York,CA,17.6,2.79,92,21.1,Sunny,1000
2020-03-26,Los Angeles,TX,16.7,1.58,41,23.1,Rainy,1002
2020-03-27,New York,CA,5.9,6.35,72,22.2,Sunny,1032
2020-03-28,Houston,TX,17.8,1.43,89,17.5,Snow,1033
2020-03-29,Chicago,CA,20.4,1.56,92,22.6,Storm,1008
2020-03-30,Phoenix,CA,18.3,0.15,41,14.2,Cloudy,1028
2020-03-31,New York,TX,8.9,1.15,44,13.7,Cloudy,1013
2020-04-01,Phoenix,NY,5.9,7.02,88,4.7,Rainy,1031
2020-04-02,New York,AZ,12.1,6.26,80,23.5,Cloudy,997
2020-04-03,Phoenix,IL,7.2,2.78,75,8.3,Sunny,1021
2020-04-04,New York,NY,13.9,3.14,74,23.2,Rainy,986
2020-04-05,Los Angeles,IL,1.4,4.96,30,22.5,Cloudy,982
2020-04-06,Phoenix,TX,3.2,0.39,56,24.8,Cloudy,991
2020-04-07,Chicago,IL,1.1,5.53,85,2.0,Cloudy,993
2020-04-08,Chicago,CA,3.4,1.27,87,13.5,Rainy,997
2020-04-09,Los Angeles,NY,5.3,4.94,85,2.8,Sunny,1027
2020-04-10,New York,AZ,4.7,6.91,77,12.6,Cloudy,1021
2020-04-11,Phoenix,NY,8.4,1.62,94,18.1,Rainy,1026
2020-04-12,Los Angeles,CA,-2.2,1.28,53,20.3,Cloudy,1011
2020-04-13,New York,AZ,-2.9,0.75,47,16.2,Rainy,1020
2020-04-14,New York,AZ,-3.7,6.53,71,18.9,Rainy,998
2020-04-15,Houston,NY,2.8,0.36,65,21.0,Sunny,993
2020-04-16,New York,NY,-0.2,2.71,49,4.4,Rainy,1028
2020-04-17,Houston,AZ,2.3,5.66,71,8.8,Sunny,985
2020-04-18,Chicago,TX,0.3,0.4,53,10.2,Sunny,1020
2020-04-19,Chicago,NY,12.7,1.06,64,7.0,Cloudy,1014
2020-04-20,New York,CA,4.4,0.4,41,16.2,Sunny,1016
2020-04-21,Houston,IL,6.1,0.55,92,24.5,Sunny,1007
2020-04-22,Los Angeles,CA,12.5,7.57,39,22.0,Rainy,988
2020-04-23,Phoenix,NY,7.6,6.77,52,4.0,Rainy,1027
2020-04-24,New York,IL,15.8,0.0,30,14.8,Cloudy,1027
2020-04-25,New York,NY,5.6,0.22,75,23.9,Storm,1012
2020-04-26,Los Angeles,AZ,0.6,2.92,83,11.6,Sunny,1024
2020-04-27,Chicago,NY,13.6,8.46,65,16.0,Sunny,987
2020-04-28,Phoenix,NY,18.8,8.05,87,8.9,Cloudy,1031
2020-04-29,Houston,IL,8.6,0.22,66,17.6,Cloudy,1024
2020-04-30,Houston,CA,15.2,2.83,90,15.6,Rainy,1015
2020-05-01,Phoenix,CA,22.3,1.78,86,18.7,Sunny,1020
2020-05-02,Los Angeles,CA,17.4,4.99,47,2.4,Rainy,995
2020-05-03,Houston,IL,19.4,5.17,55,5.3,Rainy,1010
2020-05-04,Los Angeles,IL,11.7,0.71,60,21.3,Sunny,1000
2020-05-05,Chicago,AZ,13.0,0.46,67,10.2,Cloudy,1008
2020-05-06,Phoenix,IL,12.4,1.67,82,23.7,Cloudy,1028
2020-05-07,Los Angeles,NY,12.8,3.45,58,17.1,Cloudy,996
2020-05-08,Phoenix,AZ,14.8,14.45,92,12.1,Cloudy,1020
2020-05-09,Los Angeles,TX,19.2,0.12,88,22.7,Sunny,984
2020-05-10,Houston,CA,7.4,2.16,49,4.5,Rainy,1013
2020-05-11,Chicago,CA,9.2,0.88,70,4.9,Rainy,1016
2020-05-12,Phoenix,TX,10.7,6.58,32,13.5,Sunny,982
2020-05-13,Chicago,CA,-1.6,0.29,35,5.0,Rainy,1000
2020-05-14,New York,TX,1.9,2.88,45,6.9,Rainy,1026
2020-05-15,Los Angeles,TX,11.7,2.58,53,10.0,Rainy,1003
2020-05-16,New York,TX,-0.7,0.68,62,2.5,Cloudy,993
2020-05-17,New York,AZ,11.0,5.95,62,22.9,Cloudy,1033
2020-05-18,New York,TX,9.1,3.12,89,15.0,Sunny,1021
2020-05-19,New York,IL,6.1,5.18,73,6.5,Storm,1018
2020-05-20,Phoenix,NY,4.3,5.79,57,8.6,Storm,1024
2020-05-21,Phoenix,NY,12.0,1.11,56,11.6,Rainy,1028
2020-05-22,Los Angeles,NY,4.7,12.19,91,4.3,Cloudy,1003
2020-05-23,Phoenix,TX,10.7,4.96,78,10.1,Cloudy,1009
2020-05-24,New York,NY,11.8,1.4,40,15.6,Rainy,982
2020-05-25,New York,IL,0.6,0.97,33,2.5,Sunny,980
2020-05-26,Los Angeles,NY,1.1,1.15,57,6.9,Sunny,1024
2020-05-27,Phoenix,AZ,13.2,0.13,44,12.9,Storm,993
2020-05-28,Phoenix,TX,5.4,3.53,92,12.2,Cloudy,981
2020-05-29,Phoenix,TX,12.3,5.95,71,12.7,Rainy,1028
2020-05-30,Houston,NY,5.3,0.74,59,20.4,Cloudy,1020
2020-05-31,New York,IL,2.0,4.86,75,8.0,Rainy,1007
2020-06-01,Los Angeles,IL,7.8,17.02,93,13.5,Cloudy,1022
2020-06-02,Houston,CA,12.9,2.87,42,8.5,Cloudy,1004
2020-06-03,Los Angeles,CA,13.4,4.61,49,3.4,Sunny,985
2020-06-04,Los Angeles,CA,9.7,2.67,64,16.7,Storm,990
2020-06-05,Los Angeles,NY,4.5,2.23,88,6.0,Sunny,987
2020-06-06,New York,AZ,12.5,1.3,39,19.6,Rainy,1014
2020-06-07,Los Angeles,CA,12.7,1.44,32,3.7,Cloudy,1031
2020-06-08,Phoenix,IL,7.1,5.87,52,21.5,Cloudy,1026
2020-06-09,Phoenix,IL,13.2,4.03,83,19.2,Cloudy,1034
2020-06-10,Los Angeles,AZ,17.2,4.31,72,4.0,Cloudy,1012
2020-06-11,Phoenix,IL,16.3,3.64,65,7.3,Rainy,989
2020-06-12,Phoenix,TX,24.2,0.14,67,19.0,Rainy,1011
2020-06-13,Houston,CA,16.5,14.1,59,8.9,Rainy,1002
2020-06-14,Phoenix,NY,25.8,14.34,32,2.8,Sunny,985
2020-06-15,New York,NY,21.9,4.7,67,8.6,Sunny,1026
2020-06-16,Houston,NY,27.0,5.48,46,24.5,Cloudy,1030
2020-06-17,New York,CA,27.7,0.51,38,16.7,Snow,994
2020-06-18,Phoenix,TX,28.3,7.77,33,7.8,Sunny,981
2020-06-19,Phoenix,AZ,20.6,1.23,57,4.9,Storm,1028
2020-06-20,Los Angeles,CA,29.6,0.3,91,2.6,Snow,989
2020-06-21,New York,AZ,29.3,0.09,41,10.9,Rainy,997
2020-06-22,Los Angeles,AZ,25.5,0.35,32,4.3,Storm,1011
2020-06-23,Phoenix,NY,15.3,0.9,56,2.5,Sunny,1021
2020-06-24,Los Angeles,AZ,19.7,7.53,86,19.5,Cloudy,1014
2020-06-25,Los Angeles,IL,12.5,1.27,79,19.2,Sunny,1019
2020-06-26,Phoenix,TX,23.0,1.11,45,5.2,Sunny,1027
2020-06-27,Phoenix,AZ,14.2,1.41,91,6.0,Sunny,1028
2020-06-28,New York,TX,15.2,1.15,81,10.7,Sunny,1007
2020-06-29,Houston,CA,15.0,0.06,76,4.1,Sunny,988
2020-06-30,Phoenix,IL,20.1,0.07,79,19.8,Cloudy,1019
2020-07-01,Chicago,AZ,19.9,5.04,32,18.1,Sunny,1021
2020-07-02,Houston,CA,24.0,5.44,86,3.6,Storm,982
2020-07-03,Phoenix,TX,23.6,5.11,55,13.9,Snow,1017
2020-07-04,Phoenix,TX,20.8,2.4,59,13.1,Sunny,1018
2020-07-05,New York,TX,24.0,0.11,80,11.7,Rainy,980
2020-07-06,Los Angeles,AZ,26.6,2.55,76,19.6,Rainy,1003
2020-07-07,New York,TX,13.1,0.3,86,3.5,Cloudy,1007
2020-07-08,New York,TX,19.6,1.37,57,12.1,Rainy,993
2020-07-09,New York,TX,19.7,0.07,41,21.4,Rainy,998
2020-07-10,Houston,TX,13.4,0.99,36,8.5,Sunny,1020
2020-07-11,New York,CA,17.0,2.28,38,21.8,Snow,1012
2020-07-12,New York,TX,19.5,1.89,67,19.5,Rainy,982
2020-07-13,Houston,AZ,10.5,2.35,72,3.1,Sunny,983
2020-07-14,Houston,CA,9.4,4.89,49,22.1,Snow,997
2020-07-15,New York,CA,9.4,2.9,67,2.0,Storm,1027
2020-07-16,Los Angeles,NY,10.3,0.77,55,1.6,Rainy,1020
2020-07-17,Phoenix,NY,20.3,1.0,54,17.0,Snow,1018
2020-07-18,New York,CA,17.0,3.7,62,4.4,Rainy,1030
2020-07-19,Los Angeles,AZ,23.4,0.07,39,17.8,Snow,1019
2020-07-20,Los Angeles,TX,27.7,2.98,38,19.7,Cloudy,1012
2020-07-21,New York,AZ,30.0,3.63,85,14.5,Rainy,1012
2020-07-22,Chicago,NY,22.0,4.78,31,1.9,Rainy,1008
2020-07-23,New York,IL,28.2,4.27,89,6.1,Sunny,1010
2020-07-24,Los Angeles,AZ,34.5,2.15,77,3.1,Snow,1016
2020-07-25,New York,TX,20.9,2.07,79,17.1,Cloudy,990
2020-07-26,New York,TX,27.5,6.62,84,9.2,Storm,989
2020-07-27,Houston,CA,24.3,2.02,40,19.7,Rainy,1014
2020-07-28,Phoenix,CA,21.1,2.34,56,19.7,Cloudy,994
2020-07-29,Chicago,AZ,30.6,1.05,84,5.4,Storm,1030
2020-07-30,New York,TX,33.7,0.98,38,10.0,Sunny,997
2020-07-31,Los Angeles,NY,27.5,1.71,74,22.1,Sunny,1000
2020-08-01,Houston,NY,24.7,2.14,48,2.3,Rainy,985
2020-08-02,Chicago,NY,28.5,1.43,48,3.8,Cloudy,1020
2020-08-03,New York,NY,26.0,0.91,55,17.2,Cloudy,1005
2020-08-04,Phoenix,NY,26.2,4.75,32,4.4,Sunny,985
2020-08-05,Houston,TX,27.2,2.72,71,1.7,Snow,1022
2020-08-06,New York,TX,23.5,8.97,75,24.6,Cloudy,1028
2020-08-07,Houston,TX,28.1,0.33,40,17.8,Cloudy,1016
2020-08-08,New York,CA,39.9,2.37,34,19.6,Sunny,1007
2020-08-09,New York,AZ,34.0,1.34,71,18.9,Rainy,999
2020-08-10,Chicago,TX,28.2,1.27,93,11.8,Sunny,998
2020-08-11,Phoenix,AZ,36.8,0.09,35,20.2,Sunny,997
2020-08-12,Phoenix,IL,30.4,1.33,44,15.3,Sunny,1006
2020-08-13,Los Angeles,CA,28.8,1.01,34,8.9,Cloudy,996
2020-08-14,Los Angeles,IL,30.8,1.31,57,17.9,Sunny,1025
2020-08-15,Phoenix,NY,33.6,0.91,49,21.4,Rainy,1007
2020-08-16,Los Angeles,IL,25.7,2.0,57,4.7,Sunny,980
2020-08-17,Chicago,TX,32.2,5.39,43,21.4,Storm,999
2020-08-18,New York,IL,41.3,2.32,89,19.3,Sunny,1020
2020-08-19,Houston,NY,32.2,2.03,66,18.7,Sunny,1032
2020-08-20,Los Angeles,TX,41.8,1.05,88,14.6,Rainy,990
2020-08-21,Phoenix,IL,36.4,3.39,30,14.7,Cloudy,1032
2020-08-22,New York,CA,36.8,3.51,76,8.9,Rainy,1025
2020-08-23,Chicago,TX,26.0,0.66,89,21.1,Storm,1027
2020-08-24,Los Angeles,TX,33.9,0.41,48,4.7,Rainy,1025
2020-08-25,Chicago,NY,28.0,0.23,45,2.6,Cloudy,981
2020-08-26,New York,IL,33.3,3.77,73,18.4,Sunny,1026
2020-08-27,Los Angeles,IL,33.2,3.27,92,9.0,Snow,1026
2020-08-28,Los Angeles,CA,43.0,2.61,44,13.2,Cloudy,1019
2020-08-29,New York,TX,48.9,0.13,81,8.7,Cloudy,1028
2020-08-30,Houston,AZ,34.2,2.73,77,25.0,Cloudy,993
2020-08-31,New York,CA,47.0,1.91,67,3.1,Sunny,1018
2020-09-01,New York,AZ,44.8,0.94,65,18.5,Sunny,982
2020-09-02,Los Angeles,NY,39.1,0.2,88,14.7,Cloudy,1022
2020-09-03,Los Angeles,TX,48.3,4.24,30,13.8,Snow,996
2020-09-04,New York,TX,44.6,7.59,65,6.0,Sunny,1019
2020-09-05,Phoenix,NY,44.9,0.05,58,6.5,Storm,1022
2020-09-06,New York,IL,41.7,0.7,51,23.9,Storm,1009
2020-09-07,New York,TX,41.3,1.01,66,13.3,Rainy,1029
2020-09-08,Phoenix,NY,39.8,0.67,80,13.9,Cloudy,1031
2020-09-09,Phoenix,TX,49.5,1.63,59,16.1,Snow,991
2020-09-10,New York,CA,38.6,0.19,44,21.9,Cloudy,992
2020-09-11,Houston,CA,50.4,1.05,83,7.4,Sunny,1025
2020-09-12,Houston,AZ,43.4,0.92,58,14.2,Rainy,1015
2020-09-13,New York,AZ,42.5,6.13,46,15.4,Rainy,1015
2020-09-14,Los Angeles,AZ,46.4,0.84,37,1.0,Sunny,980
2020-09-15,New York,IL,38.9,1.31,55,13.6,Cloudy,1018
2020-09-16,Phoenix,IL,51.0,5.99,44,1.5,Sunny,1032
2020-09-17,Chicago,NY,49.8,2.3,88,25.0,Cloudy,982
2020-09-18,Phoenix,IL,52.4,0.94,71,6.9,Rainy,1006
2020-09-19,New York,CA,49.5,1.12,57,10.4,Cloudy,1016
2020-09-20,Phoenix,NY,46.0,1.98,72,6.0,Rainy,1003
2020-09-21,Los Angeles,NY,47.5,1.07,50,6.0,Sunny,1034
2020-09-22,Los Angeles,CA,53.6,0.39,94,24.7,Sunny,991
2020-09-23,Chicago,NY,50.9,1.45,49,7.1,Sunny,1017
2020-09-24,Chicago,AZ,49.7,3.5,77,15.4,Sunny,999
2020-09-25,Houston,IL,55.5,3.71,55,7.9,Snow,1005
2020-09-26,Chicago,NY,51.6,7.1,35,17.8,Sunny,1008
2020-09-27,Chicago,IL,50.5,3.94,62,8.7,Rainy,1026
2020-09-28,Phoenix,NY,61.7,0.12,76,13.1,Rainy,1028
2020-09-29,Phoenix,AZ,49.3,0.72,75,20.9,Rainy,997
2020-09-30,Chicago,NY,61.5,7.63,77,2.0,Storm,983
2020-10-01,Los Angeles,CA,52.4,2.94,77,8.8,Snow,981
2020-10-02,New York,IL,67.0,0.82,31,23.7,Sunny,982
2020-10-03,Los Angeles,NY,67.8,1.57,46,9.1,Sunny,993
2020-10-04,Houston,IL,57.1,2.95,37,22.0,Sunny,1000
2020-10-05,Los Angeles,IL,65.2,0.64,55,12.3,Rainy,1027
2020-10-06,Los Angeles,NY,53.0,4.7,94,23.8,Rainy,1011
2020-10-07,Chicago,IL,61.0,1.07,76,7.9,Cloudy,984
2020-10-08,New York,IL,59.8,11.06,46,23.8,Sunny,989
2020-10-09,Los Angeles,TX,56.5,2.14,74,1.2,Sunny,1014
2020-10-10,Los Angeles,AZ,61.5,0.7,66,6.0,Cloudy,1026
2020-10-11,Houston,AZ,58.3,6.25,31,6.4,Sunny,980
2020-10-12,Phoenix,AZ,54.9,0.11,93,2.2,Sunny,1005
2020-10-13,Los Angeles,IL,63.5,0.87,61,17.9,Sunny,998
2020-10-14,Los Angeles,CA,54.2,1.98,66,5.8,Cloudy,981
2020-10-15,New York,IL,64.5,2.57,72,13.7,Rainy,982
2020-10-16,Phoenix,CA,64.4,3.14,41,17.5,Cloudy,1029
2020-10-17,Los Angeles,TX,67.1,0.84,63,2.3,Cloudy,993
2020-10-18,Los Angeles,CA,55.6,1.7,33,22.1,Rainy,1012
2020-10-19,Los Angeles,IL,58.3,4.44,52,16.9,Sunny,1014
2020-10-20,Los Angeles,TX,59.0,2.46,68,20.5,Storm,1013
2020-10-21,Houston,NY,63.8,4.6,53,18.8,Rainy,986
2020-10-22,New York,CA,69.2,1.99,68,4.1,Rainy,991
2020-10-23,New York,TX,61.8,14.33,94,7.7,Sunny,989
2020-10-24,Chicago,AZ,65.1,0.91,42,6.1,Sunny,1019
2020-10-25,New York,TX,62.8,1.39,75,8.4,Snow,981
2020-10-26,New York,CA,67.2,8.58,76,9.3,Snow,1031
2020-10-27,Houston,NY,73.2,6.19,58,22.2,Rainy,1020
2020-10-28,Phoenix,TX,72.2,1.23,81,4.2,Sunny,1017
2020-10-29,Phoenix,IL,74.8,3.21,53,17.5,Cloudy,986
2020-10-30,New York,IL,72.6,0.04,63,22.0,Cloudy,1011
2020-10-31,Houston,AZ,76.3,6.01,45,6.3,Storm,1031
2020-11-01,New York,IL,78.3,5.18,33,2.8,Cloudy,1027
2020-11-02,Chicago,IL,68.8,10.01,46,4.0,Storm,1005
2020-11-03,Chicago,CA,80.0,4.77,39,21.9,Sunny,1030
2020-11-04,Phoenix,AZ,81.9,0.76,30,16.3,Sunny,1003
2020-11-05,Phoenix,CA,70.1,5.63,71,24.5,Cloudy,1009
2020-11-06,Phoenix,IL,84.5,5.88,33,2.1,Rainy,1030
2020-11-07,Houston,CA,73.6,6.23,92,3.4,Sunny,1017
2020-11-08,Houston,CA,75.0,4.62,77,21.8,Storm,1010
2020-11-09,Phoenix,IL,82.2,1.15,36,21.0,Cloudy,1020
2020-11-10,Los Angeles,CA,72.9,0.06,81,1.0,Sunny,1032
2020-11-11,New York,IL,72.3,2.02,62,10.7,Rainy,1002
2020-11-12,New York,CA,85.5,3.79,65,12.3,Storm,1015
2020-11-13,Los Angeles,TX,83.9,0.67,80,2.1,Rainy,1006
2020-11-14,New York,TX,89.0,1.6,56,15.6,Storm,1033
2020-11-15,Chicago,IL,89.0,18.86,45,21.0,Storm,981
2020-11-16,Los Angeles,CA,76.6,6.49,70,8.4,Sunny,997
2020-11-17,New York,AZ,89.5,1.5,94,13.9,Storm,1016
2020-11-18,Houston,AZ,89.0,4.7,47,17.4,Sunny,997
2020-11-19,Phoenix,IL,82.3,10.15,53,11.0,Cloudy,994
2020-11-20,Los Angeles,AZ,81.8,4.33,51,15.3,Sunny,986
2020-11-21,Chicago,TX,81.4,7.66,83,10.7,Sunny,1033
2020-11-22,New York,AZ,90.9,0.35,62,11.1,Cloudy,1029
2020-11-23,Phoenix,AZ,89.5,1.18,56,23.5,Cloudy,996
2020-11-24,New York,IL,84.3,1.21,37,10.8,Cloudy,997
2020-11-25,Phoenix,IL,80.8,1.13,69,24.4,Sunny,1019
2020-11-26,Chicago,AZ,91.5,1.06,86,9.9,Rainy,1015
2020-11-27,New York,TX,88.7,3.35,93,2.8,Sunny,1028
2020-11-28,Chicago,TX,95.0,5.38,69,5.3,Sunny,992
2020-11-29,Los Angeles,AZ,100.3,5.94,56,21.9,Sunny,1024
2020-11-30,Phoenix,TX,100.7,0.61,87,22.3,Rainy,1016
2020-12-01,Houston,NY,96.5,4.94,65,10.3,Storm,1014
2020-12-02,Phoenix,TX,101.8,1.83,66,12.3,Cloudy,980
2020-12-03,Houston,AZ,96.7,0.43,44,7.7,Sunny,1007
2020-12-04,Chicago,CA,104.4,1.18,70,19.4,Rainy,990
2020-12-05,Los Angeles,TX,97.2,1.22,94,19.6,Cloudy,1025
2020-12-06,New York,IL,102.5,0.16,67,1.6,Sunny,997
2020-12-07,New York,AZ,102.4,5.16,46,7.2,Storm,997
2020-12-08,Houston,NY,101.0,2.71,31,5.6,Cloudy,996
2020-12-09,Phoenix,NY,93.8,1.26,74,13.1,Rainy,981
2020-12-10,Phoenix,IL,104.8,0.59,83,16.1,Cloudy,988
2020-12-11,Houston,CA,93.2,2.01,45,18.7,Sunny,1022
2020-12-12,Houston,TX,105.7,8.21,86,9.2,Sunny,1011
2020-12-13,New York,NY,107.9,2.77,78,3.7,Sunny,1000
2020-12-14,Chicago,CA,108.0,2.68,33,9.4,Sunny,985
2020-12-15,Houston,NY,109.7,9.06,69,24.4,Sunny,1025
2020-12-16,Phoenix,CA,105.4,2.59,55,3.7,Rainy,986
2020-12-17,Houston,IL,101.6,1.0,68,1.2,Rainy,1029
2020-12-18,Los Angeles,CA,110.8,3.82,78,21.4,Rainy,988
2020-12-19,Phoenix,TX,102.1,0.2,89,5.9,Cloudy,982
2020-12-20,Chicago,TX,101.0,10.96,43,16.3,Sunny,981
2020-12-21,Phoenix,AZ,98.8,7.19,72,21.3,Storm,1012
2020-12-22,Houston,AZ,100.4,3.52,69,3.1,Cloudy,1028
2020-12-23,Chicago,NY,97.6,12.4,88,4.3,Cloudy,982
2020-12-24,Chicago,CA,106.0,3.21,94,1.7,Sunny,989
2020-12-25,New York,AZ,103.2,0.03,32,14.2,Rainy,985
2020-12-26,Phoenix,CA,105.6,4.51,36,9.6,Cloudy,991
2020-12-27,New York,AZ,98.8,1.86,50,24.0,Sunny,1025
2020-12-28,Houston,AZ,99.0,6.42,76,20.5,Sunny,980
2020-12-29,Los Angeles,IL,104.6,2.13,58,8.6,Rainy,987
2020-12-30,Phoenix,CA,100.5,1.9,74,17.4,Sunny,987
2020-12-31,Chicago,CA,104.6,4.89,72,23.4,Sunny,1020
2021-01-01,Phoenix,TX,107.0,0.68,62,17.5,Sunny,995
2021-01-02,Phoenix,AZ,102.1,0.2,63,11.9,Sunny,1007
2021-01-03,Los Angeles,NY,110.3,0.95,30,6.4,Cloudy,1005
2021-01-04,Chicago,AZ,103.9,7.12,79,8.3,Sunny,1014
2021-01-05,Houston,AZ,109.2,0.16,92,21.9,Storm,1026
2021-01-06,Houston,CA,109.4,1.24,32,2.9,Storm,990
2021-01-07,Phoenix,AZ,103.1,3.12,83,11.2,Cloudy,1026
2021-01-08,Los Angeles,CA,109.9,0.4,32,11.9,Rainy,992
2021-01-09,New York,AZ,102.8,1.5,79,4.7,Rainy,994
2021-01-10,Los Angeles,IL,106.0,6.17,33,10.5,Snow,1009
2021-01-11,Phoenix,AZ,99.7,8.49,73,11.7,Sunny,1017
2021-01-12,New York,CA,108.6,2.71,68,5.8,Sunny,1025
2021-01-13,Phoenix,IL,99.5,2.96,64,10.6,Rainy,1007
2021-01-14,Phoenix,IL,108.3,0.23,89,15.8,Cloudy,1020
2021-01-15,Los Angeles,CA,94.8,0.45,48,15.2,Sunny,1009
2021-01-16,Houston,NY,95.7,12.06,86,8.1,Rainy,988
2021-01-17,Los Angeles,NY,105.0,2.88,37,19.8,Sunny,1013
2021-01-18,Houston,NY,99.1,8.29,92,5.5,Storm,997
2021-01-19,Los Angeles,IL,107.6,0.69,42,3.2,Sunny,1000
2021-01-20,Houston,TX,106.1,8.06,89,24.1,Rainy,993
2021-01-21,Chicago,NY,115.4,0.99,72,18.9,Sunny,1023
2021-01-22,New York,NY,120.4,3.72,72,15.4,Cloudy,1006
2021-01-23,New York,NY,103.5,1.93,88,12.5,Rainy,1012
2021-01-24,Phoenix,CA,103.3,4.08,32,14.4,Cloudy,990
2021-01-25,Phoenix,AZ,112.8,2.65,32,19.0,Sunny,984
2021-01-26,New York,AZ,108.6,1.21,75,16.3,Rainy,1023
2021-01-27,Phoenix,AZ,109.0,1.63,55,1.9,Rainy,982
2021-01-28,Chicago,AZ,119.9,2.32,64,15.0,Storm,1027
2021-01-29,New York,TX,103.6,8.12,73,7.0,Cloudy,992
2021-01-30,Phoenix,IL,118.5,2.34,38,17.9,Sunny,1034
2021-01-31,Phoenix,AZ,111.3,1.55,47,10.5,Sunny,1016
2021-02-01,Chicago,IL,120.6,9.76,71,22.5,Sunny,987
2021-02-02,Chicago,AZ,110.5,3.77,55,13.7,Sunny,992
2021-02-03,Phoenix,NY,122.7,1.85,87,11.4,Rainy,994
2021-02-04,Chicago,CA,123.4,2.17,34,17.1,Sunny,983
2021-02-05,New York,IL,111.4,1.59,59,10.4,Storm,994
2021-02-06,New York,TX,118.0,6.82,64,9.7,Storm,1031
2021-02-07,Phoenix,NY,114.3,0.74,73,25.0,Sunny,1028
2021-02-08,Phoenix,NY,113.7,0.92,34,20.1,Rainy,995
2021-02-09,Houston,TX,124.3,3.43,53,18.1,Cloudy,1014
2021-02-10,Houston,AZ,121.1,2.65,93,18.0,Rainy,1019
2021-02-11,Chicago,IL,116.9,0.36,32,19.5,Cloudy,989
2021-02-12,New York,NY,111.7,8.83,67,18.0,Sunny,990
2021-02-13,Chicago,CA,106.9,0.96,55,24.4,Rainy,1031
2021-02-14,Houston,IL,117.9,2.12,57,11.9,Sunny,1011
2021-02-15,Los Angeles,AZ,112.5,2.22,72,17.3,Cloudy,993
2021-02-16,Phoenix,IL,114.5,3.02,86,16.2,Sunny,1028
2021-02-17,Houston,TX,114.5,7.42,37,9.7,Cloudy,1034
2021-02-18,Phoenix,TX,111.1,0.01,59,22.7,Sunny,985
2021-02-19,New York,NY,99.1,0.84,48,4.8,Sunny,993
2021-02-20,Los Angeles,AZ,104.1,1.88,33,16.1,Cloudy,1007
2021-02-21,New York,IL,103.0,3.66,87,8.4,Cloudy,1034
2021-02-22,Phoenix,NY,107.6,3.92,35,4.3,Sunny,1018
2021-02-23,Chicago,TX,94.0,2.37,64,17.5,Rainy,1013
2021-02-24,Los Angeles,NY,100.5,0.61,70,18.6,Sunny,984
2021-02-25,Los Angeles,NY,99.1,3.06,86,10.9,Storm,1004
2021-02-26,Houston,NY,102.0,4.83,66,3.5,Sunny,998
2021-02-27,Houston,CA,110.8,4.09,77,4.8,Rainy,1003
2021-02-28,Chicago,TX,111.5,2.54,80,7.8,Rainy,1001
2021-03-01,New York,IL,102.0,2.41,55,18.0,Rainy,1017
2021-03-02,New York,TX,98.7,0.35,77,21.3,Cloudy,1014
2021-03-03,Los Angeles,TX,101.3,4.18,84,8.3,Sunny,1032
2021-03-04,Phoenix,CA,108.1,3.72,61,15.2,Rainy,987
2021-03-05,New York,CA,108.9,1.84,34,19.0,Rainy,988
2021-03-06,Phoenix,TX,116.5,8.54,32,7.9,Rainy,986
2021-03-07,Los Angeles,AZ,105.7,4.54,67,6.1,Rainy,1031
2021-03-08,Houston,CA,111.4,5.71,52,13.4,Rainy,1028
2021-03-09,Houston,IL,110.1,2.85,63,5.4,Storm,1021
2021-03-10,Phoenix,CA,104.4,6.05,85,13.5,Sunny,988
2021-03-11,New York,AZ,105.2,3.24,88,9.1,Sunny,1003
2021-03-12,Chicago,CA,100.1,0.85,32,24.2,Sunny,1022
2021-03-13,Phoenix,TX,108.1,1.06,38,8.8,Sunny,1034
2021-03-14,Houston,CA,109.8,1.16,66,14.4,Cloudy,1032
2021-03-15,Los Angeles,AZ,108.1,6.24,63,8.1,Rainy,1013
2021-03-16,Los Angeles,IL,113.2,0.27,80,21.0,Sunny,1013
2021-03-17,New York,IL,110.4,3.32,45,19.3,Rainy,997
2021-03-18,New York,IL,109.3,2.17,77,15.1,Storm,1024
2021-03-19,Chicago,NY,114.0,0.5,73,9.7,Cloudy,1008
2021-03-20,Chicago,AZ,116.1,3.63,72,16.4,Storm,981
2021-03-21,Phoenix,AZ,101.0,3.43,92,13.4,Storm,989
2021-03-22,Phoenix,AZ,113.1,0.19,71,7.3,Rainy,1017
2021-03-23,Los Angeles,AZ,115.9,9.5,30,12.0,Sunny,1029
2021-03-24,Houston,AZ,110.0,0.35,59,15.7,Storm,1004
2021-03-25,Los Angeles,NY,118.6,4.99,75,5.9,Cloudy,1018
2021-03-26,Houston,NY,110.3,0.45,66,13.7,Sunny,980
2021-03-27,Phoenix,IL,117.3,1.09,72,15.6,Snow,992
2021-03-28,New York,CA,120.3,0.07,85,3.5,Rainy,1013
2021-03-29,New York,AZ,118.7,0.04,81,18.6,Rainy,1021
2021-03-30,Houston,CA,124.6,0.57,65,17.9,Snow,998
2021-03-31,New York,NY,119.5,0.47,70,3.5,Rainy,1016
2021-04-01,Phoenix,TX,112.5,2.3,45,9.1,Snow,1019
2021-04-02,Chicago,TX,112.7,7.16,73,2.0,Sunny,983
2021-04-03,Los Angeles,NY,125.0,3.05,56,13.6,Cloudy,1004
2021-04-04,Phoenix,TX,122.2,0.63,37,12.8,Sunny,993
2021-04-05,New York,CA,120.3,11.26,47,12.1,Sunny,987
2021-04-06,Chicago,AZ,122.2,7.73,63,11.0,Rainy,1022
2021-04-07,Chicago,AZ,119.8,4.83,30,17.9,Storm,992
2021-04-08,Phoenix,CA,125.0,2.8,53,12.2,Rainy,1003
2021-04-09,Chicago,AZ,132.9,2.71,75,13.4,Storm,1013
2021-04-10,Phoenix,NY,128.4,1.22,93,20.5,Sunny,1007
2021-04-11,Chicago,IL,123.4,0.95,82,19.7,Sunny,1029
2021-04-12,Los Angeles,IL,132.9,4.36,73,20.9,Sunny,987
2021-04-13,Houston,AZ,129.9,1.16,59,21.6,Rainy,990
2021-04-14,New York,IL,128.9,5.89,74,15.6,Sunny,981
2021-04-15,Chicago,IL,129.8,11.38,71,3.6,Sunny,984
2021-04-16,Houston,CA,138.5,0.68,55,11.1,Cloudy,990
2021-04-17,Los Angeles,IL,144.4,2.3,39,6.2,Snow,1002
2021-04-18,New York,NY,143.7,0.26,66,19.9,Cloudy,992
2021-04-19,Phoenix,AZ,138.9,1.73,81,21.3,Cloudy,986
2021-04-20,Chicago,CA,138.0,1.43,72,7.4,Cloudy,1002
2021-04-21,New York,NY,133.5,2.74,32,4.4,Rainy,983
2021-04-22,Houston,AZ,141.6,4.9,58,24.2,Cloudy,1032
2021-04-23,New York,IL,139.3,2.54,86,7.2,Sunny,1028
2021-04-24,Phoenix,CA,141.8,0.1,87,3.0,Snow,1026
2021-04-25,Phoenix,AZ,137.9,5.97,59,1.8,Storm,1007
2021-04-26,Phoenix,CA,151.4,0.25,56,1.3,Cloudy,997
2021-04-27,Houston,NY,138.5,1.08,48,18.9,Sunny,1008
2021-04-28,Houston,CA,148.2,2.35,61,11.4,Rainy,993
2021-04-29,New York,CA,150.2,2.27,86,22.4,Sunny,1027
2021-04-30,Houston,IL,150.3,0.71,66,12.6,Rainy,1005
2021-05-01,Chicago,CA,151.3,1.77,86,15.6,Sunny,1010
2021-05-02,Houston,CA,146.6,0.75,94,19.3,Rainy,1013
2021-05-03,Phoenix,TX,149.5,0.0,82,12.9,Sunny,985
2021-05-04,Los Angeles,AZ,138.1,0.71,94,8.5,Rainy,1001
2021-05-05,Los Angeles,AZ,138.0,1.25,87,14.2,Snow,995
2021-05-06,Los Angeles,CA,141.0,11.73,71,24.4,Rainy,1015
2021-05-07,Chicago,NY,138.4,2.01,67,13.3,Rainy,994
2021-05-08,Los Angeles,NY,151.8,3.79,80,6.6,Storm,1032
2021-05-09,Phoenix,IL,139.5,7.91,87,14.3,Sunny,1026
2021-05-10,Los Angeles,TX,135.3,0.6,77,21.4,Rainy,981
2021-05-11,Houston,IL,145.3,0.85,52,24.6,Rainy,1020
2021-05-12,Chicago,CA,139.6,1.98,41,21.2,Rainy,1008
2021-05-13,New York,IL,137.6,4.56,59,15.0,Sunny,981
2021-05-14,Phoenix,CA,146.3,3.57,66,7.4,Rainy,1032
2021-05-15,Chicago,NY,147.4,8.16,84,4.5,Sunny,1004
2021-05-16,Los Angeles,NY,147.1,1.53,87,23.2,Rainy,1010
2021-05-17,Chicago,IL,149.0,5.36,47,16.4,Sunny,1002
2021-05-18,New York,AZ,148.4,2.48,46,10.0,Sunny,1020
2021-05-19,New York,CA,142.5,0.13,77,15.4,Sunny,1025
2021-05-20,Houston,IL,148.9,3.31,82,12.8,Rainy,1007
2021-05-21,New York,TX,145.5,3.54,51,4.0,Cloudy,1032
2021-05-22,Phoenix,IL,148.1,2.04,46,18.6,Cloudy,1016
2021-05-23,Chicago,IL,142.9,4.1,64,1.4,Sunny,1023
2021-05-24,Los Angeles,IL,141.4,2.9,40,15.9,Sunny,1034
2021-05-25,Chicago,TX,143.5,3.49,93,22.6,Sunny,986
2021-05-26,Houston,IL,149.9,4.17,58,13.5,Sunny,1026
2021-05-27,Phoenix,CA,153.2,1.8,47,20.3,Cloudy,1015
2021-05-28,Los Angeles,TX,142.3,5.27,68,9.3,Storm,995
2021-05-29,Phoenix,CA,151.9,0.39,43,2.7,Cloudy,1030
2021-05-30,Chicago,NY,144.4,0.75,81,10.1,Sunny,1008
2021-05-31,New York,AZ,151.3,4.32,33,22.4,Storm,1008
2021-06-01,Phoenix,IL,138.0,2.38,60,23.5,Cloudy,1007
2021-06-02,New York,IL,144.0,5.11,83,7.5,Cloudy,1022
2021-06-03,Chicago,NY,144.5,7.31,59,20.5,Cloudy,1019
2021-06-04,Phoenix,TX,142.1,4.01,35,25.0,Rainy,999
2021-06-05,New York,TX,133.9,11.65,84,5.3,Sunny,982
2021-06-06,Phoenix,IL,144.7,2.9,46,5.0,Sunny,1000
2021-06-07,Houston,TX,133.8,0.11,57,4.1,Storm,1013
2021-06-08,New York,IL,149.4,1.09,77,9.3,Rainy,1012
2021-06-09,Phoenix,TX,138.6,2.79,71,19.7,Sunny,1021
2021-06-10,Phoenix,AZ,137.7,3.57,89,17.7,Cloudy,987
2021-06-11,Phoenix,AZ,143.8,0.5,33,4.2,Storm,1033
2021-06-12,New York,NY,142.8,1.46,85,13.2,Sunny,989
2021-06-13,Phoenix,AZ,139.8,0.11,64,19.6,Rainy,991
2021-06-14,Phoenix,IL,143.9,2.3,42,15.5,Cloudy,1002
2021-06-15,New York,IL,146.2,1.36,61,5.2,Rainy,1002
2021-06-16,Chicago,CA,135.1,4.29,92,13.1,Cloudy,996
2021-06-17,Phoenix,AZ,141.3,0.11,88,7.7,Cloudy,1011
2021-06-18,Houston,IL,150.2,0.47,65,14.0,Sunny,1034
2021-06-19,Chicago,IL,151.9,0.29,79,3.8,Rainy,1025
2021-06-20,Chicago,AZ,153.4,1.21,88,17.9,Rainy,1005
2021-06-21,Los Angeles,AZ,149.2,17.59,37,8.8,Sunny,988
2021-06-22,Chicago,IL,154.2,0.11,89,8.6,Rainy,1000
2021-06-23,Chicago,TX,153.9,1.22,62,17.3,Sunny,1009
2021-06-24,Phoenix,AZ,150.3,12.31,85,2.0,Rainy,1001
2021-06-25,Phoenix,CA,150.1,3.63,31,1.1,Cloudy,980
2021-06-26,New York,NY,157.2,0.55,60,4.7,Storm,1019
2021-06-27,Los Angeles,TX,152.0,2.26,42,16.0,Cloudy,1003
2021-06-28,Los Angeles,AZ,151.4,2.89,30,1.4,Sunny,1008
2021-06-29,Phoenix,IL,147.6,2.64,49,24.3,Cloudy,1019
2021-06-30,Houston,TX,143.9,0.42,92,11.3,Sunny,1032
2021-07-01,Chicago,AZ,148.9,0.4,91,7.2,Rainy,1027
2021-07-02,Los Angeles,NY,153.5,2.47,88,12.1,Cloudy,1018
2021-07-03,Phoenix,TX,154.9,4.85,77,2.4,Sunny,993
2021-07-04,Los Angeles,CA,152.5,0.07,48,23.1,Sunny,1032
2021-07-05,Phoenix,AZ,147.9,0.45,32,16.7,Sunny,1023
2021-07-06,Phoenix,IL,146.3,2.09,91,6.4,Rainy,980
2021-07-07,Phoenix,NY,138.9,1.74,66,24.6,Cloudy,1000
2021-07-08,Phoenix,TX,134.6,0.78,52,24.8,Cloudy,1006
2021-07-09,Phoenix,AZ,140.0,0.93,66,2.4,Sunny,1020
2021-07-10,Houston,IL,131.6,2.12,35,8.0,Sunny,1011
2021-07-11,Chicago,TX,140.4,12.5,88,2.4,Snow,1006
2021-07-12,Houston,CA,127.6,1.11,53,12.6,Sunny,982
2021-07-13,Los Angeles,IL,133.8,1.04,85,14.4,Sunny,1002
2021-07-14,New York,AZ,126.7,2.58,74,8.8,Rainy,1014
2021-07-15,Houston,IL,137.2,0.24,40,5.1,Storm,992
2021-07-16,Los Angeles,IL,138.4,0.64,51,3.3,Rainy,1019
2021-07-17,Los Angeles,TX,136.6,4.99,57,2.2,Cloudy,1004
2021-07-18,Phoenix,NY,137.0,7.61,46,23.5,Rainy,996
2021-07-19,Phoenix,TX,130.3,0.69,33,4.8,Sunny,986
2021-07-20,Phoenix,CA,126.3,0.69,79,16.1,Sunny,1022
2021-07-21,Los Angeles,NY,118.9,6.89,67,12.7,Rainy,984
2021-07-22,Chicago,AZ,123.8,1.27,57,22.8,Storm,1031
2021-07-23,Chicago,IL,115.5,2.74,55,11.1,Sunny,1022
2021-07-24,New York,CA,112.9,0.09,92,24.3,Rainy,1009
2021-07-25,Houston,CA,122.0,2.53,34,15.9,Rainy,1018
2021-07-26,Phoenix,IL,109.6,0.88,91,2.3,Cloudy,1028
2021-07-27,Chicago,CA,118.6,4.5,44,23.5,Sunny,1019
2021-07-28,Houston,AZ,111.8,0.51,74,13.0,Sunny,1031
2021-07-29,New York,CA,110.6,2.39,79,14.7,Storm,1032
2021-07-30,Los Angeles,NY,113.0,1.21,58,7.3,Sunny,982
2021-07-31,Chicago,TX,109.8,3.14,65,22.3,Sunny,1023
2021-08-01,New York,NY,111.3,0.14,30,21.1,Cloudy,985
2021-08-02,Los Angeles,TX,111.9,3.06,57,10.7,Rainy,993
2021-08-03,Phoenix,CA,117.3,0.3,89,22.5,Rainy,1026
2021-08-04,New York,AZ,113.9,4.13,58,17.9,Rainy,1021
2021-08-05,New York,CA,126.3,3.24,42,8.2,Sunny,994
2021-08-06,Chicago,IL,124.9,2.6,90,20.9,Storm,1014
2021-08-07,Los Angeles,CA,126.0,4.96,41,9.6,Sunny,992
2021-08-08,Los Angeles,CA,120.1,3.25,73,23.9,Sunny,1017
2021-08-09,Chicago,NY,115.6,0.53,67,18.5,Sunny,983
2021-08-10,Los Angeles,CA,114.5,0.59,79,24.1,Sunny,1016
2021-08-11,Phoenix,IL,120.6,0.43,94,18.9,Storm,985
2021-08-12,New York,IL,120.5,1.03,62,3.0,Sunny,1019
2021-08-13,Chicago,NY,119.6,4.0,77,15.0,Sunny,1025
2021-08-14,Chicago,IL,106.9,0.81,65,10.1,Sunny,1011
2021-08-15,Houston,CA,103.6,1.14,80,6.5,Sunny,1003
2021-08-16,Chicago,CA,115.9,1.76,75,18.5,Sunny,1015
2021-08-17,Chicago,TX,107.2,3.17,59,19.4,Sunny,1030
2021-08-18,Phoenix,CA,105.1,0.26,43,6.5,Sunny,984
2021-08-19,Los Angeles,NY,109.3,0.89,74,1.9,Rainy,981
2021-08-20,Los Angeles,TX,109.2,0.23,75,9.7,Sunny,980
2021-08-21,Chicago,IL,111.8,3.79,44,21.2,Rainy,987
2021-08-22,Chicago,CA,110.4,1.27,44,9.2,Sunny,981
2021-08-23,Chicago,NY,116.9,3.36,89,3.1,Cloudy,988
2021-08-24,Phoenix,IL,123.0,3.41,74,2.4,Sunny,1024
2021-08-25,Chicago,IL,121.2,8.63,81,7.6,Cloudy,998
2021-08-26,Phoenix,TX,114.8,0.45,55,10.6,Cloudy,991
2021-08-27,Phoenix,IL,129.4,1.42,34,17.1,Cloudy,982
2021-08-28,Houston,IL,121.5,0.78,43,1.6,Cloudy,998
2021-08-29,Chicago,AZ,130.6,0.96,71,16.1,Storm,1033
2021-08-30,Chicago,AZ,123.2,2.37,34,14.4,Snow,1020
2021-08-31,Phoenix,CA,132.6,2.22,87,14.4,Storm,1012
2021-09-01,Chicago,AZ,132.0,0.61,91,4.3,Cloudy,992
2021-09-02,Phoenix,NY,129.5,2.8,64,5.2,Rainy,984
2021-09-03,Phoenix,IL,135.0,5.48,65,1.0,Sunny,1019
2021-09-04,Los Angeles,TX,129.5,0.34,84,14.6,Sunny,1010
2021-09-05,Chicago,NY,133.4,1.09,68,13.3,Sunny,1007
2021-09-06,Phoenix,IL,126.2,16.88,33,18.6,Cloudy,1010
2021-09-07,Chicago,CA,135.0,8.52,92,18.6,Rainy,987
2021-09-08,New York,CA,128.8,0.06,51,7.7,Rainy,1016
2021-09-09,New York,NY,138.1,0.9,54,23.7,Cloudy,1001
2021-09-10,Phoenix,IL,137.3,1.17,93,3.4,Sunny,1014
2021-09-11,Houston,NY,130.0,16.94,54,14.9,Cloudy,985
2021-09-12,Phoenix,TX,132.2,0.01,82,5.4,Sunny,1005
2021-09-13,Los Angeles,IL,139.1,1.69,51,21.6,Storm,991
2021-09-14,Chicago,NY,133.8,1.04,81,11.0,Rainy,1032
2021-09-15,Houston,AZ,131.4,5.33,43,4.5,Sunny,1019
2021-09-16,New York,AZ,125.3,2.94,39,23.8,Cloudy,1018
2021-09-17,Chicago,TX,128.7,2.54,59,21.1,Rainy,1016
2021-09-18,Phoenix,CA,136.9,3.13,53,15.9,Rainy,1000
2021-09-19,Houston,IL,132.1,3.8,54,14.6,Cloudy,1001
2021-09-20,New York,TX,121.0,2.3,64,24.7,Rainy,993
2021-09-21,Los Angeles,NY,125.7,0.47,84,21.7,Rainy,983
2021-09-22,Houston,IL,132.1,1.89,86,23.0,Sunny,1022
2021-09-23,Los Angeles,NY,120.3,4.77,39,5.4,Rainy,991
2021-09-24,Phoenix,TX,121.9,2.32,32,24.8,Cloudy,983
2021-09-25,Houston,AZ,115.5,1.83,68,10.3,Rainy,984
2021-09-26,New York,NY,117.2,0.08,82,2.0,Storm,1028
2021-09-27,Phoenix,AZ,121.0,2.36,79,6.9,Rainy,981
2021-09-28,Chicago,NY,110.7,1.24,58,16.4,Rainy,1009
2021-09-29,Chicago,TX,112.2,4.08,30,16.9,Cloudy,1008
2021-09-30,New York,NY,112.5,3.18,67,24.7,Sunny,1001
2021-10-01,Chicago,AZ,111.1,4.58,48,17.3,Storm,994
2021-10-02,Houston,CA,107.4,15.32,59,10.5,Cloudy,1012
2021-10-03,Phoenix,NY,105.9,1.23,43,21.8,Rainy,991
2021-10-04,Houston,NY,109.5,0.09,32,17.2,Rainy,1032
2021-10-05,Los Angeles,AZ,110.9,2.95,51,6.9,Sunny,1019
2021-10-06,New York,CA,116.8,0.49,47,8.2,Cloudy,1004
2021-10-07,Los Angeles,IL,114.2,5.67,62,3.7,Sunny,1017
2021-10-08,Los Angeles,CA,120.0,6.5,60,1.0,Rainy,1024
2021-10-09,New York,IL,115.8,1.66,85,22.3,Rainy,1021
2021-10-10,Chicago,NY,108.1,0.14,65,14.7,Cloudy,1021
2021-10-11,Houston,TX,122.8,2.01,63,20.1,Cloudy,1005
2021-10-12,Phoenix,CA,115.3,1.12,33,24.4,Rainy,1014
2021-10-13,New York,CA,122.4,2.18,48,21.6,Rainy,1000
2021-10-14,Phoenix,AZ,118.9,5.18,66,6.7,Sunny,1027
2021-10-15,Houston,CA,117.1,3.02,64,7.3,Cloudy,1031
2021-10-16,Chicago,AZ,107.4,4.81,90,11.2,Rainy,994
2021-10-17,Chicago,CA,114.6,14.99,35,3.6,Cloudy,1018
2021-10-18,Los Angeles,CA,110.1,5.0,52,10.6,Storm,1024
2021-10-19,Phoenix,IL,117.1,2.19,47,7.9,Cloudy,1018
2021-10-20,Phoenix,TX,111.1,2.08,68,20.8,Cloudy,987
2021-10-21,New York,TX,113.2,1.4,94,20.6,Cloudy,1012
2021-10-22,New York,TX,127.0,4.77,91,4.0,Rainy,1028
2021-10-23,Los Angeles,TX,111.6,2.93,44,19.7,Sunny,1026
2021-10-24,Chicago,AZ,123.0,2.86,68,6.8,Storm,1034
2021-10-25,Chicago,NY,114.4,0.56,85,20.8,Cloudy,987
2021-10-26,Los Angeles,TX,126.4,0.21,31,23.5,Sunny,999
2021-10-27,Los Angeles,CA,114.6,3.75,57,18.0,Sunny,1013
2021-10-28,Houston,IL,112.1,1.92,43,10.3,Sunny,1004
2021-10-29,Chicago,CA,124.0,1.56,45,13.7,Sunny,987
2021-10-30,New York,AZ,114.4,9.15,38,3.4,Sunny,999
2021-10-31,Los Angeles,NY,116.2,0.34,77,23.4,Rainy,1012
2021-11-01,New York,AZ,114.8,3.22,32,9.9,Cloudy,980
2021-11-02,New York,NY,116.6,1.67,85,22.7,Sunny,1021
2021-11-03,Chicago,NY,112.8,4.17,55,19.1,Rainy,1004
2021-11-04,Houston,TX,122.8,0.34,85,5.2,Sunny,1006
2021-11-05,Houston,CA,119.1,0.99,77,16.0,Rainy,1034
2021-11-06,Houston,IL,124.8,1.1,93,16.0,Rainy,995
2021-11-07,Houston,IL,122.3,2.17,88,9.1,Sunny,990
2021-11-08,New York,CA,119.6,1.31,73,13.4,Rainy,1002
2021-11-09,Los Angeles,IL,122.3,2.62,63,17.0,Storm,993
2021-11-10,Chicago,TX,111.2,0.73,91,4.6,Sunny,1032
2021-11-11,New York,AZ,119.6,0.25,50,15.9,Cloudy,1032
2021-11-12,New York,AZ,114.4,1.46,41,16.5,Rainy,1005
2021-11-13,Houston,NY,102.1,1.18,35,15.2,Sunny,984
2021-11-14,Chicago,IL,103.8,1.77,78,16.1,Snow,1023
2021-11-15,Phoenix,IL,109.2,0.92,61,18.7,Rainy,986
2021-11-16,New York,NY,110.7,0.6,93,20.4,Storm,1001
2021-11-17,Phoenix,NY,108.8,1.02,46,5.4,Cloudy,1030
2021-11-18,Chicago,CA,119.6,3.51,40,6.8,Cloudy,985
2021-11-19,Houston,CA,107.9,1.81,72,8.6,Cloudy,1025
2021-11-20,Phoenix,TX,112.9,11.37,53,9.1,Rainy,1006
2021-11-21,Phoenix,TX,115.9,0.83,73,18.9,Cloudy,980
2021-11-22,Phoenix,NY,112.8,3.67,81,2.3,Rainy,992
2021-11-23,Los Angeles,AZ,111.6,6.91,31,1.2,Cloudy,992
2021-11-24,Chicago,TX,111.2,0.23,81,21.8,Rainy,1016
2021-11-25,Houston,AZ,107.3,7.14,51,5.6,Cloudy,1025
2021-11-26,Phoenix,IL,111.1,1.5,78,18.4,Cloudy,997
2021-11-27,Los Angeles,CA,114.1,2.94,76,22.8,Rainy,1000
2021-11-28,New York,NY,113.6,6.29,55,1.3,Sunny,989
2021-11-29,Houston,AZ,115.1,0.92,47,4.6,Rainy,1032
2021-11-30,Phoenix,NY,116.6,4.22,43,19.4,Rainy,1017
2021-12-01,New York,CA,127.5,0.85,72,22.9,Sunny,1007
2021-12-02,New York,AZ,127.8,0.92,58,9.6,Rainy,1033
2021-12-03,Phoenix,IL,125.7,1.06,77,3.8,Rainy,998
2021-12-04,Phoenix,IL,127.3,2.47,72,24.5,Cloudy,982
2021-12-05,Los Angeles,TX,122.1,12.28,55,2.8,Sunny,1021
2021-12-06,Houston,TX,114.0,1.46,37,18.4,Sunny,1030
2021-12-07,Phoenix,IL,119.0,2.98,81,21.7,Sunny,1020
2021-12-08,New York,AZ,128.8,0.07,40,3.4,Sunny,1018
2021-12-09,Houston,AZ,135.9,2.82,53,15.9,Rainy,1027
2021-12-10,Houston,IL,133.9,1.12,32,3.2,Snow,1012
2021-12-11,Los Angeles,AZ,134.1,0.08,49,1.3,Storm,1004
2021-12-12,Phoenix,NY,131.9,2.9,77,7.2,Cloudy,1031
2021-12-13,New York,TX,123.5,2.73,75,13.7,Cloudy,1023
2021-12-14,Chicago,CA,124.1,0.61,65,11.2,Rainy,1000
2021-12-15,New York,AZ,130.3,1.62,92,4.3,Rainy,999
2021-12-16,Phoenix,AZ,120.2,3.42,57,22.1,Rainy,995
2021-12-17,Phoenix,CA,129.5,0.68,30,7.2,Rainy,1024
2021-12-18,Houston,NY,120.8,10.05,33,12.3,Cloudy,982
2021-12-19,Houston,NY,128.0,6.51,80,21.9,Cloudy,1002
2021-12-20,Phoenix,AZ,131.6,0.82,69,18.7,Rainy,1026
2021-12-21,Phoenix,IL,129.7,4.15,49,6.4,Sunny,1012
2021-12-22,Houston,CA,132.2,5.51,73,23.4,Cloudy,990
2021-12-23,Houston,AZ,133.5,6.73,86,19.0,Sunny,1013
2021-12-24,Los Angeles,TX,123.3,4.48,44,3.9,Rainy,1014
2021-12-25,New York,AZ,131.7,1.36,41,1.6,Sunny,980
2021-12-26,New York,AZ,125.3,3.59,44,9.2,Rainy,984
2021-12-27,Phoenix,NY,120.1,0.66,70,16.8,Rainy,1004
2021-12-28,Houston,AZ,130.3,3.34,82,22.8,Sunny,985
2021-12-29,New York,CA,123.3,1.27,52,5.4,Sunny,1009
2021-12-30,Houston,TX,135.4,0.08,43,17.4,Rainy,993
2021-12-31,Chicago,CA,127.4,1.19,72,4.7,Cloudy,1016
2022-01-01,Houston,CA,134.6,0.23,78,11.4,Rainy,1028
2022-01-02,New York,AZ,132.4,3.56,33,11.4,Rainy,1003
2022-01-03,Chicago,IL,133.4,1.22,86,2.2,Snow,998
2022-01-04,Houston,AZ,131.9,1.41,63,20.0,Snow,1031
2022-01-05,Phoenix,NY,132.0,1.64,57,14.3,Sunny,1026
2022-01-06,Los Angeles,CA,141.1,2.94,33,2.5,Cloudy,1030
2022-01-07,New York,NY,134.6,0.66,57,4.5,Cloudy,1028
2022-01-08,Phoenix,NY,136.5,0.66,36,8.0,Sunny,1024
2022-01-09,Los Angeles,IL,130.3,1.39,73,16.8,Rainy,992
2022-01-10,New York,AZ,137.6,2.92,81,7.3,Cloudy,1010
2022-01-11,Houston,CA,126.4,4.0,46,23.9,Cloudy,1023
2022-01-12,Los Angeles,CA,131.1,1.9,56,3.8,Cloudy,1017
2022-01-13,Houston,NY,133.6,8.23,34,14.4,Storm,1003
2022-01-14,Chicago,IL,131.1,0.22,67,3.2,Storm,1033
2022-01-15,New York,TX,138.9,1.66,33,24.9,Rainy,1026
2022-01-16,Los Angeles,NY,137.9,1.11,88,3.4,Sunny,984
2022-01-17,Phoenix,CA,135.1,1.89,31,8.0,Sunny,1012
2022-01-18,Chicago,AZ,124.4,1.06,81,24.8,Sunny,1033
2022-01-19,Houston,AZ,133.1,3.91,80,24.7,Sunny,1009
2022-01-20,Chicago,TX,127.9,2.49,69,18.1,Sunny,988
2022-01-21,Houston,CA,132.3,2.1,42,7.5,Rainy,995
2022-01-22,Los Angeles,AZ,133.4,0.06,67,1.5,Sunny,986
2022-01-23,Los Angeles,TX,137.4,0.3,85,12.4,Sunny,1012
2022-01-24,New York,AZ,140.7,0.35,91,12.3,Storm,993
2022-01-25,Phoenix,IL,133.3,2.32,42,1.7,Cloudy,1013
2022-01-26,Chicago,IL,126.2,2.49,32,14.1,Cloudy,1027
2022-01-27,Chicago,NY,126.1,4.74,94,10.0,Sunny,993
2022-01-28,Phoenix,NY,138.6,1.4,85,4.7,Rainy,1011
2022-01-29,Phoenix,IL,126.8,0.1,94,8.3,Sunny,1000
2022-01-30,Chicago,AZ,128.8,2.72,66,9.5,Rainy,1005
2022-01-31,Houston,IL,121.6,1.06,54,4.7,Rainy,1032
2022-02-01,New York,CA,132.6,0.27,56,17.5,Cloudy,1008
2022-02-02,Houston,TX,127.1,0.21,64,10.8,Rainy,983
2022-02-03,Houston,TX,124.9,1.35,53,18.8,Sunny,996
2022-02-04,Los Angeles,AZ,121.9,1.29,84,21.7,Sunny,1011
2022-02-05,Los Angeles,NY,123.1,2.85,73,8.2,Cloudy,1016
2022-02-06,Chicago,AZ,135.6,1.66,45,23.0,Sunny,991
2022-02-07,Chicago,CA,133.0,0.63,64,19.7,Storm,982
2022-02-08,New York,IL,135.1,2.99,47,8.4,Sunny,1015
2022-02-09,New York,IL,128.0,3.71,83,23.5,Cloudy,1015
2022-02-10,Phoenix,CA,136.6,2.05,74,16.1,Sunny,1012
2022-02-11,Phoenix,AZ,129.9,1.21,91,16.9,Cloudy,1031
2022-02-12,New York,NY,133.5,1.58,39,14.6,Cloudy,996
2022-02-13,Phoenix,NY,127.0,3.46,72,15.5,Cloudy,1001
2022-02-14,Phoenix,IL,122.7,9.87,57,13.1,Rainy,1008
2022-02-15,Phoenix,NY,128.6,0.09,94,22.4,Sunny,993
2022-02-16,New York,TX,119.7,3.66,77,16.7,Rainy,980
2022-02-17,Chicago,NY,121.5,5.85,68,13.6,Rainy,1024
2022-02-18,Houston,NY,115.4,0.0,76,3.6,Sunny,986
2022-02-19,Chicago,NY,126.6,1.0,35,4.7,Snow,1010
2022-02-20,Los Angeles,AZ,124.6,3.11,62,20.1,Cloudy,1006
2022-02-21,Los Angeles,IL,127.2,3.42,86,1.9,Cloudy,989
2022-02-22,Chicago,TX,123.9,1.4,60,5.9,Rainy,1027
2022-02-23,Chicago,IL,118.1,0.52,85,7.9,Sunny,1023
2022-02-24,Chicago,CA,128.4,11.53,56,16.5,Rainy,986
2022-02-25,New York,IL,120.6,2.03,38,1.2,Rainy,985
2022-02-26,Chicago,CA,121.0,8.01,84,23.2,Rainy,991
2022-02-27,New York,TX,115.8,2.84,57,19.8,Rainy,988
2022-02-28,Chicago,IL,126.5,2.32,41,6.1,Rainy,1031
2022-03-01,New York,IL,118.9,7.61,66,1.7,Sunny,1030
2022-03-02,Los Angeles,CA,115.8,0.55,70,8.5,Rainy,983
2022-03-03,Phoenix,TX,114.3,2.35,83,8.6,Cloudy,1029
2022-03-04,Houston,TX,128.3,1.93,31,10.2,Cloudy,1005
2022-03-05,Chicago,NY,115.9,0.32,48,7.5,Rainy,996
2022-03-06,New York,CA,109.5,1.1,65,15.2,Rainy,985
2022-03-07,Chicago,CA,119.1,3.82,57,24.7,Sunny,1019
2022-03-08,New York,AZ,114.4,5.02,84,6.8,Rainy,993
2022-03-09,Los Angeles,IL,107.8,1.32,94,17.9,Rainy,1013
2022-03-10,Phoenix,AZ,117.5,2.96,93,5.0,Rainy,1020
2022-03-11,Houston,CA,119.6,0.61,75,6.0,Sunny,1016
2022-03-12,Chicago,AZ,114.3,1.93,72,2.8,Rainy,1001
2022-03-13,Los Angeles,CA,106.1,1.96,83,4.9,Sunny,1011
2022-03-14,Phoenix,TX,115.4,1.08,37,8.6,Sunny,994
2022-03-15,New York,TX,110.8,0.71,86,20.9,Rainy,1000
2022-03-16,Phoenix,NY,111.1,4.89,70,9.8,Sunny,1000
2022-03-17,Los Angeles,AZ,105.2,0.31,35,13.3,Cloudy,1019
2022-03-18,Chicago,IL,111.8,1.43,73,15.2,Cloudy,1015
2022-03-19,Los Angeles,CA,111.5,1.47,43,16.9,Storm,1033
2022-03-20,New York,CA,110.9,1.26,85,21.8,Rainy,995
2022-03-21,Houston,CA,110.4,5.47,94,18.1,Sunny,999
2022-03-22,Houston,CA,113.6,14.81,61,19.6,Rainy,1009
2022-03-23,Chicago,NY,110.7,1.05,63,5.4,Cloudy,1022
2022-03-24,Phoenix,IL,107.3,0.11,73,11.9,Rainy,1017
2022-03-25,Phoenix,NY,102.5,3.68,94,19.4,Cloudy,999
2022-03-26,Houston,IL,107.7,0.79,53,9.0,Sunny,1034
2022-03-27,Phoenix,AZ,104.6,0.26,38,18.5,Sunny,1034
2022-03-28,Phoenix,TX,102.8,0.51,33,23.0,Cloudy,1017
2022-03-29,New York,NY,107.0,3.67,34,24.0,Storm,988
2022-03-30,New York,IL,100.4,13.21,92,23.6,Rainy,997
2022-03-31,Chicago,TX,103.9,2.36,78,15.9,Storm,999
2022-04-01,Los Angeles,CA,98.2,0.96,55,9.5,Rainy,1012
2022-04-02,Houston,CA,104.5,0.25,93,20.5,Sunny,983
2022-04-03,Phoenix,IL,105.3,4.3,54,16.2,Rainy,987
2022-04-04,New York,CA,100.5,0.71,47,15.7,Rainy,991
2022-04-05,Phoenix,IL,99.4,4.59,41,4.1,Snow,1027
2022-04-06,Houston,NY,110.7,0.72,83,1.5,Sunny,1006
2022-04-07,Phoenix,TX,108.2,7.85,62,6.7,Cloudy,1025
2022-04-08,Phoenix,AZ,105.8,1.39,81,7.9,Cloudy,1024
2022-04-09,New York,IL,113.6,2.71,76,11.0,Cloudy,989
2022-04-10,Phoenix,CA,100.4,2.18,79,8.7,Cloudy,1034
2022-04-11,Chicago,AZ,107.6,3.81,44,14.1,Cloudy,1017
2022-04-12,Los Angeles,AZ,106.7,0.92,48,18.2,Sunny,1017
2022-04-13,Los Angeles,NY,114.9,0.55,56,4.7,Cloudy,1030
2022-04-14,New York,AZ,104.3,4.04,31,10.0,Rainy,1009
2022-04-15,Chicago,TX,103.5,10.25,33,14.2,Cloudy,1019
2022-04-16,New York,AZ,98.3,1.34,78,23.6,Rainy,988
2022-04-17,Chicago,CA,101.5,1.89,48,18.3,Storm,985
2022-04-18,Houston,AZ,96.4,0.53,81,7.5,Sunny,1015
2022-04-19,Los Angeles,CA,107.8,4.74,68,10.2,Sunny,1012
2022-04-20,Phoenix,CA,107.8,7.97,89,23.3,Sunny,1013
2022-04-21,Los Angeles,NY,102.5,12.16,63,22.2,Rainy,983
2022-04-22,Houston,IL,101.9,1.88,85,2.1,Sunny,998
2022-04-23,New York,AZ,104.2,5.84,51,23.0,Storm,981
2022-04-24,Los Angeles,TX,96.4,3.15,67,8.6,Cloudy,1031
2022-04-25,Los Angeles,IL,109.3,0.68,51,13.2,Cloudy,985
2022-04-26,New York,AZ,92.0,0.3,84,24.8,Cloudy,1012
2022-04-27,Los Angeles,AZ,102.3,1.04,89,4.7,Cloudy,1028
2022-04-28,Chicago,NY,107.6,0.01,73,17.9,Rainy,1034
2022-04-29,Chicago,TX,99.9,2.43,46,15.5,Rainy,1008
2022-04-30,Phoenix,IL,104.3,0.13,92,4.4,Rainy,1029
2022-05-01,New York,NY,109.9,0.19,76,6.1,Rainy,998
2022-05-02,Phoenix,AZ,110.7,8.66,90,4.0,Rainy,998
2022-05-03,Phoenix,AZ,95.0,6.34,31,10.7,Cloudy,1002
2022-05-04,Phoenix,AZ,111.8,0.52,59,9.5,Rainy,986
2022-05-05,Houston,CA,104.8,3.0,69,5.9,Cloudy,983
2022-05-06,New York,NY,111.7,5.56,38,10.2,Rainy,988
2022-05-07,Houston,AZ,112.9,4.47,34,4.8,Rainy,1022
2022-05-08,Chicago,IL,121.0,2.68,32,6.1,Sunny,1031
2022-05-09,Los Angeles,IL,112.1,5.67,75,21.5,Cloudy,1023
2022-05-10,Los Angeles,CA,112.8,1.13,61,3.5,Rainy,998
2022-05-11,Phoenix,NY,122.7,0.71,70,19.9,Cloudy,995
2022-05-12,Houston,IL,119.8,5.84,68,1.7,Cloudy,1006
2022-05-13,New York,AZ,114.4,0.18,63,12.3,Sunny,991
2022-05-14,Chicago,TX,119.7,1.52,65,23.2,Sunny,1024
2022-05-15,Phoenix,NY,122.1,19.08,30,10.7,Sunny,1015
2022-05-16,Phoenix,AZ,111.8,11.31,55,2.0,Snow,1025
2022-05-17,Houston,AZ,111.8,0.71,59,16.6,Rainy,1005
2022-05-18,Houston,NY,111.8,0.3,50,21.8,Storm,1033
2022-05-19,Phoenix,AZ,115.3,15.42,61,19.2,Cloudy,988
2022-05-20,Los Angeles,IL,112.2,2.04,35,4.2,Sunny,1021
2022-05-21,Houston,CA,121.0,2.58,50,17.3,Storm,1013
2022-05-22,Houston,CA,126.9,0.12,30,1.4,Storm,980
2022-05-23,Houston,TX,113.2,2.59,36,16.6,Sunny,982
2022-05-24,Los Angeles,CA,119.5,3.55,82,14.2,Snow,985
2022-05-25,Los Angeles,NY,109.0,1.06,86,15.0,Rainy,1023
2022-05-26,Los Angeles,CA,113.9,12.04,94,8.3,Cloudy,998
2022-05-27,New York,IL,121.7,4.08,81,10.9,Sunny,1023
2022-05-28,Houston,AZ,111.1,0.43,38,10.4,Sunny,1017
2022-05-29,Los Angeles,IL,115.3,1.54,67,14.1,Cloudy,1010
2022-05-30,New York,IL,114.5,0.3,61,3.4,Storm,1006
2022-05-31,Phoenix,CA,107.2,1.06,80,11.3,Sunny,995
2022-06-01,New York,TX,117.0,2.33,67,3.2,Sunny,1012
2022-06-02,Los Angeles,AZ,115.4,1.29,60,4.7,Cloudy,991
2022-06-03,New York,NY,105.1,1.85,41,22.0,Rainy,1029
2022-06-04,Chicago,IL,111.2,2.39,81,23.3,Sunny,1003
2022-06-05,New York,NY,109.8,2.33,62,22.9,Cloudy,981
2022-06-06,Chicago,AZ,110.7,1.18,93,10.7,Cloudy,1027
2022-06-07,Houston,CA,109.6,4.83,85,18.9,Sunny,984
2022-06-08,Phoenix,CA,121.9,0.44,89,17.4,Cloudy,1033
2022-06-09,Phoenix,TX,115.2,1.78,40,23.6,Sunny,1006
2022-06-10,Houston,IL,114.5,1.14,80,4.6,Cloudy,1010
2022-06-11,Phoenix,TX,116.9,2.6,57,20.2,Rainy,1002
2022-06-12,New York,IL,115.2,0.82,59,2.6,Cloudy,1019
2022-06-13,New York,AZ,111.7,0.58,87,13.3,Cloudy,1010
2022-06-14,New York,CA,109.4,8.41,60,22.3,Sunny,1000
2022-06-15,Chicago,CA,118.9,1.89,38,12.7,Rainy,989
2022-06-16,New York,AZ,127.5,0.95,47,5.0,Sunny,992
2022-06-17,Houston,TX,123.4,3.51,87,8.5,Sunny,1030
2022-06-18,Los Angeles,TX,125.3,3.74,78,12.4,Sunny,1021
2022-06-19,Phoenix,AZ,123.3,5.77,63,16.2,Rainy,1031
2022-06-20,Los Angeles,TX,125.8,9.05,32,18.4,Storm,1007
2022-06-21,Houston,IL,114.0,2.76,75,3.5,Cloudy,1000
2022-06-22,Chicago,CA,115.3,3.1,68,13.8,Sunny,1012
2022-06-23,Houston,CA,116.7,0.33,84,4.3,Cloudy,984
2022-06-24,Houston,IL,114.8,1.22,32,8.3,Rainy,1020
2022-06-25,Los Angeles,TX,116.1,0.85,71,2.9,Cloudy,985
2022-06-26,Houston,IL,112.9,4.42,56,12.8,Sunny,1034
2022-06-27,New York,AZ,117.6,1.72,71,8.7,Rainy,1021
2022-06-28,New York,IL,114.9,0.81,41,23.8,Sunny,1004
2022-06-29,Houston,CA,120.4,4.98,91,16.7,Cloudy,985
2022-06-30,Phoenix,NY,116.4,1.01,74,20.5,Rainy,988
2022-07-01,New York,TX,124.8,0.56,85,1.2,Sunny,996
2022-07-02,New York,NY,125.3,3.14,91,14.9,Sunny,986
2022-07-03,Phoenix,CA,128.4,2.44,39,5.3,Rainy,1021
2022-07-04,Los Angeles,CA,127.0,1.01,37,23.9,Rainy,981
2022-07-05,Phoenix,AZ,126.9,1.24,35,14.0,Cloudy,1029
2022-07-06,Phoenix,TX,127.6,0.29,49,10.8,Cloudy,991
2022-07-07,Chicago,NY,131.7,3.95,71,23.4,Rainy,1033
2022-07-08,Phoenix,CA,129.2,1.66,46,16.5,Rainy,997
2022-07-09,Chicago,CA,134.7,1.59,44,8.1,Sunny,1011
2022-07-10,Phoenix,TX,125.0,1.07,94,16.0,Snow,985
2022-07-11,Los Angeles,TX,138.1,4.1,83,21.8,Storm,987
2022-07-12,New York,TX,139.5,1.2,63,19.4,Cloudy,1014
2022-07-13,New York,AZ,136.2,0.87,32,7.7,Sunny,988
2022-07-14,Los Angeles,NY,131.0,2.22,38,18.4,Rainy,1012
2022-07-15,Houston,TX,134.9,0.49,79,5.3,Rainy,994
2022-07-16,Phoenix,AZ,139.3,2.92,52,13.4,Rainy,1004
2022-07-17,Chicago,NY,138.6,0.21,65,3.9,Rainy,986
2022-07-18,Chicago,NY,144.2,0.13,87,23.9,Storm,998
2022-07-19,Los Angeles,IL,144.9,0.44,55,12.7,Cloudy,1033
2022-07-20,New York,AZ,150.1,1.98,63,1.2,Rainy,1000
2022-07-21,Houston,NY,150.3,3.7,66,24.6,Cloudy,1003
2022-07-22,New York,CA,154.6,4.27,69,14.4,Rainy,1001
2022-07-23,Houston,CA,148.5,2.93,82,9.4,Storm,1032
2022-07-24,New York,CA,147.0,18.6,79,15.8,Cloudy,1026
2022-07-25,Phoenix,AZ,141.7,1.94,70,10.5,Storm,1025
2022-07-26,Los Angeles,CA,151.2,1.52,34,3.1,Cloudy,993
2022-07-27,Houston,CA,145.3,3.54,83,13.7,Sunny,1009
2022-07-28,Phoenix,NY,147.4,4.2,76,19.7,Rainy,1009
2022-07-29,Phoenix,TX,156.1,3.96,81,18.7,Storm,1017
2022-07-30,Los Angeles,CA,148.6,0.02,63,20.1,Rainy,1025
2022-07-31,Chicago,IL,152.5,3.31,83,22.4,Rainy,1002
2022-08-01,Los Angeles,CA,152.0,1.66,37,6.7,Cloudy,1031
2022-08-02,New York,NY,155.7,4.51,49,8.2,Rainy,987
2022-08-03,New York,AZ,147.8,4.41,42,9.8,Rainy,983
2022-08-04,Chicago,CA,160.7,4.4,72,5.1,Cloudy,1009
2022-08-05,Houston,CA,158.8,0.74,54,24.3,Storm,1029
2022-08-06,Chicago,AZ,148.0,2.42,83,2.5,Rainy,1017
2022-08-07,Phoenix,AZ,143.4,0.37,69,10.3,Cloudy,1001
2022-08-08,Chicago,NY,154.0,3.41,54,9.9,Sunny,1033
2022-08-09,Chicago,CA,157.0,2.48,78,20.3,Rainy,1023
2022-08-10,Houston,IL,157.1,0.09,57,5.8,Sunny,993
2022-08-11,Houston,TX,148.9,2.65,71,7.5,Rainy,996
2022-08-12,Phoenix,TX,147.1,2.23,32,22.7,Rainy,988
2022-08-13,Chicago,TX,154.3,3.07,62,14.3,Rainy,1016
2022-08-14,Chicago,CA,142.6,1.18,75,3.0,Sunny,1021
2022-08-15,Phoenix,AZ,154.7,15.84,52,12.9,Cloudy,991
2022-08-16,Chicago,IL,144.8,0.6,48,8.7,Cloudy,988
2022-08-17,Los Angeles,CA,141.0,0.04,83,17.0,Sunny,987
2022-08-18,Los Angeles,AZ,144.2,5.48,69,16.4,Rainy,1023
2022-08-19,Houston,AZ,144.9,2.6,40,8.1,Snow,999
2022-08-20,Chicago,NY,152.8,0.46,90,24.5,Cloudy,996
2022-08-21,Houston,CA,144.4,2.63,88,10.6,Cloudy,982
2022-08-22,Phoenix,IL,146.2,12.2,44,23.6,Rainy,990
2022-08-23,Phoenix,CA,147.2,0.4,78,11.7,Rainy,997
2022-08-24,Los Angeles,IL,145.8,0.11,78,7.4,Sunny,1011
2022-08-25,Houston,TX,147.1,7.54,94,19.6,Cloudy,1013
2022-08-26,Los Angeles,IL,140.4,4.08,83,8.2,Storm,1018
2022-08-27,New York,IL,133.9,3.54,63,13.9,Sunny,986
2022-08-28,Chicago,AZ,132.1,0.01,30,18.3,Cloudy,998
2022-08-29,New York,IL,136.2,0.43,47,18.7,Rainy,982
2022-08-30,New York,IL,138.5,0.84,71,11.6,Cloudy,980
2022-08-31,Chicago,TX,140.3,7.88,81,18.6,Snow,1004
2022-09-01,Chicago,CA,131.2,1.14,93,3.1,Rainy,1032
2022-09-02,New York,CA,133.9,8.38,77,21.5,Snow,997
2022-09-03,Phoenix,IL,130.8,0.77,80,12.3,Sunny,1027
2022-09-04,Chicago,AZ,136.7,8.08,88,18.3,Cloudy,1030
2022-09-05,New York,NY,127.2,5.31,48,2.6,Sunny,1011
2022-09-06,Los Angeles,IL,132.5,7.3,42,3.2,Sunny,1004
2022-09-07,Houston,AZ,137.5,2.42,77,11.4,Rainy,1014
2022-09-08,New York,NY,126.1,0.91,70,20.8,Cloudy,1028
2022-09-09,Houston,AZ,140.7,0.12,78,16.9,Sunny,1011
2022-09-10,Los Angeles,NY,136.2,9.68,61,6.5,Cloudy,1030
2022-09-11,Los Angeles,IL,146.6,7.08,39,15.8,Rainy,1029
2022-09-12,Los Angeles,NY,139.1,3.24,87,18.9,Rainy,1001
2022-09-13,Chicago,TX,141.4,5.93,68,2.5,Sunny,987
2022-09-14,Phoenix,AZ,129.1,1.04,69,8.7,Cloudy,1033
2022-09-15,Chicago,CA,136.0,4.14,94,22.0,Cloudy,1001
2022-09-16,New York,TX,135.3,1.46,45,18.0,Cloudy,1023
2022-09-17,Los Angeles,CA,141.2,0.53,89,2.9,Cloudy,990
2022-09-18,Los Angeles,IL,139.4,6.14,32,21.1,Cloudy,1006
2022-09-19,New York,AZ,133.9,2.05,33,24.3,Rainy,988
2022-09-20,Phoenix,TX,140.4,12.08,42,16.6,Rainy,982
2022-09-21,Phoenix,TX,132.1,0.48,73,13.9,Storm,1018
2022-09-22,New York,NY,139.6,8.86,46,16.5,Cloudy,1012
2022-09-23,Chicago,AZ,128.8,1.05,68,17.9,Sunny,1005
2022-09-24,Los Angeles,CA,129.1,0.68,37,16.9,Storm,1005
2022-09-25,Phoenix,IL,139.7,3.17,35,24.1,Rainy,995
2022-09-26,Chicago,AZ,142.7,0.13,90,6.4,Sunny,1012
2022-09-27,Houston,CA,129.4,2.13,44,24.4,Rainy,1001
2022-09-28,Houston,NY,133.7,9.16,79,9.0,Cloudy,987
2022-09-29,Los Angeles,NY,133.1,16.45,43,19.0,Cloudy,980
2022-09-30,Phoenix,AZ,139.0,3.35,45,20.8,Rainy,983
2022-10-01,Houston,CA,128.6,0.89,31,1.9,Storm,1009
2022-10-02,Chicago,NY,132.0,0.59,94,8.0,Rainy,1030
2022-10-03,New York,CA,134.0,3.89,31,15.0,Sunny,1034
2022-10-04,New York,CA,129.5,1.57,93,7.9,Sunny,996
2022-10-05,Los Angeles,IL,128.2,2.98,71,23.5,Rainy,1006
2022-10-06,Los Angeles,TX,138.1,0.41,67,19.6,Storm,1034
2022-10-07,Los Angeles,IL,139.7,2.71,35,3.4,Sunny,998
2022-10-08,Los Angeles,AZ,141.8,3.51,70,12.1,Cloudy,999
2022-10-09,New York,NY,138.4,6.87,57,6.3,Storm,999
2022-10-10,Chicago,IL,139.7,0.54,55,19.6,Rainy,1015
2022-10-11,Houston,AZ,140.4,5.09,92,22.4,Snow,1020
2022-10-12,Chicago,CA,131.5,0.95,92,22.8,Sunny,1034
2022-10-13,New York,TX,129.1,1.4,44,24.0,Rainy,1028
2022-10-14,Houston,TX,139.5,1.63,53,5.8,Rainy,982
2022-10-15,Chicago,NY,126.4,0.43,30,3.3,Cloudy,994
2022-10-16,Phoenix,CA,138.4,2.93,31,13.5,Sunny,1029
2022-10-17,Los Angeles,TX,134.2,0.62,85,19.1,Cloudy,1000
2022-10-18,Phoenix,TX,136.8,1.16,54,11.1,Cloudy,1026
2022-10-19,Houston,IL,128.7,0.39,62,10.1,Sunny,991
2022-10-20,Phoenix,TX,129.6,1.49,71,10.6,Sunny,1015
2022-10-21,Los Angeles,IL,126.4,2.33,52,5.5,Sunny,1011
2022-10-22,Houston,IL,137.3,8.16,58,24.9,Cloudy,981
2022-10-23,Phoenix,NY,128.3,1.63,36,14.3,Cloudy,995
2022-10-24,Houston,NY,136.1,5.29,73,5.7,Storm,984
2022-10-25,Chicago,CA,126.2,1.07,89,7.8,Cloudy,986
2022-10-26,Los Angeles,TX,137.1,1.66,78,6.8,Storm,993
2022-10-27,Chicago,IL,122.2,0.22,83,21.5,Sunny,1033
2022-10-28,Chicago,CA,124.3,2.76,72,23.0,Sunny,999
2022-10-29,Chicago,IL,127.4,4.11,79,15.4,Storm,1016
2022-10-30,Los Angeles,CA,135.0,1.78,36,24.0,Sunny,1032
2022-10-31,Los Angeles,TX,132.9,1.02,60,9.1,Cloudy,1028
2022-11-01,Phoenix,AZ,122.8,1.19,94,16.1,Cloudy,1027
2022-11-02,Los Angeles,TX,127.2,3.25,66,20.3,Sunny,991
2022-11-03,New York,NY,139.2,0.78,42,17.3,Sunny,1005
2022-11-04,New York,CA,131.7,4.58,76,14.0,Storm,1002
2022-11-05,Los Angeles,TX,123.3,4.19,84,9.7,Sunny,1023
2022-11-06,Phoenix,TX,123.5,0.72,47,24.9,Storm,989
2022-11-07,Los Angeles,NY,126.8,4.7,59,23.6,Sunny,1022
2022-11-08,Los Angeles,TX,133.3,0.69,48,18.5,Sunny,1033
2022-11-09,Houston,NY,122.6,0.08,85,6.9,Sunny,1022
2022-11-10,Phoenix,CA,119.7,3.58,83,23.5,Storm,1034
2022-11-11,Phoenix,CA,128.9,1.17,68,19.6,Rainy,986
2022-11-12,Houston,TX,116.2,0.62,34,7.3,Rainy,981
2022-11-13,Phoenix,NY,117.1,0.27,40,7.8,Rainy,1028
2022-11-14,Houston,NY,119.8,2.94,90,13.3,Rainy,1006
2022-11-15,Los Angeles,CA,119.4,1.14,49,11.3,Cloudy,1031
2022-11-16,Los Angeles,CA,119.7,1.16,86,3.5,Sunny,983
2022-11-17,Phoenix,AZ,116.0,5.91,44,7.6,Snow,984
2022-11-18,Phoenix,CA,123.4,0.27,78,8.4,Sunny,1024
2022-11-19,Los Angeles,TX,118.6,2.04,82,12.6,Rainy,991
2022-11-20,Houston,TX,114.3,2.34,38,22.6,Rainy,1026
2022-11-21,Los Angeles,CA,112.9,0.24,50,9.1,Rainy,1033
2022-11-22,Houston,IL,107.7,0.04,69,16.9,Cloudy,987
2022-11-23,Chicago,NY,111.1,8.3,80,15.9,Cloudy,1005
2022-11-24,Phoenix,IL,123.6,1.13,40,1.6,Storm,993
2022-11-25,Phoenix,AZ,120.8,1.69,59,13.0,Sunny,1001
2022-11-26,Houston,TX,119.9,2.91,81,9.6,Storm,1005
2022-11-27,Phoenix,AZ,110.4,7.38,81,21.9,Cloudy,985
2022-11-28,Los Angeles,CA,117.9,1.28,37,7.1,Sunny,1017
2022-11-29,Chicago,NY,109.2,10.29,47,5.3,Storm,1000
2022-11-30,Phoenix,IL,110.9,3.87,84,6.1,Sunny,1034
2022-12-01,Phoenix,CA,122.1,0.01,73,11.0,Storm,981
2022-12-02,New York,AZ,120.5,2.5,54,11.3,Sunny,989
2022-12-03,New York,NY,125.5,0.93,75,14.8,Cloudy,992
2022-12-04,Los Angeles,TX,129.6,2.07,43,19.9,Storm,993
2022-12-05,Los Angeles,IL,119.1,4.97,54,3.6,Rainy,1014
2022-12-06,Chicago,NY,119.1,4.64,47,5.3,Cloudy,1002
2022-12-07,Phoenix,NY,126.6,1.71,39,10.6,Cloudy,1003
2022-12-08,New York,NY,120.7,0.99,69,24.9,Sunny,1010
2022-12-09,Phoenix,NY,126.0,0.48,94,9.2,Sunny,1031
2022-12-10,Phoenix,CA,129.9,5.03,80,1.6,Sunny,1022
2022-12-11,Phoenix,NY,126.4,1.61,74,24.9,Sunny,980
2022-12-12,Los Angeles,NY,130.6,1.68,87,3.9,Sunny,1030
2022-12-13,New York,NY,132.1,1.6,47,20.8,Rainy,1015
2022-12-14,Phoenix,CA,134.4,1.32,38,18.2,Rainy,1004
2022-12-15,Phoenix,CA,126.3,2.33,33,1.3,Rainy,1008
2022-12-16,Phoenix,CA,133.0,0.97,70,2.9,Sunny,1009
2022-12-17,Phoenix,TX,130.0,2.29,78,12.8,Cloudy,1034
2022-12-18,Houston,CA,132.6,0.19,57,1.7,Rainy,1010
2022-12-19,Los Angeles,AZ,138.1,5.89,58,15.9,Storm,1030
2022-12-20,Houston,CA,140.1,1.96,41,9.6,Sunny,1012
2022-12-21,Chicago,IL,134.3,8.45,50,22.6,Rainy,1020
2022-12-22,New York,TX,136.1,1.23,86,19.6,Rainy,1019
2022-12-23,Los Angeles,AZ,136.9,1.55,61,18.0,Sunny,1026
2022-12-24,Los Angeles,IL,136.8,4.9,75,7.4,Rainy,1030
2022-12-25,Phoenix,TX,137.2,8.77,54,9.5,Rainy,1007
2022-12-26,Phoenix,AZ,133.1,6.69,31,8.0,Cloudy,1001
2022-12-27,Chicago,NY,128.6,9.19,84,6.0,Sunny,1005
2022-12-28,New York,TX,131.4,2.34,54,17.6,Snow,1013
2022-12-29,Chicago,CA,136.5,2.21,80,9.2,Rainy,1034
2022-12-30,New York,NY,127.5,2.93,41,13.9,Rainy,1021
2022-12-31,Phoenix,AZ,138.5,10.8,80,21.8,Storm,1026
2023-01-01,Houston,NY,136.4,0.08,46,22.5,Sunny,1020
2023-01-02,Los Angeles,CA,131.8,2.67,79,23.5,Cloudy,1018
2023-01-03,New York,AZ,128.0,0.74,91,1.6,Cloudy,1034
2023-01-04,Houston,NY,130.9,3.28,89,11.9,Sunny,1033
2023-01-05,Houston,CA,131.2,0.16,60,14.9,Cloudy,984
2023-01-06,Phoenix,CA,129.1,3.98,60,10.3,Sunny,1018
2023-01-07,New York,CA,131.8,0.43,35,10.6,Sunny,1005
2023-01-08,Chicago,CA,127.3,1.72,85,24.5,Storm,1018
2023-01-09,Los Angeles,NY,125.9,1.5,42,1.5,Cloudy,1008
2023-01-10,Los Angeles,IL,125.4,1.8,92,17.2,Cloudy,999
2023-01-11,Chicago,NY,122.4,0.72,83,20.5,Sunny,989
2023-01-12,Chicago,AZ,131.8,4.37,86,22.8,Rainy,1024
2023-01-13,Phoenix,CA,128.3,0.05,60,12.4,Rainy,1028
2023-01-14,Los Angeles,TX,138.7,0.52,76,10.6,Sunny,997
2023-01-15,Phoenix,NY,130.5,0.64,76,19.6,Storm,980
2023-01-16,Los Angeles,TX,121.8,3.66,66,17.1,Cloudy,989
2023-01-17,Los Angeles,AZ,129.9,9.04,36,10.0,Sunny,999
2023-01-18,Houston,AZ,131.7,5.44,39,15.4,Rainy,1013
2023-01-19,Los Angeles,AZ,124.3,2.48,49,8.0,Rainy,995
2023-01-20,Houston,NY,130.5,0.66,63,18.6,Sunny,1007
2023-01-21,New York,AZ,127.7,0.91,75,18.7,Sunny,1026
2023-01-22,Houston,NY,136.0,3.14,79,4.0,Rainy,1024
2023-01-23,New York,IL,132.0,2.83,67,23.4,Sunny,1020
2023-01-24,Houston,CA,132.0,2.54,55,7.7,Rainy,1017
2023-01-25,Los Angeles,IL,128.0,2.86,69,18.3,Rainy,1012
2023-01-26,Los Angeles,NY,136.7,0.57,44,16.4,Sunny,1033
2023-01-27,Phoenix,TX,136.2,7.14,51,13.9,Sunny,987
2023-01-28,Houston,AZ,133.9,0.46,35,3.1,Cloudy,1025
2023-01-29,Los Angeles,NY,135.7,4.23,38,1.1,Sunny,997
2023-01-30,Houston,TX,127.3,0.85,90,24.7,Cloudy,1033
2023-01-31,Los Angeles,TX,133.7,0.52,40,16.7,Sunny,1000
2023-02-01,New York,IL,132.8,6.1,31,3.9,Sunny,1005
2023-02-02,New York,IL,129.2,4.8,61,1.7,Cloudy,980
2023-02-03,Phoenix,AZ,127.6,4.19,33,14.8,Sunny,1013
2023-02-04,Chicago,CA,132.0,0.4,80,23.1,Rainy,1021
2023-02-05,Chicago,CA,124.3,5.31,64,23.0,Storm,1028
2023-02-06,New York,AZ,135.2,0.39,62,22.5,Sunny,1022
2023-02-07,New York,TX,132.0,3.42,86,6.6,Snow,982
2023-02-08,Los Angeles,AZ,127.9,7.59,84,7.2,Cloudy,1018
2023-02-09,Phoenix,CA,132.3,0.19,66,16.3,Rainy,1025
2023-02-10,Houston,TX,128.8,0.84,58,2.7,Cloudy,1028
2023-02-11,Los Angeles,TX,131.6,0.9,56,24.0,Storm,1001
2023-02-12,New York,NY,133.6,0.46,57,8.9,Sunny,1030
2023-02-13,Chicago,NY,130.3,2.55,63,23.6,Rainy,991
2023-02-14,New York,TX,142.6,1.44,90,13.4,Storm,1006
2023-02-15,Houston,TX,137.3,0.5,63,13.9,Sunny,1014
2023-02-16,Los Angeles,NY,144.3,0.38,41,9.6,Cloudy,1028
2023-02-17,New York,NY,145.5,1.78,70,9.7,Rainy,987
2023-02-18,Phoenix,TX,134.9,0.23,44,1.7,Rainy,986
2023-02-19,Phoenix,TX,140.2,0.34,61,5.9,Rainy,1001
2023-02-20,Houston,IL,141.7,0.48,83,3.6,Cloudy,1034
2023-02-21,New York,NY,129.5,0.4,91,12.9,Cloudy,1011
2023-02-22,New York,TX,131.3,0.92,52,7.3,Rainy,1017
2023-02-23,Chicago,AZ,143.5,0.79,52,12.9,Cloudy,1010
2023-02-24,New York,AZ,136.1,6.74,74,15.7,Sunny,1027
2023-02-25,Houston,CA,142.8,1.96,70,3.3,Cloudy,1010
2023-02-26,Los Angeles,NY,128.8,3.77,40,4.6,Storm,994
2023-02-27,Los Angeles,IL,128.8,2.41,72,9.1,Sunny,997
2023-02-28,Chicago,CA,143.0,5.91,50,22.4,Storm,1016
2023-03-01,Houston,IL,144.0,0.22,86,12.3,Sunny,1031
2023-03-02,Los Angeles,IL,137.6,2.77,43,13.5,Rainy,993
2023-03-03,Houston,TX,133.0,2.2,77,12.8,Rainy,1017
2023-03-04,Houston,AZ,127.4,0.68,31,14.0,Storm,982
2023-03-05,Chicago,NY,135.1,18.33,57,4.7,Cloudy,1013
2023-03-06,New York,CA,134.5,2.64,38,18.0,Rainy,1015
2023-03-07,Houston,CA,133.2,3.23,37,18.8,Rainy,994
2023-03-08,Los Angeles,AZ,123.9,2.93,57,13.2,Sunny,987
2023-03-09,Los Angeles,AZ,126.0,9.81,66,16.4,Sunny,989
2023-03-10,Houston,AZ,134.7,0.51,65,15.7,Sunny,1024
2023-03-11,New York,AZ,135.5,1.37,64,12.4,Rainy,1006
2023-03-12,Houston,AZ,134.1,5.08,84,17.5,Storm,1026
2023-03-13,Los Angeles,AZ,131.0,5.65,73,15.9,Rainy,1026
2023-03-14,Chicago,IL,135.5,6.73,37,10.4,Sunny,1022
2023-03-15,New York,CA,135.6,2.09,42,15.1,Sunny,1021
2023-03-16,Los Angeles,TX,128.2,1.75,40,1.7,Sunny,986
2023-03-17,New York,NY,124.8,0.87,93,8.9,Rainy,1006
2023-03-18,Los Angeles,AZ,118.2,0.93,90,14.6,Rainy,1014
2023-03-19,Los Angeles,IL,125.6,13.8,63,21.2,Rainy,1004
2023-03-20,Houston,CA,117.1,0.97,46,16.2,Cloudy,984
2023-03-21,Los Angeles,NY,116.6,0.03,40,6.9,Cloudy,1028
2023-03-22,Phoenix,AZ,118.1,13.38,38,6.3,Sunny,995
2023-03-23,Phoenix,IL,121.3,7.95,73,13.1,Cloudy,1017
2023-03-24,Houston,TX,124.6,2.21,62,6.8,Cloudy,1029
2023-03-25,Phoenix,TX,117.1,0.67,60,5.6,Storm,1021
2023-03-26,Chicago,CA,107.4,2.0,56,12.3,Rainy,1010
2023-03-27,Phoenix,NY,114.8,0.91,44,1.8,Sunny,1033
2023-03-28,New York,CA,106.3,0.9,81,24.4,Rainy,985
2023-03-29,Los Angeles,TX,118.5,5.48,55,20.2,Cloudy,1023
2023-03-30,Houston,NY,110.5,3.02,64,21.2,Rainy,994
2023-03-31,Houston,TX,111.8,1.54,32,23.5,Rainy,1010
2023-04-01,Phoenix,CA,112.8,2.51,60,6.0,Sunny,1018
2023-04-02,Houston,IL,114.1,0.34,47,3.2,Cloudy,1019
2023-04-03,Houston,NY,119.8,0.2,84,7.0,Sunny,1006
2023-04-04,Los Angeles,NY,114.8,5.7,92,10.9,Rainy,1003
2023-04-05,Chicago,CA,123.7,0.03,53,11.7,Storm,983
2023-04-06,Phoenix,AZ,125.1,8.6,52,5.9,Rainy,994
2023-04-07,Chicago,CA,122.9,12.88,52,3.9,Sunny,1030
2023-04-08,Los Angeles,AZ,126.9,0.15,39,5.3,Rainy,991
2023-04-09,Chicago,NY,117.4,9.45,49,1.8,Sunny,1028
2023-04-10,Chicago,AZ,121.9,0.01,73,23.2,Sunny,1027
2023-04-11,Houston,NY,120.8,0.04,67,11.3,Cloudy,1034
2023-04-12,Houston,IL,127.7,1.49,93,4.8,Sunny,1012
2023-04-13,Houston,IL,118.1,1.24,31,9.3,Cloudy,989
2023-04-14,New York,IL,122.0,4.22,85,10.2,Sunny,1005
2023-04-15,Los Angeles,NY,110.6,1.1,31,10.3,Storm,1022
2023-04-16,New York,CA,120.2,0.1,85,17.1,Sunny,1007
2023-04-17,Los Angeles,AZ,121.2,7.29,50,5.2,Cloudy,991
2023-04-18,Los Angeles,IL,115.9,1.68,45,18.6,Cloudy,1009
2023-04-19,New York,NY,112.8,1.78,48,21.1,Rainy,981
2023-04-20,New York,TX,116.4,0.44,69,19.5,Sunny,988
2023-04-21,Chicago,IL,112.6,1.1,68,6.6,Cloudy,1007
2023-04-22,Phoenix,AZ,103.3,3.11,43,14.2,Snow,1014
2023-04-23,Houston,TX,108.3,2.62,55,3.1,Sunny,995
2023-04-24,Houston,AZ,103.9,0.47,67,6.1,Cloudy,980
2023-04-25,Los Angeles,TX,107.6,2.37,62,13.1,Rainy,1024
2023-04-26,New York,IL,108.8,3.47,84,3.5,Rainy,1032
2023-04-27,Chicago,NY,107.1,5.69,63,17.7,Sunny,1031
2023-04-28,Houston,CA,110.3,0.11,87,1.8,Storm,1032
2023-04-29,Houston,IL,109.5,0.45,44,24.4,Cloudy,1012
2023-04-30,Phoenix,AZ,108.0,2.77,83,24.5,Cloudy,1032
2023-05-01,Los Angeles,CA,110.3,4.44,53,11.6,Rainy,1000
2023-05-02,Houston,NY,102.9,0.4,46,14.4,Sunny,1005
2023-05-03,Phoenix,TX,110.5,0.89,30,8.7,Sunny,1034
2023-05-04,Houston,TX,110.5,0.76,85,1.3,Cloudy,992
2023-05-05,Phoenix,AZ,106.1,4.41,90,7.6,Sunny,1004
2023-05-06,Chicago,AZ,98.1,4.47,81,2.4,Sunny,1017
2023-05-07,New York,CA,104.7,14.27,57,3.9,Sunny,987
2023-05-08,Chicago,CA,100.2,0.54,53,20.5,Sunny,998
2023-05-09,Houston,NY,109.9,0.47,72,20.5,Snow,1019
2023-05-10,Chicago,AZ,100.1,0.03,48,7.0,Rainy,990
2023-05-11,Chicago,IL,116.3,6.49,75,5.2,Sunny,1005
2023-05-12,Phoenix,NY,113.7,7.22,83,7.0,Cloudy,985
2023-05-13,Chicago,CA,112.6,4.38,85,17.0,Storm,1006
2023-05-14,New York,TX,107.7,4.23,43,21.3,Rainy,1003
2023-05-15,Houston,CA,106.6,0.8,87,17.6,Sunny,983
2023-05-16,New York,AZ,118.4,0.72,90,1.4,Cloudy,1032
2023-05-17,New York,NY,115.7,1.39,66,10.5,Cloudy,1019
2023-05-18,New York,AZ,116.0,0.65,90,19.1,Cloudy,997
2023-05-19,New York,IL,119.6,0.8,39,8.5,Sunny,985
2023-05-20,Phoenix,IL,119.6,10.21,83,3.2,Cloudy,1001
2023-05-21,Phoenix,TX,123.9,0.13,80,13.5,Sunny,991
2023-05-22,Chicago,IL,113.0,1.0,43,16.7,Cloudy,991
2023-05-23,Los Angeles,IL,123.7,1.75,78,22.0,Rainy,1024
2023-05-24,Los Angeles,NY,111.4,0.06,59,16.5,Rainy,994
2023-05-25,Houston,AZ,116.9,2.75,31,3.4,Sunny,981
2023-05-26,New York,CA,115.9,1.4,50,11.1,Sunny,1009
2023-05-27,Houston,CA,117.1,2.63,56,5.9,Cloudy,1033
2023-05-28,Chicago,AZ,119.0,1.42,61,14.0,Rainy,1016
2023-05-29,Houston,CA,127.9,8.47,89,24.2,Sunny,1016
2023-05-30,Houston,TX,121.3,1.22,65,8.2,Cloudy,1019
2023-05-31,Los Angeles,TX,124.9,1.81,82,13.5,Cloudy,1025
2023-06-01,Houston,TX,117.1,3.79,35,14.6,Sunny,989
2023-06-02,Phoenix,TX,112.3,0.27,40,1.9,Rainy,1006
2023-06-03,Phoenix,CA,119.2,1.69,84,4.4,Cloudy,981
2023-06-04,New York,AZ,122.3,5.1,37,1.2,Storm,982
2023-06-05,Phoenix,CA,110.1,4.63,63,9.2,Sunny,1021
2023-06-06,Houston,TX,118.0,0.18,71,5.1,Storm,1024
2023-06-07,Houston,NY,119.2,0.02,37,14.7,Storm,983
2023-06-08,Chicago,TX,130.2,2.39,57,22.0,Snow,1023
2023-06-09,New York,AZ,129.5,0.16,42,11.6,Sunny,992
2023-06-10,New York,CA,128.8,0.39,36,9.5,Sunny,988
2023-06-11,Chicago,IL,121.4,0.35,60,10.3,Rainy,991
2023-06-12,Los Angeles,TX,117.9,0.99,47,23.0,Sunny,983
2023-06-13,Phoenix,AZ,122.2,1.66,38,5.6,Cloudy,1013
2023-06-14,Houston,NY,137.0,1.34,51,7.7,Sunny,996
2023-06-15,Houston,IL,133.9,5.59,59,8.7,Sunny,984
2023-06-16,Los Angeles,IL,128.8,4.65,86,13.2,Sunny,1032
2023-06-17,Los Angeles,IL,125.6,2.47,46,25.0,Storm,1021
2023-06-18,New York,CA,130.0,0.11,84,14.6,Sunny,997
2023-06-19,Phoenix,AZ,118.1,1.93,84,15.8,Sunny,991
2023-06-20,Los Angeles,AZ,123.0,0.33,65,7.5,Sunny,1034
2023-06-21,Chicago,NY,129.4,0.14,52,14.8,Sunny,984
2023-06-22,Houston,NY,126.6,0.59,83,16.7,Sunny,999
2023-06-23,Phoenix,CA,128.4,3.58,71,6.4,Snow,1005
